# MagicaVoxel @ Ephtracy

# group
o 

# material
mtllib Can0.mtl
usemtl palette

# normals
vn -1 0 0
vn 1 0 0
vn 0 0 1
vn 0 0 -1
vn 0 -1 0
vn 0 1 0

# texcoords
vt 0.294922 0.5
vt 0.298828 0.5
vt 0.302734 0.5
vt 0.306641 0.5

# verts
v -2.6 2.5 1
v -2.6 2.5 -0.3
v -2.6 5.7 1
v -2.6 5.7 -0.3
v -2.5 0 1
v -2.5 0 0.0999999
v -2.5 2.5 1
v -2.5 2.5 0.0999999
v -2.5 5.7 1
v -2.5 5.7 0.0999999
v -2.5 6.9 1
v -2.5 6.9 0.0999999
v -2.4 0 1.4
v -2.4 0 1
v -2.4 0 0.0999999
v -2.4 0 -0.3
v -2.4 2.5 1.4
v -2.4 2.5 1
v -2.4 2.5 0.0999999
v -2.4 2.5 -0.3
v -2.4 2.5 -0.5
v -2.4 5.7 1.4
v -2.4 5.7 1
v -2.4 5.7 0.0999999
v -2.4 5.7 -0.3
v -2.4 5.7 -0.5
v -2.4 6.8 0.0999999
v -2.4 6.8 -0.3
v -2.4 6.9 1.4
v -2.4 6.9 1
v -2.3 0 1.6
v -2.3 0 1.4
v -2.3 0 -0.3
v -2.3 0 -0.5
v -2.3 2.5 1.7
v -2.3 2.5 1.6
v -2.3 2.5 1.4
v -2.3 2.5 -0.3
v -2.3 2.5 -0.5
v -2.3 2.5 -0.7
v -2.3 5.7 1.7
v -2.3 5.7 1.6
v -2.3 5.7 1.4
v -2.3 5.7 -0.3
v -2.3 5.7 -0.5
v -2.3 5.7 -0.7
v -2.3 6.8 0.0999999
v -2.3 6.8 -0.3
v -2.3 6.8 -0.5
v -2.3 6.9 1.6
v -2.3 6.9 1.4
v -2.3 6.9 0.0999999
v -2.3 6.9 -0.3
v -2.2 0 1.8
v -2.2 0 1.6
v -2.2 0 -0.5
v -2.2 0 -0.7
v -2.2 2.5 2
v -2.2 2.5 1.8
v -2.2 2.5 1.7
v -2.2 2.5 1.6
v -2.2 2.5 -0.5
v -2.2 2.5 -0.7
v -2.2 2.5 -0.8
v -2.2 2.9 2
v -2.2 2.9 1.8
v -2.2 2.9 1.7
v -2.2 3.2 1.9
v -2.2 3.2 1.8
v -2.2 3.2 1.7
v -2.2 5.7 1.9
v -2.2 5.7 1.8
v -2.2 5.7 1.7
v -2.2 5.7 1.6
v -2.2 5.7 -0.5
v -2.2 5.7 -0.7
v -2.2 5.7 -0.8
v -2.2 6.8 -0.3
v -2.2 6.8 -0.5
v -2.2 6.8 -0.6
v -2.2 6.8 -0.7
v -2.2 6.9 1.8
v -2.2 6.9 1.6
v -2.2 6.9 -0.3
v -2.2 6.9 -0.6
v -2.1 0 1.9
v -2.1 0 1.8
v -2.1 0 -0.7
v -2.1 0 -0.8
v -2.1 2.5 1.9
v -2.1 2.5 1.8
v -2.1 2.5 -0.7
v -2.1 2.5 -0.8
v -2.1 2.5 -1
v -2.1 2.9 1.9
v -2.1 2.9 1.8
v -2.1 3 1.9
v -2.1 3 1.8
v -2.1 3.2 1.9
v -2.1 3.2 1.8
v -2.1 3.5 2
v -2.1 3.5 1.9
v -2.1 5.7 2
v -2.1 5.7 1.9
v -2.1 5.7 1.8
v -2.1 5.7 -0.7
v -2.1 5.7 -0.8
v -2.1 5.7 -1
v -2.1 6.8 -0.6
v -2.1 6.8 -0.7
v -2.1 6.8 -0.8
v -2.1 6.9 1.9
v -2.1 6.9 1.8
v -2.1 6.9 -0.6
v -2.1 6.9 -0.7
v -2 0 2.1
v -2 0 1.9
v -2 0 -0.8
v -2 0 -1
v -2 2.5 2.3
v -2 2.5 2.1
v -2 2.5 2
v -2 2.5 1.9
v -2 2.5 -0.8
v -2 2.5 -1
v -2 2.5 -1.1
v -2 2.7 2.3
v -2 2.7 2.1
v -2 2.7 2
v -2 2.8 2
v -2 2.8 1.9
v -2 3 2.1
v -2 3 2
v -2 3 1.9
v -2 3.2 1.9
v -2 3.4 2.1
v -2 3.4 2
v -2 3.5 2
v -2 3.5 1.9
v -2 3.7 2.2
v -2 3.7 2.1
v -2 3.7 2
v -2 5.7 2.2
v -2 5.7 2.1
v -2 5.7 2
v -2 5.7 1.9
v -2 5.7 -0.8
v -2 5.7 -1
v -2 5.7 -1.1
v -2 6.8 -0.7
v -2 6.8 -0.8
v -2 6.8 -0.9
v -2 6.8 -1
v -2 6.9 2.1
v -2 6.9 1.9
v -2 6.9 -0.7
v -2 6.9 -0.9
v -1.9 0 2.2
v -1.9 0 2.1
v -1.9 0 -1
v -1.9 0 -1.1
v -1.9 2.5 2.4
v -1.9 2.5 2.3
v -1.9 2.5 2.2
v -1.9 2.5 2.1
v -1.9 2.5 -1
v -1.9 2.5 -1.1
v -1.9 2.5 -1.2
v -1.9 2.7 2.4
v -1.9 2.7 2.3
v -1.9 2.7 2.2
v -1.9 2.7 2.1
v -1.9 2.9 2.2
v -1.9 2.9 2.1
v -1.9 3 2.1
v -1.9 3.4 2.1
v -1.9 3.7 2.2
v -1.9 3.7 2.1
v -1.9 3.9 2.3
v -1.9 3.9 2.2
v -1.9 5.7 2.3
v -1.9 5.7 2.2
v -1.9 5.7 2.1
v -1.9 5.7 -1
v -1.9 5.7 -1.1
v -1.9 5.7 -1.2
v -1.9 6.8 -0.9
v -1.9 6.8 -1
v -1.9 6.8 -1.1
v -1.9 6.9 2.2
v -1.9 6.9 2.1
v -1.9 6.9 -0.9
v -1.9 6.9 -1
v -1.8 0 2.3
v -1.8 0 2.2
v -1.8 0 -1.1
v -1.8 0 -1.2
v -1.8 2.5 2.5
v -1.8 2.5 2.4
v -1.8 2.5 2.3
v -1.8 2.5 2.2
v -1.8 2.5 -1.1
v -1.8 2.5 -1.2
v -1.8 2.5 -1.3
v -1.8 2.6 2.5
v -1.8 2.6 2.4
v -1.8 2.7 2.3
v -1.8 2.7 2.2
v -1.8 2.8 2.3
v -1.8 2.8 2.2
v -1.8 2.9 2.2
v -1.8 3 2.3
v -1.8 3 2.2
v -1.8 3.4 2.3
v -1.8 3.4 2.2
v -1.8 3.7 2.2
v -1.8 3.8 2.3
v -1.8 3.8 2.2
v -1.8 3.9 2.4
v -1.8 3.9 2.3
v -1.8 3.9 2.2
v -1.8 5.7 2.4
v -1.8 5.7 2.3
v -1.8 5.7 2.2
v -1.8 5.7 -1.1
v -1.8 5.7 -1.2
v -1.8 5.7 -1.3
v -1.8 6.8 -1
v -1.8 6.8 -1.1
v -1.8 6.8 -1.2
v -1.8 6.9 2.3
v -1.8 6.9 2.2
v -1.8 6.9 -1
v -1.8 6.9 -1.1
v -1.7 0 2.4
v -1.7 0 2.3
v -1.7 0 -1.2
v -1.7 0 -1.3
v -1.7 2.5 2.4
v -1.7 2.5 2.3
v -1.7 2.5 -1.2
v -1.7 2.5 -1.3
v -1.7 2.6 2.4
v -1.7 2.6 2.3
v -1.7 2.7 2.4
v -1.7 2.7 2.3
v -1.7 2.8 2.3
v -1.7 3 2.4
v -1.7 3 2.3
v -1.7 3.4 2.3
v -1.7 3.5 2.4
v -1.7 3.5 2.3
v -1.7 3.8 2.4
v -1.7 3.8 2.3
v -1.7 3.9 2.4
v -1.7 3.9 2.3
v -1.7 4 2.6
v -1.7 4 2.4
v -1.7 5.7 2.6
v -1.7 5.7 2.4
v -1.7 5.7 2.3
v -1.7 5.7 -1.2
v -1.7 5.7 -1.3
v -1.7 6.8 -1.1
v -1.7 6.8 -1.2
v -1.7 6.8 -1.3
v -1.7 6.9 2.4
v -1.7 6.9 2.3
v -1.7 6.9 -1.1
v -1.7 6.9 -1.2
v -1.6 2.5 -1.3
v -1.6 2.5 -1.5
v -1.6 5.7 -1.3
v -1.6 5.7 -1.5
v -1.5 0 2.5
v -1.5 0 2.4
v -1.5 0 -1.3
v -1.5 0 -1.4
v -1.5 2.5 2.6
v -1.5 2.5 2.5
v -1.5 2.5 2.4
v -1.5 2.5 -1.3
v -1.5 2.5 -1.4
v -1.5 2.6 2.6
v -1.5 2.6 2.5
v -1.5 2.6 2.4
v -1.5 2.7 2.5
v -1.5 2.7 2.4
v -1.5 3 2.5
v -1.5 3 2.4
v -1.5 3.5 2.5
v -1.5 3.5 2.4
v -1.5 3.9 2.5
v -1.5 3.9 2.4
v -1.5 4 2.5
v -1.5 4 2.4
v -1.5 4.8 2.5
v -1.5 4.8 2.4
v -1.5 5 2.5
v -1.5 5 2.4
v -1.5 5.7 2.5
v -1.5 5.7 2.4
v -1.5 5.7 -1.3
v -1.5 5.7 -1.4
v -1.5 6.8 -1.2
v -1.5 6.8 -1.3
v -1.5 6.8 -1.4
v -1.5 6.9 2.5
v -1.5 6.9 2.4
v -1.5 6.9 -1.2
v -1.5 6.9 -1.3
v -1.4 0 2.6
v -1.4 0 2.5
v -1.4 0 -1.4
v -1.4 0 -1.5
v -1.4 2.5 2.7
v -1.4 2.5 2.6
v -1.4 2.5 2.5
v -1.4 2.5 -1.4
v -1.4 2.5 -1.5
v -1.4 2.5 -1.6
v -1.4 2.6 2.7
v -1.4 2.6 2.6
v -1.4 2.6 2.5
v -1.4 2.7 2.6
v -1.4 2.7 2.5
v -1.4 3 2.6
v -1.4 3 2.5
v -1.4 3.5 2.6
v -1.4 3.5 2.5
v -1.4 3.9 2.6
v -1.4 3.9 2.5
v -1.4 4 2.7
v -1.4 4 2.6
v -1.4 4 2.5
v -1.4 4.4 2.7
v -1.4 4.4 2.6
v -1.4 4.5 2.6
v -1.4 4.5 2.5
v -1.4 4.6 2.6
v -1.4 4.6 2.5
v -1.4 5.2 2.6
v -1.4 5.2 2.5
v -1.4 5.3 2.6
v -1.4 5.3 2.5
v -1.4 5.4 2.7
v -1.4 5.4 2.6
v -1.4 5.7 2.7
v -1.4 5.7 2.6
v -1.4 5.7 2.5
v -1.4 5.7 -1.4
v -1.4 5.7 -1.5
v -1.4 5.7 -1.6
v -1.4 6.8 -1.3
v -1.4 6.8 -1.4
v -1.4 6.8 -1.5
v -1.4 6.9 2.6
v -1.4 6.9 2.5
v -1.4 6.9 -1.3
v -1.4 6.9 -1.4
v -1.3 2.5 2.8
v -1.3 2.5 2.7
v -1.3 2.6 2.8
v -1.3 2.6 2.7
v -1.2 0 2.7
v -1.2 0 2.6
v -1.2 0 -1.5
v -1.2 0 -1.6
v -1.2 2.5 2.9
v -1.2 2.5 2.8
v -1.2 2.5 2.7
v -1.2 2.5 2.6
v -1.2 2.5 -1.5
v -1.2 2.5 -1.6
v -1.2 2.6 2.9
v -1.2 2.6 2.8
v -1.2 2.6 2.7
v -1.2 2.6 2.6
v -1.2 2.7 2.7
v -1.2 2.7 2.6
v -1.2 3.9 2.7
v -1.2 3.9 2.6
v -1.2 4 2.8
v -1.2 4 2.7
v -1.2 4 2.6
v -1.2 4.4 2.8
v -1.2 4.4 2.7
v -1.2 4.4 2.6
v -1.2 4.5 2.7
v -1.2 4.5 2.6
v -1.2 4.6 2.6
v -1.2 4.7 2.7
v -1.2 4.7 2.6
v -1.2 4.8 2.7
v -1.2 4.8 2.6
v -1.2 4.9 2.6
v -1.2 5.3 2.7
v -1.2 5.3 2.6
v -1.2 5.4 2.8
v -1.2 5.4 2.7
v -1.2 5.4 2.6
v -1.2 5.7 2.8
v -1.2 5.7 2.7
v -1.2 5.7 2.6
v -1.2 5.7 -1.5
v -1.2 5.7 -1.6
v -1.2 6.8 -1.4
v -1.2 6.8 -1.5
v -1.2 6.8 -1.6
v -1.2 6.9 2.7
v -1.2 6.9 2.6
v -1.2 6.9 -1.4
v -1.2 6.9 -1.5
v -1.1 2.5 -1.6
v -1.1 2.5 -1.7
v -1.1 5.7 -1.6
v -1.1 5.7 -1.7
v -1 0 2.8
v -1 0 2.7
v -1 0 -1.6
v -1 0 -1.7
v -1 2.5 2.8
v -1 2.5 2.7
v -1 2.5 -1.6
v -1 2.5 -1.7
v -1 2.6 2.9
v -1 2.6 2.7
v -1 2.7 2.9
v -1 2.7 2.8
v -1 2.7 2.7
v -1 2.8 2.8
v -1 2.8 2.7
v -1 3.8 2.7
v -1 3.9 2.8
v -1 3.9 2.7
v -1 4 2.9
v -1 4 2.8
v -1 4 2.7
v -1 4.4 2.8
v -1 4.4 2.7
v -1 4.5 2.9
v -1 4.5 2.8
v -1 4.5 2.7
v -1 4.6 2.8
v -1 4.6 2.7
v -1 4.8 2.7
v -1 4.9 2.8
v -1 4.9 2.7
v -1 5 2.8
v -1 5 2.7
v -1 5.1 2.7
v -1 5.2 2.8
v -1 5.2 2.7
v -1 5.3 2.9
v -1 5.3 2.8
v -1 5.3 2.7
v -1 5.4 2.8
v -1 5.4 2.7
v -1 5.7 2.9
v -1 5.7 2.8
v -1 5.7 2.7
v -1 5.7 -1.6
v -1 5.7 -1.7
v -1 6.8 -1.5
v -1 6.8 -1.6
v -1 6.8 -1.7
v -1 6.9 2.8
v -1 6.9 2.7
v -1 6.9 -1.5
v -1 6.9 -1.6
v -0.9 3.9 2.9
v -0.9 3.9 2.8
v -0.9 4 2.9
v -0.9 4 2.8
v -0.8 2.7 2.9
v -0.8 2.7 2.8
v -0.8 2.8 2.9
v -0.8 2.8 2.8
v -0.8 4.5 2.9
v -0.8 4.5 2.8
v -0.8 4.7 2.9
v -0.8 4.7 2.8
v -0.8 5.1 2.9
v -0.8 5.1 2.8
v -0.8 5.3 2.9
v -0.8 5.3 2.8
v -0.8 6.5 2.7
v -0.8 6.5 2.6
v -0.8 6.6 2.7
v -0.8 6.6 2.6
v -0.7 2.5 -1.7
v -0.7 2.5 -1.9
v -0.7 3.8 2.9
v -0.7 3.8 2.8
v -0.7 3.9 2.9
v -0.7 3.9 2.8
v -0.7 4.7 2.9
v -0.7 4.7 2.8
v -0.7 5.1 2.9
v -0.7 5.1 2.8
v -0.7 5.7 -1.7
v -0.7 5.7 -1.9
v -0.6 0 2.9
v -0.6 0 2.8
v -0.6 0 -1.7
v -0.6 0 -1.8
v -0.6 2.5 3
v -0.6 2.5 2.9
v -0.6 2.5 2.8
v -0.6 2.5 -1.7
v -0.6 2.5 -1.8
v -0.6 2.8 2.9
v -0.6 2.8 2.8
v -0.6 2.9 3
v -0.6 2.9 2.9
v -0.6 2.9 2.8
v -0.6 3 2.8
v -0.6 3.1 2.9
v -0.6 3.1 2.8
v -0.6 3.6 2.9
v -0.6 3.6 2.8
v -0.6 3.7 2.8
v -0.6 3.8 3
v -0.6 3.8 2.9
v -0.6 3.8 2.8
v -0.6 5.7 3
v -0.6 5.7 2.9
v -0.6 5.7 2.8
v -0.6 5.7 -1.7
v -0.6 5.7 -1.8
v -0.6 6.8 -1.6
v -0.6 6.8 -1.7
v -0.6 6.8 -1.8
v -0.6 6.9 2.9
v -0.6 6.9 2.8
v -0.6 6.9 -1.6
v -0.6 6.9 -1.7
v -0.5 2.9 3
v -0.5 2.9 2.9
v -0.5 3 3
v -0.5 3 2.9
v -0.5 3.7 3
v -0.5 3.7 2.9
v -0.5 3.8 3
v -0.5 3.8 2.9
v -0.4 3 3
v -0.4 3 2.9
v -0.4 3.2 3
v -0.4 3.2 2.9
v -0.4 3.4 3
v -0.4 3.4 2.9
v -0.4 3.7 3
v -0.4 3.7 2.9
v -0.3 3.2 3
v -0.3 3.2 2.9
v -0.3 3.4 3
v -0.3 3.4 2.9
v 0.3 6.6 2.8
v 0.3 6.6 2.7
v 0.3 6.6 -1.2
v 0.3 6.6 -1.3
v 0.3 6.8 -1.2
v 0.3 6.8 -1.3
v 0.3 6.8 -1.4
v 0.3 6.9 2.8
v 0.3 6.9 2.7
v 0.3 6.9 -1.3
v 0.3 6.9 -1.4
v 0.6 6.5 2.7
v 0.6 6.5 2.6
v 0.6 6.6 2.6
v 0.6 6.6 -1.1
v 0.6 6.6 -1.2
v 0.6 6.8 -1.1
v 0.6 6.8 -1.2
v 0.6 6.8 -1.3
v 0.6 6.9 2.7
v 0.6 6.9 2.6
v 0.6 6.9 -1.2
v 0.6 6.9 -1.3
v 0.8 6.6 2.6
v 0.8 6.6 2.5
v 0.8 6.6 -1
v 0.8 6.6 -1.1
v 0.8 6.8 -1
v 0.8 6.8 -1.1
v 0.8 6.8 -1.2
v 0.8 6.9 2.6
v 0.8 6.9 2.5
v 0.8 6.9 -1.1
v 0.8 6.9 -1.2
v 1 6.6 2.5
v 1 6.6 2.4
v 1 6.6 -0.9
v 1 6.6 -1
v 1 6.8 -0.9
v 1 6.8 -1
v 1 6.8 -1.1
v 1 6.9 2.5
v 1 6.9 2.4
v 1 6.9 -1
v 1 6.9 -1.1
v 1.1 6.6 2.4
v 1.1 6.6 2.3
v 1.1 6.6 -0.8
v 1.1 6.6 -0.9
v 1.1 6.8 -0.8
v 1.1 6.8 -0.9
v 1.1 6.8 -1
v 1.1 6.9 2.4
v 1.1 6.9 2.3
v 1.1 6.9 -0.9
v 1.1 6.9 -1
v 1.2 6.6 2.3
v 1.2 6.6 2.2
v 1.2 6.6 -0.7
v 1.2 6.6 -0.8
v 1.2 6.8 -0.7
v 1.2 6.8 -0.8
v 1.2 6.8 -0.9
v 1.2 6.9 2.3
v 1.2 6.9 2.2
v 1.2 6.9 -0.8
v 1.2 6.9 -0.9
v 1.3 6.6 2.2
v 1.3 6.6 2.1
v 1.3 6.6 -0.6
v 1.3 6.6 -0.7
v 1.3 6.8 -0.6
v 1.3 6.8 -0.7
v 1.3 6.8 -0.8
v 1.3 6.9 2.2
v 1.3 6.9 2.1
v 1.3 6.9 -0.7
v 1.3 6.9 -0.8
v 1.4 6.6 2.1
v 1.4 6.6 2
v 1.4 6.6 -0.5
v 1.4 6.6 -0.6
v 1.4 6.8 -0.5
v 1.4 6.8 -0.6
v 1.4 6.8 -0.7
v 1.4 6.9 2.1
v 1.4 6.9 2
v 1.4 6.9 -0.6
v 1.4 6.9 -0.7
v 1.5 6.6 2
v 1.5 6.6 1.9
v 1.5 6.6 -0.4
v 1.5 6.6 -0.5
v 1.5 6.8 -0.4
v 1.5 6.8 -0.5
v 1.5 6.8 -0.6
v 1.5 6.9 2
v 1.5 6.9 1.9
v 1.5 6.9 -0.5
v 1.5 6.9 -0.6
v 1.6 6.6 1.9
v 1.6 6.6 1.7
v 1.6 6.6 -0.2
v 1.6 6.6 -0.3
v 1.6 6.6 -0.4
v 1.6 6.8 -0.2
v 1.6 6.8 -0.3
v 1.6 6.8 -0.4
v 1.6 6.8 -0.5
v 1.6 6.9 1.9
v 1.6 6.9 1.7
v 1.6 6.9 -0.3
v 1.6 6.9 -0.5
v 1.7 6.6 1.7
v 1.7 6.6 1.5
v 1.7 6.6 -2.38419e-07
v 1.7 6.6 -0.1
v 1.7 6.6 -0.2
v 1.7 6.8 -2.38419e-07
v 1.7 6.8 -0.1
v 1.7 6.8 -0.2
v 1.7 6.8 -0.3
v 1.7 6.9 1.7
v 1.7 6.9 1.5
v 1.7 6.9 -0.1
v 1.7 6.9 -0.3
v 1.8 6.6 1.5
v 1.8 6.6 1.2
v 1.8 6.6 0.3
v 1.8 6.6 -2.38419e-07
v 1.8 6.8 0.3
v 1.8 6.8 0.2
v 1.8 6.8 -2.38419e-07
v 1.8 6.8 -0.1
v 1.8 6.9 1.5
v 1.8 6.9 1.2
v 1.8 6.9 0.2
v 1.8 6.9 -0.1
v 1.9 6.6 1.2
v 1.9 6.6 0.3
v 1.9 6.8 0.3
v 1.9 6.8 0.2
v 1.9 6.9 1.2
v 1.9 6.9 0.2
v -2.3 6.8 1.1
v -2.3 6.8 0.2
v -2.3 6.9 1.1
v -2.3 6.9 0.2
v -2.2 6.6 1.2
v -2.2 6.6 0.3
v -2.2 6.8 1.1
v -2.2 6.8 0.3
v -2.2 6.8 0.2
v -2.2 6.8 0.0999999
v -2.2 6.9 1.2
v -2.2 6.9 1.1
v -2.2 6.9 0.2
v -2.2 6.9 0.0999999
v -2.1 2.8 2
v -2.1 2.8 1.9
v -2.1 2.9 2
v -2.1 2.9 1.9
v -2.1 6.6 1.5
v -2.1 6.6 1.2
v -2.1 6.6 0.3
v -2.1 6.6 0.2
v -2.1 6.6 -2.38419e-07
v -2.1 6.8 0.3
v -2.1 6.8 0.0999999
v -2.1 6.8 -2.38419e-07
v -2.1 6.8 -0.1
v -2.1 6.9 1.5
v -2.1 6.9 1.2
v -2.1 6.9 0.0999999
v -2.1 6.9 -0.1
v -2 6.6 1.7
v -2 6.6 1.5
v -2 6.6 -2.38419e-07
v -2 6.6 -0.1
v -2 6.6 -0.2
v -2 6.8 -2.38419e-07
v -2 6.8 -0.1
v -2 6.8 -0.2
v -2 6.8 -0.3
v -2 6.9 1.7
v -2 6.9 1.5
v -2 6.9 -0.1
v -2 6.9 -0.3
v -1.9 6.6 1.9
v -1.9 6.6 1.7
v -1.9 6.6 -0.2
v -1.9 6.6 -0.3
v -1.9 6.6 -0.4
v -1.9 6.8 -0.2
v -1.9 6.8 -0.3
v -1.9 6.8 -0.4
v -1.9 6.8 -0.5
v -1.9 6.9 1.9
v -1.9 6.9 1.7
v -1.9 6.9 -0.3
v -1.9 6.9 -0.5
v -1.8 2.6 2.4
v -1.8 2.6 2.3
v -1.8 2.7 2.4
v -1.8 2.7 2.3
v -1.8 6.6 2
v -1.8 6.6 1.9
v -1.8 6.6 -0.4
v -1.8 6.6 -0.5
v -1.8 6.8 -0.4
v -1.8 6.8 -0.5
v -1.8 6.8 -0.6
v -1.8 6.9 2
v -1.8 6.9 1.9
v -1.8 6.9 -0.5
v -1.8 6.9 -0.6
v -1.7 6.6 2.1
v -1.7 6.6 2
v -1.7 6.6 -0.5
v -1.7 6.6 -0.6
v -1.7 6.8 -0.5
v -1.7 6.8 -0.6
v -1.7 6.8 -0.7
v -1.7 6.9 2.1
v -1.7 6.9 2
v -1.7 6.9 -0.6
v -1.7 6.9 -0.7
v -1.6 4.8 2.6
v -1.6 4.8 2.4
v -1.6 5 2.6
v -1.6 5 2.4
v -1.6 6.6 2.2
v -1.6 6.6 2.1
v -1.6 6.6 -0.6
v -1.6 6.6 -0.7
v -1.6 6.8 -0.6
v -1.6 6.8 -0.7
v -1.6 6.8 -0.8
v -1.6 6.9 2.2
v -1.6 6.9 2.1
v -1.6 6.9 -0.7
v -1.6 6.9 -0.8
v -1.5 4.5 2.6
v -1.5 4.5 2.5
v -1.5 4.8 2.6
v -1.5 4.8 2.5
v -1.5 5 2.6
v -1.5 5 2.5
v -1.5 5.3 2.6
v -1.5 5.3 2.5
v -1.5 6.6 2.3
v -1.5 6.6 2.2
v -1.5 6.6 -0.7
v -1.5 6.6 -0.8
v -1.5 6.8 -0.7
v -1.5 6.8 -0.8
v -1.5 6.8 -0.9
v -1.5 6.9 2.3
v -1.5 6.9 2.2
v -1.5 6.9 -0.8
v -1.5 6.9 -0.9
v -1.4 6.6 2.4
v -1.4 6.6 2.3
v -1.4 6.6 -0.8
v -1.4 6.6 -0.9
v -1.4 6.8 -0.8
v -1.4 6.8 -0.9
v -1.4 6.8 -1
v -1.4 6.9 2.4
v -1.4 6.9 2.3
v -1.4 6.9 -0.9
v -1.4 6.9 -1
v -1.3 6.6 2.5
v -1.3 6.6 2.4
v -1.3 6.6 -0.9
v -1.3 6.6 -1
v -1.3 6.8 -0.9
v -1.3 6.8 -1
v -1.3 6.8 -1.1
v -1.3 6.9 2.5
v -1.3 6.9 2.4
v -1.3 6.9 -1
v -1.3 6.9 -1.1
v -1.1 6.6 2.6
v -1.1 6.6 2.5
v -1.1 6.6 -1
v -1.1 6.6 -1.1
v -1.1 6.8 -1
v -1.1 6.8 -1.1
v -1.1 6.8 -1.2
v -1.1 6.9 2.6
v -1.1 6.9 2.5
v -1.1 6.9 -1.1
v -1.1 6.9 -1.2
v -0.9 6.5 2.7
v -0.9 6.5 2.6
v -0.9 6.6 2.6
v -0.9 6.6 -1.1
v -0.9 6.6 -1.2
v -0.9 6.8 -1.1
v -0.9 6.8 -1.2
v -0.9 6.8 -1.3
v -0.9 6.9 2.7
v -0.9 6.9 2.6
v -0.9 6.9 -1.2
v -0.9 6.9 -1.3
v -0.6 6.6 2.8
v -0.6 6.6 2.7
v -0.6 6.6 -1.2
v -0.6 6.6 -1.3
v -0.6 6.8 -1.2
v -0.6 6.8 -1.3
v -0.6 6.8 -1.4
v -0.6 6.9 2.8
v -0.6 6.9 2.7
v -0.6 6.9 -1.3
v -0.6 6.9 -1.4
v 2.38419e-07 3.6 3
v 2.38419e-07 3.6 2.9
v 2.38419e-07 4 3
v 2.38419e-07 4 2.9
v 0.1 3.3 3
v 0.1 3.3 2.9
v 0.1 3.6 3
v 0.1 3.6 2.9
v 0.1 4 3
v 0.1 4 2.9
v 0.1 4.3 3
v 0.1 4.3 2.9
v 0.2 3.2 3
v 0.2 3.2 2.9
v 0.2 3.3 3
v 0.2 3.3 2.9
v 0.2 4.3 3
v 0.2 4.3 2.9
v 0.2 4.4 3
v 0.2 4.4 2.9
v 0.3 0 2.9
v 0.3 0 2.8
v 0.3 0 -1.7
v 0.3 0 -1.8
v 0.3 2.5 3
v 0.3 2.5 2.9
v 0.3 2.5 2.8
v 0.3 2.5 -1.7
v 0.3 2.5 -1.8
v 0.3 3.1 2.9
v 0.3 3.1 2.8
v 0.3 3.2 3
v 0.3 3.2 2.9
v 0.3 3.2 2.8
v 0.3 3.4 2.9
v 0.3 3.4 2.8
v 0.3 3.6 2.9
v 0.3 3.6 2.8
v 0.3 3.7 2.8
v 0.3 3.8 2.9
v 0.3 3.8 2.8
v 0.3 4.1 2.9
v 0.3 4.1 2.8
v 0.3 4.3 2.8
v 0.3 4.4 3
v 0.3 4.4 2.9
v 0.3 4.4 2.8
v 0.3 4.5 2.9
v 0.3 4.5 2.8
v 0.3 5.7 3
v 0.3 5.7 2.9
v 0.3 5.7 2.8
v 0.3 5.7 -1.7
v 0.3 5.7 -1.8
v 0.3 6.8 -1.6
v 0.3 6.8 -1.7
v 0.3 6.8 -1.8
v 0.3 6.9 2.9
v 0.3 6.9 2.8
v 0.3 6.9 -1.6
v 0.3 6.9 -1.7
v 0.4 2.5 -1.7
v 0.4 2.5 -1.9
v 0.4 3 2.9
v 0.4 3 2.8
v 0.4 3.1 2.9
v 0.4 3.1 2.8
v 0.4 4.5 2.9
v 0.4 4.5 2.8
v 0.4 4.6 2.9
v 0.4 4.6 2.8
v 0.4 5.7 -1.7
v 0.4 5.7 -1.9
v 0.5 2.9 2.9
v 0.5 2.9 2.8
v 0.5 3 2.9
v 0.5 3 2.8
v 0.5 4.6 2.9
v 0.5 4.6 2.8
v 0.5 4.7 2.9
v 0.5 4.7 2.8
v 0.5 6.5 2.7
v 0.5 6.5 2.6
v 0.5 6.6 2.7
v 0.5 6.6 2.6
v 0.7 0 2.8
v 0.7 0 2.7
v 0.7 0 -1.6
v 0.7 0 -1.7
v 0.7 2.5 2.9
v 0.7 2.5 2.8
v 0.7 2.5 2.7
v 0.7 2.5 -1.6
v 0.7 2.5 -1.7
v 0.7 2.8 2.8
v 0.7 2.8 2.7
v 0.7 2.9 2.9
v 0.7 2.9 2.8
v 0.7 2.9 2.7
v 0.7 3.1 2.7
v 0.7 3.2 2.8
v 0.7 3.2 2.7
v 0.7 3.3 2.7
v 0.7 3.5 2.7
v 0.7 3.6 2.8
v 0.7 3.6 2.7
v 0.7 3.7 2.8
v 0.7 3.7 2.7
v 0.7 3.8 2.7
v 0.7 3.9 2.8
v 0.7 3.9 2.7
v 0.7 4.1 2.8
v 0.7 4.1 2.7
v 0.7 4.2 2.7
v 0.7 4.5 2.8
v 0.7 4.5 2.7
v 0.7 4.6 2.7
v 0.7 4.7 2.9
v 0.7 4.7 2.8
v 0.7 4.7 2.7
v 0.7 4.8 2.8
v 0.7 4.8 2.7
v 0.7 5.7 2.9
v 0.7 5.7 2.8
v 0.7 5.7 2.7
v 0.7 5.7 -1.6
v 0.7 5.7 -1.7
v 0.7 6.8 -1.5
v 0.7 6.8 -1.6
v 0.7 6.8 -1.7
v 0.7 6.9 2.8
v 0.7 6.9 2.7
v 0.7 6.9 -1.5
v 0.7 6.9 -1.6
v 0.8 2.5 -1.6
v 0.8 2.5 -1.7
v 0.8 5.7 -1.6
v 0.8 5.7 -1.7
v 0.9 0 2.7
v 0.9 0 2.6
v 0.9 0 -1.5
v 0.9 0 -1.6
v 0.9 2.5 2.8
v 0.9 2.5 2.7
v 0.9 2.5 2.6
v 0.9 2.5 -1.5
v 0.9 2.5 -1.6
v 0.9 2.8 2.8
v 0.9 2.8 2.7
v 0.9 2.8 2.6
v 0.9 2.9 2.7
v 0.9 2.9 2.6
v 0.9 3.1 2.6
v 0.9 3.3 2.7
v 0.9 3.3 2.6
v 0.9 3.5 2.6
v 0.9 3.6 2.7
v 0.9 3.6 2.6
v 0.9 4.6 2.7
v 0.9 4.6 2.6
v 0.9 4.8 2.8
v 0.9 4.8 2.7
v 0.9 4.8 2.6
v 0.9 5.7 2.8
v 0.9 5.7 2.7
v 0.9 5.7 2.6
v 0.9 5.7 -1.5
v 0.9 5.7 -1.6
v 0.9 6.8 -1.4
v 0.9 6.8 -1.5
v 0.9 6.8 -1.6
v 0.9 6.9 2.7
v 0.9 6.9 2.6
v 0.9 6.9 -1.4
v 0.9 6.9 -1.5
v 1 2.5 -1.5
v 1 2.5 -1.6
v 1 5.7 -1.5
v 1 5.7 -1.6
v 1.1 0 2.6
v 1.1 0 2.5
v 1.1 0 -1.4
v 1.1 0 -1.5
v 1.1 2.5 2.7
v 1.1 2.5 2.6
v 1.1 2.5 2.5
v 1.1 2.5 -1.4
v 1.1 2.5 -1.5
v 1.1 2.8 2.7
v 1.1 2.8 2.6
v 1.1 2.8 2.5
v 1.1 2.9 2.6
v 1.1 2.9 2.5
v 1.1 3 2.6
v 1.1 3 2.5
v 1.1 3.2 2.5
v 1.1 3.3 2.5
v 1.1 3.4 2.6
v 1.1 3.4 2.5
v 1.1 3.6 2.5
v 1.1 3.8 2.5
v 1.1 4.6 2.6
v 1.1 4.6 2.5
v 1.1 4.8 2.7
v 1.1 4.8 2.6
v 1.1 4.8 2.5
v 1.1 5.7 2.7
v 1.1 5.7 2.6
v 1.1 5.7 2.5
v 1.1 5.7 -1.4
v 1.1 5.7 -1.5
v 1.1 6.8 -1.3
v 1.1 6.8 -1.4
v 1.1 6.8 -1.5
v 1.1 6.9 2.6
v 1.1 6.9 2.5
v 1.1 6.9 -1.3
v 1.1 6.9 -1.4
v 1.2 0 2.5
v 1.2 0 2.4
v 1.2 0 -1.3
v 1.2 0 -1.4
v 1.2 2.5 2.6
v 1.2 2.5 2.5
v 1.2 2.5 2.4
v 1.2 2.5 -1.3
v 1.2 2.5 -1.4
v 1.2 2.5 -1.5
v 1.2 2.8 2.6
v 1.2 2.8 2.5
v 1.2 2.9 2.5
v 1.2 2.9 2.4
v 1.2 3 2.5
v 1.2 3 2.4
v 1.2 3.1 2.4
v 1.2 3.2 2.5
v 1.2 3.2 2.4
v 1.2 3.3 2.5
v 1.2 3.3 2.4
v 1.2 3.4 2.5
v 1.2 3.4 2.4
v 1.2 3.6 2.5
v 1.2 3.6 2.4
v 1.2 3.8 2.5
v 1.2 3.8 2.4
v 1.2 4.5 2.4
v 1.2 4.6 2.5
v 1.2 4.6 2.4
v 1.2 4.7 2.5
v 1.2 4.7 2.4
v 1.2 4.8 2.6
v 1.2 4.8 2.5
v 1.2 5.7 2.6
v 1.2 5.7 2.5
v 1.2 5.7 2.4
v 1.2 5.7 -1.3
v 1.2 5.7 -1.4
v 1.2 5.7 -1.5
v 1.2 6.8 -1.2
v 1.2 6.8 -1.3
v 1.2 6.8 -1.4
v 1.2 6.9 2.5
v 1.2 6.9 2.4
v 1.2 6.9 -1.2
v 1.2 6.9 -1.3
v 1.3 2.5 -1.3
v 1.3 2.5 -1.4
v 1.3 5.7 -1.3
v 1.3 5.7 -1.4
v 1.4 0 2.4
v 1.4 0 2.3
v 1.4 0 -1.2
v 1.4 0 -1.3
v 1.4 2.5 2.5
v 1.4 2.5 2.4
v 1.4 2.5 2.3
v 1.4 2.5 -1.2
v 1.4 2.5 -1.3
v 1.4 2.9 2.5
v 1.4 2.9 2.4
v 1.4 3 2.4
v 1.4 3 2.3
v 1.4 3.1 2.3
v 1.4 3.3 2.3
v 1.4 3.4 2.4
v 1.4 3.4 2.3
v 1.4 3.6 2.4
v 1.4 3.6 2.3
v 1.4 3.7 2.3
v 1.4 4.4 2.3
v 1.4 4.5 2.4
v 1.4 4.5 2.3
v 1.4 4.6 2.4
v 1.4 4.6 2.3
v 1.4 4.7 2.5
v 1.4 4.7 2.4
v 1.4 5.7 2.5
v 1.4 5.7 2.4
v 1.4 5.7 2.3
v 1.4 5.7 -1.2
v 1.4 5.7 -1.3
v 1.4 6.8 -1.1
v 1.4 6.8 -1.2
v 1.4 6.8 -1.3
v 1.4 6.9 2.4
v 1.4 6.9 2.3
v 1.4 6.9 -1.1
v 1.4 6.9 -1.2
v 1.5 0 2.3
v 1.5 0 2.2
v 1.5 0 -1.1
v 1.5 0 -1.2
v 1.5 2.5 2.4
v 1.5 2.5 2.3
v 1.5 2.5 2.2
v 1.5 2.5 -1.1
v 1.5 2.5 -1.2
v 1.5 2.5 -1.3
v 1.5 3 2.4
v 1.5 3 2.3
v 1.5 3.1 2.3
v 1.5 3.1 2.2
v 1.5 3.3 2.3
v 1.5 3.3 2.2
v 1.5 3.4 2.3
v 1.5 3.4 2.2
v 1.5 3.6 2.3
v 1.5 3.6 2.2
v 1.5 3.7 2.3
v 1.5 3.7 2.2
v 1.5 4.2 2.2
v 1.5 4.4 2.3
v 1.5 4.4 2.2
v 1.5 4.5 2.3
v 1.5 4.5 2.2
v 1.5 4.6 2.4
v 1.5 4.6 2.3
v 1.5 5.7 2.4
v 1.5 5.7 2.3
v 1.5 5.7 2.2
v 1.5 5.7 -1.1
v 1.5 5.7 -1.2
v 1.5 5.7 -1.3
v 1.5 6.8 -1
v 1.5 6.8 -1.1
v 1.5 6.8 -1.2
v 1.5 6.9 2.3
v 1.5 6.9 2.2
v 1.5 6.9 -1
v 1.5 6.9 -1.1
v 1.6 0 2.2
v 1.6 0 2.1
v 1.6 0 -1
v 1.6 0 -1.1
v 1.6 2.5 2.3
v 1.6 2.5 2.2
v 1.6 2.5 2.1
v 1.6 2.5 -1
v 1.6 2.5 -1.1
v 1.6 3.1 2.3
v 1.6 3.1 2.2
v 1.6 3.3 2.2
v 1.6 3.3 2.1
v 1.6 4.2 2.2
v 1.6 4.2 2.1
v 1.6 4.3 2.2
v 1.6 4.3 2.1
v 1.6 4.5 2.3
v 1.6 4.5 2.2
v 1.6 5.7 2.3
v 1.6 5.7 2.2
v 1.6 5.7 2.1
v 1.6 5.7 -1
v 1.6 5.7 -1.1
v 1.6 6.8 -0.8
v 1.6 6.8 -1
v 1.6 6.8 -1.1
v 1.6 6.9 2.2
v 1.6 6.9 2.1
v 1.6 6.9 -0.8
v 1.6 6.9 -1
v 1.7 0 2.1
v 1.7 0 1.9
v 1.7 0 -0.8
v 1.7 0 -1
v 1.7 2.5 2.2
v 1.7 2.5 2.1
v 1.7 2.5 1.9
v 1.7 2.5 -0.8
v 1.7 2.5 -1
v 1.7 2.5 -1.2
v 1.7 3.3 2.2
v 1.7 3.3 2.1
v 1.7 4.3 2.2
v 1.7 4.3 2.1
v 1.7 5.7 2.2
v 1.7 5.7 2.1
v 1.7 5.7 1.9
v 1.7 5.7 -0.8
v 1.7 5.7 -1
v 1.7 5.7 -1.2
v 1.7 6.8 -0.7
v 1.7 6.8 -0.8
v 1.7 6.8 -1
v 1.7 6.9 2.1
v 1.7 6.9 1.9
v 1.7 6.9 -0.7
v 1.7 6.9 -0.8
v 1.8 0 1.9
v 1.8 0 1.8
v 1.8 0 -0.7
v 1.8 0 -0.8
v 1.8 2.5 2.1
v 1.8 2.5 1.9
v 1.8 2.5 1.8
v 1.8 2.5 -0.7
v 1.8 2.5 -0.8
v 1.8 2.5 -1
v 1.8 5.7 2.1
v 1.8 5.7 1.9
v 1.8 5.7 1.8
v 1.8 5.7 -0.7
v 1.8 5.7 -0.8
v 1.8 5.7 -1
v 1.8 6.8 -0.5
v 1.8 6.8 -0.7
v 1.8 6.8 -0.8
v 1.8 6.9 1.9
v 1.8 6.9 1.8
v 1.8 6.9 -0.5
v 1.8 6.9 -0.7
v 1.9 0 1.8
v 1.9 0 1.6
v 1.9 0 -0.5
v 1.9 0 -0.7
v 1.9 2.5 1.9
v 1.9 2.5 1.8
v 1.9 2.5 1.7
v 1.9 2.5 1.6
v 1.9 2.5 -0.5
v 1.9 2.5 -0.7
v 1.9 2.5 -0.8
v 1.9 5.7 1.9
v 1.9 5.7 1.8
v 1.9 5.7 1.7
v 1.9 5.7 1.6
v 1.9 5.7 -0.5
v 1.9 5.7 -0.7
v 1.9 5.7 -0.8
v 1.9 6.8 -0.3
v 1.9 6.8 -0.5
v 1.9 6.8 -0.7
v 1.9 6.9 1.8
v 1.9 6.9 1.6
v 1.9 6.9 -0.3
v 1.9 6.9 -0.5
v 2 0 1.6
v 2 0 1.4
v 2 0 -0.3
v 2 0 -0.5
v 2 2.5 1.7
v 2 2.5 1.6
v 2 2.5 1.5
v 2 2.5 1.4
v 2 2.5 -0.3
v 2 2.5 -0.5
v 2 2.5 -0.7
v 2 5.7 1.7
v 2 5.7 1.6
v 2 5.7 1.5
v 2 5.7 1.4
v 2 5.7 -0.3
v 2 5.7 -0.5
v 2 5.7 -0.7
v 2 6.8 0.0999999
v 2 6.8 -0.3
v 2 6.8 -0.5
v 2 6.9 1.6
v 2 6.9 1.4
v 2 6.9 0.0999999
v 2 6.9 -0.3
v 2.1 0 1.4
v 2.1 0 1
v 2.1 0 0.0999999
v 2.1 0 -0.3
v 2.1 2.5 1.5
v 2.1 2.5 1.4
v 2.1 2.5 1.2
v 2.1 2.5 1
v 2.1 2.5 0.0999999
v 2.1 2.5 -0.3
v 2.1 2.5 -0.5
v 2.1 5.7 1.5
v 2.1 5.7 1.4
v 2.1 5.7 1.2
v 2.1 5.7 1
v 2.1 5.7 0.0999999
v 2.1 5.7 -0.3
v 2.1 5.7 -0.5
v 2.1 6.8 0.0999999
v 2.1 6.8 -0.3
v 2.1 6.9 1.4
v 2.1 6.9 1
v 2.2 0 1
v 2.2 0 0.0999999
v 2.2 2.5 1
v 2.2 2.5 0.0999999
v 2.2 2.5 -2.38419e-07
v 2.2 2.5 -0.3
v 2.2 5.7 1
v 2.2 5.7 0.0999999
v 2.2 5.7 -2.38419e-07
v 2.2 5.7 -0.3
v 2.2 6.9 1
v 2.2 6.9 0.0999999
v 2.3 2.5 1.2
v 2.3 2.5 -2.38419e-07
v 2.3 5.7 1.2
v 2.3 5.7 -2.38419e-07
v -0.6 2.5 3
v -0.6 2.9 3
v -0.6 3.8 3
v -0.6 5.7 3
v -0.5 2.9 3
v -0.5 3 3
v -0.5 3.7 3
v -0.5 3.8 3
v -0.4 3 3
v -0.4 3.2 3
v -0.4 3.4 3
v -0.4 3.7 3
v -0.3 3.2 3
v -0.3 3.4 3
v 2.38419e-07 3.6 3
v 2.38419e-07 4 3
v 0.1 3.3 3
v 0.1 3.6 3
v 0.1 4 3
v 0.1 4.3 3
v 0.2 3.2 3
v 0.2 3.3 3
v 0.2 4.3 3
v 0.2 4.4 3
v 0.3 2.5 3
v 0.3 3.2 3
v 0.3 4.4 3
v 0.3 5.7 3
v -1.2 2.5 2.9
v -1.2 2.6 2.9
v -1 2.6 2.9
v -1 2.7 2.9
v -1 4 2.9
v -1 4.5 2.9
v -1 5.3 2.9
v -1 5.7 2.9
v -0.9 3.9 2.9
v -0.9 4 2.9
v -0.8 2.7 2.9
v -0.8 2.8 2.9
v -0.8 4.5 2.9
v -0.8 4.7 2.9
v -0.8 5.1 2.9
v -0.8 5.3 2.9
v -0.7 3.8 2.9
v -0.7 3.9 2.9
v -0.7 4.7 2.9
v -0.7 5.1 2.9
v -0.6 0 2.9
v -0.6 2.5 2.9
v -0.6 2.8 2.9
v -0.6 2.9 2.9
v -0.6 3.1 2.9
v -0.6 3.6 2.9
v -0.6 3.8 2.9
v -0.6 5.7 2.9
v -0.6 6.9 2.9
v -0.5 2.9 2.9
v -0.5 3 2.9
v -0.5 3.1 2.9
v -0.5 3.6 2.9
v -0.5 3.7 2.9
v -0.5 3.8 2.9
v -0.4 3 2.9
v -0.4 3.2 2.9
v -0.4 3.4 2.9
v -0.4 3.7 2.9
v -0.3 3.2 2.9
v -0.3 3.4 2.9
v 2.38419e-07 3.6 2.9
v 2.38419e-07 4 2.9
v 0.1 3.3 2.9
v 0.1 3.6 2.9
v 0.1 4 2.9
v 0.1 4.3 2.9
v 0.2 3.2 2.9
v 0.2 3.3 2.9
v 0.2 3.4 2.9
v 0.2 3.6 2.9
v 0.2 3.8 2.9
v 0.2 4.1 2.9
v 0.2 4.3 2.9
v 0.2 4.4 2.9
v 0.3 0 2.9
v 0.3 2.5 2.9
v 0.3 3.1 2.9
v 0.3 3.2 2.9
v 0.3 3.4 2.9
v 0.3 3.6 2.9
v 0.3 3.8 2.9
v 0.3 4.1 2.9
v 0.3 4.4 2.9
v 0.3 4.5 2.9
v 0.3 5.7 2.9
v 0.3 6.9 2.9
v 0.4 3 2.9
v 0.4 3.1 2.9
v 0.4 4.5 2.9
v 0.4 4.6 2.9
v 0.5 2.9 2.9
v 0.5 3 2.9
v 0.5 4.6 2.9
v 0.5 4.7 2.9
v 0.7 2.5 2.9
v 0.7 2.9 2.9
v 0.7 4.7 2.9
v 0.7 5.7 2.9
v -1.3 2.5 2.8
v -1.3 2.6 2.8
v -1.2 2.5 2.8
v -1.2 2.6 2.8
v -1.2 4 2.8
v -1.2 4.4 2.8
v -1.2 5.4 2.8
v -1.2 5.7 2.8
v -1 0 2.8
v -1 2.5 2.8
v -1 2.7 2.8
v -1 2.8 2.8
v -1 3.9 2.8
v -1 4 2.8
v -1 4.4 2.8
v -1 4.5 2.8
v -1 4.6 2.8
v -1 4.9 2.8
v -1 5 2.8
v -1 5.2 2.8
v -1 5.3 2.8
v -1 5.4 2.8
v -1 5.7 2.8
v -1 6.9 2.8
v -0.9 3.3 2.8
v -0.9 3.6 2.8
v -0.9 3.8 2.8
v -0.9 3.9 2.8
v -0.9 4 2.8
v -0.9 4.6 2.8
v -0.9 4.7 2.8
v -0.9 4.9 2.8
v -0.9 5 2.8
v -0.9 5.2 2.8
v -0.8 2.7 2.8
v -0.8 2.8 2.8
v -0.8 2.9 2.8
v -0.8 3.3 2.8
v -0.8 3.4 2.8
v -0.8 3.7 2.8
v -0.8 3.8 2.8
v -0.8 4.5 2.8
v -0.8 4.7 2.8
v -0.8 5 2.8
v -0.8 5.1 2.8
v -0.8 5.3 2.8
v -0.7 2.9 2.8
v -0.7 3 2.8
v -0.7 3.4 2.8
v -0.7 3.6 2.8
v -0.7 3.8 2.8
v -0.7 3.9 2.8
v -0.7 4.7 2.8
v -0.7 5.1 2.8
v -0.6 0 2.8
v -0.6 2.5 2.8
v -0.6 2.8 2.8
v -0.6 2.9 2.8
v -0.6 3 2.8
v -0.6 3.1 2.8
v -0.6 3.6 2.8
v -0.6 3.7 2.8
v -0.6 3.8 2.8
v -0.6 5.7 2.8
v -0.6 6.9 2.8
v 0.3 0 2.8
v 0.3 2.5 2.8
v 0.3 3.1 2.8
v 0.3 3.2 2.8
v 0.3 3.4 2.8
v 0.3 3.6 2.8
v 0.3 3.7 2.8
v 0.3 3.8 2.8
v 0.3 4.1 2.8
v 0.3 4.3 2.8
v 0.3 4.4 2.8
v 0.3 4.5 2.8
v 0.3 5.7 2.8
v 0.3 6.9 2.8
v 0.4 3 2.8
v 0.4 3.1 2.8
v 0.4 3.3 2.8
v 0.4 3.4 2.8
v 0.4 3.5 2.8
v 0.4 3.8 2.8
v 0.4 3.9 2.8
v 0.4 4.1 2.8
v 0.4 4.2 2.8
v 0.4 4.3 2.8
v 0.4 4.4 2.8
v 0.4 4.5 2.8
v 0.4 4.6 2.8
v 0.5 2.9 2.8
v 0.5 3 2.8
v 0.5 3.1 2.8
v 0.5 3.3 2.8
v 0.5 3.5 2.8
v 0.5 3.6 2.8
v 0.5 3.8 2.8
v 0.5 3.9 2.8
v 0.5 4.1 2.8
v 0.5 4.2 2.8
v 0.5 4.4 2.8
v 0.5 4.5 2.8
v 0.5 4.6 2.8
v 0.5 4.7 2.8
v 0.6 3 2.8
v 0.6 3.2 2.8
v 0.6 3.5 2.8
v 0.6 3.6 2.8
v 0.7 0 2.8
v 0.7 2.5 2.8
v 0.7 2.8 2.8
v 0.7 2.9 2.8
v 0.7 3.2 2.8
v 0.7 3.6 2.8
v 0.7 3.7 2.8
v 0.7 3.9 2.8
v 0.7 4.1 2.8
v 0.7 4.5 2.8
v 0.7 4.7 2.8
v 0.7 4.8 2.8
v 0.7 5.7 2.8
v 0.7 6.9 2.8
v 0.9 2.5 2.8
v 0.9 2.8 2.8
v 0.9 4.8 2.8
v 0.9 5.7 2.8
v -1.4 2.5 2.7
v -1.4 2.6 2.7
v -1.4 4 2.7
v -1.4 4.4 2.7
v -1.4 5.4 2.7
v -1.4 5.7 2.7
v -1.3 2.5 2.7
v -1.3 2.6 2.7
v -1.2 0 2.7
v -1.2 2.5 2.7
v -1.2 2.6 2.7
v -1.2 2.7 2.7
v -1.2 3.9 2.7
v -1.2 4 2.7
v -1.2 4.4 2.7
v -1.2 4.5 2.7
v -1.2 4.7 2.7
v -1.2 4.8 2.7
v -1.2 5.3 2.7
v -1.2 5.4 2.7
v -1.2 5.7 2.7
v -1.2 6.9 2.7
v -1.1 3.8 2.7
v -1.1 3.9 2.7
v -1.1 4.7 2.7
v -1.1 4.8 2.7
v -1.1 4.9 2.7
v -1.1 5 2.7
v -1.1 5.1 2.7
v -1 0 2.7
v -1 2.5 2.7
v -1 2.6 2.7
v -1 2.7 2.7
v -1 2.8 2.7
v -1 3.8 2.7
v -1 3.9 2.7
v -1 4 2.7
v -1 4.4 2.7
v -1 4.5 2.7
v -1 4.6 2.7
v -1 4.8 2.7
v -1 4.9 2.7
v -1 5 2.7
v -1 5.1 2.7
v -1 5.2 2.7
v -1 5.3 2.7
v -1 5.4 2.7
v -1 5.7 2.7
v -1 6.9 2.7
v 0.7 0 2.7
v 0.7 2.5 2.7
v 0.7 2.8 2.7
v 0.7 2.9 2.7
v 0.7 3.1 2.7
v 0.7 3.2 2.7
v 0.7 3.3 2.7
v 0.7 3.5 2.7
v 0.7 3.6 2.7
v 0.7 3.7 2.7
v 0.7 3.8 2.7
v 0.7 3.9 2.7
v 0.7 4.1 2.7
v 0.7 4.2 2.7
v 0.7 4.5 2.7
v 0.7 4.6 2.7
v 0.7 4.7 2.7
v 0.7 4.8 2.7
v 0.7 5.7 2.7
v 0.7 6.9 2.7
v 0.8 3.1 2.7
v 0.8 3.3 2.7
v 0.8 3.5 2.7
v 0.8 3.6 2.7
v 0.8 3.7 2.7
v 0.8 3.8 2.7
v 0.8 3.9 2.7
v 0.8 4.1 2.7
v 0.8 4.2 2.7
v 0.9 0 2.7
v 0.9 2.5 2.7
v 0.9 2.8 2.7
v 0.9 2.9 2.7
v 0.9 3.3 2.7
v 0.9 3.6 2.7
v 0.9 4.6 2.7
v 0.9 4.8 2.7
v 0.9 5.7 2.7
v 0.9 6.9 2.7
v 1.1 2.5 2.7
v 1.1 2.8 2.7
v 1.1 4.8 2.7
v 1.1 5.7 2.7
v -1.7 4 2.6
v -1.7 5.7 2.6
v -1.6 4.8 2.6
v -1.6 5 2.6
v -1.5 2.5 2.6
v -1.5 2.6 2.6
v -1.5 4.5 2.6
v -1.5 4.8 2.6
v -1.5 5 2.6
v -1.5 5.3 2.6
v -1.4 0 2.6
v -1.4 2.5 2.6
v -1.4 2.6 2.6
v -1.4 2.7 2.6
v -1.4 3 2.6
v -1.4 3.5 2.6
v -1.4 3.9 2.6
v -1.4 4 2.6
v -1.4 4.4 2.6
v -1.4 4.5 2.6
v -1.4 4.6 2.6
v -1.4 5.2 2.6
v -1.4 5.3 2.6
v -1.4 5.4 2.6
v -1.4 5.7 2.6
v -1.4 6.9 2.6
v -1.3 3 2.6
v -1.3 3.5 2.6
v -1.3 4.5 2.6
v -1.3 4.6 2.6
v -1.3 4.7 2.6
v -1.3 4.8 2.6
v -1.3 4.9 2.6
v -1.3 5.2 2.6
v -1.3 5.3 2.6
v -1.2 0 2.6
v -1.2 2.5 2.6
v -1.2 2.6 2.6
v -1.2 2.7 2.6
v -1.2 3.9 2.6
v -1.2 4 2.6
v -1.2 4.4 2.6
v -1.2 4.5 2.6
v -1.2 4.6 2.6
v -1.2 4.7 2.6
v -1.2 4.8 2.6
v -1.2 4.9 2.6
v -1.2 5.3 2.6
v -1.2 5.4 2.6
v -1.2 5.7 2.6
v -1.2 6.9 2.6
v -0.9 6.5 2.6
v -0.9 6.6 2.6
v -0.8 6.5 2.6
v -0.8 6.6 2.6
v 0.5 6.5 2.6
v 0.5 6.6 2.6
v 0.6 6.5 2.6
v 0.6 6.6 2.6
v 0.9 0 2.6
v 0.9 2.5 2.6
v 0.9 2.8 2.6
v 0.9 2.9 2.6
v 0.9 3.1 2.6
v 0.9 3.3 2.6
v 0.9 3.5 2.6
v 0.9 3.6 2.6
v 0.9 4.6 2.6
v 0.9 4.8 2.6
v 0.9 5.7 2.6
v 0.9 6.9 2.6
v 1 2.9 2.6
v 1 3 2.6
v 1 3.1 2.6
v 1 3.3 2.6
v 1 3.4 2.6
v 1 3.5 2.6
v 1.1 0 2.6
v 1.1 2.5 2.6
v 1.1 2.8 2.6
v 1.1 2.9 2.6
v 1.1 3 2.6
v 1.1 3.4 2.6
v 1.1 4.6 2.6
v 1.1 4.8 2.6
v 1.1 5.7 2.6
v 1.1 6.9 2.6
v 1.2 2.5 2.6
v 1.2 2.8 2.6
v 1.2 4.8 2.6
v 1.2 5.7 2.6
v -1.8 2.5 2.5
v -1.8 2.6 2.5
v -1.5 0 2.5
v -1.5 2.5 2.5
v -1.5 2.6 2.5
v -1.5 2.7 2.5
v -1.5 3 2.5
v -1.5 3.5 2.5
v -1.5 3.9 2.5
v -1.5 4 2.5
v -1.5 4.5 2.5
v -1.5 4.8 2.5
v -1.5 5 2.5
v -1.5 5.3 2.5
v -1.5 5.7 2.5
v -1.5 6.9 2.5
v -1.4 0 2.5
v -1.4 2.5 2.5
v -1.4 2.6 2.5
v -1.4 2.7 2.5
v -1.4 3 2.5
v -1.4 3.5 2.5
v -1.4 3.9 2.5
v -1.4 4 2.5
v -1.4 4.5 2.5
v -1.4 4.6 2.5
v -1.4 5.2 2.5
v -1.4 5.3 2.5
v -1.4 5.7 2.5
v -1.4 6.9 2.5
v 1.1 0 2.5
v 1.1 2.5 2.5
v 1.1 2.8 2.5
v 1.1 2.9 2.5
v 1.1 3 2.5
v 1.1 3.2 2.5
v 1.1 3.3 2.5
v 1.1 3.4 2.5
v 1.1 3.6 2.5
v 1.1 3.8 2.5
v 1.1 4.6 2.5
v 1.1 4.8 2.5
v 1.1 5.7 2.5
v 1.1 6.9 2.5
v 1.2 0 2.5
v 1.2 2.5 2.5
v 1.2 2.8 2.5
v 1.2 2.9 2.5
v 1.2 3 2.5
v 1.2 3.2 2.5
v 1.2 3.3 2.5
v 1.2 3.4 2.5
v 1.2 3.6 2.5
v 1.2 3.8 2.5
v 1.2 4.6 2.5
v 1.2 4.7 2.5
v 1.2 4.8 2.5
v 1.2 5.7 2.5
v 1.2 6.9 2.5
v 1.4 2.5 2.5
v 1.4 2.9 2.5
v 1.4 4.7 2.5
v 1.4 5.7 2.5
v -1.9 2.5 2.4
v -1.9 2.7 2.4
v -1.8 2.5 2.4
v -1.8 2.6 2.4
v -1.8 2.7 2.4
v -1.8 3.9 2.4
v -1.8 5.7 2.4
v -1.7 0 2.4
v -1.7 2.5 2.4
v -1.7 2.6 2.4
v -1.7 2.7 2.4
v -1.7 3 2.4
v -1.7 3.5 2.4
v -1.7 3.8 2.4
v -1.7 3.9 2.4
v -1.7 4 2.4
v -1.7 5.7 2.4
v -1.7 6.9 2.4
v -1.6 3.8 2.4
v -1.6 3.9 2.4
v -1.6 4.8 2.4
v -1.6 5 2.4
v -1.5 0 2.4
v -1.5 2.5 2.4
v -1.5 2.6 2.4
v -1.5 2.7 2.4
v -1.5 3 2.4
v -1.5 3.5 2.4
v -1.5 3.9 2.4
v -1.5 4 2.4
v -1.5 4.8 2.4
v -1.5 5 2.4
v -1.5 5.7 2.4
v -1.5 6.9 2.4
v 1.2 0 2.4
v 1.2 2.5 2.4
v 1.2 2.9 2.4
v 1.2 3 2.4
v 1.2 3.1 2.4
v 1.2 3.2 2.4
v 1.2 3.3 2.4
v 1.2 3.4 2.4
v 1.2 3.6 2.4
v 1.2 3.8 2.4
v 1.2 4.5 2.4
v 1.2 4.6 2.4
v 1.2 4.7 2.4
v 1.2 5.7 2.4
v 1.2 6.9 2.4
v 1.3 3 2.4
v 1.3 3.1 2.4
v 1.4 0 2.4
v 1.4 2.5 2.4
v 1.4 2.9 2.4
v 1.4 3 2.4
v 1.4 3.4 2.4
v 1.4 3.6 2.4
v 1.4 4.5 2.4
v 1.4 4.6 2.4
v 1.4 4.7 2.4
v 1.4 5.7 2.4
v 1.4 6.9 2.4
v 1.5 2.5 2.4
v 1.5 3 2.4
v 1.5 4.6 2.4
v 1.5 5.7 2.4
v -2 2.5 2.3
v -2 2.7 2.3
v -1.9 2.5 2.3
v -1.9 2.7 2.3
v -1.9 3.9 2.3
v -1.9 5.7 2.3
v -1.8 0 2.3
v -1.8 2.5 2.3
v -1.8 2.6 2.3
v -1.8 2.7 2.3
v -1.8 2.8 2.3
v -1.8 3 2.3
v -1.8 3.4 2.3
v -1.8 3.8 2.3
v -1.8 3.9 2.3
v -1.8 5.7 2.3
v -1.8 6.9 2.3
v -1.7 0 2.3
v -1.7 2.5 2.3
v -1.7 2.6 2.3
v -1.7 2.7 2.3
v -1.7 2.8 2.3
v -1.7 3 2.3
v -1.7 3.4 2.3
v -1.7 3.5 2.3
v -1.7 3.8 2.3
v -1.7 3.9 2.3
v -1.7 5.7 2.3
v -1.7 6.9 2.3
v 1.4 0 2.3
v 1.4 2.5 2.3
v 1.4 3 2.3
v 1.4 3.1 2.3
v 1.4 3.3 2.3
v 1.4 3.4 2.3
v 1.4 3.6 2.3
v 1.4 3.7 2.3
v 1.4 4.4 2.3
v 1.4 4.5 2.3
v 1.4 4.6 2.3
v 1.4 5.7 2.3
v 1.4 6.9 2.3
v 1.5 0 2.3
v 1.5 2.5 2.3
v 1.5 3 2.3
v 1.5 3.1 2.3
v 1.5 3.3 2.3
v 1.5 3.4 2.3
v 1.5 3.6 2.3
v 1.5 3.7 2.3
v 1.5 4.4 2.3
v 1.5 4.5 2.3
v 1.5 4.6 2.3
v 1.5 5.7 2.3
v 1.5 6.9 2.3
v 1.6 2.5 2.3
v 1.6 3.1 2.3
v 1.6 4.5 2.3
v 1.6 5.7 2.3
v -2 3.7 2.2
v -2 5.7 2.2
v -1.9 0 2.2
v -1.9 2.5 2.2
v -1.9 2.7 2.2
v -1.9 2.9 2.2
v -1.9 3.7 2.2
v -1.9 3.9 2.2
v -1.9 5.7 2.2
v -1.9 6.9 2.2
v -1.8 0 2.2
v -1.8 2.5 2.2
v -1.8 2.7 2.2
v -1.8 2.8 2.2
v -1.8 2.9 2.2
v -1.8 3 2.2
v -1.8 3.4 2.2
v -1.8 3.7 2.2
v -1.8 3.8 2.2
v -1.8 3.9 2.2
v -1.8 5.7 2.2
v -1.8 6.9 2.2
v 1.5 0 2.2
v 1.5 2.5 2.2
v 1.5 3.1 2.2
v 1.5 3.3 2.2
v 1.5 3.4 2.2
v 1.5 3.6 2.2
v 1.5 3.7 2.2
v 1.5 4.2 2.2
v 1.5 4.4 2.2
v 1.5 4.5 2.2
v 1.5 5.7 2.2
v 1.5 6.9 2.2
v 1.6 0 2.2
v 1.6 2.5 2.2
v 1.6 3.1 2.2
v 1.6 3.3 2.2
v 1.6 4.2 2.2
v 1.6 4.3 2.2
v 1.6 4.5 2.2
v 1.6 5.7 2.2
v 1.6 6.9 2.2
v 1.7 2.5 2.2
v 1.7 3.3 2.2
v 1.7 4.3 2.2
v 1.7 5.7 2.2
v -2 0 2.1
v -2 2.5 2.1
v -2 2.7 2.1
v -2 3 2.1
v -2 3.4 2.1
v -2 3.7 2.1
v -2 5.7 2.1
v -2 6.9 2.1
v -1.9 0 2.1
v -1.9 2.5 2.1
v -1.9 2.7 2.1
v -1.9 2.9 2.1
v -1.9 3 2.1
v -1.9 3.4 2.1
v -1.9 3.7 2.1
v -1.9 5.7 2.1
v -1.9 6.9 2.1
v 1.6 0 2.1
v 1.6 2.5 2.1
v 1.6 3.3 2.1
v 1.6 4.2 2.1
v 1.6 4.3 2.1
v 1.6 5.7 2.1
v 1.6 6.9 2.1
v 1.7 0 2.1
v 1.7 2.5 2.1
v 1.7 3.3 2.1
v 1.7 4.3 2.1
v 1.7 5.7 2.1
v 1.7 6.9 2.1
v 1.8 2.5 2.1
v 1.8 5.7 2.1
v -2.2 2.5 2
v -2.2 2.9 2
v -2.1 2.8 2
v -2.1 2.9 2
v -2.1 3.5 2
v -2.1 5.7 2
v -2 2.5 2
v -2 2.7 2
v -2 2.8 2
v -2 3.5 2
v -2 3.7 2
v -2 5.7 2
v -2.2 3.2 1.9
v -2.2 5.7 1.9
v -2.1 0 1.9
v -2.1 2.5 1.9
v -2.1 2.8 1.9
v -2.1 2.9 1.9
v -2.1 3 1.9
v -2.1 3.2 1.9
v -2.1 3.5 1.9
v -2.1 5.7 1.9
v -2.1 6.9 1.9
v -2 0 1.9
v -2 2.5 1.9
v -2 2.8 1.9
v -2 3 1.9
v -2 3.2 1.9
v -2 3.5 1.9
v -2 5.7 1.9
v -2 6.9 1.9
v 1.7 0 1.9
v 1.7 2.5 1.9
v 1.7 5.7 1.9
v 1.7 6.9 1.9
v 1.8 0 1.9
v 1.8 2.5 1.9
v 1.8 5.7 1.9
v 1.8 6.9 1.9
v 1.9 2.5 1.9
v 1.9 5.7 1.9
v -2.2 0 1.8
v -2.2 2.5 1.8
v -2.2 2.9 1.8
v -2.2 3.2 1.8
v -2.2 5.7 1.8
v -2.2 6.9 1.8
v -2.1 0 1.8
v -2.1 2.5 1.8
v -2.1 2.9 1.8
v -2.1 3 1.8
v -2.1 3.2 1.8
v -2.1 5.7 1.8
v -2.1 6.9 1.8
v 1.8 0 1.8
v 1.8 2.5 1.8
v 1.8 5.7 1.8
v 1.8 6.9 1.8
v 1.9 0 1.8
v 1.9 2.5 1.8
v 1.9 5.7 1.8
v 1.9 6.9 1.8
v -2.3 2.5 1.7
v -2.3 5.7 1.7
v -2.2 2.5 1.7
v -2.2 2.9 1.7
v -2.2 3.2 1.7
v -2.2 5.7 1.7
v 1.9 2.5 1.7
v 1.9 5.7 1.7
v 2 2.5 1.7
v 2 5.7 1.7
v -2.3 0 1.6
v -2.3 2.5 1.6
v -2.3 5.7 1.6
v -2.3 6.9 1.6
v -2.2 0 1.6
v -2.2 2.5 1.6
v -2.2 5.7 1.6
v -2.2 6.9 1.6
v 1.9 0 1.6
v 1.9 2.5 1.6
v 1.9 5.7 1.6
v 1.9 6.9 1.6
v 2 0 1.6
v 2 2.5 1.6
v 2 5.7 1.6
v 2 6.9 1.6
v 2 2.5 1.5
v 2 5.7 1.5
v 2.1 2.5 1.5
v 2.1 5.7 1.5
v -2.4 0 1.4
v -2.4 2.5 1.4
v -2.4 5.7 1.4
v -2.4 6.9 1.4
v -2.3 0 1.4
v -2.3 2.5 1.4
v -2.3 5.7 1.4
v -2.3 6.9 1.4
v 2 0 1.4
v 2 2.5 1.4
v 2 5.7 1.4
v 2 6.9 1.4
v 2.1 0 1.4
v 2.1 2.5 1.4
v 2.1 5.7 1.4
v 2.1 6.9 1.4
v 2.1 2.5 1.2
v 2.1 5.7 1.2
v 2.3 2.5 1.2
v 2.3 5.7 1.2
v -2.6 2.5 1
v -2.6 5.7 1
v -2.5 0 1
v -2.5 2.5 1
v -2.5 5.7 1
v -2.5 6.9 1
v -2.4 0 1
v -2.4 2.5 1
v -2.4 5.7 1
v -2.4 6.9 1
v 2.1 0 1
v 2.1 2.5 1
v 2.1 5.7 1
v 2.1 6.9 1
v 2.2 0 1
v 2.2 2.5 1
v 2.2 5.7 1
v 2.2 6.9 1
v -2.2 6.6 0.3
v -2.2 6.8 0.3
v -2.1 6.6 0.3
v -2.1 6.8 0.3
v 1.8 6.6 0.3
v 1.8 6.8 0.3
v 1.9 6.6 0.3
v 1.9 6.8 0.3
v -2.3 6.8 0.2
v -2.3 6.9 0.2
v -2.2 6.8 0.2
v -2.2 6.9 0.2
v 1.8 6.8 0.2
v 1.8 6.9 0.2
v 1.9 6.8 0.2
v 1.9 6.9 0.2
v -2.2 6.8 0.0999999
v -2.2 6.9 0.0999999
v -2.1 6.8 0.0999999
v -2.1 6.9 0.0999999
v -2.1 6.6 -2.38419e-07
v -2.1 6.8 -2.38419e-07
v -2 6.6 -2.38419e-07
v -2 6.8 -2.38419e-07
v 1.7 6.6 -2.38419e-07
v 1.7 6.8 -2.38419e-07
v 1.8 6.6 -2.38419e-07
v 1.8 6.8 -2.38419e-07
v -2.1 6.8 -0.1
v -2.1 6.9 -0.1
v -2 6.8 -0.1
v -2 6.9 -0.1
v 1.7 6.8 -0.1
v 1.7 6.9 -0.1
v 1.8 6.8 -0.1
v 1.8 6.9 -0.1
v -2 6.6 -0.2
v -2 6.8 -0.2
v -1.9 6.6 -0.2
v -1.9 6.8 -0.2
v 1.6 6.6 -0.2
v 1.6 6.8 -0.2
v 1.7 6.6 -0.2
v 1.7 6.8 -0.2
v -2 6.8 -0.3
v -2 6.9 -0.3
v -1.9 6.8 -0.3
v -1.9 6.9 -0.3
v 1.6 6.8 -0.3
v 1.6 6.9 -0.3
v 1.7 6.8 -0.3
v 1.7 6.9 -0.3
v -1.9 6.6 -0.4
v -1.9 6.8 -0.4
v -1.8 6.6 -0.4
v -1.8 6.8 -0.4
v 1.5 6.6 -0.4
v 1.5 6.8 -0.4
v 1.6 6.6 -0.4
v 1.6 6.8 -0.4
v -1.9 6.8 -0.5
v -1.9 6.9 -0.5
v -1.8 6.6 -0.5
v -1.8 6.8 -0.5
v -1.8 6.9 -0.5
v -1.7 6.6 -0.5
v -1.7 6.8 -0.5
v 1.4 6.6 -0.5
v 1.4 6.8 -0.5
v 1.5 6.6 -0.5
v 1.5 6.8 -0.5
v 1.5 6.9 -0.5
v 1.6 6.8 -0.5
v 1.6 6.9 -0.5
v -1.8 6.8 -0.6
v -1.8 6.9 -0.6
v -1.7 6.6 -0.6
v -1.7 6.8 -0.6
v -1.7 6.9 -0.6
v -1.6 6.6 -0.6
v -1.6 6.8 -0.6
v 1.3 6.6 -0.6
v 1.3 6.8 -0.6
v 1.4 6.6 -0.6
v 1.4 6.8 -0.6
v 1.4 6.9 -0.6
v 1.5 6.8 -0.6
v 1.5 6.9 -0.6
v -1.7 6.8 -0.7
v -1.7 6.9 -0.7
v -1.6 6.6 -0.7
v -1.6 6.8 -0.7
v -1.6 6.9 -0.7
v -1.5 6.6 -0.7
v -1.5 6.8 -0.7
v 1.2 6.6 -0.7
v 1.2 6.8 -0.7
v 1.3 6.6 -0.7
v 1.3 6.8 -0.7
v 1.3 6.9 -0.7
v 1.4 6.8 -0.7
v 1.4 6.9 -0.7
v -1.6 6.8 -0.8
v -1.6 6.9 -0.8
v -1.5 6.6 -0.8
v -1.5 6.8 -0.8
v -1.5 6.9 -0.8
v -1.4 6.6 -0.8
v -1.4 6.8 -0.8
v 1.1 6.6 -0.8
v 1.1 6.8 -0.8
v 1.2 6.6 -0.8
v 1.2 6.8 -0.8
v 1.2 6.9 -0.8
v 1.3 6.8 -0.8
v 1.3 6.9 -0.8
v -1.5 6.8 -0.9
v -1.5 6.9 -0.9
v -1.4 6.6 -0.9
v -1.4 6.8 -0.9
v -1.4 6.9 -0.9
v -1.3 6.6 -0.9
v -1.3 6.8 -0.9
v 1 6.6 -0.9
v 1 6.8 -0.9
v 1.1 6.6 -0.9
v 1.1 6.8 -0.9
v 1.1 6.9 -0.9
v 1.2 6.8 -0.9
v 1.2 6.9 -0.9
v -1.4 6.8 -1
v -1.4 6.9 -1
v -1.3 6.6 -1
v -1.3 6.8 -1
v -1.3 6.9 -1
v -1.1 6.6 -1
v -1.1 6.8 -1
v 0.8 6.6 -1
v 0.8 6.8 -1
v 1 6.6 -1
v 1 6.8 -1
v 1 6.9 -1
v 1.1 6.8 -1
v 1.1 6.9 -1
v -1.3 6.8 -1.1
v -1.3 6.9 -1.1
v -1.1 6.6 -1.1
v -1.1 6.8 -1.1
v -1.1 6.9 -1.1
v -0.9 6.6 -1.1
v -0.9 6.8 -1.1
v 0.6 6.6 -1.1
v 0.6 6.8 -1.1
v 0.8 6.6 -1.1
v 0.8 6.8 -1.1
v 0.8 6.9 -1.1
v 1 6.8 -1.1
v 1 6.9 -1.1
v -1.1 6.8 -1.2
v -1.1 6.9 -1.2
v -0.9 6.6 -1.2
v -0.9 6.8 -1.2
v -0.9 6.9 -1.2
v -0.6 6.6 -1.2
v -0.6 6.8 -1.2
v 0.3 6.6 -1.2
v 0.3 6.8 -1.2
v 0.6 6.6 -1.2
v 0.6 6.8 -1.2
v 0.6 6.9 -1.2
v 0.8 6.8 -1.2
v 0.8 6.9 -1.2
v -0.9 6.8 -1.3
v -0.9 6.9 -1.3
v -0.6 6.6 -1.3
v -0.6 6.8 -1.3
v -0.6 6.9 -1.3
v 0.3 6.6 -1.3
v 0.3 6.8 -1.3
v 0.3 6.9 -1.3
v 0.6 6.8 -1.3
v 0.6 6.9 -1.3
v -0.6 6.8 -1.4
v -0.6 6.9 -1.4
v 0.3 6.8 -1.4
v 0.3 6.9 -1.4
v -0.6 6.6 2.8
v -0.6 6.9 2.8
v -0.5 6.6 2.8
v 0.1 6.6 2.8
v 0.2 6.6 2.8
v 0.3 6.6 2.8
v 0.3 6.9 2.8
v -0.9 6.5 2.7
v -0.9 6.9 2.7
v -0.8 6.5 2.7
v -0.8 6.6 2.7
v -0.6 6.6 2.7
v -0.6 6.9 2.7
v 0.3 6.6 2.7
v 0.3 6.9 2.7
v 0.5 6.5 2.7
v 0.5 6.6 2.7
v 0.6 6.5 2.7
v 0.6 6.9 2.7
v -1.1 6.6 2.6
v -1.1 6.9 2.6
v -0.9 6.6 2.6
v -0.9 6.9 2.6
v 0.6 6.6 2.6
v 0.6 6.9 2.6
v 0.8 6.6 2.6
v 0.8 6.9 2.6
v -1.3 6.6 2.5
v -1.3 6.9 2.5
v -1.1 6.6 2.5
v -1.1 6.9 2.5
v 0.8 6.6 2.5
v 0.8 6.9 2.5
v 1 6.6 2.5
v 1 6.9 2.5
v -1.4 6.6 2.4
v -1.4 6.9 2.4
v -1.3 6.6 2.4
v -1.3 6.9 2.4
v 1 6.6 2.4
v 1 6.9 2.4
v 1.1 6.6 2.4
v 1.1 6.9 2.4
v -1.5 6.6 2.3
v -1.5 6.9 2.3
v -1.4 6.6 2.3
v -1.4 6.9 2.3
v 1.1 6.6 2.3
v 1.1 6.9 2.3
v 1.2 6.6 2.3
v 1.2 6.9 2.3
v -1.6 6.6 2.2
v -1.6 6.9 2.2
v -1.5 6.6 2.2
v -1.5 6.9 2.2
v 1.2 6.6 2.2
v 1.2 6.9 2.2
v 1.3 6.6 2.2
v 1.3 6.9 2.2
v -1.7 6.6 2.1
v -1.7 6.9 2.1
v -1.6 6.6 2.1
v -1.6 6.9 2.1
v 1.3 6.6 2.1
v 1.3 6.9 2.1
v 1.4 6.6 2.1
v 1.4 6.9 2.1
v -1.8 6.6 2
v -1.8 6.9 2
v -1.7 6.6 2
v -1.7 6.9 2
v 1.4 6.6 2
v 1.4 6.9 2
v 1.5 6.6 2
v 1.5 6.9 2
v -1.9 6.6 1.9
v -1.9 6.9 1.9
v -1.8 6.6 1.9
v -1.8 6.9 1.9
v 1.5 6.6 1.9
v 1.5 6.9 1.9
v 1.6 6.6 1.9
v 1.6 6.9 1.9
v -2 6.6 1.7
v -2 6.9 1.7
v -1.9 6.6 1.7
v -1.9 6.9 1.7
v 1.6 6.6 1.7
v 1.6 6.9 1.7
v 1.7 6.6 1.7
v 1.7 6.9 1.7
v -2.1 6.6 1.5
v -2.1 6.9 1.5
v -2 6.6 1.5
v -2 6.9 1.5
v 1.7 6.6 1.5
v 1.7 6.9 1.5
v 1.8 6.6 1.5
v 1.8 6.9 1.5
v -2.2 6.6 1.2
v -2.2 6.9 1.2
v -2.1 6.6 1.2
v -2.1 6.9 1.2
v 1.8 6.6 1.2
v 1.8 6.9 1.2
v 1.9 6.6 1.2
v 1.9 6.9 1.2
v -2.3 6.8 1.1
v -2.3 6.9 1.1
v -2.2 6.8 1.1
v -2.2 6.9 1.1
v -2.5 0 0.0999999
v -2.5 2.5 0.0999999
v -2.5 5.7 0.0999999
v -2.5 6.9 0.0999999
v -2.4 0 0.0999999
v -2.4 2.5 0.0999999
v -2.4 5.7 0.0999999
v -2.4 6.8 0.0999999
v -2.3 6.8 0.0999999
v -2.3 6.9 0.0999999
v 2 6.8 0.0999999
v 2 6.9 0.0999999
v 2.1 0 0.0999999
v 2.1 2.5 0.0999999
v 2.1 5.7 0.0999999
v 2.1 6.8 0.0999999
v 2.2 0 0.0999999
v 2.2 2.5 0.0999999
v 2.2 5.7 0.0999999
v 2.2 6.9 0.0999999
v 2.2 2.5 -2.38419e-07
v 2.2 5.7 -2.38419e-07
v 2.3 2.5 -2.38419e-07
v 2.3 5.7 -2.38419e-07
v -2.6 2.5 -0.3
v -2.6 5.7 -0.3
v -2.4 0 -0.3
v -2.4 2.5 -0.3
v -2.4 5.7 -0.3
v -2.4 6.8 -0.3
v -2.3 0 -0.3
v -2.3 2.5 -0.3
v -2.3 5.7 -0.3
v -2.3 6.8 -0.3
v -2.3 6.9 -0.3
v -2.2 6.8 -0.3
v -2.2 6.9 -0.3
v 1.9 6.8 -0.3
v 1.9 6.9 -0.3
v 2 0 -0.3
v 2 2.5 -0.3
v 2 5.7 -0.3
v 2 6.8 -0.3
v 2 6.9 -0.3
v 2.1 0 -0.3
v 2.1 2.5 -0.3
v 2.1 5.7 -0.3
v 2.1 6.8 -0.3
v 2.2 2.5 -0.3
v 2.2 5.7 -0.3
v -2.4 2.5 -0.5
v -2.4 5.7 -0.5
v -2.3 0 -0.5
v -2.3 2.5 -0.5
v -2.3 5.7 -0.5
v -2.3 6.8 -0.5
v -2.2 0 -0.5
v -2.2 2.5 -0.5
v -2.2 5.7 -0.5
v -2.2 6.8 -0.5
v 1.8 6.8 -0.5
v 1.8 6.9 -0.5
v 1.9 0 -0.5
v 1.9 2.5 -0.5
v 1.9 5.7 -0.5
v 1.9 6.8 -0.5
v 1.9 6.9 -0.5
v 2 0 -0.5
v 2 2.5 -0.5
v 2 5.7 -0.5
v 2 6.8 -0.5
v 2.1 2.5 -0.5
v 2.1 5.7 -0.5
v -2.2 6.8 -0.6
v -2.2 6.9 -0.6
v -2.1 6.8 -0.6
v -2.1 6.9 -0.6
v -2.3 2.5 -0.7
v -2.3 5.7 -0.7
v -2.2 0 -0.7
v -2.2 2.5 -0.7
v -2.2 5.7 -0.7
v -2.2 6.8 -0.7
v -2.1 0 -0.7
v -2.1 2.5 -0.7
v -2.1 5.7 -0.7
v -2.1 6.8 -0.7
v -2.1 6.9 -0.7
v -2 6.8 -0.7
v -2 6.9 -0.7
v 1.7 6.8 -0.7
v 1.7 6.9 -0.7
v 1.8 0 -0.7
v 1.8 2.5 -0.7
v 1.8 5.7 -0.7
v 1.8 6.8 -0.7
v 1.8 6.9 -0.7
v 1.9 0 -0.7
v 1.9 2.5 -0.7
v 1.9 5.7 -0.7
v 1.9 6.8 -0.7
v 2 2.5 -0.7
v 2 5.7 -0.7
v -2.2 2.5 -0.8
v -2.2 5.7 -0.8
v -2.1 0 -0.8
v -2.1 2.5 -0.8
v -2.1 5.7 -0.8
v -2.1 6.8 -0.8
v -2 0 -0.8
v -2 2.5 -0.8
v -2 5.7 -0.8
v -2 6.8 -0.8
v 1.6 6.8 -0.8
v 1.6 6.9 -0.8
v 1.7 0 -0.8
v 1.7 2.5 -0.8
v 1.7 5.7 -0.8
v 1.7 6.8 -0.8
v 1.7 6.9 -0.8
v 1.8 0 -0.8
v 1.8 2.5 -0.8
v 1.8 5.7 -0.8
v 1.8 6.8 -0.8
v 1.9 2.5 -0.8
v 1.9 5.7 -0.8
v -2 6.8 -0.9
v -2 6.9 -0.9
v -1.9 6.8 -0.9
v -1.9 6.9 -0.9
v -2.1 2.5 -1
v -2.1 5.7 -1
v -2 0 -1
v -2 2.5 -1
v -2 5.7 -1
v -2 6.8 -1
v -1.9 0 -1
v -1.9 2.5 -1
v -1.9 5.7 -1
v -1.9 6.8 -1
v -1.9 6.9 -1
v -1.8 6.8 -1
v -1.8 6.9 -1
v 1.5 6.8 -1
v 1.5 6.9 -1
v 1.6 0 -1
v 1.6 2.5 -1
v 1.6 5.7 -1
v 1.6 6.8 -1
v 1.6 6.9 -1
v 1.7 0 -1
v 1.7 2.5 -1
v 1.7 5.7 -1
v 1.7 6.8 -1
v 1.8 2.5 -1
v 1.8 5.7 -1
v -2 2.5 -1.1
v -2 5.7 -1.1
v -1.9 0 -1.1
v -1.9 2.5 -1.1
v -1.9 5.7 -1.1
v -1.9 6.8 -1.1
v -1.8 0 -1.1
v -1.8 2.5 -1.1
v -1.8 5.7 -1.1
v -1.8 6.8 -1.1
v -1.8 6.9 -1.1
v -1.7 6.8 -1.1
v -1.7 6.9 -1.1
v 1.4 6.8 -1.1
v 1.4 6.9 -1.1
v 1.5 0 -1.1
v 1.5 2.5 -1.1
v 1.5 5.7 -1.1
v 1.5 6.8 -1.1
v 1.5 6.9 -1.1
v 1.6 0 -1.1
v 1.6 2.5 -1.1
v 1.6 5.7 -1.1
v 1.6 6.8 -1.1
v -1.9 2.5 -1.2
v -1.9 5.7 -1.2
v -1.8 0 -1.2
v -1.8 2.5 -1.2
v -1.8 5.7 -1.2
v -1.8 6.8 -1.2
v -1.7 0 -1.2
v -1.7 2.5 -1.2
v -1.7 5.7 -1.2
v -1.7 6.8 -1.2
v -1.7 6.9 -1.2
v -1.5 6.8 -1.2
v -1.5 6.9 -1.2
v 1.2 6.8 -1.2
v 1.2 6.9 -1.2
v 1.4 0 -1.2
v 1.4 2.5 -1.2
v 1.4 5.7 -1.2
v 1.4 6.8 -1.2
v 1.4 6.9 -1.2
v 1.5 0 -1.2
v 1.5 2.5 -1.2
v 1.5 5.7 -1.2
v 1.5 6.8 -1.2
v 1.7 2.5 -1.2
v 1.7 5.7 -1.2
v -1.8 2.5 -1.3
v -1.8 5.7 -1.3
v -1.7 0 -1.3
v -1.7 2.5 -1.3
v -1.7 5.7 -1.3
v -1.7 6.8 -1.3
v -1.6 2.5 -1.3
v -1.6 5.7 -1.3
v -1.5 0 -1.3
v -1.5 2.5 -1.3
v -1.5 5.7 -1.3
v -1.5 6.8 -1.3
v -1.5 6.9 -1.3
v -1.4 6.8 -1.3
v -1.4 6.9 -1.3
v 1.1 6.8 -1.3
v 1.1 6.9 -1.3
v 1.2 0 -1.3
v 1.2 2.5 -1.3
v 1.2 5.7 -1.3
v 1.2 6.8 -1.3
v 1.2 6.9 -1.3
v 1.3 2.5 -1.3
v 1.3 5.7 -1.3
v 1.4 0 -1.3
v 1.4 2.5 -1.3
v 1.4 5.7 -1.3
v 1.4 6.8 -1.3
v 1.5 2.5 -1.3
v 1.5 5.7 -1.3
v -1.5 0 -1.4
v -1.5 2.5 -1.4
v -1.5 5.7 -1.4
v -1.5 6.8 -1.4
v -1.4 0 -1.4
v -1.4 2.5 -1.4
v -1.4 5.7 -1.4
v -1.4 6.8 -1.4
v -1.4 6.9 -1.4
v -1.2 6.8 -1.4
v -1.2 6.9 -1.4
v 0.9 6.8 -1.4
v 0.9 6.9 -1.4
v 1.1 0 -1.4
v 1.1 2.5 -1.4
v 1.1 5.7 -1.4
v 1.1 6.8 -1.4
v 1.1 6.9 -1.4
v 1.2 0 -1.4
v 1.2 2.5 -1.4
v 1.2 5.7 -1.4
v 1.2 6.8 -1.4
v 1.3 2.5 -1.4
v 1.3 5.7 -1.4
v -1.6 2.5 -1.5
v -1.6 5.7 -1.5
v -1.4 0 -1.5
v -1.4 2.5 -1.5
v -1.4 5.7 -1.5
v -1.4 6.8 -1.5
v -1.2 0 -1.5
v -1.2 2.5 -1.5
v -1.2 5.7 -1.5
v -1.2 6.8 -1.5
v -1.2 6.9 -1.5
v -1 6.8 -1.5
v -1 6.9 -1.5
v 0.7 6.8 -1.5
v 0.7 6.9 -1.5
v 0.9 0 -1.5
v 0.9 2.5 -1.5
v 0.9 5.7 -1.5
v 0.9 6.8 -1.5
v 0.9 6.9 -1.5
v 1 2.5 -1.5
v 1 5.7 -1.5
v 1.1 0 -1.5
v 1.1 2.5 -1.5
v 1.1 5.7 -1.5
v 1.1 6.8 -1.5
v 1.2 2.5 -1.5
v 1.2 5.7 -1.5
v -1.4 2.5 -1.6
v -1.4 5.7 -1.6
v -1.2 0 -1.6
v -1.2 2.5 -1.6
v -1.2 5.7 -1.6
v -1.2 6.8 -1.6
v -1.1 2.5 -1.6
v -1.1 5.7 -1.6
v -1 0 -1.6
v -1 2.5 -1.6
v -1 5.7 -1.6
v -1 6.8 -1.6
v -1 6.9 -1.6
v -0.6 6.8 -1.6
v -0.6 6.9 -1.6
v 0.3 6.8 -1.6
v 0.3 6.9 -1.6
v 0.7 0 -1.6
v 0.7 2.5 -1.6
v 0.7 5.7 -1.6
v 0.7 6.8 -1.6
v 0.7 6.9 -1.6
v 0.8 2.5 -1.6
v 0.8 5.7 -1.6
v 0.9 0 -1.6
v 0.9 2.5 -1.6
v 0.9 5.7 -1.6
v 0.9 6.8 -1.6
v 1 2.5 -1.6
v 1 5.7 -1.6
v -1.1 2.5 -1.7
v -1.1 5.7 -1.7
v -1 0 -1.7
v -1 2.5 -1.7
v -1 5.7 -1.7
v -1 6.8 -1.7
v -0.7 2.5 -1.7
v -0.7 5.7 -1.7
v -0.6 0 -1.7
v -0.6 2.5 -1.7
v -0.6 5.7 -1.7
v -0.6 6.8 -1.7
v -0.6 6.9 -1.7
v 0.3 0 -1.7
v 0.3 2.5 -1.7
v 0.3 5.7 -1.7
v 0.3 6.8 -1.7
v 0.3 6.9 -1.7
v 0.4 2.5 -1.7
v 0.4 5.7 -1.7
v 0.7 0 -1.7
v 0.7 2.5 -1.7
v 0.7 5.7 -1.7
v 0.7 6.8 -1.7
v 0.8 2.5 -1.7
v 0.8 5.7 -1.7
v -0.6 0 -1.8
v -0.6 2.5 -1.8
v -0.6 5.7 -1.8
v -0.6 6.8 -1.8
v 0.3 0 -1.8
v 0.3 2.5 -1.8
v 0.3 5.7 -1.8
v 0.3 6.8 -1.8
v -0.7 2.5 -1.9
v -0.7 5.7 -1.9
v 0.4 2.5 -1.9
v 0.4 5.7 -1.9
v -0.6 0 2.9
v 0.3 0 2.9
v -1 0 2.8
v -0.6 0 2.8
v 0.3 0 2.8
v 0.7 0 2.8
v -1.2 0 2.7
v -1 0 2.7
v 0.7 0 2.7
v 0.9 0 2.7
v -1.4 0 2.6
v -1.2 0 2.6
v 0.9 0 2.6
v 1.1 0 2.6
v -1.5 0 2.5
v -1.4 0 2.5
v 1.1 0 2.5
v 1.2 0 2.5
v -1.7 0 2.4
v -1.5 0 2.4
v 1.2 0 2.4
v 1.4 0 2.4
v -1.8 0 2.3
v -1.7 0 2.3
v 1.4 0 2.3
v 1.5 0 2.3
v -1.9 0 2.2
v -1.8 0 2.2
v 1.5 0 2.2
v 1.6 0 2.2
v -2 0 2.1
v -1.9 0 2.1
v 1.6 0 2.1
v 1.7 0 2.1
v -2.1 0 1.9
v -2 0 1.9
v 1.7 0 1.9
v 1.8 0 1.9
v -2.2 0 1.8
v -2.1 0 1.8
v 1.8 0 1.8
v 1.9 0 1.8
v -2.3 0 1.6
v -2.2 0 1.6
v 1.9 0 1.6
v 2 0 1.6
v -2.4 0 1.4
v -2.3 0 1.4
v 2 0 1.4
v 2.1 0 1.4
v -2.5 0 1
v -2.4 0 1
v 2.1 0 1
v 2.2 0 1
v -2.5 0 0.0999999
v -2.4 0 0.0999999
v 2.1 0 0.0999999
v 2.2 0 0.0999999
v -2.4 0 -0.3
v -2.3 0 -0.3
v 2 0 -0.3
v 2.1 0 -0.3
v -2.3 0 -0.5
v -2.2 0 -0.5
v 1.9 0 -0.5
v 2 0 -0.5
v -2.2 0 -0.7
v -2.1 0 -0.7
v 1.8 0 -0.7
v 1.9 0 -0.7
v -2.1 0 -0.8
v -2 0 -0.8
v 1.7 0 -0.8
v 1.8 0 -0.8
v -2 0 -1
v -1.9 0 -1
v 1.6 0 -1
v 1.7 0 -1
v -1.9 0 -1.1
v -1.8 0 -1.1
v 1.5 0 -1.1
v 1.6 0 -1.1
v -1.8 0 -1.2
v -1.7 0 -1.2
v 1.4 0 -1.2
v 1.5 0 -1.2
v -1.7 0 -1.3
v -1.5 0 -1.3
v 1.2 0 -1.3
v 1.4 0 -1.3
v -1.5 0 -1.4
v -1.4 0 -1.4
v 1.1 0 -1.4
v 1.2 0 -1.4
v -1.4 0 -1.5
v -1.2 0 -1.5
v 0.9 0 -1.5
v 1.1 0 -1.5
v -1.2 0 -1.6
v -1 0 -1.6
v 0.7 0 -1.6
v 0.9 0 -1.6
v -1 0 -1.7
v -0.6 0 -1.7
v 0.3 0 -1.7
v 0.7 0 -1.7
v -0.6 0 -1.8
v 0.3 0 -1.8
v -0.6 2.5 3
v 0.3 2.5 3
v -1.2 2.5 2.9
v -0.6 2.5 2.9
v 0.3 2.5 2.9
v 0.7 2.5 2.9
v -1.3 2.5 2.8
v -1.2 2.5 2.8
v -1 2.5 2.8
v -0.6 2.5 2.8
v 0.3 2.5 2.8
v 0.7 2.5 2.8
v 0.9 2.5 2.8
v -1.4 2.5 2.7
v -1.3 2.5 2.7
v -1.2 2.5 2.7
v -1 2.5 2.7
v 0.7 2.5 2.7
v 0.9 2.5 2.7
v 1.1 2.5 2.7
v -1.5 2.5 2.6
v -1.4 2.5 2.6
v -1.2 2.5 2.6
v 0.9 2.5 2.6
v 1.1 2.5 2.6
v 1.2 2.5 2.6
v -1.8 2.5 2.5
v -1.5 2.5 2.5
v -1.4 2.5 2.5
v 1.1 2.5 2.5
v 1.2 2.5 2.5
v 1.4 2.5 2.5
v -1.9 2.5 2.4
v -1.8 2.5 2.4
v -1.7 2.5 2.4
v -1.5 2.5 2.4
v 1.2 2.5 2.4
v 1.4 2.5 2.4
v 1.5 2.5 2.4
v -2 2.5 2.3
v -1.9 2.5 2.3
v -1.8 2.5 2.3
v -1.7 2.5 2.3
v 1.4 2.5 2.3
v 1.5 2.5 2.3
v 1.6 2.5 2.3
v -1.9 2.5 2.2
v -1.8 2.5 2.2
v 1.5 2.5 2.2
v 1.6 2.5 2.2
v 1.7 2.5 2.2
v -2 2.5 2.1
v -1.9 2.5 2.1
v 1.6 2.5 2.1
v 1.7 2.5 2.1
v 1.8 2.5 2.1
v -2.2 2.5 2
v -2 2.5 2
v -2.1 2.5 1.9
v -2 2.5 1.9
v 1.7 2.5 1.9
v 1.8 2.5 1.9
v 1.9 2.5 1.9
v -2.2 2.5 1.8
v -2.1 2.5 1.8
v 1.8 2.5 1.8
v 1.9 2.5 1.8
v -2.3 2.5 1.7
v -2.2 2.5 1.7
v 1.9 2.5 1.7
v 2 2.5 1.7
v -2.3 2.5 1.6
v -2.2 2.5 1.6
v 1.9 2.5 1.6
v 2 2.5 1.6
v 2 2.5 1.5
v 2.1 2.5 1.5
v 2 2.5 1.4
v 2.1 2.5 1.4
v 2.1 2.5 1.2
v 2.3 2.5 1.2
v -2.6 2.5 1
v -2.5 2.5 1
v 2.1 2.5 1
v 2.2 2.5 1
v -2.5 2.5 0.0999999
v -2.4 2.5 0.0999999
v 2.1 2.5 0.0999999
v 2.2 2.5 0.0999999
v 2.2 2.5 -2.38419e-07
v 2.3 2.5 -2.38419e-07
v -2.6 2.5 -0.3
v -2.4 2.5 -0.3
v -2.3 2.5 -0.3
v 2 2.5 -0.3
v 2.1 2.5 -0.3
v 2.2 2.5 -0.3
v -2.4 2.5 -0.5
v -2.3 2.5 -0.5
v -2.2 2.5 -0.5
v 1.9 2.5 -0.5
v 2 2.5 -0.5
v 2.1 2.5 -0.5
v -2.3 2.5 -0.7
v -2.2 2.5 -0.7
v -2.1 2.5 -0.7
v 1.8 2.5 -0.7
v 1.9 2.5 -0.7
v 2 2.5 -0.7
v -2.2 2.5 -0.8
v -2.1 2.5 -0.8
v -2 2.5 -0.8
v 1.7 2.5 -0.8
v 1.8 2.5 -0.8
v 1.9 2.5 -0.8
v -2.1 2.5 -1
v -2 2.5 -1
v -1.9 2.5 -1
v 1.6 2.5 -1
v 1.7 2.5 -1
v 1.8 2.5 -1
v -2 2.5 -1.1
v -1.9 2.5 -1.1
v -1.8 2.5 -1.1
v 1.5 2.5 -1.1
v 1.6 2.5 -1.1
v -1.9 2.5 -1.2
v -1.8 2.5 -1.2
v -1.7 2.5 -1.2
v 1.4 2.5 -1.2
v 1.5 2.5 -1.2
v 1.7 2.5 -1.2
v -1.8 2.5 -1.3
v -1.7 2.5 -1.3
v -1.6 2.5 -1.3
v -1.5 2.5 -1.3
v 1.2 2.5 -1.3
v 1.3 2.5 -1.3
v 1.4 2.5 -1.3
v 1.5 2.5 -1.3
v -1.5 2.5 -1.4
v -1.4 2.5 -1.4
v 1.1 2.5 -1.4
v 1.2 2.5 -1.4
v 1.3 2.5 -1.4
v -1.6 2.5 -1.5
v -1.4 2.5 -1.5
v -1.2 2.5 -1.5
v 0.9 2.5 -1.5
v 1 2.5 -1.5
v 1.1 2.5 -1.5
v 1.2 2.5 -1.5
v -1.4 2.5 -1.6
v -1.2 2.5 -1.6
v -1.1 2.5 -1.6
v -1 2.5 -1.6
v 0.7 2.5 -1.6
v 0.8 2.5 -1.6
v 0.9 2.5 -1.6
v 1 2.5 -1.6
v -1.1 2.5 -1.7
v -1 2.5 -1.7
v -0.7 2.5 -1.7
v -0.6 2.5 -1.7
v 0.3 2.5 -1.7
v 0.4 2.5 -1.7
v 0.7 2.5 -1.7
v 0.8 2.5 -1.7
v -0.6 2.5 -1.8
v 0.3 2.5 -1.8
v -0.7 2.5 -1.9
v 0.4 2.5 -1.9
v -2.2 3.2 1.9
v -2.1 3.2 1.9
v -2.2 3.2 1.8
v -2.1 3.2 1.8
v -0.4 3.4 3
v -0.3 3.4 3
v -0.4 3.4 2.9
v -0.3 3.4 2.9
v -2.1 3.5 2
v -2 3.5 2
v -2.1 3.5 1.9
v -2 3.5 1.9
v -0.5 3.7 3
v -0.4 3.7 3
v -0.5 3.7 2.9
v -0.4 3.7 2.9
v -2 3.7 2.2
v -1.9 3.7 2.2
v -2 3.7 2.1
v -1.9 3.7 2.1
v -0.6 3.8 3
v -0.5 3.8 3
v -0.7 3.8 2.9
v -0.6 3.8 2.9
v -0.5 3.8 2.9
v -0.7 3.8 2.8
v -0.6 3.8 2.8
v -0.9 3.9 2.9
v -0.7 3.9 2.9
v -0.9 3.9 2.8
v -0.7 3.9 2.8
v -1.8 3.9 2.4
v -1.7 3.9 2.4
v -1.9 3.9 2.3
v -1.8 3.9 2.3
v -1.7 3.9 2.3
v -1.9 3.9 2.2
v -1.8 3.9 2.2
v 2.38419e-07 4 3
v 0.1 4 3
v -1 4 2.9
v -0.9 4 2.9
v 2.38419e-07 4 2.9
v 0.1 4 2.9
v -1.2 4 2.8
v -1 4 2.8
v -0.9 4 2.8
v -1.4 4 2.7
v -1.2 4 2.7
v -1 4 2.7
v -1.7 4 2.6
v -1.4 4 2.6
v -1.2 4 2.6
v -1.5 4 2.5
v -1.4 4 2.5
v -1.7 4 2.4
v -1.5 4 2.4
v 0.1 4.3 3
v 0.2 4.3 3
v 0.1 4.3 2.9
v 0.2 4.3 2.9
v 1.6 4.3 2.2
v 1.7 4.3 2.2
v 1.6 4.3 2.1
v 1.7 4.3 2.1
v 0.2 4.4 3
v 0.3 4.4 3
v 0.2 4.4 2.9
v 0.3 4.4 2.9
v 0.3 4.5 2.9
v 0.4 4.5 2.9
v 0.3 4.5 2.8
v 0.4 4.5 2.8
v 1.5 4.5 2.3
v 1.6 4.5 2.3
v 1.5 4.5 2.2
v 1.6 4.5 2.2
v 0.4 4.6 2.9
v 0.5 4.6 2.9
v 0.4 4.6 2.8
v 0.5 4.6 2.8
v 1.4 4.6 2.4
v 1.5 4.6 2.4
v 1.4 4.6 2.3
v 1.5 4.6 2.3
v 0.5 4.7 2.9
v 0.7 4.7 2.9
v 0.5 4.7 2.8
v 0.7 4.7 2.8
v 1.2 4.7 2.5
v 1.4 4.7 2.5
v 1.2 4.7 2.4
v 1.4 4.7 2.4
v 0.7 4.8 2.8
v 0.9 4.8 2.8
v 0.7 4.8 2.7
v 0.9 4.8 2.7
v 1.1 4.8 2.7
v 0.9 4.8 2.6
v 1.1 4.8 2.6
v 1.2 4.8 2.6
v 1.1 4.8 2.5
v 1.2 4.8 2.5
v -1.6 5 2.6
v -1.5 5 2.6
v -1.5 5 2.5
v -1.6 5 2.4
v -1.5 5 2.4
v -0.8 5.1 2.9
v -0.7 5.1 2.9
v -0.8 5.1 2.8
v -0.7 5.1 2.8
v -1 5.3 2.9
v -0.8 5.3 2.9
v -1 5.3 2.8
v -0.8 5.3 2.8
v -1.5 5.3 2.6
v -1.4 5.3 2.6
v -1.5 5.3 2.5
v -1.4 5.3 2.5
v -1.2 5.4 2.8
v -1 5.4 2.8
v -1.4 5.4 2.7
v -1.2 5.4 2.7
v -1 5.4 2.7
v -1.4 5.4 2.6
v -1.2 5.4 2.6
v -1.2 2.6 2.9
v -1 2.6 2.9
v -1.3 2.6 2.8
v -1.2 2.6 2.8
v -1.4 2.6 2.7
v -1.3 2.6 2.7
v -1.2 2.6 2.7
v -1 2.6 2.7
v -1.5 2.6 2.6
v -1.4 2.6 2.6
v -1.2 2.6 2.6
v -1.8 2.6 2.5
v -1.5 2.6 2.5
v -1.4 2.6 2.5
v -1.8 2.6 2.4
v -1.7 2.6 2.4
v -1.5 2.6 2.4
v -1.8 2.6 2.3
v -1.7 2.6 2.3
v -1 2.7 2.9
v -0.8 2.7 2.9
v -1 2.7 2.8
v -0.8 2.7 2.8
v -1.9 2.7 2.4
v -1.8 2.7 2.4
v -2 2.7 2.3
v -1.9 2.7 2.3
v -1.8 2.7 2.3
v -1.9 2.7 2.2
v -1.8 2.7 2.2
v -2 2.7 2.1
v -1.9 2.7 2.1
v -0.8 2.8 2.9
v -0.6 2.8 2.9
v -0.8 2.8 2.8
v -0.6 2.8 2.8
v 0.7 2.8 2.8
v 0.9 2.8 2.8
v 0.7 2.8 2.7
v 0.9 2.8 2.7
v 1.1 2.8 2.7
v 0.9 2.8 2.6
v 1.1 2.8 2.6
v 1.2 2.8 2.6
v 1.1 2.8 2.5
v 1.2 2.8 2.5
v -2.1 2.8 2
v -2 2.8 2
v -2.1 2.8 1.9
v -2 2.8 1.9
v -0.6 2.9 3
v -0.5 2.9 3
v -0.6 2.9 2.9
v -0.5 2.9 2.9
v 0.5 2.9 2.9
v 0.7 2.9 2.9
v 0.5 2.9 2.8
v 0.7 2.9 2.8
v 1.2 2.9 2.5
v 1.4 2.9 2.5
v 1.2 2.9 2.4
v 1.4 2.9 2.4
v -2.2 2.9 2
v -2.1 2.9 2
v -2.1 2.9 1.9
v -2.2 2.9 1.8
v -2.1 2.9 1.8
v -0.5 3 3
v -0.4 3 3
v -0.5 3 2.9
v -0.4 3 2.9
v 0.4 3 2.9
v 0.5 3 2.9
v 0.4 3 2.8
v 0.5 3 2.8
v 1.4 3 2.4
v 1.5 3 2.4
v 1.4 3 2.3
v 1.5 3 2.3
v 0.3 3.1 2.9
v 0.4 3.1 2.9
v 0.3 3.1 2.8
v 0.4 3.1 2.8
v 1.5 3.1 2.3
v 1.6 3.1 2.3
v 1.5 3.1 2.2
v 1.6 3.1 2.2
v -0.4 3.2 3
v -0.3 3.2 3
v 0.2 3.2 3
v 0.3 3.2 3
v -0.4 3.2 2.9
v -0.3 3.2 2.9
v 0.2 3.2 2.9
v 0.3 3.2 2.9
v 0.1 3.3 3
v 0.2 3.3 3
v 0.1 3.3 2.9
v 0.2 3.3 2.9
v 1.6 3.3 2.2
v 1.7 3.3 2.2
v 1.6 3.3 2.1
v 1.7 3.3 2.1
v 2.38419e-07 3.6 3
v 0.1 3.6 3
v 2.38419e-07 3.6 2.9
v 0.1 3.6 2.9
v -1.2 4.4 2.8
v -1 4.4 2.8
v -1.4 4.4 2.7
v -1.2 4.4 2.7
v -1 4.4 2.7
v -1.4 4.4 2.6
v -1.2 4.4 2.6
v -1 4.5 2.9
v -0.8 4.5 2.9
v -1 4.5 2.8
v -0.8 4.5 2.8
v -1.5 4.5 2.6
v -1.4 4.5 2.6
v -1.5 4.5 2.5
v -1.4 4.5 2.5
v -0.8 4.7 2.9
v -0.7 4.7 2.9
v -0.8 4.7 2.8
v -0.7 4.7 2.8
v -1.6 4.8 2.6
v -1.5 4.8 2.6
v -1.5 4.8 2.5
v -1.6 4.8 2.4
v -1.5 4.8 2.4
v -0.6 5.7 3
v 0.3 5.7 3
v -1 5.7 2.9
v -0.6 5.7 2.9
v 0.3 5.7 2.9
v 0.7 5.7 2.9
v -1.2 5.7 2.8
v -1 5.7 2.8
v -0.6 5.7 2.8
v 0.3 5.7 2.8
v 0.7 5.7 2.8
v 0.9 5.7 2.8
v -1.4 5.7 2.7
v -1.2 5.7 2.7
v -1 5.7 2.7
v 0.7 5.7 2.7
v 0.9 5.7 2.7
v 1.1 5.7 2.7
v -1.7 5.7 2.6
v -1.4 5.7 2.6
v -1.2 5.7 2.6
v 0.9 5.7 2.6
v 1.1 5.7 2.6
v 1.2 5.7 2.6
v -1.5 5.7 2.5
v -1.4 5.7 2.5
v 1.1 5.7 2.5
v 1.2 5.7 2.5
v 1.4 5.7 2.5
v -1.8 5.7 2.4
v -1.7 5.7 2.4
v -1.5 5.7 2.4
v 1.2 5.7 2.4
v 1.4 5.7 2.4
v 1.5 5.7 2.4
v -1.9 5.7 2.3
v -1.8 5.7 2.3
v -1.7 5.7 2.3
v 1.4 5.7 2.3
v 1.5 5.7 2.3
v 1.6 5.7 2.3
v -2 5.7 2.2
v -1.9 5.7 2.2
v -1.8 5.7 2.2
v 1.5 5.7 2.2
v 1.6 5.7 2.2
v 1.7 5.7 2.2
v -2 5.7 2.1
v -1.9 5.7 2.1
v 1.6 5.7 2.1
v 1.7 5.7 2.1
v 1.8 5.7 2.1
v -2.1 5.7 2
v -2 5.7 2
v -2.2 5.7 1.9
v -2.1 5.7 1.9
v -2 5.7 1.9
v 1.7 5.7 1.9
v 1.8 5.7 1.9
v 1.9 5.7 1.9
v -2.2 5.7 1.8
v -2.1 5.7 1.8
v 1.8 5.7 1.8
v 1.9 5.7 1.8
v -2.3 5.7 1.7
v -2.2 5.7 1.7
v 1.9 5.7 1.7
v 2 5.7 1.7
v -2.3 5.7 1.6
v -2.2 5.7 1.6
v 1.9 5.7 1.6
v 2 5.7 1.6
v 2 5.7 1.5
v 2.1 5.7 1.5
v 2 5.7 1.4
v 2.1 5.7 1.4
v 2.1 5.7 1.2
v 2.3 5.7 1.2
v -2.6 5.7 1
v -2.5 5.7 1
v 2.1 5.7 1
v 2.2 5.7 1
v -2.5 5.7 0.0999999
v -2.4 5.7 0.0999999
v 2.1 5.7 0.0999999
v 2.2 5.7 0.0999999
v 2.2 5.7 -2.38419e-07
v 2.3 5.7 -2.38419e-07
v -2.6 5.7 -0.3
v -2.4 5.7 -0.3
v -2.3 5.7 -0.3
v 2 5.7 -0.3
v 2.1 5.7 -0.3
v 2.2 5.7 -0.3
v -2.4 5.7 -0.5
v -2.3 5.7 -0.5
v -2.2 5.7 -0.5
v 1.9 5.7 -0.5
v 2 5.7 -0.5
v 2.1 5.7 -0.5
v -2.3 5.7 -0.7
v -2.2 5.7 -0.7
v -2.1 5.7 -0.7
v 1.8 5.7 -0.7
v 1.9 5.7 -0.7
v 2 5.7 -0.7
v -2.2 5.7 -0.8
v -2.1 5.7 -0.8
v -2 5.7 -0.8
v 1.7 5.7 -0.8
v 1.8 5.7 -0.8
v 1.9 5.7 -0.8
v -2.1 5.7 -1
v -2 5.7 -1
v -1.9 5.7 -1
v 1.6 5.7 -1
v 1.7 5.7 -1
v 1.8 5.7 -1
v -2 5.7 -1.1
v -1.9 5.7 -1.1
v -1.8 5.7 -1.1
v 1.5 5.7 -1.1
v 1.6 5.7 -1.1
v -1.9 5.7 -1.2
v -1.8 5.7 -1.2
v -1.7 5.7 -1.2
v 1.4 5.7 -1.2
v 1.5 5.7 -1.2
v 1.7 5.7 -1.2
v -1.8 5.7 -1.3
v -1.7 5.7 -1.3
v -1.6 5.7 -1.3
v -1.5 5.7 -1.3
v 1.2 5.7 -1.3
v 1.3 5.7 -1.3
v 1.4 5.7 -1.3
v 1.5 5.7 -1.3
v -1.5 5.7 -1.4
v -1.4 5.7 -1.4
v 1.1 5.7 -1.4
v 1.2 5.7 -1.4
v 1.3 5.7 -1.4
v -1.6 5.7 -1.5
v -1.4 5.7 -1.5
v -1.2 5.7 -1.5
v 0.9 5.7 -1.5
v 1 5.7 -1.5
v 1.1 5.7 -1.5
v 1.2 5.7 -1.5
v -1.4 5.7 -1.6
v -1.2 5.7 -1.6
v -1.1 5.7 -1.6
v -1 5.7 -1.6
v 0.7 5.7 -1.6
v 0.8 5.7 -1.6
v 0.9 5.7 -1.6
v 1 5.7 -1.6
v -1.1 5.7 -1.7
v -1 5.7 -1.7
v -0.7 5.7 -1.7
v -0.6 5.7 -1.7
v 0.3 5.7 -1.7
v 0.4 5.7 -1.7
v 0.7 5.7 -1.7
v 0.8 5.7 -1.7
v -0.6 5.7 -1.8
v 0.3 5.7 -1.8
v -0.7 5.7 -1.9
v 0.4 5.7 -1.9
v -0.9 6.5 2.7
v -0.8 6.5 2.7
v 0.5 6.5 2.7
v 0.6 6.5 2.7
v -0.9 6.5 2.6
v -0.8 6.5 2.6
v 0.5 6.5 2.6
v 0.6 6.5 2.6
v -0.6 6.6 2.8
v -0.5 6.6 2.8
v 0.1 6.6 2.8
v 0.2 6.6 2.8
v 0.3 6.6 2.8
v -0.8 6.6 2.7
v -0.6 6.6 2.7
v 0.3 6.6 2.7
v 0.5 6.6 2.7
v -1.1 6.6 2.6
v -0.9 6.6 2.6
v -0.8 6.6 2.6
v -0.4 6.6 2.6
v 2.38419e-07 6.6 2.6
v 0.5 6.6 2.6
v 0.6 6.6 2.6
v 0.8 6.6 2.6
v -1.3 6.6 2.5
v -1.1 6.6 2.5
v -1 6.6 2.5
v -0.9 6.6 2.5
v 0.6 6.6 2.5
v 0.7 6.6 2.5
v 0.8 6.6 2.5
v 1 6.6 2.5
v -1.4 6.6 2.4
v -1.3 6.6 2.4
v -1.1 6.6 2.4
v -1 6.6 2.4
v -0.7 6.6 2.4
v -0.6 6.6 2.4
v -0.5 6.6 2.4
v 0.1 6.6 2.4
v 0.2 6.6 2.4
v 0.3 6.6 2.4
v 0.7 6.6 2.4
v 0.8 6.6 2.4
v 1 6.6 2.4
v 1.1 6.6 2.4
v -1.5 6.6 2.3
v -1.4 6.6 2.3
v 1.1 6.6 2.3
v 1.2 6.6 2.3
v -1.6 6.6 2.2
v -1.5 6.6 2.2
v -1.2 6.6 2.2
v -1.1 6.6 2.2
v 0.8 6.6 2.2
v 0.9 6.6 2.2
v 1.2 6.6 2.2
v 1.3 6.6 2.2
v -1.7 6.6 2.1
v -1.6 6.6 2.1
v -0.4 6.6 2.1
v 2.38419e-07 6.6 2.1
v 1.3 6.6 2.1
v 1.4 6.6 2.1
v -1.8 6.6 2
v -1.7 6.6 2
v 1.4 6.6 2
v 1.5 6.6 2
v -1.9 6.6 1.9
v -1.8 6.6 1.9
v 1.5 6.6 1.9
v 1.6 6.6 1.9
v -0.4 6.6 1.8
v 2.38419e-07 6.6 1.8
v -2 6.6 1.7
v -1.9 6.6 1.7
v -0.5 6.6 1.7
v -0.4 6.6 1.7
v 2.38419e-07 6.6 1.7
v 0.1 6.6 1.7
v 1.6 6.6 1.7
v 1.7 6.6 1.7
v -0.8 6.6 1.6
v -0.7 6.6 1.6
v -0.6 6.6 1.6
v -0.5 6.6 1.6
v 0.1 6.6 1.6
v 0.2 6.6 1.6
v 0.3 6.6 1.6
v 0.4 6.6 1.6
v -2.1 6.6 1.5
v -2 6.6 1.5
v -1.2 6.6 1.5
v -1.1 6.6 1.5
v 0.8 6.6 1.5
v 0.9 6.6 1.5
v 1.7 6.6 1.5
v 1.8 6.6 1.5
v -1.1 6.6 1.3
v -1 6.6 1.3
v -0.6 6.6 1.3
v 0.2 6.6 1.3
v 0.7 6.6 1.3
v 0.8 6.6 1.3
v -2.2 6.6 1.2
v -2.1 6.6 1.2
v -1 6.6 1.2
v -0.9 6.6 1.2
v -0.7 6.6 1.2
v 0.3 6.6 1.2
v 0.6 6.6 1.2
v 0.7 6.6 1.2
v 1.8 6.6 1.2
v 1.9 6.6 1.2
v -0.9 6.6 1.1
v -0.8 6.6 1.1
v 0.4 6.6 1.1
v 0.5 6.6 1.1
v 0.6 6.6 1.1
v -0.8 6.6 1
v -0.7 6.6 1
v 0.4 6.6 1
v 0.5 6.6 1
v -0.7 6.6 0.9
v -0.5 6.6 0.9
v 0.2 6.6 0.9
v 0.4 6.6 0.9
v -0.5 6.6 0.8
v 0.2 6.6 0.8
v -2.2 6.6 0.3
v -2.1 6.6 0.3
v 1.7 6.6 0.3
v 1.8 6.6 0.3
v 1.9 6.6 0.3
v -2.1 6.6 0.2
v -2 6.6 0.2
v -2.1 6.6 -2.38419e-07
v -2 6.6 -2.38419e-07
v 1.7 6.6 -2.38419e-07
v 1.8 6.6 -2.38419e-07
v -2 6.6 -0.1
v -1.9 6.6 -0.1
v 1.6 6.6 -0.1
v 1.7 6.6 -0.1
v -2 6.6 -0.2
v -1.9 6.6 -0.2
v 1.6 6.6 -0.2
v 1.7 6.6 -0.2
v -1.9 6.6 -0.3
v -1.8 6.6 -0.3
v 1.5 6.6 -0.3
v 1.6 6.6 -0.3
v -1.9 6.6 -0.4
v -1.8 6.6 -0.4
v -1.7 6.6 -0.4
v 1.4 6.6 -0.4
v 1.5 6.6 -0.4
v 1.6 6.6 -0.4
v -1.8 6.6 -0.5
v -1.7 6.6 -0.5
v -1.6 6.6 -0.5
v 1.3 6.6 -0.5
v 1.4 6.6 -0.5
v 1.5 6.6 -0.5
v -1.7 6.6 -0.6
v -1.6 6.6 -0.6
v -1.5 6.6 -0.6
v 1.2 6.6 -0.6
v 1.3 6.6 -0.6
v 1.4 6.6 -0.6
v -1.6 6.6 -0.7
v -1.5 6.6 -0.7
v -1.4 6.6 -0.7
v 1.1 6.6 -0.7
v 1.2 6.6 -0.7
v 1.3 6.6 -0.7
v -1.5 6.6 -0.8
v -1.4 6.6 -0.8
v -1.3 6.6 -0.8
v 1 6.6 -0.8
v 1.1 6.6 -0.8
v 1.2 6.6 -0.8
v -1.4 6.6 -0.9
v -1.3 6.6 -0.9
v -1.1 6.6 -0.9
v 0.8 6.6 -0.9
v 1 6.6 -0.9
v 1.1 6.6 -0.9
v -1.3 6.6 -1
v -1.1 6.6 -1
v -0.9 6.6 -1
v 0.6 6.6 -1
v 0.8 6.6 -1
v 1 6.6 -1
v -1.1 6.6 -1.1
v -0.9 6.6 -1.1
v -0.5 6.6 -1.1
v 0.3 6.6 -1.1
v 0.6 6.6 -1.1
v 0.8 6.6 -1.1
v -0.9 6.6 -1.2
v -0.6 6.6 -1.2
v -0.5 6.6 -1.2
v 0.3 6.6 -1.2
v 0.6 6.6 -1.2
v -0.6 6.6 -1.3
v 0.3 6.6 -1.3
v -2.3 6.8 1.1
v -2.2 6.8 1.1
v -2.2 6.8 0.3
v -2.1 6.8 0.3
v 1.8 6.8 0.3
v 1.9 6.8 0.3
v -2.3 6.8 0.2
v -2.2 6.8 0.2
v 1.8 6.8 0.2
v 1.9 6.8 0.2
v -2.4 6.8 0.0999999
v -2.3 6.8 0.0999999
v -2.2 6.8 0.0999999
v -2.1 6.8 0.0999999
v 2 6.8 0.0999999
v 2.1 6.8 0.0999999
v -2.1 6.8 -2.38419e-07
v -2 6.8 -2.38419e-07
v 1.7 6.8 -2.38419e-07
v 1.8 6.8 -2.38419e-07
v -2.1 6.8 -0.1
v -2 6.8 -0.1
v 1.7 6.8 -0.1
v 1.8 6.8 -0.1
v -2 6.8 -0.2
v -1.9 6.8 -0.2
v 1.6 6.8 -0.2
v 1.7 6.8 -0.2
v -2.4 6.8 -0.3
v -2.3 6.8 -0.3
v -2.2 6.8 -0.3
v -2 6.8 -0.3
v -1.9 6.8 -0.3
v 1.6 6.8 -0.3
v 1.7 6.8 -0.3
v 1.9 6.8 -0.3
v 2 6.8 -0.3
v 2.1 6.8 -0.3
v -1.9 6.8 -0.4
v -1.8 6.8 -0.4
v 1.5 6.8 -0.4
v 1.6 6.8 -0.4
v -2.3 6.8 -0.5
v -2.2 6.8 -0.5
v -1.9 6.8 -0.5
v -1.8 6.8 -0.5
v -1.7 6.8 -0.5
v 1.4 6.8 -0.5
v 1.5 6.8 -0.5
v 1.6 6.8 -0.5
v 1.8 6.8 -0.5
v 1.9 6.8 -0.5
v 2 6.8 -0.5
v -2.2 6.8 -0.6
v -2.1 6.8 -0.6
v -1.8 6.8 -0.6
v -1.7 6.8 -0.6
v -1.6 6.8 -0.6
v 1.3 6.8 -0.6
v 1.4 6.8 -0.6
v 1.5 6.8 -0.6
v -2.2 6.8 -0.7
v -2.1 6.8 -0.7
v -2 6.8 -0.7
v -1.7 6.8 -0.7
v -1.6 6.8 -0.7
v -1.5 6.8 -0.7
v 1.2 6.8 -0.7
v 1.3 6.8 -0.7
v 1.4 6.8 -0.7
v 1.7 6.8 -0.7
v 1.8 6.8 -0.7
v 1.9 6.8 -0.7
v -2.1 6.8 -0.8
v -2 6.8 -0.8
v -1.6 6.8 -0.8
v -1.5 6.8 -0.8
v -1.4 6.8 -0.8
v 1.1 6.8 -0.8
v 1.2 6.8 -0.8
v 1.3 6.8 -0.8
v 1.6 6.8 -0.8
v 1.7 6.8 -0.8
v 1.8 6.8 -0.8
v -2 6.8 -0.9
v -1.9 6.8 -0.9
v -1.5 6.8 -0.9
v -1.4 6.8 -0.9
v -1.3 6.8 -0.9
v 1 6.8 -0.9
v 1.1 6.8 -0.9
v 1.2 6.8 -0.9
v -2 6.8 -1
v -1.9 6.8 -1
v -1.8 6.8 -1
v -1.4 6.8 -1
v -1.3 6.8 -1
v -1.1 6.8 -1
v 0.8 6.8 -1
v 1 6.8 -1
v 1.1 6.8 -1
v 1.5 6.8 -1
v 1.6 6.8 -1
v 1.7 6.8 -1
v -1.9 6.8 -1.1
v -1.8 6.8 -1.1
v -1.7 6.8 -1.1
v -1.3 6.8 -1.1
v -1.1 6.8 -1.1
v -0.9 6.8 -1.1
v 0.6 6.8 -1.1
v 0.8 6.8 -1.1
v 1 6.8 -1.1
v 1.4 6.8 -1.1
v 1.5 6.8 -1.1
v 1.6 6.8 -1.1
v -1.8 6.8 -1.2
v -1.7 6.8 -1.2
v -1.5 6.8 -1.2
v -1.1 6.8 -1.2
v -0.9 6.8 -1.2
v -0.6 6.8 -1.2
v 0.3 6.8 -1.2
v 0.6 6.8 -1.2
v 0.8 6.8 -1.2
v 1.2 6.8 -1.2
v 1.4 6.8 -1.2
v 1.5 6.8 -1.2
v -1.7 6.8 -1.3
v -1.5 6.8 -1.3
v -1.4 6.8 -1.3
v -0.9 6.8 -1.3
v -0.6 6.8 -1.3
v 0.3 6.8 -1.3
v 0.6 6.8 -1.3
v 1.1 6.8 -1.3
v 1.2 6.8 -1.3
v 1.4 6.8 -1.3
v -1.5 6.8 -1.4
v -1.4 6.8 -1.4
v -1.2 6.8 -1.4
v -0.6 6.8 -1.4
v 0.3 6.8 -1.4
v 0.9 6.8 -1.4
v 1.1 6.8 -1.4
v 1.2 6.8 -1.4
v -1.4 6.8 -1.5
v -1.2 6.8 -1.5
v -1 6.8 -1.5
v 0.7 6.8 -1.5
v 0.9 6.8 -1.5
v 1.1 6.8 -1.5
v -1.2 6.8 -1.6
v -1 6.8 -1.6
v -0.6 6.8 -1.6
v 0.3 6.8 -1.6
v 0.7 6.8 -1.6
v 0.9 6.8 -1.6
v -1 6.8 -1.7
v -0.6 6.8 -1.7
v 0.3 6.8 -1.7
v 0.7 6.8 -1.7
v -0.6 6.8 -1.8
v 0.3 6.8 -1.8
v -0.6 6.9 2.9
v 0.3 6.9 2.9
v -1 6.9 2.8
v -0.6 6.9 2.8
v 0.3 6.9 2.8
v 0.7 6.9 2.8
v -1.2 6.9 2.7
v -1 6.9 2.7
v -0.9 6.9 2.7
v -0.6 6.9 2.7
v 0.3 6.9 2.7
v 0.6 6.9 2.7
v 0.7 6.9 2.7
v 0.9 6.9 2.7
v -1.4 6.9 2.6
v -1.2 6.9 2.6
v -1.1 6.9 2.6
v -0.9 6.9 2.6
v 0.6 6.9 2.6
v 0.8 6.9 2.6
v 0.9 6.9 2.6
v 1.1 6.9 2.6
v -1.5 6.9 2.5
v -1.4 6.9 2.5
v -1.3 6.9 2.5
v -1.1 6.9 2.5
v 0.8 6.9 2.5
v 1 6.9 2.5
v 1.1 6.9 2.5
v 1.2 6.9 2.5
v -1.7 6.9 2.4
v -1.5 6.9 2.4
v -1.4 6.9 2.4
v -1.3 6.9 2.4
v 1 6.9 2.4
v 1.1 6.9 2.4
v 1.2 6.9 2.4
v 1.4 6.9 2.4
v -1.8 6.9 2.3
v -1.7 6.9 2.3
v -1.5 6.9 2.3
v -1.4 6.9 2.3
v 1.1 6.9 2.3
v 1.2 6.9 2.3
v 1.4 6.9 2.3
v 1.5 6.9 2.3
v -1.9 6.9 2.2
v -1.8 6.9 2.2
v -1.6 6.9 2.2
v -1.5 6.9 2.2
v 1.2 6.9 2.2
v 1.3 6.9 2.2
v 1.5 6.9 2.2
v 1.6 6.9 2.2
v -2 6.9 2.1
v -1.9 6.9 2.1
v -1.7 6.9 2.1
v -1.6 6.9 2.1
v 1.3 6.9 2.1
v 1.4 6.9 2.1
v 1.6 6.9 2.1
v 1.7 6.9 2.1
v -1.8 6.9 2
v -1.7 6.9 2
v 1.4 6.9 2
v 1.5 6.9 2
v -2.1 6.9 1.9
v -2 6.9 1.9
v -1.9 6.9 1.9
v -1.8 6.9 1.9
v 1.5 6.9 1.9
v 1.6 6.9 1.9
v 1.7 6.9 1.9
v 1.8 6.9 1.9
v -2.2 6.9 1.8
v -2.1 6.9 1.8
v 1.8 6.9 1.8
v 1.9 6.9 1.8
v -2 6.9 1.7
v -1.9 6.9 1.7
v 1.6 6.9 1.7
v 1.7 6.9 1.7
v -2.3 6.9 1.6
v -2.2 6.9 1.6
v 1.9 6.9 1.6
v 2 6.9 1.6
v -2.1 6.9 1.5
v -2 6.9 1.5
v 1.7 6.9 1.5
v 1.8 6.9 1.5
v -2.4 6.9 1.4
v -2.3 6.9 1.4
v 2 6.9 1.4
v 2.1 6.9 1.4
v -2.2 6.9 1.2
v -2.1 6.9 1.2
v 1.8 6.9 1.2
v 1.9 6.9 1.2
v -2.3 6.9 1.1
v -2.2 6.9 1.1
v -2.5 6.9 1
v -2.4 6.9 1
v 2.1 6.9 1
v 2.2 6.9 1
v -2.3 6.9 0.2
v -2.2 6.9 0.2
v 1.8 6.9 0.2
v 1.9 6.9 0.2
v -2.5 6.9 0.0999999
v -2.3 6.9 0.0999999
v -2.2 6.9 0.0999999
v -2.1 6.9 0.0999999
v 2 6.9 0.0999999
v 2.2 6.9 0.0999999
v -2.1 6.9 -0.1
v -2 6.9 -0.1
v 1.7 6.9 -0.1
v 1.8 6.9 -0.1
v -2.3 6.9 -0.3
v -2.2 6.9 -0.3
v -2 6.9 -0.3
v -1.9 6.9 -0.3
v 1.6 6.9 -0.3
v 1.7 6.9 -0.3
v 1.9 6.9 -0.3
v 2 6.9 -0.3
v -1.9 6.9 -0.5
v -1.8 6.9 -0.5
v 1.5 6.9 -0.5
v 1.6 6.9 -0.5
v 1.8 6.9 -0.5
v 1.9 6.9 -0.5
v -2.2 6.9 -0.6
v -2.1 6.9 -0.6
v -1.8 6.9 -0.6
v -1.7 6.9 -0.6
v 1.4 6.9 -0.6
v 1.5 6.9 -0.6
v -2.1 6.9 -0.7
v -2 6.9 -0.7
v -1.7 6.9 -0.7
v -1.6 6.9 -0.7
v 1.3 6.9 -0.7
v 1.4 6.9 -0.7
v 1.7 6.9 -0.7
v 1.8 6.9 -0.7
v -1.6 6.9 -0.8
v -1.5 6.9 -0.8
v 1.2 6.9 -0.8
v 1.3 6.9 -0.8
v 1.6 6.9 -0.8
v 1.7 6.9 -0.8
v -2 6.9 -0.9
v -1.9 6.9 -0.9
v -1.5 6.9 -0.9
v -1.4 6.9 -0.9
v 1.1 6.9 -0.9
v 1.2 6.9 -0.9
v -1.9 6.9 -1
v -1.8 6.9 -1
v -1.4 6.9 -1
v -1.3 6.9 -1
v 1 6.9 -1
v 1.1 6.9 -1
v 1.5 6.9 -1
v 1.6 6.9 -1
v -1.8 6.9 -1.1
v -1.7 6.9 -1.1
v -1.3 6.9 -1.1
v -1.1 6.9 -1.1
v 0.8 6.9 -1.1
v 1 6.9 -1.1
v 1.4 6.9 -1.1
v 1.5 6.9 -1.1
v -1.7 6.9 -1.2
v -1.5 6.9 -1.2
v -1.1 6.9 -1.2
v -0.9 6.9 -1.2
v 0.6 6.9 -1.2
v 0.8 6.9 -1.2
v 1.2 6.9 -1.2
v 1.4 6.9 -1.2
v -1.5 6.9 -1.3
v -1.4 6.9 -1.3
v -0.9 6.9 -1.3
v -0.6 6.9 -1.3
v 0.3 6.9 -1.3
v 0.6 6.9 -1.3
v 1.1 6.9 -1.3
v 1.2 6.9 -1.3
v -1.4 6.9 -1.4
v -1.2 6.9 -1.4
v -0.6 6.9 -1.4
v 0.3 6.9 -1.4
v 0.9 6.9 -1.4
v 1.1 6.9 -1.4
v -1.2 6.9 -1.5
v -1 6.9 -1.5
v 0.7 6.9 -1.5
v 0.9 6.9 -1.5
v -1 6.9 -1.6
v -0.6 6.9 -1.6
v 0.3 6.9 -1.6
v 0.7 6.9 -1.6
v -0.6 6.9 -1.7
v 0.3 6.9 -1.7

# faces
f 3/2/1 2/2/1 1/2/1
f 4/2/1 2/2/1 3/2/1
f 7/4/1 6/4/1 5/4/1
f 8/4/1 6/4/1 7/4/1
f 11/4/1 10/4/1 9/4/1
f 12/4/1 10/4/1 11/4/1
f 17/4/1 14/4/1 13/4/1
f 18/4/1 14/4/1 17/4/1
f 19/4/1 16/4/1 15/4/1
f 20/4/1 16/4/1 19/4/1
f 22/2/1 18/2/1 17/2/1
f 23/2/1 18/2/1 22/2/1
f 25/2/1 21/2/1 20/2/1
f 26/2/1 21/2/1 25/2/1
f 27/4/1 25/4/1 24/4/1
f 28/4/1 25/4/1 27/4/1
f 29/4/1 23/4/1 22/4/1
f 30/4/1 23/4/1 29/4/1
f 36/4/1 32/4/1 31/4/1
f 37/4/1 32/4/1 36/4/1
f 38/4/1 34/4/1 33/4/1
f 39/4/1 34/4/1 38/4/1
f 41/2/1 37/2/1 36/2/1
f 41/2/1 36/2/1 35/2/1
f 42/2/1 37/2/1 41/2/1
f 43/2/1 37/2/1 42/2/1
f 45/2/1 40/2/1 39/2/1
f 46/2/1 40/2/1 45/2/1
f 48/4/1 45/4/1 44/4/1
f 49/4/1 45/4/1 48/4/1
f 50/4/1 43/4/1 42/4/1
f 51/4/1 43/4/1 50/4/1
f 52/4/1 48/4/1 47/4/1
f 53/4/1 48/4/1 52/4/1
f 59/4/1 55/4/1 54/4/1
f 60/4/1 55/4/1 59/4/1
f 61/4/1 55/4/1 60/4/1
f 62/4/1 57/4/1 56/4/1
f 63/4/1 57/4/1 62/4/1
f 65/2/1 59/2/1 58/2/1
f 65/2/1 60/2/1 59/2/1
f 66/2/1 60/2/1 65/2/1
f 67/2/1 60/2/1 66/2/1
f 69/1/1 67/1/1 66/1/1
f 70/1/1 67/1/1 69/1/1
f 71/2/1 69/2/1 68/2/1
f 71/2/1 70/2/1 69/2/1
f 72/2/1 70/2/1 71/2/1
f 73/2/1 70/2/1 72/2/1
f 76/2/1 64/2/1 63/2/1
f 77/2/1 64/2/1 76/2/1
f 79/4/1 76/4/1 75/4/1
f 80/4/1 76/4/1 79/4/1
f 81/4/1 76/4/1 80/4/1
f 82/4/1 74/4/1 73/4/1
f 82/4/1 73/4/1 72/4/1
f 83/4/1 74/4/1 82/4/1
f 84/4/1 80/4/1 79/4/1
f 84/4/1 79/4/1 78/4/1
f 85/4/1 80/4/1 84/4/1
f 90/4/1 87/4/1 86/4/1
f 91/4/1 87/4/1 90/4/1
f 92/4/1 89/4/1 88/4/1
f 93/4/1 89/4/1 92/4/1
f 97/1/1 96/1/1 95/1/1
f 98/1/1 96/1/1 97/1/1
f 99/2/1 98/2/1 97/2/1
f 100/2/1 98/2/1 99/2/1
f 103/2/1 102/2/1 101/2/1
f 104/2/1 102/2/1 103/2/1
f 107/2/1 94/2/1 93/2/1
f 108/2/1 94/2/1 107/2/1
f 110/4/1 107/4/1 106/4/1
f 111/4/1 107/4/1 110/4/1
f 112/4/1 105/4/1 104/4/1
f 113/4/1 105/4/1 112/4/1
f 114/4/1 110/4/1 109/4/1
f 115/4/1 110/4/1 114/4/1
f 121/4/1 117/4/1 116/4/1
f 122/4/1 117/4/1 121/4/1
f 123/4/1 117/4/1 122/4/1
f 124/4/1 119/4/1 118/4/1
f 125/4/1 119/4/1 124/4/1
f 127/2/1 121/2/1 120/2/1
f 127/2/1 122/2/1 121/2/1
f 128/2/1 122/2/1 127/2/1
f 129/2/1 122/2/1 128/2/1
f 130/1/1 129/1/1 128/1/1
f 132/1/1 130/1/1 128/1/1
f 133/2/1 131/2/1 130/2/1
f 133/1/1 130/1/1 132/1/1
f 134/2/1 131/2/1 133/2/1
f 135/2/1 133/2/1 132/2/1
f 135/2/1 134/2/1 133/2/1
f 136/2/1 135/2/1 132/2/1
f 137/2/1 135/2/1 136/2/1
f 138/1/1 137/1/1 136/1/1
f 138/2/1 135/2/1 137/2/1
f 139/2/1 135/2/1 138/2/1
f 141/1/1 138/1/1 136/1/1
f 142/1/1 138/1/1 141/1/1
f 143/2/1 141/2/1 140/2/1
f 143/2/1 142/2/1 141/2/1
f 144/2/1 142/2/1 143/2/1
f 145/2/1 142/2/1 144/2/1
f 148/2/1 126/2/1 125/2/1
f 149/2/1 126/2/1 148/2/1
f 151/4/1 148/4/1 147/4/1
f 152/4/1 148/4/1 151/4/1
f 153/4/1 148/4/1 152/4/1
f 154/4/1 145/4/1 144/4/1
f 154/4/1 146/4/1 145/4/1
f 155/4/1 146/4/1 154/4/1
f 156/4/1 152/4/1 151/4/1
f 156/4/1 151/4/1 150/4/1
f 157/4/1 152/4/1 156/4/1
f 164/4/1 159/4/1 158/4/1
f 165/4/1 159/4/1 164/4/1
f 166/4/1 161/4/1 160/4/1
f 167/4/1 161/4/1 166/4/1
f 169/2/1 163/2/1 162/2/1
f 170/2/1 163/2/1 169/2/1
f 173/1/1 172/1/1 171/1/1
f 174/1/1 172/1/1 173/1/1
f 175/2/1 174/2/1 173/2/1
f 176/2/1 175/2/1 173/2/1
f 177/2/1 176/2/1 173/2/1
f 178/2/1 176/2/1 177/2/1
f 181/2/1 180/2/1 179/2/1
f 182/2/1 180/2/1 181/2/1
f 185/2/1 168/2/1 167/2/1
f 186/2/1 168/2/1 185/2/1
f 188/4/1 185/4/1 184/4/1
f 189/4/1 185/4/1 188/4/1
f 190/4/1 183/4/1 182/4/1
f 191/4/1 183/4/1 190/4/1
f 192/4/1 188/4/1 187/4/1
f 193/4/1 188/4/1 192/4/1
f 200/4/1 195/4/1 194/4/1
f 201/4/1 195/4/1 200/4/1
f 202/4/1 197/4/1 196/4/1
f 203/4/1 197/4/1 202/4/1
f 205/2/1 199/2/1 198/2/1
f 206/2/1 199/2/1 205/2/1
f 209/1/1 208/1/1 207/1/1
f 210/1/1 208/1/1 209/1/1
f 211/2/1 210/2/1 209/2/1
f 212/2/1 211/2/1 209/2/1
f 213/2/1 211/2/1 212/2/1
f 214/1/1 213/1/1 212/1/1
f 215/1/1 213/1/1 214/1/1
f 216/2/1 215/2/1 214/2/1
f 217/2/1 216/2/1 214/2/1
f 218/2/1 216/2/1 217/2/1
f 220/1/1 218/1/1 217/1/1
f 221/1/1 218/1/1 220/1/1
f 222/2/1 220/2/1 219/2/1
f 223/2/1 220/2/1 222/2/1
f 226/2/1 204/2/1 203/2/1
f 227/2/1 204/2/1 226/2/1
f 229/4/1 226/4/1 225/4/1
f 230/4/1 226/4/1 229/4/1
f 231/4/1 224/4/1 223/4/1
f 232/4/1 224/4/1 231/4/1
f 233/4/1 229/4/1 228/4/1
f 234/4/1 229/4/1 233/4/1
f 239/4/1 236/4/1 235/4/1
f 240/4/1 236/4/1 239/4/1
f 241/4/1 238/4/1 237/4/1
f 242/4/1 238/4/1 241/4/1
f 245/1/1 244/1/1 243/1/1
f 246/1/1 244/1/1 245/1/1
f 247/2/1 246/2/1 245/2/1
f 248/2/1 247/2/1 245/2/1
f 249/2/1 247/2/1 248/2/1
f 250/1/1 249/1/1 248/1/1
f 251/1/1 250/1/1 248/1/1
f 252/1/1 250/1/1 251/1/1
f 253/2/1 252/2/1 251/2/1
f 254/2/1 252/2/1 253/2/1
f 255/1/1 254/1/1 253/1/1
f 256/1/1 254/1/1 255/1/1
f 259/2/1 258/2/1 257/2/1
f 260/2/1 258/2/1 259/2/1
f 265/4/1 263/4/1 262/4/1
f 266/4/1 263/4/1 265/4/1
f 267/4/1 261/4/1 260/4/1
f 268/4/1 261/4/1 267/4/1
f 269/4/1 265/4/1 264/4/1
f 270/4/1 265/4/1 269/4/1
f 273/2/1 272/2/1 271/2/1
f 274/2/1 272/2/1 273/2/1
f 280/4/1 276/4/1 275/4/1
f 281/4/1 276/4/1 280/4/1
f 282/4/1 278/4/1 277/4/1
f 283/4/1 278/4/1 282/4/1
f 284/2/1 280/2/1 279/2/1
f 285/2/1 280/2/1 284/2/1
f 287/1/1 286/1/1 285/1/1
f 288/1/1 286/1/1 287/1/1
f 289/2/1 288/2/1 287/2/1
f 290/2/1 288/2/1 289/2/1
f 291/1/1 290/1/1 289/1/1
f 292/1/1 290/1/1 291/1/1
f 293/2/1 292/2/1 291/2/1
f 294/2/1 292/2/1 293/2/1
f 295/1/1 294/1/1 293/1/1
f 296/1/1 294/1/1 295/1/1
f 299/1/1 298/1/1 297/1/1
f 300/1/1 298/1/1 299/1/1
f 306/4/1 304/4/1 303/4/1
f 307/4/1 304/4/1 306/4/1
f 308/4/1 302/4/1 301/4/1
f 309/4/1 302/4/1 308/4/1
f 310/4/1 306/4/1 305/4/1
f 311/4/1 306/4/1 310/4/1
f 317/4/1 313/4/1 312/4/1
f 318/4/1 313/4/1 317/4/1
f 319/4/1 315/4/1 314/4/1
f 320/4/1 315/4/1 319/4/1
f 322/2/1 317/2/1 316/2/1
f 323/2/1 317/2/1 322/2/1
f 325/1/1 324/1/1 323/1/1
f 326/1/1 324/1/1 325/1/1
f 327/2/1 326/2/1 325/2/1
f 328/2/1 326/2/1 327/2/1
f 329/1/1 328/1/1 327/1/1
f 330/1/1 328/1/1 329/1/1
f 331/2/1 330/2/1 329/2/1
f 332/2/1 330/2/1 331/2/1
f 334/1/1 332/1/1 331/1/1
f 335/1/1 332/1/1 334/1/1
f 336/2/1 334/2/1 333/2/1
f 337/2/1 334/2/1 336/2/1
f 340/1/1 339/1/1 338/1/1
f 341/1/1 339/1/1 340/1/1
f 342/2/1 341/2/1 340/2/1
f 343/2/1 341/2/1 342/2/1
f 344/1/1 343/1/1 342/1/1
f 345/1/1 343/1/1 344/1/1
f 348/2/1 347/2/1 346/2/1
f 349/2/1 347/2/1 348/2/1
f 352/2/1 321/2/1 320/2/1
f 353/2/1 321/2/1 352/2/1
f 355/4/1 352/4/1 351/4/1
f 356/4/1 352/4/1 355/4/1
f 357/4/1 350/4/1 349/4/1
f 358/4/1 350/4/1 357/4/1
f 359/4/1 355/4/1 354/4/1
f 360/4/1 355/4/1 359/4/1
f 363/2/1 362/2/1 361/2/1
f 364/2/1 362/2/1 363/2/1
f 371/4/1 366/4/1 365/4/1
f 372/4/1 366/4/1 371/4/1
f 373/4/1 368/4/1 367/4/1
f 374/4/1 368/4/1 373/4/1
f 375/2/1 370/2/1 369/2/1
f 376/2/1 370/2/1 375/2/1
f 379/1/1 378/1/1 377/1/1
f 380/1/1 378/1/1 379/1/1
f 381/2/1 380/2/1 379/2/1
f 382/2/1 380/2/1 381/2/1
f 384/1/1 382/1/1 381/1/1
f 385/1/1 382/1/1 384/1/1
f 386/2/1 384/2/1 383/2/1
f 387/2/1 384/2/1 386/2/1
f 389/1/1 388/1/1 387/1/1
f 390/1/1 388/1/1 389/1/1
f 391/2/1 390/2/1 389/2/1
f 392/2/1 391/2/1 389/2/1
f 393/2/1 391/2/1 392/2/1
f 394/1/1 393/1/1 392/1/1
f 395/1/1 393/1/1 394/1/1
f 396/2/1 395/2/1 394/2/1
f 397/2/1 396/2/1 394/2/1
f 398/2/1 396/2/1 397/2/1
f 400/1/1 398/1/1 397/1/1
f 401/1/1 398/1/1 400/1/1
f 402/2/1 400/2/1 399/2/1
f 403/2/1 400/2/1 402/2/1
f 408/4/1 406/4/1 405/4/1
f 409/4/1 406/4/1 408/4/1
f 410/4/1 404/4/1 403/4/1
f 411/4/1 404/4/1 410/4/1
f 412/4/1 408/4/1 407/4/1
f 413/4/1 408/4/1 412/4/1
f 416/2/1 415/2/1 414/2/1
f 417/2/1 415/2/1 416/2/1
f 422/4/1 419/4/1 418/4/1
f 423/4/1 419/4/1 422/4/1
f 424/4/1 421/4/1 420/4/1
f 425/4/1 421/4/1 424/4/1
f 428/2/1 427/2/1 426/2/1
f 429/2/1 427/2/1 428/2/1
f 430/2/1 427/2/1 429/2/1
f 431/1/1 430/1/1 429/1/1
f 432/1/1 430/1/1 431/1/1
f 433/2/1 432/2/1 431/2/1
f 434/2/1 433/2/1 431/2/1
f 435/2/1 433/2/1 434/2/1
f 437/1/1 435/1/1 434/1/1
f 438/1/1 435/1/1 437/1/1
f 439/2/1 437/2/1 436/2/1
f 441/2/1 439/2/1 436/2/1
f 441/2/1 440/2/1 439/2/1
f 442/2/1 440/2/1 441/2/1
f 443/2/1 440/2/1 442/2/1
f 444/1/1 443/1/1 442/1/1
f 445/1/1 443/1/1 444/1/1
f 446/2/1 445/2/1 444/2/1
f 447/2/1 446/2/1 444/2/1
f 448/2/1 446/2/1 447/2/1
f 449/1/1 448/1/1 447/1/1
f 450/1/1 448/1/1 449/1/1
f 451/2/1 450/2/1 449/2/1
f 452/2/1 451/2/1 449/2/1
f 453/2/1 451/2/1 452/2/1
f 455/1/1 453/1/1 452/1/1
f 456/1/1 453/1/1 455/1/1
f 457/2/1 455/2/1 454/2/1
f 457/2/1 456/2/1 455/2/1
f 458/2/1 456/2/1 457/2/1
f 459/2/1 457/2/1 454/2/1
f 460/2/1 457/2/1 459/2/1
f 465/4/1 463/4/1 462/4/1
f 466/4/1 463/4/1 465/4/1
f 467/4/1 461/4/1 460/4/1
f 468/4/1 461/4/1 467/4/1
f 469/4/1 465/4/1 464/4/1
f 470/4/1 465/4/1 469/4/1
f 473/2/1 472/2/1 471/2/1
f 474/2/1 472/2/1 473/2/1
f 477/2/1 476/2/1 475/2/1
f 478/2/1 476/2/1 477/2/1
f 481/2/1 480/2/1 479/2/1
f 482/2/1 480/2/1 481/2/1
f 485/2/1 484/2/1 483/2/1
f 486/2/1 484/2/1 485/2/1
f 489/4/1 488/4/1 487/4/1
f 490/4/1 488/4/1 489/4/1
f 495/2/1 494/2/1 493/2/1
f 496/2/1 494/2/1 495/2/1
f 499/2/1 498/2/1 497/2/1
f 500/2/1 498/2/1 499/2/1
f 501/2/1 492/2/1 491/2/1
f 502/2/1 492/2/1 501/2/1
f 508/4/1 504/4/1 503/4/1
f 509/4/1 504/4/1 508/4/1
f 510/4/1 506/4/1 505/4/1
f 511/4/1 506/4/1 510/4/1
f 512/2/1 508/2/1 507/2/1
f 514/2/1 512/2/1 507/2/1
f 514/2/1 513/2/1 512/2/1
f 515/2/1 513/2/1 514/2/1
f 516/2/1 513/2/1 515/2/1
f 517/1/1 516/1/1 515/1/1
f 518/1/1 517/1/1 515/1/1
f 519/1/1 517/1/1 518/1/1
f 520/2/1 519/2/1 518/2/1
f 521/2/1 519/2/1 520/2/1
f 522/1/1 521/1/1 520/1/1
f 524/1/1 522/1/1 520/1/1
f 525/1/1 522/1/1 524/1/1
f 526/2/1 524/2/1 523/2/1
f 527/2/1 524/2/1 526/2/1
f 532/4/1 530/4/1 529/4/1
f 533/4/1 530/4/1 532/4/1
f 534/4/1 528/4/1 527/4/1
f 535/4/1 528/4/1 534/4/1
f 536/4/1 532/4/1 531/4/1
f 537/4/1 532/4/1 536/4/1
f 540/2/1 539/2/1 538/2/1
f 541/2/1 539/2/1 540/2/1
f 544/2/1 543/2/1 542/2/1
f 545/2/1 543/2/1 544/2/1
f 548/2/1 547/2/1 546/2/1
f 549/2/1 547/2/1 548/2/1
f 552/2/1 551/2/1 550/2/1
f 553/2/1 551/2/1 552/2/1
f 556/2/1 555/2/1 554/2/1
f 557/2/1 555/2/1 556/2/1
f 562/4/1 561/4/1 560/4/1
f 563/4/1 561/4/1 562/4/1
f 565/4/1 559/4/1 558/4/1
f 566/4/1 559/4/1 565/4/1
f 567/4/1 564/4/1 563/4/1
f 568/4/1 564/4/1 567/4/1
f 571/4/1 570/4/1 569/4/1
f 574/4/1 573/4/1 572/4/1
f 575/4/1 573/4/1 574/4/1
f 577/4/1 571/4/1 569/4/1
f 578/4/1 571/4/1 577/4/1
f 579/4/1 576/4/1 575/4/1
f 580/4/1 576/4/1 579/4/1
f 585/4/1 584/4/1 583/4/1
f 586/4/1 584/4/1 585/4/1
f 588/4/1 582/4/1 581/4/1
f 589/4/1 582/4/1 588/4/1
f 590/4/1 587/4/1 586/4/1
f 591/4/1 587/4/1 590/4/1
f 596/4/1 595/4/1 594/4/1
f 597/4/1 595/4/1 596/4/1
f 599/4/1 593/4/1 592/4/1
f 600/4/1 593/4/1 599/4/1
f 601/4/1 598/4/1 597/4/1
f 602/4/1 598/4/1 601/4/1
f 607/4/1 606/4/1 605/4/1
f 608/4/1 606/4/1 607/4/1
f 610/4/1 604/4/1 603/4/1
f 611/4/1 604/4/1 610/4/1
f 612/4/1 609/4/1 608/4/1
f 613/4/1 609/4/1 612/4/1
f 618/4/1 617/4/1 616/4/1
f 619/4/1 617/4/1 618/4/1
f 621/4/1 615/4/1 614/4/1
f 622/4/1 615/4/1 621/4/1
f 623/4/1 620/4/1 619/4/1
f 624/4/1 620/4/1 623/4/1
f 629/4/1 628/4/1 627/4/1
f 630/4/1 628/4/1 629/4/1
f 632/4/1 626/4/1 625/4/1
f 633/4/1 626/4/1 632/4/1
f 634/4/1 631/4/1 630/4/1
f 635/4/1 631/4/1 634/4/1
f 640/4/1 639/4/1 638/4/1
f 641/4/1 639/4/1 640/4/1
f 643/4/1 637/4/1 636/4/1
f 644/4/1 637/4/1 643/4/1
f 645/4/1 642/4/1 641/4/1
f 646/4/1 642/4/1 645/4/1
f 651/4/1 650/4/1 649/4/1
f 652/4/1 650/4/1 651/4/1
f 654/4/1 648/4/1 647/4/1
f 655/4/1 648/4/1 654/4/1
f 656/4/1 653/4/1 652/4/1
f 657/4/1 653/4/1 656/4/1
f 663/4/1 661/4/1 660/4/1
f 663/4/1 662/4/1 661/4/1
f 664/4/1 662/4/1 663/4/1
f 665/4/1 662/4/1 664/4/1
f 667/4/1 659/4/1 658/4/1
f 668/4/1 659/4/1 667/4/1
f 669/4/1 666/4/1 665/4/1
f 669/4/1 665/4/1 664/4/1
f 670/4/1 666/4/1 669/4/1
f 676/4/1 674/4/1 673/4/1
f 676/4/1 675/4/1 674/4/1
f 677/4/1 675/4/1 676/4/1
f 678/4/1 675/4/1 677/4/1
f 680/4/1 672/4/1 671/4/1
f 681/4/1 672/4/1 680/4/1
f 682/4/1 679/4/1 678/4/1
f 682/4/1 678/4/1 677/4/1
f 683/4/1 679/4/1 682/4/1
f 688/4/1 687/4/1 686/4/1
f 689/4/1 687/4/1 688/4/1
f 690/4/1 687/4/1 689/4/1
f 692/4/1 685/4/1 684/4/1
f 693/4/1 685/4/1 692/4/1
f 694/4/1 691/4/1 690/4/1
f 694/4/1 690/4/1 689/4/1
f 695/4/1 691/4/1 694/4/1
f 698/4/1 697/4/1 696/4/1
f 700/4/1 698/4/1 696/4/1
f 700/4/1 699/4/1 698/4/1
f 701/4/1 699/4/1 700/4/1
f 702/4/2 703/4/2 704/4/2
f 704/4/2 703/4/2 705/4/2
f 706/4/2 707/4/2 708/4/2
f 708/4/2 707/4/2 709/4/2
f 706/4/2 708/4/2 712/4/2
f 712/4/2 708/4/2 713/4/2
f 710/4/2 711/4/2 714/4/2
f 714/4/2 711/4/2 715/4/2
f 716/2/2 717/2/2 718/2/2
f 718/2/2 717/2/2 719/2/2
f 722/4/2 723/4/2 725/4/2
f 723/4/2 724/4/2 725/4/2
f 725/4/2 724/4/2 726/4/2
f 726/4/2 724/4/2 727/4/2
f 720/4/2 721/4/2 729/4/2
f 729/4/2 721/4/2 730/4/2
f 727/4/2 728/4/2 731/4/2
f 726/4/2 727/4/2 731/4/2
f 731/4/2 728/4/2 732/4/2
f 735/4/2 736/4/2 738/4/2
f 736/4/2 737/4/2 738/4/2
f 738/4/2 737/4/2 739/4/2
f 739/4/2 737/4/2 740/4/2
f 733/4/2 734/4/2 742/4/2
f 742/4/2 734/4/2 743/4/2
f 740/4/2 741/4/2 744/4/2
f 739/4/2 740/4/2 744/4/2
f 744/4/2 741/4/2 745/4/2
f 748/4/2 749/4/2 751/4/2
f 749/4/2 750/4/2 751/4/2
f 751/4/2 750/4/2 752/4/2
f 752/4/2 750/4/2 753/4/2
f 746/4/2 747/4/2 755/4/2
f 755/4/2 747/4/2 756/4/2
f 753/4/2 754/4/2 757/4/2
f 752/4/2 753/4/2 757/4/2
f 757/4/2 754/4/2 758/4/2
f 759/2/2 760/2/2 761/2/2
f 761/2/2 760/2/2 762/2/2
f 765/4/2 766/4/2 767/4/2
f 767/4/2 766/4/2 768/4/2
f 763/4/2 764/4/2 770/4/2
f 770/4/2 764/4/2 771/4/2
f 768/4/2 769/4/2 772/4/2
f 772/4/2 769/4/2 773/4/2
f 776/4/2 777/4/2 778/4/2
f 778/4/2 777/4/2 779/4/2
f 774/4/2 775/4/2 781/4/2
f 781/4/2 775/4/2 782/4/2
f 779/4/2 780/4/2 783/4/2
f 783/4/2 780/4/2 784/4/2
f 785/2/2 786/2/2 787/2/2
f 787/2/2 786/2/2 788/2/2
f 791/4/2 792/4/2 793/4/2
f 793/4/2 792/4/2 794/4/2
f 789/4/2 790/4/2 796/4/2
f 796/4/2 790/4/2 797/4/2
f 794/4/2 795/4/2 798/4/2
f 798/4/2 795/4/2 799/4/2
f 800/2/2 801/2/2 802/2/2
f 802/2/2 801/2/2 803/2/2
f 804/2/2 805/2/2 806/2/2
f 806/2/2 805/2/2 807/2/2
f 810/4/2 811/4/2 812/4/2
f 812/4/2 811/4/2 813/4/2
f 808/4/2 809/4/2 815/4/2
f 815/4/2 809/4/2 816/4/2
f 813/4/2 814/4/2 817/4/2
f 817/4/2 814/4/2 818/4/2
f 821/4/2 822/4/2 823/4/2
f 823/4/2 822/4/2 824/4/2
f 819/4/2 820/4/2 826/4/2
f 826/4/2 820/4/2 827/4/2
f 824/4/2 825/4/2 828/4/2
f 828/4/2 825/4/2 829/4/2
f 832/4/2 833/4/2 834/4/2
f 834/4/2 833/4/2 835/4/2
f 830/4/2 831/4/2 837/4/2
f 837/4/2 831/4/2 838/4/2
f 835/4/2 836/4/2 839/4/2
f 839/4/2 836/4/2 840/4/2
f 843/4/2 844/4/2 845/4/2
f 845/4/2 844/4/2 846/4/2
f 841/4/2 842/4/2 848/4/2
f 848/4/2 842/4/2 849/4/2
f 846/4/2 847/4/2 850/4/2
f 850/4/2 847/4/2 851/4/2
f 852/4/2 853/4/2 854/4/2
f 855/4/2 856/4/2 857/4/2
f 857/4/2 856/4/2 858/4/2
f 852/4/2 854/4/2 860/4/2
f 860/4/2 854/4/2 861/4/2
f 858/4/2 859/4/2 862/4/2
f 862/4/2 859/4/2 863/4/2
f 866/4/2 867/4/2 868/4/2
f 868/4/2 867/4/2 869/4/2
f 864/4/2 865/4/2 871/4/2
f 871/4/2 865/4/2 872/4/2
f 869/4/2 870/4/2 873/4/2
f 873/4/2 870/4/2 874/4/2
f 875/2/2 876/2/2 877/2/2
f 877/2/2 876/2/2 878/2/2
f 879/2/2 880/2/2 881/2/2
f 881/2/2 880/2/2 882/2/2
f 883/2/2 884/2/2 885/2/2
f 885/2/2 884/2/2 886/2/2
f 887/2/2 888/2/2 889/2/2
f 889/2/2 888/2/2 890/2/2
f 891/2/2 892/2/2 893/2/2
f 893/2/2 892/2/2 894/2/2
f 895/4/2 896/4/2 900/4/2
f 900/4/2 896/4/2 901/4/2
f 897/4/2 898/4/2 902/4/2
f 902/4/2 898/4/2 903/4/2
f 899/2/2 900/2/2 904/2/2
f 899/2/2 904/2/2 906/2/2
f 904/2/2 905/2/2 906/2/2
f 906/2/2 905/2/2 907/2/2
f 907/2/2 905/2/2 908/2/2
f 907/1/2 908/1/2 909/1/2
f 909/1/2 908/1/2 910/1/2
f 909/2/2 910/2/2 911/2/2
f 911/2/2 910/2/2 912/2/2
f 911/1/2 912/1/2 913/1/2
f 911/1/2 913/1/2 914/1/2
f 914/1/2 913/1/2 915/1/2
f 914/2/2 915/2/2 916/2/2
f 916/2/2 915/2/2 917/2/2
f 916/1/2 917/1/2 918/1/2
f 916/1/2 918/1/2 920/1/2
f 920/1/2 918/1/2 921/1/2
f 919/2/2 920/2/2 922/2/2
f 920/2/2 921/2/2 922/2/2
f 922/2/2 921/2/2 923/2/2
f 919/2/2 922/2/2 924/2/2
f 924/2/2 922/2/2 925/2/2
f 927/4/2 928/4/2 930/4/2
f 930/4/2 928/4/2 931/4/2
f 925/4/2 926/4/2 932/4/2
f 932/4/2 926/4/2 933/4/2
f 929/4/2 930/4/2 934/4/2
f 934/4/2 930/4/2 935/4/2
f 938/2/2 939/2/2 940/2/2
f 940/2/2 939/2/2 941/2/2
f 942/2/2 943/2/2 944/2/2
f 944/2/2 943/2/2 945/2/2
f 936/2/2 937/2/2 946/2/2
f 946/2/2 937/2/2 947/2/2
f 948/2/2 949/2/2 950/2/2
f 950/2/2 949/2/2 951/2/2
f 952/2/2 953/2/2 954/2/2
f 954/2/2 953/2/2 955/2/2
f 956/4/2 957/4/2 958/4/2
f 958/4/2 957/4/2 959/4/2
f 960/4/2 961/4/2 965/4/2
f 965/4/2 961/4/2 966/4/2
f 962/4/2 963/4/2 967/4/2
f 967/4/2 963/4/2 968/4/2
f 964/2/2 965/2/2 969/2/2
f 964/2/2 969/2/2 971/2/2
f 969/2/2 970/2/2 971/2/2
f 971/2/2 970/2/2 972/2/2
f 972/2/2 970/2/2 973/2/2
f 972/1/2 973/1/2 974/1/2
f 972/1/2 974/1/2 975/1/2
f 975/1/2 974/1/2 976/1/2
f 975/2/2 976/2/2 977/2/2
f 975/2/2 977/2/2 978/2/2
f 975/2/2 978/2/2 979/2/2
f 979/2/2 978/2/2 980/2/2
f 979/1/2 980/1/2 981/1/2
f 981/1/2 980/1/2 982/1/2
f 981/2/2 982/2/2 983/2/2
f 981/2/2 983/2/2 984/2/2
f 984/2/2 983/2/2 985/2/2
f 984/1/2 985/1/2 986/1/2
f 986/1/2 985/1/2 987/1/2
f 986/2/2 987/2/2 988/2/2
f 986/2/2 988/2/2 989/2/2
f 989/2/2 988/2/2 990/2/2
f 989/1/2 990/1/2 991/1/2
f 989/1/2 991/1/2 993/1/2
f 993/1/2 991/1/2 994/1/2
f 992/2/2 993/2/2 995/2/2
f 993/2/2 994/2/2 995/2/2
f 995/2/2 994/2/2 996/2/2
f 992/2/2 995/2/2 997/2/2
f 997/2/2 995/2/2 998/2/2
f 1000/4/2 1001/4/2 1003/4/2
f 1003/4/2 1001/4/2 1004/4/2
f 998/4/2 999/4/2 1005/4/2
f 1005/4/2 999/4/2 1006/4/2
f 1002/4/2 1003/4/2 1007/4/2
f 1007/4/2 1003/4/2 1008/4/2
f 1009/2/2 1010/2/2 1011/2/2
f 1011/2/2 1010/2/2 1012/2/2
f 1013/4/2 1014/4/2 1018/4/2
f 1018/4/2 1014/4/2 1019/4/2
f 1015/4/2 1016/4/2 1020/4/2
f 1020/4/2 1016/4/2 1021/4/2
f 1017/2/2 1018/2/2 1022/2/2
f 1022/2/2 1018/2/2 1023/2/2
f 1023/1/2 1024/1/2 1025/1/2
f 1025/1/2 1024/1/2 1026/1/2
f 1025/2/2 1026/2/2 1027/2/2
f 1025/2/2 1027/2/2 1028/2/2
f 1028/2/2 1027/2/2 1029/2/2
f 1028/1/2 1029/1/2 1030/1/2
f 1028/1/2 1030/1/2 1031/1/2
f 1031/1/2 1030/1/2 1032/1/2
f 1031/2/2 1032/2/2 1033/2/2
f 1033/2/2 1032/2/2 1034/2/2
f 1033/1/2 1034/1/2 1036/1/2
f 1036/1/2 1034/1/2 1037/1/2
f 1035/2/2 1036/2/2 1038/2/2
f 1038/2/2 1036/2/2 1039/2/2
f 1041/4/2 1042/4/2 1044/4/2
f 1044/4/2 1042/4/2 1045/4/2
f 1039/4/2 1040/4/2 1046/4/2
f 1046/4/2 1040/4/2 1047/4/2
f 1043/4/2 1044/4/2 1048/4/2
f 1048/4/2 1044/4/2 1049/4/2
f 1050/2/2 1051/2/2 1052/2/2
f 1052/2/2 1051/2/2 1053/2/2
f 1054/4/2 1055/4/2 1059/4/2
f 1059/4/2 1055/4/2 1060/4/2
f 1056/4/2 1057/4/2 1061/4/2
f 1061/4/2 1057/4/2 1062/4/2
f 1058/2/2 1059/2/2 1063/2/2
f 1063/2/2 1059/2/2 1064/2/2
f 1064/1/2 1065/1/2 1066/1/2
f 1066/1/2 1065/1/2 1067/1/2
f 1066/2/2 1067/2/2 1068/2/2
f 1068/2/2 1067/2/2 1069/2/2
f 1068/1/2 1069/1/2 1070/1/2
f 1068/1/2 1070/1/2 1071/1/2
f 1068/1/2 1071/1/2 1072/1/2
f 1072/1/2 1071/1/2 1073/1/2
f 1072/2/2 1073/2/2 1074/2/2
f 1072/2/2 1074/2/2 1075/2/2
f 1072/2/2 1075/2/2 1076/2/2
f 1076/2/2 1075/2/2 1077/2/2
f 1076/1/2 1077/1/2 1079/1/2
f 1079/1/2 1077/1/2 1080/1/2
f 1078/2/2 1079/2/2 1081/2/2
f 1081/2/2 1079/2/2 1082/2/2
f 1084/4/2 1085/4/2 1087/4/2
f 1087/4/2 1085/4/2 1088/4/2
f 1082/4/2 1083/4/2 1089/4/2
f 1089/4/2 1083/4/2 1090/4/2
f 1086/4/2 1087/4/2 1091/4/2
f 1091/4/2 1087/4/2 1092/4/2
f 1093/4/2 1094/4/2 1098/4/2
f 1098/4/2 1094/4/2 1099/4/2
f 1095/4/2 1096/4/2 1100/4/2
f 1100/4/2 1096/4/2 1101/4/2
f 1097/2/2 1098/2/2 1103/2/2
f 1103/2/2 1098/2/2 1104/2/2
f 1105/2/2 1106/2/2 1107/2/2
f 1107/2/2 1106/2/2 1108/2/2
f 1107/1/2 1108/1/2 1109/1/2
f 1107/1/2 1109/1/2 1110/1/2
f 1110/1/2 1109/1/2 1111/1/2
f 1110/2/2 1111/2/2 1112/2/2
f 1112/2/2 1111/2/2 1113/2/2
f 1112/1/2 1113/1/2 1114/1/2
f 1114/1/2 1113/1/2 1115/1/2
f 1114/2/2 1115/2/2 1116/2/2
f 1116/2/2 1115/2/2 1117/2/2
f 1116/1/2 1117/1/2 1118/1/2
f 1118/1/2 1117/1/2 1119/1/2
f 1118/2/2 1119/2/2 1120/2/2
f 1118/2/2 1120/2/2 1121/2/2
f 1121/2/2 1120/2/2 1122/2/2
f 1121/1/2 1122/1/2 1123/1/2
f 1123/1/2 1122/1/2 1124/1/2
f 1125/2/2 1126/2/2 1127/2/2
f 1127/2/2 1126/2/2 1128/2/2
f 1101/2/2 1102/2/2 1131/2/2
f 1131/2/2 1102/2/2 1132/2/2
f 1130/4/2 1131/4/2 1134/4/2
f 1134/4/2 1131/4/2 1135/4/2
f 1128/4/2 1129/4/2 1136/4/2
f 1136/4/2 1129/4/2 1137/4/2
f 1133/4/2 1134/4/2 1138/4/2
f 1138/4/2 1134/4/2 1139/4/2
f 1140/2/2 1141/2/2 1142/2/2
f 1142/2/2 1141/2/2 1143/2/2
f 1144/4/2 1145/4/2 1149/4/2
f 1149/4/2 1145/4/2 1150/4/2
f 1146/4/2 1147/4/2 1151/4/2
f 1151/4/2 1147/4/2 1152/4/2
f 1148/2/2 1149/2/2 1153/2/2
f 1153/2/2 1149/2/2 1154/2/2
f 1155/2/2 1156/2/2 1157/2/2
f 1155/2/2 1157/2/2 1158/2/2
f 1155/2/2 1158/2/2 1159/2/2
f 1159/2/2 1158/2/2 1160/2/2
f 1159/1/2 1160/1/2 1161/1/2
f 1161/1/2 1160/1/2 1162/1/2
f 1161/2/2 1162/2/2 1163/2/2
f 1161/2/2 1163/2/2 1164/2/2
f 1161/2/2 1164/2/2 1165/2/2
f 1165/2/2 1164/2/2 1166/2/2
f 1165/1/2 1166/1/2 1167/1/2
f 1167/1/2 1166/1/2 1168/1/2
f 1169/2/2 1170/2/2 1171/2/2
f 1171/2/2 1170/2/2 1172/2/2
f 1174/4/2 1175/4/2 1177/4/2
f 1177/4/2 1175/4/2 1178/4/2
f 1172/4/2 1173/4/2 1179/4/2
f 1179/4/2 1173/4/2 1180/4/2
f 1176/4/2 1177/4/2 1181/4/2
f 1181/4/2 1177/4/2 1182/4/2
f 1183/4/2 1184/4/2 1188/4/2
f 1188/4/2 1184/4/2 1189/4/2
f 1185/4/2 1186/4/2 1190/4/2
f 1190/4/2 1186/4/2 1191/4/2
f 1187/2/2 1188/2/2 1193/2/2
f 1193/2/2 1188/2/2 1194/2/2
f 1195/2/2 1196/2/2 1197/2/2
f 1197/2/2 1196/2/2 1198/2/2
f 1197/1/2 1198/1/2 1199/1/2
f 1199/1/2 1198/1/2 1200/1/2
f 1199/2/2 1200/2/2 1201/2/2
f 1201/2/2 1200/2/2 1202/2/2
f 1201/1/2 1202/1/2 1203/1/2
f 1203/1/2 1202/1/2 1204/1/2
f 1203/2/2 1204/2/2 1205/2/2
f 1203/2/2 1205/2/2 1206/2/2
f 1206/2/2 1205/2/2 1207/2/2
f 1206/1/2 1207/1/2 1208/1/2
f 1208/1/2 1207/1/2 1209/1/2
f 1210/2/2 1211/2/2 1212/2/2
f 1212/2/2 1211/2/2 1213/2/2
f 1191/2/2 1192/2/2 1216/2/2
f 1216/2/2 1192/2/2 1217/2/2
f 1215/4/2 1216/4/2 1219/4/2
f 1219/4/2 1216/4/2 1220/4/2
f 1213/4/2 1214/4/2 1221/4/2
f 1221/4/2 1214/4/2 1222/4/2
f 1218/4/2 1219/4/2 1223/4/2
f 1223/4/2 1219/4/2 1224/4/2
f 1225/4/2 1226/4/2 1230/4/2
f 1230/4/2 1226/4/2 1231/4/2
f 1227/4/2 1228/4/2 1232/4/2
f 1232/4/2 1228/4/2 1233/4/2
f 1229/2/2 1230/2/2 1234/2/2
f 1234/2/2 1230/2/2 1235/2/2
f 1236/2/2 1237/2/2 1238/2/2
f 1238/2/2 1237/2/2 1239/2/2
f 1238/1/2 1239/1/2 1240/1/2
f 1240/1/2 1239/1/2 1241/1/2
f 1242/2/2 1243/2/2 1244/2/2
f 1244/2/2 1243/2/2 1245/2/2
f 1247/4/2 1248/4/2 1250/4/2
f 1250/4/2 1248/4/2 1251/4/2
f 1245/4/2 1246/4/2 1252/4/2
f 1252/4/2 1246/4/2 1253/4/2
f 1249/4/2 1250/4/2 1254/4/2
f 1254/4/2 1250/4/2 1255/4/2
f 1256/4/2 1257/4/2 1261/4/2
f 1261/4/2 1257/4/2 1262/4/2
f 1258/4/2 1259/4/2 1263/4/2
f 1263/4/2 1259/4/2 1264/4/2
f 1260/2/2 1261/2/2 1266/2/2
f 1266/2/2 1261/2/2 1267/2/2
f 1268/2/2 1269/2/2 1270/2/2
f 1270/2/2 1269/2/2 1271/2/2
f 1264/2/2 1265/2/2 1274/2/2
f 1274/2/2 1265/2/2 1275/2/2
f 1273/4/2 1274/4/2 1277/4/2
f 1277/4/2 1274/4/2 1278/4/2
f 1271/4/2 1272/4/2 1279/4/2
f 1279/4/2 1272/4/2 1280/4/2
f 1276/4/2 1277/4/2 1281/4/2
f 1281/4/2 1277/4/2 1282/4/2
f 1283/4/2 1284/4/2 1288/4/2
f 1288/4/2 1284/4/2 1289/4/2
f 1285/4/2 1286/4/2 1290/4/2
f 1290/4/2 1286/4/2 1291/4/2
f 1287/2/2 1288/2/2 1293/2/2
f 1293/2/2 1288/2/2 1294/2/2
f 1291/2/2 1292/2/2 1297/2/2
f 1297/2/2 1292/2/2 1298/2/2
f 1296/4/2 1297/4/2 1300/4/2
f 1300/4/2 1297/4/2 1301/4/2
f 1294/4/2 1295/4/2 1302/4/2
f 1302/4/2 1295/4/2 1303/4/2
f 1299/4/2 1300/4/2 1304/4/2
f 1304/4/2 1300/4/2 1305/4/2
f 1306/4/2 1307/4/2 1311/4/2
f 1311/4/2 1307/4/2 1312/4/2
f 1312/4/2 1307/4/2 1313/4/2
f 1308/4/2 1309/4/2 1314/4/2
f 1314/4/2 1309/4/2 1315/4/2
f 1310/2/2 1311/2/2 1317/2/2
f 1311/2/2 1312/2/2 1317/2/2
f 1317/2/2 1312/2/2 1318/2/2
f 1318/2/2 1312/2/2 1319/2/2
f 1315/2/2 1316/2/2 1322/2/2
f 1322/2/2 1316/2/2 1323/2/2
f 1321/4/2 1322/4/2 1325/4/2
f 1325/4/2 1322/4/2 1326/4/2
f 1319/4/2 1320/4/2 1327/4/2
f 1318/4/2 1319/4/2 1327/4/2
f 1327/4/2 1320/4/2 1328/4/2
f 1324/4/2 1325/4/2 1329/4/2
f 1329/4/2 1325/4/2 1330/4/2
f 1331/4/2 1332/4/2 1336/4/2
f 1336/4/2 1332/4/2 1337/4/2
f 1337/4/2 1332/4/2 1338/4/2
f 1333/4/2 1334/4/2 1339/4/2
f 1339/4/2 1334/4/2 1340/4/2
f 1335/2/2 1336/2/2 1342/2/2
f 1336/2/2 1337/2/2 1342/2/2
f 1342/2/2 1337/2/2 1343/2/2
f 1343/2/2 1337/2/2 1344/2/2
f 1340/2/2 1341/2/2 1347/2/2
f 1347/2/2 1341/2/2 1348/2/2
f 1346/4/2 1347/4/2 1350/4/2
f 1350/4/2 1347/4/2 1351/4/2
f 1344/4/2 1345/4/2 1352/4/2
f 1343/4/2 1344/4/2 1352/4/2
f 1352/4/2 1345/4/2 1353/4/2
f 1349/4/2 1350/4/2 1354/4/2
f 1354/4/2 1350/4/2 1355/4/2
f 1356/4/2 1357/4/2 1361/4/2
f 1361/4/2 1357/4/2 1362/4/2
f 1362/4/2 1357/4/2 1363/4/2
f 1358/4/2 1359/4/2 1364/4/2
f 1364/4/2 1359/4/2 1365/4/2
f 1360/2/2 1361/2/2 1367/2/2
f 1361/2/2 1362/2/2 1367/2/2
f 1367/2/2 1362/2/2 1368/2/2
f 1368/2/2 1362/2/2 1369/2/2
f 1365/2/2 1366/2/2 1372/2/2
f 1372/2/2 1366/2/2 1373/2/2
f 1371/4/2 1372/4/2 1374/4/2
f 1374/4/2 1372/4/2 1375/4/2
f 1369/4/2 1370/4/2 1376/4/2
f 1368/4/2 1369/4/2 1376/4/2
f 1376/4/2 1370/4/2 1377/4/2
f 1378/4/2 1379/4/2 1380/4/2
f 1380/4/2 1379/4/2 1381/4/2
f 1382/2/2 1383/2/2 1386/2/2
f 1386/2/2 1383/2/2 1387/2/2
f 1384/4/2 1385/4/2 1388/4/2
f 1388/4/2 1385/4/2 1389/4/2
f 1390/2/2 1391/2/2 1392/2/2
f 1392/2/2 1391/2/2 1393/2/2
f 1398/2/3 1395/2/3 1394/2/3
f 1401/2/3 1397/2/3 1396/2/3
f 1402/2/3 1399/2/3 1398/2/3
f 1405/2/3 1401/2/3 1400/2/3
f 1406/2/3 1403/2/3 1402/2/3
f 1407/2/3 1405/2/3 1404/2/3
f 1408/2/3 1405/2/3 1407/2/3
f 1408/2/3 1407/2/3 1406/2/3
f 1409/2/3 1397/2/3 1401/2/3
f 1409/2/3 1405/2/3 1408/2/3
f 1409/2/3 1401/2/3 1405/2/3
f 1410/2/3 1408/2/3 1406/2/3
f 1411/2/3 1408/2/3 1410/2/3
f 1412/2/3 1397/2/3 1409/2/3
f 1413/2/3 1397/2/3 1412/2/3
f 1414/2/3 1406/2/3 1402/2/3
f 1414/2/3 1410/2/3 1406/2/3
f 1415/2/3 1410/2/3 1414/2/3
f 1416/2/3 1397/2/3 1413/2/3
f 1417/2/3 1397/2/3 1416/2/3
f 1418/2/3 1398/2/3 1394/2/3
f 1418/2/3 1402/2/3 1398/2/3
f 1418/2/3 1414/2/3 1402/2/3
f 1419/2/3 1414/2/3 1418/2/3
f 1420/2/3 1397/2/3 1417/2/3
f 1421/2/3 1397/2/3 1420/2/3
f 1424/2/3 1423/2/3 1422/2/3
f 1431/2/3 1427/2/3 1426/2/3
f 1432/2/3 1425/2/3 1424/2/3
f 1434/2/3 1431/2/3 1430/2/3
f 1434/2/3 1427/2/3 1431/2/3
f 1437/2/3 1429/2/3 1428/2/3
f 1439/2/3 1435/2/3 1434/2/3
f 1439/2/3 1434/2/3 1430/2/3
f 1440/2/3 1435/2/3 1439/2/3
f 1441/2/3 1437/2/3 1436/2/3
f 1443/2/3 1424/2/3 1422/2/3
f 1443/2/3 1433/2/3 1432/2/3
f 1443/2/3 1432/2/3 1424/2/3
f 1444/2/3 1433/2/3 1443/2/3
f 1448/2/3 1441/2/3 1440/2/3
f 1448/2/3 1440/2/3 1439/2/3
f 1448/2/3 1439/2/3 1438/2/3
f 1449/2/3 1437/2/3 1441/2/3
f 1449/2/3 1429/2/3 1437/2/3
f 1449/2/3 1441/2/3 1448/2/3
f 1451/1/3 1446/1/3 1445/1/3
f 1452/1/3 1446/1/3 1451/1/3
f 1453/2/3 1447/2/3 1446/2/3
f 1453/1/3 1446/1/3 1452/1/3
f 1454/1/3 1448/1/3 1447/1/3
f 1454/2/3 1447/2/3 1453/2/3
f 1455/1/3 1448/1/3 1454/1/3
f 1456/1/3 1448/1/3 1455/1/3
f 1457/1/3 1453/1/3 1452/1/3
f 1457/1/3 1455/1/3 1454/1/3
f 1457/1/3 1454/1/3 1453/1/3
f 1458/1/3 1455/1/3 1457/1/3
f 1459/1/3 1455/1/3 1458/1/3
f 1460/1/3 1455/1/3 1459/1/3
f 1461/1/3 1459/1/3 1458/1/3
f 1462/1/3 1459/1/3 1461/1/3
f 1466/1/3 1464/1/3 1463/1/3
f 1467/1/3 1464/1/3 1466/1/3
f 1470/1/3 1466/1/3 1465/1/3
f 1470/1/3 1468/1/3 1467/1/3
f 1470/1/3 1467/1/3 1466/1/3
f 1471/1/3 1468/1/3 1470/1/3
f 1472/1/3 1468/1/3 1471/1/3
f 1473/1/3 1468/1/3 1472/1/3
f 1474/1/3 1468/1/3 1473/1/3
f 1475/1/3 1468/1/3 1474/1/3
f 1477/4/3 1443/4/3 1442/4/3
f 1478/4/3 1443/4/3 1477/4/3
f 1480/1/3 1470/1/3 1469/1/3
f 1480/1/3 1471/1/3 1470/1/3
f 1481/2/3 1472/2/3 1471/2/3
f 1481/1/3 1471/1/3 1480/1/3
f 1482/1/3 1473/1/3 1472/1/3
f 1482/2/3 1472/2/3 1481/2/3
f 1483/2/3 1474/2/3 1473/2/3
f 1483/1/3 1473/1/3 1482/1/3
f 1484/1/3 1476/1/3 1475/1/3
f 1484/2/3 1474/2/3 1483/2/3
f 1484/1/3 1475/1/3 1474/1/3
f 1485/1/3 1476/1/3 1484/1/3
f 1487/4/3 1450/4/3 1449/4/3
f 1488/4/3 1450/4/3 1487/4/3
f 1489/2/3 1479/2/3 1478/2/3
f 1490/2/3 1479/2/3 1489/2/3
f 1491/2/3 1487/2/3 1486/2/3
f 1492/2/3 1487/2/3 1491/2/3
f 1493/2/3 1489/2/3 1478/2/3
f 1494/2/3 1489/2/3 1493/2/3
f 1495/2/3 1487/2/3 1492/2/3
f 1496/2/3 1487/2/3 1495/2/3
f 1497/2/3 1493/2/3 1478/2/3
f 1498/2/3 1493/2/3 1497/2/3
f 1499/2/3 1487/2/3 1496/2/3
f 1500/2/3 1487/2/3 1499/2/3
f 1503/2/3 1502/2/3 1501/2/3
f 1504/2/3 1502/2/3 1503/2/3
f 1514/2/3 1506/2/3 1505/2/3
f 1515/2/3 1506/2/3 1514/2/3
f 1522/2/3 1508/2/3 1507/2/3
f 1523/2/3 1508/2/3 1522/2/3
f 1525/2/3 1513/2/3 1512/2/3
f 1526/2/3 1513/2/3 1525/2/3
f 1527/2/3 1513/2/3 1526/2/3
f 1528/1/3 1514/1/3 1513/1/3
f 1528/2/3 1513/2/3 1527/2/3
f 1529/1/3 1514/1/3 1528/1/3
f 1530/1/3 1517/1/3 1516/1/3
f 1530/2/3 1518/2/3 1517/2/3
f 1531/2/3 1518/2/3 1530/2/3
f 1532/1/3 1519/1/3 1518/1/3
f 1532/2/3 1518/2/3 1531/2/3
f 1533/2/3 1520/2/3 1519/2/3
f 1533/1/3 1519/1/3 1532/1/3
f 1534/1/3 1521/1/3 1520/1/3
f 1534/2/3 1520/2/3 1533/2/3
f 1535/1/3 1512/1/3 1511/1/3
f 1536/2/3 1525/2/3 1512/2/3
f 1536/1/3 1512/1/3 1535/1/3
f 1537/2/3 1525/2/3 1536/2/3
f 1538/1/3 1526/1/3 1525/1/3
f 1538/2/3 1525/2/3 1537/2/3
f 1539/1/3 1526/1/3 1538/1/3
f 1540/2/3 1527/2/3 1526/2/3
f 1541/1/3 1528/1/3 1527/1/3
f 1541/2/3 1527/2/3 1540/2/3
f 1542/1/3 1531/1/3 1530/1/3
f 1542/1/3 1530/1/3 1516/1/3
f 1543/2/3 1533/2/3 1532/2/3
f 1543/1/3 1531/1/3 1542/1/3
f 1543/2/3 1532/2/3 1531/2/3
f 1544/1/3 1534/1/3 1533/1/3
f 1544/2/3 1533/2/3 1543/2/3
f 1545/1/3 1534/1/3 1544/1/3
f 1546/1/3 1521/1/3 1534/1/3
f 1546/1/3 1534/1/3 1545/1/3
f 1547/2/3 1539/2/3 1538/2/3
f 1547/1/3 1537/1/3 1536/1/3
f 1547/2/3 1538/2/3 1537/2/3
f 1548/2/3 1539/2/3 1547/2/3
f 1549/1/3 1526/1/3 1539/1/3
f 1549/2/3 1539/2/3 1548/2/3
f 1550/2/3 1540/2/3 1526/2/3
f 1550/1/3 1526/1/3 1549/1/3
f 1551/1/3 1528/1/3 1541/1/3
f 1551/1/3 1541/1/3 1540/1/3
f 1552/1/3 1528/1/3 1551/1/3
f 1553/1/3 1545/1/3 1544/1/3
f 1553/1/3 1544/1/3 1543/1/3
f 1554/1/3 1545/1/3 1553/1/3
f 1555/4/3 1510/4/3 1509/4/3
f 1556/4/3 1510/4/3 1555/4/3
f 1557/1/3 1548/1/3 1547/1/3
f 1557/1/3 1547/1/3 1536/1/3
f 1558/1/3 1548/1/3 1557/1/3
f 1559/2/3 1549/2/3 1548/2/3
f 1559/1/3 1548/1/3 1558/1/3
f 1559/2/3 1550/2/3 1549/2/3
f 1560/2/3 1550/2/3 1559/2/3
f 1561/2/3 1540/2/3 1550/2/3
f 1561/2/3 1550/2/3 1560/2/3
f 1562/1/3 1551/1/3 1540/1/3
f 1562/2/3 1540/2/3 1561/2/3
f 1563/1/3 1551/1/3 1562/1/3
f 1564/4/3 1524/4/3 1523/4/3
f 1565/4/3 1524/4/3 1564/4/3
f 1581/1/3 1569/1/3 1568/1/3
f 1581/1/3 1570/1/3 1569/1/3
f 1582/1/3 1570/1/3 1581/1/3
f 1583/2/3 1571/2/3 1570/2/3
f 1583/1/3 1570/1/3 1582/1/3
f 1584/2/3 1571/2/3 1583/2/3
f 1585/2/3 1573/2/3 1572/2/3
f 1585/2/3 1574/2/3 1573/2/3
f 1585/2/3 1575/2/3 1574/2/3
f 1586/2/3 1575/2/3 1585/2/3
f 1587/2/3 1575/2/3 1586/2/3
f 1588/2/3 1575/2/3 1587/2/3
f 1589/1/3 1577/1/3 1576/1/3
f 1589/2/3 1575/2/3 1588/2/3
f 1589/1/3 1576/1/3 1575/1/3
f 1590/1/3 1577/1/3 1589/1/3
f 1591/1/3 1577/1/3 1590/1/3
f 1594/1/3 1581/1/3 1580/1/3
f 1595/2/3 1582/2/3 1581/2/3
f 1595/1/3 1581/1/3 1594/1/3
f 1596/1/3 1584/1/3 1583/1/3
f 1596/2/3 1582/2/3 1595/2/3
f 1596/1/3 1583/1/3 1582/1/3
f 1597/2/3 1571/2/3 1584/2/3
f 1597/1/3 1584/1/3 1596/1/3
f 1598/1/3 1572/1/3 1571/1/3
f 1598/2/3 1571/2/3 1597/2/3
f 1599/2/3 1585/2/3 1572/2/3
f 1599/1/3 1586/1/3 1585/1/3
f 1600/2/3 1587/2/3 1586/2/3
f 1600/1/3 1586/1/3 1599/1/3
f 1601/1/3 1588/1/3 1587/1/3
f 1601/2/3 1587/2/3 1600/2/3
f 1602/2/3 1589/2/3 1588/2/3
f 1602/1/3 1588/1/3 1601/1/3
f 1602/2/3 1590/2/3 1589/2/3
f 1603/1/3 1592/1/3 1591/1/3
f 1603/2/3 1590/2/3 1602/2/3
f 1603/1/3 1591/1/3 1590/1/3
f 1604/1/3 1592/1/3 1603/1/3
f 1605/1/3 1592/1/3 1604/1/3
f 1607/1/3 1594/1/3 1593/1/3
f 1607/2/3 1597/2/3 1596/2/3
f 1607/2/3 1596/2/3 1595/2/3
f 1607/2/3 1595/2/3 1594/2/3
f 1608/2/3 1597/2/3 1607/2/3
f 1609/1/3 1598/1/3 1597/1/3
f 1609/2/3 1597/2/3 1608/2/3
f 1610/1/3 1572/1/3 1598/1/3
f 1610/1/3 1598/1/3 1609/1/3
f 1611/4/3 1567/4/3 1566/4/3
f 1612/4/3 1567/4/3 1611/4/3
f 1614/1/3 1608/1/3 1607/1/3
f 1614/1/3 1607/1/3 1593/1/3
f 1615/2/3 1609/2/3 1608/2/3
f 1615/1/3 1608/1/3 1614/1/3
f 1615/2/3 1610/2/3 1609/2/3
f 1616/1/3 1572/1/3 1610/1/3
f 1616/2/3 1610/2/3 1615/2/3
f 1617/2/3 1600/2/3 1599/2/3
f 1617/1/3 1572/1/3 1616/1/3
f 1617/2/3 1599/2/3 1572/2/3
f 1618/1/3 1601/1/3 1600/1/3
f 1618/2/3 1600/2/3 1617/2/3
f 1619/2/3 1604/2/3 1603/2/3
f 1619/1/3 1601/1/3 1618/1/3
f 1619/2/3 1603/2/3 1602/2/3
f 1619/2/3 1602/2/3 1601/2/3
f 1620/1/3 1606/1/3 1605/1/3
f 1620/2/3 1604/2/3 1619/2/3
f 1620/1/3 1605/1/3 1604/1/3
f 1621/1/3 1606/1/3 1620/1/3
f 1623/4/3 1579/4/3 1578/4/3
f 1624/4/3 1579/4/3 1623/4/3
f 1625/2/3 1613/2/3 1612/2/3
f 1626/2/3 1613/2/3 1625/2/3
f 1627/2/3 1623/2/3 1622/2/3
f 1628/2/3 1623/2/3 1627/2/3
f 1635/2/3 1630/2/3 1629/2/3
f 1636/2/3 1630/2/3 1635/2/3
f 1642/2/3 1632/2/3 1631/2/3
f 1643/2/3 1632/2/3 1642/2/3
f 1648/2/3 1634/2/3 1633/2/3
f 1649/2/3 1634/2/3 1648/2/3
f 1651/2/3 1641/2/3 1640/2/3
f 1652/1/3 1642/1/3 1641/1/3
f 1652/2/3 1641/2/3 1651/2/3
f 1653/2/3 1645/2/3 1644/2/3
f 1653/1/3 1646/1/3 1645/1/3
f 1654/2/3 1647/2/3 1646/2/3
f 1654/1/3 1646/1/3 1653/1/3
f 1655/2/3 1647/2/3 1654/2/3
f 1656/2/3 1647/2/3 1655/2/3
f 1657/2/3 1647/2/3 1656/2/3
f 1658/4/3 1638/4/3 1637/4/3
f 1659/4/3 1638/4/3 1658/4/3
f 1660/1/3 1640/1/3 1639/1/3
f 1661/2/3 1651/2/3 1640/2/3
f 1661/1/3 1640/1/3 1660/1/3
f 1662/2/3 1651/2/3 1661/2/3
f 1663/1/3 1652/1/3 1651/1/3
f 1663/2/3 1651/2/3 1662/2/3
f 1664/1/3 1642/1/3 1652/1/3
f 1664/1/3 1652/1/3 1663/1/3
f 1665/1/3 1642/1/3 1664/1/3
f 1666/1/3 1644/1/3 1643/1/3
f 1667/2/3 1653/2/3 1644/2/3
f 1667/1/3 1644/1/3 1666/1/3
f 1667/2/3 1654/2/3 1653/2/3
f 1668/2/3 1654/2/3 1667/2/3
f 1669/1/3 1655/1/3 1654/1/3
f 1669/2/3 1654/2/3 1668/2/3
f 1670/2/3 1656/2/3 1655/2/3
f 1670/1/3 1655/1/3 1669/1/3
f 1671/1/3 1657/1/3 1656/1/3
f 1671/2/3 1656/2/3 1670/2/3
f 1672/2/3 1647/2/3 1657/2/3
f 1672/1/3 1657/1/3 1671/1/3
f 1673/2/3 1647/2/3 1672/2/3
f 1674/1/3 1648/1/3 1647/1/3
f 1674/2/3 1647/2/3 1673/2/3
f 1675/1/3 1648/1/3 1674/1/3
f 1676/4/3 1650/4/3 1649/4/3
f 1677/4/3 1650/4/3 1676/4/3
f 1698/2/3 1682/2/3 1681/2/3
f 1698/1/3 1683/1/3 1682/1/3
f 1698/1/3 1684/1/3 1683/1/3
f 1699/2/3 1685/2/3 1684/2/3
f 1699/1/3 1684/1/3 1698/1/3
f 1700/1/3 1686/1/3 1685/1/3
f 1700/2/3 1685/2/3 1699/2/3
f 1700/1/3 1687/1/3 1686/1/3
f 1701/1/3 1687/1/3 1700/1/3
f 1702/2/3 1688/2/3 1687/2/3
f 1702/1/3 1687/1/3 1701/1/3
f 1703/1/3 1689/1/3 1688/1/3
f 1703/2/3 1688/2/3 1702/2/3
f 1704/2/3 1690/2/3 1689/2/3
f 1704/1/3 1689/1/3 1703/1/3
f 1705/1/3 1691/1/3 1690/1/3
f 1705/2/3 1690/2/3 1704/2/3
f 1706/2/3 1693/2/3 1692/2/3
f 1706/1/3 1691/1/3 1705/1/3
f 1706/2/3 1692/2/3 1691/2/3
f 1707/4/3 1679/4/3 1678/4/3
f 1708/4/3 1679/4/3 1707/4/3
f 1709/1/3 1681/1/3 1680/1/3
f 1710/2/3 1698/2/3 1681/2/3
f 1710/2/3 1699/2/3 1698/2/3
f 1710/1/3 1681/1/3 1709/1/3
f 1711/1/3 1701/1/3 1700/1/3
f 1711/2/3 1699/2/3 1710/2/3
f 1711/1/3 1700/1/3 1699/1/3
f 1712/2/3 1705/2/3 1704/2/3
f 1712/1/3 1701/1/3 1711/1/3
f 1712/2/3 1702/2/3 1701/2/3
f 1712/2/3 1706/2/3 1705/2/3
f 1712/2/3 1703/2/3 1702/2/3
f 1712/2/3 1704/2/3 1703/2/3
f 1713/2/3 1693/2/3 1706/2/3
f 1713/2/3 1706/2/3 1712/2/3
f 1713/1/3 1695/1/3 1694/1/3
f 1713/1/3 1694/1/3 1693/1/3
f 1714/1/3 1695/1/3 1713/1/3
f 1715/4/3 1697/4/3 1696/4/3
f 1716/4/3 1697/4/3 1715/4/3
f 1717/2/3 1709/2/3 1708/2/3
f 1718/2/3 1709/2/3 1717/2/3
f 1719/2/3 1715/2/3 1714/2/3
f 1720/2/3 1715/2/3 1719/2/3
f 1723/2/3 1722/2/3 1721/2/3
f 1724/2/3 1722/2/3 1723/2/3
f 1727/2/3 1723/2/3 1721/2/3
f 1728/2/3 1723/2/3 1727/2/3
f 1729/2/3 1722/2/3 1724/2/3
f 1730/2/3 1722/2/3 1729/2/3
f 1732/2/3 1726/2/3 1725/2/3
f 1733/2/3 1726/2/3 1732/2/3
f 1738/2/3 1727/2/3 1721/2/3
f 1739/2/3 1727/2/3 1738/2/3
f 1740/2/3 1727/2/3 1739/2/3
f 1743/2/3 1722/2/3 1730/2/3
f 1744/2/3 1722/2/3 1743/2/3
f 1745/2/3 1722/2/3 1744/2/3
f 1747/2/3 1735/2/3 1734/2/3
f 1747/1/3 1736/1/3 1735/1/3
f 1748/2/3 1737/2/3 1736/2/3
f 1748/1/3 1736/1/3 1747/1/3
f 1749/1/3 1740/1/3 1739/1/3
f 1749/1/3 1741/1/3 1740/1/3
f 1750/2/3 1742/2/3 1741/2/3
f 1750/1/3 1741/1/3 1749/1/3
f 1751/2/3 1742/2/3 1750/2/3
f 1752/2/3 1742/2/3 1751/2/3
f 1753/2/3 1742/2/3 1752/2/3
f 1754/1/3 1744/1/3 1743/1/3
f 1754/2/3 1742/2/3 1753/2/3
f 1754/1/3 1743/1/3 1742/1/3
f 1755/1/3 1744/1/3 1754/1/3
f 1756/4/3 1732/4/3 1731/4/3
f 1757/4/3 1732/4/3 1756/4/3
f 1758/1/3 1734/1/3 1733/1/3
f 1759/2/3 1747/2/3 1734/2/3
f 1759/1/3 1734/1/3 1758/1/3
f 1759/2/3 1748/2/3 1747/2/3
f 1760/1/3 1738/1/3 1737/1/3
f 1760/2/3 1748/2/3 1759/2/3
f 1760/2/3 1737/2/3 1748/2/3
f 1761/1/3 1738/1/3 1760/1/3
f 1762/1/3 1749/1/3 1739/1/3
f 1763/2/3 1750/2/3 1749/2/3
f 1763/1/3 1749/1/3 1762/1/3
f 1764/1/3 1751/1/3 1750/1/3
f 1764/2/3 1750/2/3 1763/2/3
f 1765/2/3 1752/2/3 1751/2/3
f 1765/1/3 1751/1/3 1764/1/3
f 1766/1/3 1753/1/3 1752/1/3
f 1766/2/3 1752/2/3 1765/2/3
f 1767/2/3 1755/2/3 1754/2/3
f 1767/1/3 1753/1/3 1766/1/3
f 1767/2/3 1754/2/3 1753/2/3
f 1768/1/3 1744/1/3 1755/1/3
f 1768/2/3 1755/2/3 1767/2/3
f 1769/1/3 1744/1/3 1768/1/3
f 1770/4/3 1746/4/3 1745/4/3
f 1771/4/3 1746/4/3 1770/4/3
f 1774/4/3 1773/4/3 1772/4/3
f 1775/4/3 1773/4/3 1774/4/3
f 1778/4/3 1777/4/3 1776/4/3
f 1779/4/3 1777/4/3 1778/4/3
f 1792/1/3 1783/1/3 1782/1/3
f 1792/1/3 1784/1/3 1783/1/3
f 1793/1/3 1784/1/3 1792/1/3
f 1794/2/3 1785/2/3 1784/2/3
f 1794/1/3 1784/1/3 1793/1/3
f 1795/1/3 1786/1/3 1785/1/3
f 1795/2/3 1785/2/3 1794/2/3
f 1796/1/3 1786/1/3 1795/1/3
f 1797/2/3 1788/2/3 1787/2/3
f 1797/1/3 1786/1/3 1796/1/3
f 1797/2/3 1787/2/3 1786/2/3
f 1798/4/3 1781/4/3 1780/4/3
f 1799/4/3 1781/4/3 1798/4/3
f 1800/1/3 1792/1/3 1782/1/3
f 1801/2/3 1793/2/3 1792/2/3
f 1801/1/3 1792/1/3 1800/1/3
f 1802/1/3 1796/1/3 1795/1/3
f 1802/2/3 1793/2/3 1801/2/3
f 1802/1/3 1795/1/3 1794/1/3
f 1802/1/3 1794/1/3 1793/1/3
f 1803/2/3 1797/2/3 1796/2/3
f 1803/1/3 1796/1/3 1802/1/3
f 1804/1/3 1789/1/3 1788/1/3
f 1804/2/3 1797/2/3 1803/2/3
f 1804/2/3 1788/2/3 1797/2/3
f 1805/1/3 1789/1/3 1804/1/3
f 1806/4/3 1791/4/3 1790/4/3
f 1807/4/3 1791/4/3 1806/4/3
f 1808/2/3 1800/2/3 1799/2/3
f 1809/2/3 1800/2/3 1808/2/3
f 1810/2/3 1806/2/3 1805/2/3
f 1811/2/3 1806/2/3 1810/2/3
f 1815/2/3 1813/2/3 1812/2/3
f 1816/2/3 1813/2/3 1815/2/3
f 1828/4/3 1815/4/3 1814/4/3
f 1829/4/3 1815/4/3 1828/4/3
f 1830/1/3 1817/1/3 1816/1/3
f 1831/2/3 1818/2/3 1817/2/3
f 1831/1/3 1817/1/3 1830/1/3
f 1832/1/3 1819/1/3 1818/1/3
f 1832/2/3 1818/2/3 1831/2/3
f 1833/2/3 1820/2/3 1819/2/3
f 1833/1/3 1819/1/3 1832/1/3
f 1834/1/3 1821/1/3 1820/1/3
f 1834/2/3 1820/2/3 1833/2/3
f 1835/1/3 1821/1/3 1834/1/3
f 1836/1/3 1825/1/3 1824/1/3
f 1836/1/3 1823/1/3 1822/1/3
f 1836/1/3 1824/1/3 1823/1/3
f 1837/1/3 1825/1/3 1836/1/3
f 1838/1/3 1825/1/3 1837/1/3
f 1839/1/3 1825/1/3 1838/1/3
f 1840/4/3 1827/4/3 1826/4/3
f 1841/4/3 1827/4/3 1840/4/3
f 1856/4/3 1843/4/3 1842/4/3
f 1857/4/3 1843/4/3 1856/4/3
f 1858/1/3 1845/1/3 1844/1/3
f 1859/2/3 1846/2/3 1845/2/3
f 1859/1/3 1845/1/3 1858/1/3
f 1860/1/3 1847/1/3 1846/1/3
f 1860/2/3 1846/2/3 1859/2/3
f 1861/2/3 1848/2/3 1847/2/3
f 1861/1/3 1847/1/3 1860/1/3
f 1862/1/3 1849/1/3 1848/1/3
f 1862/2/3 1848/2/3 1861/2/3
f 1863/2/3 1850/2/3 1849/2/3
f 1863/1/3 1849/1/3 1862/1/3
f 1864/1/3 1851/1/3 1850/1/3
f 1864/2/3 1850/2/3 1863/2/3
f 1865/2/3 1852/2/3 1851/2/3
f 1865/1/3 1851/1/3 1864/1/3
f 1866/1/3 1853/1/3 1852/1/3
f 1866/2/3 1852/2/3 1865/2/3
f 1867/1/3 1853/1/3 1866/1/3
f 1868/1/3 1853/1/3 1867/1/3
f 1869/4/3 1855/4/3 1854/4/3
f 1870/4/3 1855/4/3 1869/4/3
f 1871/2/3 1858/2/3 1857/2/3
f 1871/2/3 1859/2/3 1858/2/3
f 1872/2/3 1859/2/3 1871/2/3
f 1873/2/3 1868/2/3 1867/2/3
f 1873/2/3 1869/2/3 1868/2/3
f 1874/2/3 1869/2/3 1873/2/3
f 1877/2/3 1876/2/3 1875/2/3
f 1878/2/3 1876/2/3 1877/2/3
f 1879/2/3 1876/2/3 1878/2/3
f 1889/2/3 1881/2/3 1880/2/3
f 1890/2/3 1881/2/3 1889/2/3
f 1891/2/3 1881/2/3 1890/2/3
f 1893/2/3 1888/2/3 1887/2/3
f 1893/1/3 1889/1/3 1888/1/3
f 1893/1/3 1890/1/3 1889/1/3
f 1894/1/3 1890/1/3 1893/1/3
f 1897/4/3 1883/4/3 1882/4/3
f 1898/4/3 1883/4/3 1897/4/3
f 1899/1/3 1885/1/3 1884/1/3
f 1900/2/3 1886/2/3 1885/2/3
f 1900/1/3 1885/1/3 1899/1/3
f 1901/1/3 1887/1/3 1886/1/3
f 1901/2/3 1886/2/3 1900/2/3
f 1902/2/3 1893/2/3 1887/2/3
f 1902/1/3 1887/1/3 1901/1/3
f 1902/2/3 1894/2/3 1893/2/3
f 1903/1/3 1890/1/3 1894/1/3
f 1903/2/3 1894/2/3 1902/2/3
f 1904/1/3 1890/1/3 1903/1/3
f 1905/1/3 1896/1/3 1895/1/3
f 1906/1/3 1896/1/3 1905/1/3
f 1907/4/3 1892/4/3 1891/4/3
f 1908/4/3 1892/4/3 1907/4/3
f 1924/1/3 1912/1/3 1911/1/3
f 1924/1/3 1913/1/3 1912/1/3
f 1925/2/3 1914/2/3 1913/2/3
f 1925/1/3 1913/1/3 1924/1/3
f 1925/2/3 1915/2/3 1914/2/3
f 1925/2/3 1916/2/3 1915/2/3
f 1926/4/3 1910/4/3 1909/4/3
f 1927/4/3 1910/4/3 1926/4/3
f 1928/1/3 1924/1/3 1911/1/3
f 1929/2/3 1925/2/3 1924/2/3
f 1929/1/3 1924/1/3 1928/1/3
f 1930/2/3 1916/2/3 1925/2/3
f 1930/2/3 1925/2/3 1929/2/3
f 1930/1/3 1917/1/3 1916/1/3
f 1931/2/3 1919/2/3 1918/2/3
f 1931/1/3 1917/1/3 1930/1/3
f 1931/2/3 1918/2/3 1917/2/3
f 1932/1/3 1921/1/3 1920/1/3
f 1932/2/3 1919/2/3 1931/2/3
f 1932/1/3 1920/1/3 1919/1/3
f 1933/1/3 1921/1/3 1932/1/3
f 1934/1/3 1921/1/3 1933/1/3
f 1935/4/3 1923/4/3 1922/4/3
f 1936/4/3 1923/4/3 1935/4/3
f 1937/2/3 1929/2/3 1928/2/3
f 1937/2/3 1928/2/3 1927/2/3
f 1938/2/3 1929/2/3 1937/2/3
f 1939/2/3 1934/2/3 1933/2/3
f 1939/2/3 1935/2/3 1934/2/3
f 1940/2/3 1935/2/3 1939/2/3
f 1943/2/3 1942/2/3 1941/2/3
f 1944/2/3 1942/2/3 1943/2/3
f 1955/2/3 1946/2/3 1945/2/3
f 1956/2/3 1946/2/3 1955/2/3
f 1958/4/3 1948/4/3 1947/4/3
f 1959/4/3 1948/4/3 1958/4/3
f 1960/1/3 1950/1/3 1949/1/3
f 1960/1/3 1951/1/3 1950/1/3
f 1961/1/3 1951/1/3 1960/1/3
f 1962/2/3 1952/2/3 1951/2/3
f 1962/1/3 1951/1/3 1961/1/3
f 1963/1/3 1953/1/3 1952/1/3
f 1963/2/3 1952/2/3 1962/2/3
f 1964/2/3 1954/2/3 1953/2/3
f 1964/1/3 1953/1/3 1963/1/3
f 1965/2/3 1954/2/3 1964/2/3
f 1966/1/3 1955/1/3 1954/1/3
f 1966/2/3 1954/2/3 1965/2/3
f 1967/1/3 1955/1/3 1966/1/3
f 1968/4/3 1957/4/3 1956/4/3
f 1969/4/3 1957/4/3 1968/4/3
f 1983/4/3 1971/4/3 1970/4/3
f 1984/4/3 1971/4/3 1983/4/3
f 1985/1/3 1973/1/3 1972/1/3
f 1986/2/3 1974/2/3 1973/2/3
f 1986/1/3 1973/1/3 1985/1/3
f 1987/1/3 1975/1/3 1974/1/3
f 1987/2/3 1974/2/3 1986/2/3
f 1988/2/3 1976/2/3 1975/2/3
f 1988/1/3 1975/1/3 1987/1/3
f 1989/1/3 1977/1/3 1976/1/3
f 1989/2/3 1976/2/3 1988/2/3
f 1990/2/3 1978/2/3 1977/2/3
f 1990/1/3 1977/1/3 1989/1/3
f 1991/1/3 1979/1/3 1978/1/3
f 1991/2/3 1978/2/3 1990/2/3
f 1991/1/3 1980/1/3 1979/1/3
f 1992/1/3 1980/1/3 1991/1/3
f 1993/1/3 1980/1/3 1992/1/3
f 1994/4/3 1982/4/3 1981/4/3
f 1995/4/3 1982/4/3 1994/4/3
f 1996/2/3 1985/2/3 1984/2/3
f 1996/2/3 1986/2/3 1985/2/3
f 1997/2/3 1986/2/3 1996/2/3
f 1998/2/3 1993/2/3 1992/2/3
f 1998/2/3 1994/2/3 1993/2/3
f 1999/2/3 1994/2/3 1998/2/3
f 2006/2/3 2001/2/3 2000/2/3
f 2007/2/3 2001/2/3 2006/2/3
f 2008/2/3 2001/2/3 2007/2/3
f 2010/4/3 2003/4/3 2002/4/3
f 2011/4/3 2003/4/3 2010/4/3
f 2012/1/3 2005/1/3 2004/1/3
f 2013/1/3 2005/1/3 2012/1/3
f 2014/2/3 2006/2/3 2005/2/3
f 2014/1/3 2005/1/3 2013/1/3
f 2015/2/3 2006/2/3 2014/2/3
f 2016/2/3 2006/2/3 2015/2/3
f 2017/1/3 2007/1/3 2006/1/3
f 2017/2/3 2006/2/3 2016/2/3
f 2018/1/3 2007/1/3 2017/1/3
f 2019/1/3 2007/1/3 2018/1/3
f 2020/4/3 2009/4/3 2008/4/3
f 2021/4/3 2009/4/3 2020/4/3
f 2034/4/3 2023/4/3 2022/4/3
f 2035/4/3 2023/4/3 2034/4/3
f 2036/1/3 2025/1/3 2024/1/3
f 2037/2/3 2026/2/3 2025/2/3
f 2037/2/3 2027/2/3 2026/2/3
f 2037/1/3 2025/1/3 2036/1/3
f 2037/2/3 2028/2/3 2027/2/3
f 2037/2/3 2029/2/3 2028/2/3
f 2038/1/3 2031/1/3 2030/1/3
f 2038/2/3 2029/2/3 2037/2/3
f 2038/1/3 2030/1/3 2029/1/3
f 2039/1/3 2031/1/3 2038/1/3
f 2040/1/3 2031/1/3 2039/1/3
f 2041/4/3 2033/4/3 2032/4/3
f 2042/4/3 2033/4/3 2041/4/3
f 2043/2/3 2036/2/3 2035/2/3
f 2043/2/3 2037/2/3 2036/2/3
f 2044/2/3 2037/2/3 2043/2/3
f 2045/2/3 2040/2/3 2039/2/3
f 2045/2/3 2041/2/3 2040/2/3
f 2046/2/3 2041/2/3 2045/2/3
f 2055/4/3 2048/4/3 2047/4/3
f 2056/4/3 2048/4/3 2055/4/3
f 2057/1/3 2050/1/3 2049/1/3
f 2058/1/3 2050/1/3 2057/1/3
f 2059/2/3 2051/2/3 2050/2/3
f 2059/1/3 2050/1/3 2058/1/3
f 2060/1/3 2052/1/3 2051/1/3
f 2060/2/3 2051/2/3 2059/2/3
f 2061/1/3 2052/1/3 2060/1/3
f 2062/4/3 2054/4/3 2053/4/3
f 2063/4/3 2054/4/3 2062/4/3
f 2071/4/3 2065/4/3 2064/4/3
f 2072/4/3 2065/4/3 2071/4/3
f 2073/1/3 2067/1/3 2066/1/3
f 2073/1/3 2068/1/3 2067/1/3
f 2074/1/3 2068/1/3 2073/1/3
f 2075/4/3 2070/4/3 2069/4/3
f 2076/4/3 2070/4/3 2075/4/3
f 2077/2/3 2074/2/3 2073/2/3
f 2077/2/3 2075/2/3 2074/2/3
f 2077/2/3 2073/2/3 2072/2/3
f 2078/2/3 2075/2/3 2077/2/3
f 2081/2/3 2080/2/3 2079/2/3
f 2082/2/3 2080/2/3 2081/2/3
f 2085/2/3 2081/2/3 2079/2/3
f 2086/2/3 2081/2/3 2085/2/3
f 2087/2/3 2081/2/3 2086/2/3
f 2088/2/3 2084/2/3 2083/2/3
f 2089/2/3 2084/2/3 2088/2/3
f 2090/2/3 2084/2/3 2089/2/3
f 2098/2/3 2092/2/3 2091/2/3
f 2099/2/3 2092/2/3 2098/2/3
f 2100/2/3 2092/2/3 2099/2/3
f 2102/4/3 2094/4/3 2093/4/3
f 2103/4/3 2094/4/3 2102/4/3
f 2104/1/3 2097/1/3 2096/1/3
f 2104/1/3 2096/1/3 2095/1/3
f 2105/2/3 2098/2/3 2097/2/3
f 2105/1/3 2097/1/3 2104/1/3
f 2106/1/3 2099/1/3 2098/1/3
f 2106/2/3 2098/2/3 2105/2/3
f 2107/1/3 2099/1/3 2106/1/3
f 2108/4/3 2101/4/3 2100/4/3
f 2109/4/3 2101/4/3 2108/4/3
f 2114/4/3 2111/4/3 2110/4/3
f 2115/4/3 2111/4/3 2114/4/3
f 2116/4/3 2113/4/3 2112/4/3
f 2117/4/3 2113/4/3 2116/4/3
f 2118/2/3 2116/2/3 2115/2/3
f 2119/2/3 2116/2/3 2118/2/3
f 2126/4/3 2121/4/3 2120/4/3
f 2127/4/3 2121/4/3 2126/4/3
f 2128/1/3 2123/1/3 2122/1/3
f 2129/1/3 2123/1/3 2128/1/3
f 2130/1/3 2123/1/3 2129/1/3
f 2131/4/3 2125/4/3 2124/4/3
f 2132/4/3 2125/4/3 2131/4/3
f 2137/4/3 2134/4/3 2133/4/3
f 2138/4/3 2134/4/3 2137/4/3
f 2139/4/3 2136/4/3 2135/4/3
f 2140/4/3 2136/4/3 2139/4/3
f 2143/2/3 2142/2/3 2141/2/3
f 2144/2/3 2142/2/3 2143/2/3
f 2145/2/3 2142/2/3 2144/2/3
f 2146/2/3 2142/2/3 2145/2/3
f 2149/2/3 2148/2/3 2147/2/3
f 2150/2/3 2148/2/3 2149/2/3
f 2155/4/3 2152/4/3 2151/4/3
f 2156/4/3 2152/4/3 2155/4/3
f 2157/4/3 2154/4/3 2153/4/3
f 2158/4/3 2154/4/3 2157/4/3
f 2163/4/3 2160/4/3 2159/4/3
f 2164/4/3 2160/4/3 2163/4/3
f 2165/4/3 2162/4/3 2161/4/3
f 2166/4/3 2162/4/3 2165/4/3
f 2169/2/3 2168/2/3 2167/2/3
f 2170/2/3 2168/2/3 2169/2/3
f 2175/4/3 2172/4/3 2171/4/3
f 2176/2/3 2173/2/3 2172/2/3
f 2176/4/3 2172/4/3 2175/4/3
f 2177/4/3 2174/4/3 2173/4/3
f 2177/2/3 2173/2/3 2176/2/3
f 2178/4/3 2174/4/3 2177/4/3
f 2183/4/3 2180/4/3 2179/4/3
f 2184/4/3 2180/4/3 2183/4/3
f 2185/4/3 2182/4/3 2181/4/3
f 2186/4/3 2182/4/3 2185/4/3
f 2189/2/3 2188/2/3 2187/2/3
f 2190/2/3 2188/2/3 2189/2/3
f 2194/2/3 2192/2/3 2191/2/3
f 2195/2/3 2192/2/3 2194/2/3
f 2197/4/3 2194/4/3 2193/4/3
f 2198/2/3 2195/2/3 2194/2/3
f 2198/4/3 2194/4/3 2197/4/3
f 2199/4/3 2196/4/3 2195/4/3
f 2199/2/3 2195/2/3 2198/2/3
f 2200/4/3 2196/4/3 2199/4/3
f 2205/4/3 2202/4/3 2201/4/3
f 2206/4/3 2202/4/3 2205/4/3
f 2207/4/3 2204/4/3 2203/4/3
f 2208/4/3 2204/4/3 2207/4/3
f 2211/4/3 2210/4/3 2209/4/3
f 2212/4/3 2210/4/3 2211/4/3
f 2215/4/3 2214/4/3 2213/4/3
f 2216/4/3 2214/4/3 2215/4/3
f 2219/4/3 2218/4/3 2217/4/3
f 2220/4/3 2218/4/3 2219/4/3
f 2223/4/3 2222/4/3 2221/4/3
f 2224/4/3 2222/4/3 2223/4/3
f 2227/4/3 2226/4/3 2225/4/3
f 2228/4/3 2226/4/3 2227/4/3
f 2231/4/3 2230/4/3 2229/4/3
f 2232/4/3 2230/4/3 2231/4/3
f 2235/4/3 2234/4/3 2233/4/3
f 2236/4/3 2234/4/3 2235/4/3
f 2239/4/3 2238/4/3 2237/4/3
f 2240/4/3 2238/4/3 2239/4/3
f 2243/4/3 2242/4/3 2241/4/3
f 2244/4/3 2242/4/3 2243/4/3
f 2247/4/3 2246/4/3 2245/4/3
f 2248/4/3 2246/4/3 2247/4/3
f 2251/4/3 2250/4/3 2249/4/3
f 2252/4/3 2250/4/3 2251/4/3
f 2255/4/3 2254/4/3 2253/4/3
f 2256/4/3 2254/4/3 2255/4/3
f 2259/4/3 2258/4/3 2257/4/3
f 2260/4/3 2258/4/3 2259/4/3
f 2263/4/3 2262/4/3 2261/4/3
f 2264/4/3 2262/4/3 2263/4/3
f 2267/4/3 2266/4/3 2265/4/3
f 2268/4/3 2266/4/3 2267/4/3
f 2272/4/3 2270/4/3 2269/4/3
f 2273/4/3 2270/4/3 2272/4/3
f 2274/4/3 2272/4/3 2271/4/3
f 2275/4/3 2272/4/3 2274/4/3
f 2278/4/3 2277/4/3 2276/4/3
f 2279/4/3 2277/4/3 2278/4/3
f 2281/4/3 2280/4/3 2279/4/3
f 2282/4/3 2280/4/3 2281/4/3
f 2286/4/3 2284/4/3 2283/4/3
f 2287/4/3 2284/4/3 2286/4/3
f 2288/4/3 2286/4/3 2285/4/3
f 2289/4/3 2286/4/3 2288/4/3
f 2292/4/3 2291/4/3 2290/4/3
f 2293/4/3 2291/4/3 2292/4/3
f 2295/4/3 2294/4/3 2293/4/3
f 2296/4/3 2294/4/3 2295/4/3
f 2300/4/3 2298/4/3 2297/4/3
f 2301/4/3 2298/4/3 2300/4/3
f 2302/4/3 2300/4/3 2299/4/3
f 2303/4/3 2300/4/3 2302/4/3
f 2306/4/3 2305/4/3 2304/4/3
f 2307/4/3 2305/4/3 2306/4/3
f 2309/4/3 2308/4/3 2307/4/3
f 2310/4/3 2308/4/3 2309/4/3
f 2314/4/3 2312/4/3 2311/4/3
f 2315/4/3 2312/4/3 2314/4/3
f 2316/4/3 2314/4/3 2313/4/3
f 2317/4/3 2314/4/3 2316/4/3
f 2320/4/3 2319/4/3 2318/4/3
f 2321/4/3 2319/4/3 2320/4/3
f 2323/4/3 2322/4/3 2321/4/3
f 2324/4/3 2322/4/3 2323/4/3
f 2328/4/3 2326/4/3 2325/4/3
f 2329/4/3 2326/4/3 2328/4/3
f 2330/4/3 2328/4/3 2327/4/3
f 2331/4/3 2328/4/3 2330/4/3
f 2334/4/3 2333/4/3 2332/4/3
f 2335/4/3 2333/4/3 2334/4/3
f 2337/4/3 2336/4/3 2335/4/3
f 2338/4/3 2336/4/3 2337/4/3
f 2342/4/3 2340/4/3 2339/4/3
f 2343/4/3 2340/4/3 2342/4/3
f 2344/4/3 2342/4/3 2341/4/3
f 2345/4/3 2342/4/3 2344/4/3
f 2348/4/3 2347/4/3 2346/4/3
f 2349/4/3 2347/4/3 2348/4/3
f 2351/4/3 2350/4/3 2349/4/3
f 2352/4/3 2350/4/3 2351/4/3
f 2356/4/3 2354/4/3 2353/4/3
f 2357/4/3 2354/4/3 2356/4/3
f 2358/4/3 2356/4/3 2355/4/3
f 2359/4/3 2356/4/3 2358/4/3
f 2362/4/3 2361/4/3 2360/4/3
f 2363/4/3 2361/4/3 2362/4/3
f 2365/4/3 2364/4/3 2363/4/3
f 2366/4/3 2364/4/3 2365/4/3
f 2370/4/3 2368/4/3 2367/4/3
f 2371/4/3 2368/4/3 2370/4/3
f 2372/4/3 2370/4/3 2369/4/3
f 2373/4/3 2370/4/3 2372/4/3
f 2376/4/3 2375/4/3 2374/4/3
f 2377/4/3 2375/4/3 2376/4/3
f 2379/4/3 2378/4/3 2377/4/3
f 2380/4/3 2378/4/3 2379/4/3
f 2384/4/3 2382/4/3 2381/4/3
f 2385/4/3 2382/4/3 2384/4/3
f 2386/4/3 2384/4/3 2383/4/3
f 2387/4/3 2384/4/3 2386/4/3
f 2389/4/3 2388/4/3 2387/4/3
f 2390/4/3 2388/4/3 2389/4/3
f 2393/4/3 2392/4/3 2391/4/3
f 2394/4/3 2392/4/3 2393/4/3
f 2395/4/4 2396/4/4 2397/4/4
f 2397/4/4 2396/4/4 2398/4/4
f 2398/4/4 2396/4/4 2399/4/4
f 2399/4/4 2396/4/4 2400/4/4
f 2400/4/4 2396/4/4 2401/4/4
f 2402/4/4 2403/4/4 2404/4/4
f 2404/4/4 2403/4/4 2405/4/4
f 2405/4/4 2403/4/4 2406/4/4
f 2406/4/4 2403/4/4 2407/4/4
f 2408/4/4 2409/4/4 2411/4/4
f 2410/4/4 2411/4/4 2412/4/4
f 2411/4/4 2409/4/4 2413/4/4
f 2412/4/4 2411/4/4 2413/4/4
f 2414/4/4 2415/4/4 2416/4/4
f 2416/4/4 2415/4/4 2417/4/4
f 2418/4/4 2419/4/4 2420/4/4
f 2420/4/4 2419/4/4 2421/4/4
f 2422/4/4 2423/4/4 2424/4/4
f 2424/4/4 2423/4/4 2425/4/4
f 2426/4/4 2427/4/4 2428/4/4
f 2428/4/4 2427/4/4 2429/4/4
f 2430/4/4 2431/4/4 2432/4/4
f 2432/4/4 2431/4/4 2433/4/4
f 2434/4/4 2435/4/4 2436/4/4
f 2436/4/4 2435/4/4 2437/4/4
f 2438/4/4 2439/4/4 2440/4/4
f 2440/4/4 2439/4/4 2441/4/4
f 2442/4/4 2443/4/4 2444/4/4
f 2444/4/4 2443/4/4 2445/4/4
f 2446/4/4 2447/4/4 2448/4/4
f 2448/4/4 2447/4/4 2449/4/4
f 2450/4/4 2451/4/4 2452/4/4
f 2452/4/4 2451/4/4 2453/4/4
f 2454/4/4 2455/4/4 2456/4/4
f 2456/4/4 2455/4/4 2457/4/4
f 2458/4/4 2459/4/4 2460/4/4
f 2460/4/4 2459/4/4 2461/4/4
f 2462/4/4 2463/4/4 2464/4/4
f 2464/4/4 2463/4/4 2465/4/4
f 2466/4/4 2467/4/4 2468/4/4
f 2468/4/4 2467/4/4 2469/4/4
f 2470/4/4 2471/4/4 2472/4/4
f 2472/4/4 2471/4/4 2473/4/4
f 2474/4/4 2475/4/4 2476/4/4
f 2476/4/4 2475/4/4 2477/4/4
f 2478/4/4 2479/4/4 2480/4/4
f 2480/4/4 2479/4/4 2481/4/4
f 2482/4/4 2483/4/4 2484/4/4
f 2484/4/4 2483/4/4 2485/4/4
f 2486/4/4 2487/4/4 2488/4/4
f 2488/4/4 2487/4/4 2489/4/4
f 2490/4/4 2491/4/4 2492/4/4
f 2492/4/4 2491/4/4 2493/4/4
f 2494/4/4 2495/4/4 2496/4/4
f 2496/4/4 2495/4/4 2497/4/4
f 2498/4/4 2499/4/4 2500/4/4
f 2500/4/4 2499/4/4 2501/4/4
f 2502/4/4 2503/4/4 2504/4/4
f 2504/4/4 2503/4/4 2505/4/4
f 2506/4/4 2507/4/4 2510/4/4
f 2510/4/4 2507/4/4 2511/4/4
f 2508/4/4 2509/4/4 2512/4/4
f 2512/4/4 2509/4/4 2513/4/4
f 2513/4/4 2509/4/4 2514/4/4
f 2514/4/4 2509/4/4 2515/4/4
f 2516/4/4 2517/4/4 2521/4/4
f 2518/4/4 2519/4/4 2522/4/4
f 2522/4/4 2519/4/4 2523/4/4
f 2520/4/4 2521/4/4 2524/4/4
f 2521/4/4 2517/4/4 2525/4/4
f 2524/4/4 2521/4/4 2525/4/4
f 2526/2/4 2527/2/4 2528/2/4
f 2528/2/4 2527/2/4 2529/2/4
f 2530/2/4 2531/2/4 2533/2/4
f 2533/2/4 2531/2/4 2534/2/4
f 2532/4/4 2533/4/4 2536/4/4
f 2536/4/4 2533/4/4 2537/4/4
f 2534/4/4 2535/4/4 2538/4/4
f 2538/4/4 2535/4/4 2539/4/4
f 2539/4/4 2540/4/4 2541/4/4
f 2541/4/4 2540/4/4 2542/4/4
f 2543/4/4 2544/4/4 2548/4/4
f 2548/4/4 2544/4/4 2549/4/4
f 2545/4/4 2546/4/4 2550/4/4
f 2550/4/4 2546/4/4 2551/4/4
f 2547/4/4 2548/4/4 2552/4/4
f 2552/4/4 2548/4/4 2553/4/4
f 2551/2/4 2552/2/4 2554/2/4
f 2554/2/4 2552/2/4 2555/2/4
f 2556/2/4 2557/2/4 2559/2/4
f 2559/2/4 2557/2/4 2560/2/4
f 2558/4/4 2559/4/4 2562/4/4
f 2562/4/4 2559/4/4 2563/4/4
f 2560/4/4 2561/4/4 2564/4/4
f 2564/4/4 2561/4/4 2565/4/4
f 2566/4/4 2567/4/4 2571/4/4
f 2571/4/4 2567/4/4 2572/4/4
f 2568/4/4 2569/4/4 2573/4/4
f 2573/4/4 2569/4/4 2574/4/4
f 2570/4/4 2571/4/4 2575/4/4
f 2575/4/4 2571/4/4 2576/4/4
f 2574/2/4 2575/2/4 2577/2/4
f 2577/2/4 2575/2/4 2578/2/4
f 2579/4/4 2580/4/4 2581/4/4
f 2581/4/4 2580/4/4 2582/4/4
f 2583/2/4 2584/2/4 2586/2/4
f 2586/2/4 2584/2/4 2587/2/4
f 2585/4/4 2586/4/4 2589/4/4
f 2589/4/4 2586/4/4 2590/4/4
f 2587/4/4 2588/4/4 2591/4/4
f 2591/4/4 2588/4/4 2592/4/4
f 2592/4/4 2593/4/4 2594/4/4
f 2594/4/4 2593/4/4 2595/4/4
f 2596/4/4 2597/4/4 2601/4/4
f 2601/4/4 2597/4/4 2602/4/4
f 2598/4/4 2599/4/4 2603/4/4
f 2603/4/4 2599/4/4 2604/4/4
f 2600/4/4 2601/4/4 2605/4/4
f 2605/4/4 2601/4/4 2606/4/4
f 2604/2/4 2605/2/4 2607/2/4
f 2607/2/4 2605/2/4 2608/2/4
f 2609/2/4 2610/2/4 2612/2/4
f 2612/2/4 2610/2/4 2613/2/4
f 2611/4/4 2612/4/4 2615/4/4
f 2615/4/4 2612/4/4 2616/4/4
f 2613/4/4 2614/4/4 2617/4/4
f 2617/4/4 2614/4/4 2618/4/4
f 2619/4/4 2620/4/4 2624/4/4
f 2624/4/4 2620/4/4 2625/4/4
f 2621/4/4 2622/4/4 2626/4/4
f 2626/4/4 2622/4/4 2627/4/4
f 2623/4/4 2624/4/4 2628/4/4
f 2628/4/4 2624/4/4 2629/4/4
f 2627/2/4 2628/2/4 2630/2/4
f 2630/2/4 2628/2/4 2631/2/4
f 2632/4/4 2633/4/4 2634/4/4
f 2634/4/4 2633/4/4 2635/4/4
f 2636/2/4 2637/2/4 2639/2/4
f 2639/2/4 2637/2/4 2640/2/4
f 2638/4/4 2639/4/4 2642/4/4
f 2642/4/4 2639/4/4 2643/4/4
f 2640/4/4 2641/4/4 2644/4/4
f 2644/4/4 2641/4/4 2645/4/4
f 2645/4/4 2646/4/4 2647/4/4
f 2647/4/4 2646/4/4 2648/4/4
f 2649/4/4 2650/4/4 2654/4/4
f 2654/4/4 2650/4/4 2655/4/4
f 2651/4/4 2652/4/4 2656/4/4
f 2656/4/4 2652/4/4 2657/4/4
f 2653/4/4 2654/4/4 2658/4/4
f 2658/4/4 2654/4/4 2659/4/4
f 2657/2/4 2658/2/4 2660/2/4
f 2660/2/4 2658/2/4 2661/2/4
f 2662/2/4 2663/2/4 2665/2/4
f 2665/2/4 2663/2/4 2666/2/4
f 2664/4/4 2665/4/4 2668/4/4
f 2668/4/4 2665/4/4 2669/4/4
f 2666/4/4 2667/4/4 2670/4/4
f 2670/4/4 2667/4/4 2671/4/4
f 2671/4/4 2672/4/4 2673/4/4
f 2673/4/4 2672/4/4 2674/4/4
f 2675/4/4 2676/4/4 2680/4/4
f 2680/4/4 2676/4/4 2681/4/4
f 2677/4/4 2678/4/4 2682/4/4
f 2682/4/4 2678/4/4 2683/4/4
f 2679/4/4 2680/4/4 2684/4/4
f 2684/4/4 2680/4/4 2685/4/4
f 2686/2/4 2687/2/4 2689/2/4
f 2689/2/4 2687/2/4 2690/2/4
f 2688/4/4 2689/4/4 2692/4/4
f 2692/4/4 2689/4/4 2693/4/4
f 2690/4/4 2691/4/4 2694/4/4
f 2694/4/4 2691/4/4 2695/4/4
f 2695/4/4 2696/4/4 2697/4/4
f 2697/4/4 2696/4/4 2698/4/4
f 2699/4/4 2700/4/4 2704/4/4
f 2704/4/4 2700/4/4 2705/4/4
f 2701/4/4 2702/4/4 2706/4/4
f 2706/4/4 2702/4/4 2707/4/4
f 2703/4/4 2704/4/4 2708/4/4
f 2708/4/4 2704/4/4 2709/4/4
f 2707/2/4 2708/2/4 2710/2/4
f 2710/2/4 2708/2/4 2711/2/4
f 2712/2/4 2713/2/4 2715/2/4
f 2715/2/4 2713/2/4 2716/2/4
f 2714/4/4 2715/4/4 2718/4/4
f 2715/2/4 2716/2/4 2718/2/4
f 2716/4/4 2717/4/4 2719/4/4
f 2718/2/4 2716/2/4 2719/2/4
f 2714/4/4 2718/4/4 2720/4/4
f 2720/4/4 2718/4/4 2721/4/4
f 2719/4/4 2717/4/4 2722/4/4
f 2722/4/4 2717/4/4 2723/4/4
f 2723/4/4 2724/4/4 2725/4/4
f 2725/4/4 2724/4/4 2726/4/4
f 2727/4/4 2728/4/4 2732/4/4
f 2732/4/4 2728/4/4 2733/4/4
f 2729/4/4 2730/4/4 2734/4/4
f 2731/4/4 2732/4/4 2735/4/4
f 2729/4/4 2734/4/4 2736/4/4
f 2734/2/4 2735/2/4 2737/2/4
f 2736/4/4 2734/4/4 2737/4/4
f 2735/4/4 2732/4/4 2738/4/4
f 2737/2/4 2735/2/4 2738/2/4
f 2738/4/4 2732/4/4 2739/4/4
f 2737/2/4 2738/2/4 2740/2/4
f 2740/2/4 2738/2/4 2741/2/4
f 2742/4/4 2743/4/4 2746/4/4
f 2746/4/4 2743/4/4 2747/4/4
f 2744/4/4 2745/4/4 2748/4/4
f 2748/4/4 2745/4/4 2749/4/4
f 2749/4/4 2750/4/4 2751/4/4
f 2751/4/4 2750/4/4 2752/4/4
f 2753/4/4 2754/4/4 2758/4/4
f 2758/4/4 2754/4/4 2759/4/4
f 2755/4/4 2756/4/4 2760/4/4
f 2760/4/4 2756/4/4 2761/4/4
f 2757/4/4 2758/4/4 2762/4/4
f 2762/4/4 2758/4/4 2763/4/4
f 2761/2/4 2762/2/4 2764/2/4
f 2764/2/4 2762/2/4 2765/2/4
f 2766/2/4 2767/2/4 2769/2/4
f 2769/2/4 2767/2/4 2770/2/4
f 2768/4/4 2769/4/4 2772/4/4
f 2772/4/4 2769/4/4 2773/4/4
f 2770/4/4 2771/4/4 2774/4/4
f 2774/4/4 2771/4/4 2775/4/4
f 2775/4/4 2776/4/4 2777/4/4
f 2777/4/4 2776/4/4 2778/4/4
f 2779/4/4 2780/4/4 2784/4/4
f 2784/4/4 2780/4/4 2785/4/4
f 2781/4/4 2782/4/4 2786/4/4
f 2783/4/4 2784/4/4 2787/4/4
f 2781/4/4 2786/4/4 2788/4/4
f 2786/2/4 2787/2/4 2789/2/4
f 2788/4/4 2786/4/4 2789/4/4
f 2787/4/4 2784/4/4 2790/4/4
f 2789/2/4 2787/2/4 2790/2/4
f 2790/4/4 2784/4/4 2791/4/4
f 2789/2/4 2790/2/4 2792/2/4
f 2792/2/4 2790/2/4 2793/2/4
f 2794/2/4 2795/2/4 2797/2/4
f 2797/2/4 2795/2/4 2798/2/4
f 2796/4/4 2797/4/4 2800/4/4
f 2797/2/4 2798/2/4 2800/2/4
f 2798/4/4 2799/4/4 2801/4/4
f 2800/2/4 2798/2/4 2801/2/4
f 2796/4/4 2800/4/4 2802/4/4
f 2802/4/4 2800/4/4 2803/4/4
f 2801/4/4 2799/4/4 2804/4/4
f 2804/4/4 2799/4/4 2805/4/4
f 2805/4/4 2806/4/4 2807/4/4
f 2807/4/4 2806/4/4 2808/4/4
f 2809/4/4 2810/4/4 2814/4/4
f 2814/4/4 2810/4/4 2815/4/4
f 2811/4/4 2812/4/4 2816/4/4
f 2813/4/4 2814/4/4 2817/4/4
f 2811/4/4 2816/4/4 2818/4/4
f 2816/2/4 2817/2/4 2819/2/4
f 2818/4/4 2816/4/4 2819/4/4
f 2817/4/4 2814/4/4 2820/4/4
f 2819/2/4 2817/2/4 2820/2/4
f 2820/4/4 2814/4/4 2821/4/4
f 2819/2/4 2820/2/4 2822/2/4
f 2822/2/4 2820/2/4 2823/2/4
f 2824/2/4 2825/2/4 2827/2/4
f 2827/2/4 2825/2/4 2828/2/4
f 2826/4/4 2827/4/4 2830/4/4
f 2827/2/4 2828/2/4 2830/2/4
f 2828/4/4 2829/4/4 2831/4/4
f 2830/2/4 2828/2/4 2831/2/4
f 2826/4/4 2830/4/4 2832/4/4
f 2832/4/4 2830/4/4 2833/4/4
f 2831/4/4 2829/4/4 2834/4/4
f 2834/4/4 2829/4/4 2835/4/4
f 2835/4/4 2836/4/4 2840/4/4
f 2840/4/4 2836/4/4 2841/4/4
f 2837/4/4 2838/4/4 2842/4/4
f 2839/4/4 2840/4/4 2843/4/4
f 2837/4/4 2842/4/4 2844/4/4
f 2842/2/4 2843/2/4 2845/2/4
f 2844/4/4 2842/4/4 2845/4/4
f 2843/4/4 2840/4/4 2846/4/4
f 2845/2/4 2843/2/4 2846/2/4
f 2846/4/4 2840/4/4 2847/4/4
f 2845/2/4 2846/2/4 2848/2/4
f 2848/2/4 2846/2/4 2849/2/4
f 2850/4/4 2851/4/4 2854/4/4
f 2854/4/4 2851/4/4 2855/4/4
f 2852/4/4 2853/4/4 2856/4/4
f 2856/4/4 2853/4/4 2857/4/4
f 2858/2/4 2859/2/4 2860/2/4
f 2860/2/4 2859/2/4 2861/2/4
f 2865/4/5 2863/4/5 2862/4/5
f 2866/4/5 2863/4/5 2865/4/5
f 2869/4/5 2865/4/5 2864/4/5
f 2869/4/5 2867/4/5 2866/4/5
f 2869/4/5 2866/4/5 2865/4/5
f 2870/4/5 2867/4/5 2869/4/5
f 2873/4/5 2869/4/5 2868/4/5
f 2873/4/5 2871/4/5 2870/4/5
f 2873/4/5 2870/4/5 2869/4/5
f 2874/4/5 2871/4/5 2873/4/5
f 2877/4/5 2873/4/5 2872/4/5
f 2877/4/5 2875/4/5 2874/4/5
f 2877/4/5 2874/4/5 2873/4/5
f 2878/4/5 2875/4/5 2877/4/5
f 2881/4/5 2877/4/5 2876/4/5
f 2881/4/5 2879/4/5 2878/4/5
f 2881/4/5 2878/4/5 2877/4/5
f 2882/4/5 2879/4/5 2881/4/5
f 2885/4/5 2881/4/5 2880/4/5
f 2885/4/5 2883/4/5 2882/4/5
f 2885/4/5 2882/4/5 2881/4/5
f 2886/4/5 2883/4/5 2885/4/5
f 2889/4/5 2885/4/5 2884/4/5
f 2889/4/5 2887/4/5 2886/4/5
f 2889/4/5 2886/4/5 2885/4/5
f 2890/4/5 2887/4/5 2889/4/5
f 2893/4/5 2889/4/5 2888/4/5
f 2893/4/5 2891/4/5 2890/4/5
f 2893/4/5 2890/4/5 2889/4/5
f 2894/4/5 2891/4/5 2893/4/5
f 2897/4/5 2893/4/5 2892/4/5
f 2897/4/5 2895/4/5 2894/4/5
f 2897/4/5 2894/4/5 2893/4/5
f 2898/4/5 2895/4/5 2897/4/5
f 2901/4/5 2897/4/5 2896/4/5
f 2901/4/5 2899/4/5 2898/4/5
f 2901/4/5 2898/4/5 2897/4/5
f 2902/4/5 2899/4/5 2901/4/5
f 2905/4/5 2901/4/5 2900/4/5
f 2905/4/5 2903/4/5 2902/4/5
f 2905/4/5 2902/4/5 2901/4/5
f 2906/4/5 2903/4/5 2905/4/5
f 2909/4/5 2905/4/5 2904/4/5
f 2909/4/5 2907/4/5 2906/4/5
f 2909/4/5 2906/4/5 2905/4/5
f 2910/4/5 2907/4/5 2909/4/5
f 2913/4/5 2909/4/5 2908/4/5
f 2913/4/5 2911/4/5 2910/4/5
f 2913/4/5 2910/4/5 2909/4/5
f 2914/4/5 2911/4/5 2913/4/5
f 2916/4/5 2913/4/5 2912/4/5
f 2916/4/5 2915/4/5 2914/4/5
f 2916/4/5 2914/4/5 2913/4/5
f 2917/4/5 2915/4/5 2916/4/5
f 2918/4/5 2915/4/5 2917/4/5
f 2919/4/5 2915/4/5 2918/4/5
f 2920/4/5 2918/4/5 2917/4/5
f 2921/4/5 2918/4/5 2920/4/5
f 2922/4/5 2918/4/5 2921/4/5
f 2923/4/5 2918/4/5 2922/4/5
f 2924/4/5 2922/4/5 2921/4/5
f 2925/4/5 2922/4/5 2924/4/5
f 2926/4/5 2922/4/5 2925/4/5
f 2927/4/5 2922/4/5 2926/4/5
f 2928/4/5 2926/4/5 2925/4/5
f 2929/4/5 2926/4/5 2928/4/5
f 2930/4/5 2926/4/5 2929/4/5
f 2931/4/5 2926/4/5 2930/4/5
f 2932/4/5 2930/4/5 2929/4/5
f 2933/4/5 2930/4/5 2932/4/5
f 2934/4/5 2930/4/5 2933/4/5
f 2935/4/5 2930/4/5 2934/4/5
f 2936/4/5 2934/4/5 2933/4/5
f 2937/4/5 2934/4/5 2936/4/5
f 2938/4/5 2934/4/5 2937/4/5
f 2939/4/5 2934/4/5 2938/4/5
f 2940/4/5 2938/4/5 2937/4/5
f 2941/4/5 2938/4/5 2940/4/5
f 2942/4/5 2938/4/5 2941/4/5
f 2943/4/5 2938/4/5 2942/4/5
f 2944/4/5 2942/4/5 2941/4/5
f 2945/4/5 2942/4/5 2944/4/5
f 2946/4/5 2942/4/5 2945/4/5
f 2947/4/5 2942/4/5 2946/4/5
f 2948/4/5 2946/4/5 2945/4/5
f 2949/4/5 2946/4/5 2948/4/5
f 2950/4/5 2946/4/5 2949/4/5
f 2951/4/5 2946/4/5 2950/4/5
f 2952/4/5 2950/4/5 2949/4/5
f 2953/4/5 2950/4/5 2952/4/5
f 2954/4/5 2950/4/5 2953/4/5
f 2955/4/5 2950/4/5 2954/4/5
f 2956/4/5 2954/4/5 2953/4/5
f 2957/4/5 2954/4/5 2956/4/5
f 2958/4/5 2954/4/5 2957/4/5
f 2959/4/5 2954/4/5 2958/4/5
f 2960/4/5 2958/4/5 2957/4/5
f 2961/4/5 2958/4/5 2960/4/5
f 2962/4/5 2958/4/5 2961/4/5
f 2963/4/5 2958/4/5 2962/4/5
f 2964/4/5 2962/4/5 2961/4/5
f 2965/4/5 2962/4/5 2964/4/5
f 2966/4/5 2962/4/5 2965/4/5
f 2967/4/5 2962/4/5 2966/4/5
f 2968/4/5 2966/4/5 2965/4/5
f 2969/4/5 2966/4/5 2968/4/5
f 2973/2/5 2971/2/5 2970/2/5
f 2974/2/5 2971/2/5 2973/2/5
f 2977/2/5 2973/2/5 2972/2/5
f 2978/2/5 2973/2/5 2977/2/5
f 2979/2/5 2973/2/5 2978/2/5
f 2980/2/5 2975/2/5 2974/2/5
f 2981/2/5 2975/2/5 2980/2/5
f 2984/2/5 2977/2/5 2976/2/5
f 2984/2/5 2978/2/5 2977/2/5
f 2985/2/5 2978/2/5 2984/2/5
f 2986/2/5 2978/2/5 2985/2/5
f 2987/2/5 2982/2/5 2981/2/5
f 2988/2/5 2982/2/5 2987/2/5
f 2991/2/5 2984/2/5 2983/2/5
f 2991/2/5 2985/2/5 2984/2/5
f 2992/2/5 2985/2/5 2991/2/5
f 2993/2/5 2989/2/5 2988/2/5
f 2994/2/5 2989/2/5 2993/2/5
f 2997/2/5 2991/2/5 2990/2/5
f 2998/2/5 2991/2/5 2997/2/5
f 2999/2/5 2995/2/5 2994/2/5
f 3000/2/5 2995/2/5 2999/2/5
f 3003/2/5 2997/2/5 2996/2/5
f 3004/2/5 2997/2/5 3003/2/5
f 3005/2/5 2997/2/5 3004/2/5
f 3006/2/5 3001/2/5 3000/2/5
f 3007/2/5 3001/2/5 3006/2/5
f 3010/2/5 3003/2/5 3002/2/5
f 3010/2/5 3004/2/5 3003/2/5
f 3011/2/5 3004/2/5 3010/2/5
f 3012/2/5 3004/2/5 3011/2/5
f 3013/2/5 3008/2/5 3007/2/5
f 3014/2/5 3008/2/5 3013/2/5
f 3016/2/5 3010/2/5 3009/2/5
f 3016/2/5 3011/2/5 3010/2/5
f 3017/2/5 3011/2/5 3016/2/5
f 3018/2/5 3015/2/5 3014/2/5
f 3019/2/5 3015/2/5 3018/2/5
f 3021/2/5 3016/2/5 3009/2/5
f 3022/2/5 3016/2/5 3021/2/5
f 3023/2/5 3020/2/5 3019/2/5
f 3024/2/5 3020/2/5 3023/2/5
f 3028/2/5 3027/2/5 3026/2/5
f 3029/2/5 3027/2/5 3028/2/5
f 3030/2/5 3025/2/5 3024/2/5
f 3031/2/5 3025/2/5 3030/2/5
f 3033/2/5 3028/2/5 3026/2/5
f 3034/2/5 3028/2/5 3033/2/5
f 3035/2/5 3032/2/5 3031/2/5
f 3036/2/5 3032/2/5 3035/2/5
f 3041/2/5 3038/2/5 3037/2/5
f 3042/2/5 3038/2/5 3041/2/5
f 3043/2/5 3040/2/5 3039/2/5
f 3044/2/5 3040/2/5 3043/2/5
f 3047/2/5 3046/2/5 3045/2/5
f 3048/2/5 3046/2/5 3047/2/5
f 3053/2/5 3050/2/5 3049/2/5
f 3054/2/5 3050/2/5 3053/2/5
f 3055/2/5 3052/2/5 3051/2/5
f 3058/2/5 3050/2/5 3054/2/5
f 3059/2/5 3050/2/5 3058/2/5
f 3059/2/5 3058/2/5 3057/2/5
f 3060/2/5 3050/2/5 3059/2/5
f 3061/2/5 3056/2/5 3055/2/5
f 3061/2/5 3055/2/5 3051/2/5
f 3062/2/5 3056/2/5 3061/2/5
f 3065/2/5 3059/2/5 3057/2/5
f 3066/2/5 3059/2/5 3065/2/5
f 3067/2/5 3063/2/5 3062/2/5
f 3068/2/5 3063/2/5 3067/2/5
f 3071/2/5 3065/2/5 3064/2/5
f 3072/2/5 3065/2/5 3071/2/5
f 3073/2/5 3069/2/5 3068/2/5
f 3074/2/5 3069/2/5 3073/2/5
f 3077/2/5 3071/2/5 3070/2/5
f 3078/2/5 3071/2/5 3077/2/5
f 3079/2/5 3075/2/5 3074/2/5
f 3080/2/5 3075/2/5 3079/2/5
f 3083/2/5 3077/2/5 3076/2/5
f 3084/2/5 3077/2/5 3083/2/5
f 3085/2/5 3081/2/5 3080/2/5
f 3086/2/5 3081/2/5 3085/2/5
f 3089/2/5 3083/2/5 3082/2/5
f 3090/2/5 3083/2/5 3089/2/5
f 3091/2/5 3087/2/5 3086/2/5
f 3092/2/5 3087/2/5 3091/2/5
f 3095/2/5 3089/2/5 3088/2/5
f 3096/2/5 3093/2/5 3092/2/5
f 3097/2/5 3093/2/5 3096/2/5
f 3100/2/5 3095/2/5 3094/2/5
f 3101/2/5 3089/2/5 3095/2/5
f 3101/2/5 3095/2/5 3100/2/5
f 3102/2/5 3098/2/5 3097/2/5
f 3103/2/5 3098/2/5 3102/2/5
f 3108/2/5 3100/2/5 3099/2/5
f 3109/2/5 3100/2/5 3108/2/5
f 3110/2/5 3105/2/5 3104/2/5
f 3113/2/5 3107/2/5 3106/2/5
f 3114/2/5 3107/2/5 3113/2/5
f 3115/2/5 3111/2/5 3110/2/5
f 3115/2/5 3110/2/5 3104/2/5
f 3116/2/5 3111/2/5 3115/2/5
f 3120/2/5 3113/2/5 3112/2/5
f 3121/2/5 3113/2/5 3120/2/5
f 3122/2/5 3117/2/5 3116/2/5
f 3123/2/5 3117/2/5 3122/2/5
f 3128/2/5 3119/2/5 3118/2/5
f 3129/2/5 3119/2/5 3128/2/5
f 3130/2/5 3125/2/5 3124/2/5
f 3131/2/5 3125/2/5 3130/2/5
f 3136/2/5 3127/2/5 3126/2/5
f 3137/2/5 3127/2/5 3136/2/5
f 3138/2/5 3133/2/5 3132/2/5
f 3139/2/5 3135/2/5 3134/2/5
f 3140/2/5 3138/2/5 3132/2/5
f 3140/2/5 3139/2/5 3138/2/5
f 3141/2/5 3135/2/5 3139/2/5
f 3141/2/5 3139/2/5 3140/2/5
f 3144/2/5 3143/2/5 3142/2/5
f 3145/2/5 3143/2/5 3144/2/5
f 3148/2/5 3147/2/5 3146/2/5
f 3149/2/5 3147/2/5 3148/2/5
f 3152/2/5 3151/2/5 3150/2/5
f 3153/2/5 3151/2/5 3152/2/5
f 3156/2/5 3155/2/5 3154/2/5
f 3157/2/5 3155/2/5 3156/2/5
f 3160/2/5 3159/2/5 3158/2/5
f 3161/2/5 3159/2/5 3160/2/5
f 3165/2/5 3163/2/5 3162/2/5
f 3166/2/5 3163/2/5 3165/2/5
f 3167/2/5 3165/2/5 3164/2/5
f 3168/2/5 3165/2/5 3167/2/5
f 3171/2/5 3170/2/5 3169/2/5
f 3172/2/5 3170/2/5 3171/2/5
f 3176/2/5 3174/2/5 3173/2/5
f 3177/2/5 3174/2/5 3176/2/5
f 3178/2/5 3176/2/5 3175/2/5
f 3179/2/5 3176/2/5 3178/2/5
f 3184/2/5 3181/2/5 3180/2/5
f 3185/2/5 3181/2/5 3184/2/5
f 3187/2/5 3183/2/5 3182/2/5
f 3188/2/5 3183/2/5 3187/2/5
f 3190/2/5 3187/2/5 3186/2/5
f 3191/2/5 3187/2/5 3190/2/5
f 3193/2/5 3190/2/5 3189/2/5
f 3194/2/5 3190/2/5 3193/2/5
f 3195/2/5 3193/2/5 3192/2/5
f 3196/2/5 3193/2/5 3195/2/5
f 3197/2/5 3195/2/5 3192/2/5
f 3198/2/5 3195/2/5 3197/2/5
f 3201/2/5 3200/2/5 3199/2/5
f 3202/2/5 3200/2/5 3201/2/5
f 3205/2/5 3204/2/5 3203/2/5
f 3206/2/5 3204/2/5 3205/2/5
f 3209/2/5 3208/2/5 3207/2/5
f 3210/2/5 3208/2/5 3209/2/5
f 3213/2/5 3212/2/5 3211/2/5
f 3214/2/5 3212/2/5 3213/2/5
f 3217/2/5 3216/2/5 3215/2/5
f 3218/2/5 3216/2/5 3217/2/5
f 3221/2/5 3220/2/5 3219/2/5
f 3222/2/5 3220/2/5 3221/2/5
f 3225/2/5 3224/2/5 3223/2/5
f 3226/2/5 3224/2/5 3225/2/5
f 3229/2/5 3228/2/5 3227/2/5
f 3230/2/5 3228/2/5 3229/2/5
f 3233/2/5 3232/2/5 3231/2/5
f 3234/2/5 3232/2/5 3233/2/5
f 3237/2/5 3236/2/5 3235/2/5
f 3238/2/5 3236/2/5 3237/2/5
f 3240/2/5 3239/2/5 3238/2/5
f 3241/2/5 3239/2/5 3240/2/5
f 3243/2/5 3242/2/5 3241/2/5
f 3244/2/5 3242/2/5 3243/2/5
f 3247/2/5 3246/2/5 3245/2/5
f 3248/2/5 3247/2/5 3245/2/5
f 3249/2/5 3247/2/5 3248/2/5
f 3252/2/5 3251/2/5 3250/2/5
f 3253/2/5 3251/2/5 3252/2/5
f 3256/2/5 3255/2/5 3254/2/5
f 3257/2/5 3255/2/5 3256/2/5
f 3260/2/5 3259/2/5 3258/2/5
f 3261/2/5 3259/2/5 3260/2/5
f 3265/2/5 3263/2/5 3262/2/5
f 3266/2/5 3263/2/5 3265/2/5
f 3267/2/5 3265/2/5 3264/2/5
f 3268/2/5 3265/2/5 3267/2/5
f 3269/2/6 3270/2/6 3272/2/6
f 3271/2/6 3272/2/6 3274/2/6
f 3272/2/6 3270/2/6 3275/2/6
f 3274/2/6 3272/2/6 3275/2/6
f 3275/2/6 3270/2/6 3276/2/6
f 3273/2/6 3274/2/6 3278/2/6
f 3274/2/6 3275/2/6 3278/2/6
f 3278/2/6 3275/2/6 3279/2/6
f 3277/2/6 3278/2/6 3281/2/6
f 3281/2/6 3278/2/6 3282/2/6
f 3280/2/6 3281/2/6 3283/2/6
f 3283/2/6 3281/2/6 3284/2/6
f 3284/2/6 3281/2/6 3285/2/6
f 3283/2/6 3284/2/6 3286/2/6
f 3286/2/6 3284/2/6 3287/2/6
f 3288/2/6 3289/2/6 3290/2/6
f 3290/2/6 3289/2/6 3291/2/6
f 3292/2/6 3293/2/6 3295/2/6
f 3295/2/6 3293/2/6 3296/2/6
f 3294/2/6 3295/2/6 3297/2/6
f 3295/2/6 3296/2/6 3297/2/6
f 3297/2/6 3296/2/6 3298/2/6
f 3294/2/6 3297/2/6 3299/2/6
f 3299/2/6 3297/2/6 3300/2/6
f 3301/2/6 3302/2/6 3303/2/6
f 3303/2/6 3302/2/6 3304/2/6
f 3305/2/6 3306/2/6 3307/2/6
f 3307/2/6 3306/2/6 3308/2/6
f 3308/2/6 3309/2/6 3310/2/6
f 3310/2/6 3309/2/6 3311/2/6
f 3311/2/6 3312/2/6 3313/2/6
f 3313/2/6 3312/2/6 3314/2/6
f 3315/2/6 3316/2/6 3317/2/6
f 3317/2/6 3316/2/6 3318/2/6
f 3319/2/6 3320/2/6 3321/2/6
f 3321/2/6 3320/2/6 3322/2/6
f 3323/2/6 3324/2/6 3325/2/6
f 3325/2/6 3324/2/6 3326/2/6
f 3327/2/6 3328/2/6 3329/2/6
f 3329/2/6 3328/2/6 3330/2/6
f 3331/2/6 3332/2/6 3333/2/6
f 3331/2/6 3333/2/6 3334/2/6
f 3334/2/6 3333/2/6 3335/2/6
f 3336/2/6 3337/2/6 3338/2/6
f 3338/2/6 3337/2/6 3339/2/6
f 3340/2/6 3341/2/6 3342/2/6
f 3342/2/6 3341/2/6 3343/2/6
f 3344/2/6 3345/2/6 3346/2/6
f 3346/2/6 3345/2/6 3347/2/6
f 3348/2/6 3349/2/6 3350/2/6
f 3350/2/6 3349/2/6 3351/2/6
f 3352/2/6 3353/2/6 3354/2/6
f 3354/2/6 3353/2/6 3355/2/6
f 3356/2/6 3357/2/6 3360/2/6
f 3360/2/6 3357/2/6 3361/2/6
f 3358/2/6 3359/2/6 3362/2/6
f 3362/2/6 3359/2/6 3363/2/6
f 3364/2/6 3365/2/6 3366/2/6
f 3366/2/6 3365/2/6 3367/2/6
f 3368/2/6 3369/2/6 3370/2/6
f 3370/2/6 3369/2/6 3371/2/6
f 3372/2/6 3373/2/6 3374/2/6
f 3374/2/6 3373/2/6 3375/2/6
f 3376/2/6 3377/2/6 3379/2/6
f 3379/2/6 3377/2/6 3380/2/6
f 3378/2/6 3379/2/6 3381/2/6
f 3381/2/6 3379/2/6 3382/2/6
f 3383/2/6 3384/2/6 3385/2/6
f 3385/2/6 3384/2/6 3386/2/6
f 3387/2/6 3388/2/6 3389/2/6
f 3389/2/6 3388/2/6 3390/2/6
f 3391/2/6 3392/2/6 3393/2/6
f 3393/2/6 3392/2/6 3394/2/6
f 3395/2/6 3396/2/6 3397/2/6
f 3395/2/6 3397/2/6 3398/2/6
f 3398/2/6 3397/2/6 3399/2/6
f 3400/2/6 3401/2/6 3403/2/6
f 3403/2/6 3401/2/6 3404/2/6
f 3402/2/6 3403/2/6 3407/2/6
f 3407/2/6 3403/2/6 3408/2/6
f 3404/2/6 3405/2/6 3409/2/6
f 3409/2/6 3405/2/6 3410/2/6
f 3406/2/6 3407/2/6 3413/2/6
f 3413/2/6 3407/2/6 3414/2/6
f 3410/2/6 3411/2/6 3415/2/6
f 3415/2/6 3411/2/6 3416/2/6
f 3412/2/6 3413/2/6 3419/2/6
f 3419/2/6 3413/2/6 3420/2/6
f 3416/2/6 3417/2/6 3421/2/6
f 3421/2/6 3417/2/6 3422/2/6
f 3418/2/6 3419/2/6 3424/2/6
f 3424/2/6 3419/2/6 3425/2/6
f 3422/2/6 3423/2/6 3426/2/6
f 3426/2/6 3423/2/6 3427/2/6
f 3418/2/6 3424/2/6 3430/2/6
f 3430/2/6 3424/2/6 3431/2/6
f 3427/2/6 3428/2/6 3432/2/6
f 3432/2/6 3428/2/6 3433/2/6
f 3429/2/6 3430/2/6 3436/2/6
f 3436/2/6 3430/2/6 3437/2/6
f 3433/2/6 3434/2/6 3438/2/6
f 3438/2/6 3434/2/6 3439/2/6
f 3435/2/6 3436/2/6 3442/2/6
f 3442/2/6 3436/2/6 3443/2/6
f 3439/2/6 3440/2/6 3444/2/6
f 3444/2/6 3440/2/6 3445/2/6
f 3441/2/6 3442/2/6 3447/2/6
f 3447/2/6 3442/2/6 3448/2/6
f 3445/2/6 3446/2/6 3449/2/6
f 3449/2/6 3446/2/6 3450/2/6
f 3452/2/6 3453/2/6 3455/2/6
f 3455/2/6 3453/2/6 3456/2/6
f 3450/2/6 3451/2/6 3457/2/6
f 3457/2/6 3451/2/6 3458/2/6
f 3454/2/6 3455/2/6 3460/2/6
f 3460/2/6 3455/2/6 3461/2/6
f 3458/2/6 3459/2/6 3462/2/6
f 3462/2/6 3459/2/6 3463/2/6
f 3464/2/6 3465/2/6 3468/2/6
f 3468/2/6 3465/2/6 3469/2/6
f 3466/2/6 3467/2/6 3470/2/6
f 3470/2/6 3467/2/6 3471/2/6
f 3472/2/6 3473/2/6 3474/2/6
f 3474/2/6 3473/2/6 3475/2/6
f 3476/2/6 3477/2/6 3480/2/6
f 3480/2/6 3477/2/6 3481/2/6
f 3478/2/6 3479/2/6 3482/2/6
f 3481/2/6 3477/2/6 3485/2/6
f 3485/2/6 3477/2/6 3486/2/6
f 3484/2/6 3485/2/6 3486/2/6
f 3486/2/6 3477/2/6 3487/2/6
f 3482/2/6 3483/2/6 3488/2/6
f 3478/2/6 3482/2/6 3488/2/6
f 3488/2/6 3483/2/6 3489/2/6
f 3484/2/6 3486/2/6 3492/2/6
f 3492/2/6 3486/2/6 3493/2/6
f 3489/2/6 3490/2/6 3494/2/6
f 3494/2/6 3490/2/6 3495/2/6
f 3491/2/6 3492/2/6 3498/2/6
f 3498/2/6 3492/2/6 3499/2/6
f 3495/2/6 3496/2/6 3500/2/6
f 3500/2/6 3496/2/6 3501/2/6
f 3497/2/6 3498/2/6 3504/2/6
f 3504/2/6 3498/2/6 3505/2/6
f 3501/2/6 3502/2/6 3506/2/6
f 3506/2/6 3502/2/6 3507/2/6
f 3503/2/6 3504/2/6 3510/2/6
f 3510/2/6 3504/2/6 3511/2/6
f 3507/2/6 3508/2/6 3512/2/6
f 3512/2/6 3508/2/6 3513/2/6
f 3509/2/6 3510/2/6 3516/2/6
f 3516/2/6 3510/2/6 3517/2/6
f 3513/2/6 3514/2/6 3518/2/6
f 3518/2/6 3514/2/6 3519/2/6
f 3515/2/6 3516/2/6 3522/2/6
f 3519/2/6 3520/2/6 3523/2/6
f 3523/2/6 3520/2/6 3524/2/6
f 3521/2/6 3522/2/6 3527/2/6
f 3522/2/6 3516/2/6 3528/2/6
f 3527/2/6 3522/2/6 3528/2/6
f 3524/2/6 3525/2/6 3529/2/6
f 3529/2/6 3525/2/6 3530/2/6
f 3526/2/6 3527/2/6 3535/2/6
f 3535/2/6 3527/2/6 3536/2/6
f 3531/2/6 3532/2/6 3537/2/6
f 3533/2/6 3534/2/6 3540/2/6
f 3540/2/6 3534/2/6 3541/2/6
f 3537/2/6 3538/2/6 3542/2/6
f 3531/2/6 3537/2/6 3542/2/6
f 3542/2/6 3538/2/6 3543/2/6
f 3539/2/6 3540/2/6 3547/2/6
f 3547/2/6 3540/2/6 3548/2/6
f 3543/2/6 3544/2/6 3549/2/6
f 3549/2/6 3544/2/6 3550/2/6
f 3545/2/6 3546/2/6 3555/2/6
f 3555/2/6 3546/2/6 3556/2/6
f 3551/2/6 3552/2/6 3557/2/6
f 3557/2/6 3552/2/6 3558/2/6
f 3553/2/6 3554/2/6 3563/2/6
f 3563/2/6 3554/2/6 3564/2/6
f 3559/2/6 3560/2/6 3565/2/6
f 3561/2/6 3562/2/6 3566/2/6
f 3559/2/6 3565/2/6 3567/2/6
f 3565/2/6 3566/2/6 3567/2/6
f 3566/2/6 3562/2/6 3568/2/6
f 3567/2/6 3566/2/6 3568/2/6
f 3569/4/6 3570/4/6 3573/4/6
f 3573/4/6 3570/4/6 3574/4/6
f 3571/4/6 3572/4/6 3575/4/6
f 3575/4/6 3572/4/6 3576/4/6
f 3577/3/6 3578/3/6 3583/3/6
f 3580/4/6 3581/4/6 3584/4/6
f 3582/4/6 3583/4/6 3588/4/6
f 3578/4/6 3579/4/6 3589/4/6
f 3589/4/6 3579/4/6 3590/4/6
f 3584/4/6 3585/4/6 3591/4/6
f 3586/3/6 3587/3/6 3595/3/6
f 3595/3/6 3587/3/6 3596/3/6
f 3587/4/6 3588/4/6 3597/4/6
f 3596/3/6 3587/3/6 3597/3/6
f 3592/3/6 3593/3/6 3598/3/6
f 3591/4/6 3592/4/6 3598/4/6
f 3598/3/6 3593/3/6 3599/3/6
f 3599/3/6 3593/3/6 3600/3/6
f 3595/3/6 3596/3/6 3603/3/6
f 3594/3/6 3595/3/6 3603/3/6
f 3603/3/6 3596/3/6 3604/3/6
f 3596/4/6 3597/4/6 3605/4/6
f 3604/3/6 3596/3/6 3605/3/6
f 3597/4/6 3588/4/6 3606/4/6
f 3605/4/6 3597/4/6 3606/4/6
f 3588/4/6 3583/4/6 3606/4/6
f 3583/3/6 3578/3/6 3607/3/6
f 3606/4/6 3583/4/6 3607/4/6
f 3578/4/6 3589/4/6 3608/4/6
f 3607/3/6 3578/3/6 3608/3/6
f 3579/3/6 3580/3/6 3609/3/6
f 3590/4/6 3579/4/6 3609/4/6
f 3580/4/6 3584/4/6 3610/4/6
f 3609/3/6 3580/3/6 3610/3/6
f 3584/4/6 3591/4/6 3610/4/6
f 3591/4/6 3598/4/6 3610/4/6
f 3598/4/6 3599/4/6 3610/4/6
f 3610/4/6 3599/4/6 3611/4/6
f 3600/3/6 3601/3/6 3612/3/6
f 3611/4/6 3599/4/6 3612/4/6
f 3599/3/6 3600/3/6 3612/3/6
f 3612/3/6 3601/3/6 3613/3/6
f 3613/3/6 3601/3/6 3614/3/6
f 3602/3/6 3603/3/6 3617/3/6
f 3603/3/6 3604/3/6 3617/3/6
f 3614/3/6 3615/3/6 3618/3/6
f 3613/3/6 3614/3/6 3618/3/6
f 3616/3/6 3617/3/6 3621/3/6
f 3617/3/6 3604/3/6 3622/3/6
f 3621/3/6 3617/3/6 3622/3/6
f 3604/4/6 3605/4/6 3623/4/6
f 3622/3/6 3604/3/6 3623/3/6
f 3605/4/6 3606/4/6 3623/4/6
f 3618/3/6 3619/3/6 3624/3/6
f 3611/4/6 3612/4/6 3624/4/6
f 3612/4/6 3613/4/6 3624/4/6
f 3613/3/6 3618/3/6 3624/3/6
f 3624/3/6 3619/3/6 3625/3/6
f 3625/3/6 3619/3/6 3626/3/6
f 3621/3/6 3622/3/6 3629/3/6
f 3620/3/6 3621/3/6 3629/3/6
f 3608/4/6 3589/4/6 3630/4/6
f 3607/4/6 3608/4/6 3630/4/6
f 3589/3/6 3590/3/6 3630/3/6
f 3590/4/6 3609/4/6 3631/4/6
f 3630/3/6 3590/3/6 3631/3/6
f 3609/4/6 3610/4/6 3631/4/6
f 3626/3/6 3627/3/6 3632/3/6
f 3625/3/6 3626/3/6 3632/3/6
f 3628/3/6 3629/3/6 3635/3/6
f 3632/3/6 3633/3/6 3636/3/6
f 3634/3/6 3635/3/6 3639/3/6
f 3636/3/6 3637/3/6 3640/3/6
f 3607/4/6 3630/4/6 3642/4/6
f 3630/4/6 3631/4/6 3642/4/6
f 3631/4/6 3610/4/6 3643/4/6
f 3642/4/6 3631/4/6 3643/4/6
f 3638/3/6 3639/3/6 3645/3/6
f 3607/4/6 3642/4/6 3646/4/6
f 3642/3/6 3643/3/6 3647/3/6
f 3646/4/6 3642/4/6 3647/4/6
f 3643/4/6 3610/4/6 3648/4/6
f 3647/3/6 3643/3/6 3648/3/6
f 3648/4/6 3610/4/6 3649/4/6
f 3640/3/6 3641/3/6 3650/3/6
f 3623/4/6 3606/4/6 3652/4/6
f 3622/4/6 3623/4/6 3652/4/6
f 3606/3/6 3607/3/6 3653/3/6
f 3652/4/6 3606/4/6 3653/4/6
f 3607/4/6 3646/4/6 3654/4/6
f 3653/3/6 3607/3/6 3654/3/6
f 3646/3/6 3647/3/6 3655/3/6
f 3654/4/6 3646/4/6 3655/4/6
f 3647/3/6 3648/3/6 3655/3/6
f 3648/3/6 3649/3/6 3655/3/6
f 3649/4/6 3610/4/6 3656/4/6
f 3655/3/6 3649/3/6 3656/3/6
f 3610/3/6 3611/3/6 3657/3/6
f 3656/4/6 3610/4/6 3657/4/6
f 3624/4/6 3625/4/6 3658/4/6
f 3657/3/6 3611/3/6 3658/3/6
f 3611/4/6 3624/4/6 3658/4/6
f 3658/4/6 3625/4/6 3659/4/6
f 3644/3/6 3645/3/6 3661/3/6
f 3629/3/6 3622/3/6 3662/3/6
f 3622/4/6 3652/4/6 3662/4/6
f 3661/3/6 3645/3/6 3662/3/6
f 3645/3/6 3639/3/6 3662/3/6
f 3635/3/6 3629/3/6 3662/3/6
f 3639/3/6 3635/3/6 3662/3/6
f 3662/4/6 3652/4/6 3663/4/6
f 3659/4/6 3625/4/6 3664/4/6
f 3650/3/6 3651/3/6 3665/3/6
f 3664/4/6 3625/4/6 3665/4/6
f 3636/3/6 3640/3/6 3665/3/6
f 3640/3/6 3650/3/6 3665/3/6
f 3625/3/6 3632/3/6 3665/3/6
f 3632/3/6 3636/3/6 3665/3/6
f 3665/3/6 3651/3/6 3666/3/6
f 3663/4/6 3652/4/6 3668/4/6
f 3660/3/6 3661/3/6 3668/3/6
f 3662/3/6 3663/3/6 3668/3/6
f 3661/3/6 3662/3/6 3668/3/6
f 3668/4/6 3652/4/6 3669/4/6
f 3655/3/6 3656/3/6 3670/3/6
f 3653/4/6 3654/4/6 3670/4/6
f 3654/3/6 3655/3/6 3670/3/6
f 3656/3/6 3657/3/6 3670/3/6
f 3657/4/6 3658/4/6 3671/4/6
f 3670/3/6 3657/3/6 3671/3/6
f 3659/4/6 3664/4/6 3672/4/6
f 3666/3/6 3667/3/6 3673/3/6
f 3672/4/6 3664/4/6 3673/4/6
f 3665/3/6 3666/3/6 3673/3/6
f 3664/3/6 3665/3/6 3673/3/6
f 3668/3/6 3669/3/6 3675/3/6
f 3660/3/6 3668/3/6 3675/3/6
f 3669/4/6 3652/4/6 3676/4/6
f 3675/3/6 3669/3/6 3676/3/6
f 3676/4/6 3652/4/6 3677/4/6
f 3670/4/6 3671/4/6 3678/4/6
f 3653/4/6 3670/4/6 3678/4/6
f 3652/3/6 3653/3/6 3678/3/6
f 3671/4/6 3658/4/6 3679/4/6
f 3678/4/6 3671/4/6 3679/4/6
f 3658/3/6 3659/3/6 3679/3/6
f 3659/4/6 3672/4/6 3680/4/6
f 3672/3/6 3673/3/6 3681/3/6
f 3680/4/6 3672/4/6 3681/4/6
f 3673/3/6 3667/3/6 3682/3/6
f 3681/3/6 3673/3/6 3682/3/6
f 3677/4/6 3652/4/6 3684/4/6
f 3676/3/6 3677/3/6 3684/3/6
f 3675/3/6 3676/3/6 3684/3/6
f 3652/3/6 3678/3/6 3685/3/6
f 3684/4/6 3652/4/6 3685/4/6
f 3678/3/6 3679/3/6 3685/3/6
f 3679/3/6 3659/3/6 3686/3/6
f 3685/3/6 3679/3/6 3686/3/6
f 3659/4/6 3680/4/6 3686/4/6
f 3686/4/6 3680/4/6 3687/4/6
f 3680/3/6 3681/3/6 3688/3/6
f 3687/4/6 3680/4/6 3688/4/6
f 3681/3/6 3682/3/6 3688/3/6
f 3684/3/6 3685/3/6 3689/3/6
f 3686/4/6 3687/4/6 3689/4/6
f 3685/4/6 3686/4/6 3689/4/6
f 3689/4/6 3687/4/6 3690/4/6
f 3690/4/6 3687/4/6 3691/4/6
f 3687/3/6 3688/3/6 3692/3/6
f 3691/4/6 3687/4/6 3692/4/6
f 3690/4/6 3691/4/6 3693/4/6
f 3689/3/6 3690/3/6 3693/3/6
f 3693/4/6 3691/4/6 3694/4/6
f 3694/4/6 3691/4/6 3695/4/6
f 3691/3/6 3692/3/6 3696/3/6
f 3695/4/6 3691/4/6 3696/4/6
f 3694/4/6 3695/4/6 3697/4/6
f 3693/3/6 3694/3/6 3697/3/6
f 3695/3/6 3696/3/6 3698/3/6
f 3697/4/6 3695/4/6 3698/4/6
f 3674/4/6 3675/4/6 3699/4/6
f 3675/3/6 3684/3/6 3700/3/6
f 3699/4/6 3675/4/6 3700/4/6
f 3684/3/6 3689/3/6 3700/3/6
f 3697/3/6 3698/3/6 3700/3/6
f 3693/3/6 3697/3/6 3700/3/6
f 3689/3/6 3693/3/6 3700/3/6
f 3688/3/6 3682/3/6 3701/3/6
f 3700/3/6 3698/3/6 3701/3/6
f 3698/3/6 3696/3/6 3701/3/6
f 3696/3/6 3692/3/6 3701/3/6
f 3692/3/6 3688/3/6 3701/3/6
f 3682/4/6 3683/4/6 3702/4/6
f 3701/3/6 3682/3/6 3702/3/6
f 3702/4/6 3683/4/6 3703/4/6
f 3700/3/6 3701/3/6 3704/3/6
f 3704/3/6 3701/3/6 3705/3/6
f 3704/4/6 3705/4/6 3706/4/6
f 3705/3/6 3701/3/6 3707/3/6
f 3706/4/6 3705/4/6 3707/4/6
f 3701/4/6 3702/4/6 3708/4/6
f 3707/3/6 3701/3/6 3708/3/6
f 3708/4/6 3702/4/6 3709/4/6
f 3707/3/6 3708/3/6 3710/3/6
f 3710/3/6 3708/3/6 3711/3/6
f 3711/3/6 3708/3/6 3712/3/6
f 3712/3/6 3708/3/6 3713/3/6
f 3710/4/6 3711/4/6 3714/4/6
f 3711/3/6 3712/3/6 3715/3/6
f 3714/4/6 3711/4/6 3715/4/6
f 3712/4/6 3713/4/6 3716/4/6
f 3715/3/6 3712/3/6 3716/3/6
f 3716/4/6 3713/4/6 3717/4/6
f 3715/3/6 3716/3/6 3718/3/6
f 3718/3/6 3716/3/6 3719/3/6
f 3719/3/6 3716/3/6 3720/3/6
f 3720/3/6 3716/3/6 3721/3/6
f 3718/4/6 3719/4/6 3722/4/6
f 3719/3/6 3720/3/6 3723/3/6
f 3722/4/6 3719/4/6 3723/4/6
f 3723/3/6 3720/3/6 3724/3/6
f 3724/3/6 3720/3/6 3725/3/6
f 3720/4/6 3721/4/6 3726/4/6
f 3725/3/6 3720/3/6 3726/3/6
f 3726/4/6 3721/4/6 3727/4/6
f 3723/4/6 3724/4/6 3728/4/6
f 3724/3/6 3725/3/6 3729/3/6
f 3728/4/6 3724/4/6 3729/4/6
f 3729/3/6 3725/3/6 3730/3/6
f 3730/3/6 3725/3/6 3731/3/6
f 3725/4/6 3726/4/6 3732/4/6
f 3731/3/6 3725/3/6 3732/3/6
f 3732/4/6 3726/4/6 3733/4/6
f 3729/4/6 3730/4/6 3734/4/6
f 3730/3/6 3731/3/6 3735/3/6
f 3734/4/6 3730/4/6 3735/4/6
f 3735/3/6 3731/3/6 3736/3/6
f 3736/3/6 3731/3/6 3737/3/6
f 3731/4/6 3732/4/6 3738/4/6
f 3737/3/6 3731/3/6 3738/3/6
f 3738/4/6 3732/4/6 3739/4/6
f 3735/4/6 3736/4/6 3740/4/6
f 3736/3/6 3737/3/6 3741/3/6
f 3740/4/6 3736/4/6 3741/4/6
f 3741/3/6 3737/3/6 3742/3/6
f 3742/3/6 3737/3/6 3743/3/6
f 3737/4/6 3738/4/6 3744/4/6
f 3743/3/6 3737/3/6 3744/3/6
f 3744/4/6 3738/4/6 3745/4/6
f 3741/4/6 3742/4/6 3746/4/6
f 3742/3/6 3743/3/6 3747/3/6
f 3746/4/6 3742/4/6 3747/4/6
f 3747/3/6 3743/3/6 3748/3/6
f 3748/3/6 3743/3/6 3749/3/6
f 3743/4/6 3744/4/6 3750/4/6
f 3749/3/6 3743/3/6 3750/3/6
f 3750/4/6 3744/4/6 3751/4/6
f 3747/4/6 3748/4/6 3752/4/6
f 3748/3/6 3749/3/6 3753/3/6
f 3752/4/6 3748/4/6 3753/4/6
f 3753/3/6 3749/3/6 3754/3/6
f 3754/3/6 3749/3/6 3755/3/6
f 3749/4/6 3750/4/6 3756/4/6
f 3755/3/6 3749/3/6 3756/3/6
f 3756/4/6 3750/4/6 3757/4/6
f 3753/4/6 3754/4/6 3758/4/6
f 3754/3/6 3755/3/6 3759/3/6
f 3758/4/6 3754/4/6 3759/4/6
f 3759/3/6 3755/3/6 3760/3/6
f 3760/3/6 3755/3/6 3761/3/6
f 3755/4/6 3756/4/6 3762/4/6
f 3761/3/6 3755/3/6 3762/3/6
f 3762/4/6 3756/4/6 3763/4/6
f 3759/4/6 3760/4/6 3764/4/6
f 3760/3/6 3761/3/6 3765/3/6
f 3764/4/6 3760/4/6 3765/4/6
f 3765/3/6 3761/3/6 3766/3/6
f 3766/3/6 3761/3/6 3767/3/6
f 3761/4/6 3762/4/6 3768/4/6
f 3767/3/6 3761/3/6 3768/3/6
f 3768/4/6 3762/4/6 3769/4/6
f 3765/4/6 3766/4/6 3770/4/6
f 3770/4/6 3766/4/6 3771/4/6
f 3766/3/6 3767/3/6 3772/3/6
f 3771/4/6 3766/4/6 3772/4/6
f 3767/4/6 3768/4/6 3773/4/6
f 3772/3/6 3767/3/6 3773/3/6
f 3773/4/6 3768/4/6 3774/4/6
f 3771/4/6 3772/4/6 3775/4/6
f 3772/4/6 3773/4/6 3775/4/6
f 3775/4/6 3773/4/6 3776/4/6
f 3777/4/6 3778/4/6 3779/4/6
f 3777/4/6 3779/4/6 3783/4/6
f 3779/4/6 3780/4/6 3783/4/6
f 3783/4/6 3780/4/6 3784/4/6
f 3781/4/6 3782/4/6 3785/4/6
f 3785/4/6 3782/4/6 3786/4/6
f 3784/4/6 3780/4/6 3789/4/6
f 3789/4/6 3780/4/6 3790/4/6
f 3793/4/6 3794/4/6 3797/4/6
f 3797/4/6 3794/4/6 3798/4/6
f 3795/4/6 3796/4/6 3799/4/6
f 3799/4/6 3796/4/6 3800/4/6
f 3787/4/6 3788/4/6 3805/4/6
f 3805/4/6 3788/4/6 3806/4/6
f 3801/4/6 3802/4/6 3808/4/6
f 3808/4/6 3802/4/6 3809/4/6
f 3803/4/6 3804/4/6 3810/4/6
f 3810/4/6 3804/4/6 3811/4/6
f 3791/4/6 3792/4/6 3813/4/6
f 3813/4/6 3792/4/6 3814/4/6
f 3806/4/6 3807/4/6 3819/4/6
f 3819/4/6 3807/4/6 3820/4/6
f 3815/4/6 3816/4/6 3821/4/6
f 3821/4/6 3816/4/6 3822/4/6
f 3817/4/6 3818/4/6 3825/4/6
f 3825/4/6 3818/4/6 3826/4/6
f 3812/4/6 3813/4/6 3828/4/6
f 3828/4/6 3813/4/6 3829/4/6
f 3822/4/6 3823/4/6 3832/4/6
f 3832/4/6 3823/4/6 3833/4/6
f 3824/4/6 3825/4/6 3836/4/6
f 3836/4/6 3825/4/6 3837/4/6
f 3830/4/6 3831/4/6 3838/4/6
f 3838/4/6 3831/4/6 3839/4/6
f 3833/4/6 3834/4/6 3841/4/6
f 3841/4/6 3834/4/6 3842/4/6
f 3835/4/6 3836/4/6 3845/4/6
f 3845/4/6 3836/4/6 3846/4/6
f 3827/4/6 3828/4/6 3848/4/6
f 3848/4/6 3828/4/6 3849/4/6
f 3839/4/6 3840/4/6 3850/4/6
f 3850/4/6 3840/4/6 3851/4/6
f 3842/4/6 3843/4/6 3852/4/6
f 3852/4/6 3843/4/6 3853/4/6
f 3844/4/6 3845/4/6 3856/4/6
f 3856/4/6 3845/4/6 3857/4/6
f 3847/4/6 3848/4/6 3859/4/6
f 3859/4/6 3848/4/6 3860/4/6
f 3853/4/6 3854/4/6 3863/4/6
f 3863/4/6 3854/4/6 3864/4/6
f 3855/4/6 3856/4/6 3867/4/6
f 3867/4/6 3856/4/6 3868/4/6
f 3861/4/6 3862/4/6 3869/4/6
f 3869/4/6 3862/4/6 3870/4/6
f 3864/4/6 3865/4/6 3872/4/6
f 3872/4/6 3865/4/6 3873/4/6
f 3866/4/6 3867/4/6 3876/4/6
f 3876/4/6 3867/4/6 3877/4/6
f 3858/4/6 3859/4/6 3879/4/6
f 3879/4/6 3859/4/6 3880/4/6
f 3870/4/6 3871/4/6 3881/4/6
f 3881/4/6 3871/4/6 3882/4/6
f 3873/4/6 3874/4/6 3884/4/6
f 3884/4/6 3874/4/6 3885/4/6
f 3875/4/6 3876/4/6 3888/4/6
f 3888/4/6 3876/4/6 3889/4/6
f 3878/4/6 3879/4/6 3891/4/6
f 3891/4/6 3879/4/6 3892/4/6
f 3882/4/6 3883/4/6 3893/4/6
f 3893/4/6 3883/4/6 3894/4/6
f 3885/4/6 3886/4/6 3896/4/6
f 3896/4/6 3886/4/6 3897/4/6
f 3887/4/6 3888/4/6 3900/4/6
f 3900/4/6 3888/4/6 3901/4/6
f 3890/4/6 3891/4/6 3903/4/6
f 3903/4/6 3891/4/6 3904/4/6
f 3894/4/6 3895/4/6 3905/4/6
f 3905/4/6 3895/4/6 3906/4/6
f 3897/4/6 3898/4/6 3908/4/6
f 3908/4/6 3898/4/6 3909/4/6
f 3899/4/6 3900/4/6 3910/4/6
f 3910/4/6 3900/4/6 3911/4/6
f 3902/4/6 3903/4/6 3913/4/6
f 3913/4/6 3903/4/6 3914/4/6
f 3906/4/6 3907/4/6 3915/4/6
f 3915/4/6 3907/4/6 3916/4/6
f 3909/4/6 3910/4/6 3918/4/6
f 3918/4/6 3910/4/6 3919/4/6
f 3912/4/6 3913/4/6 3921/4/6
f 3921/4/6 3913/4/6 3922/4/6
f 3916/4/6 3917/4/6 3923/4/6
f 3923/4/6 3917/4/6 3924/4/6
f 3920/4/6 3921/4/6 3927/4/6
f 3927/4/6 3921/4/6 3928/4/6
f 3924/4/6 3925/4/6 3929/4/6
f 3929/4/6 3925/4/6 3930/4/6
f 3926/4/6 3927/4/6 3933/4/6
f 3933/4/6 3927/4/6 3934/4/6
f 3930/4/6 3931/4/6 3935/4/6
f 3935/4/6 3931/4/6 3936/4/6
f 3932/4/6 3933/4/6 3937/4/6
f 3937/4/6 3933/4/6 3938/4/6
f 3936/4/6 3937/4/6 3939/4/6
f 3939/4/6 3937/4/6 3940/4/6
f 3941/4/6 3942/4/6 3944/4/6
f 3944/4/6 3942/4/6 3945/4/6
f 3943/4/6 3944/4/6 3948/4/6
f 3948/4/6 3944/4/6 3949/4/6
f 3949/4/6 3944/4/6 3950/4/6
f 3945/4/6 3946/4/6 3951/4/6
f 3951/4/6 3946/4/6 3952/4/6
f 3952/4/6 3946/4/6 3953/4/6
f 3947/4/6 3948/4/6 3956/4/6
f 3948/4/6 3949/4/6 3956/4/6
f 3956/4/6 3949/4/6 3957/4/6
f 3957/4/6 3949/4/6 3958/4/6
f 3953/4/6 3954/4/6 3959/4/6
f 3952/4/6 3953/4/6 3959/4/6
f 3959/4/6 3954/4/6 3960/4/6
f 3960/4/6 3954/4/6 3961/4/6
f 3956/4/6 3957/4/6 3964/4/6
f 3955/4/6 3956/4/6 3964/4/6
f 3964/4/6 3957/4/6 3965/4/6
f 3965/4/6 3957/4/6 3966/4/6
f 3961/4/6 3962/4/6 3967/4/6
f 3960/4/6 3961/4/6 3967/4/6
f 3967/4/6 3962/4/6 3968/4/6
f 3968/4/6 3962/4/6 3969/4/6
f 3964/4/6 3965/4/6 3972/4/6
f 3963/4/6 3964/4/6 3972/4/6
f 3972/4/6 3965/4/6 3973/4/6
f 3973/4/6 3965/4/6 3974/4/6
f 3969/4/6 3970/4/6 3975/4/6
f 3968/4/6 3969/4/6 3975/4/6
f 3975/4/6 3970/4/6 3976/4/6
f 3976/4/6 3970/4/6 3977/4/6
f 3972/4/6 3973/4/6 3980/4/6
f 3971/4/6 3972/4/6 3980/4/6
f 3980/4/6 3973/4/6 3981/4/6
f 3981/4/6 3973/4/6 3982/4/6
f 3977/4/6 3978/4/6 3983/4/6
f 3976/4/6 3977/4/6 3983/4/6
f 3983/4/6 3978/4/6 3984/4/6
f 3984/4/6 3978/4/6 3985/4/6
f 3980/4/6 3981/4/6 3988/4/6
f 3979/4/6 3980/4/6 3988/4/6
f 3988/4/6 3981/4/6 3989/4/6
f 3989/4/6 3981/4/6 3990/4/6
f 3985/4/6 3986/4/6 3991/4/6
f 3984/4/6 3985/4/6 3991/4/6
f 3991/4/6 3986/4/6 3992/4/6
f 3992/4/6 3986/4/6 3993/4/6
f 3988/4/6 3989/4/6 3996/4/6
f 3987/4/6 3988/4/6 3996/4/6
f 3996/4/6 3989/4/6 3997/4/6
f 3997/4/6 3989/4/6 3998/4/6
f 3993/4/6 3994/4/6 3999/4/6
f 3992/4/6 3993/4/6 3999/4/6
f 3999/4/6 3994/4/6 4000/4/6
f 4000/4/6 3994/4/6 4001/4/6
f 3996/4/6 3997/4/6 4003/4/6
f 3995/4/6 3996/4/6 4003/4/6
f 4003/4/6 3997/4/6 4004/4/6
f 4001/4/6 4002/4/6 4005/4/6
f 4000/4/6 4001/4/6 4005/4/6
f 4005/4/6 4002/4/6 4006/4/6
f 3995/4/6 4003/4/6 4008/4/6
f 4008/4/6 4003/4/6 4009/4/6
f 4009/4/6 4003/4/6 4010/4/6
f 4006/4/6 4002/4/6 4011/4/6
f 4011/4/6 4002/4/6 4012/4/6
f 4012/4/6 4002/4/6 4013/4/6
f 4007/4/6 4008/4/6 4016/4/6
f 4008/4/6 4009/4/6 4016/4/6
f 4013/4/6 4014/4/6 4017/4/6
f 4012/4/6 4013/4/6 4017/4/6
f 4015/4/6 4016/4/6 4019/4/6
f 4016/4/6 4009/4/6 4019/4/6
f 4019/4/6 4009/4/6 4020/4/6
f 4017/4/6 4018/4/6 4021/4/6
f 4012/4/6 4017/4/6 4021/4/6
f 4021/4/6 4018/4/6 4022/4/6
f 4015/4/6 4019/4/6 4024/4/6
f 4022/4/6 4018/4/6 4025/4/6
f 4023/4/6 4024/4/6 4027/4/6
f 4024/4/6 4019/4/6 4027/4/6
f 4027/4/6 4019/4/6 4028/4/6
f 4025/4/6 4026/4/6 4029/4/6
f 4022/4/6 4025/4/6 4029/4/6
f 4029/4/6 4026/4/6 4030/4/6
f 4023/4/6 4027/4/6 4032/4/6
f 4030/4/6 4026/4/6 4033/4/6
f 4031/4/6 4032/4/6 4035/4/6
f 4032/4/6 4027/4/6 4035/4/6
f 4035/4/6 4027/4/6 4036/4/6
f 4033/4/6 4034/4/6 4037/4/6
f 4030/4/6 4033/4/6 4037/4/6
f 4037/4/6 4034/4/6 4038/4/6
f 4031/4/6 4035/4/6 4039/4/6
f 4039/4/6 4035/4/6 4040/4/6
f 4031/4/6 4039/4/6 4042/4/6
f 4038/4/6 4034/4/6 4043/4/6
f 4041/4/6 4042/4/6 4045/4/6
f 4042/4/6 4039/4/6 4045/4/6
f 4043/4/6 4044/4/6 4048/4/6
f 4038/4/6 4043/4/6 4048/4/6
f 4045/4/6 4046/4/6 4049/4/6
f 4041/4/6 4045/4/6 4049/4/6
f 4049/4/6 4046/4/6 4050/4/6
f 4050/4/6 4046/4/6 4051/4/6
f 4047/4/6 4048/4/6 4053/4/6
f 4048/4/6 4044/4/6 4053/4/6
f 4053/4/6 4044/4/6 4054/4/6
f 4051/4/6 4052/4/6 4055/4/6
f 4050/4/6 4051/4/6 4055/4/6
f 4047/4/6 4053/4/6 4058/4/6
f 4055/4/6 4056/4/6 4059/4/6
f 4050/4/6 4055/4/6 4059/4/6
f 4059/4/6 4056/4/6 4060/4/6
f 4060/4/6 4056/4/6 4061/4/6
f 4057/4/6 4058/4/6 4064/4/6
f 4058/4/6 4053/4/6 4065/4/6
f 4064/4/6 4058/4/6 4065/4/6
f 4065/4/6 4053/4/6 4066/4/6
f 4061/4/6 4062/4/6 4067/4/6
f 4060/4/6 4061/4/6 4067/4/6
f 4063/4/6 4064/4/6 4070/4/6
f 4064/4/6 4065/4/6 4070/4/6
f 4070/4/6 4065/4/6 4071/4/6
f 4071/4/6 4065/4/6 4072/4/6
f 4067/4/6 4068/4/6 4073/4/6
f 4060/4/6 4067/4/6 4073/4/6
f 4073/4/6 4068/4/6 4074/4/6
f 4074/4/6 4068/4/6 4075/4/6
f 4070/4/6 4071/4/6 4078/4/6
f 4069/4/6 4070/4/6 4078/4/6
f 4075/4/6 4076/4/6 4079/4/6
f 4074/4/6 4075/4/6 4079/4/6
f 4079/4/6 4076/4/6 4080/4/6
f 4080/4/6 4076/4/6 4081/4/6
f 4077/4/6 4078/4/6 4084/4/6
f 4078/4/6 4071/4/6 4085/4/6
f 4084/4/6 4078/4/6 4085/4/6
f 4085/4/6 4071/4/6 4086/4/6
f 4081/4/6 4082/4/6 4087/4/6
f 4080/4/6 4081/4/6 4087/4/6
f 4083/4/6 4084/4/6 4090/4/6
f 4084/4/6 4085/4/6 4090/4/6
f 4090/4/6 4085/4/6 4091/4/6
f 4091/4/6 4085/4/6 4092/4/6
f 4087/4/6 4088/4/6 4093/4/6
f 4080/4/6 4087/4/6 4093/4/6
f 4093/4/6 4088/4/6 4094/4/6
f 4094/4/6 4088/4/6 4095/4/6
f 4090/4/6 4091/4/6 4098/4/6
f 4089/4/6 4090/4/6 4098/4/6
f 4095/4/6 4096/4/6 4099/4/6
f 4094/4/6 4095/4/6 4099/4/6
f 4099/4/6 4096/4/6 4100/4/6
f 4100/4/6 4096/4/6 4101/4/6
f 4097/4/6 4098/4/6 4104/4/6
f 4098/4/6 4091/4/6 4105/4/6
f 4104/4/6 4098/4/6 4105/4/6
f 4105/4/6 4091/4/6 4106/4/6
f 4101/4/6 4102/4/6 4107/4/6
f 4100/4/6 4101/4/6 4107/4/6
f 4107/4/6 4102/4/6 4108/4/6
f 4108/4/6 4102/4/6 4109/4/6
f 4103/4/6 4104/4/6 4112/4/6
f 4104/4/6 4105/4/6 4112/4/6
f 4112/4/6 4105/4/6 4113/4/6
f 4113/4/6 4105/4/6 4114/4/6
f 4109/4/6 4110/4/6 4115/4/6
f 4108/4/6 4109/4/6 4115/4/6
f 4115/4/6 4110/4/6 4116/4/6
f 4116/4/6 4110/4/6 4117/4/6
f 4112/4/6 4113/4/6 4120/4/6
f 4111/4/6 4112/4/6 4120/4/6
f 4120/4/6 4113/4/6 4121/4/6
f 4121/4/6 4113/4/6 4122/4/6
f 4117/4/6 4118/4/6 4123/4/6
f 4116/4/6 4117/4/6 4123/4/6
f 4123/4/6 4118/4/6 4124/4/6
f 4124/4/6 4118/4/6 4125/4/6
f 4120/4/6 4121/4/6 4128/4/6
f 4119/4/6 4120/4/6 4128/4/6
f 4128/4/6 4121/4/6 4129/4/6
f 4129/4/6 4121/4/6 4130/4/6
f 4125/4/6 4126/4/6 4131/4/6
f 4124/4/6 4125/4/6 4131/4/6
f 4131/4/6 4126/4/6 4132/4/6
f 4132/4/6 4126/4/6 4133/4/6
f 4128/4/6 4129/4/6 4134/4/6
f 4127/4/6 4128/4/6 4134/4/6
f 4134/4/6 4129/4/6 4135/4/6
f 4135/4/6 4129/4/6 4136/4/6
f 4132/4/6 4133/4/6 4137/4/6
f 4134/4/6 4135/4/6 4137/4/6
f 4133/4/6 4134/4/6 4137/4/6
f 4137/4/6 4135/4/6 4138/4/6
f 4138/4/6 4135/4/6 4139/4/6
f 4139/4/6 4135/4/6 4140/4/6
f 4138/4/6 4139/4/6 4141/4/6
f 4141/4/6 4139/4/6 4142/4/6
f 4142/4/6 4139/4/6 4143/4/6
f 4143/4/6 4139/4/6 4144/4/6
f 4142/4/6 4143/4/6 4145/4/6
f 4145/4/6 4143/4/6 4146/4/6
