# MagicaVoxel @ Ephtracy

# group
o 

# material
mtllib B1.mtl
usemtl palette

# normals
vn -1 0 0
vn 1 0 0
vn 0 0 1
vn 0 0 -1
vn 0 -1 0
vn 0 1 0

# texcoords
vt 0.708984 0.5
vt 0.880859 0.5
vt 0.912109 0.5
vt 0.916016 0.5
vt 0.939453 0.5
vt 0.943359 0.5
vt 0.947266 0.5
vt 0.951172 0.5
vt 0.955078 0.5
vt 0.958984 0.5
vt 0.970703 0.5
vt 0.974609 0.5
vt 0.978516 0.5
vt 0.982422 0.5

# verts
v -12.8 0.3 3.9
v -12.8 0.3 2.9
v -12.8 0.3 -6.2
v -12.8 0.3 -6.3
v -12.8 0.3 -6.6
v -12.8 0.3 -7.2
v -12.8 0.4 4
v -12.8 0.4 3.9
v -12.8 0.4 2.9
v -12.8 0.4 2.3
v -12.8 0.4 -4.9
v -12.8 0.4 -6.2
v -12.8 0.4 -6.3
v -12.8 0.4 -6.6
v -12.8 0.4 -7.2
v -12.8 0.4 -8.2
v -12.8 0.5 10
v -12.8 0.5 9.9
v -12.8 0.5 4.1
v -12.8 0.5 4
v -12.8 0.5 2.3
v -12.8 0.5 1.9
v -12.8 0.5 -4.1
v -12.8 0.5 -4.9
v -12.8 0.5 -8.2
v -12.8 0.5 -8.7
v -12.8 0.6 8.9
v -12.8 0.6 8
v -12.8 0.6 7.7
v -12.8 0.6 4.3
v -12.8 0.6 4.1
v -12.8 0.6 1.9
v -12.8 0.6 1.5
v -12.8 0.6 -3.5
v -12.8 0.6 -4.1
v -12.8 0.6 -8.7
v -12.8 0.6 -9.2
v -12.8 0.7 9.1
v -12.8 0.7 8.9
v -12.8 0.7 8
v -12.8 0.7 7.9
v -12.8 0.7 7.7
v -12.8 0.7 6.7
v -12.8 0.7 1.5
v -12.8 0.7 1.3
v -12.8 0.7 -3.1
v -12.8 0.7 -3.2
v -12.8 0.7 -3.3
v -12.8 0.7 -3.5
v -12.8 0.7 -9.2
v -12.8 0.7 -9.6
v -12.8 0.8 9.9
v -12.8 0.8 9.6
v -12.8 0.8 9.3
v -12.8 0.8 9.1
v -12.8 0.8 7.9
v -12.8 0.8 7.3
v -12.8 0.8 6.7
v -12.8 0.8 6.3
v -12.8 0.8 4.5
v -12.8 0.8 4.3
v -12.8 0.8 1.4
v -12.8 0.8 1.3
v -12.8 0.8 1.2
v -12.8 0.8 1.1
v -12.8 0.8 -2.6
v -12.8 0.8 -3.1
v -12.8 0.8 -3.2
v -12.8 0.8 -3.3
v -12.8 0.8 -9.6
v -12.8 0.8 -9.9
v -12.8 0.8 -10
v -12.8 0.9 10
v -12.8 0.9 9.9
v -12.8 0.9 9.6
v -12.8 0.9 9.3
v -12.8 0.9 7.3
v -12.8 0.9 6.8
v -12.8 0.9 6.3
v -12.8 0.9 4.5
v -12.8 0.9 3.8
v -12.8 0.9 1.4
v -12.8 0.9 1.3
v -12.8 0.9 1.2
v -12.8 0.9 1.1
v -12.8 0.9 1
v -12.8 0.9 -2.6
v -12.8 1 10
v -12.8 1 9.9
v -12.8 1 9.7
v -12.8 1 6.8
v -12.8 1 6.7
v -12.8 1 4.3
v -12.8 1 3.8
v -12.8 1 1.3
v -12.8 1 1.2
v -12.8 1 1.1
v -12.8 1 1
v -12.8 1 0.6
v -12.8 1 -9.9
v -12.8 1 -10
v -12.8 1.1 9.7
v -12.8 1.1 9.4
v -12.8 1.1 9.3
v -12.8 1.1 8.9
v -12.8 1.1 6.7
v -12.8 1.1 6.5
v -12.8 1.1 5.1
v -12.8 1.1 4.3
v -12.8 1.1 1.2
v -12.8 1.1 1.1
v -12.8 1.1 0.6
v -12.8 1.1 0.2
v -12.8 1.2 9.9
v -12.8 1.2 9.8
v -12.8 1.2 9.4
v -12.8 1.2 9.3
v -12.8 1.2 8.9
v -12.8 1.2 8.8
v -12.8 1.2 6.5
v -12.8 1.2 5.1
v -12.8 1.2 0.2
v -12.8 1.2 -0.2
v -12.8 1.2 -8.6
v -12.8 1.2 -8.7
v -12.8 1.2 -9.8
v -12.8 1.2 -9.9
v -12.8 1.3 9.8
v -12.8 1.3 8.8
v -12.8 1.3 1.1
v -12.8 1.3 1
v -12.8 1.3 -0.2
v -12.8 1.3 -8.6
v -12.8 1.3 -9.8
v -12.7 0.2 9.6
v -12.7 0.2 -9.6
v -12.7 0.3 9.7
v -12.7 0.3 9.6
v -12.7 0.3 3.9
v -12.7 0.3 2.9
v -12.7 0.3 -6.2
v -12.7 0.3 -6.3
v -12.7 0.3 -6.6
v -12.7 0.3 -7.2
v -12.7 0.3 -9.6
v -12.7 0.3 -9.7
v -12.7 0.4 9.8
v -12.7 0.4 9.7
v -12.7 0.4 4
v -12.7 0.4 3.9
v -12.7 0.4 2.9
v -12.7 0.4 2.3
v -12.7 0.4 -4.9
v -12.7 0.4 -6.2
v -12.7 0.4 -6.3
v -12.7 0.4 -6.6
v -12.7 0.4 -7.2
v -12.7 0.4 -8.2
v -12.7 0.4 -9.7
v -12.7 0.4 -9.8
v -12.7 0.5 9.9
v -12.7 0.5 9.8
v -12.7 0.5 4.1
v -12.7 0.5 4
v -12.7 0.5 2.3
v -12.7 0.5 1.9
v -12.7 0.5 -4.1
v -12.7 0.5 -4.9
v -12.7 0.5 -8.2
v -12.7 0.5 -8.7
v -12.7 0.5 -9.8
v -12.7 0.5 -9.9
v -12.7 0.6 8.9
v -12.7 0.6 8
v -12.7 0.6 7.7
v -12.7 0.6 4.3
v -12.7 0.6 4.1
v -12.7 0.6 1.9
v -12.7 0.6 1.5
v -12.7 0.6 -3.5
v -12.7 0.6 -4.1
v -12.7 0.6 -8.7
v -12.7 0.6 -9.2
v -12.7 0.7 9.1
v -12.7 0.7 8.9
v -12.7 0.7 7.7
v -12.7 0.7 6.7
v -12.7 0.7 1.5
v -12.7 0.7 1.3
v -12.7 0.7 -3.1
v -12.7 0.7 -3.2
v -12.7 0.7 -3.3
v -12.7 0.7 -3.5
v -12.7 0.7 -9.2
v -12.7 0.7 -9.6
v -12.7 0.8 9.9
v -12.7 0.8 9.6
v -12.7 0.8 9.3
v -12.7 0.8 9.1
v -12.7 0.8 6.7
v -12.7 0.8 6.3
v -12.7 0.8 4.5
v -12.7 0.8 4.3
v -12.7 0.8 1.3
v -12.7 0.8 1.2
v -12.7 0.8 1.1
v -12.7 0.8 0.900001
v -12.7 0.8 -2.6
v -12.7 0.8 -3.1
v -12.7 0.8 -3.2
v -12.7 0.8 -3.3
v -12.7 0.8 -9.6
v -12.7 0.8 -9.9
v -12.7 0.9 9.6
v -12.7 0.9 9.3
v -12.7 0.9 6.3
v -12.7 0.9 4.5
v -12.7 0.9 1.1
v -12.7 0.9 1
v -12.7 0.9 0.900001
v -12.7 0.9 -2.6
v -12.7 1 10
v -12.7 1 9.9
v -12.7 1 1
v -12.7 1 0.6
v -12.7 1 -9.9
v -12.7 1 -10
v -12.7 1.1 1
v -12.7 1.1 0.6
v -12.7 1.1 0.2
v -12.7 1.2 10
v -12.7 1.2 9.9
v -12.7 1.2 9.8
v -12.7 1.2 0.6
v -12.7 1.2 0.2
v -12.7 1.2 -0.2
v -12.7 1.2 -9.8
v -12.7 1.2 -9.9
v -12.7 1.2 -10
v -12.7 1.3 9.9
v -12.7 1.3 9.8
v -12.7 1.3 8.8
v -12.7 1.3 8.7
v -12.7 1.3 1.1
v -12.7 1.3 1
v -12.7 1.3 0.2
v -12.7 1.3 -0.2
v -12.7 1.3 -0.4
v -12.7 1.3 -8.6
v -12.7 1.3 -9.8
v -12.7 1.3 -9.9
v -12.7 1.4 9.8
v -12.7 1.4 8.7
v -12.7 1.4 1.1
v -12.7 1.4 1
v -12.7 1.4 -0.4
v -12.7 1.4 -8.6
v -12.7 1.4 -9.8
v -12.6 0.1 9.6
v -12.6 0.1 -9.6
v -12.6 0.2 9.7
v -12.6 0.2 9.6
v -12.6 0.2 -9.6
v -12.6 0.2 -9.7
v -12.6 0.3 9.8
v -12.6 0.3 9.7
v -12.6 0.3 9.6
v -12.6 0.3 -9.6
v -12.6 0.3 -9.7
v -12.6 0.3 -9.8
v -12.6 0.4 9.9
v -12.6 0.4 9.8
v -12.6 0.4 9.7
v -12.6 0.4 -9.7
v -12.6 0.4 -9.8
v -12.6 0.4 -9.9
v -12.6 0.5 9.9
v -12.6 0.5 9.8
v -12.6 0.5 -9.8
v -12.6 0.5 -9.9
v -12.6 0.7 -9.9
v -12.6 0.7 -10
v -12.6 0.8 -9.9
v -12.6 0.8 -10
v -12.6 1.1 1
v -12.6 1.1 0.6
v -12.6 1.2 10
v -12.6 1.2 9.9
v -12.6 1.2 0.8
v -12.6 1.2 0.6
v -12.6 1.2 -9.9
v -12.6 1.2 -10
v -12.6 1.3 10
v -12.6 1.3 9.9
v -12.6 1.3 9.8
v -12.6 1.3 1
v -12.6 1.3 -9.8
v -12.6 1.3 -9.9
v -12.6 1.3 -10
v -12.6 1.4 9.9
v -12.6 1.4 9.8
v -12.6 1.4 9.7
v -12.6 1.4 8.7
v -12.6 1.4 8
v -12.6 1.4 1.1
v -12.6 1.4 1
v -12.6 1.4 0.900001
v -12.6 1.4 0.8
v -12.6 1.4 -0.4
v -12.6 1.4 -8.6
v -12.6 1.4 -9.7
v -12.6 1.4 -9.8
v -12.6 1.4 -9.9
v -12.6 1.5 9.7
v -12.6 1.5 8
v -12.6 1.5 1
v -12.6 1.5 0.900001
v -12.6 1.5 -0.4
v -12.6 1.5 -8.6
v -12.6 1.5 -9.7
v -12.5 0 9.6
v -12.5 0 -9.6
v -12.5 0.1 9.7
v -12.5 0.1 9.6
v -12.5 0.1 -9.6
v -12.5 0.1 -9.7
v -12.5 0.2 9.8
v -12.5 0.2 9.7
v -12.5 0.2 9.6
v -12.5 0.2 -9.6
v -12.5 0.2 -9.7
v -12.5 0.2 -9.8
v -12.5 0.3 9.9
v -12.5 0.3 9.8
v -12.5 0.3 9.7
v -12.5 0.3 -9.7
v -12.5 0.3 -9.8
v -12.5 0.3 -9.9
v -12.5 0.4 9.9
v -12.5 0.4 9.8
v -12.5 0.4 -9.8
v -12.5 0.4 -9.9
v -12.5 1.2 0.8
v -12.5 1.2 0.2
v -12.5 1.3 0.8
v -12.5 1.3 0.2
v -12.5 1.4 9.8
v -12.5 1.4 9.7
v -12.5 1.4 0.900001
v -12.5 1.4 0.8
v -12.5 1.4 -9.7
v -12.5 1.4 -9.8
v -12.5 1.5 9.8
v -12.5 1.5 9.7
v -12.5 1.5 0.900001
v -12.5 1.5 0.8
v -12.5 1.5 -9.7
v -12.5 1.5 -9.8
v -12.4 0 9.7
v -12.4 0 9.6
v -12.4 0 -9.6
v -12.4 0 -9.7
v -12.4 0.1 9.8
v -12.4 0.1 9.7
v -12.4 0.1 9.6
v -12.4 0.1 -9.6
v -12.4 0.1 -9.7
v -12.4 0.1 -9.8
v -12.4 0.2 9.9
v -12.4 0.2 9.8
v -12.4 0.2 9.7
v -12.4 0.2 -9.7
v -12.4 0.2 -9.8
v -12.4 0.2 -9.9
v -12.4 0.3 9.9
v -12.4 0.3 9.8
v -12.4 0.3 -9.8
v -12.4 0.3 -9.9
v -12.4 0.6 -9.9
v -12.4 0.6 -10
v -12.4 0.7 -9.9
v -12.4 0.7 -10
v -12 0.5 -9.9
v -12 0.5 -10
v -12 0.6 -9.9
v -12 0.6 -10
v -11.9 0.8 10
v -11.9 0.8 9.9
v -11.9 0.9 10
v -11.9 0.9 9.9
v -11.9 1.3 0.8
v -11.9 1.3 0.7
v -11.9 1.4 0.8
v -11.9 1.4 0.7
v -11.9 1.5 0.8
v -11.9 1.5 0.7
v -11.8 0.7 10
v -11.8 0.7 9.9
v -11.8 0.8 10
v -11.8 0.8 9.9
v -11.5 0.6 10
v -11.5 0.6 9.9
v -11.5 0.7 10
v -11.5 0.7 9.9
v -11.5 1.3 0.7
v -11.5 1.3 0.6
v -11.5 1.4 0.7
v -11.5 1.4 0.6
v -11.5 1.5 0.7
v -11.5 1.5 0.6
v -11.2 0.5 10
v -11.2 0.5 9.9
v -11.2 0.6 10
v -11.2 0.6 9.9
v -11.2 1.3 0.6
v -11.2 1.3 0.400001
v -11.2 1.4 0.6
v -11.2 1.4 0.400001
v -11.2 1.5 0.6
v -11.2 1.5 0.400001
v -11.1 1.3 0.400001
v -11.1 1.3 -0.5
v -11.1 1.4 0.400001
v -11.1 1.4 -0.5
v -11.1 1.5 0.400001
v -11.1 1.5 -0.5
v -11 1.3 -0.5
v -11 1.3 -1.2
v -11 1.4 -0.5
v -11 1.4 -1.2
v -11 1.5 -0.5
v -11 1.5 -1.2
v -8.3 0.8 10
v -8.3 0.8 9.9
v -8.3 0.8 9.8
v -8.3 1.2 10
v -8.3 1.2 9.9
v -8.3 1.3 9.9
v -8.3 1.3 9.8
v -8.3 1.3 9.7
v -8.3 1.4 9.8
v -8.3 1.4 9.7
v -8.2 0.6 10
v -8.2 0.6 9.9
v -8.2 0.7 9.9
v -8.2 0.8 10
v -8.2 0.8 9.9
v -8.2 1.2 10
v -8.2 1.2 9.9
v -8.2 1.3 10
v -8.2 1.3 9.9
v -8.2 1.3 9.8
v -8.2 1.4 9.9
v -8.2 1.4 9.8
v -8.2 1.4 9.7
v -8.2 1.4 9.3
v -8.2 1.5 9.7
v -8.2 1.5 9.3
v -8.1 0.5 10
v -8.1 0.5 9.9
v -8.1 0.6 10
v -8.1 0.6 9.9
v -8.1 1.4 9.8
v -8.1 1.4 9.7
v -8.1 1.5 9.8
v -8.1 1.5 9.7
v -7.9 0.4 10
v -7.9 0.4 9.9
v -7.9 0.5 10
v -7.9 0.5 9.9
v -7.6 1.4 2
v -7.6 1.4 1.9
v -7.6 1.5 2
v -7.6 1.5 1.9
v -7.4 1.4 2.1
v -7.4 1.4 2
v -7.4 1.5 2.1
v -7.4 1.5 2
v -7.2 1.4 2.2
v -7.2 1.4 2.1
v -7.2 1.5 2.2
v -7.2 1.5 2.1
v -7 1.4 2.3
v -7 1.4 2.2
v -7 1.5 2.3
v -7 1.5 2.2
v -6.8 1.4 2.4
v -6.8 1.4 2.3
v -6.8 1.5 2.4
v -6.8 1.5 2.3
v -6.7 1.4 2.5
v -6.7 1.4 2.4
v -6.7 1.4 -1.1
v -6.7 1.4 -1.2
v -6.7 1.5 2.5
v -6.7 1.5 2.4
v -6.7 1.5 -1.1
v -6.7 1.5 -1.2
v -6.6 0.9 10
v -6.6 0.9 9.9
v -6.6 1.2 10
v -6.6 1.2 9.9
v -6.6 1.3 -6.4
v -6.6 1.3 -6.5
v -6.6 1.4 2.6
v -6.6 1.4 2.5
v -6.6 1.4 -1.2
v -6.6 1.4 -1.3
v -6.6 1.4 -6.4
v -6.6 1.4 -6.5
v -6.6 1.5 2.6
v -6.6 1.5 2.5
v -6.6 1.5 -1.2
v -6.6 1.5 -1.3
v -6.6 1.5 -6.4
v -6.6 1.5 -6.5
v -6.5 1.2 10
v -6.5 1.2 9.9
v -6.5 1.3 10
v -6.5 1.3 9.9
v -6.5 1.3 9.8
v -6.5 1.3 -6.5
v -6.5 1.3 -6.6
v -6.5 1.4 9.9
v -6.5 1.4 9.8
v -6.5 1.4 2.7
v -6.5 1.4 2.6
v -6.5 1.4 -6.5
v -6.5 1.4 -6.6
v -6.5 1.5 2.7
v -6.5 1.5 2.6
v -6.5 1.5 -6.5
v -6.5 1.5 -6.6
v -6.4 1.4 2.8
v -6.4 1.4 2.7
v -6.4 1.4 -1.4
v -6.4 1.4 -1.5
v -6.4 1.5 2.8
v -6.4 1.5 2.7
v -6.4 1.5 -1.4
v -6.4 1.5 -1.5
v -6.3 1.3 -6.6
v -6.3 1.3 -6.7
v -6.3 1.4 9.8
v -6.3 1.4 9.6
v -6.3 1.4 2.9
v -6.3 1.4 2.8
v -6.3 1.4 -6.6
v -6.3 1.4 -6.7
v -6.3 1.5 9.8
v -6.3 1.5 9.6
v -6.3 1.5 2.9
v -6.3 1.5 2.8
v -6.3 1.5 -6.6
v -6.3 1.5 -6.7
v -6.2 1.4 3
v -6.2 1.4 2.9
v -6.2 1.4 -1.3
v -6.2 1.4 -1.4
v -6.2 1.5 3
v -6.2 1.5 2.9
v -6.2 1.5 -1.3
v -6.2 1.5 -1.4
v -6 1.4 3.1
v -6 1.4 3
v -6 1.5 3.1
v -6 1.5 3
v -5.9 1.3 -4.4
v -5.9 1.3 -4.5
v -5.9 1.3 -6.7
v -5.9 1.3 -6.8
v -5.9 1.4 3.2
v -5.9 1.4 3.1
v -5.9 1.4 -4.4
v -5.9 1.4 -4.5
v -5.9 1.4 -6.7
v -5.9 1.4 -6.8
v -5.9 1.5 3.2
v -5.9 1.5 3.1
v -5.9 1.5 -4.4
v -5.9 1.5 -4.5
v -5.9 1.5 -6.7
v -5.9 1.5 -6.8
v -5.8 0.8 10
v -5.8 0.8 9.9
v -5.8 0.9 10
v -5.8 0.9 9.9
v -5.8 1.3 -0.5
v -5.8 1.3 -0.599999
v -5.8 1.4 3.3
v -5.8 1.4 3.2
v -5.8 1.4 -0.5
v -5.8 1.4 -0.599999
v -5.8 1.5 3.3
v -5.8 1.5 3.2
v -5.8 1.5 -0.5
v -5.8 1.5 -0.599999
v -5.7 1.3 -0.599999
v -5.7 1.3 -0.7
v -5.7 1.3 -1.2
v -5.7 1.3 -1.3
v -5.7 1.3 -4.3
v -5.7 1.3 -4.4
v -5.7 1.3 -4.5
v -5.7 1.3 -4.6
v -5.7 1.4 3.4
v -5.7 1.4 3.3
v -5.7 1.4 -0.599999
v -5.7 1.4 -0.7
v -5.7 1.4 -1.2
v -5.7 1.4 -1.3
v -5.7 1.4 -4.3
v -5.7 1.4 -4.4
v -5.7 1.4 -4.5
v -5.7 1.4 -4.6
v -5.7 1.5 3.4
v -5.7 1.5 3.3
v -5.7 1.5 -0.599999
v -5.7 1.5 -0.7
v -5.7 1.5 -1.2
v -5.7 1.5 -1.3
v -5.7 1.5 -4.3
v -5.7 1.5 -4.4
v -5.7 1.5 -4.5
v -5.7 1.5 -4.6
v -5.6 1.3 -0.7
v -5.6 1.3 -0.8
v -5.6 1.4 3.5
v -5.6 1.4 3.4
v -5.6 1.4 -0.7
v -5.6 1.4 -0.8
v -5.6 1.5 3.5
v -5.6 1.5 3.4
v -5.6 1.5 -0.7
v -5.6 1.5 -0.8
v -5.5 1.3 -2.1
v -5.5 1.3 -2.4
v -5.5 1.3 -6.8
v -5.5 1.3 -6.9
v -5.5 1.4 3.6
v -5.5 1.4 3.5
v -5.5 1.4 -2.1
v -5.5 1.4 -2.4
v -5.5 1.4 -6.8
v -5.5 1.4 -6.9
v -5.5 1.5 3.6
v -5.5 1.5 3.5
v -5.5 1.5 -2.1
v -5.5 1.5 -2.4
v -5.5 1.5 -6.8
v -5.5 1.5 -6.9
v -5.4 1.3 -0.8
v -5.4 1.3 -0.9
v -5.4 1.3 -2.4
v -5.4 1.3 -2.5
v -5.4 1.4 3.7
v -5.4 1.4 3.6
v -5.4 1.4 -0.8
v -5.4 1.4 -0.9
v -5.4 1.4 -2.4
v -5.4 1.4 -2.5
v -5.4 1.5 3.7
v -5.4 1.5 3.6
v -5.4 1.5 -0.8
v -5.4 1.5 -0.9
v -5.4 1.5 -2.4
v -5.4 1.5 -2.5
v -5.3 0.7 10
v -5.3 0.7 9.9
v -5.3 0.8 10
v -5.3 0.8 9.9
v -5.3 1.3 -0.9
v -5.3 1.3 -1
v -5.3 1.3 -2.5
v -5.3 1.3 -2.6
v -5.3 1.4 -0.9
v -5.3 1.4 -1
v -5.3 1.4 -2.5
v -5.3 1.4 -2.6
v -5.3 1.5 -0.9
v -5.3 1.5 -1
v -5.3 1.5 -2.5
v -5.3 1.5 -2.6
v -5.2 1.3 -2.6
v -5.2 1.3 -2.8
v -5.2 1.3 -8.7
v -5.2 1.3 -8.8
v -5.2 1.4 3.8
v -5.2 1.4 3.7
v -5.2 1.4 -2.6
v -5.2 1.4 -2.8
v -5.2 1.4 -8.7
v -5.2 1.4 -8.8
v -5.2 1.5 3.8
v -5.2 1.5 3.7
v -5.2 1.5 -2.6
v -5.2 1.5 -2.8
v -5.2 1.5 -8.7
v -5.2 1.5 -8.8
v -5.1 1.3 -1
v -5.1 1.3 -1.1
v -5.1 1.3 -2.8
v -5.1 1.3 -3.6
v -5.1 1.4 4
v -5.1 1.4 3.8
v -5.1 1.4 -1
v -5.1 1.4 -1.1
v -5.1 1.4 -2.8
v -5.1 1.4 -3.6
v -5.1 1.5 4
v -5.1 1.5 3.8
v -5.1 1.5 -1
v -5.1 1.5 -1.1
v -5.1 1.5 -2.8
v -5.1 1.5 -3.6
v -5 1.3 -1.1
v -5 1.3 -1.2
v -5 1.3 -7.3
v -5 1.3 -7.7
v -5 1.4 4.1
v -5 1.4 4
v -5 1.4 -1.1
v -5 1.4 -1.2
v -5 1.4 -7.3
v -5 1.4 -7.7
v -5 1.5 4.1
v -5 1.5 4
v -5 1.5 -1.1
v -5 1.5 -1.2
v -5 1.5 -7.3
v -5 1.5 -7.7
v -4.9 1.3 -7.2
v -4.9 1.3 -7.3
v -4.9 1.3 -7.7
v -4.9 1.3 -7.8
v -4.9 1.4 4.3
v -4.9 1.4 4.1
v -4.9 1.4 -7.2
v -4.9 1.4 -7.3
v -4.9 1.4 -7.7
v -4.9 1.4 -7.8
v -4.9 1.5 4.3
v -4.9 1.5 4.1
v -4.9 1.5 -7.2
v -4.9 1.5 -7.3
v -4.9 1.5 -7.7
v -4.9 1.5 -7.8
v -4.8 1.3 -7.1
v -4.8 1.3 -7.2
v -4.8 1.4 4.4
v -4.8 1.4 4.3
v -4.8 1.4 -7.1
v -4.8 1.4 -7.2
v -4.8 1.5 4.4
v -4.8 1.5 4.3
v -4.8 1.5 -7.1
v -4.8 1.5 -7.2
v -4.7 0.6 10
v -4.7 0.6 9.9
v -4.7 0.7 10
v -4.7 0.7 9.9
v -4.7 1.3 -6.9
v -4.7 1.3 -7
v -4.7 1.4 4.5
v -4.7 1.4 4.4
v -4.7 1.4 -6.9
v -4.7 1.4 -7
v -4.7 1.5 4.5
v -4.7 1.5 4.4
v -4.7 1.5 -6.9
v -4.7 1.5 -7
v -4.6 1.3 -4.6
v -4.6 1.3 -4.7
v -4.6 1.4 4.8
v -4.6 1.4 4.5
v -4.6 1.4 -4.6
v -4.6 1.4 -4.7
v -4.6 1.5 4.8
v -4.6 1.5 4.5
v -4.6 1.5 -4.6
v -4.6 1.5 -4.7
v -4.5 1.3 -7
v -4.5 1.3 -7.1
v -4.5 1.4 7.8
v -4.5 1.4 7.7
v -4.5 1.4 5
v -4.5 1.4 4.8
v -4.5 1.4 -7
v -4.5 1.4 -7.1
v -4.5 1.5 7.8
v -4.5 1.5 7.7
v -4.5 1.5 5
v -4.5 1.5 4.8
v -4.5 1.5 -7
v -4.5 1.5 -7.1
v -4.4 1.3 -5.3
v -4.4 1.3 -5.4
v -4.4 1.4 7.7
v -4.4 1.4 7.5
v -4.4 1.4 5.3
v -4.4 1.4 5
v -4.4 1.4 -5.3
v -4.4 1.4 -5.4
v -4.4 1.5 7.7
v -4.4 1.5 7.5
v -4.4 1.5 5.3
v -4.4 1.5 5
v -4.4 1.5 -5.3
v -4.4 1.5 -5.4
v -4.3 1.4 7.5
v -4.3 1.4 7.2
v -4.3 1.4 5.9
v -4.3 1.4 5.3
v -4.3 1.5 7.5
v -4.3 1.5 7.2
v -4.3 1.5 5.9
v -4.3 1.5 5.3
v -4.2 1.3 -5.4
v -4.2 1.3 -5.5
v -4.2 1.4 7.2
v -4.2 1.4 5.9
v -4.2 1.4 -5.4
v -4.2 1.4 -5.5
v -4.2 1.5 7.2
v -4.2 1.5 5.9
v -4.2 1.5 -5.4
v -4.2 1.5 -5.5
v -4.1 0.5 10
v -4.1 0.5 9.9
v -4.1 0.6 10
v -4.1 0.6 9.9
v -4.1 1.3 -7.8
v -4.1 1.3 -7.9
v -4.1 1.4 -7.8
v -4.1 1.4 -7.9
v -4.1 1.5 -7.8
v -4.1 1.5 -7.9
v -3.9 1.3 -5.2
v -3.9 1.3 -5.3
v -3.9 1.4 -5.2
v -3.9 1.4 -5.3
v -3.9 1.5 -5.2
v -3.9 1.5 -5.3
v -3.8 1.3 -5.5
v -3.8 1.3 -5.6
v -3.8 1.4 -5.5
v -3.8 1.4 -5.6
v -3.8 1.5 -5.5
v -3.8 1.5 -5.6
v -3.6 1.3 -1.8
v -3.6 1.3 -2
v -3.6 1.4 -1.8
v -3.6 1.4 -2
v -3.6 1.5 -1.8
v -3.6 1.5 -2
v -3.5 1.3 -8.9
v -3.5 1.3 -9
v -3.5 1.4 -8.9
v -3.5 1.4 -9
v -3.5 1.5 -8.9
v -3.5 1.5 -9
v -3.4 1.3 -4
v -3.4 1.3 -4.1
v -3.4 1.4 -4
v -3.4 1.4 -4.1
v -3.4 1.5 -4
v -3.4 1.5 -4.1
v -3.3 1.3 -3.7
v -3.3 1.3 -3.8
v -3.3 1.4 -3.7
v -3.3 1.4 -3.8
v -3.3 1.5 -3.7
v -3.3 1.5 -3.8
v -3.2 1.3 -0.8
v -3.2 1.3 -0.9
v -3.2 1.3 -3.8
v -3.2 1.3 -3.9
v -3.2 1.3 -4.1
v -3.2 1.3 -4.2
v -3.2 1.3 -8.8
v -3.2 1.3 -8.9
v -3.2 1.4 -0.8
v -3.2 1.4 -0.9
v -3.2 1.4 -3.8
v -3.2 1.4 -3.9
v -3.2 1.4 -4.1
v -3.2 1.4 -4.2
v -3.2 1.4 -8.8
v -3.2 1.4 -8.9
v -3.2 1.5 -0.8
v -3.2 1.5 -0.9
v -3.2 1.5 -3.8
v -3.2 1.5 -3.9
v -3.2 1.5 -4.1
v -3.2 1.5 -4.2
v -3.2 1.5 -8.8
v -3.2 1.5 -8.9
v -3.1 1.3 -3.9
v -3.1 1.3 -4
v -3.1 1.4 -3.9
v -3.1 1.4 -4
v -3.1 1.5 -3.9
v -3.1 1.5 -4
v -3 1.3 -0.7
v -3 1.3 -0.8
v -3 1.3 -3.3
v -3 1.3 -3.4
v -3 1.3 -4
v -3 1.3 -4.1
v -3 1.4 -0.7
v -3 1.4 -0.8
v -3 1.4 -3.3
v -3 1.4 -3.4
v -3 1.4 -4
v -3 1.4 -4.1
v -3 1.5 -0.7
v -3 1.5 -0.8
v -3 1.5 -3.3
v -3 1.5 -3.4
v -3 1.5 -4
v -3 1.5 -4.1
v -2.9 1.3 -0.8
v -2.9 1.3 -0.9
v -2.9 1.3 -3.4
v -2.9 1.3 -3.5
v -2.9 1.3 -8.7
v -2.9 1.3 -8.8
v -2.9 1.4 -0.8
v -2.9 1.4 -0.9
v -2.9 1.4 -3.4
v -2.9 1.4 -3.5
v -2.9 1.4 -8.7
v -2.9 1.4 -8.8
v -2.9 1.5 -0.8
v -2.9 1.5 -0.9
v -2.9 1.5 -3.4
v -2.9 1.5 -3.5
v -2.9 1.5 -8.7
v -2.9 1.5 -8.8
v -2.8 1.3 -1.7
v -2.8 1.3 -1.8
v -2.8 1.3 -6.7
v -2.8 1.3 -6.9
v -2.8 1.4 -1.7
v -2.8 1.4 -1.8
v -2.8 1.4 -6.7
v -2.8 1.4 -6.9
v -2.8 1.5 -1.7
v -2.8 1.5 -1.8
v -2.8 1.5 -6.7
v -2.8 1.5 -6.9
v -2.7 1.3 -2.1
v -2.7 1.3 -2.2
v -2.7 1.3 -6.9
v -2.7 1.3 -7
v -2.7 1.4 -2.1
v -2.7 1.4 -2.2
v -2.7 1.4 -6.9
v -2.7 1.4 -7
v -2.7 1.5 -2.1
v -2.7 1.5 -2.2
v -2.7 1.5 -6.9
v -2.7 1.5 -7
v -2.6 1.3 -4.2
v -2.6 1.3 -4.3
v -2.6 1.4 -4.2
v -2.6 1.4 -4.3
v -2.6 1.5 -4.2
v -2.6 1.5 -4.3
v -2.5 1.3 -8.6
v -2.5 1.3 -8.7
v -2.5 1.4 -8.6
v -2.5 1.4 -8.7
v -2.5 1.5 -8.6
v -2.5 1.5 -8.7
v -2.4 1.3 -3.7
v -2.4 1.3 -3.8
v -2.4 1.3 -5.6
v -2.4 1.3 -5.7
v -2.4 1.4 -3.7
v -2.4 1.4 -3.8
v -2.4 1.4 -5.6
v -2.4 1.4 -5.7
v -2.4 1.5 -3.7
v -2.4 1.5 -3.8
v -2.4 1.5 -5.6
v -2.4 1.5 -5.7
v -2.3 1.3 -3.5
v -2.3 1.3 -3.6
v -2.3 1.4 -3.5
v -2.3 1.4 -3.6
v -2.3 1.5 -3.5
v -2.3 1.5 -3.6
v -2.2 1.3 -0.9
v -2.2 1.3 -1
v -2.2 1.3 -4.8
v -2.2 1.3 -4.9
v -2.2 1.3 -8.5
v -2.2 1.3 -8.6
v -2.2 1.4 -0.9
v -2.2 1.4 -1
v -2.2 1.4 -4.8
v -2.2 1.4 -4.9
v -2.2 1.4 -8.5
v -2.2 1.4 -8.6
v -2.2 1.5 -0.9
v -2.2 1.5 -1
v -2.2 1.5 -4.8
v -2.2 1.5 -4.9
v -2.2 1.5 -8.5
v -2.2 1.5 -8.6
v -2.1 1.3 -1.9
v -2.1 1.3 -2
v -2.1 1.3 -3.6
v -2.1 1.3 -3.7
v -2.1 1.4 -1.9
v -2.1 1.4 -2
v -2.1 1.4 -3.6
v -2.1 1.4 -3.7
v -2.1 1.5 -1.9
v -2.1 1.5 -2
v -2.1 1.5 -3.6
v -2.1 1.5 -3.7
v -1.9 1.3 -2
v -1.9 1.3 -2.1
v -1.9 1.3 -4.3
v -1.9 1.3 -4.6
v -1.9 1.4 -2
v -1.9 1.4 -2.1
v -1.9 1.4 -4.3
v -1.9 1.4 -4.6
v -1.9 1.5 -2
v -1.9 1.5 -2.1
v -1.9 1.5 -4.3
v -1.9 1.5 -4.6
v -1.8 1.3 -1
v -1.8 1.3 -1.1
v -1.8 1.3 -7
v -1.8 1.3 -7.1
v -1.8 1.4 -1
v -1.8 1.4 -1.1
v -1.8 1.4 -7
v -1.8 1.4 -7.1
v -1.8 1.5 -1
v -1.8 1.5 -1.1
v -1.8 1.5 -7
v -1.8 1.5 -7.1
v -1.7 1.3 0
v -1.7 1.3 -0.4
v -1.7 1.3 -5.2
v -1.7 1.3 -5.3
v -1.7 1.4 0
v -1.7 1.4 -0.4
v -1.7 1.4 -5.2
v -1.7 1.4 -5.3
v -1.7 1.5 0
v -1.7 1.5 -0.4
v -1.7 1.5 -5.2
v -1.7 1.5 -5.3
v -1.6 1.3 0.2
v -1.6 1.3 0.1
v -1.6 1.3 0
v -1.6 1.3 -0.4
v -1.6 1.3 -0.599999
v -1.6 1.3 -4.6
v -1.6 1.3 -4.7
v -1.6 1.3 -4.9
v -1.6 1.3 -5
v -1.6 1.3 -8.4
v -1.6 1.3 -8.5
v -1.6 1.4 0.2
v -1.6 1.4 0.1
v -1.6 1.4 0
v -1.6 1.4 -0.4
v -1.6 1.4 -0.599999
v -1.6 1.4 -4.6
v -1.6 1.4 -4.7
v -1.6 1.4 -4.9
v -1.6 1.4 -5
v -1.6 1.4 -8.4
v -1.6 1.4 -8.5
v -1.6 1.5 0.2
v -1.6 1.5 0
v -1.6 1.5 -0.4
v -1.6 1.5 -0.599999
v -1.6 1.5 -4.6
v -1.6 1.5 -4.7
v -1.6 1.5 -4.9
v -1.6 1.5 -5
v -1.6 1.5 -8.4
v -1.6 1.5 -8.5
v -1.5 1.3 5.8
v -1.5 1.3 5.7
v -1.5 1.3 -0.599999
v -1.5 1.3 -0.8
v -1.5 1.3 -2.7
v -1.5 1.3 -2.8
v -1.5 1.3 -3.3
v -1.5 1.3 -3.4
v -1.5 1.3 -4.7
v -1.5 1.3 -4.8
v -1.5 1.4 5.8
v -1.5 1.4 5.7
v -1.5 1.4 -0.599999
v -1.5 1.4 -0.8
v -1.5 1.4 -2.7
v -1.5 1.4 -2.8
v -1.5 1.4 -3.3
v -1.5 1.4 -3.4
v -1.5 1.4 -4.7
v -1.5 1.4 -4.8
v -1.5 1.5 5.8
v -1.5 1.5 5.7
v -1.5 1.5 -0.599999
v -1.5 1.5 -0.8
v -1.5 1.5 -2.7
v -1.5 1.5 -2.8
v -1.5 1.5 -3.3
v -1.5 1.5 -3.4
v -1.5 1.5 -4.7
v -1.5 1.5 -4.8
v -1.4 1.3 5.7
v -1.4 1.3 5.6
v -1.4 1.3 4.3
v -1.4 1.3 3.8
v -1.4 1.3 0.3
v -1.4 1.3 0.2
v -1.4 1.3 -0.8
v -1.4 1.3 -1
v -1.4 1.3 -1.1
v -1.4 1.3 -1.2
v -1.4 1.3 -5.3
v -1.4 1.3 -5.4
v -1.4 1.4 5.7
v -1.4 1.4 5.6
v -1.4 1.4 4.3
v -1.4 1.4 3.8
v -1.4 1.4 0.3
v -1.4 1.4 0.2
v -1.4 1.4 -0.8
v -1.4 1.4 -1
v -1.4 1.4 -1.1
v -1.4 1.4 -1.2
v -1.4 1.4 -5.3
v -1.4 1.4 -5.4
v -1.4 1.5 5.7
v -1.4 1.5 5.6
v -1.4 1.5 4.3
v -1.4 1.5 3.8
v -1.4 1.5 0.3
v -1.4 1.5 0.2
v -1.4 1.5 -0.8
v -1.4 1.5 -1
v -1.4 1.5 -1.1
v -1.4 1.5 -1.2
v -1.4 1.5 -5.3
v -1.4 1.5 -5.4
v -1.3 1.3 5.6
v -1.3 1.3 5.5
v -1.3 1.3 4.6
v -1.3 1.3 4.3
v -1.3 1.3 0.400001
v -1.3 1.3 0.3
v -1.3 1.4 5.6
v -1.3 1.4 5.5
v -1.3 1.4 4.6
v -1.3 1.4 4.3
v -1.3 1.4 0.400001
v -1.3 1.4 0.3
v -1.3 1.5 5.6
v -1.3 1.5 5.5
v -1.3 1.5 4.6
v -1.3 1.5 4.3
v -1.3 1.5 0.400001
v -1.3 1.5 0.3
v -1.2 1.3 5.5
v -1.2 1.3 5.2
v -1.2 1.3 4.8
v -1.2 1.3 4.6
v -1.2 1.4 5.5
v -1.2 1.4 5.2
v -1.2 1.4 4.8
v -1.2 1.4 4.6
v -1.2 1.5 5.5
v -1.2 1.5 5.2
v -1.2 1.5 4.8
v -1.2 1.5 4.6
v -1.1 1.3 5.2
v -1.1 1.3 4.8
v -1.1 1.3 -1.2
v -1.1 1.3 -1.3
v -1.1 1.4 5.2
v -1.1 1.4 4.8
v -1.1 1.4 -1.2
v -1.1 1.4 -1.3
v -1.1 1.5 5.2
v -1.1 1.5 4.8
v -1.1 1.5 -1.2
v -1.1 1.5 -1.3
v -0.900001 1.3 -5
v -0.900001 1.3 -5.1
v -0.900001 1.3 -8.3
v -0.900001 1.3 -8.4
v -0.900001 1.4 -5
v -0.900001 1.4 -5.1
v -0.900001 1.4 -8.3
v -0.900001 1.4 -8.4
v -0.900001 1.5 -5
v -0.900001 1.5 -5.1
v -0.900001 1.5 -8.3
v -0.900001 1.5 -8.4
v -0.8 1.3 -1.3
v -0.8 1.3 -1.4
v -0.8 1.4 -1.3
v -0.8 1.4 -1.4
v -0.8 1.5 -1.3
v -0.8 1.5 -1.4
v -0.6 1.3 -7.1
v -0.6 1.3 -7.2
v -0.6 1.3 -8.2
v -0.6 1.3 -8.3
v -0.6 1.4 -7.1
v -0.6 1.4 -7.2
v -0.6 1.4 -8.2
v -0.6 1.4 -8.3
v -0.6 1.5 -7.1
v -0.6 1.5 -7.2
v -0.6 1.5 -8.2
v -0.6 1.5 -8.3
v -0.400001 1.3 -8.1
v -0.400001 1.3 -8.2
v -0.400001 1.4 -8.1
v -0.400001 1.4 -8.2
v -0.400001 1.5 -8.1
v -0.400001 1.5 -8.2
v -0.3 1.3 2
v -0.3 1.3 1.6
v -0.3 1.3 -1.4
v -0.3 1.3 -1.5
v -0.3 1.3 -5.1
v -0.3 1.3 -5.2
v -0.3 1.4 2
v -0.3 1.4 1.6
v -0.3 1.4 -1.4
v -0.3 1.4 -1.5
v -0.3 1.4 -5.1
v -0.3 1.4 -5.2
v -0.3 1.5 2
v -0.3 1.5 1.6
v -0.3 1.5 -1.4
v -0.3 1.5 -1.5
v -0.3 1.5 -5.1
v -0.3 1.5 -5.2
v -0.200001 1.3 1.6
v -0.200001 1.3 1.5
v -0.200001 1.3 -5.7
v -0.200001 1.3 -5.8
v -0.200001 1.4 1.6
v -0.200001 1.4 1.5
v -0.200001 1.4 -5.7
v -0.200001 1.4 -5.8
v -0.200001 1.5 1.6
v -0.200001 1.5 1.5
v -0.200001 1.5 -5.7
v -0.200001 1.5 -5.8
v -0.1 1.3 1.5
v -0.1 1.3 1.3
v -0.1 1.3 0.5
v -0.1 1.3 0.400001
v -0.1 1.3 -8
v -0.1 1.3 -8.1
v -0.1 1.4 1.5
v -0.1 1.4 1.3
v -0.1 1.4 0.5
v -0.1 1.4 0.400001
v -0.1 1.4 -8
v -0.1 1.4 -8.1
v -0.1 1.5 1.5
v -0.1 1.5 1.3
v -0.1 1.5 0.5
v -0.1 1.5 0.400001
v -0.1 1.5 -8
v -0.1 1.5 -8.1
v 0 1.3 1.3
v 0 1.3 1.2
v 0 1.4 1.3
v 0 1.4 1.2
v 0 1.5 1.3
v 0 1.5 1.2
v 0.0999994 1.3 -1.5
v 0.0999994 1.3 -1.6
v 0.0999994 1.4 -1.5
v 0.0999994 1.4 -1.6
v 0.0999994 1.5 -1.5
v 0.0999994 1.5 -1.6
v 0.2 1.3 1.2
v 0.2 1.3 1.1
v 0.2 1.3 -7.9
v 0.2 1.3 -8
v 0.2 1.4 1.2
v 0.2 1.4 1.1
v 0.2 1.4 -7.9
v 0.2 1.4 -8
v 0.2 1.5 1.2
v 0.2 1.5 1.1
v 0.2 1.5 -7.9
v 0.2 1.5 -8
v 0.299999 0.8 10
v 0.299999 0.8 9.9
v 0.299999 0.9 10
v 0.299999 0.9 9.9
v 0.299999 1.3 1.1
v 0.299999 1.3 1
v 0.299999 1.3 -5.3
v 0.299999 1.3 -5.4
v 0.299999 1.4 1.1
v 0.299999 1.4 1
v 0.299999 1.4 -5.3
v 0.299999 1.4 -5.4
v 0.299999 1.5 1.1
v 0.299999 1.5 1
v 0.299999 1.5 -5.3
v 0.299999 1.5 -5.4
v 0.4 1.3 1
v 0.4 1.3 0.900001
v 0.4 1.3 -1.6
v 0.4 1.3 -1.7
v 0.4 1.3 -7.8
v 0.4 1.3 -7.9
v 0.4 1.4 1
v 0.4 1.4 0.900001
v 0.4 1.4 -1.6
v 0.4 1.4 -1.7
v 0.4 1.4 -7.8
v 0.4 1.4 -7.9
v 0.4 1.5 1
v 0.4 1.5 0.900001
v 0.4 1.5 -1.6
v 0.4 1.5 -1.7
v 0.4 1.5 -7.8
v 0.4 1.5 -7.9
v 0.5 0.7 10
v 0.5 0.7 9.9
v 0.5 0.8 10
v 0.5 0.8 9.9
v 0.599999 0.8 -9.9
v 0.599999 0.8 -10
v 0.599999 0.9 -9.9
v 0.599999 0.9 -10
v 0.599999 1.3 -7.7
v 0.599999 1.3 -7.8
v 0.599999 1.4 -7.7
v 0.599999 1.4 -7.8
v 0.599999 1.5 -7.7
v 0.599999 1.5 -7.8
v 0.7 1.3 -1.7
v 0.7 1.3 -1.8
v 0.7 1.3 -5.8
v 0.7 1.3 -5.9
v 0.7 1.4 -1.7
v 0.7 1.4 -1.8
v 0.7 1.4 -5.8
v 0.7 1.4 -5.9
v 0.7 1.5 -1.7
v 0.7 1.5 -1.8
v 0.7 1.5 -5.8
v 0.7 1.5 -5.9
v 0.799999 0.6 10
v 0.799999 0.6 9.9
v 0.799999 0.7 10
v 0.799999 0.7 9.9
v 0.799999 0.7 -9.9
v 0.799999 0.7 -10
v 0.799999 0.8 -9.9
v 0.799999 0.8 -10
v 0.799999 1.3 -1.8
v 0.799999 1.3 -1.9
v 0.799999 1.3 -6.6
v 0.799999 1.3 -6.7
v 0.799999 1.3 -7.6
v 0.799999 1.3 -7.7
v 0.799999 1.4 -1.8
v 0.799999 1.4 -1.9
v 0.799999 1.4 -6.6
v 0.799999 1.4 -6.7
v 0.799999 1.4 -7.6
v 0.799999 1.4 -7.7
v 0.799999 1.5 -1.8
v 0.799999 1.5 -1.9
v 0.799999 1.5 -6.6
v 0.799999 1.5 -6.7
v 0.799999 1.5 -7.6
v 0.799999 1.5 -7.7
v 0.9 1.3 -1.9
v 0.9 1.3 -2
v 0.9 1.4 -1.9
v 0.9 1.4 -2
v 0.9 1.5 -1.9
v 0.9 1.5 -2
v 1 1.3 -7.5
v 1 1.3 -7.6
v 1 1.4 -7.5
v 1 1.4 -7.6
v 1 1.5 -7.5
v 1 1.5 -7.6
v 1.1 0.6 -9.9
v 1.1 0.6 -10
v 1.1 0.7 -9.9
v 1.1 0.7 -10
v 1.1 1.3 -2
v 1.1 1.3 -2.1
v 1.1 1.4 -2
v 1.1 1.4 -2.1
v 1.1 1.5 -2
v 1.1 1.5 -2.1
v 1.2 1.3 -7.4
v 1.2 1.3 -7.5
v 1.2 1.4 -7.4
v 1.2 1.4 -7.5
v 1.2 1.5 -7.4
v 1.2 1.5 -7.5
v 1.3 0.5 -9.9
v 1.3 0.5 -10
v 1.3 0.6 -9.9
v 1.3 0.6 -10
v 1.3 1.3 -2.1
v 1.3 1.3 -2.2
v 1.3 1.3 -6.7
v 1.3 1.3 -6.8
v 1.3 1.4 -2.1
v 1.3 1.4 -2.2
v 1.3 1.4 -6.7
v 1.3 1.4 -6.8
v 1.3 1.5 -2.1
v 1.3 1.5 -2.2
v 1.3 1.5 -6.7
v 1.3 1.5 -6.8
v 1.4 1.3 -7.3
v 1.4 1.3 -7.4
v 1.4 1.4 -7.3
v 1.4 1.4 -7.4
v 1.4 1.5 -7.3
v 1.4 1.5 -7.4
v 1.5 1.3 -2.2
v 1.5 1.3 -2.3
v 1.5 1.4 -2.2
v 1.5 1.4 -2.3
v 1.5 1.5 -2.2
v 1.5 1.5 -2.3
v 1.6 1.3 -2.3
v 1.6 1.3 -2.4
v 1.6 1.3 -7.2
v 1.6 1.3 -7.3
v 1.6 1.4 -2.3
v 1.6 1.4 -2.4
v 1.6 1.4 -7.2
v 1.6 1.4 -7.3
v 1.6 1.5 -2.3
v 1.6 1.5 -2.4
v 1.6 1.5 -7.2
v 1.6 1.5 -7.3
v 1.7 1.3 -2.4
v 1.7 1.3 -2.5
v 1.7 1.4 -2.4
v 1.7 1.4 -2.5
v 1.7 1.5 -2.4
v 1.7 1.5 -2.5
v 1.8 1.3 -2.5
v 1.8 1.3 -2.6
v 1.8 1.4 -2.5
v 1.8 1.4 -2.6
v 1.8 1.5 -2.5
v 1.8 1.5 -2.6
v 2 1.3 6.1
v 2 1.3 6
v 2 1.3 -2.6
v 2 1.3 -2.7
v 2 1.3 -7.1
v 2 1.3 -7.2
v 2 1.4 6.1
v 2 1.4 6
v 2 1.4 -2.6
v 2 1.4 -2.7
v 2 1.4 -7.1
v 2 1.4 -7.2
v 2 1.5 6.1
v 2 1.5 6
v 2 1.5 -2.6
v 2 1.5 -2.7
v 2 1.5 -7.1
v 2 1.5 -7.2
v 2.1 1.3 -2.7
v 2.1 1.3 -2.8
v 2.1 1.3 -7
v 2.1 1.3 -7.1
v 2.1 1.4 -2.7
v 2.1 1.4 -2.8
v 2.1 1.4 -7
v 2.1 1.4 -7.1
v 2.1 1.5 -2.7
v 2.1 1.5 -2.8
v 2.1 1.5 -7
v 2.1 1.5 -7.1
v 2.2 1.3 4.4
v 2.2 1.3 4.2
v 2.2 1.3 -6.9
v 2.2 1.3 -7
v 2.2 1.4 4.4
v 2.2 1.4 4.2
v 2.2 1.4 -6.9
v 2.2 1.4 -7
v 2.2 1.5 4.4
v 2.2 1.5 4.2
v 2.2 1.5 -6.9
v 2.2 1.5 -7
v 2.3 1.3 4.2
v 2.3 1.3 3.9
v 2.3 1.3 -2.8
v 2.3 1.3 -3
v 2.3 1.3 -6.7
v 2.3 1.3 -6.9
v 2.3 1.4 4.2
v 2.3 1.4 3.9
v 2.3 1.4 -2.8
v 2.3 1.4 -3
v 2.3 1.4 -6.7
v 2.3 1.4 -6.9
v 2.3 1.5 4.2
v 2.3 1.5 3.9
v 2.3 1.5 -2.8
v 2.3 1.5 -3
v 2.3 1.5 -6.7
v 2.3 1.5 -6.9
v 2.4 1.3 4.7
v 2.4 1.3 4.3
v 2.4 1.3 3.9
v 2.4 1.3 3.7
v 2.4 1.3 -3
v 2.4 1.3 -3.2
v 2.4 1.3 -6.5
v 2.4 1.3 -6.7
v 2.4 1.4 4.7
v 2.4 1.4 4.3
v 2.4 1.4 3.9
v 2.4 1.4 3.7
v 2.4 1.4 -3
v 2.4 1.4 -3.2
v 2.4 1.4 -6.5
v 2.4 1.4 -6.7
v 2.4 1.5 4.7
v 2.4 1.5 4.3
v 2.4 1.5 3.9
v 2.4 1.5 3.7
v 2.4 1.5 -3
v 2.4 1.5 -3.2
v 2.4 1.5 -6.5
v 2.4 1.5 -6.7
v 2.5 1.3 6
v 2.5 1.3 5.9
v 2.5 1.3 4.9
v 2.5 1.3 4.7
v 2.5 1.3 3.7
v 2.5 1.3 3.6
v 2.5 1.3 -3.2
v 2.5 1.3 -3.4
v 2.5 1.3 -6.3
v 2.5 1.3 -6.5
v 2.5 1.4 6
v 2.5 1.4 5.9
v 2.5 1.4 4.9
v 2.5 1.4 4.7
v 2.5 1.4 3.7
v 2.5 1.4 3.6
v 2.5 1.4 -3.2
v 2.5 1.4 -3.4
v 2.5 1.4 -6.3
v 2.5 1.4 -6.5
v 2.5 1.5 6
v 2.5 1.5 5.9
v 2.5 1.5 4.9
v 2.5 1.5 4.7
v 2.5 1.5 3.7
v 2.5 1.5 3.6
v 2.5 1.5 -3.2
v 2.5 1.5 -3.4
v 2.5 1.5 -6.3
v 2.5 1.5 -6.5
v 2.6 1.3 5.1
v 2.6 1.3 4.9
v 2.6 1.3 3.6
v 2.6 1.3 3.4
v 2.6 1.3 -3.4
v 2.6 1.3 -3.5
v 2.6 1.3 -6.1
v 2.6 1.3 -6.3
v 2.6 1.4 5.1
v 2.6 1.4 4.9
v 2.6 1.4 3.6
v 2.6 1.4 3.4
v 2.6 1.4 -3.4
v 2.6 1.4 -3.5
v 2.6 1.4 -6.1
v 2.6 1.4 -6.3
v 2.6 1.5 5.1
v 2.6 1.5 4.9
v 2.6 1.5 3.6
v 2.6 1.5 3.4
v 2.6 1.5 -3.4
v 2.6 1.5 -3.5
v 2.6 1.5 -6.1
v 2.6 1.5 -6.3
v 2.7 0.8 -9.9
v 2.7 0.8 -10
v 2.7 0.9 -9.9
v 2.7 0.9 -10
v 2.7 1.3 5.3
v 2.7 1.3 5.1
v 2.7 1.3 3.4
v 2.7 1.3 3.3
v 2.7 1.3 -3.5
v 2.7 1.3 -3.7
v 2.7 1.3 -5.8
v 2.7 1.3 -6.1
v 2.7 1.4 5.3
v 2.7 1.4 5.1
v 2.7 1.4 3.4
v 2.7 1.4 3.3
v 2.7 1.4 -3.5
v 2.7 1.4 -3.7
v 2.7 1.4 -5.8
v 2.7 1.4 -6.1
v 2.7 1.5 5.3
v 2.7 1.5 5.1
v 2.7 1.5 3.4
v 2.7 1.5 3.3
v 2.7 1.5 -3.5
v 2.7 1.5 -3.7
v 2.7 1.5 -5.8
v 2.7 1.5 -6.1
v 2.8 1.3 5.6
v 2.8 1.3 5.3
v 2.8 1.3 -3.7
v 2.8 1.3 -4.2
v 2.8 1.3 -5.2
v 2.8 1.3 -5.8
v 2.8 1.4 5.6
v 2.8 1.4 5.3
v 2.8 1.4 -3.7
v 2.8 1.4 -4.2
v 2.8 1.4 -5.2
v 2.8 1.4 -5.8
v 2.8 1.5 5.6
v 2.8 1.5 5.3
v 2.8 1.5 -3.7
v 2.8 1.5 -4.2
v 2.8 1.5 -5.2
v 2.8 1.5 -5.8
v 2.9 1.3 5.8
v 2.9 1.3 5.6
v 2.9 1.3 3.3
v 2.9 1.3 3.2
v 2.9 1.3 -4.2
v 2.9 1.3 -5.2
v 2.9 1.4 5.8
v 2.9 1.4 5.6
v 2.9 1.4 3.3
v 2.9 1.4 3.2
v 2.9 1.4 -4.2
v 2.9 1.4 -5.2
v 2.9 1.5 5.8
v 2.9 1.5 5.6
v 2.9 1.5 3.3
v 2.9 1.5 3.2
v 2.9 1.5 -4.2
v 2.9 1.5 -5.2
v 3 1.3 5.9
v 3 1.3 5.8
v 3 1.3 3.2
v 3 1.3 3.1
v 3 1.4 5.9
v 3 1.4 5.8
v 3 1.4 3.2
v 3 1.4 3.1
v 3 1.5 5.9
v 3 1.5 5.8
v 3 1.5 3.2
v 3 1.5 3.1
v 3.1 0.8 10
v 3.1 0.8 9.9
v 3.1 0.9 10
v 3.1 0.9 9.9
v 3.1 1.3 3.1
v 3.1 1.3 3
v 3.1 1.4 3.1
v 3.1 1.4 3
v 3.1 1.5 3.1
v 3.1 1.5 3
v 3.2 0.2 -9.9
v 3.2 0.2 -10
v 3.2 0.3 -9.9
v 3.2 0.5 -9.9
v 3.2 0.5 -10
v 3.2 0.7 10
v 3.2 0.7 9.9
v 3.2 0.8 10
v 3.2 0.8 9.9
v 3.2 0.8 -9.9
v 3.2 0.8 -10
v 3.2 0.9 -9.9
v 3.2 0.9 -10
v 3.2 1.3 3
v 3.2 1.3 2.9
v 3.2 1.4 3
v 3.2 1.4 2.9
v 3.2 1.5 3
v 3.2 1.5 2.9
v 3.3 0.1 -9.9
v 3.3 0.1 -10
v 3.3 0.2 -9.9
v 3.3 0.2 -10
v 3.3 0.5 -9.9
v 3.3 0.5 -10
v 3.3 0.8 -9.9
v 3.3 0.8 -10
v 3.3 1.3 2.9
v 3.3 1.3 2.8
v 3.3 1.4 2.9
v 3.3 1.4 2.8
v 3.3 1.5 2.9
v 3.3 1.5 2.8
v 3.4 0.6 10
v 3.4 0.6 9.9
v 3.4 0.7 10
v 3.4 0.7 9.9
v 3.5 0.5 10
v 3.5 0.5 9.9
v 3.5 0.6 10
v 3.5 0.6 9.9
v 3.5 1.3 2.8
v 3.5 1.3 2.7
v 3.5 1.4 2.8
v 3.5 1.4 2.7
v 3.5 1.5 2.8
v 3.5 1.5 2.7
v 3.7 0.4 10
v 3.7 0.4 9.9
v 3.7 0.5 10
v 3.7 0.5 9.9
v 3.8 1.3 2.7
v 3.8 1.3 2.6
v 3.8 1.4 2.7
v 3.8 1.4 2.6
v 3.8 1.5 2.7
v 3.8 1.5 2.6
v 4 0.3 10
v 4 0.3 9.9
v 4 0.4 10
v 4 0.4 9.9
v 4 0.7 -9.9
v 4 0.7 -10
v 4 0.8 -9.9
v 4 0.8 -10
v 4 1.3 2.6
v 4 1.3 1.8
v 4 1.4 2.6
v 4 1.4 1.8
v 4 1.5 2.6
v 4 1.5 1.8
v 4.1 1.3 1.8
v 4.1 1.3 0.6
v 4.1 1.4 6
v 4.1 1.4 5.9
v 4.1 1.4 1.8
v 4.1 1.4 0.6
v 4.1 1.5 6
v 4.1 1.5 5.9
v 4.1 1.5 1.8
v 4.1 1.5 0.6
v 4.2 1.3 0.6
v 4.2 1.3 0.3
v 4.2 1.4 0.6
v 4.2 1.4 0.3
v 4.2 1.5 0.6
v 4.2 1.5 0.3
v 4.5 1.4 6.1
v 4.5 1.4 6
v 4.5 1.5 6.1
v 4.5 1.5 6
v 4.8 1.4 6.2
v 4.8 1.4 6.1
v 4.8 1.5 6.2
v 4.8 1.5 6.1
v 4.9 1.4 4.7
v 4.9 1.4 4.6
v 4.9 1.5 4.7
v 4.9 1.5 4.6
v 5 0.8 -9.9
v 5 0.8 -10
v 5 0.9 -9.9
v 5 0.9 -10
v 5.1 0.2 -9.9
v 5.1 0.2 -10
v 5.1 0.3 -9.9
v 5.1 0.5 -9.9
v 5.1 0.5 -10
v 5.1 0.7 -9.9
v 5.1 0.7 -10
v 5.1 0.8 -9.9
v 5.1 0.8 -10
v 5.2 0.5 -9.9
v 5.2 0.5 -10
v 5.2 0.7 -9.9
v 5.2 0.7 -10
v 5.2 1.4 6.3
v 5.2 1.4 6.2
v 5.2 1.5 6.3
v 5.2 1.5 6.2
v 5.3 1.4 4.6
v 5.3 1.4 4.5
v 5.3 1.5 4.6
v 5.3 1.5 4.5
v 5.4 0.8 10
v 5.4 0.8 9.9
v 5.4 0.9 10
v 5.4 0.9 9.9
v 5.5 0.7 10
v 5.5 0.7 9.9
v 5.5 0.8 10
v 5.5 0.8 9.9
v 5.5 0.8 -9.9
v 5.5 0.8 -10
v 5.5 0.9 -9.9
v 5.5 0.9 -10
v 5.6 0.6 10
v 5.6 0.6 9.9
v 5.6 0.7 10
v 5.6 0.7 9.9
v 5.6 1.4 6.4
v 5.6 1.4 6.3
v 5.6 1.5 6.4
v 5.6 1.5 6.3
v 5.7 0.7 -9.9
v 5.7 0.7 -10
v 5.7 0.8 -9.9
v 5.7 0.8 -10
v 5.8 0.5 10
v 5.8 0.5 9.9
v 5.8 0.6 10
v 5.8 0.6 9.9
v 5.8 1.4 4.6
v 5.8 1.4 4.5
v 5.8 1.5 4.6
v 5.8 1.5 4.5
v 5.9 1.2 -7.5
v 5.9 1.2 -7.6
v 5.9 1.4 6.5
v 5.9 1.4 6.4
v 5.9 1.4 -7.1
v 5.9 1.4 -7.4
v 5.9 1.4 -7.5
v 5.9 1.4 -7.6
v 5.9 1.5 6.5
v 5.9 1.5 6.4
v 5.9 1.5 -7.1
v 5.9 1.5 -7.4
v 5.9 1.5 -7.5
v 5.9 1.5 -7.6
v 6 1.4 -6.4
v 6 1.4 -7.1
v 6 1.5 -6.4
v 6 1.5 -7.1
v 6.1 1.4 -4.5
v 6.1 1.4 -6.4
v 6.1 1.5 -4.5
v 6.1 1.5 -6.4
v 6.2 1.2 -7.6
v 6.2 1.2 -7.7
v 6.2 1.4 4.5
v 6.2 1.4 4.4
v 6.2 1.4 -7.6
v 6.2 1.4 -7.7
v 6.2 1.5 4.5
v 6.2 1.5 4.4
v 6.2 1.5 -7.6
v 6.2 1.5 -7.7
v 6.4 0.8 -9.9
v 6.4 0.8 -10
v 6.4 0.9 -9.9
v 6.4 0.9 -10
v 6.4 1.2 -8.7
v 6.4 1.2 -9.5
v 6.4 1.4 -8.7
v 6.4 1.4 -9.5
v 6.4 1.5 -8.7
v 6.4 1.5 -9.5
v 6.5 1.2 -7.7
v 6.5 1.2 -7.8
v 6.5 1.2 -9.5
v 6.5 1.2 -9.9
v 6.5 1.3 -9.8
v 6.5 1.3 -9.9
v 6.5 1.4 2.4
v 6.5 1.4 2.3
v 6.5 1.4 -7.7
v 6.5 1.4 -7.8
v 6.5 1.4 -9.5
v 6.5 1.4 -9.8
v 6.5 1.4 -9.9
v 6.5 1.5 2.4
v 6.5 1.5 2.3
v 6.5 1.5 -7.7
v 6.5 1.5 -7.8
v 6.5 1.5 -9.5
v 6.5 1.5 -9.8
v 6.7 1.4 7.5
v 6.7 1.4 7.4
v 6.7 1.4 4.4
v 6.7 1.4 4.3
v 6.7 1.5 7.5
v 6.7 1.5 7.4
v 6.7 1.5 4.4
v 6.7 1.5 4.3
v 6.8 0.8 10
v 6.8 0.8 9.9
v 6.8 0.9 10
v 6.8 0.9 9.9
v 6.8 1.4 2.4
v 6.8 1.4 2.3
v 6.8 1.5 2.4
v 6.8 1.5 2.3
v 6.9 0.7 -9.9
v 6.9 0.7 -10
v 6.9 0.8 -9.9
v 6.9 0.8 -10
v 6.9 1.2 -7.8
v 6.9 1.2 -7.9
v 6.9 1.4 -7.8
v 6.9 1.4 -7.9
v 6.9 1.5 -7.8
v 6.9 1.5 -7.9
v 7.1 0.7 10
v 7.1 0.7 9.9
v 7.1 0.8 10
v 7.1 0.8 9.9
v 7.2 0.6 -9.9
v 7.2 0.6 -10
v 7.2 0.7 -9.9
v 7.2 0.7 -10
v 7.3 0.2 -9.9
v 7.3 0.2 -10
v 7.3 0.3 -9.9
v 7.3 0.6 -9.9
v 7.3 0.6 -10
v 7.3 1.2 -7.9
v 7.3 1.2 -8
v 7.3 1.4 7.4
v 7.3 1.4 7.3
v 7.3 1.4 4.8
v 7.3 1.4 4.7
v 7.3 1.4 2.5
v 7.3 1.4 2.4
v 7.3 1.4 -7.9
v 7.3 1.4 -8
v 7.3 1.5 7.4
v 7.3 1.5 7.3
v 7.3 1.5 4.8
v 7.3 1.5 4.7
v 7.3 1.5 2.5
v 7.3 1.5 2.4
v 7.3 1.5 -7.9
v 7.3 1.5 -8
v 7.6 1.2 -8
v 7.6 1.2 -8.1
v 7.6 1.4 7.3
v 7.6 1.4 7.2
v 7.6 1.4 -8
v 7.6 1.4 -8.1
v 7.6 1.5 7.3
v 7.6 1.5 7.2
v 7.6 1.5 -8
v 7.6 1.5 -8.1
v 7.7 0.6 10
v 7.7 0.6 9.9
v 7.7 0.7 10
v 7.7 0.7 9.9
v 7.7 1.4 2.6
v 7.7 1.4 2.5
v 7.7 1.5 2.6
v 7.7 1.5 2.5
v 7.8 1.4 7.2
v 7.8 1.4 7.1
v 7.8 1.5 7.2
v 7.8 1.5 7.1
v 7.9 1.4 4.7
v 7.9 1.4 4.6
v 7.9 1.5 4.7
v 7.9 1.5 4.6
v 8 1.2 -8.1
v 8 1.2 -8.2
v 8 1.4 2.7
v 8 1.4 2.6
v 8 1.4 -8.1
v 8 1.4 -8.2
v 8 1.5 2.7
v 8 1.5 2.6
v 8 1.5 -8.1
v 8 1.5 -8.2
v 8.1 1.4 7.1
v 8.1 1.4 7
v 8.1 1.5 7.1
v 8.1 1.5 7
v 8.2 1.4 7
v 8.2 1.4 6.9
v 8.2 1.4 2.8
v 8.2 1.4 2.7
v 8.2 1.5 7
v 8.2 1.5 6.9
v 8.2 1.5 2.8
v 8.2 1.5 2.7
v 8.3 0.8 -9.9
v 8.3 0.8 -10
v 8.3 0.9 -9.9
v 8.3 0.9 -10
v 8.3 1.2 -8.2
v 8.3 1.2 -8.3
v 8.3 1.4 -8.2
v 8.3 1.4 -8.3
v 8.3 1.5 -8.2
v 8.3 1.5 -8.3
v 8.4 0.7 -9.9
v 8.4 0.7 -10
v 8.4 0.8 -9.9
v 8.4 0.8 -10
v 8.4 1.2 -9.7
v 8.4 1.2 -9.9
v 8.4 1.3 -9.8
v 8.4 1.3 -9.9
v 8.4 1.4 6.9
v 8.4 1.4 6.8
v 8.4 1.4 -9.7
v 8.4 1.4 -9.8
v 8.4 1.4 -9.9
v 8.4 1.5 6.9
v 8.4 1.5 6.8
v 8.4 1.5 -9.7
v 8.4 1.5 -9.8
v 8.5 0.6 -9.9
v 8.5 0.6 -10
v 8.5 0.7 -9.9
v 8.5 0.7 -10
v 8.5 1.2 -9
v 8.5 1.2 -9.2
v 8.5 1.4 6.8
v 8.5 1.4 6.7
v 8.5 1.4 4.7
v 8.5 1.4 4.6
v 8.5 1.4 2.9
v 8.5 1.4 2.8
v 8.5 1.4 -9
v 8.5 1.4 -9.2
v 8.5 1.5 6.8
v 8.5 1.5 6.7
v 8.5 1.5 4.7
v 8.5 1.5 4.6
v 8.5 1.5 2.9
v 8.5 1.5 2.8
v 8.5 1.5 -9
v 8.5 1.5 -9.2
v 8.6 0.4 -9.9
v 8.6 0.4 -10
v 8.6 0.6 -9.9
v 8.6 0.6 -10
v 8.6 1.2 -8.9
v 8.6 1.2 -9
v 8.6 1.2 -9.2
v 8.6 1.2 -9.7
v 8.6 1.4 6.7
v 8.6 1.4 6.6
v 8.6 1.4 -8.9
v 8.6 1.4 -9
v 8.6 1.4 -9.2
v 8.6 1.4 -9.7
v 8.6 1.5 6.7
v 8.6 1.5 6.6
v 8.6 1.5 -8.9
v 8.6 1.5 -9
v 8.6 1.5 -9.2
v 8.6 1.5 -9.7
v 8.7 0.3 -9.9
v 8.7 0.3 -10
v 8.7 0.4 -9.9
v 8.7 0.4 -10
v 8.7 1.2 -8.3
v 8.7 1.2 -8.4
v 8.7 1.4 6.6
v 8.7 1.4 6.4
v 8.7 1.4 3
v 8.7 1.4 2.9
v 8.7 1.4 -8.3
v 8.7 1.4 -8.4
v 8.7 1.5 6.6
v 8.7 1.5 6.4
v 8.7 1.5 3
v 8.7 1.5 2.9
v 8.7 1.5 -8.3
v 8.7 1.5 -8.4
v 8.8 1.2 -8.8
v 8.8 1.2 -8.9
v 8.8 1.4 6.4
v 8.8 1.4 6.3
v 8.8 1.4 3.1
v 8.8 1.4 3
v 8.8 1.4 -8.8
v 8.8 1.4 -8.9
v 8.8 1.5 6.4
v 8.8 1.5 6.3
v 8.8 1.5 3.1
v 8.8 1.5 3
v 8.8 1.5 -8.8
v 8.8 1.5 -8.9
v 8.9 1.4 6.3
v 8.9 1.4 6.2
v 8.9 1.5 6.3
v 8.9 1.5 6.2
v 9 1.2 -8.4
v 9 1.2 -8.5
v 9 1.4 6.2
v 9 1.4 6
v 9 1.4 3.2
v 9 1.4 3.1
v 9 1.4 -6.6
v 9 1.4 -6.7
v 9 1.4 -8.4
v 9 1.4 -8.5
v 9 1.5 6.2
v 9 1.5 6
v 9 1.5 3.2
v 9 1.5 3.1
v 9 1.5 -6.6
v 9 1.5 -6.7
v 9 1.5 -8.4
v 9 1.5 -8.5
v 9.1 1.4 6
v 9.1 1.4 5.8
v 9.1 1.5 6
v 9.1 1.5 5.8
v 9.2 1.4 5.8
v 9.2 1.4 5.6
v 9.2 1.4 3.3
v 9.2 1.4 3.2
v 9.2 1.4 -4.3
v 9.2 1.4 -4.4
v 9.2 1.5 5.8
v 9.2 1.5 5.6
v 9.2 1.5 3.3
v 9.2 1.5 3.2
v 9.2 1.5 -4.3
v 9.2 1.5 -4.4
v 9.3 1.4 5.6
v 9.3 1.4 5.4
v 9.3 1.5 5.6
v 9.3 1.5 5.4
v 9.4 0.7 -9.9
v 9.4 0.7 -10
v 9.4 0.8 -9.9
v 9.4 0.8 -10
v 9.4 1.4 5.4
v 9.4 1.4 5.2
v 9.4 1.4 3.4
v 9.4 1.4 3.3
v 9.4 1.5 5.4
v 9.4 1.5 5.2
v 9.4 1.5 3.4
v 9.4 1.5 3.3
v 9.5 1.4 5.2
v 9.5 1.4 4.8
v 9.5 1.5 5.2
v 9.5 1.5 4.8
v 9.6 1.2 -8.5
v 9.6 1.2 -8.6
v 9.6 1.4 4.8
v 9.6 1.4 4.6
v 9.6 1.4 3.5
v 9.6 1.4 3.4
v 9.6 1.4 -8.5
v 9.6 1.4 -8.6
v 9.6 1.5 4.8
v 9.6 1.5 4.6
v 9.6 1.5 3.5
v 9.6 1.5 3.4
v 9.6 1.5 -8.5
v 9.6 1.5 -8.6
v 9.7 1.4 3.6
v 9.7 1.4 3.5
v 9.7 1.4 -4.4
v 9.7 1.4 -4.5
v 9.7 1.5 3.6
v 9.7 1.5 3.5
v 9.7 1.5 -4.4
v 9.7 1.5 -4.5
v 9.9 1.4 4.6
v 9.9 1.4 4.5
v 9.9 1.4 3.7
v 9.9 1.4 3.6
v 9.9 1.5 4.6
v 9.9 1.5 4.5
v 9.9 1.5 3.7
v 9.9 1.5 3.6
v 10 1.2 -8.6
v 10 1.2 -8.7
v 10 1.4 4.5
v 10 1.4 4.4
v 10 1.4 3.8
v 10 1.4 3.7
v 10 1.4 -8.6
v 10 1.4 -8.7
v 10 1.5 4.5
v 10 1.5 4.4
v 10 1.5 3.8
v 10 1.5 3.7
v 10 1.5 -8.6
v 10 1.5 -8.7
v 10.1 0.6 -9.9
v 10.1 0.6 -10
v 10.1 0.7 -9.9
v 10.1 0.7 -10
v 10.1 1.4 4.4
v 10.1 1.4 4.2
v 10.1 1.4 3.9
v 10.1 1.4 3.8
v 10.1 1.5 4.4
v 10.1 1.5 4.2
v 10.1 1.5 3.9
v 10.1 1.5 3.8
v 10.2 1.4 4.2
v 10.2 1.4 3.9
v 10.2 1.5 4.2
v 10.2 1.5 3.9
v 10.3 0.5 -9.9
v 10.3 0.5 -10
v 10.3 0.6 -9.9
v 10.3 0.6 -10
v 10.3 1.4 -4.5
v 10.3 1.4 -4.6
v 10.3 1.5 -4.5
v 10.3 1.5 -4.6
v 10.4 1.2 -8.7
v 10.4 1.2 -8.8
v 10.4 1.2 -9.2
v 10.4 1.2 -9.6
v 10.4 1.2 -9.7
v 10.4 1.2 -9.9
v 10.4 1.3 -9.8
v 10.4 1.3 -9.9
v 10.4 1.4 -8.7
v 10.4 1.4 -8.8
v 10.4 1.4 -9.2
v 10.4 1.4 -9.6
v 10.4 1.4 -9.7
v 10.4 1.4 -9.8
v 10.4 1.4 -9.9
v 10.4 1.5 -8.7
v 10.4 1.5 -8.8
v 10.4 1.5 -9.2
v 10.4 1.5 -9.6
v 10.4 1.5 -9.7
v 10.4 1.5 -9.8
v 10.5 1.2 -9.6
v 10.5 1.2 -9.7
v 10.5 1.4 -4.6
v 10.5 1.4 -4.7
v 10.5 1.4 -9.6
v 10.5 1.4 -9.7
v 10.5 1.5 -4.6
v 10.5 1.5 -4.7
v 10.5 1.5 -9.6
v 10.5 1.5 -9.7
v 10.7 1.2 -9.2
v 10.7 1.2 -9.3
v 10.7 1.4 -9.2
v 10.7 1.4 -9.3
v 10.7 1.5 -9.2
v 10.7 1.5 -9.3
v 10.8 1.2 -9
v 10.8 1.2 -9.2
v 10.8 1.4 -4.7
v 10.8 1.4 -4.8
v 10.8 1.4 -9
v 10.8 1.4 -9.2
v 10.8 1.5 -4.7
v 10.8 1.5 -4.8
v 10.8 1.5 -9
v 10.8 1.5 -9.2
v 11 1.4 -4.8
v 11 1.4 -4.9
v 11 1.5 -4.8
v 11 1.5 -4.9
v 11.2 1.4 -6.9
v 11.2 1.4 -7
v 11.2 1.5 -6.9
v 11.2 1.5 -7
v 11.4 1.4 -4.9
v 11.4 1.4 -5
v 11.4 1.4 -6.8
v 11.4 1.4 -6.9
v 11.4 1.5 -4.9
v 11.4 1.5 -5
v 11.4 1.5 -6.8
v 11.4 1.5 -6.9
v 11.6 1.4 -5
v 11.6 1.4 -5.1
v 11.6 1.4 -6.7
v 11.6 1.4 -6.8
v 11.6 1.5 -5
v 11.6 1.5 -5.1
v 11.6 1.5 -6.7
v 11.6 1.5 -6.8
v 11.7 0.5 10
v 11.7 0.5 9.9
v 11.7 0.5 -9.9
v 11.7 0.5 -10
v 11.7 0.6 10
v 11.7 0.6 9.9
v 11.7 0.6 -9.9
v 11.7 0.6 -10
v 11.8 1.4 -5.1
v 11.8 1.4 -5.2
v 11.8 1.5 -5.1
v 11.8 1.5 -5.2
v 12 1.4 -5.2
v 12 1.4 -5.3
v 12 1.4 -6.7
v 12 1.4 -6.8
v 12 1.5 -5.2
v 12 1.5 -5.3
v 12 1.5 -6.7
v 12 1.5 -6.8
v 12.1 1.2 7.8
v 12.1 1.2 7.7
v 12.1 1.4 7.8
v 12.1 1.4 7.7
v 12.1 1.5 7.8
v 12.1 1.5 7.7
v 12.2 0.4 10
v 12.2 0.4 9.9
v 12.2 0.5 10
v 12.2 0.5 9.9
v 12.2 1.2 -9.3
v 12.2 1.2 -9.9
v 12.2 1.3 -9.8
v 12.2 1.3 -9.9
v 12.2 1.4 -5.3
v 12.2 1.4 -5.4
v 12.2 1.4 -9.3
v 12.2 1.4 -9.8
v 12.2 1.4 -9.9
v 12.2 1.5 -5.3
v 12.2 1.5 -5.4
v 12.2 1.5 -9.3
v 12.2 1.5 -9.8
v 12.3 0.5 -9.9
v 12.3 0.5 -10
v 12.3 0.6 -9.9
v 12.3 0.6 -10
v 12.3 1.4 -5.4
v 12.3 1.4 -5.5
v 12.3 1.5 -5.4
v 12.3 1.5 -5.5
v 12.4 0.4 -9.9
v 12.4 0.4 -10
v 12.4 0.5 -9.9
v 12.4 0.5 -10
v 12.4 1.2 -8.6
v 12.4 1.2 -8.7
v 12.4 1.4 -6.6
v 12.4 1.4 -6.7
v 12.4 1.4 -8.6
v 12.4 1.4 -8.7
v 12.4 1.5 -6.6
v 12.4 1.5 -6.7
v 12.4 1.5 -8.6
v 12.4 1.5 -8.7
v 12.5 0.3 -9.9
v 12.5 0.3 -10
v 12.5 0.4 -9.9
v 12.5 0.4 -10
v 12.5 1.2 7.7
v 12.5 1.2 7.6
v 12.5 1.2 -8.7
v 12.5 1.2 -8.9
v 12.5 1.2 -9
v 12.5 1.2 -9.3
v 12.5 1.4 7.7
v 12.5 1.4 7.6
v 12.5 1.4 -5.5
v 12.5 1.4 -5.6
v 12.5 1.4 -6.5
v 12.5 1.4 -6.6
v 12.5 1.4 -8.7
v 12.5 1.4 -8.9
v 12.5 1.4 -9
v 12.5 1.4 -9.3
v 12.5 1.5 7.7
v 12.5 1.5 7.6
v 12.5 1.5 -5.5
v 12.5 1.5 -5.6
v 12.5 1.5 -6.5
v 12.5 1.5 -6.6
v 12.5 1.5 -8.7
v 12.5 1.5 -8.9
v 12.5 1.5 -9
v 12.5 1.5 -9.3
v 12.6 1.2 7.6
v 12.6 1.2 7.5
v 12.6 1.2 -8.9
v 12.6 1.2 -9
v 12.6 1.3 7.6
v 12.6 1.3 7.5
v 12.6 1.3 -8.9
v 12.6 1.3 -9
v 12.6 1.4 7.6
v 12.6 1.4 7.5
v 12.6 1.4 -8.9
v 12.6 1.4 -9
v 12.7 1.2 7.5
v 12.7 1.2 7.4
v 12.7 1.2 6.5
v 12.7 1.3 7.5
v 12.7 1.3 7.4
v 12.7 1.3 6.5
v -12.7 0.5 10
v -12.7 0.5 9.9
v -12.7 0.7 10
v -12.7 0.7 9.9
v -12.5 0.7 10
v -12.5 0.7 9.9
v -12.5 0.8 10
v -12.5 0.8 9.9
v -12.4 1.3 -0.4
v -12.4 1.3 -0.5
v -12.4 1.4 -0.4
v -12.4 1.4 -0.5
v -12.4 1.5 -0.4
v -12.4 1.5 -0.5
v -12.1 0.8 10
v -12.1 0.8 9.9
v -12.1 0.9 10
v -12.1 0.9 9.9
v -12.1 1.3 -0.5
v -12.1 1.3 -0.599999
v -12.1 1.4 -0.5
v -12.1 1.4 -0.599999
v -12.1 1.5 -0.5
v -12.1 1.5 -0.599999
v -12 1.3 -0.599999
v -12 1.3 -0.7
v -12 1.4 -0.599999
v -12 1.4 -0.7
v -12 1.5 -0.599999
v -12 1.5 -0.7
v -11.9 1.3 -0.7
v -11.9 1.3 -0.8
v -11.9 1.4 -0.7
v -11.9 1.4 -0.8
v -11.9 1.5 -0.7
v -11.9 1.5 -0.8
v -11.8 1.3 -0.8
v -11.8 1.3 -0.9
v -11.8 1.4 -0.8
v -11.8 1.4 -0.9
v -11.8 1.5 -0.8
v -11.8 1.5 -0.9
v -11.6 1.3 -0.9
v -11.6 1.3 -1
v -11.6 1.4 -0.9
v -11.6 1.4 -1
v -11.6 1.5 -0.9
v -11.6 1.5 -1
v -11.5 1.3 -1
v -11.5 1.3 -1.1
v -11.5 1.4 -1
v -11.5 1.4 -1.1
v -11.5 1.5 -1
v -11.5 1.5 -1.1
v -11.3 1.3 -1.1
v -11.3 1.3 -1.2
v -11.3 1.4 -1.1
v -11.3 1.4 -1.2
v -11.3 1.5 -1.1
v -11.3 1.5 -1.2
v -9.7 0.5 10
v -9.7 0.5 9.9
v -9.7 0.6 10
v -9.7 0.6 9.9
v -9.5 0.6 10
v -9.5 0.6 9.9
v -9.5 0.7 10
v -9.5 0.7 9.9
v -9.4 0.7 10
v -9.4 0.7 9.9
v -9.4 0.8 10
v -9.4 0.8 9.9
v -9.2 0.8 10
v -9.2 0.8 9.9
v -9.2 0.9 10
v -9.2 0.9 9.9
v -8.8 1.4 4.9
v -8.8 1.4 3.9
v -8.8 1.5 4.9
v -8.8 1.5 3.9
v -8.7 1.4 5.2
v -8.7 1.4 4.9
v -8.7 1.4 3.9
v -8.7 1.4 3.5
v -8.7 1.5 5.2
v -8.7 1.5 4.9
v -8.7 1.5 3.9
v -8.7 1.5 3.5
v -8.6 1.4 5.6
v -8.6 1.4 5.2
v -8.6 1.4 3.5
v -8.6 1.4 3.2
v -8.6 1.5 5.6
v -8.6 1.5 5.2
v -8.6 1.5 3.5
v -8.6 1.5 3.2
v -8.5 1 10
v -8.5 1 9.8
v -8.5 1.3 10
v -8.5 1.3 9.9
v -8.5 1.4 9.9
v -8.5 1.4 9.8
v -8.5 1.4 5.8
v -8.5 1.4 5.6
v -8.5 1.4 3.2
v -8.5 1.4 2.9
v -8.5 1.5 5.8
v -8.5 1.5 5.6
v -8.5 1.5 3.2
v -8.5 1.5 2.9
v -8.4 0.8 9.9
v -8.4 0.8 9.8
v -8.4 0.9 10
v -8.4 0.9 9.9
v -8.4 1 10
v -8.4 1 9.8
v -8.4 1.3 9.8
v -8.4 1.3 9.7
v -8.4 1.4 9.7
v -8.4 1.4 9.6
v -8.4 1.4 5.9
v -8.4 1.4 5.8
v -8.4 1.4 2.9
v -8.4 1.4 2.7
v -8.4 1.5 9.8
v -8.4 1.5 9.6
v -8.4 1.5 5.9
v -8.4 1.5 5.8
v -8.4 1.5 2.9
v -8.4 1.5 2.7
v -8.3 1.4 9.6
v -8.3 1.4 9.3
v -8.3 1.4 6.1
v -8.3 1.4 5.9
v -8.3 1.4 2.7
v -8.3 1.4 2.5
v -8.3 1.5 9.6
v -8.3 1.5 9.3
v -8.3 1.5 6.1
v -8.3 1.5 5.9
v -8.3 1.5 2.7
v -8.3 1.5 2.5
v -8.2 1.4 6.3
v -8.2 1.4 6.1
v -8.2 1.4 2.5
v -8.2 1.4 2.3
v -8.2 1.5 6.3
v -8.2 1.5 6.1
v -8.2 1.5 2.5
v -8.2 1.5 2.3
v -8.1 1.4 6.4
v -8.1 1.4 6.3
v -8.1 1.4 2.3
v -8.1 1.4 2.1
v -8.1 1.5 6.4
v -8.1 1.5 6.3
v -8.1 1.5 2.3
v -8.1 1.5 2.1
v -8 1.3 -4.8
v -8 1.3 -5.9
v -8 1.4 6.5
v -8 1.4 6.4
v -8 1.4 2.1
v -8 1.4 1.9
v -8 1.4 -4.8
v -8 1.4 -5.9
v -8 1.5 6.5
v -8 1.5 6.4
v -8 1.5 2.1
v -8 1.5 1.9
v -8 1.5 -4.8
v -8 1.5 -5.9
v -7.9 1.3 -4.5
v -7.9 1.3 -4.8
v -7.9 1.3 -5.9
v -7.9 1.3 -6.3
v -7.9 1.4 -4.5
v -7.9 1.4 -4.8
v -7.9 1.4 -5.9
v -7.9 1.4 -6.3
v -7.9 1.5 -4.5
v -7.9 1.5 -4.8
v -7.9 1.5 -5.9
v -7.9 1.5 -6.3
v -7.8 1.3 -4
v -7.8 1.3 -4.5
v -7.8 1.3 -6.3
v -7.8 1.3 -6.6
v -7.8 1.4 6.6
v -7.8 1.4 6.5
v -7.8 1.4 -4
v -7.8 1.4 -4.5
v -7.8 1.4 -6.3
v -7.8 1.4 -6.6
v -7.8 1.5 6.6
v -7.8 1.5 6.5
v -7.8 1.5 -4
v -7.8 1.5 -4.5
v -7.8 1.5 -6.3
v -7.8 1.5 -6.6
v -7.7 1.3 -3.9
v -7.7 1.3 -4
v -7.7 1.3 -6.6
v -7.7 1.3 -6.7
v -7.7 1.4 -3.9
v -7.7 1.4 -4
v -7.7 1.4 -6.6
v -7.7 1.4 -6.7
v -7.7 1.5 -3.9
v -7.7 1.5 -4
v -7.7 1.5 -6.6
v -7.7 1.5 -6.7
v -7.6 1.3 -3.7
v -7.6 1.3 -3.9
v -7.6 1.3 -6.7
v -7.6 1.3 -7
v -7.6 1.4 6.7
v -7.6 1.4 6.6
v -7.6 1.4 -3.7
v -7.6 1.4 -3.9
v -7.6 1.4 -6.7
v -7.6 1.4 -7
v -7.6 1.5 6.7
v -7.6 1.5 6.6
v -7.6 1.5 -3.7
v -7.6 1.5 -3.9
v -7.6 1.5 -6.7
v -7.6 1.5 -7
v -7.5 1.3 -3.2
v -7.5 1.3 -3.7
v -7.5 1.3 -7
v -7.5 1.3 -7.2
v -7.5 1.4 6.8
v -7.5 1.4 6.7
v -7.5 1.4 -3.2
v -7.5 1.4 -3.7
v -7.5 1.4 -7
v -7.5 1.4 -7.2
v -7.5 1.5 6.8
v -7.5 1.5 6.7
v -7.5 1.5 -3.2
v -7.5 1.5 -3.7
v -7.5 1.5 -7
v -7.5 1.5 -7.2
v -7.4 1.3 -3
v -7.4 1.3 -3.2
v -7.4 1.3 -7.2
v -7.4 1.3 -7.3
v -7.4 1.4 -3
v -7.4 1.4 -3.2
v -7.4 1.4 -7.2
v -7.4 1.4 -7.3
v -7.4 1.5 -3
v -7.4 1.5 -3.2
v -7.4 1.5 -7.2
v -7.4 1.5 -7.3
v -7.3 0.4 10
v -7.3 0.4 9.9
v -7.3 0.5 10
v -7.3 0.5 9.9
v -7.3 1.3 -2.8
v -7.3 1.3 -3
v -7.3 1.3 -7.3
v -7.3 1.3 -7.4
v -7.3 1.4 6.9
v -7.3 1.4 6.8
v -7.3 1.4 -2.8
v -7.3 1.4 -3
v -7.3 1.4 -7.3
v -7.3 1.4 -7.4
v -7.3 1.5 6.9
v -7.3 1.5 6.8
v -7.3 1.5 -2.8
v -7.3 1.5 -3
v -7.3 1.5 -7.3
v -7.3 1.5 -7.4
v -7.2 1.3 -2.6
v -7.2 1.3 -2.8
v -7.2 1.3 -7.4
v -7.2 1.3 -7.5
v -7.2 1.4 7
v -7.2 1.4 6.9
v -7.2 1.4 -2.6
v -7.2 1.4 -2.8
v -7.2 1.4 -7.4
v -7.2 1.4 -7.5
v -7.2 1.5 7
v -7.2 1.5 6.9
v -7.2 1.5 -2.6
v -7.2 1.5 -2.8
v -7.2 1.5 -7.4
v -7.2 1.5 -7.5
v -7.1 0.5 10
v -7.1 0.5 9.9
v -7.1 0.6 10
v -7.1 0.6 9.9
v -7.1 1.3 -2.5
v -7.1 1.3 -2.6
v -7.1 1.3 -7.5
v -7.1 1.3 -7.6
v -7.1 1.4 -2.5
v -7.1 1.4 -2.6
v -7.1 1.4 -7.5
v -7.1 1.4 -7.6
v -7.1 1.5 -2.5
v -7.1 1.5 -2.6
v -7.1 1.5 -7.5
v -7.1 1.5 -7.6
v -7 0.6 10
v -7 0.6 9.9
v -7 0.7 10
v -7 0.7 9.9
v -7 1.3 -2.3
v -7 1.3 -2.5
v -7 1.3 -7.6
v -7 1.3 -7.7
v -7 1.4 7.1
v -7 1.4 7
v -7 1.4 -2.3
v -7 1.4 -2.5
v -7 1.4 -7.6
v -7 1.4 -7.7
v -7 1.5 7.1
v -7 1.5 7
v -7 1.5 -2.3
v -7 1.5 -2.5
v -7 1.5 -7.6
v -7 1.5 -7.7
v -6.9 0.7 10
v -6.9 0.7 9.9
v -6.9 0.8 10
v -6.9 0.8 9.9
v -6.9 1.3 -2.2
v -6.9 1.3 -2.3
v -6.9 1.3 -7.7
v -6.9 1.3 -7.8
v -6.9 1.4 -1.2
v -6.9 1.4 -1.3
v -6.9 1.4 -2.2
v -6.9 1.4 -2.3
v -6.9 1.4 -7.7
v -6.9 1.4 -7.8
v -6.9 1.5 -1.2
v -6.9 1.5 -1.3
v -6.9 1.5 -2.2
v -6.9 1.5 -2.3
v -6.9 1.5 -7.7
v -6.9 1.5 -7.8
v -6.8 0.8 10
v -6.8 0.8 9.9
v -6.8 0.9 10
v -6.8 0.9 9.9
v -6.8 1.2 10
v -6.8 1.2 9.9
v -6.8 1.3 10
v -6.8 1.3 9.9
v -6.8 1.3 -2
v -6.8 1.3 -2.2
v -6.8 1.3 -7.8
v -6.8 1.3 -8
v -6.8 1.4 7.2
v -6.8 1.4 7.1
v -6.8 1.4 -1.1
v -6.8 1.4 -1.2
v -6.8 1.4 -1.3
v -6.8 1.4 -1.4
v -6.8 1.4 -2
v -6.8 1.4 -2.2
v -6.8 1.4 -7.8
v -6.8 1.4 -8
v -6.8 1.5 7.2
v -6.8 1.5 7.1
v -6.8 1.5 -1.1
v -6.8 1.5 -1.2
v -6.8 1.5 -1.3
v -6.8 1.5 -1.4
v -6.8 1.5 -2
v -6.8 1.5 -2.2
v -6.8 1.5 -7.8
v -6.8 1.5 -8
v -6.7 0.9 10
v -6.7 0.9 9.9
v -6.7 1.2 10
v -6.7 1.2 9.9
v -6.7 1.3 9.9
v -6.7 1.3 9.8
v -6.7 1.3 -1.9
v -6.7 1.3 -2
v -6.7 1.4 9.9
v -6.7 1.4 9.8
v -6.7 1.4 9.7
v -6.7 1.4 -1.4
v -6.7 1.4 -1.5
v -6.7 1.4 -1.9
v -6.7 1.4 -2
v -6.7 1.5 9.8
v -6.7 1.5 9.7
v -6.7 1.5 -1.4
v -6.7 1.5 -1.5
v -6.7 1.5 -1.9
v -6.7 1.5 -2
v -6.6 1.3 -1.8
v -6.6 1.3 -1.9
v -6.6 1.3 -8
v -6.6 1.3 -8.1
v -6.6 1.4 -1.8
v -6.6 1.4 -1.9
v -6.6 1.4 -8
v -6.6 1.4 -8.1
v -6.6 1.5 -1.8
v -6.6 1.5 -1.9
v -6.6 1.5 -8
v -6.6 1.5 -8.1
v -6.5 1.3 -1.6
v -6.5 1.3 -1.8
v -6.5 1.3 -8.1
v -6.5 1.3 -8.2
v -6.5 1.4 7.3
v -6.5 1.4 7.2
v -6.5 1.4 -1.6
v -6.5 1.4 -1.8
v -6.5 1.4 -8.1
v -6.5 1.4 -8.2
v -6.5 1.5 7.3
v -6.5 1.5 7.2
v -6.5 1.5 -1.6
v -6.5 1.5 -1.8
v -6.5 1.5 -8.1
v -6.5 1.5 -8.2
v -6.4 1.3 -8.2
v -6.4 1.3 -8.3
v -6.4 1.4 9.7
v -6.4 1.4 9.6
v -6.4 1.4 -8.2
v -6.4 1.4 -8.3
v -6.4 1.5 9.7
v -6.4 1.5 9.6
v -6.4 1.5 -8.2
v -6.4 1.5 -8.3
v -6.3 1.3 -1.5
v -6.3 1.3 -1.6
v -6.3 1.4 7.4
v -6.3 1.4 7.3
v -6.3 1.4 -1.5
v -6.3 1.4 -1.6
v -6.3 1.5 7.4
v -6.3 1.5 7.3
v -6.3 1.5 -1.5
v -6.3 1.5 -1.6
v -6.2 1.3 -1.2
v -6.2 1.3 -1.3
v -6.2 1.3 -8.3
v -6.2 1.3 -8.4
v -6.2 1.4 -1.2
v -6.2 1.4 -1.3
v -6.2 1.4 -8.3
v -6.2 1.4 -8.4
v -6.2 1.5 -1.2
v -6.2 1.5 -1.3
v -6.2 1.5 -8.3
v -6.2 1.5 -8.4
v -6.1 1.3 -1.1
v -6.1 1.3 -1.2
v -6.1 1.4 -1.1
v -6.1 1.4 -1.2
v -6.1 1.5 -1.1
v -6.1 1.5 -1.2
v -6 1.3 -0.9
v -6 1.3 -1.1
v -6 1.3 -1.4
v -6 1.3 -1.5
v -6 1.3 -8.4
v -6 1.3 -8.5
v -6 1.4 7.5
v -6 1.4 7.4
v -6 1.4 -0.9
v -6 1.4 -1.1
v -6 1.4 -1.4
v -6 1.4 -1.5
v -6 1.4 -8.4
v -6 1.4 -8.5
v -6 1.5 7.5
v -6 1.5 7.4
v -6 1.5 -0.9
v -6 1.5 -1.1
v -6 1.5 -1.4
v -6 1.5 -1.5
v -6 1.5 -8.4
v -6 1.5 -8.5
v -5.9 1.3 -0.5
v -5.9 1.3 -0.9
v -5.9 1.3 -8.5
v -5.9 1.3 -8.6
v -5.9 1.4 -0.5
v -5.9 1.4 -0.9
v -5.9 1.4 -8.5
v -5.9 1.4 -8.6
v -5.9 1.5 -0.5
v -5.9 1.5 -0.9
v -5.9 1.5 -8.5
v -5.9 1.5 -8.6
v -5.8 1.4 7.6
v -5.8 1.4 7.5
v -5.8 1.5 7.6
v -5.8 1.5 7.5
v -5.7 1.3 -1.3
v -5.7 1.3 -1.4
v -5.7 1.3 -8.6
v -5.7 1.3 -8.7
v -5.7 1.4 -1.3
v -5.7 1.4 -1.4
v -5.7 1.4 -8.6
v -5.7 1.4 -8.7
v -5.7 1.5 -1.3
v -5.7 1.5 -1.4
v -5.7 1.5 -8.6
v -5.7 1.5 -8.7
v -5.4 1.4 7.7
v -5.4 1.4 7.6
v -5.4 1.5 7.7
v -5.4 1.5 7.6
v -5.3 1.3 -8.7
v -5.3 1.3 -8.8
v -5.3 1.4 -8.7
v -5.3 1.4 -8.8
v -5.3 1.5 -8.7
v -5.3 1.5 -8.8
v -5 1.3 -6.4
v -5 1.3 -6.5
v -5 1.3 -8.7
v -5 1.3 -8.8
v -5 1.4 -6.4
v -5 1.4 -6.5
v -5 1.4 -8.7
v -5 1.4 -8.8
v -5 1.5 -6.4
v -5 1.5 -6.5
v -5 1.5 -8.7
v -5 1.5 -8.8
v -4.9 1.4 7.8
v -4.9 1.4 7.7
v -4.9 1.5 7.8
v -4.9 1.5 7.7
v -4.8 1.3 -1.2
v -4.8 1.3 -1.3
v -4.8 1.3 -8.8
v -4.8 1.3 -8.9
v -4.8 1.4 -1.2
v -4.8 1.4 -1.3
v -4.8 1.4 -8.8
v -4.8 1.4 -8.9
v -4.8 1.5 -1.2
v -4.8 1.5 -1.3
v -4.8 1.5 -8.8
v -4.8 1.5 -8.9
v -4.7 1.3 -3.5
v -4.7 1.3 -3.6
v -4.7 1.4 -3.5
v -4.7 1.4 -3.6
v -4.7 1.5 -3.5
v -4.7 1.5 -3.6
v -4.6 1.3 -8.9
v -4.6 1.3 -9
v -4.6 1.4 -8.9
v -4.6 1.4 -9
v -4.6 1.5 -8.9
v -4.6 1.5 -9
v -4.4 1.3 -3.1
v -4.4 1.3 -3.3
v -4.4 1.4 -3.1
v -4.4 1.4 -3.3
v -4.4 1.5 -3.1
v -4.4 1.5 -3.3
v -4.3 1.3 -3
v -4.3 1.3 -3.1
v -4.3 1.4 -3
v -4.3 1.4 -3.1
v -4.3 1.5 -3
v -4.3 1.5 -3.1
v -4.1 1.3 -1.1
v -4.1 1.3 -1.2
v -4.1 1.3 -2.1
v -4.1 1.3 -2.2
v -4.1 1.3 -3.4
v -4.1 1.3 -3.5
v -4.1 1.3 -7.1
v -4.1 1.3 -7.3
v -4.1 1.4 -1.1
v -4.1 1.4 -1.2
v -4.1 1.4 -2.1
v -4.1 1.4 -2.2
v -4.1 1.4 -3.4
v -4.1 1.4 -3.5
v -4.1 1.4 -7.1
v -4.1 1.4 -7.3
v -4.1 1.5 -1.1
v -4.1 1.5 -1.2
v -4.1 1.5 -2.1
v -4.1 1.5 -2.2
v -4.1 1.5 -3.4
v -4.1 1.5 -3.5
v -4.1 1.5 -7.1
v -4.1 1.5 -7.3
v -4 1.3 -4.5
v -4 1.3 -4.7
v -4 1.4 -4.5
v -4 1.4 -4.7
v -4 1.5 -4.5
v -4 1.5 -4.7
v -3.9 1.3 -3.3
v -3.9 1.3 -3.4
v -3.9 1.3 -7
v -3.9 1.3 -7.1
v -3.9 1.3 -7.3
v -3.9 1.3 -7.4
v -3.9 1.4 -3.3
v -3.9 1.4 -3.4
v -3.9 1.4 -7
v -3.9 1.4 -7.1
v -3.9 1.4 -7.3
v -3.9 1.4 -7.4
v -3.9 1.5 -3.3
v -3.9 1.5 -3.4
v -3.9 1.5 -7
v -3.9 1.5 -7.1
v -3.9 1.5 -7.3
v -3.9 1.5 -7.4
v -3.8 1.3 -1
v -3.8 1.3 -1.1
v -3.8 1.3 -4.3
v -3.8 1.3 -4.5
v -3.8 1.3 -5.2
v -3.8 1.3 -5.3
v -3.8 1.3 -6.5
v -3.8 1.3 -6.6
v -3.8 1.4 -1
v -3.8 1.4 -1.1
v -3.8 1.4 -4.3
v -3.8 1.4 -4.5
v -3.8 1.4 -5.2
v -3.8 1.4 -5.3
v -3.8 1.4 -6.5
v -3.8 1.4 -6.6
v -3.8 1.5 -1
v -3.8 1.5 -1.1
v -3.8 1.5 -4.3
v -3.8 1.5 -4.5
v -3.8 1.5 -5.2
v -3.8 1.5 -5.3
v -3.8 1.5 -6.5
v -3.8 1.5 -6.6
v -3.7 1.3 -6.9
v -3.7 1.3 -7
v -3.7 1.4 -6.9
v -3.7 1.4 -7
v -3.7 1.5 -6.9
v -3.7 1.5 -7
v -3.6 1.3 -0.9
v -3.6 1.3 -1
v -3.6 1.3 -2.9
v -3.6 1.3 -3
v -3.6 1.4 -0.9
v -3.6 1.4 -1
v -3.6 1.4 -2.9
v -3.6 1.4 -3
v -3.6 1.5 -0.9
v -3.6 1.5 -1
v -3.6 1.5 -2.9
v -3.6 1.5 -3
v -3.4 1.3 -0.8
v -3.4 1.3 -0.9
v -3.4 1.3 -6.6
v -3.4 1.3 -6.9
v -3.4 1.4 -0.8
v -3.4 1.4 -0.9
v -3.4 1.4 -6.6
v -3.4 1.4 -6.9
v -3.4 1.5 -0.8
v -3.4 1.5 -0.9
v -3.4 1.5 -6.6
v -3.4 1.5 -6.9
v -3.2 1.3 -0.7
v -3.2 1.3 -0.8
v -3.2 1.3 -4
v -3.2 1.3 -4.1
v -3.2 1.4 -0.7
v -3.2 1.4 -0.8
v -3.2 1.4 -4
v -3.2 1.4 -4.1
v -3.2 1.5 -0.7
v -3.2 1.5 -0.8
v -3.2 1.5 -4
v -3.2 1.5 -4.1
v -3.1 0.5 -9.9
v -3.1 0.5 -10
v -3.1 0.6 -9.9
v -3.1 0.6 -10
v -3.1 1.3 -0.599999
v -3.1 1.3 -0.7
v -3.1 1.3 -1.9
v -3.1 1.3 -2
v -3.1 1.4 -0.599999
v -3.1 1.4 -0.7
v -3.1 1.4 -1.9
v -3.1 1.4 -2
v -3.1 1.5 -0.599999
v -3.1 1.5 -0.7
v -3.1 1.5 -1.9
v -3.1 1.5 -2
v -3 1.3 -0.5
v -3 1.3 -0.599999
v -3 1.3 -0.8
v -3 1.3 -0.9
v -3 1.4 -0.5
v -3 1.4 -0.599999
v -3 1.4 -0.8
v -3 1.4 -0.9
v -3 1.5 -0.5
v -3 1.5 -0.599999
v -3 1.5 -0.8
v -3 1.5 -0.9
v -2.9 1.3 -3.7
v -2.9 1.3 -3.8
v -2.9 1.3 -7.4
v -2.9 1.3 -7.5
v -2.9 1.4 -3.7
v -2.9 1.4 -3.8
v -2.9 1.4 -7.4
v -2.9 1.4 -7.5
v -2.9 1.5 -3.7
v -2.9 1.5 -3.8
v -2.9 1.5 -7.4
v -2.9 1.5 -7.5
v -2.8 1.3 -0.4
v -2.8 1.3 -0.5
v -2.8 1.3 -0.7
v -2.8 1.3 -0.8
v -2.8 1.4 -0.4
v -2.8 1.4 -0.5
v -2.8 1.4 -0.7
v -2.8 1.4 -0.8
v -2.8 1.5 -0.4
v -2.8 1.5 -0.5
v -2.8 1.5 -0.7
v -2.8 1.5 -0.8
v -2.7 1.3 -0.3
v -2.7 1.3 -0.4
v -2.7 1.3 -2.8
v -2.7 1.3 -2.9
v -2.7 1.4 -0.3
v -2.7 1.4 -0.4
v -2.7 1.4 -2.8
v -2.7 1.4 -2.9
v -2.7 1.5 -0.3
v -2.7 1.5 -0.4
v -2.7 1.5 -2.8
v -2.7 1.5 -2.9
v -2.6 1.3 -0.2
v -2.6 1.3 -0.3
v -2.6 1.4 -0.2
v -2.6 1.4 -0.3
v -2.6 1.5 -0.2
v -2.6 1.5 -0.3
v -2.5 0.6 -9.9
v -2.5 0.6 -10
v -2.5 0.7 -9.9
v -2.5 0.7 -10
v -2.5 1.3 -0.0999994
v -2.5 1.3 -0.2
v -2.5 1.4 -0.0999994
v -2.5 1.4 -0.2
v -2.5 1.5 -0.0999994
v -2.5 1.5 -0.2
v -2.4 1.3 0
v -2.4 1.3 -0.0999994
v -2.4 1.3 -5.3
v -2.4 1.3 -5.4
v -2.4 1.4 0
v -2.4 1.4 -0.0999994
v -2.4 1.4 -5.3
v -2.4 1.4 -5.4
v -2.4 1.5 0
v -2.4 1.5 -0.0999994
v -2.4 1.5 -5.3
v -2.4 1.5 -5.4
v -2.3 0.5 10
v -2.3 0.5 9.9
v -2.3 0.6 10
v -2.3 0.6 9.9
v -2.3 1.3 0.1
v -2.3 1.3 0
v -2.3 1.4 0.1
v -2.3 1.4 0
v -2.3 1.5 0.1
v -2.3 1.5 0
v -2.2 1.3 0.2
v -2.2 1.3 0.1
v -2.2 1.3 -0.8
v -2.2 1.3 -0.9
v -2.2 1.4 0.2
v -2.2 1.4 0.1
v -2.2 1.4 -0.8
v -2.2 1.4 -0.9
v -2.2 1.5 0.2
v -2.2 1.5 0.1
v -2.2 1.5 -0.8
v -2.2 1.5 -0.9
v -2.1 1.3 0.3
v -2.1 1.3 0.2
v -2.1 1.4 0.3
v -2.1 1.4 0.2
v -2.1 1.5 0.3
v -2.1 1.5 0.2
v -2 1.3 4.3
v -2 1.3 4.1
v -2 1.3 0.400001
v -2 1.3 0.3
v -2 1.3 -2.7
v -2 1.3 -2.8
v -2 1.4 4.3
v -2 1.4 4.1
v -2 1.4 0.400001
v -2 1.4 0.3
v -2 1.4 -2.7
v -2 1.4 -2.8
v -2 1.5 4.3
v -2 1.5 4.1
v -2 1.5 0.400001
v -2 1.5 0.3
v -2 1.5 -2.7
v -2 1.5 -2.8
v -1.9 0.7 -9.9
v -1.9 0.7 -10
v -1.9 0.8 -9.9
v -1.9 0.8 -10
v -1.9 1.3 4.4
v -1.9 1.3 4.3
v -1.9 1.3 4.1
v -1.9 1.3 4
v -1.9 1.3 0.5
v -1.9 1.3 0.400001
v -1.9 1.4 4.4
v -1.9 1.4 4.3
v -1.9 1.4 4.1
v -1.9 1.4 4
v -1.9 1.4 0.5
v -1.9 1.4 0.400001
v -1.9 1.5 4.4
v -1.9 1.5 4.3
v -1.9 1.5 4.1
v -1.9 1.5 4
v -1.9 1.5 0.5
v -1.9 1.5 0.400001
v -1.8 1.3 4.5
v -1.8 1.3 4.4
v -1.8 1.3 0.6
v -1.8 1.3 0.5
v -1.8 1.3 -3.3
v -1.8 1.3 -3.4
v -1.8 1.4 4.5
v -1.8 1.4 4.4
v -1.8 1.4 0.6
v -1.8 1.4 0.5
v -1.8 1.4 -3.3
v -1.8 1.4 -3.4
v -1.8 1.5 4.5
v -1.8 1.5 4.4
v -1.8 1.5 0.6
v -1.8 1.5 0.5
v -1.8 1.5 -3.3
v -1.8 1.5 -3.4
v -1.7 1.3 4.6
v -1.7 1.3 4.5
v -1.7 1.3 4
v -1.7 1.3 3.9
v -1.7 1.3 0.7
v -1.7 1.3 0.6
v -1.7 1.3 -0.9
v -1.7 1.3 -1
v -1.7 1.4 4.6
v -1.7 1.4 4.5
v -1.7 1.4 4
v -1.7 1.4 3.9
v -1.7 1.4 0.7
v -1.7 1.4 0.6
v -1.7 1.4 -0.9
v -1.7 1.4 -1
v -1.7 1.5 4.6
v -1.7 1.5 4.5
v -1.7 1.5 4
v -1.7 1.5 3.9
v -1.7 1.5 0.7
v -1.7 1.5 0.6
v -1.7 1.5 -0.9
v -1.7 1.5 -1
v -1.6 1.3 5.8
v -1.6 1.3 5.5
v -1.6 1.3 4.7
v -1.6 1.3 4.6
v -1.6 1.3 0.8
v -1.6 1.3 0.7
v -1.6 1.3 -1.7
v -1.6 1.3 -1.8
v -1.6 1.3 -7.5
v -1.6 1.3 -7.6
v -1.6 1.4 5.8
v -1.6 1.4 5.5
v -1.6 1.4 4.7
v -1.6 1.4 4.6
v -1.6 1.4 0.8
v -1.6 1.4 0.7
v -1.6 1.4 -1.7
v -1.6 1.4 -1.8
v -1.6 1.4 -7.5
v -1.6 1.4 -7.6
v -1.6 1.5 5.8
v -1.6 1.5 5.5
v -1.6 1.5 4.7
v -1.6 1.5 4.6
v -1.6 1.5 0.8
v -1.6 1.5 0.7
v -1.6 1.5 -1.7
v -1.6 1.5 -1.8
v -1.6 1.5 -7.5
v -1.6 1.5 -7.6
v -1.5 0.6 10
v -1.5 0.6 9.9
v -1.5 0.7 10
v -1.5 0.7 9.9
v -1.5 1.3 5.5
v -1.5 1.3 5.3
v -1.5 1.3 5
v -1.5 1.3 4.7
v -1.5 1.3 3.9
v -1.5 1.3 3.8
v -1.5 1.3 0.900001
v -1.5 1.3 0.8
v -1.5 1.3 -2.3
v -1.5 1.3 -2.4
v -1.5 1.4 5.5
v -1.5 1.4 5.3
v -1.5 1.4 5
v -1.5 1.4 4.7
v -1.5 1.4 3.9
v -1.5 1.4 3.8
v -1.5 1.4 0.900001
v -1.5 1.4 0.8
v -1.5 1.4 -2.3
v -1.5 1.4 -2.4
v -1.5 1.5 5.5
v -1.5 1.5 5.3
v -1.5 1.5 5
v -1.5 1.5 4.7
v -1.5 1.5 3.9
v -1.5 1.5 3.8
v -1.5 1.5 0.900001
v -1.5 1.5 0.8
v -1.5 1.5 -2.3
v -1.5 1.5 -2.4
v -1.4 1.3 5.3
v -1.4 1.3 5
v -1.4 1.3 -2.2
v -1.4 1.3 -2.3
v -1.4 1.3 -5.2
v -1.4 1.3 -5.3
v -1.4 1.4 5.3
v -1.4 1.4 5
v -1.4 1.4 -2.2
v -1.4 1.4 -2.3
v -1.4 1.4 -5.2
v -1.4 1.4 -5.3
v -1.4 1.5 5.3
v -1.4 1.5 5
v -1.4 1.5 -2.2
v -1.4 1.5 -2.3
v -1.4 1.5 -5.2
v -1.4 1.5 -5.3
v -1.3 1.3 1
v -1.3 1.3 0.900001
v -1.3 1.3 -2.1
v -1.3 1.3 -2.2
v -1.3 1.3 -2.4
v -1.3 1.3 -2.5
v -1.3 1.4 1
v -1.3 1.4 0.900001
v -1.3 1.4 -2.1
v -1.3 1.4 -2.2
v -1.3 1.4 -2.4
v -1.3 1.4 -2.5
v -1.3 1.5 1
v -1.3 1.5 0.900001
v -1.3 1.5 -2.1
v -1.3 1.5 -2.2
v -1.3 1.5 -2.4
v -1.3 1.5 -2.5
v -1.2 1.3 1.1
v -1.2 1.3 1
v -1.2 1.3 -1.8
v -1.2 1.3 -1.9
v -1.2 1.4 1.1
v -1.2 1.4 1
v -1.2 1.4 -1.8
v -1.2 1.4 -1.9
v -1.2 1.5 1.1
v -1.2 1.5 1
v -1.2 1.5 -1.8
v -1.2 1.5 -1.9
v -1.1 1.3 1.2
v -1.1 1.3 1.1
v -1.1 1.3 -3.3
v -1.1 1.3 -3.4
v -1.1 1.3 -3.5
v -1.1 1.3 -3.6
v -1.1 1.3 -3.8
v -1.1 1.3 -3.9
v -1.1 1.3 -4
v -1.1 1.3 -4.1
v -1.1 1.3 -6.7
v -1.1 1.3 -6.8
v -1.1 1.4 1.2
v -1.1 1.4 1.1
v -1.1 1.4 -3.3
v -1.1 1.4 -3.4
v -1.1 1.4 -3.5
v -1.1 1.4 -3.6
v -1.1 1.4 -3.8
v -1.1 1.4 -3.9
v -1.1 1.4 -4
v -1.1 1.4 -4.1
v -1.1 1.4 -6.7
v -1.1 1.4 -6.8
v -1.1 1.5 1.2
v -1.1 1.5 1.1
v -1.1 1.5 -3.3
v -1.1 1.5 -3.4
v -1.1 1.5 -3.5
v -1.1 1.5 -3.6
v -1.1 1.5 -3.8
v -1.1 1.5 -3.9
v -1.1 1.5 -4
v -1.1 1.5 -4.1
v -1.1 1.5 -6.7
v -1.1 1.5 -6.8
v -1 1.3 1.3
v -1 1.3 1.2
v -1 1.3 -1.9
v -1 1.3 -2.1
v -1 1.4 1.3
v -1 1.4 1.2
v -1 1.4 -1.9
v -1 1.4 -2.1
v -1 1.5 1.3
v -1 1.5 1.2
v -1 1.5 -1.9
v -1 1.5 -2.1
v -0.900001 0.7 10
v -0.900001 0.7 9.9
v -0.900001 0.8 10
v -0.900001 0.8 9.9
v -0.900001 1.3 1.5
v -0.900001 1.3 1.3
v -0.900001 1.3 -7.8
v -0.900001 1.3 -7.9
v -0.900001 1.4 1.5
v -0.900001 1.4 1.3
v -0.900001 1.4 -7.8
v -0.900001 1.4 -7.9
v -0.900001 1.5 1.5
v -0.900001 1.5 1.3
v -0.900001 1.5 -7.8
v -0.900001 1.5 -7.9
v -0.8 1.3 1.6
v -0.8 1.3 1.5
v -0.8 1.3 -4.1
v -0.8 1.3 -4.3
v -0.8 1.3 -7.6
v -0.8 1.3 -7.7
v -0.8 1.4 1.6
v -0.8 1.4 1.5
v -0.8 1.4 -4.1
v -0.8 1.4 -4.3
v -0.8 1.4 -7.6
v -0.8 1.4 -7.7
v -0.8 1.5 1.6
v -0.8 1.5 1.5
v -0.8 1.5 -4.1
v -0.8 1.5 -4.3
v -0.8 1.5 -7.6
v -0.8 1.5 -7.7
v -0.700001 1.3 1.7
v -0.700001 1.3 1.6
v -0.700001 1.3 -2.5
v -0.700001 1.3 -2.6
v -0.700001 1.3 -3.7
v -0.700001 1.3 -3.8
v -0.700001 1.3 -7.7
v -0.700001 1.3 -7.8
v -0.700001 1.4 1.7
v -0.700001 1.4 1.6
v -0.700001 1.4 -2.5
v -0.700001 1.4 -2.6
v -0.700001 1.4 -3.7
v -0.700001 1.4 -3.8
v -0.700001 1.4 -7.7
v -0.700001 1.4 -7.8
v -0.700001 1.5 1.7
v -0.700001 1.5 1.6
v -0.700001 1.5 -2.5
v -0.700001 1.5 -2.6
v -0.700001 1.5 -3.7
v -0.700001 1.5 -3.8
v -0.700001 1.5 -7.7
v -0.700001 1.5 -7.8
v -0.6 0.8 -9.9
v -0.6 0.8 -10
v -0.6 0.9 -9.9
v -0.6 0.9 -10
v -0.6 1.3 1.8
v -0.6 1.3 1.7
v -0.6 1.4 1.8
v -0.6 1.4 1.7
v -0.6 1.5 1.8
v -0.6 1.5 1.7
v -0.5 0.8 10
v -0.5 0.8 9.9
v -0.5 0.9 10
v -0.5 0.9 9.9
v -0.5 1.3 1.9
v -0.5 1.3 1.8
v -0.5 1.3 -3.6
v -0.5 1.3 -3.7
v -0.5 1.4 1.9
v -0.5 1.4 1.8
v -0.5 1.4 -3.6
v -0.5 1.4 -3.7
v -0.5 1.5 1.9
v -0.5 1.5 1.8
v -0.5 1.5 -3.6
v -0.5 1.5 -3.7
v -0.400001 1.3 2
v -0.400001 1.3 1.9
v -0.400001 1.3 -3.4
v -0.400001 1.3 -3.5
v -0.400001 1.3 -4.6
v -0.400001 1.3 -4.7
v -0.400001 1.4 2
v -0.400001 1.4 1.9
v -0.400001 1.4 -3.4
v -0.400001 1.4 -3.5
v -0.400001 1.4 -4.6
v -0.400001 1.4 -4.7
v -0.400001 1.5 2
v -0.400001 1.5 1.9
v -0.400001 1.5 -3.4
v -0.400001 1.5 -3.5
v -0.400001 1.5 -4.6
v -0.400001 1.5 -4.7
v -0.200001 1.3 -2.6
v -0.200001 1.3 -2.7
v -0.200001 1.3 -3.9
v -0.200001 1.3 -4
v -0.200001 1.4 -2.6
v -0.200001 1.4 -2.7
v -0.200001 1.4 -3.9
v -0.200001 1.4 -4
v -0.200001 1.5 -2.6
v -0.200001 1.5 -2.7
v -0.200001 1.5 -3.9
v -0.200001 1.5 -4
v -0.1 1.3 -4.3
v -0.1 1.3 -4.4
v -0.1 1.3 -4.7
v -0.1 1.3 -4.8
v -0.1 1.3 -5.1
v -0.1 1.3 -5.2
v -0.1 1.4 -4.3
v -0.1 1.4 -4.4
v -0.1 1.4 -4.7
v -0.1 1.4 -4.8
v -0.1 1.4 -5.1
v -0.1 1.4 -5.2
v -0.1 1.5 -4.3
v -0.1 1.5 -4.4
v -0.1 1.5 -4.7
v -0.1 1.5 -4.8
v -0.1 1.5 -5.1
v -0.1 1.5 -5.2
v 0 1.3 -2.7
v 0 1.3 -2.8
v 0 1.3 -5.3
v 0 1.3 -5.4
v 0 1.4 -2.7
v 0 1.4 -2.8
v 0 1.4 -5.3
v 0 1.4 -5.4
v 0 1.5 -2.7
v 0 1.5 -2.8
v 0 1.5 -5.3
v 0 1.5 -5.4
v 0.0999994 1.3 -4.4
v 0.0999994 1.3 -4.5
v 0.0999994 1.3 -4.8
v 0.0999994 1.3 -4.9
v 0.0999994 1.4 -4.4
v 0.0999994 1.4 -4.5
v 0.0999994 1.4 -4.8
v 0.0999994 1.4 -4.9
v 0.0999994 1.5 -4.4
v 0.0999994 1.5 -4.5
v 0.0999994 1.5 -4.8
v 0.0999994 1.5 -4.9
v 0.2 1.3 -5
v 0.2 1.3 -5.1
v 0.2 1.4 -5
v 0.2 1.4 -5.1
v 0.2 1.5 -5
v 0.2 1.5 -5.1
v 0.4 1.3 0.5
v 0.4 1.3 0.400001
v 0.4 1.3 -5.3
v 0.4 1.3 -5.4
v 0.4 1.4 0.5
v 0.4 1.4 0.400001
v 0.4 1.4 -5.3
v 0.4 1.4 -5.4
v 0.4 1.5 0.5
v 0.4 1.5 0.400001
v 0.4 1.5 -5.3
v 0.4 1.5 -5.4
v 0.5 1.3 1.1
v 0.5 1.3 0.900001
v 0.5 1.3 -4.5
v 0.5 1.3 -4.6
v 0.5 1.3 -4.9
v 0.5 1.3 -5
v 0.5 1.4 1.1
v 0.5 1.4 0.900001
v 0.5 1.4 -4.5
v 0.5 1.4 -4.6
v 0.5 1.4 -4.9
v 0.5 1.4 -5
v 0.5 1.5 1.1
v 0.5 1.5 0.900001
v 0.5 1.5 -4.5
v 0.5 1.5 -4.6
v 0.5 1.5 -4.9
v 0.5 1.5 -5
v 0.599999 1.3 1.5
v 0.599999 1.3 1.1
v 0.599999 1.3 -5.5
v 0.599999 1.3 -5.6
v 0.599999 1.4 1.5
v 0.599999 1.4 1.1
v 0.599999 1.4 -5.5
v 0.599999 1.4 -5.6
v 0.599999 1.5 1.5
v 0.599999 1.5 1.1
v 0.599999 1.5 -5.5
v 0.599999 1.5 -5.6
v 0.7 1.3 1.6
v 0.7 1.3 1.5
v 0.7 1.3 -5.4
v 0.7 1.3 -5.5
v 0.7 1.3 -5.6
v 0.7 1.3 -5.7
v 0.7 1.4 1.6
v 0.7 1.4 1.5
v 0.7 1.4 -5.4
v 0.7 1.4 -5.5
v 0.7 1.4 -5.6
v 0.7 1.4 -5.7
v 0.7 1.5 1.6
v 0.7 1.5 1.5
v 0.7 1.5 -5.4
v 0.7 1.5 -5.5
v 0.7 1.5 -5.6
v 0.7 1.5 -5.7
v 0.799999 1.3 1.7
v 0.799999 1.3 1.6
v 0.799999 1.4 1.7
v 0.799999 1.4 1.6
v 0.799999 1.5 1.7
v 0.799999 1.5 1.6
v 1 1.3 1.8
v 1 1.3 1.7
v 1 1.4 1.8
v 1 1.4 1.7
v 1 1.5 1.8
v 1 1.5 1.7
v 1.2 1.3 1.9
v 1.2 1.3 1.8
v 1.2 1.3 -5.7
v 1.2 1.3 -5.8
v 1.2 1.4 1.9
v 1.2 1.4 1.8
v 1.2 1.4 -5.7
v 1.2 1.4 -5.8
v 1.2 1.5 1.9
v 1.2 1.5 1.8
v 1.2 1.5 -5.7
v 1.2 1.5 -5.8
v 1.3 1.3 2.1
v 1.3 1.3 1.9
v 1.3 1.3 -5.8
v 1.3 1.3 -5.9
v 1.3 1.4 2.1
v 1.3 1.4 1.9
v 1.3 1.4 -5.8
v 1.3 1.4 -5.9
v 1.3 1.5 2.1
v 1.3 1.5 1.9
v 1.3 1.5 -5.8
v 1.3 1.5 -5.9
v 1.4 0.6 10
v 1.4 0.6 9.9
v 1.4 0.7 10
v 1.4 0.7 9.9
v 1.4 1.3 4.2
v 1.4 1.3 4.1
v 1.4 1.3 2.2
v 1.4 1.3 2.1
v 1.4 1.3 -7.1
v 1.4 1.3 -7.2
v 1.4 1.4 4.2
v 1.4 1.4 4.1
v 1.4 1.4 2.2
v 1.4 1.4 2.1
v 1.4 1.4 -7.1
v 1.4 1.4 -7.2
v 1.4 1.5 4.2
v 1.4 1.5 4.1
v 1.4 1.5 2.2
v 1.4 1.5 2.1
v 1.4 1.5 -7.1
v 1.4 1.5 -7.2
v 1.5 1.3 4.4
v 1.5 1.3 4.2
v 1.5 1.3 4.1
v 1.5 1.3 4
v 1.5 1.4 4.4
v 1.5 1.4 4.2
v 1.5 1.4 4.1
v 1.5 1.4 4
v 1.5 1.5 4.4
v 1.5 1.5 4.2
v 1.5 1.5 4.1
v 1.5 1.5 4
v 1.6 0.5 -9.9
v 1.6 0.5 -10
v 1.6 0.6 -9.9
v 1.6 0.6 -10
v 1.6 1.3 4.5
v 1.6 1.3 4.4
v 1.6 1.3 4
v 1.6 1.3 3.8
v 1.6 1.3 2.3
v 1.6 1.3 2.2
v 1.6 1.4 4.5
v 1.6 1.4 4.4
v 1.6 1.4 4
v 1.6 1.4 3.8
v 1.6 1.4 2.3
v 1.6 1.4 2.2
v 1.6 1.5 4.5
v 1.6 1.5 4.4
v 1.6 1.5 4
v 1.6 1.5 3.8
v 1.6 1.5 2.3
v 1.6 1.5 2.2
v 1.7 0.7 10
v 1.7 0.7 9.9
v 1.7 0.8 10
v 1.7 0.8 9.9
v 1.7 1.3 4.8
v 1.7 1.3 4.5
v 1.7 1.3 3.8
v 1.7 1.3 3.6
v 1.7 1.3 2.6
v 1.7 1.3 2.3
v 1.7 1.3 -7
v 1.7 1.3 -7.1
v 1.7 1.4 4.8
v 1.7 1.4 4.5
v 1.7 1.4 3.8
v 1.7 1.4 3.6
v 1.7 1.4 2.6
v 1.7 1.4 2.3
v 1.7 1.4 -7
v 1.7 1.4 -7.1
v 1.7 1.5 4.8
v 1.7 1.5 4.5
v 1.7 1.5 3.8
v 1.7 1.5 3.6
v 1.7 1.5 2.6
v 1.7 1.5 2.3
v 1.7 1.5 -7
v 1.7 1.5 -7.1
v 1.8 1.3 6
v 1.8 1.3 4.8
v 1.8 1.3 3.6
v 1.8 1.3 2.6
v 1.8 1.3 -6.6
v 1.8 1.3 -6.7
v 1.8 1.4 6
v 1.8 1.4 4.8
v 1.8 1.4 3.6
v 1.8 1.4 2.6
v 1.8 1.4 -6.6
v 1.8 1.4 -6.7
v 1.8 1.5 6
v 1.8 1.5 4.8
v 1.8 1.5 3.6
v 1.8 1.5 2.6
v 1.8 1.5 -6.6
v 1.8 1.5 -6.7
v 1.9 0.6 -9.9
v 1.9 0.6 -10
v 1.9 0.7 -9.9
v 1.9 0.7 -10
v 1.9 1.3 6.1
v 1.9 1.3 6
v 1.9 1.3 -6.7
v 1.9 1.3 -7
v 1.9 1.4 6.1
v 1.9 1.4 6
v 1.9 1.4 -6.7
v 1.9 1.4 -7
v 1.9 1.5 6.1
v 1.9 1.5 6
v 1.9 1.5 -6.7
v 1.9 1.5 -7
v 2.1 0.8 10
v 2.1 0.8 9.9
v 2.1 0.9 10
v 2.1 0.9 9.9
v 2.2 0.7 -9.9
v 2.2 0.7 -10
v 2.2 0.8 -9.9
v 2.2 0.8 -10
v 2.3 1.3 4.4
v 2.3 1.3 4.3
v 2.3 1.4 4.4
v 2.3 1.4 4.3
v 2.3 1.5 4.4
v 2.3 1.5 4.3
v 2.5 0.8 -9.9
v 2.5 0.8 -10
v 2.5 0.9 -9.9
v 2.5 0.9 -10
v 3 0.8 -9.9
v 3 0.8 -10
v 3 0.9 -9.9
v 3 0.9 -10
v 3.1 1.4 6
v 3.1 1.4 5.9
v 3.1 1.5 6
v 3.1 1.5 5.9
v 3.2 1.4 6.2
v 3.2 1.4 6
v 3.2 1.5 6.2
v 3.2 1.5 6
v 3.3 1.4 6.3
v 3.3 1.4 6.2
v 3.3 1.5 6.3
v 3.3 1.5 6.2
v 3.4 0.1 -9.9
v 3.4 0.1 -10
v 3.4 0.2 -9.9
v 3.4 0.2 -10
v 3.4 1.3 0.400001
v 3.4 1.3 0.3
v 3.4 1.4 6.5
v 3.4 1.4 6.3
v 3.4 1.4 0.400001
v 3.4 1.4 0.3
v 3.4 1.5 6.5
v 3.4 1.5 6.3
v 3.4 1.5 0.400001
v 3.4 1.5 0.3
v 3.5 0.5 -9.9
v 3.5 0.5 -10
v 3.5 0.7 -9.9
v 3.5 0.7 -10
v 3.5 1.4 6.6
v 3.5 1.4 6.5
v 3.5 1.5 6.6
v 3.5 1.5 6.5
v 3.6 0.2 -9.9
v 3.6 0.2 -10
v 3.6 0.3 -9.9
v 3.6 0.5 -9.9
v 3.6 0.5 -10
v 3.6 0.7 -9.9
v 3.6 0.7 -10
v 3.6 0.8 -9.9
v 3.6 0.8 -10
v 3.6 1.4 6.8
v 3.6 1.4 6.6
v 3.6 1.5 6.8
v 3.6 1.5 6.6
v 3.7 1.4 6.9
v 3.7 1.4 6.8
v 3.7 1.5 6.9
v 3.7 1.5 6.8
v 3.8 1.4 7
v 3.8 1.4 6.9
v 3.8 1.5 7
v 3.8 1.5 6.9
v 3.9 1.4 7.1
v 3.9 1.4 7
v 3.9 1.4 -5.4
v 3.9 1.4 -5.7
v 3.9 1.5 7.1
v 3.9 1.5 7
v 3.9 1.5 -5.4
v 3.9 1.5 -5.7
v 4 1.4 7.2
v 4 1.4 7.1
v 4 1.4 3.3
v 4 1.4 2.7
v 4 1.4 -5.1
v 4 1.4 -5.4
v 4 1.4 -5.7
v 4 1.4 -6
v 4 1.5 7.2
v 4 1.5 7.1
v 4 1.5 3.3
v 4 1.5 2.7
v 4 1.5 -5.1
v 4 1.5 -5.4
v 4 1.5 -5.7
v 4 1.5 -6
v 4.1 1.4 3.4
v 4.1 1.4 3.3
v 4.1 1.4 -6
v 4.1 1.4 -6.2
v 4.1 1.5 3.4
v 4.1 1.5 3.3
v 4.1 1.5 -6
v 4.1 1.5 -6.2
v 4.2 1.4 7.3
v 4.2 1.4 7.2
v 4.2 1.4 4.1
v 4.2 1.4 3.4
v 4.2 1.4 2.7
v 4.2 1.4 2.6
v 4.2 1.4 -5
v 4.2 1.4 -5.1
v 4.2 1.4 -6.2
v 4.2 1.4 -6.4
v 4.2 1.5 7.3
v 4.2 1.5 7.2
v 4.2 1.5 4.1
v 4.2 1.5 3.4
v 4.2 1.5 2.7
v 4.2 1.5 2.6
v 4.2 1.5 -5
v 4.2 1.5 -5.1
v 4.2 1.5 -6.2
v 4.2 1.5 -6.4
v 4.3 1.4 4.5
v 4.3 1.4 4.1
v 4.3 1.4 -4.9
v 4.3 1.4 -5
v 4.3 1.4 -6.4
v 4.3 1.4 -6.6
v 4.3 1.5 4.5
v 4.3 1.5 4.1
v 4.3 1.5 -4.9
v 4.3 1.5 -5
v 4.3 1.5 -6.4
v 4.3 1.5 -6.6
v 4.4 0.3 10
v 4.4 0.3 9.9
v 4.4 0.4 10
v 4.4 0.4 9.9
v 4.4 1.4 7.4
v 4.4 1.4 7.3
v 4.4 1.4 -6.6
v 4.4 1.4 -6.7
v 4.4 1.5 7.4
v 4.4 1.5 7.3
v 4.4 1.5 -6.6
v 4.4 1.5 -6.7
v 4.5 1.4 4.6
v 4.5 1.4 4.5
v 4.5 1.4 -4.8
v 4.5 1.4 -4.9
v 4.5 1.5 4.6
v 4.5 1.5 4.5
v 4.5 1.5 -4.8
v 4.5 1.5 -4.9
v 4.6 0.4 10
v 4.6 0.4 9.9
v 4.6 0.5 10
v 4.6 0.5 9.9
v 4.6 0.7 -9.9
v 4.6 0.7 -10
v 4.6 0.8 -9.9
v 4.6 0.8 -10
v 4.6 1.4 4.7
v 4.6 1.4 4.6
v 4.6 1.4 -6.7
v 4.6 1.4 -6.8
v 4.6 1.5 4.7
v 4.6 1.5 4.6
v 4.6 1.5 -6.7
v 4.6 1.5 -6.8
v 4.7 1.4 -6.8
v 4.7 1.4 -6.9
v 4.7 1.5 -6.8
v 4.7 1.5 -6.9
v 4.8 0.5 10
v 4.8 0.5 9.9
v 4.8 0.6 10
v 4.8 0.6 9.9
v 4.8 1.4 -4.7
v 4.8 1.4 -4.8
v 4.8 1.4 -6.9
v 4.8 1.4 -7
v 4.8 1.5 -4.7
v 4.8 1.5 -4.8
v 4.8 1.5 -6.9
v 4.8 1.5 -7
v 4.9 0.8 -9.9
v 4.9 0.8 -10
v 4.9 0.9 -9.9
v 4.9 0.9 -10
v 4.9 1.4 7.5
v 4.9 1.4 7.4
v 4.9 1.4 2.6
v 4.9 1.4 2.5
v 4.9 1.4 -7
v 4.9 1.4 -7.1
v 4.9 1.5 7.5
v 4.9 1.5 7.4
v 4.9 1.5 2.6
v 4.9 1.5 2.5
v 4.9 1.5 -7
v 4.9 1.5 -7.1
v 5 0.6 10
v 5 0.6 9.9
v 5 0.7 10
v 5 0.7 9.9
v 5 1.4 -7.1
v 5 1.4 -7.2
v 5 1.5 -7.1
v 5 1.5 -7.2
v 5.1 0.7 10
v 5.1 0.7 9.9
v 5.1 0.8 10
v 5.1 0.8 9.9
v 5.2 0.2 -9.9
v 5.2 0.2 -10
v 5.2 0.3 -9.9
v 5.2 0.5 -9.9
v 5.2 0.5 -10
v 5.2 0.8 10
v 5.2 0.8 9.9
v 5.2 0.8 -9.9
v 5.2 0.8 -10
v 5.2 0.9 10
v 5.2 0.9 9.9
v 5.2 0.9 -9.9
v 5.2 0.9 -10
v 5.3 0.5 -9.9
v 5.3 0.5 -10
v 5.3 0.8 -9.9
v 5.3 0.8 -10
v 5.3 1.4 -7.2
v 5.3 1.4 -7.3
v 5.3 1.5 -7.2
v 5.3 1.5 -7.3
v 5.4 1.4 2.5
v 5.4 1.4 2.4
v 5.4 1.4 -4.6
v 5.4 1.4 -4.7
v 5.4 1.5 2.5
v 5.4 1.5 2.4
v 5.4 1.5 -4.6
v 5.4 1.5 -4.7
v 5.5 1.2 -9.6
v 5.5 1.2 -9.9
v 5.5 1.3 -9.8
v 5.5 1.3 -9.9
v 5.5 1.4 4.6
v 5.5 1.4 4.5
v 5.5 1.4 -4.5
v 5.5 1.4 -4.6
v 5.5 1.4 -7.3
v 5.5 1.4 -7.4
v 5.5 1.4 -9.6
v 5.5 1.4 -9.8
v 5.5 1.4 -9.9
v 5.5 1.5 4.6
v 5.5 1.5 4.5
v 5.5 1.5 -4.5
v 5.5 1.5 -4.6
v 5.5 1.5 -7.3
v 5.5 1.5 -7.4
v 5.5 1.5 -9.6
v 5.5 1.5 -9.8
v 5.6 1.2 -9.1
v 5.6 1.2 -9.6
v 5.6 1.4 -9.1
v 5.6 1.4 -9.6
v 5.6 1.5 -9.1
v 5.6 1.5 -9.6
v 5.7 1.2 -8
v 5.7 1.2 -9.1
v 5.7 1.4 -8
v 5.7 1.4 -9.1
v 5.7 1.5 -8
v 5.7 1.5 -9.1
v 5.8 1.2 -7.5
v 5.8 1.2 -8
v 5.8 1.4 -7.5
v 5.8 1.4 -8
v 5.8 1.5 -7.5
v 5.8 1.5 -8
v 5.9 0.7 -9.9
v 5.9 0.7 -10
v 5.9 0.8 -9.9
v 5.9 0.8 -10
v 6.1 0.5 10
v 6.1 0.5 9.9
v 6.1 0.6 10
v 6.1 0.6 9.9
v 6.1 0.8 -9.9
v 6.1 0.8 -10
v 6.1 0.9 -9.9
v 6.1 0.9 -10
v 6.1 1.4 6.5
v 6.1 1.4 6.4
v 6.1 1.5 6.5
v 6.1 1.5 6.4
v 6.2 0.6 10
v 6.2 0.6 9.9
v 6.2 0.7 10
v 6.2 0.7 9.9
v 6.3 0.7 10
v 6.3 0.7 9.9
v 6.3 0.8 10
v 6.3 0.8 9.9
v 6.3 1.4 2.4
v 6.3 1.4 2.3
v 6.3 1.5 2.4
v 6.3 1.5 2.3
v 6.4 0.8 10
v 6.4 0.8 9.9
v 6.4 0.9 10
v 6.4 0.9 9.9
v 6.4 1.4 6.4
v 6.4 1.4 6.3
v 6.4 1.5 6.4
v 6.4 1.5 6.3
v 6.6 1.4 6.3
v 6.6 1.4 6.2
v 6.6 1.4 2.4
v 6.6 1.4 2.3
v 6.6 1.5 6.3
v 6.6 1.5 6.2
v 6.6 1.5 2.4
v 6.6 1.5 2.3
v 6.8 1.2 -8.7
v 6.8 1.2 -8.8
v 6.8 1.4 6.2
v 6.8 1.4 6.1
v 6.8 1.4 -8.7
v 6.8 1.4 -8.8
v 6.8 1.5 6.2
v 6.8 1.5 6.1
v 6.8 1.5 -8.7
v 6.8 1.5 -8.8
v 6.9 1.2 -8.8
v 6.9 1.2 -9.2
v 6.9 1.4 6.1
v 6.9 1.4 6
v 6.9 1.4 4.8
v 6.9 1.4 4.3
v 6.9 1.4 -8.8
v 6.9 1.4 -9.2
v 6.9 1.5 6.1
v 6.9 1.5 6
v 6.9 1.5 4.8
v 6.9 1.5 4.3
v 6.9 1.5 -8.8
v 6.9 1.5 -9.2
v 7 1.2 -9.2
v 7 1.2 -9.4
v 7 1.4 6
v 7 1.4 5.9
v 7 1.4 -9.2
v 7 1.4 -9.4
v 7 1.5 6
v 7 1.5 5.9
v 7 1.5 -9.2
v 7 1.5 -9.4
v 7.1 1.2 -9.4
v 7.1 1.2 -9.6
v 7.1 1.4 -9.4
v 7.1 1.4 -9.6
v 7.1 1.5 -9.4
v 7.1 1.5 -9.6
v 7.2 1.2 -9.6
v 7.2 1.2 -9.7
v 7.2 1.4 5.9
v 7.2 1.4 5.8
v 7.2 1.4 -9.6
v 7.2 1.4 -9.7
v 7.2 1.5 5.9
v 7.2 1.5 5.8
v 7.2 1.5 -9.6
v 7.2 1.5 -9.7
v 7.4 0.2 -9.9
v 7.4 0.2 -10
v 7.4 0.3 -9.9
v 7.4 0.3 -10
v 7.4 1.4 5.8
v 7.4 1.4 5.7
v 7.4 1.5 5.8
v 7.4 1.5 5.7
v 7.5 0.3 -9.9
v 7.5 0.3 -10
v 7.5 0.4 -9.9
v 7.5 0.4 -10
v 7.6 0.4 -9.9
v 7.6 0.4 -10
v 7.6 0.5 -9.9
v 7.6 0.5 -10
v 7.7 0.5 -9.9
v 7.7 0.5 -10
v 7.7 0.6 -9.9
v 7.7 0.6 -10
v 7.7 1.4 5.7
v 7.7 1.4 5.6
v 7.7 1.5 5.7
v 7.7 1.5 5.6
v 7.8 0.6 -9.9
v 7.8 0.6 -10
v 7.8 0.7 -9.9
v 7.8 0.7 -10
v 7.8 1.2 -9.7
v 7.8 1.2 -9.8
v 7.8 1.2 -9.9
v 7.8 1.3 -9.8
v 7.8 1.3 -9.9
v 7.8 1.4 -9.7
v 7.8 1.4 -9.8
v 7.8 1.4 -9.9
v 7.8 1.5 -9.7
v 7.8 1.5 -9.8
v 7.9 0.7 -9.9
v 7.9 0.7 -10
v 7.9 0.8 -9.9
v 7.9 0.8 -10
v 8 0.8 -9.9
v 8 0.8 -10
v 8 0.9 -9.9
v 8 0.9 -10
v 8 1.4 5.6
v 8 1.4 5.5
v 8 1.5 5.6
v 8 1.5 5.5
v 8.2 1.4 4.7
v 8.2 1.4 4.6
v 8.2 1.4 -4.3
v 8.2 1.4 -5.4
v 8.2 1.5 4.7
v 8.2 1.5 4.6
v 8.2 1.5 -4.3
v 8.2 1.5 -5.4
v 8.3 1.4 -5.4
v 8.3 1.4 -6.3
v 8.3 1.5 -5.4
v 8.3 1.5 -6.3
v 8.4 1.4 5.5
v 8.4 1.4 5.4
v 8.4 1.4 -6.3
v 8.4 1.4 -6.4
v 8.4 1.5 5.5
v 8.4 1.5 5.4
v 8.4 1.5 -6.3
v 8.4 1.5 -6.4
v 8.6 1.4 -6.4
v 8.6 1.4 -6.6
v 8.6 1.5 -6.4
v 8.6 1.5 -6.6
v 8.7 1.4 5.4
v 8.7 1.4 5.3
v 8.7 1.5 5.4
v 8.7 1.5 5.3
v 8.8 0.3 -9.9
v 8.8 0.3 -10
v 8.8 0.4 -9.9
v 8.8 0.4 -10
v 8.8 1.4 5.3
v 8.8 1.4 4.6
v 8.8 1.5 5.3
v 8.8 1.5 4.6
v 8.9 0.4 -9.9
v 8.9 0.4 -10
v 8.9 0.6 -9.9
v 8.9 0.6 -10
v 8.9 1.4 -6.6
v 8.9 1.4 -6.7
v 8.9 1.5 -6.6
v 8.9 1.5 -6.7
v 9 0.6 -9.9
v 9 0.6 -10
v 9 0.8 -9.9
v 9 0.8 -10
v 9.3 1.2 -8.8
v 9.3 1.2 -8.9
v 9.3 1.4 -6.6
v 9.3 1.4 -6.7
v 9.3 1.4 -8.8
v 9.3 1.4 -8.9
v 9.3 1.5 -6.6
v 9.3 1.5 -6.7
v 9.3 1.5 -8.8
v 9.3 1.5 -8.9
v 9.4 1.2 -8.9
v 9.4 1.2 -9
v 9.4 1.2 -9.1
v 9.4 1.4 -8.9
v 9.4 1.4 -9
v 9.4 1.4 -9.1
v 9.4 1.5 -8.9
v 9.4 1.5 -9.1
v 9.5 1.2 -9.1
v 9.5 1.2 -9.2
v 9.5 1.2 -9.3
v 9.5 1.4 -9.1
v 9.5 1.4 -9.2
v 9.5 1.4 -9.3
v 9.5 1.5 -9.1
v 9.5 1.5 -9.3
v 9.6 1.2 -9.3
v 9.6 1.2 -9.4
v 9.6 1.2 -9.6
v 9.6 1.4 -6.7
v 9.6 1.4 -6.8
v 9.6 1.4 -9.3
v 9.6 1.4 -9.4
v 9.6 1.4 -9.6
v 9.6 1.5 -6.7
v 9.6 1.5 -6.8
v 9.6 1.5 -9.3
v 9.6 1.5 -9.6
v 9.7 1.2 -9.6
v 9.7 1.2 -9.7
v 9.7 1.4 -9.6
v 9.7 1.4 -9.7
v 9.7 1.5 -9.6
v 9.7 1.5 -9.7
v 9.8 1.4 -6.8
v 9.8 1.4 -6.9
v 9.8 1.5 -6.8
v 9.8 1.5 -6.9
v 9.9 1.2 -9.7
v 9.9 1.2 -9.8
v 9.9 1.3 -9.8
v 9.9 1.4 -9.7
v 9.9 1.4 -9.8
v 9.9 1.5 -9.7
v 9.9 1.5 -9.8
v 10 1.2 7.6
v 10 1.2 7.5
v 10 1.2 -9.8
v 10 1.2 -9.9
v 10 1.3 -9.8
v 10 1.3 -9.9
v 10 1.4 7.6
v 10 1.4 7.5
v 10 1.4 -9.8
v 10 1.4 -9.9
v 10 1.5 7.6
v 10 1.5 7.5
v 10.2 1.2 7.5
v 10.2 1.2 7.4
v 10.2 1.4 7.5
v 10.2 1.4 7.4
v 10.2 1.4 -6.9
v 10.2 1.4 -7
v 10.2 1.5 7.5
v 10.2 1.5 7.4
v 10.2 1.5 -6.9
v 10.2 1.5 -7
v 10.4 1.2 7.7
v 10.4 1.2 7.6
v 10.4 1.4 7.7
v 10.4 1.4 7.6
v 10.4 1.5 7.7
v 10.4 1.5 7.6
v 10.5 1.2 7.4
v 10.5 1.2 7.3
v 10.5 1.4 7.4
v 10.5 1.4 7.3
v 10.5 1.5 7.4
v 10.5 1.5 7.3
v 10.6 1.2 -9.2
v 10.6 1.2 -9.3
v 10.6 1.4 -9.2
v 10.6 1.4 -9.3
v 10.6 1.5 -9.2
v 10.6 1.5 -9.3
v 10.7 1.2 7.3
v 10.7 1.2 7.2
v 10.7 1.4 7.3
v 10.7 1.4 7.2
v 10.7 1.5 7.3
v 10.7 1.5 7.2
v 11 1.2 7.8
v 11 1.2 7.7
v 11 1.2 7.2
v 11 1.2 7.1
v 11 1.2 -9
v 11 1.2 -9.2
v 11 1.4 7.8
v 11 1.4 7.7
v 11 1.4 7.2
v 11 1.4 7.1
v 11 1.4 -9
v 11 1.4 -9.2
v 11 1.5 7.8
v 11 1.5 7.7
v 11 1.5 7.2
v 11 1.5 7.1
v 11 1.5 -9
v 11 1.5 -9.2
v 11.1 1.2 -9.2
v 11.1 1.2 -9.3
v 11.1 1.4 -9.2
v 11.1 1.4 -9.3
v 11.1 1.5 -9.2
v 11.1 1.5 -9.3
v 11.2 1.2 7.1
v 11.2 1.2 7
v 11.2 1.2 -9.3
v 11.2 1.2 -9.4
v 11.2 1.4 7.1
v 11.2 1.4 7
v 11.2 1.4 -9.3
v 11.2 1.4 -9.4
v 11.2 1.5 7.1
v 11.2 1.5 7
v 11.2 1.5 -9.3
v 11.2 1.5 -9.4
v 11.3 1.2 -9.4
v 11.3 1.2 -9.5
v 11.3 1.4 -9.4
v 11.3 1.4 -9.5
v 11.3 1.5 -9.4
v 11.3 1.5 -9.5
v 11.4 1.2 7
v 11.4 1.2 6.9
v 11.4 1.2 -9.5
v 11.4 1.2 -9.6
v 11.4 1.2 -9.7
v 11.4 1.4 7
v 11.4 1.4 6.9
v 11.4 1.4 -9.5
v 11.4 1.4 -9.6
v 11.4 1.4 -9.7
v 11.4 1.5 7
v 11.4 1.5 6.9
v 11.4 1.5 -9.5
v 11.4 1.5 -9.7
v 11.5 0.5 -9.9
v 11.5 0.5 -10
v 11.5 0.6 -9.9
v 11.5 0.6 -10
v 11.6 1.2 -9.7
v 11.6 1.2 -9.8
v 11.6 1.3 -9.8
v 11.6 1.4 -9.7
v 11.6 1.4 -9.8
v 11.6 1.5 -9.7
v 11.6 1.5 -9.8
v 11.7 1.2 6.9
v 11.7 1.2 6.8
v 11.7 1.2 -9.8
v 11.7 1.2 -9.9
v 11.7 1.3 -9.8
v 11.7 1.3 -9.9
v 11.7 1.4 6.9
v 11.7 1.4 6.8
v 11.7 1.4 -9.8
v 11.7 1.4 -9.9
v 11.7 1.5 6.9
v 11.7 1.5 6.8
v 11.8 1.2 -8.7
v 11.8 1.2 -8.8
v 11.8 1.4 -6.7
v 11.8 1.4 -6.8
v 11.8 1.4 -8.7
v 11.8 1.4 -8.8
v 11.8 1.5 -6.7
v 11.8 1.5 -6.8
v 11.8 1.5 -8.7
v 11.8 1.5 -8.8
v 11.9 0.5 -9.9
v 11.9 0.5 -10
v 11.9 0.6 -9.9
v 11.9 0.6 -10
v 11.9 1.2 6.8
v 11.9 1.2 6.7
v 11.9 1.4 6.8
v 11.9 1.4 6.7
v 11.9 1.5 6.8
v 11.9 1.5 6.7
v 12.1 1.2 6.7
v 12.1 1.2 6.6
v 12.1 1.2 -8.6
v 12.1 1.2 -8.7
v 12.1 1.4 6.7
v 12.1 1.4 6.6
v 12.1 1.4 -8.6
v 12.1 1.4 -8.7
v 12.1 1.5 6.7
v 12.1 1.5 6.6
v 12.1 1.5 -8.6
v 12.1 1.5 -8.7
v 12.3 1.2 6.6
v 12.3 1.2 6.5
v 12.3 1.4 6.6
v 12.3 1.4 6.5
v 12.3 1.5 6.6
v 12.3 1.5 6.5
v 12.4 0 9.7
v 12.4 0 9.6
v 12.4 0 -9.6
v 12.4 0 -9.7
v 12.4 0.1 9.8
v 12.4 0.1 9.7
v 12.4 0.1 9.6
v 12.4 0.1 -9.6
v 12.4 0.1 -9.7
v 12.4 0.1 -9.8
v 12.4 0.2 9.9
v 12.4 0.2 9.8
v 12.4 0.2 9.7
v 12.4 0.2 -9.7
v 12.4 0.2 -9.8
v 12.4 0.2 -9.9
v 12.4 0.3 9.9
v 12.4 0.3 9.8
v 12.4 0.3 -9.8
v 12.4 0.3 -9.9
v 12.5 0 9.6
v 12.5 0 -9.6
v 12.5 0.1 9.7
v 12.5 0.1 9.6
v 12.5 0.1 -9.6
v 12.5 0.1 -9.7
v 12.5 0.2 9.8
v 12.5 0.2 9.7
v 12.5 0.2 9.6
v 12.5 0.2 -9.6
v 12.5 0.2 -9.7
v 12.5 0.2 -9.8
v 12.5 0.3 9.9
v 12.5 0.3 9.8
v 12.5 0.3 9.7
v 12.5 0.3 -9.7
v 12.5 0.3 -9.8
v 12.5 0.4 9.9
v 12.5 0.4 9.8
v 12.5 1.4 9.8
v 12.5 1.4 9.7
v 12.5 1.4 -9.7
v 12.5 1.4 -9.8
v 12.5 1.5 9.8
v 12.5 1.5 9.7
v 12.5 1.5 -9.7
v 12.5 1.5 -9.8
v 12.6 0.1 9.6
v 12.6 0.1 -9.6
v 12.6 0.2 9.7
v 12.6 0.2 9.6
v 12.6 0.2 -9.6
v 12.6 0.2 -9.7
v 12.6 0.3 9.8
v 12.6 0.3 9.7
v 12.6 0.3 9.6
v 12.6 0.3 -9.6
v 12.6 0.3 -9.7
v 12.6 0.4 9.8
v 12.6 0.4 9.7
v 12.6 1.2 10
v 12.6 1.2 9.9
v 12.6 1.2 -9.9
v 12.6 1.2 -10
v 12.6 1.3 10
v 12.6 1.3 9.9
v 12.6 1.3 9.8
v 12.6 1.3 -9.8
v 12.6 1.3 -9.9
v 12.6 1.3 -10
v 12.6 1.4 9.9
v 12.6 1.4 9.8
v 12.6 1.4 9.7
v 12.6 1.4 7.6
v 12.6 1.4 6.5
v 12.6 1.4 3.2
v 12.6 1.4 2.7
v 12.6 1.4 1.6
v 12.6 1.4 1.3
v 12.6 1.4 -5.5
v 12.6 1.4 -5.6
v 12.6 1.4 -6.5
v 12.6 1.4 -8.9
v 12.6 1.4 -9
v 12.6 1.4 -9.4
v 12.6 1.4 -9.6
v 12.6 1.4 -9.7
v 12.6 1.4 -9.8
v 12.6 1.4 -9.9
v 12.6 1.5 9.7
v 12.6 1.5 7.6
v 12.6 1.5 6.5
v 12.6 1.5 3.2
v 12.6 1.5 2.7
v 12.6 1.5 1.6
v 12.6 1.5 1.3
v 12.6 1.5 -5.5
v 12.6 1.5 -5.6
v 12.6 1.5 -6.5
v 12.6 1.5 -8.9
v 12.6 1.5 -9
v 12.6 1.5 -9.4
v 12.6 1.5 -9.7
v 12.7 0.2 9.6
v 12.7 0.2 -9.6
v 12.7 0.3 9.7
v 12.7 0.3 9.6
v 12.7 0.3 -7.7
v 12.7 0.3 -9.6
v 12.7 0.3 -9.9
v 12.7 0.3 -10
v 12.7 0.4 10
v 12.7 0.4 9.9
v 12.7 0.4 9.7
v 12.7 0.4 9.4
v 12.7 0.4 -5.9
v 12.7 0.4 -6
v 12.7 0.4 -6.5
v 12.7 0.4 -7.7
v 12.7 0.5 10
v 12.7 0.5 9.9
v 12.7 0.5 9.4
v 12.7 0.5 8.7
v 12.7 0.5 -0.599999
v 12.7 0.5 -5.9
v 12.7 0.5 -9.9
v 12.7 0.5 -10
v 12.7 0.6 8.7
v 12.7 0.6 7.9
v 12.7 0.6 5.2
v 12.7 0.6 -0.599999
v 12.7 0.7 7.9
v 12.7 0.7 7
v 12.7 0.7 5.6
v 12.7 0.7 5.2
v 12.7 0.8 7
v 12.7 0.8 6.5
v 12.7 0.8 6
v 12.7 0.8 5.6
v 12.7 0.9 6.5
v 12.7 0.9 6
v 12.7 1 10
v 12.7 1 9.9
v 12.7 1 -9.9
v 12.7 1 -10
v 12.7 1.2 10
v 12.7 1.2 9.9
v 12.7 1.2 9.8
v 12.7 1.2 -9.8
v 12.7 1.2 -9.9
v 12.7 1.2 -10
v 12.7 1.3 9.9
v 12.7 1.3 9.8
v 12.7 1.3 7.5
v 12.7 1.3 6.5
v 12.7 1.3 -5.5
v 12.7 1.3 -5.6
v 12.7 1.3 -5.7
v 12.7 1.3 -5.8
v 12.7 1.3 -6.4
v 12.7 1.3 -6.5
v 12.7 1.3 -9.6
v 12.7 1.3 -9.8
v 12.7 1.3 -9.9
v 12.7 1.4 9.8
v 12.7 1.4 7.5
v 12.7 1.4 6.5
v 12.7 1.4 -5.5
v 12.7 1.4 -5.7
v 12.7 1.4 -6.5
v 12.7 1.4 -9.6
v 12.7 1.4 -9.8
v 12.8 0.3 -7.7
v 12.8 0.3 -9.9
v 12.8 0.4 9.9
v 12.8 0.4 9.4
v 12.8 0.4 -5.9
v 12.8 0.4 -6
v 12.8 0.4 -6.5
v 12.8 0.4 -7.7
v 12.8 0.4 -8.9
v 12.8 0.4 -9.4
v 12.8 0.5 10
v 12.8 0.5 9.9
v 12.8 0.5 9.4
v 12.8 0.5 8.7
v 12.8 0.5 -0.599999
v 12.8 0.5 -5.9
v 12.8 0.5 -6
v 12.8 0.5 -6.5
v 12.8 0.5 -7
v 12.8 0.5 -8
v 12.8 0.5 -8.1
v 12.8 0.5 -8.3
v 12.8 0.5 -8.9
v 12.8 0.5 -9.4
v 12.8 0.5 -9.5
v 12.8 0.5 -9.9
v 12.8 0.5 -10
v 12.8 0.6 8.7
v 12.8 0.6 7.9
v 12.8 0.6 5.2
v 12.8 0.6 -0.599999
v 12.8 0.6 -5.8
v 12.8 0.6 -5.9
v 12.8 0.6 -7
v 12.8 0.6 -8
v 12.8 0.6 -8.1
v 12.8 0.6 -8.3
v 12.8 0.6 -9.5
v 12.8 0.6 -9.6
v 12.8 0.7 7.9
v 12.8 0.7 7
v 12.8 0.7 5.6
v 12.8 0.7 5.2
v 12.8 0.7 -5.9
v 12.8 0.7 -6.1
v 12.8 0.8 7
v 12.8 0.8 6.5
v 12.8 0.8 6
v 12.8 0.8 5.6
v 12.8 0.8 -6.1
v 12.8 0.8 -6.2
v 12.8 0.8 -9.6
v 12.8 0.8 -9.7
v 12.8 0.9 7.1
v 12.8 0.9 7
v 12.8 0.9 6.5
v 12.8 0.9 6
v 12.8 0.9 -5.7
v 12.8 0.9 -5.8
v 12.8 0.9 -5.9
v 12.8 1 10
v 12.8 1 9.9
v 12.8 1 -6.2
v 12.8 1 -6.3
v 12.8 1 -9.8
v 12.8 1 -9.9
v 12.8 1 -10
v 12.8 1.1 7.2
v 12.8 1.1 7.1
v 12.8 1.2 9.9
v 12.8 1.2 9.8
v 12.8 1.2 7.4
v 12.8 1.2 7.2
v 12.8 1.2 -5.6
v 12.8 1.2 -5.7
v 12.8 1.2 -6.3
v 12.8 1.2 -6.4
v 12.8 1.2 -9.6
v 12.8 1.2 -9.7
v 12.8 1.2 -9.8
v 12.8 1.2 -9.9
v 12.8 1.3 9.8
v 12.8 1.3 7.4
v 12.8 1.3 6.5
v 12.8 1.3 -5.6
v 12.8 1.3 -5.8
v 12.8 1.3 -6.4
v 12.8 1.3 -9.6
v 12.8 1.3 -9.8
v -12.8 0.5 10
v -12.8 0.9 10
v -12.8 1 10
v -12.7 0.5 10
v -12.7 0.7 10
v -12.7 1 10
v -12.7 1.2 10
v -12.6 0.9 10
v -12.6 1 10
v -12.6 1.2 10
v -12.6 1.3 10
v -12.5 0.7 10
v -12.5 0.8 10
v -12.3 1 10
v -12.3 1.1 10
v -12.2 1.1 10
v -12.2 1.2 10
v -12.1 0.8 10
v -12.1 0.9 10
v -11.9 0.8 10
v -11.9 0.9 10
v -11.8 0.7 10
v -11.8 0.8 10
v -11.7 1.2 10
v -11.7 1.3 10
v -11.5 0.6 10
v -11.5 0.7 10
v -11.2 0.5 10
v -11.2 0.6 10
v -9.7 0.5 10
v -9.7 0.6 10
v -9.5 0.6 10
v -9.5 0.7 10
v -9.4 0.7 10
v -9.4 0.8 10
v -9.2 0.8 10
v -9.2 0.9 10
v -8.6 0.9 10
v -8.6 1.3 10
v -8.5 1 10
v -8.5 1.3 10
v -8.4 0.9 10
v -8.4 1 10
v -8.3 0.8 10
v -8.3 1.2 10
v -8.2 0.6 10
v -8.2 0.8 10
v -8.2 1.2 10
v -8.2 1.3 10
v -8.1 0.5 10
v -8.1 0.6 10
v -7.9 0.4 10
v -7.9 0.5 10
v -7.3 0.4 10
v -7.3 0.5 10
v -7.1 0.5 10
v -7.1 0.6 10
v -7 0.6 10
v -7 0.7 10
v -6.9 0.7 10
v -6.9 0.8 10
v -6.8 0.8 10
v -6.8 0.9 10
v -6.8 1.2 10
v -6.8 1.3 10
v -6.7 0.9 10
v -6.7 1.2 10
v -6.6 0.9 10
v -6.6 1.2 10
v -6.5 1.2 10
v -6.5 1.3 10
v -5.8 0.8 10
v -5.8 0.9 10
v -5.3 0.7 10
v -5.3 0.8 10
v -4.7 0.6 10
v -4.7 0.7 10
v -4.1 0.5 10
v -4.1 0.6 10
v -4.1 1.2 10
v -4.1 1.3 10
v -3.9 1.1 10
v -3.9 1.2 10
v -3.7 1 10
v -3.7 1.1 10
v -3.5 0.9 10
v -3.5 1 10
v -3.2 0.8 10
v -3.2 0.9 10
v -3.1 0.5 10
v -3.1 0.6 10
v -3 0.6 10
v -3 0.8 10
v -3 0.9 10
v -2.9 0.9 10
v -2.9 1 10
v -2.8 1 10
v -2.8 1.2 10
v -2.7 1.2 10
v -2.7 1.3 10
v -2.3 0.5 10
v -2.3 0.6 10
v -1.5 0.6 10
v -1.5 0.7 10
v -0.900001 0.7 10
v -0.900001 0.8 10
v -0.5 0.8 10
v -0.5 0.9 10
v 0.299999 0.8 10
v 0.299999 0.9 10
v 0.5 0.7 10
v 0.5 0.8 10
v 0.799999 0.6 10
v 0.799999 0.7 10
v 1.4 0.6 10
v 1.4 0.7 10
v 1.7 0.7 10
v 1.7 0.8 10
v 2.1 0.8 10
v 2.1 0.9 10
v 3.1 0.8 10
v 3.1 0.9 10
v 3.2 0.7 10
v 3.2 0.8 10
v 3.4 0.6 10
v 3.4 0.7 10
v 3.5 0.5 10
v 3.5 0.6 10
v 3.6 1.2 10
v 3.6 1.3 10
v 3.7 0.4 10
v 3.7 0.5 10
v 4 0.3 10
v 4 0.4 10
v 4 1.2 10
v 4 1.3 10
v 4.4 0.3 10
v 4.4 0.4 10
v 4.6 0.4 10
v 4.6 0.5 10
v 4.8 0.5 10
v 4.8 0.6 10
v 5 0.6 10
v 5 0.7 10
v 5.1 0.7 10
v 5.1 0.8 10
v 5.2 0.8 10
v 5.2 0.9 10
v 5.4 0.8 10
v 5.4 0.9 10
v 5.5 0.7 10
v 5.5 0.8 10
v 5.6 0.6 10
v 5.6 0.7 10
v 5.8 0.5 10
v 5.8 0.6 10
v 6.1 0.5 10
v 6.1 0.6 10
v 6.2 0.6 10
v 6.2 0.7 10
v 6.3 0.7 10
v 6.3 0.8 10
v 6.4 0.8 10
v 6.4 0.9 10
v 6.8 0.8 10
v 6.8 0.9 10
v 7.1 0.7 10
v 7.1 0.8 10
v 7.5 1.2 10
v 7.5 1.3 10
v 7.6 0.7 10
v 7.6 1.2 10
v 7.7 0.6 10
v 7.7 0.7 10
v 9.3 1.2 10
v 9.3 1.3 10
v 9.4 1.1 10
v 9.4 1.2 10
v 9.5 0.6 10
v 9.5 1.1 10
v 11.7 0.5 10
v 11.7 0.6 10
v 12.2 0.4 10
v 12.2 0.5 10
v 12.6 1.2 10
v 12.6 1.3 10
v 12.7 0.4 10
v 12.7 0.5 10
v 12.7 1 10
v 12.7 1.2 10
v 12.8 0.5 10
v 12.8 1 10
v -12.8 1 9.9
v -12.8 1.2 9.9
v -12.7 0.5 9.9
v -12.7 0.7 9.9
v -12.7 1 9.9
v -12.7 1.2 9.9
v -12.7 1.3 9.9
v -12.6 0.4 9.9
v -12.6 0.5 9.9
v -12.6 1.2 9.9
v -12.6 1.3 9.9
v -12.6 1.4 9.9
v -12.5 0.3 9.9
v -12.5 0.4 9.9
v -12.5 0.7 9.9
v -12.5 0.8 9.9
v -12.4 0.2 9.9
v -12.4 0.3 9.9
v -12.1 0.8 9.9
v -12.1 0.9 9.9
v -11.9 0.8 9.9
v -11.9 0.9 9.9
v -11.8 0.7 9.9
v -11.8 0.8 9.9
v -11.7 1.3 9.9
v -11.6 1.3 9.9
v -11.6 1.4 9.9
v -11.5 0.6 9.9
v -11.5 0.7 9.9
v -11.2 0.5 9.9
v -11.2 0.6 9.9
v -10.4 1.3 9.9
v -10.4 1.4 9.9
v -9.7 0.5 9.9
v -9.7 0.6 9.9
v -9.5 0.6 9.9
v -9.5 0.7 9.9
v -9.4 0.7 9.9
v -9.4 0.8 9.9
v -9.2 0.8 9.9
v -9.2 0.9 9.9
v -9.1 1.3 9.9
v -9.1 1.4 9.9
v -8.6 0.9 9.9
v -8.6 1.3 9.9
v -8.6 1.4 9.9
v -8.5 0.8 9.9
v -8.5 0.9 9.9
v -8.5 1.3 9.9
v -8.5 1.4 9.9
v -8.4 0.7 9.9
v -8.4 0.8 9.9
v -8.4 0.9 9.9
v -8.3 0.8 9.9
v -8.3 1.2 9.9
v -8.3 1.3 9.9
v -8.2 0.6 9.9
v -8.2 0.7 9.9
v -8.2 0.8 9.9
v -8.2 1.2 9.9
v -8.2 1.3 9.9
v -8.2 1.4 9.9
v -8.1 0.5 9.9
v -8.1 0.6 9.9
v -7.9 0.4 9.9
v -7.9 0.5 9.9
v -7.3 0.4 9.9
v -7.3 0.5 9.9
v -7.1 0.5 9.9
v -7.1 0.6 9.9
v -7 0.6 9.9
v -7 0.7 9.9
v -6.9 0.7 9.9
v -6.9 0.8 9.9
v -6.8 0.8 9.9
v -6.8 0.9 9.9
v -6.8 1.2 9.9
v -6.8 1.3 9.9
v -6.7 0.9 9.9
v -6.7 1.2 9.9
v -6.7 1.3 9.9
v -6.7 1.4 9.9
v -6.6 0.9 9.9
v -6.6 1.2 9.9
v -6.5 1.2 9.9
v -6.5 1.3 9.9
v -6.5 1.4 9.9
v -5.8 0.8 9.9
v -5.8 0.9 9.9
v -5.3 0.7 9.9
v -5.3 0.8 9.9
v -4.7 0.6 9.9
v -4.7 0.7 9.9
v -4.3 1.3 9.9
v -4.3 1.4 9.9
v -4.1 0.5 9.9
v -4.1 0.6 9.9
v -4.1 1.3 9.9
v -3.1 0.5 9.9
v -2.7 1.3 9.9
v -2.7 1.4 9.9
v -2.3 0.5 9.9
v -2.3 0.6 9.9
v -1.5 0.6 9.9
v -1.5 0.7 9.9
v -0.900001 0.7 9.9
v -0.900001 0.8 9.9
v -0.5 0.8 9.9
v -0.5 0.9 9.9
v 0.299999 0.8 9.9
v 0.299999 0.9 9.9
v 0.5 0.7 9.9
v 0.5 0.8 9.9
v 0.799999 0.6 9.9
v 0.799999 0.7 9.9
v 1.4 0.6 9.9
v 1.4 0.7 9.9
v 1.7 0.7 9.9
v 1.7 0.8 9.9
v 2.1 0.8 9.9
v 2.1 0.9 9.9
v 3.1 0.8 9.9
v 3.1 0.9 9.9
v 3.2 0.7 9.9
v 3.2 0.8 9.9
v 3.2 1.3 9.9
v 3.2 1.4 9.9
v 3.4 0.6 9.9
v 3.4 0.7 9.9
v 3.5 0.5 9.9
v 3.5 0.6 9.9
v 3.6 1.3 9.9
v 3.7 0.4 9.9
v 3.7 0.5 9.9
v 4 0.3 9.9
v 4 0.4 9.9
v 4 1.3 9.9
v 4 1.4 9.9
v 4.4 0.3 9.9
v 4.4 0.4 9.9
v 4.6 0.4 9.9
v 4.6 0.5 9.9
v 4.8 0.5 9.9
v 4.8 0.6 9.9
v 5 0.6 9.9
v 5 0.7 9.9
v 5.1 0.7 9.9
v 5.1 0.8 9.9
v 5.2 0.8 9.9
v 5.2 0.9 9.9
v 5.4 0.8 9.9
v 5.4 0.9 9.9
v 5.5 0.7 9.9
v 5.5 0.8 9.9
v 5.6 0.6 9.9
v 5.6 0.7 9.9
v 5.8 0.5 9.9
v 5.8 0.6 9.9
v 6.1 0.5 9.9
v 6.1 0.6 9.9
v 6.2 0.6 9.9
v 6.2 0.7 9.9
v 6.3 0.7 9.9
v 6.3 0.8 9.9
v 6.4 0.8 9.9
v 6.4 0.9 9.9
v 6.8 0.8 9.9
v 6.8 0.9 9.9
v 7.1 0.7 9.9
v 7.1 0.8 9.9
v 7.4 1.3 9.9
v 7.4 1.4 9.9
v 7.5 1.3 9.9
v 7.6 0.7 9.9
v 7.7 0.6 9.9
v 7.7 0.7 9.9
v 9.3 1.3 9.9
v 9.3 1.4 9.9
v 9.5 0.6 9.9
v 11.7 0.5 9.9
v 11.7 0.6 9.9
v 12.2 0.4 9.9
v 12.2 0.5 9.9
v 12.4 0.2 9.9
v 12.4 0.3 9.9
v 12.5 0.3 9.9
v 12.5 0.4 9.9
v 12.6 1.2 9.9
v 12.6 1.3 9.9
v 12.6 1.4 9.9
v 12.7 0.4 9.9
v 12.7 0.5 9.9
v 12.7 1 9.9
v 12.7 1.2 9.9
v 12.7 1.3 9.9
v 12.8 0.4 9.9
v 12.8 0.5 9.9
v 12.8 1 9.9
v 12.8 1.2 9.9
v -12.8 1.2 9.8
v -12.8 1.3 9.8
v -12.7 0.4 9.8
v -12.7 0.5 9.8
v -12.7 1.2 9.8
v -12.7 1.3 9.8
v -12.7 1.4 9.8
v -12.6 0.3 9.8
v -12.6 0.4 9.8
v -12.6 0.5 9.8
v -12.6 1.3 9.8
v -12.6 1.4 9.8
v -12.5 0.2 9.8
v -12.5 0.3 9.8
v -12.5 0.4 9.8
v -12.5 1.4 9.8
v -12.5 1.5 9.8
v -12.4 0.1 9.8
v -12.4 0.2 9.8
v -12.4 0.3 9.8
v -11.6 1.4 9.8
v -11.6 1.5 9.8
v -10.4 1.4 9.8
v -10 1.4 9.8
v -10 1.5 9.8
v -9.5 1.4 9.8
v -9.5 1.5 9.8
v -9.1 1.4 9.8
v -8.6 1.4 9.8
v -8.6 1.5 9.8
v -8.5 1 9.8
v -8.5 1.4 9.8
v -8.4 0.8 9.8
v -8.4 1 9.8
v -8.4 1.3 9.8
v -8.4 1.5 9.8
v -8.3 0.8 9.8
v -8.3 1.3 9.8
v -8.3 1.4 9.8
v -8.2 1.3 9.8
v -8.2 1.4 9.8
v -8.1 1.4 9.8
v -8.1 1.5 9.8
v -6.7 1.3 9.8
v -6.7 1.4 9.8
v -6.7 1.5 9.8
v -6.5 1.3 9.8
v -6.5 1.4 9.8
v -6.3 1.4 9.8
v -6.3 1.5 9.8
v -5.7 1.4 9.8
v -5.7 1.5 9.8
v -5.6 1.4 9.8
v -5.6 1.5 9.8
v -4.4 1.4 9.8
v -4.4 1.5 9.8
v -4.3 1.4 9.8
v -2.7 1.4 9.8
v -2.7 1.5 9.8
v 3.2 1.4 9.8
v 3.2 1.5 9.8
v 3.7 1.4 9.8
v 3.7 1.5 9.8
v 4 1.4 9.8
v 7.3 1.4 9.8
v 7.3 1.5 9.8
v 7.4 1.4 9.8
v 9.2 1.4 9.8
v 9.2 1.5 9.8
v 9.3 1.4 9.8
v 12.4 0.1 9.8
v 12.4 0.2 9.8
v 12.4 0.3 9.8
v 12.5 0.2 9.8
v 12.5 0.3 9.8
v 12.5 0.4 9.8
v 12.5 1.4 9.8
v 12.5 1.5 9.8
v 12.6 0.3 9.8
v 12.6 0.4 9.8
v 12.6 1.3 9.8
v 12.6 1.4 9.8
v 12.7 1.2 9.8
v 12.7 1.3 9.8
v 12.7 1.4 9.8
v 12.8 1.2 9.8
v 12.8 1.3 9.8
v -12.7 0.3 9.7
v -12.7 0.4 9.7
v -12.6 0.2 9.7
v -12.6 0.3 9.7
v -12.6 0.4 9.7
v -12.6 1.4 9.7
v -12.6 1.5 9.7
v -12.5 0.1 9.7
v -12.5 0.2 9.7
v -12.5 0.3 9.7
v -12.5 1.4 9.7
v -12.5 1.5 9.7
v -12.4 0 9.7
v -12.4 0.1 9.7
v -12.4 0.2 9.7
v -8.4 1.3 9.7
v -8.4 1.4 9.7
v -8.3 1.3 9.7
v -8.3 1.4 9.7
v -8.2 1.4 9.7
v -8.2 1.5 9.7
v -8.1 1.4 9.7
v -8.1 1.5 9.7
v -6.7 1.4 9.7
v -6.7 1.5 9.7
v -6.4 1.4 9.7
v -6.4 1.5 9.7
v 12.4 0 9.7
v 12.4 0.1 9.7
v 12.4 0.2 9.7
v 12.5 0.1 9.7
v 12.5 0.2 9.7
v 12.5 0.3 9.7
v 12.5 1.4 9.7
v 12.5 1.5 9.7
v 12.6 0.2 9.7
v 12.6 0.3 9.7
v 12.6 0.4 9.7
v 12.6 1.4 9.7
v 12.6 1.5 9.7
v 12.7 0.3 9.7
v 12.7 0.4 9.7
v -12.7 0.2 9.6
v -12.7 0.3 9.6
v -12.6 0.1 9.6
v -12.6 0.2 9.6
v -12.6 0.3 9.6
v -12.5 0 9.6
v -12.5 0.1 9.6
v -12.5 0.2 9.6
v -12.4 0 9.6
v -12.4 0.1 9.6
v -8.4 1.4 9.6
v -8.4 1.5 9.6
v -8.3 1.4 9.6
v -8.3 1.5 9.6
v -6.4 1.4 9.6
v -6.4 1.5 9.6
v -6.3 1.4 9.6
v -6.3 1.5 9.6
v 12.4 0 9.6
v 12.4 0.1 9.6
v 12.5 0 9.6
v 12.5 0.1 9.6
v 12.5 0.2 9.6
v 12.6 0.1 9.6
v 12.6 0.2 9.6
v 12.6 0.3 9.6
v 12.7 0.2 9.6
v 12.7 0.3 9.6
v -12.8 0.8 9.3
v -12.8 0.9 9.3
v -12.7 0.8 9.3
v -12.7 0.9 9.3
v -8.3 1.4 9.3
v -8.3 1.5 9.3
v -8.2 1.4 9.3
v -8.2 1.5 9.3
v -12.8 0.7 9.1
v -12.8 0.8 9.1
v -12.7 0.7 9.1
v -12.7 0.8 9.1
v -12.8 0.6 8.9
v -12.8 0.7 8.9
v -12.7 0.6 8.9
v -12.7 0.7 8.9
v 10 1.2 7.5
v 10 1.4 7.5
v 10 1.5 7.5
v 10.2 1.2 7.5
v 10.2 1.4 7.5
v 10.2 1.5 7.5
v 10.2 1.2 7.4
v 10.2 1.4 7.4
v 10.2 1.5 7.4
v 10.5 1.2 7.4
v 10.5 1.4 7.4
v 10.5 1.5 7.4
v 10.5 1.2 7.3
v 10.5 1.4 7.3
v 10.5 1.5 7.3
v 10.7 1.2 7.3
v 10.7 1.4 7.3
v 10.7 1.5 7.3
v 10.7 1.2 7.2
v 10.7 1.4 7.2
v 10.7 1.5 7.2
v 11 1.2 7.2
v 11 1.4 7.2
v 11 1.5 7.2
v 11 1.2 7.1
v 11 1.4 7.1
v 11 1.5 7.1
v 11.2 1.2 7.1
v 11.2 1.4 7.1
v 11.2 1.5 7.1
v 11.2 1.2 7
v 11.2 1.4 7
v 11.2 1.5 7
v 11.4 1.2 7
v 11.4 1.4 7
v 11.4 1.5 7
v 11.4 1.2 6.9
v 11.4 1.4 6.9
v 11.4 1.5 6.9
v 11.7 1.2 6.9
v 11.7 1.4 6.9
v 11.7 1.5 6.9
v 11.7 1.2 6.8
v 11.7 1.4 6.8
v 11.7 1.5 6.8
v 11.9 1.2 6.8
v 11.9 1.4 6.8
v 11.9 1.5 6.8
v 11.9 1.2 6.7
v 11.9 1.4 6.7
v 11.9 1.5 6.7
v 12.1 1.2 6.7
v 12.1 1.4 6.7
v 12.1 1.5 6.7
v 12.1 1.2 6.6
v 12.1 1.4 6.6
v 12.1 1.5 6.6
v 12.3 1.2 6.6
v 12.3 1.4 6.6
v 12.3 1.5 6.6
v 5.9 1.4 6.5
v 5.9 1.5 6.5
v 6.1 1.4 6.5
v 6.1 1.5 6.5
v 12.3 1.2 6.5
v 12.3 1.4 6.5
v 12.3 1.5 6.5
v 12.6 1.3 6.5
v 12.6 1.4 6.5
v 12.6 1.5 6.5
v 12.7 1.2 6.5
v 12.7 1.3 6.5
v 12.7 1.4 6.5
v 5.6 1.4 6.4
v 5.6 1.5 6.4
v 5.9 1.4 6.4
v 5.9 1.5 6.4
v 6.1 1.4 6.4
v 6.1 1.5 6.4
v 6.4 1.4 6.4
v 6.4 1.5 6.4
v 5.2 1.4 6.3
v 5.2 1.5 6.3
v 5.6 1.4 6.3
v 5.6 1.5 6.3
v 6.4 1.4 6.3
v 6.4 1.5 6.3
v 6.6 1.4 6.3
v 6.6 1.5 6.3
v 4.8 1.4 6.2
v 4.8 1.5 6.2
v 5.2 1.4 6.2
v 5.2 1.5 6.2
v 6.6 1.4 6.2
v 6.6 1.5 6.2
v 6.8 1.4 6.2
v 6.8 1.5 6.2
v 4.5 1.4 6.1
v 4.5 1.5 6.1
v 4.8 1.4 6.1
v 4.8 1.5 6.1
v 6.8 1.4 6.1
v 6.8 1.5 6.1
v 6.9 1.4 6.1
v 6.9 1.5 6.1
v 4.1 1.4 6
v 4.1 1.5 6
v 4.5 1.4 6
v 4.5 1.5 6
v 6.9 1.4 6
v 6.9 1.5 6
v 7 1.4 6
v 7 1.5 6
v 12.7 0.8 6
v 12.7 0.9 6
v 12.8 0.8 6
v 12.8 0.9 6
v -4.3 1.4 5.9
v -4.3 1.5 5.9
v -4.2 1.4 5.9
v -4.2 1.5 5.9
v 3.1 1.4 5.9
v 3.1 1.5 5.9
v 4.1 1.4 5.9
v 4.1 1.5 5.9
v 7 1.4 5.9
v 7 1.5 5.9
v 7.2 1.4 5.9
v 7.2 1.5 5.9
v 2.9 1.3 5.8
v 2.9 1.4 5.8
v 2.9 1.5 5.8
v 3 1.3 5.8
v 3 1.4 5.8
v 3 1.5 5.8
v 7.2 1.4 5.8
v 7.2 1.5 5.8
v 7.4 1.4 5.8
v 7.4 1.5 5.8
v 7.4 1.4 5.7
v 7.4 1.5 5.7
v 7.7 1.4 5.7
v 7.7 1.5 5.7
v 2.8 1.3 5.6
v 2.8 1.4 5.6
v 2.8 1.5 5.6
v 2.9 1.3 5.6
v 2.9 1.4 5.6
v 2.9 1.5 5.6
v 7.7 1.4 5.6
v 7.7 1.5 5.6
v 8 1.4 5.6
v 8 1.5 5.6
v 12.7 0.7 5.6
v 12.7 0.8 5.6
v 12.8 0.7 5.6
v 12.8 0.8 5.6
v -1.6 1.3 5.5
v -1.6 1.4 5.5
v -1.6 1.5 5.5
v -1.5 1.3 5.5
v -1.5 1.4 5.5
v -1.5 1.5 5.5
v 8 1.4 5.5
v 8 1.5 5.5
v 8.4 1.4 5.5
v 8.4 1.5 5.5
v 8.4 1.4 5.4
v 8.4 1.5 5.4
v 8.7 1.4 5.4
v 8.7 1.5 5.4
v -4.4 1.4 5.3
v -4.4 1.5 5.3
v -4.3 1.4 5.3
v -4.3 1.5 5.3
v -1.5 1.3 5.3
v -1.5 1.4 5.3
v -1.5 1.5 5.3
v -1.4 1.3 5.3
v -1.4 1.4 5.3
v -1.4 1.5 5.3
v 2.7 1.3 5.3
v 2.7 1.4 5.3
v 2.7 1.5 5.3
v 2.8 1.3 5.3
v 2.8 1.4 5.3
v 2.8 1.5 5.3
v 8.7 1.4 5.3
v 8.7 1.5 5.3
v 8.8 1.4 5.3
v 8.8 1.5 5.3
v 12.7 0.6 5.2
v 12.7 0.7 5.2
v 12.8 0.6 5.2
v 12.8 0.7 5.2
v 2.6 1.3 5.1
v 2.6 1.4 5.1
v 2.6 1.5 5.1
v 2.7 1.3 5.1
v 2.7 1.4 5.1
v 2.7 1.5 5.1
v -4.5 1.4 5
v -4.5 1.5 5
v -4.4 1.4 5
v -4.4 1.5 5
v 2.5 1.3 4.9
v 2.5 1.4 4.9
v 2.5 1.5 4.9
v 2.6 1.3 4.9
v 2.6 1.4 4.9
v 2.6 1.5 4.9
v -4.6 1.4 4.8
v -4.6 1.5 4.8
v -4.5 1.4 4.8
v -4.5 1.5 4.8
v -1.2 1.3 4.8
v -1.2 1.4 4.8
v -1.2 1.5 4.8
v -1.1 1.3 4.8
v -1.1 1.4 4.8
v -1.1 1.5 4.8
v 2.4 1.3 4.7
v 2.4 1.4 4.7
v 2.4 1.5 4.7
v 2.5 1.3 4.7
v 2.5 1.4 4.7
v 2.5 1.5 4.7
v -1.3 1.3 4.6
v -1.3 1.4 4.6
v -1.3 1.5 4.6
v -1.2 1.3 4.6
v -1.2 1.4 4.6
v -1.2 1.5 4.6
v -12.8 0.8 4.5
v -12.8 0.9 4.5
v -12.7 0.8 4.5
v -12.7 0.9 4.5
v -4.7 1.4 4.5
v -4.7 1.5 4.5
v -4.6 1.4 4.5
v -4.6 1.5 4.5
v -4.8 1.4 4.4
v -4.8 1.5 4.4
v -4.7 1.4 4.4
v -4.7 1.5 4.4
v 2.2 1.3 4.4
v 2.2 1.4 4.4
v 2.2 1.5 4.4
v 2.3 1.3 4.4
v 2.3 1.4 4.4
v 2.3 1.5 4.4
v -12.8 0.6 4.3
v -12.8 0.8 4.3
v -12.7 0.6 4.3
v -12.7 0.8 4.3
v -4.9 1.4 4.3
v -4.9 1.5 4.3
v -4.8 1.4 4.3
v -4.8 1.5 4.3
v -1.4 1.3 4.3
v -1.4 1.4 4.3
v -1.4 1.5 4.3
v -1.3 1.3 4.3
v -1.3 1.4 4.3
v -1.3 1.5 4.3
v 2.3 1.3 4.3
v 2.3 1.4 4.3
v 2.3 1.5 4.3
v 2.4 1.3 4.3
v 2.4 1.4 4.3
v 2.4 1.5 4.3
v -12.8 0.5 4.1
v -12.8 0.6 4.1
v -12.7 0.5 4.1
v -12.7 0.6 4.1
v -5 1.4 4.1
v -5 1.5 4.1
v -4.9 1.4 4.1
v -4.9 1.5 4.1
v -2 1.3 4.1
v -2 1.4 4.1
v -2 1.5 4.1
v -1.9 1.3 4.1
v -1.9 1.4 4.1
v -1.9 1.5 4.1
v 1.4 1.3 4.1
v 1.4 1.4 4.1
v 1.4 1.5 4.1
v 1.5 1.3 4.1
v 1.5 1.4 4.1
v 1.5 1.5 4.1
v -12.8 0.4 4
v -12.8 0.5 4
v -12.7 0.4 4
v -12.7 0.5 4
v -5.1 1.4 4
v -5.1 1.5 4
v -5 1.4 4
v -5 1.5 4
v -1.9 1.3 4
v -1.9 1.4 4
v -1.9 1.5 4
v -1.7 1.3 4
v -1.7 1.4 4
v -1.7 1.5 4
v 1.5 1.3 4
v 1.5 1.4 4
v 1.5 1.5 4
v 1.6 1.3 4
v 1.6 1.4 4
v 1.6 1.5 4
v -12.8 0.3 3.9
v -12.8 0.4 3.9
v -12.7 0.3 3.9
v -12.7 0.4 3.9
v -8.8 1.4 3.9
v -8.8 1.5 3.9
v -8.7 1.4 3.9
v -8.7 1.5 3.9
v -1.7 1.3 3.9
v -1.7 1.4 3.9
v -1.7 1.5 3.9
v -1.5 1.3 3.9
v -1.5 1.4 3.9
v -1.5 1.5 3.9
v 10.1 1.4 3.9
v 10.1 1.5 3.9
v 10.2 1.4 3.9
v 10.2 1.5 3.9
v -5.2 1.4 3.8
v -5.2 1.5 3.8
v -5.1 1.4 3.8
v -5.1 1.5 3.8
v -1.5 1.3 3.8
v -1.5 1.4 3.8
v -1.5 1.5 3.8
v -1.4 1.3 3.8
v -1.4 1.4 3.8
v -1.4 1.5 3.8
v 1.6 1.3 3.8
v 1.6 1.4 3.8
v 1.6 1.5 3.8
v 1.7 1.3 3.8
v 1.7 1.4 3.8
v 1.7 1.5 3.8
v 10 1.4 3.8
v 10 1.5 3.8
v 10.1 1.4 3.8
v 10.1 1.5 3.8
v -5.4 1.4 3.7
v -5.4 1.5 3.7
v -5.2 1.4 3.7
v -5.2 1.5 3.7
v 9.9 1.4 3.7
v 9.9 1.5 3.7
v 10 1.4 3.7
v 10 1.5 3.7
v -5.5 1.4 3.6
v -5.5 1.5 3.6
v -5.4 1.4 3.6
v -5.4 1.5 3.6
v 1.7 1.3 3.6
v 1.7 1.4 3.6
v 1.7 1.5 3.6
v 1.8 1.3 3.6
v 1.8 1.4 3.6
v 1.8 1.5 3.6
v 9.7 1.4 3.6
v 9.7 1.5 3.6
v 9.9 1.4 3.6
v 9.9 1.5 3.6
v -8.7 1.4 3.5
v -8.7 1.5 3.5
v -8.6 1.4 3.5
v -8.6 1.5 3.5
v -5.6 1.4 3.5
v -5.6 1.5 3.5
v -5.5 1.4 3.5
v -5.5 1.5 3.5
v 9.6 1.4 3.5
v 9.6 1.5 3.5
v 9.7 1.4 3.5
v 9.7 1.5 3.5
v -5.7 1.4 3.4
v -5.7 1.5 3.4
v -5.6 1.4 3.4
v -5.6 1.5 3.4
v 9.4 1.4 3.4
v 9.4 1.5 3.4
v 9.6 1.4 3.4
v 9.6 1.5 3.4
v -5.8 1.4 3.3
v -5.8 1.5 3.3
v -5.7 1.4 3.3
v -5.7 1.5 3.3
v 9.2 1.4 3.3
v 9.2 1.5 3.3
v 9.4 1.4 3.3
v 9.4 1.5 3.3
v -8.6 1.4 3.2
v -8.6 1.5 3.2
v -8.5 1.4 3.2
v -8.5 1.5 3.2
v -5.9 1.4 3.2
v -5.9 1.5 3.2
v -5.8 1.4 3.2
v -5.8 1.5 3.2
v 9 1.4 3.2
v 9 1.5 3.2
v 9.2 1.4 3.2
v 9.2 1.5 3.2
v -6 1.4 3.1
v -6 1.5 3.1
v -5.9 1.4 3.1
v -5.9 1.5 3.1
v 8.8 1.4 3.1
v 8.8 1.5 3.1
v 9 1.4 3.1
v 9 1.5 3.1
v -6.2 1.4 3
v -6.2 1.5 3
v -6 1.4 3
v -6 1.5 3
v 8.7 1.4 3
v 8.7 1.5 3
v 8.8 1.4 3
v 8.8 1.5 3
v -8.5 1.4 2.9
v -8.5 1.5 2.9
v -8.4 1.4 2.9
v -8.4 1.5 2.9
v -6.3 1.4 2.9
v -6.3 1.5 2.9
v -6.2 1.4 2.9
v -6.2 1.5 2.9
v 8.5 1.4 2.9
v 8.5 1.5 2.9
v 8.7 1.4 2.9
v 8.7 1.5 2.9
v -6.4 1.4 2.8
v -6.4 1.5 2.8
v -6.3 1.4 2.8
v -6.3 1.5 2.8
v 8.2 1.4 2.8
v 8.2 1.5 2.8
v 8.5 1.4 2.8
v 8.5 1.5 2.8
v -8.4 1.4 2.7
v -8.4 1.5 2.7
v -8.3 1.4 2.7
v -8.3 1.5 2.7
v -6.5 1.4 2.7
v -6.5 1.5 2.7
v -6.4 1.4 2.7
v -6.4 1.5 2.7
v 4 1.4 2.7
v 4 1.5 2.7
v 4.2 1.4 2.7
v 4.2 1.5 2.7
v 8 1.4 2.7
v 8 1.5 2.7
v 8.2 1.4 2.7
v 8.2 1.5 2.7
v -6.6 1.4 2.6
v -6.6 1.5 2.6
v -6.5 1.4 2.6
v -6.5 1.5 2.6
v 4.2 1.4 2.6
v 4.2 1.5 2.6
v 4.9 1.4 2.6
v 4.9 1.5 2.6
v 7.7 1.4 2.6
v 7.7 1.5 2.6
v 8 1.4 2.6
v 8 1.5 2.6
v -8.3 1.4 2.5
v -8.3 1.5 2.5
v -8.2 1.4 2.5
v -8.2 1.5 2.5
v -6.7 1.4 2.5
v -6.7 1.5 2.5
v -6.6 1.4 2.5
v -6.6 1.5 2.5
v 4.9 1.4 2.5
v 4.9 1.5 2.5
v 5.4 1.4 2.5
v 5.4 1.5 2.5
v 7.3 1.4 2.5
v 7.3 1.5 2.5
v 7.7 1.4 2.5
v 7.7 1.5 2.5
v -6.8 1.4 2.4
v -6.8 1.5 2.4
v -6.7 1.4 2.4
v -6.7 1.5 2.4
v 5.4 1.4 2.4
v 5.4 1.5 2.4
v 6.3 1.4 2.4
v 6.3 1.5 2.4
v 6.5 1.4 2.4
v 6.5 1.5 2.4
v 6.6 1.4 2.4
v 6.6 1.5 2.4
v 6.8 1.4 2.4
v 6.8 1.5 2.4
v 7.3 1.4 2.4
v 7.3 1.5 2.4
v -8.2 1.4 2.3
v -8.2 1.5 2.3
v -8.1 1.4 2.3
v -8.1 1.5 2.3
v -7 1.4 2.3
v -7 1.5 2.3
v -6.8 1.4 2.3
v -6.8 1.5 2.3
v 6.3 1.4 2.3
v 6.3 1.5 2.3
v 6.5 1.4 2.3
v 6.5 1.5 2.3
v 6.6 1.4 2.3
v 6.6 1.5 2.3
v 6.8 1.4 2.3
v 6.8 1.5 2.3
v -7.2 1.4 2.2
v -7.2 1.5 2.2
v -7 1.4 2.2
v -7 1.5 2.2
v -8.1 1.4 2.1
v -8.1 1.5 2.1
v -8 1.4 2.1
v -8 1.5 2.1
v -7.4 1.4 2.1
v -7.4 1.5 2.1
v -7.2 1.4 2.1
v -7.2 1.5 2.1
v -7.6 1.4 2
v -7.6 1.5 2
v -7.4 1.4 2
v -7.4 1.5 2
v -8 1.4 1.9
v -8 1.5 1.9
v -7.6 1.4 1.9
v -7.6 1.5 1.9
v -12.8 1 0.6
v -12.8 1.1 0.6
v -12.7 1 0.6
v -12.7 1.1 0.6
v -12.7 1.2 0.6
v -12.6 1.1 0.6
v -12.6 1.2 0.6
v -0.1 1.3 0.5
v -0.1 1.4 0.5
v -0.1 1.5 0.5
v 0.4 1.3 0.5
v 0.4 1.4 0.5
v 0.4 1.5 0.5
v -1.3 1.3 0.400001
v -1.3 1.4 0.400001
v -1.3 1.5 0.400001
v -0.1 1.3 0.400001
v -0.1 1.4 0.400001
v -0.1 1.5 0.400001
v 0.4 1.3 0.400001
v 0.4 1.4 0.400001
v 0.4 1.5 0.400001
v 3.4 1.3 0.400001
v 3.4 1.4 0.400001
v 3.4 1.5 0.400001
v -1.4 1.3 0.3
v -1.4 1.4 0.3
v -1.4 1.5 0.3
v -1.3 1.3 0.3
v -1.3 1.4 0.3
v -1.3 1.5 0.3
v 3.4 1.3 0.3
v 3.4 1.4 0.3
v 3.4 1.5 0.3
v 4.2 1.3 0.3
v 4.2 1.4 0.3
v 4.2 1.5 0.3
v -12.8 1.1 0.2
v -12.8 1.2 0.2
v -12.7 1.1 0.2
v -12.7 1.2 0.2
v -12.7 1.3 0.2
v -12.5 1.2 0.2
v -12.5 1.3 0.2
v -1.6 1.3 0.2
v -1.6 1.4 0.2
v -1.6 1.5 0.2
v -1.4 1.3 0.2
v -1.4 1.4 0.2
v -1.4 1.5 0.2
v -1.7 1.3 0
v -1.7 1.4 0
v -1.7 1.5 0
v -1.6 1.3 0
v -1.6 1.4 0
v -1.6 1.5 0
v -12.8 1.2 -0.2
v -12.8 1.3 -0.2
v -12.7 1.2 -0.2
v -12.7 1.3 -0.2
v -12.7 1.3 -0.4
v -12.7 1.4 -0.4
v -12.6 1.3 -0.4
v -12.6 1.4 -0.4
v -12.6 1.5 -0.4
v -12.4 1.3 -0.4
v -12.4 1.4 -0.4
v -12.4 1.5 -0.4
v -12.4 1.3 -0.5
v -12.4 1.4 -0.5
v -12.4 1.5 -0.5
v -12.1 1.3 -0.5
v -12.1 1.4 -0.5
v -12.1 1.5 -0.5
v -12.1 1.3 -0.599999
v -12.1 1.4 -0.599999
v -12.1 1.5 -0.599999
v -12 1.3 -0.599999
v -12 1.4 -0.599999
v -12 1.5 -0.599999
v 12.7 0.5 -0.599999
v 12.7 0.6 -0.599999
v 12.8 0.5 -0.599999
v 12.8 0.6 -0.599999
v -12 1.3 -0.7
v -12 1.4 -0.7
v -12 1.5 -0.7
v -11.9 1.3 -0.7
v -11.9 1.4 -0.7
v -11.9 1.5 -0.7
v -3 1.3 -0.7
v -3 1.4 -0.7
v -3 1.5 -0.7
v -2.8 1.3 -0.7
v -2.8 1.4 -0.7
v -2.8 1.5 -0.7
v -11.9 1.3 -0.8
v -11.9 1.4 -0.8
v -11.9 1.5 -0.8
v -11.8 1.3 -0.8
v -11.8 1.4 -0.8
v -11.8 1.5 -0.8
v -3.2 1.3 -0.8
v -3.2 1.4 -0.8
v -3.2 1.5 -0.8
v -3 1.3 -0.8
v -3 1.4 -0.8
v -3 1.5 -0.8
v -2.8 1.3 -0.8
v -2.8 1.4 -0.8
v -2.8 1.5 -0.8
v -2.2 1.3 -0.8
v -2.2 1.4 -0.8
v -2.2 1.5 -0.8
v -11.8 1.3 -0.9
v -11.8 1.4 -0.9
v -11.8 1.5 -0.9
v -11.6 1.3 -0.9
v -11.6 1.4 -0.9
v -11.6 1.5 -0.9
v -2.2 1.3 -0.9
v -2.2 1.4 -0.9
v -2.2 1.5 -0.9
v -1.7 1.3 -0.9
v -1.7 1.4 -0.9
v -1.7 1.5 -0.9
v -11.6 1.3 -1
v -11.6 1.4 -1
v -11.6 1.5 -1
v -11.5 1.3 -1
v -11.5 1.4 -1
v -11.5 1.5 -1
v -1.7 1.3 -1
v -1.7 1.4 -1
v -1.7 1.5 -1
v -1.4 1.3 -1
v -1.4 1.4 -1
v -1.4 1.5 -1
v -11.5 1.3 -1.1
v -11.5 1.4 -1.1
v -11.5 1.5 -1.1
v -11.3 1.3 -1.1
v -11.3 1.4 -1.1
v -11.3 1.5 -1.1
v -11.3 1.3 -1.2
v -11.3 1.4 -1.2
v -11.3 1.5 -1.2
v -11 1.3 -1.2
v -11 1.4 -1.2
v -11 1.5 -1.2
v -5.7 1.3 -1.2
v -5.7 1.4 -1.2
v -5.7 1.5 -1.2
v -5 1.3 -1.2
v -5 1.4 -1.2
v -5 1.5 -1.2
v -6.9 1.4 -1.3
v -6.9 1.5 -1.3
v -6.8 1.4 -1.3
v -6.8 1.5 -1.3
v -6.2 1.3 -1.3
v -6.2 1.4 -1.3
v -6.2 1.5 -1.3
v -5.7 1.3 -1.3
v -5.7 1.4 -1.3
v -5.7 1.5 -1.3
v -6.8 1.4 -1.4
v -6.8 1.5 -1.4
v -6.7 1.4 -1.4
v -6.7 1.5 -1.4
v -6.4 1.4 -1.4
v -6.4 1.5 -1.4
v -6.2 1.4 -1.4
v -6.2 1.5 -1.4
v -6.7 1.4 -1.5
v -6.7 1.5 -1.5
v -6.5 1.4 -1.5
v -6.5 1.5 -1.5
v -6.4 1.4 -1.5
v -6.4 1.5 -1.5
v -2.8 1.3 -1.7
v -2.8 1.4 -1.7
v -2.8 1.5 -1.7
v -1.6 1.3 -1.7
v -1.6 1.4 -1.7
v -1.6 1.5 -1.7
v -3.6 1.3 -1.8
v -3.6 1.4 -1.8
v -3.6 1.5 -1.8
v -2.8 1.3 -1.8
v -2.8 1.4 -1.8
v -2.8 1.5 -1.8
v -1.6 1.3 -1.8
v -1.6 1.4 -1.8
v -1.6 1.5 -1.8
v -1.2 1.3 -1.8
v -1.2 1.4 -1.8
v -1.2 1.5 -1.8
v -1.2 1.3 -1.9
v -1.2 1.4 -1.9
v -1.2 1.5 -1.9
v -1 1.3 -1.9
v -1 1.4 -1.9
v -1 1.5 -1.9
v -5.5 1.3 -2.1
v -5.5 1.4 -2.1
v -5.5 1.5 -2.1
v -4.1 1.3 -2.1
v -4.1 1.4 -2.1
v -4.1 1.5 -2.1
v -2.7 1.3 -2.1
v -2.7 1.4 -2.1
v -2.7 1.5 -2.1
v -1.9 1.3 -2.1
v -1.9 1.4 -2.1
v -1.9 1.5 -2.1
v -4.1 1.3 -2.2
v -4.1 1.4 -2.2
v -4.1 1.5 -2.2
v -2.7 1.3 -2.2
v -2.7 1.4 -2.2
v -2.7 1.5 -2.2
v -1.5 1.3 -2.4
v -1.5 1.4 -2.4
v -1.5 1.5 -2.4
v -1.3 1.3 -2.4
v -1.3 1.4 -2.4
v -1.3 1.5 -2.4
v -1.3 1.3 -2.5
v -1.3 1.4 -2.5
v -1.3 1.5 -2.5
v -0.700001 1.3 -2.5
v -0.700001 1.4 -2.5
v -0.700001 1.5 -2.5
v -12.8 0.8 -2.6
v -12.8 0.9 -2.6
v -12.7 0.8 -2.6
v -12.7 0.9 -2.6
v -0.700001 1.3 -2.6
v -0.700001 1.4 -2.6
v -0.700001 1.5 -2.6
v -0.200001 1.3 -2.6
v -0.200001 1.4 -2.6
v -0.200001 1.5 -2.6
v -0.200001 1.3 -2.7
v -0.200001 1.4 -2.7
v -0.200001 1.5 -2.7
v 0 1.3 -2.7
v 0 1.4 -2.7
v 0 1.5 -2.7
v -12.8 0.7 -3.1
v -12.8 0.8 -3.1
v -12.7 0.7 -3.1
v -12.7 0.8 -3.1
v -12.8 0.7 -3.3
v -12.8 0.8 -3.3
v -12.7 0.7 -3.3
v -12.7 0.8 -3.3
v -4.4 1.3 -3.3
v -4.4 1.4 -3.3
v -4.4 1.5 -3.3
v -3.9 1.3 -3.3
v -3.9 1.4 -3.3
v -3.9 1.5 -3.3
v -3 1.3 -3.3
v -3 1.4 -3.3
v -3 1.5 -3.3
v -1.8 1.3 -3.3
v -1.8 1.4 -3.3
v -1.8 1.5 -3.3
v -1.5 1.3 -3.3
v -1.5 1.4 -3.3
v -1.5 1.5 -3.3
v -1.1 1.3 -3.3
v -1.1 1.4 -3.3
v -1.1 1.5 -3.3
v -1.8 1.3 -3.4
v -1.8 1.4 -3.4
v -1.8 1.5 -3.4
v -1.5 1.3 -3.4
v -1.5 1.4 -3.4
v -1.5 1.5 -3.4
v -1.1 1.3 -3.4
v -1.1 1.4 -3.4
v -1.1 1.5 -3.4
v -0.400001 1.3 -3.4
v -0.400001 1.4 -3.4
v -0.400001 1.5 -3.4
v -12.8 0.6 -3.5
v -12.8 0.7 -3.5
v -12.7 0.6 -3.5
v -12.7 0.7 -3.5
v -1.1 1.3 -3.6
v -1.1 1.4 -3.6
v -1.1 1.5 -3.6
v -0.5 1.3 -3.6
v -0.5 1.4 -3.6
v -0.5 1.5 -3.6
v -3.3 1.3 -3.7
v -3.3 1.4 -3.7
v -3.3 1.5 -3.7
v -2.9 1.3 -3.7
v -2.9 1.4 -3.7
v -2.9 1.5 -3.7
v -2.4 1.3 -3.7
v -2.4 1.4 -3.7
v -2.4 1.5 -3.7
v -2.1 1.3 -3.7
v -2.1 1.4 -3.7
v -2.1 1.5 -3.7
v -2.9 1.3 -3.8
v -2.9 1.4 -3.8
v -2.9 1.5 -3.8
v -2.4 1.3 -3.8
v -2.4 1.4 -3.8
v -2.4 1.5 -3.8
v -1.1 1.3 -3.9
v -1.1 1.4 -3.9
v -1.1 1.5 -3.9
v -0.200001 1.3 -3.9
v -0.200001 1.4 -3.9
v -0.200001 1.5 -3.9
v -3.4 1.3 -4
v -3.4 1.4 -4
v -3.4 1.5 -4
v -3.2 1.3 -4
v -3.2 1.4 -4
v -3.2 1.5 -4
v -12.8 0.5 -4.1
v -12.8 0.6 -4.1
v -12.7 0.5 -4.1
v -12.7 0.6 -4.1
v -3.2 1.3 -4.1
v -3.2 1.4 -4.1
v -3.2 1.5 -4.1
v -3 1.3 -4.1
v -3 1.4 -4.1
v -3 1.5 -4.1
v -1.1 1.3 -4.1
v -1.1 1.4 -4.1
v -1.1 1.5 -4.1
v -0.8 1.3 -4.1
v -0.8 1.4 -4.1
v -0.8 1.5 -4.1
v -5.7 1.3 -4.3
v -5.7 1.4 -4.3
v -5.7 1.5 -4.3
v -3.8 1.3 -4.3
v -3.8 1.4 -4.3
v -3.8 1.5 -4.3
v -0.8 1.3 -4.3
v -0.8 1.4 -4.3
v -0.8 1.5 -4.3
v -0.1 1.3 -4.3
v -0.1 1.4 -4.3
v -0.1 1.5 -4.3
v -5.9 1.3 -4.4
v -5.9 1.4 -4.4
v -5.9 1.5 -4.4
v -5.7 1.3 -4.4
v -5.7 1.4 -4.4
v -5.7 1.5 -4.4
v -0.1 1.3 -4.4
v -0.1 1.4 -4.4
v -0.1 1.5 -4.4
v 0.0999994 1.3 -4.4
v 0.0999994 1.4 -4.4
v 0.0999994 1.5 -4.4
v 0.0999994 1.3 -4.5
v 0.0999994 1.4 -4.5
v 0.0999994 1.5 -4.5
v 0.5 1.3 -4.5
v 0.5 1.4 -4.5
v 0.5 1.5 -4.5
v -0.400001 1.3 -4.7
v -0.400001 1.4 -4.7
v -0.400001 1.5 -4.7
v -0.1 1.3 -4.7
v -0.1 1.4 -4.7
v -0.1 1.5 -4.7
v -2.2 1.3 -4.8
v -2.2 1.4 -4.8
v -2.2 1.5 -4.8
v -1.5 1.3 -4.8
v -1.5 1.4 -4.8
v -1.5 1.5 -4.8
v -0.1 1.3 -4.8
v -0.1 1.4 -4.8
v -0.1 1.5 -4.8
v 0.0999994 1.3 -4.8
v 0.0999994 1.4 -4.8
v 0.0999994 1.5 -4.8
v -12.8 0.4 -4.9
v -12.8 0.5 -4.9
v -12.7 0.4 -4.9
v -12.7 0.5 -4.9
v 0.0999994 1.3 -4.9
v 0.0999994 1.4 -4.9
v 0.0999994 1.5 -4.9
v 0.5 1.3 -4.9
v 0.5 1.4 -4.9
v 0.5 1.5 -4.9
v -3.9 1.3 -5.2
v -3.9 1.4 -5.2
v -3.9 1.5 -5.2
v -3.8 1.3 -5.2
v -3.8 1.4 -5.2
v -3.8 1.5 -5.2
v -1.7 1.3 -5.2
v -1.7 1.4 -5.2
v -1.7 1.5 -5.2
v -1.4 1.3 -5.2
v -1.4 1.4 -5.2
v -1.4 1.5 -5.2
v 2.8 1.3 -5.2
v 2.8 1.4 -5.2
v 2.8 1.5 -5.2
v 2.9 1.3 -5.2
v 2.9 1.4 -5.2
v 2.9 1.5 -5.2
v -4.4 1.3 -5.3
v -4.4 1.4 -5.3
v -4.4 1.5 -5.3
v -3.9 1.3 -5.3
v -3.9 1.4 -5.3
v -3.9 1.5 -5.3
v -3.8 1.3 -5.3
v -3.8 1.4 -5.3
v -3.8 1.5 -5.3
v -2.4 1.3 -5.3
v -2.4 1.4 -5.3
v -2.4 1.5 -5.3
v -1.4 1.3 -5.3
v -1.4 1.4 -5.3
v -1.4 1.5 -5.3
v 0 1.3 -5.3
v 0 1.4 -5.3
v 0 1.5 -5.3
v 0.299999 1.3 -5.3
v 0.299999 1.4 -5.3
v 0.299999 1.5 -5.3
v 0.4 1.3 -5.3
v 0.4 1.4 -5.3
v 0.4 1.5 -5.3
v -2.4 1.3 -5.4
v -2.4 1.4 -5.4
v -2.4 1.5 -5.4
v -1.4 1.3 -5.4
v -1.4 1.4 -5.4
v -1.4 1.5 -5.4
v 0 1.3 -5.4
v 0 1.4 -5.4
v 0 1.5 -5.4
v 0.299999 1.3 -5.4
v 0.299999 1.4 -5.4
v 0.299999 1.5 -5.4
v 0.4 1.3 -5.4
v 0.4 1.4 -5.4
v 0.4 1.5 -5.4
v 0.7 1.3 -5.4
v 0.7 1.4 -5.4
v 0.7 1.5 -5.4
v 8.2 1.4 -5.4
v 8.2 1.5 -5.4
v 8.3 1.4 -5.4
v 8.3 1.5 -5.4
v 0.599999 1.3 -5.6
v 0.599999 1.4 -5.6
v 0.599999 1.5 -5.6
v 0.7 1.3 -5.6
v 0.7 1.4 -5.6
v 0.7 1.5 -5.6
v 0.7 1.3 -5.7
v 0.7 1.4 -5.7
v 0.7 1.5 -5.7
v 1.2 1.3 -5.7
v 1.2 1.4 -5.7
v 1.2 1.5 -5.7
v 3.9 1.4 -5.7
v 3.9 1.5 -5.7
v 4 1.4 -5.7
v 4 1.5 -5.7
v 1.2 1.3 -5.8
v 1.2 1.4 -5.8
v 1.2 1.5 -5.8
v 1.3 1.3 -5.8
v 1.3 1.4 -5.8
v 1.3 1.5 -5.8
v 2.7 1.3 -5.8
v 2.7 1.4 -5.8
v 2.7 1.5 -5.8
v 2.8 1.3 -5.8
v 2.8 1.4 -5.8
v 2.8 1.5 -5.8
v -8 1.3 -5.9
v -8 1.4 -5.9
v -8 1.5 -5.9
v -7.9 1.3 -5.9
v -7.9 1.4 -5.9
v -7.9 1.5 -5.9
v 12.7 0.4 -5.9
v 12.7 0.5 -5.9
v 12.8 0.4 -5.9
v 12.8 0.5 -5.9
v 4 1.4 -6
v 4 1.5 -6
v 4.1 1.4 -6
v 4.1 1.5 -6
v 2.6 1.3 -6.1
v 2.6 1.4 -6.1
v 2.6 1.5 -6.1
v 2.7 1.3 -6.1
v 2.7 1.4 -6.1
v 2.7 1.5 -6.1
v -12.8 0.3 -6.2
v -12.8 0.4 -6.2
v -12.7 0.3 -6.2
v -12.7 0.4 -6.2
v 4.1 1.4 -6.2
v 4.1 1.5 -6.2
v 4.2 1.4 -6.2
v 4.2 1.5 -6.2
v -7.9 1.3 -6.3
v -7.9 1.4 -6.3
v -7.9 1.5 -6.3
v -7.8 1.3 -6.3
v -7.8 1.4 -6.3
v -7.8 1.5 -6.3
v 2.5 1.3 -6.3
v 2.5 1.4 -6.3
v 2.5 1.5 -6.3
v 2.6 1.3 -6.3
v 2.6 1.4 -6.3
v 2.6 1.5 -6.3
v 8.3 1.4 -6.3
v 8.3 1.5 -6.3
v 8.4 1.4 -6.3
v 8.4 1.5 -6.3
v -6.6 1.3 -6.4
v -6.6 1.4 -6.4
v -6.6 1.5 -6.4
v -5 1.3 -6.4
v -5 1.4 -6.4
v -5 1.5 -6.4
v 4.2 1.4 -6.4
v 4.2 1.5 -6.4
v 4.3 1.4 -6.4
v 4.3 1.5 -6.4
v 6 1.4 -6.4
v 6 1.5 -6.4
v 6.1 1.4 -6.4
v 6.1 1.5 -6.4
v 8.4 1.4 -6.4
v 8.4 1.5 -6.4
v 8.6 1.4 -6.4
v 8.6 1.5 -6.4
v -5 1.3 -6.5
v -5 1.4 -6.5
v -5 1.5 -6.5
v -3.8 1.3 -6.5
v -3.8 1.4 -6.5
v -3.8 1.5 -6.5
v 2.4 1.3 -6.5
v 2.4 1.4 -6.5
v 2.4 1.5 -6.5
v 2.5 1.3 -6.5
v 2.5 1.4 -6.5
v 2.5 1.5 -6.5
v 12.5 1.4 -6.5
v 12.5 1.5 -6.5
v 12.6 1.4 -6.5
v 12.6 1.5 -6.5
v -12.8 0.3 -6.6
v -12.8 0.4 -6.6
v -12.7 0.3 -6.6
v -12.7 0.4 -6.6
v -7.8 1.3 -6.6
v -7.8 1.4 -6.6
v -7.8 1.5 -6.6
v -7.7 1.3 -6.6
v -7.7 1.4 -6.6
v -7.7 1.5 -6.6
v -3.8 1.3 -6.6
v -3.8 1.4 -6.6
v -3.8 1.5 -6.6
v -3.4 1.3 -6.6
v -3.4 1.4 -6.6
v -3.4 1.5 -6.6
v 0.799999 1.3 -6.6
v 0.799999 1.4 -6.6
v 0.799999 1.5 -6.6
v 1.8 1.3 -6.6
v 1.8 1.4 -6.6
v 1.8 1.5 -6.6
v 4.3 1.4 -6.6
v 4.3 1.5 -6.6
v 4.4 1.4 -6.6
v 4.4 1.5 -6.6
v 8.6 1.4 -6.6
v 8.6 1.5 -6.6
v 8.9 1.4 -6.6
v 8.9 1.5 -6.6
v 9 1.4 -6.6
v 9 1.5 -6.6
v 9.3 1.4 -6.6
v 9.3 1.5 -6.6
v 12.4 1.4 -6.6
v 12.4 1.5 -6.6
v 12.5 1.4 -6.6
v 12.5 1.5 -6.6
v -7.7 1.3 -6.7
v -7.7 1.4 -6.7
v -7.7 1.5 -6.7
v -7.6 1.3 -6.7
v -7.6 1.4 -6.7
v -7.6 1.5 -6.7
v -2.8 1.3 -6.7
v -2.8 1.4 -6.7
v -2.8 1.5 -6.7
v -1.1 1.3 -6.7
v -1.1 1.4 -6.7
v -1.1 1.5 -6.7
v 1.8 1.3 -6.7
v 1.8 1.4 -6.7
v 1.8 1.5 -6.7
v 1.9 1.3 -6.7
v 1.9 1.4 -6.7
v 1.9 1.5 -6.7
v 2.3 1.3 -6.7
v 2.3 1.4 -6.7
v 2.3 1.5 -6.7
v 2.4 1.3 -6.7
v 2.4 1.4 -6.7
v 2.4 1.5 -6.7
v 4.4 1.4 -6.7
v 4.4 1.5 -6.7
v 4.5 1.4 -6.7
v 4.5 1.5 -6.7
v 4.6 1.4 -6.7
v 4.6 1.5 -6.7
v 8.9 1.4 -6.7
v 8.9 1.5 -6.7
v 9 1.4 -6.7
v 9 1.5 -6.7
v 9.3 1.4 -6.7
v 9.3 1.5 -6.7
v 9.6 1.4 -6.7
v 9.6 1.5 -6.7
v 11.6 1.4 -6.7
v 11.6 1.5 -6.7
v 11.8 1.4 -6.7
v 11.8 1.5 -6.7
v 12 1.4 -6.7
v 12 1.5 -6.7
v 12.4 1.4 -6.7
v 12.4 1.5 -6.7
v -1.1 1.3 -6.8
v -1.1 1.4 -6.8
v -1.1 1.5 -6.8
v 1.3 1.3 -6.8
v 1.3 1.4 -6.8
v 1.3 1.5 -6.8
v 4.6 1.4 -6.8
v 4.6 1.5 -6.8
v 4.7 1.4 -6.8
v 4.7 1.5 -6.8
v 9.6 1.4 -6.8
v 9.6 1.5 -6.8
v 9.8 1.4 -6.8
v 9.8 1.5 -6.8
v 11.4 1.4 -6.8
v 11.4 1.5 -6.8
v 11.6 1.4 -6.8
v 11.6 1.5 -6.8
v 11.8 1.4 -6.8
v 11.8 1.5 -6.8
v 12 1.4 -6.8
v 12 1.5 -6.8
v 2.2 1.3 -6.9
v 2.2 1.4 -6.9
v 2.2 1.5 -6.9
v 2.3 1.3 -6.9
v 2.3 1.4 -6.9
v 2.3 1.5 -6.9
v 4.7 1.4 -6.9
v 4.7 1.5 -6.9
v 4.8 1.4 -6.9
v 4.8 1.5 -6.9
v 9.8 1.4 -6.9
v 9.8 1.5 -6.9
v 10.2 1.4 -6.9
v 10.2 1.5 -6.9
v 11.2 1.4 -6.9
v 11.2 1.5 -6.9
v 11.4 1.4 -6.9
v 11.4 1.5 -6.9
v -7.6 1.3 -7
v -7.6 1.4 -7
v -7.6 1.5 -7
v -7.5 1.3 -7
v -7.5 1.4 -7
v -7.5 1.5 -7
v 2.1 1.3 -7
v 2.1 1.4 -7
v 2.1 1.5 -7
v 2.2 1.3 -7
v 2.2 1.4 -7
v 2.2 1.5 -7
v 4.8 1.4 -7
v 4.8 1.5 -7
v 4.9 1.4 -7
v 4.9 1.5 -7
v 10.2 1.4 -7
v 10.2 1.5 -7
v 11.2 1.4 -7
v 11.2 1.5 -7
v -4.8 1.3 -7.1
v -4.8 1.4 -7.1
v -4.8 1.5 -7.1
v -4.5 1.3 -7.1
v -4.5 1.4 -7.1
v -4.5 1.5 -7.1
v 2 1.3 -7.1
v 2 1.4 -7.1
v 2 1.5 -7.1
v 2.1 1.3 -7.1
v 2.1 1.4 -7.1
v 2.1 1.5 -7.1
v 4.9 1.4 -7.1
v 4.9 1.5 -7.1
v 5 1.4 -7.1
v 5 1.5 -7.1
v 5.9 1.4 -7.1
v 5.9 1.5 -7.1
v 6 1.4 -7.1
v 6 1.5 -7.1
v -7.5 1.3 -7.2
v -7.5 1.4 -7.2
v -7.5 1.5 -7.2
v -7.4 1.3 -7.2
v -7.4 1.4 -7.2
v -7.4 1.5 -7.2
v -4.9 1.3 -7.2
v -4.9 1.4 -7.2
v -4.9 1.5 -7.2
v -4.8 1.3 -7.2
v -4.8 1.4 -7.2
v -4.8 1.5 -7.2
v 1.6 1.3 -7.2
v 1.6 1.4 -7.2
v 1.6 1.5 -7.2
v 1.8 1.4 -7.2
v 1.8 1.5 -7.2
v 2 1.3 -7.2
v 2 1.4 -7.2
v 2 1.5 -7.2
v 5 1.4 -7.2
v 5 1.5 -7.2
v 5.3 1.4 -7.2
v 5.3 1.5 -7.2
v -7.4 1.3 -7.3
v -7.4 1.4 -7.3
v -7.4 1.5 -7.3
v -7.3 1.3 -7.3
v -7.3 1.4 -7.3
v -7.3 1.5 -7.3
v -5 1.3 -7.3
v -5 1.4 -7.3
v -5 1.5 -7.3
v -4.9 1.3 -7.3
v -4.9 1.4 -7.3
v -4.9 1.5 -7.3
v -4.1 1.3 -7.3
v -4.1 1.4 -7.3
v -4.1 1.5 -7.3
v -3.9 1.3 -7.3
v -3.9 1.4 -7.3
v -3.9 1.5 -7.3
v 1.4 1.3 -7.3
v 1.4 1.4 -7.3
v 1.4 1.5 -7.3
v 1.6 1.3 -7.3
v 1.6 1.4 -7.3
v 1.6 1.5 -7.3
v 5.3 1.4 -7.3
v 5.3 1.5 -7.3
v 5.5 1.4 -7.3
v 5.5 1.5 -7.3
v -7.3 1.3 -7.4
v -7.3 1.4 -7.4
v -7.3 1.5 -7.4
v -7.2 1.3 -7.4
v -7.2 1.4 -7.4
v -7.2 1.5 -7.4
v -3.9 1.3 -7.4
v -3.9 1.4 -7.4
v -3.9 1.5 -7.4
v -2.9 1.3 -7.4
v -2.9 1.4 -7.4
v -2.9 1.5 -7.4
v 1.2 1.3 -7.4
v 1.2 1.4 -7.4
v 1.2 1.5 -7.4
v 1.4 1.3 -7.4
v 1.4 1.4 -7.4
v 1.4 1.5 -7.4
v 5.5 1.4 -7.4
v 5.5 1.5 -7.4
v 5.9 1.4 -7.4
v 5.9 1.5 -7.4
v -7.2 1.3 -7.5
v -7.2 1.4 -7.5
v -7.2 1.5 -7.5
v -7.1 1.3 -7.5
v -7.1 1.4 -7.5
v -7.1 1.5 -7.5
v -2.9 1.3 -7.5
v -2.9 1.4 -7.5
v -2.9 1.5 -7.5
v -1.6 1.3 -7.5
v -1.6 1.4 -7.5
v -1.6 1.5 -7.5
v 1 1.3 -7.5
v 1 1.4 -7.5
v 1 1.5 -7.5
v 1.2 1.3 -7.5
v 1.2 1.4 -7.5
v 1.2 1.5 -7.5
v -7.1 1.3 -7.6
v -7.1 1.4 -7.6
v -7.1 1.5 -7.6
v -7 1.3 -7.6
v -7 1.4 -7.6
v -7 1.5 -7.6
v -1.6 1.3 -7.6
v -1.6 1.4 -7.6
v -1.6 1.5 -7.6
v -0.8 1.3 -7.6
v -0.8 1.4 -7.6
v -0.8 1.5 -7.6
v 0.799999 1.3 -7.6
v 0.799999 1.4 -7.6
v 0.799999 1.5 -7.6
v 1 1.3 -7.6
v 1 1.4 -7.6
v 1 1.5 -7.6
v -7 1.3 -7.7
v -7 1.4 -7.7
v -7 1.5 -7.7
v -6.9 1.3 -7.7
v -6.9 1.4 -7.7
v -6.9 1.5 -7.7
v -0.8 1.3 -7.7
v -0.8 1.4 -7.7
v -0.8 1.5 -7.7
v -0.700001 1.3 -7.7
v -0.700001 1.4 -7.7
v -0.700001 1.5 -7.7
v 0.599999 1.3 -7.7
v 0.599999 1.4 -7.7
v 0.599999 1.5 -7.7
v 0.799999 1.3 -7.7
v 0.799999 1.4 -7.7
v 0.799999 1.5 -7.7
v 12.7 0.3 -7.7
v 12.7 0.4 -7.7
v 12.8 0.3 -7.7
v 12.8 0.4 -7.7
v -6.9 1.3 -7.8
v -6.9 1.4 -7.8
v -6.9 1.5 -7.8
v -6.8 1.3 -7.8
v -6.8 1.4 -7.8
v -6.8 1.5 -7.8
v 0.4 1.3 -7.8
v 0.4 1.4 -7.8
v 0.4 1.5 -7.8
v 0.599999 1.3 -7.8
v 0.599999 1.4 -7.8
v 0.599999 1.5 -7.8
v 0.2 1.3 -7.9
v 0.2 1.4 -7.9
v 0.2 1.5 -7.9
v 0.4 1.3 -7.9
v 0.4 1.4 -7.9
v 0.4 1.5 -7.9
v -6.8 1.3 -8
v -6.8 1.4 -8
v -6.8 1.5 -8
v -6.6 1.3 -8
v -6.6 1.4 -8
v -6.6 1.5 -8
v -0.1 1.3 -8
v -0.1 1.4 -8
v -0.1 1.5 -8
v 0.2 1.3 -8
v 0.2 1.4 -8
v 0.2 1.5 -8
v -6.6 1.3 -8.1
v -6.6 1.4 -8.1
v -6.6 1.5 -8.1
v -6.5 1.3 -8.1
v -6.5 1.4 -8.1
v -6.5 1.5 -8.1
v -0.400001 1.3 -8.1
v -0.400001 1.4 -8.1
v -0.400001 1.5 -8.1
v -0.1 1.3 -8.1
v -0.1 1.4 -8.1
v -0.1 1.5 -8.1
v -6.5 1.3 -8.2
v -6.5 1.4 -8.2
v -6.5 1.5 -8.2
v -6.4 1.3 -8.2
v -6.4 1.4 -8.2
v -6.4 1.5 -8.2
v -0.6 1.3 -8.2
v -0.6 1.4 -8.2
v -0.6 1.5 -8.2
v -0.400001 1.3 -8.2
v -0.400001 1.4 -8.2
v -0.400001 1.5 -8.2
v -6.4 1.3 -8.3
v -6.4 1.4 -8.3
v -6.4 1.5 -8.3
v -6.2 1.3 -8.3
v -6.2 1.4 -8.3
v -6.2 1.5 -8.3
v -0.900001 1.3 -8.3
v -0.900001 1.4 -8.3
v -0.900001 1.5 -8.3
v -0.6 1.3 -8.3
v -0.6 1.4 -8.3
v -0.6 1.5 -8.3
v -6.2 1.3 -8.4
v -6.2 1.4 -8.4
v -6.2 1.5 -8.4
v -6 1.3 -8.4
v -6 1.4 -8.4
v -6 1.5 -8.4
v -1.6 1.3 -8.4
v -1.6 1.4 -8.4
v -1.6 1.5 -8.4
v -0.900001 1.3 -8.4
v -0.900001 1.4 -8.4
v -0.900001 1.5 -8.4
v -6 1.3 -8.5
v -6 1.4 -8.5
v -6 1.5 -8.5
v -5.9 1.3 -8.5
v -5.9 1.4 -8.5
v -5.9 1.5 -8.5
v -2.2 1.3 -8.5
v -2.2 1.4 -8.5
v -2.2 1.5 -8.5
v -1.6 1.3 -8.5
v -1.6 1.4 -8.5
v -1.6 1.5 -8.5
v -5.9 1.3 -8.6
v -5.9 1.4 -8.6
v -5.9 1.5 -8.6
v -5.7 1.3 -8.6
v -5.7 1.4 -8.6
v -5.7 1.5 -8.6
v -2.5 1.3 -8.6
v -2.5 1.4 -8.6
v -2.5 1.5 -8.6
v -2.2 1.3 -8.6
v -2.2 1.4 -8.6
v -2.2 1.5 -8.6
v -5.7 1.3 -8.7
v -5.7 1.4 -8.7
v -5.7 1.5 -8.7
v -5.3 1.3 -8.7
v -5.3 1.4 -8.7
v -5.3 1.5 -8.7
v -5.2 1.3 -8.7
v -5.2 1.4 -8.7
v -5.2 1.5 -8.7
v -5 1.3 -8.7
v -5 1.4 -8.7
v -5 1.5 -8.7
v -2.9 1.3 -8.7
v -2.9 1.4 -8.7
v -2.9 1.5 -8.7
v -2.5 1.3 -8.7
v -2.5 1.4 -8.7
v -2.5 1.5 -8.7
v 6.4 1.2 -8.7
v 6.4 1.4 -8.7
v 6.4 1.5 -8.7
v 6.8 1.2 -8.7
v 6.8 1.4 -8.7
v 6.8 1.5 -8.7
v -5.3 1.3 -8.8
v -5.3 1.4 -8.8
v -5.3 1.5 -8.8
v -5.2 1.3 -8.8
v -5.2 1.4 -8.8
v -5.2 1.5 -8.8
v -5 1.3 -8.8
v -5 1.4 -8.8
v -5 1.5 -8.8
v -4.8 1.3 -8.8
v -4.8 1.4 -8.8
v -4.8 1.5 -8.8
v -3.2 1.3 -8.8
v -3.2 1.4 -8.8
v -3.2 1.5 -8.8
v -2.9 1.3 -8.8
v -2.9 1.4 -8.8
v -2.9 1.5 -8.8
v 6.8 1.2 -8.8
v 6.8 1.4 -8.8
v 6.8 1.5 -8.8
v 6.9 1.2 -8.8
v 6.9 1.4 -8.8
v 6.9 1.5 -8.8
v 8.8 1.2 -8.8
v 8.8 1.4 -8.8
v 8.8 1.5 -8.8
v 9.3 1.2 -8.8
v 9.3 1.4 -8.8
v 9.3 1.5 -8.8
v -4.8 1.3 -8.9
v -4.8 1.4 -8.9
v -4.8 1.5 -8.9
v -4.6 1.3 -8.9
v -4.6 1.4 -8.9
v -4.6 1.5 -8.9
v -3.5 1.3 -8.9
v -3.5 1.4 -8.9
v -3.5 1.5 -8.9
v -3.2 1.3 -8.9
v -3.2 1.4 -8.9
v -3.2 1.5 -8.9
v 8.6 1.2 -8.9
v 8.6 1.4 -8.9
v 8.6 1.5 -8.9
v 8.8 1.2 -8.9
v 8.8 1.4 -8.9
v 8.8 1.5 -8.9
v 9.3 1.2 -8.9
v 9.3 1.4 -8.9
v 9.3 1.5 -8.9
v 9.4 1.2 -8.9
v 9.4 1.4 -8.9
v 9.4 1.5 -8.9
v -4.6 1.3 -9
v -4.6 1.4 -9
v -4.6 1.5 -9
v -3.5 1.3 -9
v -3.5 1.4 -9
v -3.5 1.5 -9
v 8.5 1.2 -9
v 8.5 1.4 -9
v 8.5 1.5 -9
v 8.6 1.2 -9
v 8.6 1.4 -9
v 8.6 1.5 -9
v 10.8 1.2 -9
v 10.8 1.4 -9
v 10.8 1.5 -9
v 11 1.2 -9
v 11 1.4 -9
v 11 1.5 -9
v 12.5 1.2 -9
v 12.5 1.4 -9
v 12.5 1.5 -9
v 12.6 1.2 -9
v 12.6 1.3 -9
v 12.6 1.4 -9
v 12.6 1.5 -9
v 9.4 1.2 -9.1
v 9.4 1.4 -9.1
v 9.4 1.5 -9.1
v 9.5 1.2 -9.1
v 9.5 1.4 -9.1
v 9.5 1.5 -9.1
v 6.9 1.2 -9.2
v 6.9 1.4 -9.2
v 6.9 1.5 -9.2
v 7 1.2 -9.2
v 7 1.4 -9.2
v 7 1.5 -9.2
v 10.4 1.2 -9.2
v 10.4 1.4 -9.2
v 10.4 1.5 -9.2
v 10.6 1.2 -9.2
v 10.6 1.4 -9.2
v 10.6 1.5 -9.2
v 10.7 1.2 -9.2
v 10.7 1.4 -9.2
v 10.7 1.5 -9.2
v 10.8 1.2 -9.2
v 10.8 1.4 -9.2
v 10.8 1.5 -9.2
v 11 1.2 -9.2
v 11 1.4 -9.2
v 11 1.5 -9.2
v 11.1 1.2 -9.2
v 11.1 1.4 -9.2
v 11.1 1.5 -9.2
v 9.5 1.2 -9.3
v 9.5 1.4 -9.3
v 9.5 1.5 -9.3
v 9.6 1.2 -9.3
v 9.6 1.4 -9.3
v 9.6 1.5 -9.3
v 10.6 1.2 -9.3
v 10.6 1.4 -9.3
v 10.6 1.5 -9.3
v 10.7 1.2 -9.3
v 10.7 1.4 -9.3
v 10.7 1.5 -9.3
v 11.1 1.2 -9.3
v 11.1 1.4 -9.3
v 11.1 1.5 -9.3
v 11.2 1.2 -9.3
v 11.2 1.4 -9.3
v 11.2 1.5 -9.3
v 12.2 1.2 -9.3
v 12.2 1.4 -9.3
v 12.2 1.5 -9.3
v 12.5 1.2 -9.3
v 12.5 1.4 -9.3
v 12.5 1.5 -9.3
v 7 1.2 -9.4
v 7 1.4 -9.4
v 7 1.5 -9.4
v 7.1 1.2 -9.4
v 7.1 1.4 -9.4
v 7.1 1.5 -9.4
v 11.2 1.2 -9.4
v 11.2 1.4 -9.4
v 11.2 1.5 -9.4
v 11.3 1.2 -9.4
v 11.3 1.4 -9.4
v 11.3 1.5 -9.4
v 11.3 1.2 -9.5
v 11.3 1.4 -9.5
v 11.3 1.5 -9.5
v 11.4 1.2 -9.5
v 11.4 1.4 -9.5
v 11.4 1.5 -9.5
v 7.1 1.2 -9.6
v 7.1 1.4 -9.6
v 7.1 1.5 -9.6
v 7.2 1.2 -9.6
v 7.2 1.4 -9.6
v 7.2 1.5 -9.6
v 9.6 1.2 -9.6
v 9.6 1.4 -9.6
v 9.6 1.5 -9.6
v 9.7 1.2 -9.6
v 9.7 1.4 -9.6
v 9.7 1.5 -9.6
v 7.2 1.2 -9.7
v 7.2 1.4 -9.7
v 7.2 1.5 -9.7
v 7.8 1.2 -9.7
v 7.8 1.4 -9.7
v 7.8 1.5 -9.7
v 8.4 1.2 -9.7
v 8.4 1.4 -9.7
v 8.4 1.5 -9.7
v 8.6 1.2 -9.7
v 8.6 1.4 -9.7
v 8.6 1.5 -9.7
v 9.7 1.2 -9.7
v 9.7 1.4 -9.7
v 9.7 1.5 -9.7
v 9.9 1.2 -9.7
v 9.9 1.4 -9.7
v 9.9 1.5 -9.7
v 10.4 1.2 -9.7
v 10.4 1.4 -9.7
v 10.4 1.5 -9.7
v 10.5 1.2 -9.7
v 10.5 1.4 -9.7
v 10.5 1.5 -9.7
v 11.4 1.2 -9.7
v 11.4 1.4 -9.7
v 11.4 1.5 -9.7
v 11.6 1.2 -9.7
v 11.6 1.4 -9.7
v 11.6 1.5 -9.7
v 9.9 1.2 -9.8
v 9.9 1.3 -9.8
v 9.9 1.4 -9.8
v 10 1.2 -9.8
v 10 1.3 -9.8
v 10 1.4 -9.8
v 11.6 1.2 -9.8
v 11.6 1.3 -9.8
v 11.6 1.4 -9.8
v 11.7 1.2 -9.8
v 11.7 1.3 -9.8
v 11.7 1.4 -9.8
v 3.3 0.1 -9.9
v 3.3 0.2 -9.9
v 3.4 0.1 -9.9
v 3.4 0.2 -9.9
v 5.5 1.2 -9.9
v 5.5 1.3 -9.9
v 6.5 1.2 -9.9
v 6.5 1.3 -9.9
v 7.8 1.2 -9.9
v 7.8 1.3 -9.9
v 8.3 1.2 -9.9
v 8.3 1.3 -9.9
v 8.4 1.2 -9.9
v 8.4 1.3 -9.9
v 10 1.2 -9.9
v 10 1.3 -9.9
v 10.4 1.2 -9.9
v 10.4 1.3 -9.9
v 11.7 1.2 -9.9
v 11.7 1.3 -9.9
v 11.8 1.2 -9.9
v 11.8 1.3 -9.9
v 12.2 1.2 -9.9
v 12.2 1.3 -9.9
v -12.8 0.5 9.9
v -12.8 0.8 9.9
v -12.7 0.5 9.9
v -12.7 0.8 9.9
v -12.8 0.8 9.6
v -12.8 0.9 9.6
v -12.7 0.8 9.6
v -12.7 0.9 9.6
v 12.7 0.4 9.4
v 12.7 0.5 9.4
v 12.8 0.4 9.4
v 12.8 0.5 9.4
v 12.7 0.5 8.7
v 12.7 0.6 8.7
v 12.8 0.5 8.7
v 12.8 0.6 8.7
v 12.7 0.6 7.9
v 12.7 0.7 7.9
v 12.8 0.6 7.9
v 12.8 0.7 7.9
v -4.9 1.4 7.8
v -4.9 1.5 7.8
v -4.5 1.4 7.8
v -4.5 1.5 7.8
v 11 1.2 7.8
v 11 1.4 7.8
v 11 1.5 7.8
v 12.1 1.2 7.8
v 12.1 1.4 7.8
v 12.1 1.5 7.8
v -12.8 0.6 7.7
v -12.8 0.7 7.7
v -12.7 0.6 7.7
v -12.7 0.7 7.7
v -5.4 1.4 7.7
v -5.4 1.5 7.7
v -4.9 1.4 7.7
v -4.9 1.5 7.7
v -4.5 1.4 7.7
v -4.5 1.5 7.7
v -4.4 1.4 7.7
v -4.4 1.5 7.7
v 10.4 1.2 7.7
v 10.4 1.4 7.7
v 10.4 1.5 7.7
v 11 1.2 7.7
v 11 1.4 7.7
v 11 1.5 7.7
v 12.1 1.2 7.7
v 12.1 1.4 7.7
v 12.1 1.5 7.7
v 12.5 1.2 7.7
v 12.5 1.4 7.7
v 12.5 1.5 7.7
v -5.8 1.4 7.6
v -5.8 1.5 7.6
v -5.4 1.4 7.6
v -5.4 1.5 7.6
v 10 1.2 7.6
v 10 1.4 7.6
v 10 1.5 7.6
v 10.4 1.2 7.6
v 10.4 1.4 7.6
v 10.4 1.5 7.6
v 12.5 1.2 7.6
v 12.5 1.4 7.6
v 12.5 1.5 7.6
v 12.6 1.2 7.6
v 12.6 1.3 7.6
v 12.6 1.4 7.6
v 12.6 1.5 7.6
v -6 1.4 7.5
v -6 1.5 7.5
v -5.8 1.4 7.5
v -5.8 1.5 7.5
v -4.4 1.4 7.5
v -4.4 1.5 7.5
v -4.3 1.4 7.5
v -4.3 1.5 7.5
v 4.9 1.4 7.5
v 4.9 1.5 7.5
v 6.7 1.4 7.5
v 6.7 1.5 7.5
v 12.6 1.2 7.5
v 12.6 1.3 7.5
v 12.6 1.4 7.5
v 12.7 1.2 7.5
v 12.7 1.3 7.5
v 12.7 1.4 7.5
v -6.3 1.4 7.4
v -6.3 1.5 7.4
v -6 1.4 7.4
v -6 1.5 7.4
v 4.4 1.4 7.4
v 4.4 1.5 7.4
v 4.9 1.4 7.4
v 4.9 1.5 7.4
v 6.7 1.4 7.4
v 6.7 1.5 7.4
v 7.3 1.4 7.4
v 7.3 1.5 7.4
v -6.5 1.4 7.3
v -6.5 1.5 7.3
v -6.3 1.4 7.3
v -6.3 1.5 7.3
v 4.2 1.4 7.3
v 4.2 1.5 7.3
v 4.4 1.4 7.3
v 4.4 1.5 7.3
v 7.3 1.4 7.3
v 7.3 1.5 7.3
v 7.6 1.4 7.3
v 7.6 1.5 7.3
v -6.8 1.4 7.2
v -6.8 1.5 7.2
v -6.5 1.4 7.2
v -6.5 1.5 7.2
v -4.3 1.4 7.2
v -4.3 1.5 7.2
v -4.2 1.4 7.2
v -4.2 1.5 7.2
v 4 1.4 7.2
v 4 1.5 7.2
v 4.2 1.4 7.2
v 4.2 1.5 7.2
v 7.6 1.4 7.2
v 7.6 1.5 7.2
v 7.8 1.4 7.2
v 7.8 1.5 7.2
v -7 1.4 7.1
v -7 1.5 7.1
v -6.8 1.4 7.1
v -6.8 1.5 7.1
v 3.9 1.4 7.1
v 3.9 1.5 7.1
v 4 1.4 7.1
v 4 1.5 7.1
v 7.8 1.4 7.1
v 7.8 1.5 7.1
v 8.1 1.4 7.1
v 8.1 1.5 7.1
v -7.2 1.4 7
v -7.2 1.5 7
v -7 1.4 7
v -7 1.5 7
v 3.8 1.4 7
v 3.8 1.5 7
v 3.9 1.4 7
v 3.9 1.5 7
v 8.1 1.4 7
v 8.1 1.5 7
v 8.2 1.4 7
v 8.2 1.5 7
v 12.7 0.7 7
v 12.7 0.8 7
v 12.8 0.7 7
v 12.8 0.8 7
v -7.3 1.4 6.9
v -7.3 1.5 6.9
v -7.2 1.4 6.9
v -7.2 1.5 6.9
v 3.7 1.4 6.9
v 3.7 1.5 6.9
v 3.8 1.4 6.9
v 3.8 1.5 6.9
v 8.2 1.4 6.9
v 8.2 1.5 6.9
v 8.4 1.4 6.9
v 8.4 1.5 6.9
v -7.5 1.4 6.8
v -7.5 1.5 6.8
v -7.3 1.4 6.8
v -7.3 1.5 6.8
v 3.6 1.4 6.8
v 3.6 1.5 6.8
v 3.7 1.4 6.8
v 3.7 1.5 6.8
v 8.4 1.4 6.8
v 8.4 1.5 6.8
v 8.5 1.4 6.8
v 8.5 1.5 6.8
v -12.8 0.7 6.7
v -12.8 0.8 6.7
v -12.7 0.7 6.7
v -12.7 0.8 6.7
v -7.6 1.4 6.7
v -7.6 1.5 6.7
v -7.5 1.4 6.7
v -7.5 1.5 6.7
v 8.5 1.4 6.7
v 8.5 1.5 6.7
v 8.6 1.4 6.7
v 8.6 1.5 6.7
v -7.8 1.4 6.6
v -7.8 1.5 6.6
v -7.6 1.4 6.6
v -7.6 1.5 6.6
v 3.5 1.4 6.6
v 3.5 1.5 6.6
v 3.6 1.4 6.6
v 3.6 1.5 6.6
v 8.6 1.4 6.6
v 8.6 1.5 6.6
v 8.7 1.4 6.6
v 8.7 1.5 6.6
v -8 1.4 6.5
v -8 1.5 6.5
v -7.8 1.4 6.5
v -7.8 1.5 6.5
v 3.4 1.4 6.5
v 3.4 1.5 6.5
v 3.5 1.4 6.5
v 3.5 1.5 6.5
v 12.7 0.8 6.5
v 12.7 0.9 6.5
v 12.8 0.8 6.5
v 12.8 0.9 6.5
v -8.1 1.4 6.4
v -8.1 1.5 6.4
v -8 1.4 6.4
v -8 1.5 6.4
v 8.7 1.4 6.4
v 8.7 1.5 6.4
v 8.8 1.4 6.4
v 8.8 1.5 6.4
v -12.8 0.8 6.3
v -12.8 0.9 6.3
v -12.7 0.8 6.3
v -12.7 0.9 6.3
v -8.2 1.4 6.3
v -8.2 1.5 6.3
v -8.1 1.4 6.3
v -8.1 1.5 6.3
v 3.3 1.4 6.3
v 3.3 1.5 6.3
v 3.4 1.4 6.3
v 3.4 1.5 6.3
v 8.8 1.4 6.3
v 8.8 1.5 6.3
v 8.9 1.4 6.3
v 8.9 1.5 6.3
v 3.2 1.4 6.2
v 3.2 1.5 6.2
v 3.3 1.4 6.2
v 3.3 1.5 6.2
v 8.9 1.4 6.2
v 8.9 1.5 6.2
v 9 1.4 6.2
v 9 1.5 6.2
v -8.3 1.4 6.1
v -8.3 1.5 6.1
v -8.2 1.4 6.1
v -8.2 1.5 6.1
v 1.9 1.3 6.1
v 1.9 1.4 6.1
v 1.9 1.5 6.1
v 2 1.3 6.1
v 2 1.4 6.1
v 2 1.5 6.1
v 1.8 1.3 6
v 1.8 1.4 6
v 1.8 1.5 6
v 1.9 1.3 6
v 1.9 1.4 6
v 1.9 1.5 6
v 2 1.3 6
v 2 1.4 6
v 2 1.5 6
v 2.5 1.3 6
v 2.5 1.4 6
v 2.5 1.5 6
v 3.1 1.4 6
v 3.1 1.5 6
v 3.2 1.4 6
v 3.2 1.5 6
v 9 1.4 6
v 9 1.5 6
v 9.1 1.4 6
v 9.1 1.5 6
v -8.4 1.4 5.9
v -8.4 1.5 5.9
v -8.3 1.4 5.9
v -8.3 1.5 5.9
v 2.5 1.3 5.9
v 2.5 1.4 5.9
v 2.5 1.5 5.9
v 3 1.3 5.9
v 3 1.4 5.9
v 3 1.5 5.9
v -8.5 1.4 5.8
v -8.5 1.5 5.8
v -8.4 1.4 5.8
v -8.4 1.5 5.8
v -1.6 1.3 5.8
v -1.6 1.4 5.8
v -1.6 1.5 5.8
v -1.5 1.3 5.8
v -1.5 1.4 5.8
v -1.5 1.5 5.8
v 9.1 1.4 5.8
v 9.1 1.5 5.8
v 9.2 1.4 5.8
v 9.2 1.5 5.8
v -1.5 1.3 5.7
v -1.5 1.4 5.7
v -1.5 1.5 5.7
v -1.4 1.3 5.7
v -1.4 1.4 5.7
v -1.4 1.5 5.7
v -8.6 1.4 5.6
v -8.6 1.5 5.6
v -8.5 1.4 5.6
v -8.5 1.5 5.6
v -1.4 1.3 5.6
v -1.4 1.4 5.6
v -1.4 1.5 5.6
v -1.3 1.3 5.6
v -1.3 1.4 5.6
v -1.3 1.5 5.6
v 9.2 1.4 5.6
v 9.2 1.5 5.6
v 9.3 1.4 5.6
v 9.3 1.5 5.6
v -1.3 1.3 5.5
v -1.3 1.4 5.5
v -1.3 1.5 5.5
v -1.2 1.3 5.5
v -1.2 1.4 5.5
v -1.2 1.5 5.5
v 9.3 1.4 5.4
v 9.3 1.5 5.4
v 9.4 1.4 5.4
v 9.4 1.5 5.4
v -8.7 1.4 5.2
v -8.7 1.5 5.2
v -8.6 1.4 5.2
v -8.6 1.5 5.2
v -1.2 1.3 5.2
v -1.2 1.4 5.2
v -1.2 1.5 5.2
v -1.1 1.3 5.2
v -1.1 1.4 5.2
v -1.1 1.5 5.2
v 9.4 1.4 5.2
v 9.4 1.5 5.2
v 9.5 1.4 5.2
v 9.5 1.5 5.2
v -1.5 1.3 5
v -1.5 1.4 5
v -1.5 1.5 5
v -1.4 1.3 5
v -1.4 1.4 5
v -1.4 1.5 5
v -8.8 1.4 4.9
v -8.8 1.5 4.9
v -8.7 1.4 4.9
v -8.7 1.5 4.9
v 1.7 1.3 4.8
v 1.7 1.4 4.8
v 1.7 1.5 4.8
v 1.8 1.3 4.8
v 1.8 1.4 4.8
v 1.8 1.5 4.8
v 6.9 1.4 4.8
v 6.9 1.5 4.8
v 7.3 1.4 4.8
v 7.3 1.5 4.8
v 9.5 1.4 4.8
v 9.5 1.5 4.8
v 9.6 1.4 4.8
v 9.6 1.5 4.8
v -1.6 1.3 4.7
v -1.6 1.4 4.7
v -1.6 1.5 4.7
v -1.5 1.3 4.7
v -1.5 1.4 4.7
v -1.5 1.5 4.7
v 4.6 1.4 4.7
v 4.6 1.5 4.7
v 4.9 1.4 4.7
v 4.9 1.5 4.7
v 7.3 1.4 4.7
v 7.3 1.5 4.7
v 7.9 1.4 4.7
v 7.9 1.5 4.7
v 8.2 1.4 4.7
v 8.2 1.5 4.7
v 8.5 1.4 4.7
v 8.5 1.5 4.7
v -1.7 1.3 4.6
v -1.7 1.4 4.6
v -1.7 1.5 4.6
v -1.6 1.3 4.6
v -1.6 1.4 4.6
v -1.6 1.5 4.6
v 4.5 1.4 4.6
v 4.5 1.5 4.6
v 4.6 1.4 4.6
v 4.6 1.5 4.6
v 4.9 1.4 4.6
v 4.9 1.5 4.6
v 5.3 1.4 4.6
v 5.3 1.5 4.6
v 5.5 1.4 4.6
v 5.5 1.5 4.6
v 5.8 1.4 4.6
v 5.8 1.5 4.6
v 7.9 1.4 4.6
v 7.9 1.5 4.6
v 8.2 1.4 4.6
v 8.2 1.5 4.6
v 8.5 1.4 4.6
v 8.5 1.5 4.6
v 8.8 1.4 4.6
v 8.8 1.5 4.6
v 9.6 1.4 4.6
v 9.6 1.5 4.6
v 9.9 1.4 4.6
v 9.9 1.5 4.6
v -1.8 1.3 4.5
v -1.8 1.4 4.5
v -1.8 1.5 4.5
v -1.7 1.3 4.5
v -1.7 1.4 4.5
v -1.7 1.5 4.5
v 1.6 1.3 4.5
v 1.6 1.4 4.5
v 1.6 1.5 4.5
v 1.7 1.3 4.5
v 1.7 1.4 4.5
v 1.7 1.5 4.5
v 4.3 1.4 4.5
v 4.3 1.5 4.5
v 4.5 1.4 4.5
v 4.5 1.5 4.5
v 5.3 1.4 4.5
v 5.3 1.5 4.5
v 5.5 1.4 4.5
v 5.5 1.5 4.5
v 5.8 1.4 4.5
v 5.8 1.5 4.5
v 6.2 1.4 4.5
v 6.2 1.5 4.5
v 9.9 1.4 4.5
v 9.9 1.5 4.5
v 10 1.4 4.5
v 10 1.5 4.5
v -1.9 1.3 4.4
v -1.9 1.4 4.4
v -1.9 1.5 4.4
v -1.8 1.3 4.4
v -1.8 1.4 4.4
v -1.8 1.5 4.4
v 1.5 1.3 4.4
v 1.5 1.4 4.4
v 1.5 1.5 4.4
v 1.6 1.3 4.4
v 1.6 1.4 4.4
v 1.6 1.5 4.4
v 6.2 1.4 4.4
v 6.2 1.5 4.4
v 6.7 1.4 4.4
v 6.7 1.5 4.4
v 10 1.4 4.4
v 10 1.5 4.4
v 10.1 1.4 4.4
v 10.1 1.5 4.4
v -2 1.3 4.3
v -2 1.4 4.3
v -2 1.5 4.3
v -1.9 1.3 4.3
v -1.9 1.4 4.3
v -1.9 1.5 4.3
v 6.7 1.4 4.3
v 6.7 1.5 4.3
v 6.9 1.4 4.3
v 6.9 1.5 4.3
v 1.4 1.3 4.2
v 1.4 1.4 4.2
v 1.4 1.5 4.2
v 1.5 1.3 4.2
v 1.5 1.4 4.2
v 1.5 1.5 4.2
v 2.2 1.3 4.2
v 2.2 1.4 4.2
v 2.2 1.5 4.2
v 2.3 1.3 4.2
v 2.3 1.4 4.2
v 2.3 1.5 4.2
v 10.1 1.4 4.2
v 10.1 1.5 4.2
v 10.2 1.4 4.2
v 10.2 1.5 4.2
v 4.2 1.4 4.1
v 4.2 1.5 4.1
v 4.3 1.4 4.1
v 4.3 1.5 4.1
v 2.3 1.3 3.9
v 2.3 1.4 3.9
v 2.3 1.5 3.9
v 2.4 1.3 3.9
v 2.4 1.4 3.9
v 2.4 1.5 3.9
v 2.4 1.3 3.7
v 2.4 1.4 3.7
v 2.4 1.5 3.7
v 2.5 1.3 3.7
v 2.5 1.4 3.7
v 2.5 1.5 3.7
v 2.5 1.3 3.6
v 2.5 1.4 3.6
v 2.5 1.5 3.6
v 2.6 1.3 3.6
v 2.6 1.4 3.6
v 2.6 1.5 3.6
v 2.6 1.3 3.4
v 2.6 1.4 3.4
v 2.6 1.5 3.4
v 2.7 1.3 3.4
v 2.7 1.4 3.4
v 2.7 1.5 3.4
v 4.1 1.4 3.4
v 4.1 1.5 3.4
v 4.2 1.4 3.4
v 4.2 1.5 3.4
v 2.7 1.3 3.3
v 2.7 1.4 3.3
v 2.7 1.5 3.3
v 2.9 1.3 3.3
v 2.9 1.4 3.3
v 2.9 1.5 3.3
v 4 1.4 3.3
v 4 1.5 3.3
v 4.1 1.4 3.3
v 4.1 1.5 3.3
v 2.9 1.3 3.2
v 2.9 1.4 3.2
v 2.9 1.5 3.2
v 3 1.3 3.2
v 3 1.4 3.2
v 3 1.5 3.2
v 3 1.3 3.1
v 3 1.4 3.1
v 3 1.5 3.1
v 3.1 1.3 3.1
v 3.1 1.4 3.1
v 3.1 1.5 3.1
v 3.1 1.3 3
v 3.1 1.4 3
v 3.1 1.5 3
v 3.2 1.3 3
v 3.2 1.4 3
v 3.2 1.5 3
v -12.8 0.3 2.9
v -12.8 0.4 2.9
v -12.7 0.3 2.9
v -12.7 0.4 2.9
v 3.2 1.3 2.9
v 3.2 1.4 2.9
v 3.2 1.5 2.9
v 3.3 1.3 2.9
v 3.3 1.4 2.9
v 3.3 1.5 2.9
v 3.3 1.3 2.8
v 3.3 1.4 2.8
v 3.3 1.5 2.8
v 3.5 1.3 2.8
v 3.5 1.4 2.8
v 3.5 1.5 2.8
v 3.5 1.3 2.7
v 3.5 1.4 2.7
v 3.5 1.5 2.7
v 3.8 1.3 2.7
v 3.8 1.4 2.7
v 3.8 1.5 2.7
v 1.7 1.3 2.6
v 1.7 1.4 2.6
v 1.7 1.5 2.6
v 1.8 1.3 2.6
v 1.8 1.4 2.6
v 1.8 1.5 2.6
v 3.8 1.3 2.6
v 3.8 1.4 2.6
v 3.8 1.5 2.6
v 4 1.3 2.6
v 4 1.4 2.6
v 4 1.5 2.6
v -12.8 0.4 2.3
v -12.8 0.5 2.3
v -12.7 0.4 2.3
v -12.7 0.5 2.3
v 1.6 1.3 2.3
v 1.6 1.4 2.3
v 1.6 1.5 2.3
v 1.7 1.3 2.3
v 1.7 1.4 2.3
v 1.7 1.5 2.3
v 1.4 1.3 2.2
v 1.4 1.4 2.2
v 1.4 1.5 2.2
v 1.5 1.3 2.2
v 1.5 1.4 2.2
v 1.6 1.3 2.2
v 1.6 1.4 2.2
v 1.6 1.5 2.2
v 1.3 1.3 2.1
v 1.3 1.4 2.1
v 1.3 1.5 2.1
v 1.4 1.3 2.1
v 1.4 1.4 2.1
v 1.4 1.5 2.1
v -0.400001 1.3 2
v -0.400001 1.4 2
v -0.400001 1.5 2
v -0.3 1.3 2
v -0.3 1.4 2
v -0.3 1.5 2
v -12.8 0.5 1.9
v -12.8 0.6 1.9
v -12.7 0.5 1.9
v -12.7 0.6 1.9
v -0.5 1.3 1.9
v -0.5 1.4 1.9
v -0.5 1.5 1.9
v -0.400001 1.3 1.9
v -0.400001 1.4 1.9
v -0.400001 1.5 1.9
v 1.2 1.3 1.9
v 1.2 1.4 1.9
v 1.2 1.5 1.9
v 1.3 1.3 1.9
v 1.3 1.4 1.9
v 1.3 1.5 1.9
v -0.6 1.3 1.8
v -0.6 1.4 1.8
v -0.6 1.5 1.8
v -0.5 1.3 1.8
v -0.5 1.4 1.8
v -0.5 1.5 1.8
v 1 1.3 1.8
v 1 1.4 1.8
v 1 1.5 1.8
v 1.2 1.3 1.8
v 1.2 1.4 1.8
v 1.2 1.5 1.8
v 4 1.3 1.8
v 4 1.4 1.8
v 4 1.5 1.8
v 4.1 1.3 1.8
v 4.1 1.4 1.8
v 4.1 1.5 1.8
v -0.700001 1.3 1.7
v -0.700001 1.4 1.7
v -0.700001 1.5 1.7
v -0.6 1.3 1.7
v -0.6 1.4 1.7
v -0.6 1.5 1.7
v 0.799999 1.3 1.7
v 0.799999 1.4 1.7
v 0.799999 1.5 1.7
v 1 1.3 1.7
v 1 1.4 1.7
v 1 1.5 1.7
v -0.8 1.3 1.6
v -0.8 1.4 1.6
v -0.8 1.5 1.6
v -0.700001 1.3 1.6
v -0.700001 1.4 1.6
v -0.700001 1.5 1.6
v -0.3 1.3 1.6
v -0.3 1.4 1.6
v -0.3 1.5 1.6
v -0.200001 1.3 1.6
v -0.200001 1.4 1.6
v -0.200001 1.5 1.6
v 0.7 1.3 1.6
v 0.7 1.4 1.6
v 0.7 1.5 1.6
v 0.799999 1.3 1.6
v 0.799999 1.4 1.6
v 0.799999 1.5 1.6
v -12.8 0.6 1.5
v -12.8 0.7 1.5
v -12.7 0.6 1.5
v -12.7 0.7 1.5
v -0.900001 1.3 1.5
v -0.900001 1.4 1.5
v -0.900001 1.5 1.5
v -0.8 1.3 1.5
v -0.8 1.4 1.5
v -0.8 1.5 1.5
v -0.200001 1.3 1.5
v -0.200001 1.4 1.5
v -0.200001 1.5 1.5
v -0.1 1.3 1.5
v -0.1 1.4 1.5
v -0.1 1.5 1.5
v 0.599999 1.3 1.5
v 0.599999 1.4 1.5
v 0.599999 1.5 1.5
v 0.7 1.3 1.5
v 0.7 1.4 1.5
v 0.7 1.5 1.5
v -12.8 0.7 1.3
v -12.8 0.8 1.3
v -12.7 0.7 1.3
v -12.7 0.8 1.3
v -1 1.3 1.3
v -1 1.4 1.3
v -1 1.5 1.3
v -0.900001 1.3 1.3
v -0.900001 1.4 1.3
v -0.900001 1.5 1.3
v -0.1 1.3 1.3
v -0.1 1.4 1.3
v -0.1 1.5 1.3
v 0 1.3 1.3
v 0 1.4 1.3
v 0 1.5 1.3
v -1.1 1.3 1.2
v -1.1 1.4 1.2
v -1.1 1.5 1.2
v -1 1.3 1.2
v -1 1.4 1.2
v -1 1.5 1.2
v 0 1.3 1.2
v 0 1.4 1.2
v 0 1.5 1.2
v 0.2 1.3 1.2
v 0.2 1.4 1.2
v 0.2 1.5 1.2
v -12.8 0.8 1.1
v -12.8 0.9 1.1
v -12.7 0.8 1.1
v -12.7 0.9 1.1
v -1.2 1.3 1.1
v -1.2 1.4 1.1
v -1.2 1.5 1.1
v -1.1 1.3 1.1
v -1.1 1.4 1.1
v -1.1 1.5 1.1
v 0.2 1.3 1.1
v 0.2 1.4 1.1
v 0.2 1.5 1.1
v 0.299999 1.3 1.1
v 0.299999 1.4 1.1
v 0.299999 1.5 1.1
v 0.5 1.3 1.1
v 0.5 1.4 1.1
v 0.5 1.5 1.1
v 0.599999 1.3 1.1
v 0.599999 1.4 1.1
v 0.599999 1.5 1.1
v -12.8 1 1
v -12.8 1.3 1
v -12.7 1 1
v -12.7 1.1 1
v -12.7 1.3 1
v -12.7 1.4 1
v -12.6 1.1 1
v -12.6 1.3 1
v -12.6 1.4 1
v -1.3 1.3 1
v -1.3 1.4 1
v -1.3 1.5 1
v -1.2 1.3 1
v -1.2 1.4 1
v -1.2 1.5 1
v 0.299999 1.3 1
v 0.299999 1.4 1
v 0.299999 1.5 1
v 0.4 1.3 1
v 0.4 1.4 1
v 0.4 1.5 1
v -12.6 1.4 0.900001
v -12.6 1.5 0.900001
v -12.5 1.4 0.900001
v -12.5 1.5 0.900001
v -1.5 1.3 0.900001
v -1.5 1.4 0.900001
v -1.5 1.5 0.900001
v -1.3 1.3 0.900001
v -1.3 1.4 0.900001
v -1.3 1.5 0.900001
v 0.4 1.3 0.900001
v 0.4 1.4 0.900001
v 0.4 1.5 0.900001
v 0.5 1.3 0.900001
v 0.5 1.4 0.900001
v 0.5 1.5 0.900001
v -12.6 1.2 0.8
v -12.6 1.4 0.8
v -12.5 1.2 0.8
v -12.5 1.3 0.8
v -12.5 1.4 0.8
v -12.5 1.5 0.8
v -11.9 1.3 0.8
v -11.9 1.4 0.8
v -11.9 1.5 0.8
v -1.6 1.3 0.8
v -1.6 1.4 0.8
v -1.6 1.5 0.8
v -1.5 1.3 0.8
v -1.5 1.4 0.8
v -1.5 1.5 0.8
v -11.9 1.3 0.7
v -11.9 1.4 0.7
v -11.9 1.5 0.7
v -11.5 1.3 0.7
v -11.5 1.4 0.7
v -11.5 1.5 0.7
v -1.7 1.3 0.7
v -1.7 1.4 0.7
v -1.7 1.5 0.7
v -1.6 1.3 0.7
v -1.6 1.4 0.7
v -1.6 1.5 0.7
v -11.5 1.3 0.6
v -11.5 1.4 0.6
v -11.5 1.5 0.6
v -11.2 1.3 0.6
v -11.2 1.4 0.6
v -11.2 1.5 0.6
v -1.8 1.3 0.6
v -1.8 1.4 0.6
v -1.8 1.5 0.6
v -1.7 1.3 0.6
v -1.7 1.4 0.6
v -1.7 1.5 0.6
v 4.1 1.3 0.6
v 4.1 1.4 0.6
v 4.1 1.5 0.6
v 4.2 1.3 0.6
v 4.2 1.4 0.6
v 4.2 1.5 0.6
v -1.9 1.3 0.5
v -1.9 1.4 0.5
v -1.9 1.5 0.5
v -1.8 1.3 0.5
v -1.8 1.4 0.5
v -1.8 1.5 0.5
v -11.2 1.3 0.400001
v -11.2 1.4 0.400001
v -11.2 1.5 0.400001
v -11.1 1.3 0.400001
v -11.1 1.4 0.400001
v -11.1 1.5 0.400001
v -2 1.3 0.400001
v -2 1.4 0.400001
v -2 1.5 0.400001
v -1.9 1.3 0.400001
v -1.9 1.4 0.400001
v -1.9 1.5 0.400001
v -2.1 1.3 0.3
v -2.1 1.4 0.3
v -2.1 1.5 0.3
v -2 1.3 0.3
v -2 1.4 0.3
v -2 1.5 0.3
v -2.2 1.3 0.2
v -2.2 1.4 0.2
v -2.2 1.5 0.2
v -2.1 1.3 0.2
v -2.1 1.4 0.2
v -2.1 1.5 0.2
v -2.3 1.3 0.1
v -2.3 1.4 0.1
v -2.3 1.5 0.1
v -2.2 1.3 0.1
v -2.2 1.4 0.1
v -2.2 1.5 0.1
v -2.4 1.3 0
v -2.4 1.4 0
v -2.4 1.5 0
v -2.3 1.3 0
v -2.3 1.4 0
v -2.3 1.5 0
v -2.5 1.3 -0.0999994
v -2.5 1.4 -0.0999994
v -2.5 1.5 -0.0999994
v -2.4 1.3 -0.0999994
v -2.4 1.4 -0.0999994
v -2.4 1.5 -0.0999994
v -2.6 1.3 -0.2
v -2.6 1.4 -0.2
v -2.6 1.5 -0.2
v -2.5 1.3 -0.2
v -2.5 1.4 -0.2
v -2.5 1.5 -0.2
v -2.7 1.3 -0.3
v -2.7 1.4 -0.3
v -2.7 1.5 -0.3
v -2.6 1.3 -0.3
v -2.6 1.4 -0.3
v -2.6 1.5 -0.3
v -2.8 1.3 -0.4
v -2.8 1.4 -0.4
v -2.8 1.5 -0.4
v -2.7 1.3 -0.4
v -2.7 1.4 -0.4
v -2.7 1.5 -0.4
v -1.7 1.3 -0.4
v -1.7 1.4 -0.4
v -1.7 1.5 -0.4
v -1.6 1.3 -0.4
v -1.6 1.4 -0.4
v -1.6 1.5 -0.4
v -11.1 1.3 -0.5
v -11.1 1.4 -0.5
v -11.1 1.5 -0.5
v -11 1.3 -0.5
v -11 1.4 -0.5
v -11 1.5 -0.5
v -5.9 1.3 -0.5
v -5.9 1.4 -0.5
v -5.9 1.5 -0.5
v -5.8 1.3 -0.5
v -5.8 1.4 -0.5
v -5.8 1.5 -0.5
v -3 1.3 -0.5
v -3 1.4 -0.5
v -3 1.5 -0.5
v -2.8 1.3 -0.5
v -2.8 1.4 -0.5
v -2.8 1.5 -0.5
v -5.8 1.3 -0.599999
v -5.8 1.4 -0.599999
v -5.8 1.5 -0.599999
v -5.7 1.3 -0.599999
v -5.7 1.4 -0.599999
v -5.7 1.5 -0.599999
v -3.1 1.3 -0.599999
v -3.1 1.4 -0.599999
v -3.1 1.5 -0.599999
v -3 1.3 -0.599999
v -3 1.4 -0.599999
v -3 1.5 -0.599999
v -1.6 1.3 -0.599999
v -1.6 1.4 -0.599999
v -1.6 1.5 -0.599999
v -1.5 1.3 -0.599999
v -1.5 1.4 -0.599999
v -1.5 1.5 -0.599999
v -5.7 1.3 -0.7
v -5.7 1.4 -0.7
v -5.7 1.5 -0.7
v -5.6 1.3 -0.7
v -5.6 1.4 -0.7
v -5.6 1.5 -0.7
v -3.2 1.3 -0.7
v -3.2 1.4 -0.7
v -3.2 1.5 -0.7
v -3.1 1.3 -0.7
v -3.1 1.4 -0.7
v -3.1 1.5 -0.7
v -5.6 1.3 -0.8
v -5.6 1.4 -0.8
v -5.6 1.5 -0.8
v -5.4 1.3 -0.8
v -5.4 1.4 -0.8
v -5.4 1.5 -0.8
v -3.4 1.3 -0.8
v -3.4 1.4 -0.8
v -3.4 1.5 -0.8
v -3.2 1.3 -0.8
v -3.2 1.4 -0.8
v -3.2 1.5 -0.8
v -3 1.3 -0.8
v -3 1.4 -0.8
v -3 1.5 -0.8
v -2.9 1.3 -0.8
v -2.9 1.4 -0.8
v -2.9 1.5 -0.8
v -1.5 1.3 -0.8
v -1.5 1.4 -0.8
v -1.5 1.5 -0.8
v -1.4 1.3 -0.8
v -1.4 1.4 -0.8
v -1.4 1.5 -0.8
v -6 1.3 -0.9
v -6 1.4 -0.9
v -6 1.5 -0.9
v -5.9 1.3 -0.9
v -5.9 1.4 -0.9
v -5.9 1.5 -0.9
v -5.4 1.3 -0.9
v -5.4 1.4 -0.9
v -5.4 1.5 -0.9
v -5.3 1.3 -0.9
v -5.3 1.4 -0.9
v -5.3 1.5 -0.9
v -3.6 1.3 -0.9
v -3.6 1.4 -0.9
v -3.6 1.5 -0.9
v -3.4 1.3 -0.9
v -3.4 1.4 -0.9
v -3.4 1.5 -0.9
v -3.2 1.3 -0.9
v -3.2 1.4 -0.9
v -3.2 1.5 -0.9
v -3 1.3 -0.9
v -3 1.4 -0.9
v -3 1.5 -0.9
v -2.9 1.3 -0.9
v -2.9 1.4 -0.9
v -2.9 1.5 -0.9
v -2.8 1.3 -0.9
v -2.8 1.4 -0.9
v -2.2 1.3 -0.9
v -2.2 1.4 -0.9
v -2.2 1.5 -0.9
v -5.3 1.3 -1
v -5.3 1.4 -1
v -5.3 1.5 -1
v -5.1 1.3 -1
v -5.1 1.4 -1
v -5.1 1.5 -1
v -3.8 1.3 -1
v -3.8 1.4 -1
v -3.8 1.5 -1
v -3.6 1.3 -1
v -3.6 1.4 -1
v -3.6 1.5 -1
v -2.2 1.3 -1
v -2.2 1.4 -1
v -2.2 1.5 -1
v -1.8 1.3 -1
v -1.8 1.4 -1
v -1.8 1.5 -1
v -6.8 1.4 -1.1
v -6.8 1.5 -1.1
v -6.7 1.4 -1.1
v -6.7 1.5 -1.1
v -6.1 1.3 -1.1
v -6.1 1.4 -1.1
v -6.1 1.5 -1.1
v -6 1.3 -1.1
v -6 1.4 -1.1
v -6 1.5 -1.1
v -5.1 1.3 -1.1
v -5.1 1.4 -1.1
v -5.1 1.5 -1.1
v -5 1.3 -1.1
v -5 1.4 -1.1
v -5 1.5 -1.1
v -4.1 1.3 -1.1
v -4.1 1.4 -1.1
v -4.1 1.5 -1.1
v -3.8 1.3 -1.1
v -3.8 1.4 -1.1
v -3.8 1.5 -1.1
v -1.8 1.3 -1.1
v -1.8 1.4 -1.1
v -1.8 1.5 -1.1
v -1.7 1.3 -1.1
v -1.7 1.4 -1.1
v -1.4 1.3 -1.1
v -1.4 1.4 -1.1
v -1.4 1.5 -1.1
v -6.9 1.4 -1.2
v -6.9 1.5 -1.2
v -6.8 1.4 -1.2
v -6.8 1.5 -1.2
v -6.7 1.4 -1.2
v -6.7 1.5 -1.2
v -6.6 1.4 -1.2
v -6.6 1.5 -1.2
v -6.2 1.3 -1.2
v -6.2 1.4 -1.2
v -6.2 1.5 -1.2
v -6.1 1.3 -1.2
v -6.1 1.4 -1.2
v -6.1 1.5 -1.2
v -4.8 1.3 -1.2
v -4.8 1.4 -1.2
v -4.8 1.5 -1.2
v -4.6 1.4 -1.2
v -4.6 1.5 -1.2
v -4.1 1.3 -1.2
v -4.1 1.4 -1.2
v -4.1 1.5 -1.2
v -1.4 1.3 -1.2
v -1.4 1.4 -1.2
v -1.4 1.5 -1.2
v -1.1 1.3 -1.2
v -1.1 1.4 -1.2
v -1.1 1.5 -1.2
v -6.6 1.4 -1.3
v -6.6 1.5 -1.3
v -6.2 1.4 -1.3
v -6.2 1.5 -1.3
v -5.7 1.3 -1.3
v -5.7 1.4 -1.3
v -5.7 1.5 -1.3
v -5 1.3 -1.3
v -5 1.4 -1.3
v -4.8 1.3 -1.3
v -4.8 1.4 -1.3
v -4.8 1.5 -1.3
v -1.1 1.3 -1.3
v -1.1 1.4 -1.3
v -1.1 1.5 -1.3
v -1 1.3 -1.3
v -1 1.4 -1.3
v -1 1.5 -1.3
v -0.8 1.3 -1.3
v -0.8 1.4 -1.3
v -0.8 1.5 -1.3
v -6 1.3 -1.4
v -6 1.4 -1.4
v -6 1.5 -1.4
v -5.7 1.3 -1.4
v -5.7 1.4 -1.4
v -5.7 1.5 -1.4
v -0.8 1.3 -1.4
v -0.8 1.4 -1.4
v -0.8 1.5 -1.4
v -0.3 1.3 -1.4
v -0.3 1.4 -1.4
v -0.3 1.5 -1.4
v -6.3 1.3 -1.5
v -6.3 1.4 -1.5
v -6.3 1.5 -1.5
v -6 1.3 -1.5
v -6 1.4 -1.5
v -6 1.5 -1.5
v -0.3 1.3 -1.5
v -0.3 1.4 -1.5
v -0.3 1.5 -1.5
v 0.0999994 1.3 -1.5
v 0.0999994 1.4 -1.5
v 0.0999994 1.5 -1.5
v -6.5 1.3 -1.6
v -6.5 1.4 -1.6
v -6.5 1.5 -1.6
v -6.3 1.3 -1.6
v -6.3 1.4 -1.6
v -6.3 1.5 -1.6
v 0.0999994 1.3 -1.6
v 0.0999994 1.4 -1.6
v 0.0999994 1.5 -1.6
v 0.4 1.3 -1.6
v 0.4 1.4 -1.6
v 0.4 1.5 -1.6
v 0.4 1.3 -1.7
v 0.4 1.4 -1.7
v 0.4 1.5 -1.7
v 0.7 1.3 -1.7
v 0.7 1.4 -1.7
v 0.7 1.5 -1.7
v -6.6 1.3 -1.8
v -6.6 1.4 -1.8
v -6.6 1.5 -1.8
v -6.5 1.3 -1.8
v -6.5 1.4 -1.8
v -6.5 1.5 -1.8
v 0.7 1.3 -1.8
v 0.7 1.4 -1.8
v 0.7 1.5 -1.8
v 0.799999 1.3 -1.8
v 0.799999 1.4 -1.8
v 0.799999 1.5 -1.8
v -6.7 1.3 -1.9
v -6.7 1.4 -1.9
v -6.7 1.5 -1.9
v -6.6 1.3 -1.9
v -6.6 1.4 -1.9
v -6.6 1.5 -1.9
v -3.1 1.3 -1.9
v -3.1 1.4 -1.9
v -3.1 1.5 -1.9
v -2.1 1.3 -1.9
v -2.1 1.4 -1.9
v -2.1 1.5 -1.9
v 0.799999 1.3 -1.9
v 0.799999 1.4 -1.9
v 0.799999 1.5 -1.9
v 0.9 1.3 -1.9
v 0.9 1.4 -1.9
v 0.9 1.5 -1.9
v -6.8 1.3 -2
v -6.8 1.4 -2
v -6.8 1.5 -2
v -6.7 1.3 -2
v -6.7 1.4 -2
v -6.7 1.5 -2
v -3.6 1.3 -2
v -3.6 1.4 -2
v -3.6 1.5 -2
v -3.1 1.3 -2
v -3.1 1.4 -2
v -3.1 1.5 -2
v -2.1 1.3 -2
v -2.1 1.4 -2
v -2.1 1.5 -2
v -1.9 1.3 -2
v -1.9 1.4 -2
v -1.9 1.5 -2
v 0.9 1.3 -2
v 0.9 1.4 -2
v 0.9 1.5 -2
v 1.1 1.3 -2
v 1.1 1.4 -2
v 1.1 1.5 -2
v -1.3 1.3 -2.1
v -1.3 1.4 -2.1
v -1.3 1.5 -2.1
v -1 1.3 -2.1
v -1 1.4 -2.1
v -1 1.5 -2.1
v 1.1 1.3 -2.1
v 1.1 1.4 -2.1
v 1.1 1.5 -2.1
v 1.3 1.3 -2.1
v 1.3 1.4 -2.1
v 1.3 1.5 -2.1
v -6.9 1.3 -2.2
v -6.9 1.4 -2.2
v -6.9 1.5 -2.2
v -6.8 1.3 -2.2
v -6.8 1.4 -2.2
v -6.8 1.5 -2.2
v -1.4 1.3 -2.2
v -1.4 1.4 -2.2
v -1.4 1.5 -2.2
v -1.3 1.3 -2.2
v -1.3 1.4 -2.2
v -1.3 1.5 -2.2
v 1.3 1.3 -2.2
v 1.3 1.4 -2.2
v 1.3 1.5 -2.2
v 1.5 1.3 -2.2
v 1.5 1.4 -2.2
v 1.5 1.5 -2.2
v -7 1.3 -2.3
v -7 1.4 -2.3
v -7 1.5 -2.3
v -6.9 1.3 -2.3
v -6.9 1.4 -2.3
v -6.9 1.5 -2.3
v -1.5 1.3 -2.3
v -1.5 1.4 -2.3
v -1.5 1.5 -2.3
v -1.4 1.3 -2.3
v -1.4 1.4 -2.3
v -1.4 1.5 -2.3
v 1.5 1.3 -2.3
v 1.5 1.4 -2.3
v 1.5 1.5 -2.3
v 1.6 1.3 -2.3
v 1.6 1.4 -2.3
v 1.6 1.5 -2.3
v -5.5 1.3 -2.4
v -5.5 1.4 -2.4
v -5.5 1.5 -2.4
v -5.4 1.3 -2.4
v -5.4 1.4 -2.4
v -5.4 1.5 -2.4
v 1.6 1.3 -2.4
v 1.6 1.4 -2.4
v 1.6 1.5 -2.4
v 1.7 1.3 -2.4
v 1.7 1.4 -2.4
v 1.7 1.5 -2.4
v -7.1 1.3 -2.5
v -7.1 1.4 -2.5
v -7.1 1.5 -2.5
v -7 1.3 -2.5
v -7 1.4 -2.5
v -7 1.5 -2.5
v -5.4 1.3 -2.5
v -5.4 1.4 -2.5
v -5.4 1.5 -2.5
v -5.3 1.3 -2.5
v -5.3 1.4 -2.5
v -5.3 1.5 -2.5
v 1.7 1.3 -2.5
v 1.7 1.4 -2.5
v 1.7 1.5 -2.5
v 1.8 1.3 -2.5
v 1.8 1.4 -2.5
v 1.8 1.5 -2.5
v -7.2 1.3 -2.6
v -7.2 1.4 -2.6
v -7.2 1.5 -2.6
v -7.1 1.3 -2.6
v -7.1 1.4 -2.6
v -7.1 1.5 -2.6
v -5.3 1.3 -2.6
v -5.3 1.4 -2.6
v -5.3 1.5 -2.6
v -5.2 1.3 -2.6
v -5.2 1.4 -2.6
v -5.2 1.5 -2.6
v 1.8 1.3 -2.6
v 1.8 1.4 -2.6
v 1.8 1.5 -2.6
v 2 1.3 -2.6
v 2 1.4 -2.6
v 2 1.5 -2.6
v -2 1.3 -2.7
v -2 1.4 -2.7
v -2 1.5 -2.7
v -1.5 1.3 -2.7
v -1.5 1.4 -2.7
v -1.5 1.5 -2.7
v 2 1.3 -2.7
v 2 1.4 -2.7
v 2 1.5 -2.7
v 2.1 1.3 -2.7
v 2.1 1.4 -2.7
v 2.1 1.5 -2.7
v -7.3 1.3 -2.8
v -7.3 1.4 -2.8
v -7.3 1.5 -2.8
v -7.2 1.3 -2.8
v -7.2 1.4 -2.8
v -7.2 1.5 -2.8
v -5.2 1.3 -2.8
v -5.2 1.4 -2.8
v -5.2 1.5 -2.8
v -5.1 1.3 -2.8
v -5.1 1.4 -2.8
v -5.1 1.5 -2.8
v -2.7 1.3 -2.8
v -2.7 1.4 -2.8
v -2.7 1.5 -2.8
v -2 1.3 -2.8
v -2 1.4 -2.8
v -2 1.5 -2.8
v -1.5 1.3 -2.8
v -1.5 1.4 -2.8
v -1.5 1.5 -2.8
v 0 1.3 -2.8
v 0 1.4 -2.8
v 0 1.5 -2.8
v 2.1 1.3 -2.8
v 2.1 1.4 -2.8
v 2.1 1.5 -2.8
v 2.3 1.3 -2.8
v 2.3 1.4 -2.8
v 2.3 1.5 -2.8
v -3.6 1.3 -2.9
v -3.6 1.4 -2.9
v -3.6 1.5 -2.9
v -2.7 1.3 -2.9
v -2.7 1.4 -2.9
v -2.7 1.5 -2.9
v -7.4 1.3 -3
v -7.4 1.4 -3
v -7.4 1.5 -3
v -7.3 1.3 -3
v -7.3 1.4 -3
v -7.3 1.5 -3
v -4.3 1.3 -3
v -4.3 1.4 -3
v -4.3 1.5 -3
v -3.6 1.3 -3
v -3.6 1.4 -3
v -3.6 1.5 -3
v 2.3 1.3 -3
v 2.3 1.4 -3
v 2.3 1.5 -3
v 2.4 1.3 -3
v 2.4 1.4 -3
v 2.4 1.5 -3
v -4.4 1.3 -3.1
v -4.4 1.4 -3.1
v -4.4 1.5 -3.1
v -4.3 1.3 -3.1
v -4.3 1.4 -3.1
v -4.3 1.5 -3.1
v -12.8 0.7 -3.2
v -12.8 0.8 -3.2
v -12.7 0.7 -3.2
v -12.7 0.8 -3.2
v -7.5 1.3 -3.2
v -7.5 1.4 -3.2
v -7.5 1.5 -3.2
v -7.4 1.3 -3.2
v -7.4 1.4 -3.2
v -7.4 1.5 -3.2
v 2.4 1.3 -3.2
v 2.4 1.4 -3.2
v 2.4 1.5 -3.2
v 2.5 1.3 -3.2
v 2.5 1.4 -3.2
v 2.5 1.5 -3.2
v -4.1 1.3 -3.4
v -4.1 1.4 -3.4
v -4.1 1.5 -3.4
v -3.9 1.3 -3.4
v -3.9 1.4 -3.4
v -3.9 1.5 -3.4
v -3 1.3 -3.4
v -3 1.4 -3.4
v -3 1.5 -3.4
v -2.9 1.3 -3.4
v -2.9 1.4 -3.4
v -2.9 1.5 -3.4
v 2.5 1.3 -3.4
v 2.5 1.4 -3.4
v 2.5 1.5 -3.4
v 2.6 1.3 -3.4
v 2.6 1.4 -3.4
v 2.6 1.5 -3.4
v -4.7 1.3 -3.5
v -4.7 1.4 -3.5
v -4.7 1.5 -3.5
v -4.1 1.3 -3.5
v -4.1 1.4 -3.5
v -4.1 1.5 -3.5
v -2.9 1.3 -3.5
v -2.9 1.4 -3.5
v -2.9 1.5 -3.5
v -2.3 1.3 -3.5
v -2.3 1.4 -3.5
v -2.3 1.5 -3.5
v -1.1 1.3 -3.5
v -1.1 1.4 -3.5
v -1.1 1.5 -3.5
v -0.400001 1.3 -3.5
v -0.400001 1.4 -3.5
v -0.400001 1.5 -3.5
v 2.6 1.3 -3.5
v 2.6 1.4 -3.5
v 2.6 1.5 -3.5
v 2.7 1.3 -3.5
v 2.7 1.4 -3.5
v 2.7 1.5 -3.5
v -5.1 1.3 -3.6
v -5.1 1.4 -3.6
v -5.1 1.5 -3.6
v -4.7 1.3 -3.6
v -4.7 1.4 -3.6
v -4.7 1.5 -3.6
v -2.3 1.3 -3.6
v -2.3 1.4 -3.6
v -2.3 1.5 -3.6
v -2.1 1.3 -3.6
v -2.1 1.4 -3.6
v -2.1 1.5 -3.6
v -7.6 1.3 -3.7
v -7.6 1.4 -3.7
v -7.6 1.5 -3.7
v -7.5 1.3 -3.7
v -7.5 1.4 -3.7
v -7.5 1.5 -3.7
v -0.700001 1.3 -3.7
v -0.700001 1.4 -3.7
v -0.700001 1.5 -3.7
v -0.5 1.3 -3.7
v -0.5 1.4 -3.7
v -0.5 1.5 -3.7
v 2.7 1.3 -3.7
v 2.7 1.4 -3.7
v 2.7 1.5 -3.7
v 2.8 1.3 -3.7
v 2.8 1.4 -3.7
v 2.8 1.5 -3.7
v -3.3 1.3 -3.8
v -3.3 1.4 -3.8
v -3.3 1.5 -3.8
v -3.2 1.3 -3.8
v -3.2 1.4 -3.8
v -3.2 1.5 -3.8
v -1.1 1.3 -3.8
v -1.1 1.4 -3.8
v -1.1 1.5 -3.8
v -0.700001 1.3 -3.8
v -0.700001 1.4 -3.8
v -0.700001 1.5 -3.8
v -7.7 1.3 -3.9
v -7.7 1.4 -3.9
v -7.7 1.5 -3.9
v -7.6 1.3 -3.9
v -7.6 1.4 -3.9
v -7.6 1.5 -3.9
v -3.2 1.3 -3.9
v -3.2 1.4 -3.9
v -3.2 1.5 -3.9
v -3.1 1.3 -3.9
v -3.1 1.4 -3.9
v -3.1 1.5 -3.9
v -7.8 1.3 -4
v -7.8 1.4 -4
v -7.8 1.5 -4
v -7.7 1.3 -4
v -7.7 1.4 -4
v -7.7 1.5 -4
v -3.1 1.3 -4
v -3.1 1.4 -4
v -3.1 1.5 -4
v -3 1.3 -4
v -3 1.4 -4
v -3 1.5 -4
v -1.1 1.3 -4
v -1.1 1.4 -4
v -1.1 1.5 -4
v -0.200001 1.3 -4
v -0.200001 1.4 -4
v -0.200001 1.5 -4
v -3.4 1.3 -4.1
v -3.4 1.4 -4.1
v -3.4 1.5 -4.1
v -3.2 1.3 -4.1
v -3.2 1.4 -4.1
v -3.2 1.5 -4.1
v -3.2 1.3 -4.2
v -3.2 1.4 -4.2
v -3.2 1.5 -4.2
v -2.6 1.3 -4.2
v -2.6 1.4 -4.2
v -2.6 1.5 -4.2
v 2.8 1.3 -4.2
v 2.8 1.4 -4.2
v 2.8 1.5 -4.2
v 2.9 1.3 -4.2
v 2.9 1.4 -4.2
v 2.9 1.5 -4.2
v -2.6 1.3 -4.3
v -2.6 1.4 -4.3
v -2.6 1.5 -4.3
v -1.9 1.3 -4.3
v -1.9 1.4 -4.3
v -1.9 1.5 -4.3
v 8.2 1.4 -4.3
v 8.2 1.5 -4.3
v 9.2 1.4 -4.3
v 9.2 1.5 -4.3
v 9.2 1.4 -4.4
v 9.2 1.5 -4.4
v 9.7 1.4 -4.4
v 9.7 1.5 -4.4
v -7.9 1.3 -4.5
v -7.9 1.4 -4.5
v -7.9 1.5 -4.5
v -7.8 1.3 -4.5
v -7.8 1.4 -4.5
v -7.8 1.5 -4.5
v -5.9 1.3 -4.5
v -5.9 1.4 -4.5
v -5.9 1.5 -4.5
v -5.7 1.3 -4.5
v -5.7 1.4 -4.5
v -5.7 1.5 -4.5
v -4 1.3 -4.5
v -4 1.4 -4.5
v -4 1.5 -4.5
v -3.8 1.3 -4.5
v -3.8 1.4 -4.5
v -3.8 1.5 -4.5
v 5.5 1.4 -4.5
v 5.5 1.5 -4.5
v 6.1 1.4 -4.5
v 6.1 1.5 -4.5
v 9.7 1.4 -4.5
v 9.7 1.5 -4.5
v 10.3 1.4 -4.5
v 10.3 1.5 -4.5
v -5.7 1.3 -4.6
v -5.7 1.4 -4.6
v -5.7 1.5 -4.6
v -4.6 1.3 -4.6
v -4.6 1.4 -4.6
v -4.6 1.5 -4.6
v -1.9 1.3 -4.6
v -1.9 1.4 -4.6
v -1.9 1.5 -4.6
v -1.6 1.3 -4.6
v -1.6 1.4 -4.6
v -1.6 1.5 -4.6
v -0.400001 1.3 -4.6
v -0.400001 1.4 -4.6
v -0.400001 1.5 -4.6
v 0.5 1.3 -4.6
v 0.5 1.4 -4.6
v 0.5 1.5 -4.6
v 5.4 1.4 -4.6
v 5.4 1.5 -4.6
v 5.5 1.4 -4.6
v 5.5 1.5 -4.6
v 10.3 1.4 -4.6
v 10.3 1.5 -4.6
v 10.5 1.4 -4.6
v 10.5 1.5 -4.6
v -4.6 1.3 -4.7
v -4.6 1.4 -4.7
v -4.6 1.5 -4.7
v -4 1.3 -4.7
v -4 1.4 -4.7
v -4 1.5 -4.7
v -1.6 1.3 -4.7
v -1.6 1.4 -4.7
v -1.6 1.5 -4.7
v -1.5 1.3 -4.7
v -1.5 1.4 -4.7
v -1.5 1.5 -4.7
v 4.8 1.4 -4.7
v 4.8 1.5 -4.7
v 5.1 1.4 -4.7
v 5.1 1.5 -4.7
v 5.4 1.4 -4.7
v 5.4 1.5 -4.7
v 10.5 1.4 -4.7
v 10.5 1.5 -4.7
v 10.8 1.4 -4.7
v 10.8 1.5 -4.7
v -8 1.3 -4.8
v -8 1.4 -4.8
v -8 1.5 -4.8
v -7.9 1.3 -4.8
v -7.9 1.4 -4.8
v -7.9 1.5 -4.8
v 4.5 1.4 -4.8
v 4.5 1.5 -4.8
v 4.8 1.4 -4.8
v 4.8 1.5 -4.8
v 10.8 1.4 -4.8
v 10.8 1.5 -4.8
v 11 1.4 -4.8
v 11 1.5 -4.8
v -2.2 1.3 -4.9
v -2.2 1.4 -4.9
v -2.2 1.5 -4.9
v -1.6 1.3 -4.9
v -1.6 1.4 -4.9
v -1.6 1.5 -4.9
v 4.3 1.4 -4.9
v 4.3 1.5 -4.9
v 4.5 1.4 -4.9
v 4.5 1.5 -4.9
v 11 1.4 -4.9
v 11 1.5 -4.9
v 11.4 1.4 -4.9
v 11.4 1.5 -4.9
v -1.6 1.3 -5
v -1.6 1.4 -5
v -1.6 1.5 -5
v -0.900001 1.3 -5
v -0.900001 1.4 -5
v -0.900001 1.5 -5
v 0.2 1.3 -5
v 0.2 1.4 -5
v 0.2 1.5 -5
v 0.5 1.3 -5
v 0.5 1.4 -5
v 0.5 1.5 -5
v 4.2 1.4 -5
v 4.2 1.5 -5
v 4.3 1.4 -5
v 4.3 1.5 -5
v 11.4 1.4 -5
v 11.4 1.5 -5
v 11.6 1.4 -5
v 11.6 1.5 -5
v -0.900001 1.3 -5.1
v -0.900001 1.4 -5.1
v -0.900001 1.5 -5.1
v -0.3 1.3 -5.1
v -0.3 1.4 -5.1
v -0.3 1.5 -5.1
v -0.1 1.3 -5.1
v -0.1 1.4 -5.1
v -0.1 1.5 -5.1
v 0.2 1.3 -5.1
v 0.2 1.4 -5.1
v 0.2 1.5 -5.1
v 4 1.4 -5.1
v 4 1.5 -5.1
v 4.2 1.4 -5.1
v 4.2 1.5 -5.1
v 11.6 1.4 -5.1
v 11.6 1.5 -5.1
v 11.8 1.4 -5.1
v 11.8 1.5 -5.1
v -0.3 1.3 -5.2
v -0.3 1.4 -5.2
v -0.3 1.5 -5.2
v -0.1 1.3 -5.2
v -0.1 1.4 -5.2
v -0.1 1.5 -5.2
v 11.8 1.4 -5.2
v 11.8 1.5 -5.2
v 12 1.4 -5.2
v 12 1.5 -5.2
v -1.7 1.3 -5.3
v -1.7 1.4 -5.3
v -1.7 1.5 -5.3
v -1.4 1.3 -5.3
v -1.4 1.4 -5.3
v -1.4 1.5 -5.3
v 12 1.4 -5.3
v 12 1.5 -5.3
v 12.2 1.4 -5.3
v 12.2 1.5 -5.3
v -4.4 1.3 -5.4
v -4.4 1.4 -5.4
v -4.4 1.5 -5.4
v -4.2 1.3 -5.4
v -4.2 1.4 -5.4
v -4.2 1.5 -5.4
v 3.9 1.4 -5.4
v 3.9 1.5 -5.4
v 4 1.4 -5.4
v 4 1.5 -5.4
v 12.2 1.4 -5.4
v 12.2 1.5 -5.4
v 12.3 1.4 -5.4
v 12.3 1.5 -5.4
v -4.2 1.3 -5.5
v -4.2 1.4 -5.5
v -4.2 1.5 -5.5
v -3.8 1.3 -5.5
v -3.8 1.4 -5.5
v -3.8 1.5 -5.5
v 0.599999 1.3 -5.5
v 0.599999 1.4 -5.5
v 0.599999 1.5 -5.5
v 0.7 1.3 -5.5
v 0.7 1.4 -5.5
v 0.7 1.5 -5.5
v 12.3 1.4 -5.5
v 12.3 1.5 -5.5
v 12.5 1.4 -5.5
v 12.5 1.5 -5.5
v -3.8 1.3 -5.6
v -3.8 1.4 -5.6
v -3.8 1.5 -5.6
v -2.4 1.3 -5.6
v -2.4 1.4 -5.6
v -2.4 1.5 -5.6
v 12.5 1.4 -5.6
v 12.5 1.5 -5.6
v 12.6 1.4 -5.6
v 12.6 1.5 -5.6
v -2.4 1.3 -5.7
v -2.4 1.4 -5.7
v -2.4 1.5 -5.7
v -0.200001 1.3 -5.7
v -0.200001 1.4 -5.7
v -0.200001 1.5 -5.7
v -0.200001 1.3 -5.8
v -0.200001 1.4 -5.8
v -0.200001 1.5 -5.8
v 0.7 1.3 -5.8
v 0.7 1.4 -5.8
v 0.7 1.5 -5.8
v 0.7 1.3 -5.9
v 0.7 1.4 -5.9
v 0.7 1.5 -5.9
v 1.3 1.3 -5.9
v 1.3 1.4 -5.9
v 1.3 1.5 -5.9
v -12.8 0.3 -6.3
v -12.8 0.4 -6.3
v -12.7 0.3 -6.3
v -12.7 0.4 -6.3
v -6.6 1.3 -6.5
v -6.6 1.4 -6.5
v -6.6 1.5 -6.5
v -6.5 1.3 -6.5
v -6.5 1.4 -6.5
v -6.5 1.5 -6.5
v -6.5 1.3 -6.6
v -6.5 1.4 -6.6
v -6.5 1.5 -6.6
v -6.3 1.3 -6.6
v -6.3 1.4 -6.6
v -6.3 1.5 -6.6
v -6.3 1.3 -6.7
v -6.3 1.4 -6.7
v -6.3 1.5 -6.7
v -5.9 1.3 -6.7
v -5.9 1.4 -6.7
v -5.9 1.5 -6.7
v 0.799999 1.3 -6.7
v 0.799999 1.4 -6.7
v 0.799999 1.5 -6.7
v 1.3 1.3 -6.7
v 1.3 1.4 -6.7
v 1.3 1.5 -6.7
v -5.9 1.3 -6.8
v -5.9 1.4 -6.8
v -5.9 1.5 -6.8
v -5.5 1.3 -6.8
v -5.5 1.4 -6.8
v -5.5 1.5 -6.8
v -5.5 1.3 -6.9
v -5.5 1.4 -6.9
v -5.5 1.5 -6.9
v -4.7 1.3 -6.9
v -4.7 1.4 -6.9
v -4.7 1.5 -6.9
v -3.7 1.3 -6.9
v -3.7 1.4 -6.9
v -3.7 1.5 -6.9
v -3.4 1.3 -6.9
v -3.4 1.4 -6.9
v -3.4 1.5 -6.9
v -2.8 1.3 -6.9
v -2.8 1.4 -6.9
v -2.8 1.5 -6.9
v -2.7 1.3 -6.9
v -2.7 1.4 -6.9
v -2.7 1.5 -6.9
v -4.7 1.3 -7
v -4.7 1.4 -7
v -4.7 1.5 -7
v -4.5 1.3 -7
v -4.5 1.4 -7
v -4.5 1.5 -7
v -3.9 1.3 -7
v -3.9 1.4 -7
v -3.9 1.5 -7
v -3.7 1.3 -7
v -3.7 1.4 -7
v -3.7 1.5 -7
v -2.7 1.3 -7
v -2.7 1.4 -7
v -2.7 1.5 -7
v -1.8 1.3 -7
v -1.8 1.4 -7
v -1.8 1.5 -7
v 1.7 1.3 -7
v 1.7 1.4 -7
v 1.7 1.5 -7
v 1.9 1.3 -7
v 1.9 1.4 -7
v 1.9 1.5 -7
v -4.1 1.3 -7.1
v -4.1 1.4 -7.1
v -4.1 1.5 -7.1
v -3.9 1.3 -7.1
v -3.9 1.4 -7.1
v -3.9 1.5 -7.1
v -1.8 1.3 -7.1
v -1.8 1.4 -7.1
v -1.8 1.5 -7.1
v -0.6 1.3 -7.1
v -0.6 1.4 -7.1
v -0.6 1.5 -7.1
v 1.4 1.3 -7.1
v 1.4 1.4 -7.1
v 1.4 1.5 -7.1
v 1.7 1.3 -7.1
v 1.7 1.4 -7.1
v 1.7 1.5 -7.1
v -12.8 0.3 -7.2
v -12.8 0.4 -7.2
v -12.7 0.3 -7.2
v -12.7 0.4 -7.2
v -0.6 1.3 -7.2
v -0.6 1.4 -7.2
v -0.6 1.5 -7.2
v 1.4 1.3 -7.2
v 1.4 1.4 -7.2
v 1.4 1.5 -7.2
v 5.8 1.2 -7.5
v 5.8 1.4 -7.5
v 5.8 1.5 -7.5
v 5.9 1.2 -7.5
v 5.9 1.4 -7.5
v 5.9 1.5 -7.5
v 5.9 1.2 -7.6
v 5.9 1.4 -7.6
v 5.9 1.5 -7.6
v 6.2 1.2 -7.6
v 6.2 1.4 -7.6
v 6.2 1.5 -7.6
v -5 1.3 -7.7
v -5 1.4 -7.7
v -5 1.5 -7.7
v -4.9 1.3 -7.7
v -4.9 1.4 -7.7
v -4.9 1.5 -7.7
v 6.2 1.2 -7.7
v 6.2 1.4 -7.7
v 6.2 1.5 -7.7
v 6.5 1.2 -7.7
v 6.5 1.4 -7.7
v 6.5 1.5 -7.7
v -4.9 1.3 -7.8
v -4.9 1.4 -7.8
v -4.9 1.5 -7.8
v -4.1 1.3 -7.8
v -4.1 1.4 -7.8
v -4.1 1.5 -7.8
v -0.900001 1.3 -7.8
v -0.900001 1.4 -7.8
v -0.900001 1.5 -7.8
v -0.700001 1.3 -7.8
v -0.700001 1.4 -7.8
v -0.700001 1.5 -7.8
v 6.5 1.2 -7.8
v 6.5 1.4 -7.8
v 6.5 1.5 -7.8
v 6.9 1.2 -7.8
v 6.9 1.4 -7.8
v 6.9 1.5 -7.8
v -4.1 1.3 -7.9
v -4.1 1.4 -7.9
v -4.1 1.5 -7.9
v -0.900001 1.3 -7.9
v -0.900001 1.4 -7.9
v -0.900001 1.5 -7.9
v 6.9 1.2 -7.9
v 6.9 1.4 -7.9
v 6.9 1.5 -7.9
v 7.3 1.2 -7.9
v 7.3 1.4 -7.9
v 7.3 1.5 -7.9
v 5.7 1.2 -8
v 5.7 1.4 -8
v 5.7 1.5 -8
v 5.8 1.2 -8
v 5.8 1.4 -8
v 5.8 1.5 -8
v 7.3 1.2 -8
v 7.3 1.4 -8
v 7.3 1.5 -8
v 7.6 1.2 -8
v 7.6 1.4 -8
v 7.6 1.5 -8
v 7.6 1.2 -8.1
v 7.6 1.4 -8.1
v 7.6 1.5 -8.1
v 8 1.2 -8.1
v 8 1.4 -8.1
v 8 1.5 -8.1
v -12.8 0.4 -8.2
v -12.8 0.5 -8.2
v -12.7 0.4 -8.2
v -12.7 0.5 -8.2
v 8 1.2 -8.2
v 8 1.4 -8.2
v 8 1.5 -8.2
v 8.3 1.2 -8.2
v 8.3 1.4 -8.2
v 8.3 1.5 -8.2
v 8.3 1.2 -8.3
v 8.3 1.4 -8.3
v 8.3 1.5 -8.3
v 8.7 1.2 -8.3
v 8.7 1.4 -8.3
v 8.7 1.5 -8.3
v 8.7 1.2 -8.4
v 8.7 1.4 -8.4
v 8.7 1.5 -8.4
v 9 1.2 -8.4
v 9 1.4 -8.4
v 9 1.5 -8.4
v 9 1.2 -8.5
v 9 1.4 -8.5
v 9 1.5 -8.5
v 9.6 1.2 -8.5
v 9.6 1.4 -8.5
v 9.6 1.5 -8.5
v 9.6 1.2 -8.6
v 9.6 1.4 -8.6
v 9.6 1.5 -8.6
v 10 1.2 -8.6
v 10 1.4 -8.6
v 10 1.5 -8.6
v 12.1 1.2 -8.6
v 12.1 1.4 -8.6
v 12.1 1.5 -8.6
v 12.4 1.2 -8.6
v 12.4 1.4 -8.6
v 12.4 1.5 -8.6
v -12.8 0.5 -8.7
v -12.8 0.6 -8.7
v -12.7 0.5 -8.7
v -12.7 0.6 -8.7
v 10 1.2 -8.7
v 10 1.4 -8.7
v 10 1.5 -8.7
v 10.4 1.2 -8.7
v 10.4 1.4 -8.7
v 10.4 1.5 -8.7
v 11.8 1.2 -8.7
v 11.8 1.4 -8.7
v 11.8 1.5 -8.7
v 12.1 1.2 -8.7
v 12.1 1.4 -8.7
v 12.1 1.5 -8.7
v 12.4 1.2 -8.7
v 12.4 1.4 -8.7
v 12.4 1.5 -8.7
v 12.5 1.2 -8.7
v 12.5 1.4 -8.7
v 12.5 1.5 -8.7
v 10.4 1.2 -8.8
v 10.4 1.4 -8.8
v 10.4 1.5 -8.8
v 11.8 1.2 -8.8
v 11.8 1.4 -8.8
v 11.8 1.5 -8.8
v 12.5 1.2 -8.9
v 12.5 1.4 -8.9
v 12.5 1.5 -8.9
v 12.6 1.2 -8.9
v 12.6 1.3 -8.9
v 12.6 1.4 -8.9
v 12.6 1.5 -8.9
v 5.6 1.2 -9.1
v 5.6 1.4 -9.1
v 5.6 1.5 -9.1
v 5.7 1.2 -9.1
v 5.7 1.4 -9.1
v 5.7 1.5 -9.1
v -12.8 0.6 -9.2
v -12.8 0.7 -9.2
v -12.7 0.6 -9.2
v -12.7 0.7 -9.2
v 8.5 1.2 -9.2
v 8.5 1.4 -9.2
v 8.5 1.5 -9.2
v 8.6 1.2 -9.2
v 8.6 1.4 -9.2
v 8.6 1.5 -9.2
v 6.4 1.2 -9.5
v 6.4 1.4 -9.5
v 6.4 1.5 -9.5
v 6.5 1.2 -9.5
v 6.5 1.4 -9.5
v 6.5 1.5 -9.5
v -12.8 0.7 -9.6
v -12.8 0.8 -9.6
v -12.7 0.2 -9.6
v -12.7 0.3 -9.6
v -12.7 0.7 -9.6
v -12.7 0.8 -9.6
v -12.6 0.1 -9.6
v -12.6 0.2 -9.6
v -12.6 0.3 -9.6
v -12.5 0 -9.6
v -12.5 0.1 -9.6
v -12.5 0.2 -9.6
v -12.4 0 -9.6
v -12.4 0.1 -9.6
v 5.5 1.2 -9.6
v 5.5 1.4 -9.6
v 5.5 1.5 -9.6
v 5.6 1.2 -9.6
v 5.6 1.4 -9.6
v 5.6 1.5 -9.6
v 10.4 1.2 -9.6
v 10.4 1.4 -9.6
v 10.4 1.5 -9.6
v 10.5 1.2 -9.6
v 10.5 1.4 -9.6
v 10.5 1.5 -9.6
v 12.4 0 -9.6
v 12.4 0.1 -9.6
v 12.5 0 -9.6
v 12.5 0.1 -9.6
v 12.5 0.2 -9.6
v 12.6 0.1 -9.6
v 12.6 0.2 -9.6
v 12.6 0.3 -9.6
v 12.7 0.2 -9.6
v 12.7 0.3 -9.6
v -12.7 0.3 -9.7
v -12.7 0.4 -9.7
v -12.6 0.2 -9.7
v -12.6 0.3 -9.7
v -12.6 0.4 -9.7
v -12.6 1.4 -9.7
v -12.6 1.5 -9.7
v -12.5 0.1 -9.7
v -12.5 0.2 -9.7
v -12.5 0.3 -9.7
v -12.5 1.4 -9.7
v -12.5 1.5 -9.7
v -12.4 0 -9.7
v -12.4 0.1 -9.7
v -12.4 0.2 -9.7
v 12.4 0 -9.7
v 12.4 0.1 -9.7
v 12.4 0.2 -9.7
v 12.5 0.1 -9.7
v 12.5 0.2 -9.7
v 12.5 0.3 -9.7
v 12.5 1.4 -9.7
v 12.5 1.5 -9.7
v 12.6 0.2 -9.7
v 12.6 0.3 -9.7
v 12.6 1.4 -9.7
v 12.6 1.5 -9.7
v -12.8 1.2 -9.8
v -12.8 1.3 -9.8
v -12.7 0.4 -9.8
v -12.7 0.5 -9.8
v -12.7 1.2 -9.8
v -12.7 1.3 -9.8
v -12.7 1.4 -9.8
v -12.6 0.3 -9.8
v -12.6 0.4 -9.8
v -12.6 0.5 -9.8
v -12.6 1.3 -9.8
v -12.6 1.4 -9.8
v -12.5 0.2 -9.8
v -12.5 0.3 -9.8
v -12.5 0.4 -9.8
v -12.5 1.4 -9.8
v -12.5 1.5 -9.8
v -12.4 0.1 -9.8
v -12.4 0.2 -9.8
v -12.4 0.3 -9.8
v -4.6 1.4 -9.8
v -4.6 1.5 -9.8
v -0.900001 1.4 -9.8
v -0.900001 1.5 -9.8
v 5.5 1.4 -9.8
v 5.5 1.5 -9.8
v 6.5 1.4 -9.8
v 6.5 1.5 -9.8
v 7.8 1.4 -9.8
v 7.8 1.5 -9.8
v 8.4 1.4 -9.8
v 8.4 1.5 -9.8
v 9.9 1.4 -9.8
v 9.9 1.5 -9.8
v 10.4 1.4 -9.8
v 10.4 1.5 -9.8
v 11.6 1.4 -9.8
v 11.6 1.5 -9.8
v 12.2 1.4 -9.8
v 12.2 1.5 -9.8
v 12.4 0.1 -9.8
v 12.4 0.2 -9.8
v 12.4 0.3 -9.8
v 12.5 0.2 -9.8
v 12.5 0.3 -9.8
v 12.5 1.4 -9.8
v 12.5 1.5 -9.8
v 12.6 1.3 -9.8
v 12.6 1.4 -9.8
v 12.7 1.2 -9.8
v 12.7 1.3 -9.8
v 12.7 1.4 -9.8
v 12.8 1.2 -9.8
v 12.8 1.3 -9.8
v -12.8 1 -9.9
v -12.8 1.2 -9.9
v -12.7 0.5 -9.9
v -12.7 0.8 -9.9
v -12.7 1 -9.9
v -12.7 1.2 -9.9
v -12.7 1.3 -9.9
v -12.6 0.4 -9.9
v -12.6 0.5 -9.9
v -12.6 0.7 -9.9
v -12.6 0.8 -9.9
v -12.6 1.2 -9.9
v -12.6 1.3 -9.9
v -12.6 1.4 -9.9
v -12.5 0.3 -9.9
v -12.5 0.4 -9.9
v -12.4 0.2 -9.9
v -12.4 0.3 -9.9
v -12.4 0.6 -9.9
v -12.4 0.7 -9.9
v -12 0.5 -9.9
v -12 0.6 -9.9
v -3.1 0.5 -9.9
v -3.1 0.6 -9.9
v -2.5 0.6 -9.9
v -2.5 0.7 -9.9
v -1.9 0.7 -9.9
v -1.9 0.8 -9.9
v -0.6 0.8 -9.9
v -0.6 0.9 -9.9
v 0.599999 0.8 -9.9
v 0.599999 0.9 -9.9
v 0.799999 0.7 -9.9
v 0.799999 0.8 -9.9
v 1.1 0.6 -9.9
v 1.1 0.7 -9.9
v 1.3 0.5 -9.9
v 1.3 0.6 -9.9
v 1.6 0.5 -9.9
v 1.6 0.6 -9.9
v 1.9 0.6 -9.9
v 1.9 0.7 -9.9
v 2.2 0.7 -9.9
v 2.2 0.8 -9.9
v 2.5 0.8 -9.9
v 2.5 0.9 -9.9
v 2.7 0.8 -9.9
v 2.7 0.9 -9.9
v 3 0.8 -9.9
v 3 0.9 -9.9
v 3.2 0.2 -9.9
v 3.2 0.3 -9.9
v 3.2 0.5 -9.9
v 3.2 0.8 -9.9
v 3.2 0.9 -9.9
v 3.3 0.5 -9.9
v 3.3 0.8 -9.9
v 3.5 0.5 -9.9
v 3.5 0.7 -9.9
v 3.6 0.2 -9.9
v 3.6 0.3 -9.9
v 3.6 0.5 -9.9
v 3.6 0.7 -9.9
v 3.6 0.8 -9.9
v 4 0.7 -9.9
v 4 0.8 -9.9
v 4.6 0.7 -9.9
v 4.6 0.8 -9.9
v 4.9 0.8 -9.9
v 4.9 0.9 -9.9
v 5 0.8 -9.9
v 5 0.9 -9.9
v 5.1 0.2 -9.9
v 5.1 0.3 -9.9
v 5.1 0.5 -9.9
v 5.1 0.7 -9.9
v 5.1 0.8 -9.9
v 5.2 0.2 -9.9
v 5.2 0.3 -9.9
v 5.2 0.5 -9.9
v 5.2 0.7 -9.9
v 5.2 0.8 -9.9
v 5.2 0.9 -9.9
v 5.3 0.5 -9.9
v 5.3 0.8 -9.9
v 5.5 0.8 -9.9
v 5.5 0.9 -9.9
v 5.5 1.3 -9.9
v 5.5 1.4 -9.9
v 5.7 0.7 -9.9
v 5.7 0.8 -9.9
v 5.9 0.7 -9.9
v 5.9 0.8 -9.9
v 6.1 0.8 -9.9
v 6.1 0.9 -9.9
v 6.4 0.8 -9.9
v 6.4 0.9 -9.9
v 6.5 1.3 -9.9
v 6.5 1.4 -9.9
v 6.9 0.7 -9.9
v 6.9 0.8 -9.9
v 7.2 0.6 -9.9
v 7.2 0.7 -9.9
v 7.3 0.2 -9.9
v 7.3 0.3 -9.9
v 7.3 0.6 -9.9
v 7.4 0.2 -9.9
v 7.4 0.3 -9.9
v 7.5 0.3 -9.9
v 7.5 0.4 -9.9
v 7.6 0.4 -9.9
v 7.6 0.5 -9.9
v 7.7 0.5 -9.9
v 7.7 0.6 -9.9
v 7.8 0.6 -9.9
v 7.8 0.7 -9.9
v 7.8 1.3 -9.9
v 7.8 1.4 -9.9
v 7.9 0.7 -9.9
v 7.9 0.8 -9.9
v 8 0.8 -9.9
v 8 0.9 -9.9
v 8.2 0.8 -9.9
v 8.2 0.9 -9.9
v 8.3 0.8 -9.9
v 8.3 0.9 -9.9
v 8.4 0.7 -9.9
v 8.4 0.8 -9.9
v 8.4 1.3 -9.9
v 8.4 1.4 -9.9
v 8.5 0.6 -9.9
v 8.5 0.7 -9.9
v 8.6 0.4 -9.9
v 8.6 0.6 -9.9
v 8.7 0.3 -9.9
v 8.7 0.4 -9.9
v 8.8 0.3 -9.9
v 8.8 0.4 -9.9
v 8.9 0.4 -9.9
v 8.9 0.6 -9.9
v 9 0.6 -9.9
v 9 0.8 -9.9
v 9.4 0.7 -9.9
v 9.4 0.8 -9.9
v 10 1.3 -9.9
v 10 1.4 -9.9
v 10.1 0.6 -9.9
v 10.1 0.7 -9.9
v 10.3 0.5 -9.9
v 10.3 0.6 -9.9
v 10.4 1.3 -9.9
v 10.4 1.4 -9.9
v 10.5 1.3 -9.9
v 11.5 0.5 -9.9
v 11.5 0.6 -9.9
v 11.7 0.5 -9.9
v 11.7 0.6 -9.9
v 11.7 1.3 -9.9
v 11.7 1.4 -9.9
v 11.9 0.5 -9.9
v 11.9 0.6 -9.9
v 12.2 1.3 -9.9
v 12.2 1.4 -9.9
v 12.3 0.5 -9.9
v 12.3 0.6 -9.9
v 12.3 1.3 -9.9
v 12.4 0.2 -9.9
v 12.4 0.3 -9.9
v 12.4 0.4 -9.9
v 12.4 0.5 -9.9
v 12.5 0.3 -9.9
v 12.5 0.4 -9.9
v 12.6 1.2 -9.9
v 12.6 1.3 -9.9
v 12.6 1.4 -9.9
v 12.7 0.3 -9.9
v 12.7 0.5 -9.9
v 12.7 1 -9.9
v 12.7 1.2 -9.9
v 12.7 1.3 -9.9
v 12.8 0.3 -9.9
v 12.8 0.5 -9.9
v 12.8 1 -9.9
v 12.8 1.2 -9.9
v -12.8 0.8 -10
v -12.8 1 -10
v -12.7 1 -10
v -12.7 1.2 -10
v -12.6 0.7 -10
v -12.6 0.8 -10
v -12.6 1.2 -10
v -12.6 1.3 -10
v -12.4 0.6 -10
v -12.4 0.7 -10
v -12 0.5 -10
v -12 0.6 -10
v -3.1 0.5 -10
v -3.1 0.6 -10
v -2.5 0.6 -10
v -2.5 0.7 -10
v -1.9 0.7 -10
v -1.9 0.8 -10
v -0.6 0.8 -10
v -0.6 0.9 -10
v 0.599999 0.8 -10
v 0.599999 0.9 -10
v 0.799999 0.7 -10
v 0.799999 0.8 -10
v 1.1 0.6 -10
v 1.1 0.7 -10
v 1.3 0.5 -10
v 1.3 0.6 -10
v 1.6 0.5 -10
v 1.6 0.6 -10
v 1.9 0.6 -10
v 1.9 0.7 -10
v 2.2 0.7 -10
v 2.2 0.8 -10
v 2.5 0.8 -10
v 2.5 0.9 -10
v 2.7 0.8 -10
v 2.7 0.9 -10
v 3 0.8 -10
v 3 0.9 -10
v 3.2 0.2 -10
v 3.2 0.5 -10
v 3.2 0.8 -10
v 3.2 0.9 -10
v 3.3 0.1 -10
v 3.3 0.2 -10
v 3.3 0.5 -10
v 3.3 0.8 -10
v 3.4 0.1 -10
v 3.4 0.2 -10
v 3.5 0.5 -10
v 3.5 0.7 -10
v 3.6 0.2 -10
v 3.6 0.5 -10
v 3.6 0.7 -10
v 3.6 0.8 -10
v 4 0.7 -10
v 4 0.8 -10
v 4.6 0.7 -10
v 4.6 0.8 -10
v 4.9 0.8 -10
v 4.9 0.9 -10
v 5 0.8 -10
v 5 0.9 -10
v 5.1 0.2 -10
v 5.1 0.5 -10
v 5.1 0.7 -10
v 5.1 0.8 -10
v 5.2 0.2 -10
v 5.2 0.5 -10
v 5.2 0.7 -10
v 5.2 0.8 -10
v 5.2 0.9 -10
v 5.3 0.5 -10
v 5.3 0.8 -10
v 5.5 0.8 -10
v 5.5 0.9 -10
v 5.5 1.3 -10
v 5.7 0.7 -10
v 5.7 0.8 -10
v 5.9 0.7 -10
v 5.9 0.8 -10
v 6.1 0.8 -10
v 6.1 0.9 -10
v 6.4 0.8 -10
v 6.4 0.9 -10
v 6.4 1.1 -10
v 6.5 1.1 -10
v 6.5 1.3 -10
v 6.9 0.7 -10
v 6.9 0.8 -10
v 7.2 0.6 -10
v 7.2 0.7 -10
v 7.3 0.2 -10
v 7.3 0.6 -10
v 7.4 0.2 -10
v 7.4 0.3 -10
v 7.5 0.3 -10
v 7.5 0.4 -10
v 7.6 0.4 -10
v 7.6 0.5 -10
v 7.7 0.5 -10
v 7.7 0.6 -10
v 7.7 0.7 -10
v 7.7 1.2 -10
v 7.8 0.6 -10
v 7.8 0.7 -10
v 7.8 1.2 -10
v 7.8 1.3 -10
v 7.9 0.7 -10
v 7.9 0.8 -10
v 8 0.8 -10
v 8 0.9 -10
v 8.2 0.9 -10
v 8.2 1 -10
v 8.3 0.8 -10
v 8.3 0.9 -10
v 8.3 1 -10
v 8.3 1.3 -10
v 8.4 0.7 -10
v 8.4 0.8 -10
v 8.5 0.6 -10
v 8.5 0.7 -10
v 8.6 0.4 -10
v 8.6 0.6 -10
v 8.7 0.3 -10
v 8.7 0.4 -10
v 8.8 0.3 -10
v 8.8 0.4 -10
v 8.9 0.4 -10
v 8.9 0.6 -10
v 9 0.6 -10
v 9 0.8 -10
v 9.4 0.7 -10
v 9.4 0.8 -10
v 10 1 -10
v 10 1.3 -10
v 10.1 0.6 -10
v 10.1 0.7 -10
v 10.1 1 -10
v 10.3 0.5 -10
v 10.3 0.6 -10
v 10.5 1.2 -10
v 10.5 1.3 -10
v 10.6 1 -10
v 10.6 1.2 -10
v 10.7 0.8 -10
v 10.7 1 -10
v 11.4 0.8 -10
v 11.4 0.9 -10
v 11.5 0.5 -10
v 11.5 0.6 -10
v 11.5 0.9 -10
v 11.5 1 -10
v 11.7 0.5 -10
v 11.7 0.6 -10
v 11.7 1 -10
v 11.7 1.1 -10
v 11.8 1.1 -10
v 11.8 1.3 -10
v 11.9 0.5 -10
v 11.9 0.6 -10
v 11.9 0.7 -10
v 12.2 0.7 -10
v 12.2 0.8 -10
v 12.3 0.5 -10
v 12.3 0.6 -10
v 12.3 0.8 -10
v 12.3 0.9 -10
v 12.3 1.1 -10
v 12.3 1.3 -10
v 12.4 0.4 -10
v 12.4 0.5 -10
v 12.4 0.9 -10
v 12.4 1.1 -10
v 12.5 0.3 -10
v 12.5 0.4 -10
v 12.6 1.2 -10
v 12.6 1.3 -10
v 12.7 0.3 -10
v 12.7 0.5 -10
v 12.7 1 -10
v 12.7 1.2 -10
v 12.8 0.5 -10
v 12.8 1 -10
v -12.4 0 9.7
v 12.4 0 9.7
v -12.5 0 9.6
v -12.4 0 9.6
v 12.4 0 9.6
v 12.5 0 9.6
v -12.5 0 -9.6
v -12.4 0 -9.6
v 12.4 0 -9.6
v 12.5 0 -9.6
v -12.4 0 -9.7
v 12.4 0 -9.7
v -12.4 0.1 9.8
v 12.4 0.1 9.8
v -12.5 0.1 9.7
v -12.4 0.1 9.7
v 12.4 0.1 9.7
v 12.5 0.1 9.7
v -12.6 0.1 9.6
v -12.5 0.1 9.6
v -12.4 0.1 9.6
v 12.4 0.1 9.6
v 12.5 0.1 9.6
v 12.6 0.1 9.6
v -12.6 0.1 -9.6
v -12.5 0.1 -9.6
v -12.4 0.1 -9.6
v 12.4 0.1 -9.6
v 12.5 0.1 -9.6
v 12.6 0.1 -9.6
v -12.5 0.1 -9.7
v -12.4 0.1 -9.7
v 12.4 0.1 -9.7
v 12.5 0.1 -9.7
v -12.4 0.1 -9.8
v 12.4 0.1 -9.8
v 3.3 0.1 -9.9
v 3.4 0.1 -9.9
v 3.3 0.1 -10
v 3.4 0.1 -10
v -12.4 0.2 9.9
v 12.4 0.2 9.9
v -12.5 0.2 9.8
v -12.4 0.2 9.8
v 12.4 0.2 9.8
v 12.5 0.2 9.8
v -12.6 0.2 9.7
v -12.5 0.2 9.7
v -12.4 0.2 9.7
v 12.4 0.2 9.7
v 12.5 0.2 9.7
v 12.6 0.2 9.7
v -12.7 0.2 9.6
v -12.6 0.2 9.6
v -12.5 0.2 9.6
v 12.5 0.2 9.6
v 12.6 0.2 9.6
v 12.7 0.2 9.6
v -12.7 0.2 -9.6
v -12.6 0.2 -9.6
v -12.5 0.2 -9.6
v 12.5 0.2 -9.6
v 12.6 0.2 -9.6
v 12.7 0.2 -9.6
v -12.6 0.2 -9.7
v -12.5 0.2 -9.7
v -12.4 0.2 -9.7
v 12.4 0.2 -9.7
v 12.5 0.2 -9.7
v 12.6 0.2 -9.7
v -12.5 0.2 -9.8
v -12.4 0.2 -9.8
v 12.4 0.2 -9.8
v 12.5 0.2 -9.8
v -12.4 0.2 -9.9
v 3.2 0.2 -9.9
v 3.3 0.2 -9.9
v 3.4 0.2 -9.9
v 3.6 0.2 -9.9
v 5.1 0.2 -9.9
v 5.2 0.2 -9.9
v 7.3 0.2 -9.9
v 7.4 0.2 -9.9
v 12.4 0.2 -9.9
v 3.2 0.2 -10
v 3.3 0.2 -10
v 3.4 0.2 -10
v 3.6 0.2 -10
v 5.1 0.2 -10
v 5.2 0.2 -10
v 7.3 0.2 -10
v 7.4 0.2 -10
v 4 0.3 10
v 4.4 0.3 10
v -12.5 0.3 9.9
v -12.4 0.3 9.9
v 4 0.3 9.9
v 4.4 0.3 9.9
v 12.4 0.3 9.9
v 12.5 0.3 9.9
v -12.6 0.3 9.8
v -12.5 0.3 9.8
v -12.4 0.3 9.8
v 12.4 0.3 9.8
v 12.5 0.3 9.8
v 12.6 0.3 9.8
v -12.7 0.3 9.7
v -12.6 0.3 9.7
v -12.5 0.3 9.7
v 12.5 0.3 9.7
v 12.6 0.3 9.7
v 12.7 0.3 9.7
v -12.7 0.3 9.6
v -12.6 0.3 9.6
v 12.6 0.3 9.6
v 12.7 0.3 9.6
v -12.8 0.3 3.9
v -12.7 0.3 3.9
v -12.8 0.3 2.9
v -12.7 0.3 2.9
v -12.8 0.3 -6.2
v -12.7 0.3 -6.2
v -12.8 0.3 -6.3
v -12.7 0.3 -6.3
v -12.8 0.3 -6.6
v -12.7 0.3 -6.6
v -12.8 0.3 -7.2
v -12.7 0.3 -7.2
v 12.7 0.3 -7.7
v 12.8 0.3 -7.7
v -12.7 0.3 -9.6
v -12.6 0.3 -9.6
v 12.6 0.3 -9.6
v 12.7 0.3 -9.6
v -12.7 0.3 -9.7
v -12.6 0.3 -9.7
v -12.5 0.3 -9.7
v 12.5 0.3 -9.7
v 12.6 0.3 -9.7
v -12.6 0.3 -9.8
v -12.5 0.3 -9.8
v -12.4 0.3 -9.8
v 12.4 0.3 -9.8
v 12.5 0.3 -9.8
v -12.5 0.3 -9.9
v -12.4 0.3 -9.9
v 7.4 0.3 -9.9
v 7.5 0.3 -9.9
v 8.7 0.3 -9.9
v 8.8 0.3 -9.9
v 12.4 0.3 -9.9
v 12.5 0.3 -9.9
v 12.7 0.3 -9.9
v 12.8 0.3 -9.9
v 7.4 0.3 -10
v 7.5 0.3 -10
v 8.7 0.3 -10
v 8.8 0.3 -10
v 12.5 0.3 -10
v 12.7 0.3 -10
v -7.9 0.4 10
v -7.3 0.4 10
v 3.7 0.4 10
v 4 0.4 10
v 4.4 0.4 10
v 4.6 0.4 10
v 12.2 0.4 10
v 12.7 0.4 10
v -12.6 0.4 9.9
v -12.5 0.4 9.9
v -7.9 0.4 9.9
v -7.3 0.4 9.9
v 3.7 0.4 9.9
v 4 0.4 9.9
v 4.4 0.4 9.9
v 4.6 0.4 9.9
v 12.2 0.4 9.9
v 12.5 0.4 9.9
v 12.7 0.4 9.9
v 12.8 0.4 9.9
v -12.7 0.4 9.8
v -12.6 0.4 9.8
v -12.5 0.4 9.8
v 12.5 0.4 9.8
v 12.6 0.4 9.8
v -12.7 0.4 9.7
v -12.6 0.4 9.7
v 12.6 0.4 9.7
v 12.7 0.4 9.7
v 12.7 0.4 9.4
v 12.8 0.4 9.4
v -12.8 0.4 4
v -12.7 0.4 4
v -12.8 0.4 3.9
v -12.7 0.4 3.9
v -12.8 0.4 2.9
v -12.7 0.4 2.9
v -12.8 0.4 2.3
v -12.7 0.4 2.3
v -12.8 0.4 -4.9
v -12.7 0.4 -4.9
v 12.7 0.4 -5.9
v 12.8 0.4 -5.9
v 12.7 0.4 -6
v 12.8 0.4 -6
v -12.8 0.4 -6.2
v -12.7 0.4 -6.2
v -12.8 0.4 -6.3
v -12.7 0.4 -6.3
v 12.7 0.4 -6.5
v 12.8 0.4 -6.5
v -12.8 0.4 -6.6
v -12.7 0.4 -6.6
v -12.8 0.4 -7.2
v -12.7 0.4 -7.2
v 12.7 0.4 -7.7
v 12.8 0.4 -7.7
v -12.8 0.4 -8.2
v -12.7 0.4 -8.2
v -12.7 0.4 -9.7
v -12.6 0.4 -9.7
v -12.7 0.4 -9.8
v -12.6 0.4 -9.8
v -12.5 0.4 -9.8
v -12.6 0.4 -9.9
v -12.5 0.4 -9.9
v 7.5 0.4 -9.9
v 7.6 0.4 -9.9
v 8.6 0.4 -9.9
v 8.7 0.4 -9.9
v 8.8 0.4 -9.9
v 8.9 0.4 -9.9
v 12.4 0.4 -9.9
v 12.5 0.4 -9.9
v 7.5 0.4 -10
v 7.6 0.4 -10
v 8.6 0.4 -10
v 8.7 0.4 -10
v 8.8 0.4 -10
v 8.9 0.4 -10
v 12.4 0.4 -10
v 12.5 0.4 -10
v -12.8 0.5 10
v -12.7 0.5 10
v -11.2 0.5 10
v -9.7 0.5 10
v -8.1 0.5 10
v -7.9 0.5 10
v -7.3 0.5 10
v -7.1 0.5 10
v -4.1 0.5 10
v -3.1 0.5 10
v -2.3 0.5 10
v 3.5 0.5 10
v 3.7 0.5 10
v 4.6 0.5 10
v 4.8 0.5 10
v 5.8 0.5 10
v 6.1 0.5 10
v 11.7 0.5 10
v 12.2 0.5 10
v 12.7 0.5 10
v 12.8 0.5 10
v -12.8 0.5 9.9
v -12.7 0.5 9.9
v -12.6 0.5 9.9
v -11.2 0.5 9.9
v -9.7 0.5 9.9
v -8.1 0.5 9.9
v -7.9 0.5 9.9
v -7.3 0.5 9.9
v -7.1 0.5 9.9
v -4.1 0.5 9.9
v -3.1 0.5 9.9
v -2.3 0.5 9.9
v 3.5 0.5 9.9
v 3.7 0.5 9.9
v 4.6 0.5 9.9
v 4.8 0.5 9.9
v 5.8 0.5 9.9
v 6.1 0.5 9.9
v 11.7 0.5 9.9
v 12.2 0.5 9.9
v 12.7 0.5 9.9
v 12.8 0.5 9.9
v -12.7 0.5 9.8
v -12.6 0.5 9.8
v 12.7 0.5 9.4
v 12.8 0.5 9.4
v 12.7 0.5 8.7
v 12.8 0.5 8.7
v -12.8 0.5 4.1
v -12.7 0.5 4.1
v -12.8 0.5 4
v -12.7 0.5 4
v -12.8 0.5 2.3
v -12.7 0.5 2.3
v -12.8 0.5 1.9
v -12.7 0.5 1.9
v 12.7 0.5 -0.599999
v 12.8 0.5 -0.599999
v -12.8 0.5 -4.1
v -12.7 0.5 -4.1
v -12.8 0.5 -4.9
v -12.7 0.5 -4.9
v 12.7 0.5 -5.9
v 12.8 0.5 -5.9
v -12.8 0.5 -8.2
v -12.7 0.5 -8.2
v -12.8 0.5 -8.7
v -12.7 0.5 -8.7
v -12.7 0.5 -9.8
v -12.6 0.5 -9.8
v -12.7 0.5 -9.9
v -12.6 0.5 -9.9
v -12 0.5 -9.9
v -3.1 0.5 -9.9
v 1.3 0.5 -9.9
v 1.6 0.5 -9.9
v 5.2 0.5 -9.9
v 5.3 0.5 -9.9
v 7.6 0.5 -9.9
v 7.7 0.5 -9.9
v 10.3 0.5 -9.9
v 11.5 0.5 -9.9
v 11.7 0.5 -9.9
v 11.9 0.5 -9.9
v 12.3 0.5 -9.9
v 12.4 0.5 -9.9
v 12.7 0.5 -9.9
v 12.8 0.5 -9.9
v -12 0.5 -10
v -3.1 0.5 -10
v 1.3 0.5 -10
v 1.6 0.5 -10
v 5.2 0.5 -10
v 5.3 0.5 -10
v 7.6 0.5 -10
v 7.7 0.5 -10
v 10.3 0.5 -10
v 11.5 0.5 -10
v 11.7 0.5 -10
v 11.9 0.5 -10
v 12.3 0.5 -10
v 12.4 0.5 -10
v 12.7 0.5 -10
v 12.8 0.5 -10
v -11.5 0.6 10
v -11.2 0.6 10
v -9.7 0.6 10
v -9.5 0.6 10
v -8.2 0.6 10
v -8.1 0.6 10
v -7.1 0.6 10
v -7 0.6 10
v -4.7 0.6 10
v -4.1 0.6 10
v -2.3 0.6 10
v -1.5 0.6 10
v 0.799999 0.6 10
v 1.4 0.6 10
v 3.4 0.6 10
v 3.5 0.6 10
v 4.8 0.6 10
v 5 0.6 10
v 5.6 0.6 10
v 5.8 0.6 10
v 6.1 0.6 10
v 6.2 0.6 10
v 7.7 0.6 10
v 9.5 0.6 10
v 11.7 0.6 10
v -11.5 0.6 9.9
v -11.2 0.6 9.9
v -9.7 0.6 9.9
v -9.5 0.6 9.9
v -8.2 0.6 9.9
v -8.1 0.6 9.9
v -7.1 0.6 9.9
v -7 0.6 9.9
v -4.7 0.6 9.9
v -4.1 0.6 9.9
v -2.3 0.6 9.9
v -1.5 0.6 9.9
v 0.799999 0.6 9.9
v 1.4 0.6 9.9
v 3.4 0.6 9.9
v 3.5 0.6 9.9
v 4.8 0.6 9.9
v 5 0.6 9.9
v 5.6 0.6 9.9
v 5.8 0.6 9.9
v 6.1 0.6 9.9
v 6.2 0.6 9.9
v 7.7 0.6 9.9
v 9.5 0.6 9.9
v 11.7 0.6 9.9
v -12.8 0.6 8.9
v -12.7 0.6 8.9
v 12.7 0.6 8.7
v 12.8 0.6 8.7
v -12.8 0.6 8
v -12.7 0.6 8
v 12.7 0.6 7.9
v 12.8 0.6 7.9
v -12.8 0.6 7.7
v -12.7 0.6 7.7
v 12.7 0.6 5.2
v 12.8 0.6 5.2
v -12.8 0.6 4.3
v -12.7 0.6 4.3
v -12.8 0.6 4.1
v -12.7 0.6 4.1
v -12.8 0.6 1.9
v -12.7 0.6 1.9
v -12.8 0.6 1.5
v -12.7 0.6 1.5
v 12.7 0.6 -0.599999
v 12.8 0.6 -0.599999
v -12.8 0.6 -3.5
v -12.7 0.6 -3.5
v -12.8 0.6 -4.1
v -12.7 0.6 -4.1
v -12.8 0.6 -8.7
v -12.7 0.6 -8.7
v -12.8 0.6 -9.2
v -12.7 0.6 -9.2
v -12.4 0.6 -9.9
v -12 0.6 -9.9
v -3.1 0.6 -9.9
v -2.5 0.6 -9.9
v 1.1 0.6 -9.9
v 1.3 0.6 -9.9
v 1.6 0.6 -9.9
v 1.9 0.6 -9.9
v 7.2 0.6 -9.9
v 7.3 0.6 -9.9
v 7.7 0.6 -9.9
v 7.8 0.6 -9.9
v 8.5 0.6 -9.9
v 8.6 0.6 -9.9
v 8.9 0.6 -9.9
v 9 0.6 -9.9
v 10.1 0.6 -9.9
v 10.3 0.6 -9.9
v 11.5 0.6 -9.9
v 11.7 0.6 -9.9
v 11.9 0.6 -9.9
v 12.3 0.6 -9.9
v -12.4 0.6 -10
v -12 0.6 -10
v -3.1 0.6 -10
v -2.5 0.6 -10
v 1.1 0.6 -10
v 1.3 0.6 -10
v 1.6 0.6 -10
v 1.9 0.6 -10
v 7.2 0.6 -10
v 7.3 0.6 -10
v 7.7 0.6 -10
v 7.8 0.6 -10
v 8.5 0.6 -10
v 8.6 0.6 -10
v 8.9 0.6 -10
v 9 0.6 -10
v 10.1 0.6 -10
v 10.3 0.6 -10
v 11.5 0.6 -10
v 11.7 0.6 -10
v 11.9 0.6 -10
v 12.3 0.6 -10
v -12.7 0.7 10
v -12.5 0.7 10
v -11.8 0.7 10
v -11.5 0.7 10
v -9.5 0.7 10
v -9.4 0.7 10
v -7 0.7 10
v -6.9 0.7 10
v -5.3 0.7 10
v -4.7 0.7 10
v -1.5 0.7 10
v -0.900001 0.7 10
v 0.5 0.7 10
v 0.799999 0.7 10
v 1.4 0.7 10
v 1.7 0.7 10
v 3.2 0.7 10
v 3.4 0.7 10
v 5 0.7 10
v 5.1 0.7 10
v 5.5 0.7 10
v 5.6 0.7 10
v 6.2 0.7 10
v 6.3 0.7 10
v 7.1 0.7 10
v 7.6 0.7 10
v 7.7 0.7 10
v -12.7 0.7 9.9
v -12.5 0.7 9.9
v -11.8 0.7 9.9
v -11.5 0.7 9.9
v -9.5 0.7 9.9
v -9.4 0.7 9.9
v -7 0.7 9.9
v -6.9 0.7 9.9
v -5.3 0.7 9.9
v -4.7 0.7 9.9
v -1.5 0.7 9.9
v -0.900001 0.7 9.9
v 0.5 0.7 9.9
v 0.799999 0.7 9.9
v 1.4 0.7 9.9
v 1.7 0.7 9.9
v 3.2 0.7 9.9
v 3.4 0.7 9.9
v 5 0.7 9.9
v 5.1 0.7 9.9
v 5.5 0.7 9.9
v 5.6 0.7 9.9
v 6.2 0.7 9.9
v 6.3 0.7 9.9
v 7.1 0.7 9.9
v 7.6 0.7 9.9
v 7.7 0.7 9.9
v -12.8 0.7 9.1
v -12.7 0.7 9.1
v -12.8 0.7 8.9
v -12.7 0.7 8.9
v 12.7 0.7 7.9
v 12.8 0.7 7.9
v -12.8 0.7 7.7
v -12.7 0.7 7.7
v 12.7 0.7 7
v 12.8 0.7 7
v -12.8 0.7 6.7
v -12.7 0.7 6.7
v 12.7 0.7 5.6
v 12.8 0.7 5.6
v 12.7 0.7 5.2
v 12.8 0.7 5.2
v -12.8 0.7 1.5
v -12.7 0.7 1.5
v -12.8 0.7 1.3
v -12.7 0.7 1.3
v -12.8 0.7 -3.1
v -12.7 0.7 -3.1
v -12.8 0.7 -3.2
v -12.7 0.7 -3.2
v -12.8 0.7 -3.3
v -12.7 0.7 -3.3
v -12.8 0.7 -3.5
v -12.7 0.7 -3.5
v -12.8 0.7 -9.2
v -12.7 0.7 -9.2
v -12.8 0.7 -9.6
v -12.7 0.7 -9.6
v -12.6 0.7 -9.9
v -12.4 0.7 -9.9
v -2.5 0.7 -9.9
v -1.9 0.7 -9.9
v 0.799999 0.7 -9.9
v 1.1 0.7 -9.9
v 1.9 0.7 -9.9
v 2.2 0.7 -9.9
v 3.5 0.7 -9.9
v 3.6 0.7 -9.9
v 4 0.7 -9.9
v 4.6 0.7 -9.9
v 5.1 0.7 -9.9
v 5.2 0.7 -9.9
v 5.7 0.7 -9.9
v 5.9 0.7 -9.9
v 6.9 0.7 -9.9
v 7.2 0.7 -9.9
v 7.8 0.7 -9.9
v 7.9 0.7 -9.9
v 8.4 0.7 -9.9
v 8.5 0.7 -9.9
v 9.4 0.7 -9.9
v 10.1 0.7 -9.9
v -12.6 0.7 -10
v -12.4 0.7 -10
v -2.5 0.7 -10
v -1.9 0.7 -10
v 0.799999 0.7 -10
v 1.1 0.7 -10
v 1.9 0.7 -10
v 2.2 0.7 -10
v 3.5 0.7 -10
v 3.6 0.7 -10
v 4 0.7 -10
v 4.6 0.7 -10
v 5.1 0.7 -10
v 5.2 0.7 -10
v 5.7 0.7 -10
v 5.9 0.7 -10
v 6.9 0.7 -10
v 7.2 0.7 -10
v 7.8 0.7 -10
v 7.9 0.7 -10
v 8.4 0.7 -10
v 8.5 0.7 -10
v 9.4 0.7 -10
v 10.1 0.7 -10
v -12.5 0.8 10
v -12.1 0.8 10
v -11.9 0.8 10
v -11.8 0.8 10
v -9.4 0.8 10
v -9.2 0.8 10
v -8.3 0.8 10
v -8.2 0.8 10
v -6.9 0.8 10
v -6.8 0.8 10
v -5.8 0.8 10
v -5.3 0.8 10
v -0.900001 0.8 10
v -0.5 0.8 10
v 0.299999 0.8 10
v 0.5 0.8 10
v 1.7 0.8 10
v 2.1 0.8 10
v 3.1 0.8 10
v 3.2 0.8 10
v 5.1 0.8 10
v 5.2 0.8 10
v 5.4 0.8 10
v 5.5 0.8 10
v 6.3 0.8 10
v 6.4 0.8 10
v 6.8 0.8 10
v 7.1 0.8 10
v -12.8 0.8 9.9
v -12.7 0.8 9.9
v -12.5 0.8 9.9
v -12.1 0.8 9.9
v -11.9 0.8 9.9
v -11.8 0.8 9.9
v -9.4 0.8 9.9
v -9.2 0.8 9.9
v -8.3 0.8 9.9
v -8.2 0.8 9.9
v -6.9 0.8 9.9
v -6.8 0.8 9.9
v -5.8 0.8 9.9
v -5.3 0.8 9.9
v -0.900001 0.8 9.9
v -0.5 0.8 9.9
v 0.299999 0.8 9.9
v 0.5 0.8 9.9
v 1.7 0.8 9.9
v 2.1 0.8 9.9
v 3.1 0.8 9.9
v 3.2 0.8 9.9
v 5.1 0.8 9.9
v 5.2 0.8 9.9
v 5.4 0.8 9.9
v 5.5 0.8 9.9
v 6.3 0.8 9.9
v 6.4 0.8 9.9
v 6.8 0.8 9.9
v 7.1 0.8 9.9
v -12.8 0.8 9.6
v -12.7 0.8 9.6
v -12.8 0.8 9.3
v -12.7 0.8 9.3
v -12.8 0.8 9.1
v -12.7 0.8 9.1
v 12.7 0.8 7
v 12.8 0.8 7
v -12.8 0.8 6.7
v -12.7 0.8 6.7
v 12.7 0.8 6.5
v 12.8 0.8 6.5
v -12.8 0.8 6.3
v -12.7 0.8 6.3
v 12.7 0.8 6
v 12.8 0.8 6
v 12.7 0.8 5.6
v 12.8 0.8 5.6
v -12.8 0.8 4.5
v -12.7 0.8 4.5
v -12.8 0.8 4.3
v -12.7 0.8 4.3
v -12.8 0.8 1.3
v -12.7 0.8 1.3
v -12.8 0.8 1.2
v -12.7 0.8 1.2
v -12.8 0.8 1.1
v -12.7 0.8 1.1
v -12.8 0.8 -2.6
v -12.7 0.8 -2.6
v -12.8 0.8 -3.1
v -12.7 0.8 -3.1
v -12.8 0.8 -3.2
v -12.7 0.8 -3.2
v -12.8 0.8 -3.3
v -12.7 0.8 -3.3
v -12.8 0.8 -9.6
v -12.7 0.8 -9.6
v -12.8 0.8 -9.9
v -12.7 0.8 -9.9
v -12.6 0.8 -9.9
v -1.9 0.8 -9.9
v -0.6 0.8 -9.9
v 0.599999 0.8 -9.9
v 0.799999 0.8 -9.9
v 2.2 0.8 -9.9
v 2.5 0.8 -9.9
v 2.7 0.8 -9.9
v 3 0.8 -9.9
v 3.2 0.8 -9.9
v 3.3 0.8 -9.9
v 3.6 0.8 -9.9
v 4 0.8 -9.9
v 4.6 0.8 -9.9
v 4.9 0.8 -9.9
v 5 0.8 -9.9
v 5.1 0.8 -9.9
v 5.5 0.8 -9.9
v 5.7 0.8 -9.9
v 5.9 0.8 -9.9
v 6.1 0.8 -9.9
v 6.4 0.8 -9.9
v 6.9 0.8 -9.9
v 7.9 0.8 -9.9
v 8 0.8 -9.9
v 8.3 0.8 -9.9
v 8.4 0.8 -9.9
v 9 0.8 -9.9
v 9.4 0.8 -9.9
v -12.8 0.8 -10
v -12.6 0.8 -10
v -1.9 0.8 -10
v -0.6 0.8 -10
v 0.599999 0.8 -10
v 0.799999 0.8 -10
v 2.2 0.8 -10
v 2.5 0.8 -10
v 2.7 0.8 -10
v 3 0.8 -10
v 3.2 0.8 -10
v 3.3 0.8 -10
v 3.6 0.8 -10
v 4 0.8 -10
v 4.6 0.8 -10
v 4.9 0.8 -10
v 5 0.8 -10
v 5.1 0.8 -10
v 5.5 0.8 -10
v 5.7 0.8 -10
v 5.9 0.8 -10
v 6.1 0.8 -10
v 6.4 0.8 -10
v 6.9 0.8 -10
v 7.9 0.8 -10
v 8 0.8 -10
v 8.3 0.8 -10
v 8.4 0.8 -10
v 9 0.8 -10
v 9.4 0.8 -10
v -12.1 0.9 10
v -11.9 0.9 10
v -9.2 0.9 10
v -8.6 0.9 10
v -8.4 0.9 10
v -6.8 0.9 10
v -6.7 0.9 10
v -6.6 0.9 10
v -5.8 0.9 10
v -0.5 0.9 10
v 0.299999 0.9 10
v 2.1 0.9 10
v 3.1 0.9 10
v 5.2 0.9 10
v 5.4 0.9 10
v 6.4 0.9 10
v 6.8 0.9 10
v -12.1 0.9 9.9
v -11.9 0.9 9.9
v -9.2 0.9 9.9
v -8.6 0.9 9.9
v -8.5 0.9 9.9
v -8.4 0.9 9.9
v -6.8 0.9 9.9
v -6.7 0.9 9.9
v -6.6 0.9 9.9
v -5.8 0.9 9.9
v -0.5 0.9 9.9
v 0.299999 0.9 9.9
v 2.1 0.9 9.9
v 3.1 0.9 9.9
v 5.2 0.9 9.9
v 5.4 0.9 9.9
v 6.4 0.9 9.9
v 6.8 0.9 9.9
v -12.8 0.9 9.6
v -12.7 0.9 9.6
v -12.8 0.9 9.3
v -12.7 0.9 9.3
v 12.7 0.9 6.5
v 12.8 0.9 6.5
v -12.8 0.9 6.3
v -12.7 0.9 6.3
v 12.7 0.9 6
v 12.8 0.9 6
v -12.8 0.9 4.5
v -12.7 0.9 4.5
v -12.8 0.9 1.1
v -12.7 0.9 1.1
v -12.8 0.9 1
v -12.7 0.9 1
v -12.7 0.9 0.900001
v -12.8 0.9 -2.6
v -12.7 0.9 -2.6
v -0.6 0.9 -9.9
v 0.599999 0.9 -9.9
v 2.5 0.9 -9.9
v 2.7 0.9 -9.9
v 3 0.9 -9.9
v 3.2 0.9 -9.9
v 4.9 0.9 -9.9
v 5 0.9 -9.9
v 5.2 0.9 -9.9
v 5.5 0.9 -9.9
v 6.1 0.9 -9.9
v 6.4 0.9 -9.9
v 8 0.9 -9.9
v 8.2 0.9 -9.9
v 8.3 0.9 -9.9
v -0.6 0.9 -10
v 0.599999 0.9 -10
v 2.5 0.9 -10
v 2.7 0.9 -10
v 3 0.9 -10
v 3.2 0.9 -10
v 4.9 0.9 -10
v 5 0.9 -10
v 5.2 0.9 -10
v 5.5 0.9 -10
v 6.1 0.9 -10
v 6.4 0.9 -10
v 8 0.9 -10
v 8.2 0.9 -10
v 8.3 0.9 -10
v 3.2 0.5 -9.9
v 3.3 0.5 -9.9
v 3.5 0.5 -9.9
v 3.6 0.5 -9.9
v 5.1 0.5 -9.9
v 5.2 0.5 -9.9
v 3.2 0.5 -10
v 3.3 0.5 -10
v 3.5 0.5 -10
v 3.6 0.5 -10
v 5.1 0.5 -10
v 5.2 0.5 -10
v -8.4 0.8 9.9
v -8.3 0.8 9.9
v -8.4 0.8 9.8
v -8.3 0.8 9.8
v 5.2 0.8 -9.9
v 5.3 0.8 -9.9
v 5.2 0.8 -10
v 5.3 0.8 -10
v -12.8 1 10
v -12.7 1 10
v -8.5 1 10
v -8.4 1 10
v 12.7 1 10
v 12.8 1 10
v -12.8 1 9.9
v -12.7 1 9.9
v 12.7 1 9.9
v 12.8 1 9.9
v -8.5 1 9.8
v -8.4 1 9.8
v -12.8 1 1
v -12.7 1 1
v -12.8 1 0.6
v -12.7 1 0.6
v -12.8 1 -9.9
v -12.7 1 -9.9
v 12.7 1 -9.9
v 12.8 1 -9.9
v -12.8 1 -10
v -12.7 1 -10
v 12.7 1 -10
v 12.8 1 -10
v -12.7 1.1 1
v -12.6 1.1 1
v -12.8 1.1 0.6
v -12.7 1.1 0.6
v -12.6 1.1 0.6
v -12.8 1.1 0.2
v -12.7 1.1 0.2
v -12.7 1.2 10
v -12.6 1.2 10
v -8.3 1.2 10
v -8.2 1.2 10
v -6.8 1.2 10
v -6.7 1.2 10
v -6.6 1.2 10
v -6.5 1.2 10
v 12.6 1.2 10
v 12.7 1.2 10
v -12.8 1.2 9.9
v -12.7 1.2 9.9
v -12.6 1.2 9.9
v -8.3 1.2 9.9
v -8.2 1.2 9.9
v -6.8 1.2 9.9
v -6.7 1.2 9.9
v -6.6 1.2 9.9
v -6.5 1.2 9.9
v 12.6 1.2 9.9
v 12.7 1.2 9.9
v 12.8 1.2 9.9
v -12.8 1.2 9.8
v -12.7 1.2 9.8
v 12.7 1.2 9.8
v 12.8 1.2 9.8
v 11 1.2 7.8
v 12.1 1.2 7.8
v 10.4 1.2 7.7
v 11 1.2 7.7
v 12.1 1.2 7.7
v 12.5 1.2 7.7
v 10 1.2 7.6
v 10.4 1.2 7.6
v 12.5 1.2 7.6
v 12.6 1.2 7.6
v 10 1.2 7.5
v 10.2 1.2 7.5
v 12.6 1.2 7.5
v 12.7 1.2 7.5
v 10.2 1.2 7.4
v 10.5 1.2 7.4
v 12.7 1.2 7.4
v 10.5 1.2 7.3
v 10.7 1.2 7.3
v 10.7 1.2 7.2
v 11 1.2 7.2
v 11 1.2 7.1
v 11.2 1.2 7.1
v 11.2 1.2 7
v 11.4 1.2 7
v 11.4 1.2 6.9
v 11.7 1.2 6.9
v 11.7 1.2 6.8
v 11.9 1.2 6.8
v 11.9 1.2 6.7
v 12.1 1.2 6.7
v 12.1 1.2 6.6
v 12.3 1.2 6.6
v 12.3 1.2 6.5
v 12.7 1.2 6.5
v -12.6 1.2 0.8
v -12.5 1.2 0.8
v -12.7 1.2 0.6
v -12.6 1.2 0.6
v -12.8 1.2 0.2
v -12.7 1.2 0.2
v -12.5 1.2 0.2
v -12.8 1.2 -0.2
v -12.7 1.2 -0.2
v 5.8 1.2 -7.5
v 5.9 1.2 -7.5
v 5.9 1.2 -7.6
v 6.2 1.2 -7.6
v 6.2 1.2 -7.7
v 6.5 1.2 -7.7
v 6.5 1.2 -7.8
v 6.9 1.2 -7.8
v 6.9 1.2 -7.9
v 7.3 1.2 -7.9
v 5.7 1.2 -8
v 5.8 1.2 -8
v 7.3 1.2 -8
v 7.6 1.2 -8
v 7.6 1.2 -8.1
v 8 1.2 -8.1
v 8 1.2 -8.2
v 8.3 1.2 -8.2
v 8.3 1.2 -8.3
v 8.7 1.2 -8.3
v 8.7 1.2 -8.4
v 9 1.2 -8.4
v 9 1.2 -8.5
v 9.6 1.2 -8.5
v 9.6 1.2 -8.6
v 10 1.2 -8.6
v 12.1 1.2 -8.6
v 12.4 1.2 -8.6
v 6.4 1.2 -8.7
v 6.8 1.2 -8.7
v 10 1.2 -8.7
v 10.4 1.2 -8.7
v 11.8 1.2 -8.7
v 12.1 1.2 -8.7
v 12.4 1.2 -8.7
v 12.5 1.2 -8.7
v 6.8 1.2 -8.8
v 6.9 1.2 -8.8
v 8.8 1.2 -8.8
v 9.3 1.2 -8.8
v 10.4 1.2 -8.8
v 11.8 1.2 -8.8
v 8.6 1.2 -8.9
v 8.8 1.2 -8.9
v 9.3 1.2 -8.9
v 9.4 1.2 -8.9
v 12.5 1.2 -8.9
v 12.6 1.2 -8.9
v 8.5 1.2 -9
v 8.6 1.2 -9
v 9.4 1.2 -9
v 10.8 1.2 -9
v 11 1.2 -9
v 12.5 1.2 -9
v 12.6 1.2 -9
v 5.6 1.2 -9.1
v 5.7 1.2 -9.1
v 9.4 1.2 -9.1
v 9.5 1.2 -9.1
v 6.9 1.2 -9.2
v 7 1.2 -9.2
v 8.5 1.2 -9.2
v 8.6 1.2 -9.2
v 9.5 1.2 -9.2
v 10.4 1.2 -9.2
v 10.6 1.2 -9.2
v 10.7 1.2 -9.2
v 10.8 1.2 -9.2
v 11 1.2 -9.2
v 11.1 1.2 -9.2
v 9.5 1.2 -9.3
v 9.6 1.2 -9.3
v 10.6 1.2 -9.3
v 10.7 1.2 -9.3
v 11.1 1.2 -9.3
v 11.2 1.2 -9.3
v 12.2 1.2 -9.3
v 12.5 1.2 -9.3
v 7 1.2 -9.4
v 7.1 1.2 -9.4
v 9.6 1.2 -9.4
v 11.2 1.2 -9.4
v 11.3 1.2 -9.4
v 6.4 1.2 -9.5
v 6.5 1.2 -9.5
v 11.3 1.2 -9.5
v 11.4 1.2 -9.5
v 5.5 1.2 -9.6
v 5.6 1.2 -9.6
v 7.1 1.2 -9.6
v 7.2 1.2 -9.6
v 9.6 1.2 -9.6
v 9.7 1.2 -9.6
v 10.4 1.2 -9.6
v 10.5 1.2 -9.6
v 11.4 1.2 -9.6
v 7.2 1.2 -9.7
v 7.8 1.2 -9.7
v 8.4 1.2 -9.7
v 8.6 1.2 -9.7
v 9.7 1.2 -9.7
v 9.9 1.2 -9.7
v 10.4 1.2 -9.7
v 10.5 1.2 -9.7
v 11.4 1.2 -9.7
v 11.6 1.2 -9.7
v -12.8 1.2 -9.8
v -12.7 1.2 -9.8
v 7.8 1.2 -9.8
v 9.9 1.2 -9.8
v 10 1.2 -9.8
v 11.6 1.2 -9.8
v 11.7 1.2 -9.8
v 12.7 1.2 -9.8
v 12.8 1.2 -9.8
v -12.8 1.2 -9.9
v -12.7 1.2 -9.9
v -12.6 1.2 -9.9
v 5.5 1.2 -9.9
v 6.5 1.2 -9.9
v 7.8 1.2 -9.9
v 8.3 1.2 -9.9
v 8.4 1.2 -9.9
v 10 1.2 -9.9
v 10.4 1.2 -9.9
v 11.7 1.2 -9.9
v 11.8 1.2 -9.9
v 12.2 1.2 -9.9
v 12.6 1.2 -9.9
v 12.7 1.2 -9.9
v 12.8 1.2 -9.9
v -12.7 1.2 -10
v -12.6 1.2 -10
v 12.6 1.2 -10
v 12.7 1.2 -10
v -12.6 1.3 10
v -11.7 1.3 10
v -8.6 1.3 10
v -8.5 1.3 10
v -8.2 1.3 10
v -6.8 1.3 10
v -6.5 1.3 10
v -4.1 1.3 10
v -2.7 1.3 10
v 3.6 1.3 10
v 4 1.3 10
v 7.5 1.3 10
v 9.3 1.3 10
v 12.6 1.3 10
v -12.7 1.3 9.9
v -12.6 1.3 9.9
v -11.7 1.3 9.9
v -11.6 1.3 9.9
v -10.4 1.3 9.9
v -9.1 1.3 9.9
v -8.6 1.3 9.9
v -8.5 1.3 9.9
v -8.3 1.3 9.9
v -8.2 1.3 9.9
v -6.8 1.3 9.9
v -6.7 1.3 9.9
v -6.5 1.3 9.9
v -4.3 1.3 9.9
v -4.1 1.3 9.9
v -2.7 1.3 9.9
v 3.2 1.3 9.9
v 3.6 1.3 9.9
v 4 1.3 9.9
v 7.4 1.3 9.9
v 7.5 1.3 9.9
v 9.3 1.3 9.9
v 12.6 1.3 9.9
v 12.7 1.3 9.9
v -12.8 1.3 9.8
v -12.7 1.3 9.8
v -12.6 1.3 9.8
v -8.4 1.3 9.8
v -8.3 1.3 9.8
v -8.2 1.3 9.8
v -6.7 1.3 9.8
v -6.5 1.3 9.8
v 12.6 1.3 9.8
v 12.7 1.3 9.8
v 12.8 1.3 9.8
v -8.4 1.3 9.7
v -8.3 1.3 9.7
v -12.8 1.3 8.8
v -12.7 1.3 8.8
v -12.7 1.3 8.7
v 12.7 1.3 7.5
v 12.7 1.3 7.4
v 12.8 1.3 7.4
v 12.7 1.3 6.5
v 12.8 1.3 6.5
v 1.9 1.3 6.1
v 2 1.3 6.1
v 1.8 1.3 6
v 1.9 1.3 6
v 2 1.3 6
v 2.5 1.3 6
v 2.5 1.3 5.9
v 3 1.3 5.9
v -1.6 1.3 5.8
v -1.5 1.3 5.8
v 2.9 1.3 5.8
v 3 1.3 5.8
v -1.5 1.3 5.7
v -1.4 1.3 5.7
v -1.4 1.3 5.6
v -1.3 1.3 5.6
v 2.8 1.3 5.6
v 2.9 1.3 5.6
v -1.6 1.3 5.5
v -1.5 1.3 5.5
v -1.3 1.3 5.5
v -1.2 1.3 5.5
v -1.5 1.3 5.3
v -1.4 1.3 5.3
v 2.7 1.3 5.3
v 2.8 1.3 5.3
v -1.2 1.3 5.2
v -1.1 1.3 5.2
v 2.6 1.3 5.1
v 2.7 1.3 5.1
v -1.5 1.3 5
v -1.4 1.3 5
v 2.5 1.3 4.9
v 2.6 1.3 4.9
v -1.2 1.3 4.8
v -1.1 1.3 4.8
v 1.7 1.3 4.8
v 1.8 1.3 4.8
v -1.6 1.3 4.7
v -1.5 1.3 4.7
v 2.4 1.3 4.7
v 2.5 1.3 4.7
v -1.7 1.3 4.6
v -1.6 1.3 4.6
v -1.3 1.3 4.6
v -1.2 1.3 4.6
v -1.8 1.3 4.5
v -1.7 1.3 4.5
v 1.6 1.3 4.5
v 1.7 1.3 4.5
v -1.9 1.3 4.4
v -1.8 1.3 4.4
v 1.5 1.3 4.4
v 1.6 1.3 4.4
v 2.2 1.3 4.4
v 2.3 1.3 4.4
v -2 1.3 4.3
v -1.9 1.3 4.3
v -1.4 1.3 4.3
v -1.3 1.3 4.3
v 2.3 1.3 4.3
v 2.4 1.3 4.3
v 1.4 1.3 4.2
v 1.5 1.3 4.2
v 2.2 1.3 4.2
v 2.3 1.3 4.2
v -2 1.3 4.1
v -1.9 1.3 4.1
v 1.4 1.3 4.1
v 1.5 1.3 4.1
v -1.9 1.3 4
v -1.7 1.3 4
v 1.5 1.3 4
v 1.6 1.3 4
v -1.7 1.3 3.9
v -1.5 1.3 3.9
v 2.3 1.3 3.9
v 2.4 1.3 3.9
v -1.5 1.3 3.8
v -1.4 1.3 3.8
v 1.6 1.3 3.8
v 1.7 1.3 3.8
v 2.4 1.3 3.7
v 2.5 1.3 3.7
v 1.7 1.3 3.6
v 1.8 1.3 3.6
v 2.5 1.3 3.6
v 2.6 1.3 3.6
v 2.6 1.3 3.4
v 2.7 1.3 3.4
v 2.7 1.3 3.3
v 2.9 1.3 3.3
v 2.9 1.3 3.2
v 3 1.3 3.2
v 3 1.3 3.1
v 3.1 1.3 3.1
v 3.1 1.3 3
v 3.2 1.3 3
v 3.2 1.3 2.9
v 3.3 1.3 2.9
v 3.3 1.3 2.8
v 3.5 1.3 2.8
v 3.5 1.3 2.7
v 3.8 1.3 2.7
v 1.7 1.3 2.6
v 1.8 1.3 2.6
v 3.8 1.3 2.6
v 4 1.3 2.6
v 1.6 1.3 2.3
v 1.7 1.3 2.3
v 1.4 1.3 2.2
v 1.5 1.3 2.2
v 1.6 1.3 2.2
v 1.3 1.3 2.1
v 1.4 1.3 2.1
v -0.400001 1.3 2
v -0.3 1.3 2
v -0.5 1.3 1.9
v -0.400001 1.3 1.9
v 1.2 1.3 1.9
v 1.3 1.3 1.9
v -0.6 1.3 1.8
v -0.5 1.3 1.8
v 1 1.3 1.8
v 1.2 1.3 1.8
v 4 1.3 1.8
v 4.1 1.3 1.8
v -0.700001 1.3 1.7
v -0.6 1.3 1.7
v 0.799999 1.3 1.7
v 1 1.3 1.7
v -0.8 1.3 1.6
v -0.700001 1.3 1.6
v -0.3 1.3 1.6
v -0.200001 1.3 1.6
v 0.7 1.3 1.6
v 0.799999 1.3 1.6
v -0.900001 1.3 1.5
v -0.8 1.3 1.5
v -0.200001 1.3 1.5
v -0.1 1.3 1.5
v 0.599999 1.3 1.5
v 0.7 1.3 1.5
v -1 1.3 1.3
v -0.900001 1.3 1.3
v -0.1 1.3 1.3
v 0 1.3 1.3
v -1.1 1.3 1.2
v -1 1.3 1.2
v 0 1.3 1.2
v 0.2 1.3 1.2
v -12.8 1.3 1.1
v -12.7 1.3 1.1
v -1.2 1.3 1.1
v -1.1 1.3 1.1
v 0.2 1.3 1.1
v 0.299999 1.3 1.1
v 0.5 1.3 1.1
v 0.599999 1.3 1.1
v -12.8 1.3 1
v -12.7 1.3 1
v -1.3 1.3 1
v -1.2 1.3 1
v 0.299999 1.3 1
v 0.4 1.3 1
v -1.5 1.3 0.900001
v -1.3 1.3 0.900001
v 0.4 1.3 0.900001
v 0.5 1.3 0.900001
v -12.5 1.3 0.8
v -11.9 1.3 0.8
v -1.6 1.3 0.8
v -1.5 1.3 0.8
v -11.9 1.3 0.7
v -11.5 1.3 0.7
v -1.7 1.3 0.7
v -1.6 1.3 0.7
v -11.5 1.3 0.6
v -11.2 1.3 0.6
v -1.8 1.3 0.6
v -1.7 1.3 0.6
v 4.1 1.3 0.6
v 4.2 1.3 0.6
v -1.9 1.3 0.5
v -1.8 1.3 0.5
v -0.1 1.3 0.5
v 0.4 1.3 0.5
v -11.2 1.3 0.400001
v -11.1 1.3 0.400001
v -2 1.3 0.400001
v -1.9 1.3 0.400001
v -1.3 1.3 0.400001
v -0.1 1.3 0.400001
v 0.4 1.3 0.400001
v 3.4 1.3 0.400001
v -2.1 1.3 0.3
v -2 1.3 0.3
v -1.4 1.3 0.3
v -1.3 1.3 0.3
v 3.4 1.3 0.3
v 4.2 1.3 0.3
v -12.7 1.3 0.2
v -12.5 1.3 0.2
v -2.2 1.3 0.2
v -2.1 1.3 0.2
v -1.6 1.3 0.2
v -1.4 1.3 0.2
v -2.3 1.3 0.1
v -2.2 1.3 0.1
v -1.6 1.3 0.1
v -2.4 1.3 0
v -2.3 1.3 0
v -1.7 1.3 0
v -1.6 1.3 0
v -2.5 1.3 -0.0999994
v -2.4 1.3 -0.0999994
v -12.8 1.3 -0.2
v -12.7 1.3 -0.2
v -2.6 1.3 -0.2
v -2.5 1.3 -0.2
v -2.7 1.3 -0.3
v -2.6 1.3 -0.3
v -12.7 1.3 -0.4
v -12.6 1.3 -0.4
v -12.4 1.3 -0.4
v -2.8 1.3 -0.4
v -2.7 1.3 -0.4
v -1.7 1.3 -0.4
v -1.6 1.3 -0.4
v -12.4 1.3 -0.5
v -12.1 1.3 -0.5
v -11.1 1.3 -0.5
v -11 1.3 -0.5
v -5.9 1.3 -0.5
v -5.8 1.3 -0.5
v -3 1.3 -0.5
v -2.8 1.3 -0.5
v -12.1 1.3 -0.599999
v -12 1.3 -0.599999
v -5.8 1.3 -0.599999
v -5.7 1.3 -0.599999
v -3.1 1.3 -0.599999
v -3 1.3 -0.599999
v -1.6 1.3 -0.599999
v -1.5 1.3 -0.599999
v -12 1.3 -0.7
v -11.9 1.3 -0.7
v -5.7 1.3 -0.7
v -5.6 1.3 -0.7
v -3.2 1.3 -0.7
v -3.1 1.3 -0.7
v -3 1.3 -0.7
v -2.8 1.3 -0.7
v -11.9 1.3 -0.8
v -11.8 1.3 -0.8
v -5.6 1.3 -0.8
v -5.4 1.3 -0.8
v -3.4 1.3 -0.8
v -3.2 1.3 -0.8
v -3 1.3 -0.8
v -2.9 1.3 -0.8
v -2.8 1.3 -0.8
v -2.2 1.3 -0.8
v -1.5 1.3 -0.8
v -1.4 1.3 -0.8
v -11.8 1.3 -0.9
v -11.6 1.3 -0.9
v -6 1.3 -0.9
v -5.9 1.3 -0.9
v -5.4 1.3 -0.9
v -5.3 1.3 -0.9
v -3.6 1.3 -0.9
v -3.4 1.3 -0.9
v -3.2 1.3 -0.9
v -3 1.3 -0.9
v -2.9 1.3 -0.9
v -2.8 1.3 -0.9
v -2.2 1.3 -0.9
v -1.7 1.3 -0.9
v -11.6 1.3 -1
v -11.5 1.3 -1
v -5.3 1.3 -1
v -5.1 1.3 -1
v -3.8 1.3 -1
v -3.6 1.3 -1
v -2.2 1.3 -1
v -1.8 1.3 -1
v -1.7 1.3 -1
v -1.4 1.3 -1
v -11.5 1.3 -1.1
v -11.3 1.3 -1.1
v -6.1 1.3 -1.1
v -6 1.3 -1.1
v -5.1 1.3 -1.1
v -5 1.3 -1.1
v -4.1 1.3 -1.1
v -3.8 1.3 -1.1
v -1.8 1.3 -1.1
v -1.7 1.3 -1.1
v -1.4 1.3 -1.1
v -11.3 1.3 -1.2
v -11 1.3 -1.2
v -6.2 1.3 -1.2
v -6.1 1.3 -1.2
v -5.7 1.3 -1.2
v -5 1.3 -1.2
v -4.8 1.3 -1.2
v -4.1 1.3 -1.2
v -1.4 1.3 -1.2
v -1.1 1.3 -1.2
v -6.2 1.3 -1.3
v -5.7 1.3 -1.3
v -5 1.3 -1.3
v -4.8 1.3 -1.3
v -1.1 1.3 -1.3
v -1 1.3 -1.3
v -0.8 1.3 -1.3
v -6 1.3 -1.4
v -5.7 1.3 -1.4
v -1 1.3 -1.4
v -0.900001 1.3 -1.4
v -0.8 1.3 -1.4
v -0.3 1.3 -1.4
v -6.3 1.3 -1.5
v -6 1.3 -1.5
v -0.900001 1.3 -1.5
v -0.8 1.3 -1.5
v -0.3 1.3 -1.5
v 0.0999994 1.3 -1.5
v -6.5 1.3 -1.6
v -6.3 1.3 -1.6
v -0.8 1.3 -1.6
v -0.700001 1.3 -1.6
v 0.0999994 1.3 -1.6
v 0.4 1.3 -1.6
v -2.8 1.3 -1.7
v -1.6 1.3 -1.7
v 0.4 1.3 -1.7
v 0.7 1.3 -1.7
v -6.6 1.3 -1.8
v -6.5 1.3 -1.8
v -3.6 1.3 -1.8
v -2.8 1.3 -1.8
v -1.6 1.3 -1.8
v -1.2 1.3 -1.8
v -0.700001 1.3 -1.8
v -0.6 1.3 -1.8
v 0.7 1.3 -1.8
v 0.799999 1.3 -1.8
v -6.7 1.3 -1.9
v -6.6 1.3 -1.9
v -3.1 1.3 -1.9
v -2.1 1.3 -1.9
v -1.2 1.3 -1.9
v -1 1.3 -1.9
v -0.6 1.3 -1.9
v -0.5 1.3 -1.9
v 0.799999 1.3 -1.9
v 0.9 1.3 -1.9
v -6.8 1.3 -2
v -6.7 1.3 -2
v -3.6 1.3 -2
v -3.1 1.3 -2
v -2.1 1.3 -2
v -1.9 1.3 -2
v 0.9 1.3 -2
v 1.1 1.3 -2
v -5.5 1.3 -2.1
v -4.1 1.3 -2.1
v -2.7 1.3 -2.1
v -1.9 1.3 -2.1
v -1.3 1.3 -2.1
v -1 1.3 -2.1
v 1.1 1.3 -2.1
v 1.3 1.3 -2.1
v -6.9 1.3 -2.2
v -6.8 1.3 -2.2
v -4.1 1.3 -2.2
v -2.7 1.3 -2.2
v -1.4 1.3 -2.2
v -1.3 1.3 -2.2
v -0.5 1.3 -2.2
v -0.400001 1.3 -2.2
v 1.3 1.3 -2.2
v 1.5 1.3 -2.2
v -7 1.3 -2.3
v -6.9 1.3 -2.3
v -1.5 1.3 -2.3
v -1.4 1.3 -2.3
v -0.400001 1.3 -2.3
v -0.3 1.3 -2.3
v 1.5 1.3 -2.3
v 1.6 1.3 -2.3
v -5.5 1.3 -2.4
v -5.4 1.3 -2.4
v -1.5 1.3 -2.4
v -1.3 1.3 -2.4
v -0.3 1.3 -2.4
v -0.200001 1.3 -2.4
v 1.6 1.3 -2.4
v 1.7 1.3 -2.4
v -7.1 1.3 -2.5
v -7 1.3 -2.5
v -5.4 1.3 -2.5
v -5.3 1.3 -2.5
v -1.3 1.3 -2.5
v -0.700001 1.3 -2.5
v -0.200001 1.3 -2.5
v 0.0999994 1.3 -2.5
v 1.7 1.3 -2.5
v 1.8 1.3 -2.5
v -7.2 1.3 -2.6
v -7.1 1.3 -2.6
v -5.3 1.3 -2.6
v -5.2 1.3 -2.6
v -0.700001 1.3 -2.6
v -0.200001 1.3 -2.6
v 0.0999994 1.3 -2.6
v 0.599999 1.3 -2.6
v 1.8 1.3 -2.6
v 2 1.3 -2.6
v -2 1.3 -2.7
v -1.5 1.3 -2.7
v -0.200001 1.3 -2.7
v 0 1.3 -2.7
v 0.599999 1.3 -2.7
v 2 1.3 -2.7
v 2.1 1.3 -2.7
v -7.3 1.3 -2.8
v -7.2 1.3 -2.8
v -5.2 1.3 -2.8
v -5.1 1.3 -2.8
v -2.7 1.3 -2.8
v -2 1.3 -2.8
v -1.5 1.3 -2.8
v 0 1.3 -2.8
v 2.1 1.3 -2.8
v 2.3 1.3 -2.8
v -3.6 1.3 -2.9
v -2.7 1.3 -2.9
v -7.4 1.3 -3
v -7.3 1.3 -3
v -4.3 1.3 -3
v -3.6 1.3 -3
v 2.3 1.3 -3
v 2.4 1.3 -3
v -4.4 1.3 -3.1
v -4.3 1.3 -3.1
v -7.5 1.3 -3.2
v -7.4 1.3 -3.2
v 2.4 1.3 -3.2
v 2.5 1.3 -3.2
v -4.4 1.3 -3.3
v -3.9 1.3 -3.3
v -3 1.3 -3.3
v -1.8 1.3 -3.3
v -1.5 1.3 -3.3
v -1.1 1.3 -3.3
v -4.1 1.3 -3.4
v -3.9 1.3 -3.4
v -3 1.3 -3.4
v -2.9 1.3 -3.4
v -1.8 1.3 -3.4
v -1.5 1.3 -3.4
v -1.1 1.3 -3.4
v -0.400001 1.3 -3.4
v 2.5 1.3 -3.4
v 2.6 1.3 -3.4
v -4.7 1.3 -3.5
v -4.1 1.3 -3.5
v -2.9 1.3 -3.5
v -2.3 1.3 -3.5
v -1.1 1.3 -3.5
v -0.400001 1.3 -3.5
v 2.6 1.3 -3.5
v 2.7 1.3 -3.5
v -5.1 1.3 -3.6
v -4.7 1.3 -3.6
v -2.3 1.3 -3.6
v -2.1 1.3 -3.6
v -1.1 1.3 -3.6
v -0.5 1.3 -3.6
v -7.6 1.3 -3.7
v -7.5 1.3 -3.7
v -3.3 1.3 -3.7
v -2.9 1.3 -3.7
v -2.4 1.3 -3.7
v -2.1 1.3 -3.7
v -0.700001 1.3 -3.7
v -0.5 1.3 -3.7
v 2.7 1.3 -3.7
v 2.8 1.3 -3.7
v -3.3 1.3 -3.8
v -3.2 1.3 -3.8
v -2.9 1.3 -3.8
v -2.4 1.3 -3.8
v -1.1 1.3 -3.8
v -0.700001 1.3 -3.8
v -7.7 1.3 -3.9
v -7.6 1.3 -3.9
v -3.2 1.3 -3.9
v -3.1 1.3 -3.9
v -1.1 1.3 -3.9
v -0.200001 1.3 -3.9
v -7.8 1.3 -4
v -7.7 1.3 -4
v -3.4 1.3 -4
v -3.2 1.3 -4
v -3.1 1.3 -4
v -3 1.3 -4
v -1.1 1.3 -4
v -0.200001 1.3 -4
v -3.4 1.3 -4.1
v -3.2 1.3 -4.1
v -3 1.3 -4.1
v -1.1 1.3 -4.1
v -0.8 1.3 -4.1
v -3.2 1.3 -4.2
v -2.6 1.3 -4.2
v 2.8 1.3 -4.2
v 2.9 1.3 -4.2
v -5.7 1.3 -4.3
v -3.8 1.3 -4.3
v -2.6 1.3 -4.3
v -1.9 1.3 -4.3
v -0.8 1.3 -4.3
v -0.1 1.3 -4.3
v -5.9 1.3 -4.4
v -5.7 1.3 -4.4
v -0.1 1.3 -4.4
v 0.0999994 1.3 -4.4
v -7.9 1.3 -4.5
v -7.8 1.3 -4.5
v -5.9 1.3 -4.5
v -5.7 1.3 -4.5
v -4 1.3 -4.5
v -3.8 1.3 -4.5
v 0.0999994 1.3 -4.5
v 0.5 1.3 -4.5
v -5.7 1.3 -4.6
v -4.6 1.3 -4.6
v -1.9 1.3 -4.6
v -1.6 1.3 -4.6
v -0.400001 1.3 -4.6
v 0.5 1.3 -4.6
v -4.6 1.3 -4.7
v -4 1.3 -4.7
v -1.6 1.3 -4.7
v -1.5 1.3 -4.7
v -0.400001 1.3 -4.7
v -0.1 1.3 -4.7
v -8 1.3 -4.8
v -7.9 1.3 -4.8
v -2.2 1.3 -4.8
v -1.5 1.3 -4.8
v -0.1 1.3 -4.8
v 0.0999994 1.3 -4.8
v -2.2 1.3 -4.9
v -1.6 1.3 -4.9
v 0.0999994 1.3 -4.9
v 0.5 1.3 -4.9
v -1.6 1.3 -5
v -0.900001 1.3 -5
v 0.2 1.3 -5
v 0.5 1.3 -5
v -0.900001 1.3 -5.1
v -0.3 1.3 -5.1
v -0.1 1.3 -5.1
v 0.2 1.3 -5.1
v -3.9 1.3 -5.2
v -3.8 1.3 -5.2
v -1.7 1.3 -5.2
v -1.4 1.3 -5.2
v -0.3 1.3 -5.2
v -0.1 1.3 -5.2
v 2.8 1.3 -5.2
v 2.9 1.3 -5.2
v -4.4 1.3 -5.3
v -3.9 1.3 -5.3
v -3.8 1.3 -5.3
v -2.4 1.3 -5.3
v -1.7 1.3 -5.3
v -1.4 1.3 -5.3
v 0 1.3 -5.3
v 0.299999 1.3 -5.3
v 0.4 1.3 -5.3
v -4.4 1.3 -5.4
v -4.2 1.3 -5.4
v -2.4 1.3 -5.4
v -1.4 1.3 -5.4
v 0 1.3 -5.4
v 0.299999 1.3 -5.4
v 0.4 1.3 -5.4
v 0.7 1.3 -5.4
v -4.2 1.3 -5.5
v -3.8 1.3 -5.5
v 0.599999 1.3 -5.5
v 0.7 1.3 -5.5
v 12.7 1.3 -5.5
v -3.8 1.3 -5.6
v -2.4 1.3 -5.6
v 0.599999 1.3 -5.6
v 0.7 1.3 -5.6
v 12.7 1.3 -5.6
v 12.8 1.3 -5.6
v -2.4 1.3 -5.7
v -0.200001 1.3 -5.7
v 0.7 1.3 -5.7
v 1.2 1.3 -5.7
v 12.7 1.3 -5.7
v -0.200001 1.3 -5.8
v 0.7 1.3 -5.8
v 1.2 1.3 -5.8
v 1.3 1.3 -5.8
v 2.7 1.3 -5.8
v 2.8 1.3 -5.8
v 12.7 1.3 -5.8
v 12.8 1.3 -5.8
v -8 1.3 -5.9
v -7.9 1.3 -5.9
v 0.7 1.3 -5.9
v 1.3 1.3 -5.9
v 2.6 1.3 -6.1
v 2.7 1.3 -6.1
v -7.9 1.3 -6.3
v -7.8 1.3 -6.3
v 2.5 1.3 -6.3
v 2.6 1.3 -6.3
v -6.6 1.3 -6.4
v -5 1.3 -6.4
v 12.7 1.3 -6.4
v 12.8 1.3 -6.4
v -6.6 1.3 -6.5
v -6.5 1.3 -6.5
v -5 1.3 -6.5
v -3.8 1.3 -6.5
v 2.4 1.3 -6.5
v 2.5 1.3 -6.5
v 12.7 1.3 -6.5
v -7.8 1.3 -6.6
v -7.7 1.3 -6.6
v -6.5 1.3 -6.6
v -6.3 1.3 -6.6
v -3.8 1.3 -6.6
v -3.4 1.3 -6.6
v 0.799999 1.3 -6.6
v 1.8 1.3 -6.6
v -7.7 1.3 -6.7
v -7.6 1.3 -6.7
v -6.3 1.3 -6.7
v -5.9 1.3 -6.7
v -2.8 1.3 -6.7
v -1.1 1.3 -6.7
v 0.799999 1.3 -6.7
v 1.3 1.3 -6.7
v 1.8 1.3 -6.7
v 1.9 1.3 -6.7
v 2.3 1.3 -6.7
v 2.4 1.3 -6.7
v -5.9 1.3 -6.8
v -5.5 1.3 -6.8
v -1.1 1.3 -6.8
v 1.3 1.3 -6.8
v -5.5 1.3 -6.9
v -4.7 1.3 -6.9
v -3.7 1.3 -6.9
v -3.4 1.3 -6.9
v -2.8 1.3 -6.9
v -2.7 1.3 -6.9
v 2.2 1.3 -6.9
v 2.3 1.3 -6.9
v -7.6 1.3 -7
v -7.5 1.3 -7
v -4.7 1.3 -7
v -4.5 1.3 -7
v -3.9 1.3 -7
v -3.7 1.3 -7
v -2.7 1.3 -7
v -1.8 1.3 -7
v 1.7 1.3 -7
v 1.9 1.3 -7
v 2.1 1.3 -7
v 2.2 1.3 -7
v -4.8 1.3 -7.1
v -4.5 1.3 -7.1
v -4.1 1.3 -7.1
v -3.9 1.3 -7.1
v -1.8 1.3 -7.1
v -0.6 1.3 -7.1
v 1.4 1.3 -7.1
v 1.7 1.3 -7.1
v 2 1.3 -7.1
v 2.1 1.3 -7.1
v -7.5 1.3 -7.2
v -7.4 1.3 -7.2
v -4.9 1.3 -7.2
v -4.8 1.3 -7.2
v -0.6 1.3 -7.2
v 1.4 1.3 -7.2
v 1.6 1.3 -7.2
v 2 1.3 -7.2
v -7.4 1.3 -7.3
v -7.3 1.3 -7.3
v -5 1.3 -7.3
v -4.9 1.3 -7.3
v -4.1 1.3 -7.3
v -3.9 1.3 -7.3
v 1.4 1.3 -7.3
v 1.6 1.3 -7.3
v -7.3 1.3 -7.4
v -7.2 1.3 -7.4
v -3.9 1.3 -7.4
v -2.9 1.3 -7.4
v 1.2 1.3 -7.4
v 1.4 1.3 -7.4
v -7.2 1.3 -7.5
v -7.1 1.3 -7.5
v -2.9 1.3 -7.5
v -1.6 1.3 -7.5
v 1 1.3 -7.5
v 1.2 1.3 -7.5
v -7.1 1.3 -7.6
v -7 1.3 -7.6
v -1.6 1.3 -7.6
v -0.8 1.3 -7.6
v 0.799999 1.3 -7.6
v 1 1.3 -7.6
v -7 1.3 -7.7
v -6.9 1.3 -7.7
v -5 1.3 -7.7
v -4.9 1.3 -7.7
v -0.8 1.3 -7.7
v -0.700001 1.3 -7.7
v 0.599999 1.3 -7.7
v 0.799999 1.3 -7.7
v -6.9 1.3 -7.8
v -6.8 1.3 -7.8
v -4.9 1.3 -7.8
v -4.1 1.3 -7.8
v -0.900001 1.3 -7.8
v -0.700001 1.3 -7.8
v 0.4 1.3 -7.8
v 0.599999 1.3 -7.8
v -4.1 1.3 -7.9
v -0.900001 1.3 -7.9
v 0.2 1.3 -7.9
v 0.4 1.3 -7.9
v -6.8 1.3 -8
v -6.6 1.3 -8
v -0.1 1.3 -8
v 0.2 1.3 -8
v -6.6 1.3 -8.1
v -6.5 1.3 -8.1
v -0.400001 1.3 -8.1
v -0.1 1.3 -8.1
v -6.5 1.3 -8.2
v -6.4 1.3 -8.2
v -0.6 1.3 -8.2
v -0.400001 1.3 -8.2
v -6.4 1.3 -8.3
v -6.2 1.3 -8.3
v -0.900001 1.3 -8.3
v -0.6 1.3 -8.3
v -6.2 1.3 -8.4
v -6 1.3 -8.4
v -1.6 1.3 -8.4
v -0.900001 1.3 -8.4
v -6 1.3 -8.5
v -5.9 1.3 -8.5
v -2.2 1.3 -8.5
v -1.6 1.3 -8.5
v -12.8 1.3 -8.6
v -12.7 1.3 -8.6
v -5.9 1.3 -8.6
v -5.7 1.3 -8.6
v -2.5 1.3 -8.6
v -2.2 1.3 -8.6
v -5.7 1.3 -8.7
v -5.3 1.3 -8.7
v -5.2 1.3 -8.7
v -5 1.3 -8.7
v -2.9 1.3 -8.7
v -2.5 1.3 -8.7
v -5.3 1.3 -8.8
v -5.2 1.3 -8.8
v -5 1.3 -8.8
v -4.8 1.3 -8.8
v -3.2 1.3 -8.8
v -2.9 1.3 -8.8
v -4.8 1.3 -8.9
v -4.6 1.3 -8.9
v -3.5 1.3 -8.9
v -3.2 1.3 -8.9
v -4.6 1.3 -9
v -3.5 1.3 -9
v 12.7 1.3 -9.6
v 12.8 1.3 -9.6
v -12.8 1.3 -9.8
v -12.7 1.3 -9.8
v -12.6 1.3 -9.8
v 12.6 1.3 -9.8
v 12.7 1.3 -9.8
v 12.8 1.3 -9.8
v -12.7 1.3 -9.9
v -12.6 1.3 -9.9
v 5.5 1.3 -9.9
v 6.5 1.3 -9.9
v 7.8 1.3 -9.9
v 8.3 1.3 -9.9
v 8.4 1.3 -9.9
v 10 1.3 -9.9
v 10.4 1.3 -9.9
v 10.5 1.3 -9.9
v 11.7 1.3 -9.9
v 11.8 1.3 -9.9
v 12.2 1.3 -9.9
v 12.3 1.3 -9.9
v 12.6 1.3 -9.9
v 12.7 1.3 -9.9
v -12.6 1.3 -10
v 5.5 1.3 -10
v 6.5 1.3 -10
v 7.8 1.3 -10
v 8.3 1.3 -10
v 10 1.3 -10
v 10.5 1.3 -10
v 11.8 1.3 -10
v 12.3 1.3 -10
v 12.6 1.3 -10
v -12.6 1.4 9.9
v -11.6 1.4 9.9
v -10.4 1.4 9.9
v -9.1 1.4 9.9
v -8.6 1.4 9.9
v -8.5 1.4 9.9
v -8.2 1.4 9.9
v -6.7 1.4 9.9
v -6.5 1.4 9.9
v -4.3 1.4 9.9
v -2.7 1.4 9.9
v 3.2 1.4 9.9
v 4 1.4 9.9
v 7.4 1.4 9.9
v 9.3 1.4 9.9
v 12.6 1.4 9.9
v -12.7 1.4 9.8
v -12.6 1.4 9.8
v -12.5 1.4 9.8
v -11.6 1.4 9.8
v -10.4 1.4 9.8
v -10 1.4 9.8
v -9.5 1.4 9.8
v -9.1 1.4 9.8
v -8.6 1.4 9.8
v -8.5 1.4 9.8
v -8.3 1.4 9.8
v -8.2 1.4 9.8
v -8.1 1.4 9.8
v -6.7 1.4 9.8
v -6.5 1.4 9.8
v -6.3 1.4 9.8
v -5.7 1.4 9.8
v -5.6 1.4 9.8
v -4.4 1.4 9.8
v -4.3 1.4 9.8
v -2.7 1.4 9.8
v 3.2 1.4 9.8
v 3.7 1.4 9.8
v 4 1.4 9.8
v 7.3 1.4 9.8
v 7.4 1.4 9.8
v 9.2 1.4 9.8
v 9.3 1.4 9.8
v 12.5 1.4 9.8
v 12.6 1.4 9.8
v 12.7 1.4 9.8
v -12.6 1.4 9.7
v -12.5 1.4 9.7
v -8.4 1.4 9.7
v -8.3 1.4 9.7
v -8.2 1.4 9.7
v -8.1 1.4 9.7
v -6.7 1.4 9.7
v -6.4 1.4 9.7
v 12.5 1.4 9.7
v 12.6 1.4 9.7
v -8.4 1.4 9.6
v -8.3 1.4 9.6
v -6.4 1.4 9.6
v -6.3 1.4 9.6
v -8.3 1.4 9.3
v -8.2 1.4 9.3
v -12.7 1.4 8.7
v -12.6 1.4 8.7
v -12.6 1.4 8
v -4.9 1.4 7.8
v -4.5 1.4 7.8
v -5.4 1.4 7.7
v -4.9 1.4 7.7
v -4.5 1.4 7.7
v -4.4 1.4 7.7
v -5.8 1.4 7.6
v -5.4 1.4 7.6
v 12.6 1.4 7.6
v -6 1.4 7.5
v -5.8 1.4 7.5
v -4.4 1.4 7.5
v -4.3 1.4 7.5
v 4.9 1.4 7.5
v 6.7 1.4 7.5
v 12.6 1.4 7.5
v 12.7 1.4 7.5
v -6.3 1.4 7.4
v -6 1.4 7.4
v 4.4 1.4 7.4
v 4.9 1.4 7.4
v 6.7 1.4 7.4
v 7.3 1.4 7.4
v -6.5 1.4 7.3
v -6.3 1.4 7.3
v 4.2 1.4 7.3
v 4.4 1.4 7.3
v 7.3 1.4 7.3
v 7.6 1.4 7.3
v -6.8 1.4 7.2
v -6.5 1.4 7.2
v -4.3 1.4 7.2
v -4.2 1.4 7.2
v 4 1.4 7.2
v 4.2 1.4 7.2
v 7.6 1.4 7.2
v 7.8 1.4 7.2
v -7 1.4 7.1
v -6.8 1.4 7.1
v 3.9 1.4 7.1
v 4 1.4 7.1
v 7.8 1.4 7.1
v 8.1 1.4 7.1
v -7.2 1.4 7
v -7 1.4 7
v 3.8 1.4 7
v 3.9 1.4 7
v 8.1 1.4 7
v 8.2 1.4 7
v -7.3 1.4 6.9
v -7.2 1.4 6.9
v 3.7 1.4 6.9
v 3.8 1.4 6.9
v 8.2 1.4 6.9
v 8.4 1.4 6.9
v -7.5 1.4 6.8
v -7.3 1.4 6.8
v 3.6 1.4 6.8
v 3.7 1.4 6.8
v 8.4 1.4 6.8
v 8.5 1.4 6.8
v -7.6 1.4 6.7
v -7.5 1.4 6.7
v 8.5 1.4 6.7
v 8.6 1.4 6.7
v -7.8 1.4 6.6
v -7.6 1.4 6.6
v 3.5 1.4 6.6
v 3.6 1.4 6.6
v 8.6 1.4 6.6
v 8.7 1.4 6.6
v -8 1.4 6.5
v -7.8 1.4 6.5
v 3.4 1.4 6.5
v 3.5 1.4 6.5
v 5.9 1.4 6.5
v 6.1 1.4 6.5
v 12.6 1.4 6.5
v 12.7 1.4 6.5
v -8.1 1.4 6.4
v -8 1.4 6.4
v 5.6 1.4 6.4
v 5.9 1.4 6.4
v 6.1 1.4 6.4
v 6.4 1.4 6.4
v 8.7 1.4 6.4
v 8.8 1.4 6.4
v -8.2 1.4 6.3
v -8.1 1.4 6.3
v 3.3 1.4 6.3
v 3.4 1.4 6.3
v 5.2 1.4 6.3
v 5.6 1.4 6.3
v 6.4 1.4 6.3
v 6.6 1.4 6.3
v 8.8 1.4 6.3
v 8.9 1.4 6.3
v 3.2 1.4 6.2
v 3.3 1.4 6.2
v 4.8 1.4 6.2
v 5.2 1.4 6.2
v 6.6 1.4 6.2
v 6.8 1.4 6.2
v 8.9 1.4 6.2
v 9 1.4 6.2
v -8.3 1.4 6.1
v -8.2 1.4 6.1
v 4.5 1.4 6.1
v 4.8 1.4 6.1
v 6.8 1.4 6.1
v 6.9 1.4 6.1
v 3.1 1.4 6
v 3.2 1.4 6
v 4.1 1.4 6
v 4.5 1.4 6
v 6.9 1.4 6
v 7 1.4 6
v 9 1.4 6
v 9.1 1.4 6
v -8.4 1.4 5.9
v -8.3 1.4 5.9
v -4.3 1.4 5.9
v -4.2 1.4 5.9
v 3.1 1.4 5.9
v 4.1 1.4 5.9
v 7 1.4 5.9
v 7.2 1.4 5.9
v -8.5 1.4 5.8
v -8.4 1.4 5.8
v 7.2 1.4 5.8
v 7.4 1.4 5.8
v 9.1 1.4 5.8
v 9.2 1.4 5.8
v 7.4 1.4 5.7
v 7.7 1.4 5.7
v -8.6 1.4 5.6
v -8.5 1.4 5.6
v 7.7 1.4 5.6
v 8 1.4 5.6
v 9.2 1.4 5.6
v 9.3 1.4 5.6
v 8 1.4 5.5
v 8.4 1.4 5.5
v 8.4 1.4 5.4
v 8.7 1.4 5.4
v 9.3 1.4 5.4
v 9.4 1.4 5.4
v -4.4 1.4 5.3
v -4.3 1.4 5.3
v 8.7 1.4 5.3
v 8.8 1.4 5.3
v -8.7 1.4 5.2
v -8.6 1.4 5.2
v 9.4 1.4 5.2
v 9.5 1.4 5.2
v -4.5 1.4 5
v -4.4 1.4 5
v -8.8 1.4 4.9
v -8.7 1.4 4.9
v -4.6 1.4 4.8
v -4.5 1.4 4.8
v 6.9 1.4 4.8
v 7.3 1.4 4.8
v 9.5 1.4 4.8
v 9.6 1.4 4.8
v 4.6 1.4 4.7
v 4.9 1.4 4.7
v 7.3 1.4 4.7
v 7.9 1.4 4.7
v 8.2 1.4 4.7
v 8.5 1.4 4.7
v 4.5 1.4 4.6
v 4.6 1.4 4.6
v 4.9 1.4 4.6
v 5.3 1.4 4.6
v 5.5 1.4 4.6
v 5.8 1.4 4.6
v 7.9 1.4 4.6
v 8.2 1.4 4.6
v 8.5 1.4 4.6
v 8.8 1.4 4.6
v 9.6 1.4 4.6
v 9.9 1.4 4.6
v -4.7 1.4 4.5
v -4.6 1.4 4.5
v 4.3 1.4 4.5
v 4.5 1.4 4.5
v 5.3 1.4 4.5
v 5.5 1.4 4.5
v 5.8 1.4 4.5
v 6.2 1.4 4.5
v 9.9 1.4 4.5
v 10 1.4 4.5
v -4.8 1.4 4.4
v -4.7 1.4 4.4
v 6.2 1.4 4.4
v 6.7 1.4 4.4
v 10 1.4 4.4
v 10.1 1.4 4.4
v -4.9 1.4 4.3
v -4.8 1.4 4.3
v 6.7 1.4 4.3
v 6.9 1.4 4.3
v 10.1 1.4 4.2
v 10.2 1.4 4.2
v -5 1.4 4.1
v -4.9 1.4 4.1
v 4.2 1.4 4.1
v 4.3 1.4 4.1
v -5.1 1.4 4
v -5 1.4 4
v -8.8 1.4 3.9
v -8.7 1.4 3.9
v 10.1 1.4 3.9
v 10.2 1.4 3.9
v -5.2 1.4 3.8
v -5.1 1.4 3.8
v 10 1.4 3.8
v 10.1 1.4 3.8
v -5.4 1.4 3.7
v -5.2 1.4 3.7
v 9.9 1.4 3.7
v 10 1.4 3.7
v -5.5 1.4 3.6
v -5.4 1.4 3.6
v 9.7 1.4 3.6
v 9.9 1.4 3.6
v -8.7 1.4 3.5
v -8.6 1.4 3.5
v -5.6 1.4 3.5
v -5.5 1.4 3.5
v 9.6 1.4 3.5
v 9.7 1.4 3.5
v -5.7 1.4 3.4
v -5.6 1.4 3.4
v 4.1 1.4 3.4
v 4.2 1.4 3.4
v 9.4 1.4 3.4
v 9.6 1.4 3.4
v -5.8 1.4 3.3
v -5.7 1.4 3.3
v 4 1.4 3.3
v 4.1 1.4 3.3
v 9.2 1.4 3.3
v 9.4 1.4 3.3
v -8.6 1.4 3.2
v -8.5 1.4 3.2
v -5.9 1.4 3.2
v -5.8 1.4 3.2
v 9 1.4 3.2
v 9.2 1.4 3.2
v 12.6 1.4 3.2
v -6 1.4 3.1
v -5.9 1.4 3.1
v 8.8 1.4 3.1
v 9 1.4 3.1
v -6.2 1.4 3
v -6 1.4 3
v 8.7 1.4 3
v 8.8 1.4 3
v -8.5 1.4 2.9
v -8.4 1.4 2.9
v -6.3 1.4 2.9
v -6.2 1.4 2.9
v 8.5 1.4 2.9
v 8.7 1.4 2.9
v -6.4 1.4 2.8
v -6.3 1.4 2.8
v 8.2 1.4 2.8
v 8.5 1.4 2.8
v -8.4 1.4 2.7
v -8.3 1.4 2.7
v -6.5 1.4 2.7
v -6.4 1.4 2.7
v 4 1.4 2.7
v 4.2 1.4 2.7
v 8 1.4 2.7
v 8.2 1.4 2.7
v 12.6 1.4 2.7
v -6.6 1.4 2.6
v -6.5 1.4 2.6
v 4.2 1.4 2.6
v 4.9 1.4 2.6
v 7.7 1.4 2.6
v 8 1.4 2.6
v -8.3 1.4 2.5
v -8.2 1.4 2.5
v -6.7 1.4 2.5
v -6.6 1.4 2.5
v 4.9 1.4 2.5
v 5.4 1.4 2.5
v 7.3 1.4 2.5
v 7.7 1.4 2.5
v -6.8 1.4 2.4
v -6.7 1.4 2.4
v 5.4 1.4 2.4
v 6.3 1.4 2.4
v 6.5 1.4 2.4
v 6.6 1.4 2.4
v 6.8 1.4 2.4
v 7.3 1.4 2.4
v -8.2 1.4 2.3
v -8.1 1.4 2.3
v -7 1.4 2.3
v -6.8 1.4 2.3
v 6.3 1.4 2.3
v 6.5 1.4 2.3
v 6.6 1.4 2.3
v 6.8 1.4 2.3
v -7.2 1.4 2.2
v -7 1.4 2.2
v -8.1 1.4 2.1
v -8 1.4 2.1
v -7.4 1.4 2.1
v -7.2 1.4 2.1
v -7.6 1.4 2
v -7.4 1.4 2
v -8 1.4 1.9
v -7.6 1.4 1.9
v 12.6 1.4 1.6
v 12.6 1.4 1.3
v -12.7 1.4 1.1
v -12.6 1.4 1.1
v -12.7 1.4 1
v -12.6 1.4 1
v -12.6 1.4 0.900001
v -12.5 1.4 0.900001
v -12.6 1.4 0.8
v -12.5 1.4 0.8
v -12.7 1.4 -0.4
v -12.6 1.4 -0.4
v -6.8 1.4 -1.1
v -6.7 1.4 -1.1
v -6.9 1.4 -1.2
v -6.8 1.4 -1.2
v -6.7 1.4 -1.2
v -6.6 1.4 -1.2
v -6.9 1.4 -1.3
v -6.8 1.4 -1.3
v -6.6 1.4 -1.3
v -6.2 1.4 -1.3
v -6.8 1.4 -1.4
v -6.7 1.4 -1.4
v -6.4 1.4 -1.4
v -6.2 1.4 -1.4
v -6.7 1.4 -1.5
v -6.5 1.4 -1.5
v -6.4 1.4 -1.5
v 8.2 1.4 -4.3
v 9.2 1.4 -4.3
v 9.2 1.4 -4.4
v 9.7 1.4 -4.4
v 5.5 1.4 -4.5
v 6.1 1.4 -4.5
v 9.7 1.4 -4.5
v 10.3 1.4 -4.5
v 5.4 1.4 -4.6
v 5.5 1.4 -4.6
v 10.3 1.4 -4.6
v 10.5 1.4 -4.6
v 4.8 1.4 -4.7
v 5.1 1.4 -4.7
v 5.4 1.4 -4.7
v 10.5 1.4 -4.7
v 10.8 1.4 -4.7
v 4.5 1.4 -4.8
v 4.8 1.4 -4.8
v 10.8 1.4 -4.8
v 11 1.4 -4.8
v 4.3 1.4 -4.9
v 4.5 1.4 -4.9
v 11 1.4 -4.9
v 11.4 1.4 -4.9
v 4.2 1.4 -5
v 4.3 1.4 -5
v 11.4 1.4 -5
v 11.6 1.4 -5
v 4 1.4 -5.1
v 4.2 1.4 -5.1
v 11.6 1.4 -5.1
v 11.8 1.4 -5.1
v 11.8 1.4 -5.2
v 12 1.4 -5.2
v 12 1.4 -5.3
v 12.2 1.4 -5.3
v 3.9 1.4 -5.4
v 4 1.4 -5.4
v 8.2 1.4 -5.4
v 8.3 1.4 -5.4
v 12.2 1.4 -5.4
v 12.3 1.4 -5.4
v 12.3 1.4 -5.5
v 12.5 1.4 -5.5
v 12.6 1.4 -5.5
v 12.7 1.4 -5.5
v 12.5 1.4 -5.6
v 12.6 1.4 -5.6
v 3.9 1.4 -5.7
v 4 1.4 -5.7
v 12.6 1.4 -5.7
v 12.7 1.4 -5.7
v 4 1.4 -6
v 4.1 1.4 -6
v 4.1 1.4 -6.2
v 4.2 1.4 -6.2
v 8.3 1.4 -6.3
v 8.4 1.4 -6.3
v 4.2 1.4 -6.4
v 4.3 1.4 -6.4
v 6 1.4 -6.4
v 6.1 1.4 -6.4
v 8.4 1.4 -6.4
v 8.6 1.4 -6.4
v 12.5 1.4 -6.5
v 12.6 1.4 -6.5
v 12.7 1.4 -6.5
v 4.3 1.4 -6.6
v 4.4 1.4 -6.6
v 8.6 1.4 -6.6
v 8.9 1.4 -6.6
v 9 1.4 -6.6
v 9.3 1.4 -6.6
v 12.4 1.4 -6.6
v 12.5 1.4 -6.6
v 4.4 1.4 -6.7
v 4.5 1.4 -6.7
v 4.6 1.4 -6.7
v 8.9 1.4 -6.7
v 9 1.4 -6.7
v 9.3 1.4 -6.7
v 9.6 1.4 -6.7
v 11.6 1.4 -6.7
v 11.8 1.4 -6.7
v 12 1.4 -6.7
v 12.4 1.4 -6.7
v 4.6 1.4 -6.8
v 4.7 1.4 -6.8
v 9.6 1.4 -6.8
v 9.8 1.4 -6.8
v 11.4 1.4 -6.8
v 11.6 1.4 -6.8
v 11.8 1.4 -6.8
v 12 1.4 -6.8
v 4.7 1.4 -6.9
v 4.8 1.4 -6.9
v 9.8 1.4 -6.9
v 10.2 1.4 -6.9
v 11.2 1.4 -6.9
v 11.4 1.4 -6.9
v 4.8 1.4 -7
v 4.9 1.4 -7
v 10.2 1.4 -7
v 11.2 1.4 -7
v 4.9 1.4 -7.1
v 5 1.4 -7.1
v 5.9 1.4 -7.1
v 6 1.4 -7.1
v 5 1.4 -7.2
v 5.3 1.4 -7.2
v 5.3 1.4 -7.3
v 5.5 1.4 -7.3
v 5.5 1.4 -7.4
v 5.9 1.4 -7.4
v -12.7 1.4 -8.6
v -12.6 1.4 -8.6
v 12.6 1.4 -8.9
v 12.6 1.4 -9
v 12.6 1.4 -9.4
v 12.6 1.4 -9.6
v 12.7 1.4 -9.6
v -12.6 1.4 -9.7
v -12.5 1.4 -9.7
v 12.5 1.4 -9.7
v 12.6 1.4 -9.7
v -12.7 1.4 -9.8
v -12.6 1.4 -9.8
v -12.5 1.4 -9.8
v -4.6 1.4 -9.8
v -0.900001 1.4 -9.8
v 5.5 1.4 -9.8
v 6.5 1.4 -9.8
v 7.8 1.4 -9.8
v 8.4 1.4 -9.8
v 9.9 1.4 -9.8
v 10 1.4 -9.8
v 10.4 1.4 -9.8
v 11.6 1.4 -9.8
v 11.7 1.4 -9.8
v 12.2 1.4 -9.8
v 12.5 1.4 -9.8
v 12.6 1.4 -9.8
v 12.7 1.4 -9.8
v -12.6 1.4 -9.9
v 5.5 1.4 -9.9
v 6.5 1.4 -9.9
v 7.8 1.4 -9.9
v 8.4 1.4 -9.9
v 10 1.4 -9.9
v 10.4 1.4 -9.9
v 11.7 1.4 -9.9
v 12.2 1.4 -9.9
v 12.6 1.4 -9.9
v -12.5 1.5 9.8
v -11.6 1.5 9.8
v -10 1.5 9.8
v -9.5 1.5 9.8
v -8.6 1.5 9.8
v -8.4 1.5 9.8
v -8.1 1.5 9.8
v -6.7 1.5 9.8
v -6.3 1.5 9.8
v -5.7 1.5 9.8
v -5.6 1.5 9.8
v -4.4 1.5 9.8
v -2.7 1.5 9.8
v 3.2 1.5 9.8
v 3.7 1.5 9.8
v 7.3 1.5 9.8
v 9.2 1.5 9.8
v 12.5 1.5 9.8
v -12.6 1.5 9.7
v -12.5 1.5 9.7
v -10.2 1.5 9.7
v -10 1.5 9.7
v -9.5 1.5 9.7
v -8.9 1.5 9.7
v -8.2 1.5 9.7
v -8.1 1.5 9.7
v -6.7 1.5 9.7
v -6.4 1.5 9.7
v -5.7 1.5 9.7
v -5.6 1.5 9.7
v -5.5 1.5 9.7
v -4.5 1.5 9.7
v -4.4 1.5 9.7
v 3.1 1.5 9.7
v 3.2 1.5 9.7
v 7.1 1.5 9.7
v 7.3 1.5 9.7
v 9.1 1.5 9.7
v 9.2 1.5 9.7
v 12.5 1.5 9.7
v 12.6 1.5 9.7
v -10.2 1.5 9.6
v -10.1 1.5 9.6
v -8.9 1.5 9.6
v -8.6 1.5 9.6
v -8.4 1.5 9.6
v -8.3 1.5 9.6
v -6.4 1.5 9.6
v -6.3 1.5 9.6
v -5.6 1.5 9.6
v -5.5 1.5 9.6
v -5.4 1.5 9.6
v -4.6 1.5 9.6
v -4.5 1.5 9.6
v 9 1.5 9.6
v 9.1 1.5 9.6
v -10.6 1.5 9.5
v -10.1 1.5 9.5
v -8.7 1.5 9.5
v -8.6 1.5 9.5
v -8.5 1.5 9.5
v -6.4 1.5 9.5
v -6.3 1.5 9.5
v -5.5 1.5 9.5
v -5.4 1.5 9.5
v -5.3 1.5 9.5
v -2.8 1.5 9.5
v -2.7 1.5 9.5
v 3 1.5 9.5
v 3.1 1.5 9.5
v 3.7 1.5 9.5
v 3.9 1.5 9.5
v 6.9 1.5 9.5
v 7.1 1.5 9.5
v 8.9 1.5 9.5
v 9 1.5 9.5
v -11.6 1.5 9.4
v -11.5 1.5 9.4
v -10.6 1.5 9.4
v -10.3 1.5 9.4
v -9 1.5 9.4
v -8.7 1.5 9.4
v -6.6 1.5 9.4
v -6.4 1.5 9.4
v -4.7 1.5 9.4
v -4.6 1.5 9.4
v 2.9 1.5 9.4
v 3 1.5 9.4
v 3.9 1.5 9.4
v 4 1.5 9.4
v 8.8 1.5 9.4
v 8.9 1.5 9.4
v -8.5 1.5 9.3
v -8.4 1.5 9.3
v -8.3 1.5 9.3
v -8.2 1.5 9.3
v -6.9 1.5 9.3
v -6.6 1.5 9.3
v -5.4 1.5 9.3
v -5.3 1.5 9.3
v -5.2 1.5 9.3
v -4.8 1.5 9.3
v -4.7 1.5 9.3
v 2.9 1.5 9.3
v 3.2 1.5 9.3
v 4 1.5 9.3
v 4.1 1.5 9.3
v 6.8 1.5 9.3
v 6.9 1.5 9.3
v 8.4 1.5 9.3
v 8.8 1.5 9.3
v -10.3 1.5 9.2
v -9.5 1.5 9.2
v -9.1 1.5 9.2
v -9 1.5 9.2
v -8.4 1.5 9.2
v -8.3 1.5 9.2
v -7.2 1.5 9.2
v -6.9 1.5 9.2
v -5.3 1.5 9.2
v -5.2 1.5 9.2
v -5.1 1.5 9.2
v -4.9 1.5 9.2
v -4.8 1.5 9.2
v -0.400001 1.5 9.2
v 0.5 1.5 9.2
v 4.1 1.5 9.2
v 4.5 1.5 9.2
v 6.6 1.5 9.2
v 6.8 1.5 9.2
v 8 1.5 9.2
v 8.4 1.5 9.2
v -11.5 1.5 9.1
v -11.4 1.5 9.1
v -10.1 1.5 9.1
v -9.5 1.5 9.1
v -9.1 1.5 9.1
v -8.7 1.5 9.1
v -8.3 1.5 9.1
v -8.1 1.5 9.1
v -7.5 1.5 9.1
v -7.2 1.5 9.1
v -5 1.5 9.1
v -4.9 1.5 9.1
v -0.5 1.5 9.1
v -0.400001 1.5 9.1
v 0.5 1.5 9.1
v 0.7 1.5 9.1
v 4.4 1.5 9.1
v 4.5 1.5 9.1
v 7.9 1.5 9.1
v 8 1.5 9.1
v -11.4 1.5 9
v -11.3 1.5 9
v -11 1.5 9
v -10.1 1.5 9
v -8.7 1.5 9
v -8.1 1.5 9
v -7.5 1.5 9
v -5.1 1.5 9
v -5 1.5 9
v 0.7 1.5 9
v 0.9 1.5 9
v 4.4 1.5 9
v 4.7 1.5 9
v 6.5 1.5 9
v 6.6 1.5 9
v 7.7 1.5 9
v 7.9 1.5 9
v -11.8 1.5 8.9
v -11.3 1.5 8.9
v -11 1.5 8.9
v -7.5 1.5 8.9
v -7.3 1.5 8.9
v -5.2 1.5 8.9
v -5 1.5 8.9
v -4.9 1.5 8.9
v -0.6 1.5 8.9
v -0.5 1.5 8.9
v 0.9 1.5 8.9
v 1 1.5 8.9
v 4.7 1.5 8.9
v 5 1.5 8.9
v 7.6 1.5 8.9
v 7.7 1.5 8.9
v -11.8 1.5 8.8
v -11.6 1.5 8.8
v -7.6 1.5 8.8
v -7.3 1.5 8.8
v -0.700001 1.5 8.8
v -0.6 1.5 8.8
v 1 1.5 8.8
v 1.1 1.5 8.8
v 6.4 1.5 8.8
v 6.5 1.5 8.8
v 7.5 1.5 8.8
v 7.6 1.5 8.8
v -11.6 1.5 8.7
v -11.5 1.5 8.7
v -7.7 1.5 8.7
v -7.6 1.5 8.7
v -5 1.5 8.7
v -4.9 1.5 8.7
v -4.8 1.5 8.7
v 1.1 1.5 8.7
v 1.2 1.5 8.7
v -11.5 1.5 8.6
v -11.3 1.5 8.6
v -9 1.5 8.6
v -8.7 1.5 8.6
v -7.7 1.5 8.6
v -2.8 1.5 8.6
v -2.7 1.5 8.6
v -0.8 1.5 8.6
v -0.700001 1.5 8.6
v 1.2 1.5 8.6
v 1.3 1.5 8.6
v 3.2 1.5 8.6
v 3.3 1.5 8.6
v 5 1.5 8.6
v 5.1 1.5 8.6
v 6.4 1.5 8.6
v 6.5 1.5 8.6
v 7.5 1.5 8.6
v 7.6 1.5 8.6
v -9.8 1.5 8.5
v -9 1.5 8.5
v -8.7 1.5 8.5
v -4.9 1.5 8.5
v -4.8 1.5 8.5
v -4.7 1.5 8.5
v 0.0999994 1.5 8.5
v 0.299999 1.5 8.5
v 2.8 1.5 8.5
v 3.3 1.5 8.5
v 5.1 1.5 8.5
v 5.2 1.5 8.5
v 6.5 1.5 8.5
v 6.6 1.5 8.5
v 7.6 1.5 8.5
v 7.8 1.5 8.5
v -9.8 1.5 8.4
v -9.4 1.5 8.4
v -9 1.5 8.4
v -8.6 1.5 8.4
v -4.8 1.5 8.4
v -4.7 1.5 8.4
v -4.6 1.5 8.4
v -2.7 1.5 8.4
v -2.6 1.5 8.4
v -0.900001 1.5 8.4
v -0.8 1.5 8.4
v -0.200001 1.5 8.4
v 0.0999994 1.5 8.4
v 2.6 1.5 8.4
v 2.8 1.5 8.4
v 6.6 1.5 8.4
v 6.9 1.5 8.4
v 7.8 1.5 8.4
v 8 1.5 8.4
v -11.3 1.5 8.3
v -11.2 1.5 8.3
v -10.1 1.5 8.3
v -9.4 1.5 8.3
v -8.6 1.5 8.3
v -8.2 1.5 8.3
v -2.6 1.5 8.3
v -2.4 1.5 8.3
v -0.400001 1.5 8.3
v -0.200001 1.5 8.3
v 2.6 1.5 8.3
v 2.7 1.5 8.3
v 6.9 1.5 8.3
v 7.1 1.5 8.3
v 8 1.5 8.3
v 8.3 1.5 8.3
v -10.9 1.5 8.2
v -10.1 1.5 8.2
v -8.5 1.5 8.2
v -8.2 1.5 8.2
v -4.7 1.5 8.2
v -4.6 1.5 8.2
v -4.5 1.5 8.2
v -2.4 1.5 8.2
v -1.9 1.5 8.2
v -1 1.5 8.2
v -0.900001 1.5 8.2
v -0.8 1.5 8.2
v -0.400001 1.5 8.2
v 1.3 1.5 8.2
v 1.5 1.5 8.2
v 2.7 1.5 8.2
v 2.8 1.5 8.2
v 2.9 1.5 8.2
v 3.1 1.5 8.2
v 5 1.5 8.2
v 5.2 1.5 8.2
v 7.1 1.5 8.2
v 7.3 1.5 8.2
v 8.3 1.5 8.2
v 8.5 1.5 8.2
v -11 1.5 8.1
v -10.9 1.5 8.1
v -8.5 1.5 8.1
v -8.2 1.5 8.1
v -1.9 1.5 8.1
v -1 1.5 8.1
v -0.8 1.5 8.1
v 1.5 1.5 8.1
v 1.7 1.5 8.1
v 2.8 1.5 8.1
v 2.9 1.5 8.1
v 3.1 1.5 8.1
v 3.5 1.5 8.1
v 7.3 1.5 8.1
v 7.4 1.5 8.1
v 8.5 1.5 8.1
v 8.8 1.5 8.1
v -12.6 1.5 8
v -12.5 1.5 8
v -8.6 1.5 8
v -8.2 1.5 8
v -4.6 1.5 8
v -4.5 1.5 8
v -4.4 1.5 8
v 0.299999 1.5 8
v 0.4 1.5 8
v 1.7 1.5 8
v 1.8 1.5 8
v 3.5 1.5 8
v 3.8 1.5 8
v 4.6 1.5 8
v 5 1.5 8
v 7.4 1.5 8
v 7.6 1.5 8
v 8.8 1.5 8
v 9 1.5 8
v -12.5 1.5 7.9
v -12.4 1.5 7.9
v 1.8 1.5 7.9
v 2.1 1.5 7.9
v 3.6 1.5 7.9
v 3.8 1.5 7.9
v 4.1 1.5 7.9
v 4.6 1.5 7.9
v 7.6 1.5 7.9
v 7.9 1.5 7.9
v 9 1.5 7.9
v 9.3 1.5 7.9
v -12.4 1.5 7.8
v -12.3 1.5 7.8
v -11 1.5 7.8
v -10.8 1.5 7.8
v -4.9 1.5 7.8
v -4.5 1.5 7.8
v -4.4 1.5 7.8
v -4.1 1.5 7.8
v 0.4 1.5 7.8
v 0.5 1.5 7.8
v 3.6 1.5 7.8
v 4.1 1.5 7.8
v 7.9 1.5 7.8
v 8.2 1.5 7.8
v 9.3 1.5 7.8
v 9.5 1.5 7.8
v 11 1.5 7.8
v 12.1 1.5 7.8
v -5.4 1.5 7.7
v -4.9 1.5 7.7
v -4.5 1.5 7.7
v -4.4 1.5 7.7
v -4.3 1.5 7.7
v -4.1 1.5 7.7
v -3.7 1.5 7.7
v 2.1 1.5 7.7
v 2.2 1.5 7.7
v 8.2 1.5 7.7
v 8.5 1.5 7.7
v 10.4 1.5 7.7
v 11 1.5 7.7
v 12.1 1.5 7.7
v 12.5 1.5 7.7
v -10.8 1.5 7.6
v -9.5 1.5 7.6
v -8.8 1.5 7.6
v -8.6 1.5 7.6
v -5.8 1.5 7.6
v -5.4 1.5 7.6
v -3.7 1.5 7.6
v -3.5 1.5 7.6
v 2.2 1.5 7.6
v 2.3 1.5 7.6
v 4.9 1.5 7.6
v 6.7 1.5 7.6
v 8.5 1.5 7.6
v 9.5 1.5 7.6
v 10 1.5 7.6
v 10.4 1.5 7.6
v 12.5 1.5 7.6
v 12.6 1.5 7.6
v -12.3 1.5 7.5
v -12.2 1.5 7.5
v -11.3 1.5 7.5
v -11.2 1.5 7.5
v -9.6 1.5 7.5
v -9.5 1.5 7.5
v -8.9 1.5 7.5
v -8.8 1.5 7.5
v -6 1.5 7.5
v -5.8 1.5 7.5
v -4.4 1.5 7.5
v -4.3 1.5 7.5
v -4.2 1.5 7.5
v -4.1 1.5 7.5
v -3.5 1.5 7.5
v -3.3 1.5 7.5
v 2.3 1.5 7.5
v 2.4 1.5 7.5
v 4.4 1.5 7.5
v 4.9 1.5 7.5
v 6.7 1.5 7.5
v 7.3 1.5 7.5
v 10 1.5 7.5
v 10.2 1.5 7.5
v -12.2 1.5 7.4
v -12.1 1.5 7.4
v -9.6 1.5 7.4
v -9.1 1.5 7.4
v -8.9 1.5 7.4
v -8.7 1.5 7.4
v -6.3 1.5 7.4
v -6 1.5 7.4
v -4.1 1.5 7.4
v -3.8 1.5 7.4
v -3.5 1.5 7.4
v -3.4 1.5 7.4
v -3.3 1.5 7.4
v -3.1 1.5 7.4
v 0.5 1.5 7.4
v 0.599999 1.5 7.4
v 2.4 1.5 7.4
v 2.5 1.5 7.4
v 4.2 1.5 7.4
v 4.4 1.5 7.4
v 4.9 1.5 7.4
v 6.7 1.5 7.4
v 7.3 1.5 7.4
v 7.6 1.5 7.4
v 10.2 1.5 7.4
v 10.5 1.5 7.4
v -12.1 1.5 7.3
v -12 1.5 7.3
v -11.4 1.5 7.3
v -11.3 1.5 7.3
v -10.6 1.5 7.3
v -9.1 1.5 7.3
v -6.5 1.5 7.3
v -6.3 1.5 7.3
v -4.2 1.5 7.3
v -3.8 1.5 7.3
v -3.1 1.5 7.3
v -2.9 1.5 7.3
v 0.599999 1.5 7.3
v 0.7 1.5 7.3
v 4 1.5 7.3
v 4.2 1.5 7.3
v 4.4 1.5 7.3
v 7.3 1.5 7.3
v 7.6 1.5 7.3
v 7.8 1.5 7.3
v 10.5 1.5 7.3
v 10.7 1.5 7.3
v -12 1.5 7.2
v -11.9 1.5 7.2
v -11.5 1.5 7.2
v -11.4 1.5 7.2
v -10.6 1.5 7.2
v -10.4 1.5 7.2
v -10.1 1.5 7.2
v -8.7 1.5 7.2
v -6.8 1.5 7.2
v -6.5 1.5 7.2
v -4.3 1.5 7.2
v -4.2 1.5 7.2
v -4.1 1.5 7.2
v -4 1.5 7.2
v -2.9 1.5 7.2
v -2.8 1.5 7.2
v 0.7 1.5 7.2
v 0.799999 1.5 7.2
v 3.9 1.5 7.2
v 4 1.5 7.2
v 4.2 1.5 7.2
v 7.6 1.5 7.2
v 7.8 1.5 7.2
v 8.1 1.5 7.2
v 10.7 1.5 7.2
v 11 1.5 7.2
v -11.9 1.5 7.1
v -11.5 1.5 7.1
v -11.3 1.5 7.1
v -10.4 1.5 7.1
v -10.1 1.5 7.1
v -9.1 1.5 7.1
v -7 1.5 7.1
v -6.8 1.5 7.1
v -4 1.5 7.1
v -3.7 1.5 7.1
v -3.4 1.5 7.1
v -3 1.5 7.1
v -2.8 1.5 7.1
v -2.6 1.5 7.1
v 2.5 1.5 7.1
v 2.6 1.5 7.1
v 3.8 1.5 7.1
v 3.9 1.5 7.1
v 4 1.5 7.1
v 7.8 1.5 7.1
v 8.1 1.5 7.1
v 8.2 1.5 7.1
v 11 1.5 7.1
v 11.2 1.5 7.1
v -7.2 1.5 7
v -7 1.5 7
v -3 1.5 7
v -2.7 1.5 7
v -2.6 1.5 7
v -2.5 1.5 7
v 3.7 1.5 7
v 3.8 1.5 7
v 3.9 1.5 7
v 8.1 1.5 7
v 8.2 1.5 7
v 8.4 1.5 7
v 11.2 1.5 7
v 11.4 1.5 7
v -11.3 1.5 6.9
v -11.1 1.5 6.9
v -9.4 1.5 6.9
v -9.1 1.5 6.9
v -7.3 1.5 6.9
v -7.2 1.5 6.9
v -3.8 1.5 6.9
v -3.7 1.5 6.9
v -3.3 1.5 6.9
v -2.7 1.5 6.9
v -2.5 1.5 6.9
v -2.4 1.5 6.9
v 0.799999 1.5 6.9
v 0.9 1.5 6.9
v 3.6 1.5 6.9
v 3.7 1.5 6.9
v 3.8 1.5 6.9
v 8.2 1.5 6.9
v 8.4 1.5 6.9
v 8.5 1.5 6.9
v 11.4 1.5 6.9
v 11.7 1.5 6.9
v -7.5 1.5 6.8
v -7.3 1.5 6.8
v -3.8 1.5 6.8
v -3.7 1.5 6.8
v -3.3 1.5 6.8
v -2.9 1.5 6.8
v -2.4 1.5 6.8
v -2.3 1.5 6.8
v 0.9 1.5 6.8
v 1 1.5 6.8
v 3.5 1.5 6.8
v 3.6 1.5 6.8
v 3.7 1.5 6.8
v 8.4 1.5 6.8
v 8.5 1.5 6.8
v 8.6 1.5 6.8
v 11.7 1.5 6.8
v 11.9 1.5 6.8
v -11.1 1.5 6.7
v -10.6 1.5 6.7
v -9.4 1.5 6.7
v -9 1.5 6.7
v -7.6 1.5 6.7
v -7.5 1.5 6.7
v -3.8 1.5 6.7
v -3.7 1.5 6.7
v -2.9 1.5 6.7
v -2.7 1.5 6.7
v -2.3 1.5 6.7
v -2.2 1.5 6.7
v 1 1.5 6.7
v 1.1 1.5 6.7
v 2.5 1.5 6.7
v 2.6 1.5 6.7
v 8.5 1.5 6.7
v 8.6 1.5 6.7
v 8.7 1.5 6.7
v 11.9 1.5 6.7
v 12.1 1.5 6.7
v -7.8 1.5 6.6
v -7.6 1.5 6.6
v -3.8 1.5 6.6
v -3.6 1.5 6.6
v -2.7 1.5 6.6
v -2.6 1.5 6.6
v -2.2 1.5 6.6
v -2.1 1.5 6.6
v 1.1 1.5 6.6
v 1.2 1.5 6.6
v 3.4 1.5 6.6
v 3.5 1.5 6.6
v 3.6 1.5 6.6
v 8.6 1.5 6.6
v 8.7 1.5 6.6
v 8.8 1.5 6.6
v 12.1 1.5 6.6
v 12.3 1.5 6.6
v -10.6 1.5 6.5
v -10.3 1.5 6.5
v -9 1.5 6.5
v -8.8 1.5 6.5
v -8 1.5 6.5
v -7.8 1.5 6.5
v -3.6 1.5 6.5
v -3.4 1.5 6.5
v -3 1.5 6.5
v -2.6 1.5 6.5
v -2.1 1.5 6.5
v -2 1.5 6.5
v 1.2 1.5 6.5
v 1.4 1.5 6.5
v 2.4 1.5 6.5
v 2.5 1.5 6.5
v 3.3 1.5 6.5
v 3.4 1.5 6.5
v 3.5 1.5 6.5
v 5.9 1.5 6.5
v 6.1 1.5 6.5
v 12.3 1.5 6.5
v 12.6 1.5 6.5
v -10.3 1.5 6.4
v -10.2 1.5 6.4
v -8.9 1.5 6.4
v -8.8 1.5 6.4
v -8.1 1.5 6.4
v -8 1.5 6.4
v -3.6 1.5 6.4
v -3.4 1.5 6.4
v -3 1.5 6.4
v -2.9 1.5 6.4
v -2 1.5 6.4
v -1.9 1.5 6.4
v 1.4 1.5 6.4
v 1.5 1.5 6.4
v 2.3 1.5 6.4
v 2.4 1.5 6.4
v 5.6 1.5 6.4
v 5.9 1.5 6.4
v 6.1 1.5 6.4
v 6.4 1.5 6.4
v 8.7 1.5 6.4
v 8.8 1.5 6.4
v 8.9 1.5 6.4
v -11.6 1.5 6.3
v -11.1 1.5 6.3
v -8.9 1.5 6.3
v -8.8 1.5 6.3
v -8.2 1.5 6.3
v -8.1 1.5 6.3
v -3.6 1.5 6.3
v -3.4 1.5 6.3
v -2.9 1.5 6.3
v -2.6 1.5 6.3
v -1.9 1.5 6.3
v -1.8 1.5 6.3
v 1.5 1.5 6.3
v 1.6 1.5 6.3
v 2.1 1.5 6.3
v 2.3 1.5 6.3
v 3.2 1.5 6.3
v 3.3 1.5 6.3
v 3.4 1.5 6.3
v 5.2 1.5 6.3
v 5.6 1.5 6.3
v 6.4 1.5 6.3
v 6.6 1.5 6.3
v 8.8 1.5 6.3
v 8.9 1.5 6.3
v 9 1.5 6.3
v 9.8 1.5 6.3
v 10.4 1.5 6.3
v -11.8 1.5 6.2
v -11.6 1.5 6.2
v -11.1 1.5 6.2
v -10.3 1.5 6.2
v -10.2 1.5 6.2
v -8.8 1.5 6.2
v -3.6 1.5 6.2
v -3.4 1.5 6.2
v -2.6 1.5 6.2
v -2.4 1.5 6.2
v 1.6 1.5 6.2
v 1.7 1.5 6.2
v 2 1.5 6.2
v 2.1 1.5 6.2
v 3.1 1.5 6.2
v 3.2 1.5 6.2
v 3.3 1.5 6.2
v 4.8 1.5 6.2
v 5.2 1.5 6.2
v 6.6 1.5 6.2
v 6.8 1.5 6.2
v 8.9 1.5 6.2
v 9 1.5 6.2
v 9.1 1.5 6.2
v 10.4 1.5 6.2
v 11.1 1.5 6.2
v -10.3 1.5 6.1
v -10.1 1.5 6.1
v -8.3 1.5 6.1
v -8.2 1.5 6.1
v -3.7 1.5 6.1
v -3.6 1.5 6.1
v -1.8 1.5 6.1
v -1.7 1.5 6.1
v 1.7 1.5 6.1
v 1.8 1.5 6.1
v 1.9 1.5 6.1
v 2 1.5 6.1
v 4.5 1.5 6.1
v 4.8 1.5 6.1
v 6.8 1.5 6.1
v 6.9 1.5 6.1
v 11.1 1.5 6.1
v 11.8 1.5 6.1
v -11.8 1.5 6
v -11.7 1.5 6
v -10.1 1.5 6
v -9.8 1.5 6
v -3.7 1.5 6
v -3.3 1.5 6
v -2.6 1.5 6
v -2.4 1.5 6
v 1.8 1.5 6
v 1.9 1.5 6
v 2 1.5 6
v 2.5 1.5 6
v 3 1.5 6
v 3.1 1.5 6
v 3.2 1.5 6
v 4.1 1.5 6
v 4.5 1.5 6
v 6.9 1.5 6
v 7 1.5 6
v 9 1.5 6
v 9.1 1.5 6
v 9.2 1.5 6
v 11.8 1.5 6
v 11.9 1.5 6
v -11.7 1.5 5.9
v -11.4 1.5 5.9
v -8.4 1.5 5.9
v -8.3 1.5 5.9
v -4.3 1.5 5.9
v -4.2 1.5 5.9
v -4.1 1.5 5.9
v -2.8 1.5 5.9
v -2.6 1.5 5.9
v -1.7 1.5 5.9
v -1.6 1.5 5.9
v 2.5 1.5 5.9
v 3 1.5 5.9
v 3.1 1.5 5.9
v 4.1 1.5 5.9
v 7 1.5 5.9
v 7.2 1.5 5.9
v -10.1 1.5 5.8
v -9.8 1.5 5.8
v -8.5 1.5 5.8
v -8.4 1.5 5.8
v -3.3 1.5 5.8
v -2.8 1.5 5.8
v -1.7 1.5 5.8
v -1.6 1.5 5.8
v -1.5 1.5 5.8
v 2.9 1.5 5.8
v 3 1.5 5.8
v 3.1 1.5 5.8
v 7.2 1.5 5.8
v 7.4 1.5 5.8
v 9.1 1.5 5.8
v 9.2 1.5 5.8
v 9.3 1.5 5.8
v 11.9 1.5 5.8
v 12 1.5 5.8
v -10.1 1.5 5.7
v -9.8 1.5 5.7
v -3 1.5 5.7
v -2.6 1.5 5.7
v -1.5 1.5 5.7
v -1.4 1.5 5.7
v 7.4 1.5 5.7
v 7.7 1.5 5.7
v 9.8 1.5 5.7
v 10 1.5 5.7
v 12 1.5 5.7
v 12.1 1.5 5.7
v -11.4 1.5 5.6
v -11.1 1.5 5.6
v -10.4 1.5 5.6
v -10 1.5 5.6
v -9.9 1.5 5.6
v -9.8 1.5 5.6
v -8.6 1.5 5.6
v -8.5 1.5 5.6
v -3.3 1.5 5.6
v -3 1.5 5.6
v -2.7 1.5 5.6
v -2.6 1.5 5.6
v -1.4 1.5 5.6
v -1.3 1.5 5.6
v 2.8 1.5 5.6
v 2.9 1.5 5.6
v 7.7 1.5 5.6
v 8 1.5 5.6
v 9.2 1.5 5.6
v 9.3 1.5 5.6
v 9.4 1.5 5.6
v -11.1 1.5 5.5
v -10.7 1.5 5.5
v -10.4 1.5 5.5
v -10 1.5 5.5
v -9.9 1.5 5.5
v -9.8 1.5 5.5
v -3.3 1.5 5.5
v -2.7 1.5 5.5
v -1.6 1.5 5.5
v -1.5 1.5 5.5
v -1.3 1.5 5.5
v -1.2 1.5 5.5
v 8 1.5 5.5
v 8.4 1.5 5.5
v 10 1.5 5.5
v 10.2 1.5 5.5
v 12.1 1.5 5.5
v 12.2 1.5 5.5
v -9.6 1.5 5.4
v -9.4 1.5 5.4
v -3.4 1.5 5.4
v -2.9 1.5 5.4
v 8.4 1.5 5.4
v 8.7 1.5 5.4
v 9.3 1.5 5.4
v 9.4 1.5 5.4
v 9.5 1.5 5.4
v -10.7 1.5 5.3
v -9.8 1.5 5.3
v -9.6 1.5 5.3
v -9.5 1.5 5.3
v -9.4 1.5 5.3
v -9.1 1.5 5.3
v -4.4 1.5 5.3
v -4.3 1.5 5.3
v -4.2 1.5 5.3
v -3.8 1.5 5.3
v -3.4 1.5 5.3
v -2.9 1.5 5.3
v -2.7 1.5 5.3
v -1.5 1.5 5.3
v -1.4 1.5 5.3
v 2.7 1.5 5.3
v 2.8 1.5 5.3
v 8.7 1.5 5.3
v 8.8 1.5 5.3
v 10.2 1.5 5.3
v 10.3 1.5 5.3
v -11 1.5 5.2
v -9.5 1.5 5.2
v -9.3 1.5 5.2
v -9.1 1.5 5.2
v -8.7 1.5 5.2
v -8.6 1.5 5.2
v -2.9 1.5 5.2
v -2.7 1.5 5.2
v -1.2 1.5 5.2
v -1.1 1.5 5.2
v 9.4 1.5 5.2
v 9.5 1.5 5.2
v 9.6 1.5 5.2
v -3.8 1.5 5.1
v -3.7 1.5 5.1
v 2.6 1.5 5.1
v 2.7 1.5 5.1
v -11.4 1.5 5
v -11 1.5 5
v -9.7 1.5 5
v -9.3 1.5 5
v -4.5 1.5 5
v -4.4 1.5 5
v -4.3 1.5 5
v -4 1.5 5
v -3.7 1.5 5
v -3 1.5 5
v -2.9 1.5 5
v -1.5 1.5 5
v -1.4 1.5 5
v 10.3 1.5 5
v 10.4 1.5 5
v -8.8 1.5 4.9
v -8.7 1.5 4.9
v -4 1.5 4.9
v -3.9 1.5 4.9
v 2.5 1.5 4.9
v 2.6 1.5 4.9
v 9.6 1.5 4.9
v 9.7 1.5 4.9
v 12.2 1.5 4.9
v 12.3 1.5 4.9
v -11.4 1.5 4.8
v -11.3 1.5 4.8
v -4.6 1.5 4.8
v -4.5 1.5 4.8
v -4.4 1.5 4.8
v -3 1.5 4.8
v -2.6 1.5 4.8
v -1.2 1.5 4.8
v -1.1 1.5 4.8
v 1.7 1.5 4.8
v 1.8 1.5 4.8
v 6.9 1.5 4.8
v 7.3 1.5 4.8
v 9.5 1.5 4.8
v 9.6 1.5 4.8
v 12.3 1.5 4.8
v 12.4 1.5 4.8
v -11.3 1.5 4.7
v -9.7 1.5 4.7
v -4 1.5 4.7
v -3.9 1.5 4.7
v -2.6 1.5 4.7
v -2.5 1.5 4.7
v -1.6 1.5 4.7
v -1.5 1.5 4.7
v 2.4 1.5 4.7
v 2.5 1.5 4.7
v 4.6 1.5 4.7
v 4.9 1.5 4.7
v 7.3 1.5 4.7
v 7.9 1.5 4.7
v 8.2 1.5 4.7
v 8.5 1.5 4.7
v 9.7 1.5 4.7
v 9.9 1.5 4.7
v 10.4 1.5 4.7
v 10.5 1.5 4.7
v 12.4 1.5 4.7
v 12.5 1.5 4.7
v -11.2 1.5 4.6
v -10.2 1.5 4.6
v -10.1 1.5 4.6
v -9.7 1.5 4.6
v -4.1 1.5 4.6
v -4 1.5 4.6
v -1.7 1.5 4.6
v -1.6 1.5 4.6
v -1.3 1.5 4.6
v -1.2 1.5 4.6
v 4.5 1.5 4.6
v 4.6 1.5 4.6
v 4.9 1.5 4.6
v 5.3 1.5 4.6
v 5.5 1.5 4.6
v 5.8 1.5 4.6
v 7.9 1.5 4.6
v 8.2 1.5 4.6
v 8.5 1.5 4.6
v 8.8 1.5 4.6
v 9.6 1.5 4.6
v 9.9 1.5 4.6
v 10.1 1.5 4.6
v -11.2 1.5 4.5
v -11 1.5 4.5
v -10.2 1.5 4.5
v -10.1 1.5 4.5
v -9.7 1.5 4.5
v -9.2 1.5 4.5
v -4.7 1.5 4.5
v -4.6 1.5 4.5
v -4.5 1.5 4.5
v -2.6 1.5 4.5
v -2.5 1.5 4.5
v -1.8 1.5 4.5
v -1.7 1.5 4.5
v 1.6 1.5 4.5
v 1.7 1.5 4.5
v 4.3 1.5 4.5
v 4.5 1.5 4.5
v 5.3 1.5 4.5
v 5.5 1.5 4.5
v 5.8 1.5 4.5
v 6.2 1.5 4.5
v 9.9 1.5 4.5
v 10 1.5 4.5
v 10.1 1.5 4.5
v 10.2 1.5 4.5
v -9.3 1.5 4.4
v -9.2 1.5 4.4
v -4.8 1.5 4.4
v -4.7 1.5 4.4
v -4.6 1.5 4.4
v -4.2 1.5 4.4
v -4.1 1.5 4.4
v -2.7 1.5 4.4
v -2.6 1.5 4.4
v -1.9 1.5 4.4
v -1.8 1.5 4.4
v 1.5 1.5 4.4
v 1.6 1.5 4.4
v 2.2 1.5 4.4
v 2.3 1.5 4.4
v 6.2 1.5 4.4
v 6.7 1.5 4.4
v 10 1.5 4.4
v 10.1 1.5 4.4
v 10.5 1.5 4.4
v 10.6 1.5 4.4
v 12.3 1.5 4.4
v 12.5 1.5 4.4
v -11.5 1.5 4.3
v -11 1.5 4.3
v -9.7 1.5 4.3
v -9.3 1.5 4.3
v -4.9 1.5 4.3
v -4.8 1.5 4.3
v -4.7 1.5 4.3
v -2.8 1.5 4.3
v -2.7 1.5 4.3
v -2 1.5 4.3
v -1.9 1.5 4.3
v -1.4 1.5 4.3
v -1.3 1.5 4.3
v 2.3 1.5 4.3
v 2.4 1.5 4.3
v 6.7 1.5 4.3
v 6.9 1.5 4.3
v 12.1 1.5 4.3
v 12.3 1.5 4.3
v -11.6 1.5 4.2
v -11.5 1.5 4.2
v -3.1 1.5 4.2
v -2.8 1.5 4.2
v 1.4 1.5 4.2
v 1.5 1.5 4.2
v 2.2 1.5 4.2
v 2.3 1.5 4.2
v 10.1 1.5 4.2
v 10.2 1.5 4.2
v 10.3 1.5 4.2
v 10.6 1.5 4.2
v 10.7 1.5 4.2
v 11.9 1.5 4.2
v 12.1 1.5 4.2
v -11.7 1.5 4.1
v -11.6 1.5 4.1
v -9.7 1.5 4.1
v -9.4 1.5 4.1
v -5 1.5 4.1
v -4.9 1.5 4.1
v -4.8 1.5 4.1
v -4.3 1.5 4.1
v -4.2 1.5 4.1
v -2 1.5 4.1
v -1.9 1.5 4.1
v 1.4 1.5 4.1
v 1.5 1.5 4.1
v 4.2 1.5 4.1
v 4.3 1.5 4.1
v -11.7 1.5 4
v -11.6 1.5 4
v -5.1 1.5 4
v -5 1.5 4
v -4.9 1.5 4
v -4.4 1.5 4
v -4.3 1.5 4
v -1.9 1.5 4
v -1.7 1.5 4
v 1.5 1.5 4
v 1.6 1.5 4
v 10.7 1.5 4
v 10.8 1.5 4
v 11.9 1.5 4
v 12 1.5 4
v -11.6 1.5 3.9
v -11.5 1.5 3.9
v -8.8 1.5 3.9
v -8.7 1.5 3.9
v -3.2 1.5 3.9
v -3.1 1.5 3.9
v -1.7 1.5 3.9
v -1.5 1.5 3.9
v 2.3 1.5 3.9
v 2.4 1.5 3.9
v 10.1 1.5 3.9
v 10.2 1.5 3.9
v 10.3 1.5 3.9
v 12 1.5 3.9
v 12.1 1.5 3.9
v -11.5 1.5 3.8
v -11 1.5 3.8
v -5.2 1.5 3.8
v -5.1 1.5 3.8
v -5 1.5 3.8
v -3.3 1.5 3.8
v -3.2 1.5 3.8
v -1.5 1.5 3.8
v -1.4 1.5 3.8
v 1.6 1.5 3.8
v 1.7 1.5 3.8
v 10 1.5 3.8
v 10.1 1.5 3.8
v 10.2 1.5 3.8
v 12.1 1.5 3.8
v 12.2 1.5 3.8
v -11 1.5 3.7
v -10.8 1.5 3.7
v -5.4 1.5 3.7
v -5.2 1.5 3.7
v -5.1 1.5 3.7
v -4.5 1.5 3.7
v -4.4 1.5 3.7
v -3.4 1.5 3.7
v -3.3 1.5 3.7
v -1.4 1.5 3.7
v -1.3 1.5 3.7
v 2.4 1.5 3.7
v 2.5 1.5 3.7
v 9.9 1.5 3.7
v 10 1.5 3.7
v 10.1 1.5 3.7
v 10.7 1.5 3.7
v 10.8 1.5 3.7
v 12.2 1.5 3.7
v 12.3 1.5 3.7
v -10.8 1.5 3.6
v -10.7 1.5 3.6
v -9.4 1.5 3.6
v -9.3 1.5 3.6
v -5.5 1.5 3.6
v -5.4 1.5 3.6
v -5.2 1.5 3.6
v -4.6 1.5 3.6
v -4.5 1.5 3.6
v -3.5 1.5 3.6
v -3.4 1.5 3.6
v -1.2 1.5 3.6
v -1 1.5 3.6
v 1.7 1.5 3.6
v 1.8 1.5 3.6
v 2.5 1.5 3.6
v 2.6 1.5 3.6
v 9.7 1.5 3.6
v 9.9 1.5 3.6
v 10 1.5 3.6
v -9.3 1.5 3.5
v -9.2 1.5 3.5
v -8.7 1.5 3.5
v -8.6 1.5 3.5
v -5.6 1.5 3.5
v -5.5 1.5 3.5
v -5.4 1.5 3.5
v -4.8 1.5 3.5
v -4.6 1.5 3.5
v -3.7 1.5 3.5
v -3.5 1.5 3.5
v -1 1.5 3.5
v -0.900001 1.5 3.5
v 9.6 1.5 3.5
v 9.7 1.5 3.5
v 9.9 1.5 3.5
v 10.6 1.5 3.5
v 10.7 1.5 3.5
v -10.7 1.5 3.4
v -10.4 1.5 3.4
v -9.6 1.5 3.4
v -9.2 1.5 3.4
v -5.7 1.5 3.4
v -5.6 1.5 3.4
v -5.5 1.5 3.4
v -4.9 1.5 3.4
v -4.8 1.5 3.4
v -1.3 1.5 3.4
v -1.2 1.5 3.4
v -1.1 1.5 3.4
v -0.900001 1.5 3.4
v -0.8 1.5 3.4
v 2.6 1.5 3.4
v 2.7 1.5 3.4
v 4.1 1.5 3.4
v 4.2 1.5 3.4
v 9.4 1.5 3.4
v 9.6 1.5 3.4
v 9.7 1.5 3.4
v 12.3 1.5 3.4
v 12.4 1.5 3.4
v -11 1.5 3.3
v -10.7 1.5 3.3
v -10.4 1.5 3.3
v -9.6 1.5 3.3
v -5.8 1.5 3.3
v -5.7 1.5 3.3
v -5.6 1.5 3.3
v -5 1.5 3.3
v -4.9 1.5 3.3
v -3.7 1.5 3.3
v -3.6 1.5 3.3
v -1.2 1.5 3.3
v -1.1 1.5 3.3
v -1 1.5 3.3
v -0.8 1.5 3.3
v -0.700001 1.5 3.3
v 2.7 1.5 3.3
v 2.9 1.5 3.3
v 4 1.5 3.3
v 4.1 1.5 3.3
v 9.2 1.5 3.3
v 9.4 1.5 3.3
v 9.6 1.5 3.3
v 10.5 1.5 3.3
v 10.6 1.5 3.3
v 12.4 1.5 3.3
v 12.5 1.5 3.3
v -11.1 1.5 3.2
v -11 1.5 3.2
v -10.7 1.5 3.2
v -10.6 1.5 3.2
v -8.6 1.5 3.2
v -8.5 1.5 3.2
v -5.9 1.5 3.2
v -5.8 1.5 3.2
v -5.7 1.5 3.2
v -3.6 1.5 3.2
v -3.5 1.5 3.2
v -1.1 1.5 3.2
v -1 1.5 3.2
v -0.8 1.5 3.2
v -0.700001 1.5 3.2
v -0.6 1.5 3.2
v 2.9 1.5 3.2
v 3 1.5 3.2
v 9 1.5 3.2
v 9.2 1.5 3.2
v 9.4 1.5 3.2
v 12.5 1.5 3.2
v 12.6 1.5 3.2
v -6 1.5 3.1
v -5.9 1.5 3.1
v -5.8 1.5 3.1
v -5.1 1.5 3.1
v -5 1.5 3.1
v -3.5 1.5 3.1
v -3.4 1.5 3.1
v -1 1.5 3.1
v -0.8 1.5 3.1
v -0.700001 1.5 3.1
v -0.6 1.5 3.1
v -0.5 1.5 3.1
v 3 1.5 3.1
v 3.1 1.5 3.1
v 8.8 1.5 3.1
v 9 1.5 3.1
v 9.2 1.5 3.1
v -11.6 1.5 3
v -11.1 1.5 3
v -11 1.5 3
v -10.6 1.5 3
v -6.2 1.5 3
v -6 1.5 3
v -5.9 1.5 3
v -3.4 1.5 3
v -3.2 1.5 3
v 3.1 1.5 3
v 3.2 1.5 3
v 8.7 1.5 3
v 8.8 1.5 3
v 9 1.5 3
v 10.4 1.5 3
v 10.5 1.5 3
v -11.9 1.5 2.9
v -11.6 1.5 2.9
v -11 1.5 2.9
v -10.6 1.5 2.9
v -9.6 1.5 2.9
v -9.4 1.5 2.9
v -8.5 1.5 2.9
v -8.4 1.5 2.9
v -6.3 1.5 2.9
v -6.2 1.5 2.9
v -6 1.5 2.9
v -5.2 1.5 2.9
v -5.1 1.5 2.9
v -3.2 1.5 2.9
v -2.8 1.5 2.9
v -0.8 1.5 2.9
v -0.700001 1.5 2.9
v -0.5 1.5 2.9
v 3.2 1.5 2.9
v 3.3 1.5 2.9
v 8.5 1.5 2.9
v 8.7 1.5 2.9
v 8.8 1.5 2.9
v 10.4 1.5 2.9
v 10.5 1.5 2.9
v -11.9 1.5 2.8
v -10.6 1.5 2.8
v -10.2 1.5 2.8
v -9.7 1.5 2.8
v -9.6 1.5 2.8
v -9.4 1.5 2.8
v -6.4 1.5 2.8
v -6.3 1.5 2.8
v -6.2 1.5 2.8
v -5.3 1.5 2.8
v -5.2 1.5 2.8
v -0.700001 1.5 2.8
v -0.6 1.5 2.8
v 3.3 1.5 2.8
v 3.5 1.5 2.8
v 8.2 1.5 2.8
v 8.5 1.5 2.8
v 8.7 1.5 2.8
v 10.5 1.5 2.8
v 10.6 1.5 2.8
v -11.1 1.5 2.7
v -10.2 1.5 2.7
v -8.4 1.5 2.7
v -8.3 1.5 2.7
v -6.5 1.5 2.7
v -6.4 1.5 2.7
v -6.3 1.5 2.7
v -2.8 1.5 2.7
v -2.6 1.5 2.7
v 3.5 1.5 2.7
v 3.8 1.5 2.7
v 4 1.5 2.7
v 4.2 1.5 2.7
v 8 1.5 2.7
v 8.2 1.5 2.7
v 8.5 1.5 2.7
v 10.6 1.5 2.7
v 10.9 1.5 2.7
v 12.5 1.5 2.7
v 12.6 1.5 2.7
v -12 1.5 2.6
v -11.1 1.5 2.6
v -9.7 1.5 2.6
v -9.6 1.5 2.6
v -6.6 1.5 2.6
v -6.5 1.5 2.6
v -6.4 1.5 2.6
v -3.4 1.5 2.6
v -2.9 1.5 2.6
v -2.6 1.5 2.6
v -2.5 1.5 2.6
v -0.5 1.5 2.6
v -0.400001 1.5 2.6
v 1.7 1.5 2.6
v 1.8 1.5 2.6
v 3.8 1.5 2.6
v 4 1.5 2.6
v 4.2 1.5 2.6
v 4.9 1.5 2.6
v 7.7 1.5 2.6
v 8 1.5 2.6
v 8.2 1.5 2.6
v 9.4 1.5 2.6
v 10.3 1.5 2.6
v 10.9 1.5 2.6
v 11.1 1.5 2.6
v 12.4 1.5 2.6
v 12.5 1.5 2.6
v -9.8 1.5 2.5
v -9.6 1.5 2.5
v -8.3 1.5 2.5
v -8.2 1.5 2.5
v -6.7 1.5 2.5
v -6.6 1.5 2.5
v -6.5 1.5 2.5
v -5.3 1.5 2.5
v -5.2 1.5 2.5
v -3.6 1.5 2.5
v -3.4 1.5 2.5
v -2.9 1.5 2.5
v -2.5 1.5 2.5
v 4.2 1.5 2.5
v 4.9 1.5 2.5
v 5.4 1.5 2.5
v 7.3 1.5 2.5
v 7.7 1.5 2.5
v 8 1.5 2.5
v 10.3 1.5 2.5
v 10.5 1.5 2.5
v 11.1 1.5 2.5
v 11.3 1.5 2.5
v 12.2 1.5 2.5
v 12.4 1.5 2.5
v -12 1.5 2.4
v -11.9 1.5 2.4
v -6.8 1.5 2.4
v -6.7 1.5 2.4
v -6.6 1.5 2.4
v -3.7 1.5 2.4
v -3.6 1.5 2.4
v -0.6 1.5 2.4
v -0.5 1.5 2.4
v -0.400001 1.5 2.4
v -0.3 1.5 2.4
v -0.200001 1.5 2.4
v 4.9 1.5 2.4
v 5.4 1.5 2.4
v 6.3 1.5 2.4
v 6.5 1.5 2.4
v 6.6 1.5 2.4
v 6.8 1.5 2.4
v 7.3 1.5 2.4
v 7.7 1.5 2.4
v 9 1.5 2.4
v 9.1 1.5 2.4
v 9.4 1.5 2.4
v 9.5 1.5 2.4
v 10.5 1.5 2.4
v 10.9 1.5 2.4
v 11.3 1.5 2.4
v 11.6 1.5 2.4
v 12 1.5 2.4
v 12.2 1.5 2.4
v -11.9 1.5 2.3
v -11.8 1.5 2.3
v -8.2 1.5 2.3
v -8.1 1.5 2.3
v -7 1.5 2.3
v -6.8 1.5 2.3
v -6.7 1.5 2.3
v -5.7 1.5 2.3
v -5.2 1.5 2.3
v -3.7 1.5 2.3
v -3.6 1.5 2.3
v -0.5 1.5 2.3
v -0.400001 1.5 2.3
v 1.6 1.5 2.3
v 1.7 1.5 2.3
v 5.4 1.5 2.3
v 6.3 1.5 2.3
v 6.5 1.5 2.3
v 6.6 1.5 2.3
v 6.8 1.5 2.3
v 7.3 1.5 2.3
v 8.6 1.5 2.3
v 8.8 1.5 2.3
v 9.1 1.5 2.3
v 9.2 1.5 2.3
v 9.5 1.5 2.3
v 9.9 1.5 2.3
v 10.9 1.5 2.3
v 11 1.5 2.3
v 11.6 1.5 2.3
v 12 1.5 2.3
v -7.2 1.5 2.2
v -7 1.5 2.2
v -6.8 1.5 2.2
v -6 1.5 2.2
v -5.7 1.5 2.2
v -3.6 1.5 2.2
v -3.5 1.5 2.2
v -0.400001 1.5 2.2
v -0.3 1.5 2.2
v -0.200001 1.5 2.2
v 1.4 1.5 2.2
v 1.6 1.5 2.2
v 6.3 1.5 2.2
v 6.5 1.5 2.2
v 6.6 1.5 2.2
v 6.8 1.5 2.2
v 9 1.5 2.2
v 9.1 1.5 2.2
v 9.9 1.5 2.2
v 10.6 1.5 2.2
v 10.8 1.5 2.2
v 11 1.5 2.2
v -11.8 1.5 2.1
v -11.4 1.5 2.1
v -11.2 1.5 2.1
v -9.8 1.5 2.1
v -8.1 1.5 2.1
v -8 1.5 2.1
v -7.4 1.5 2.1
v -7.2 1.5 2.1
v -7 1.5 2.1
v -3.5 1.5 2.1
v -3.3 1.5 2.1
v 1.3 1.5 2.1
v 1.4 1.5 2.1
v 8.6 1.5 2.1
v 8.7 1.5 2.1
v 10.6 1.5 2.1
v 10.8 1.5 2.1
v -11.4 1.5 2
v -11.3 1.5 2
v -11.2 1.5 2
v -10.3 1.5 2
v -7.6 1.5 2
v -7.4 1.5 2
v -7.2 1.5 2
v -0.400001 1.5 2
v -0.3 1.5 2
v 8.8 1.5 2
v 8.9 1.5 2
v 9.1 1.5 2
v 9.2 1.5 2
v 9.3 1.5 2
v 11.9 1.5 2
v 12.4 1.5 2
v -11.4 1.5 1.9
v -11.3 1.5 1.9
v -10.9 1.5 1.9
v -10.3 1.5 1.9
v -8 1.5 1.9
v -7.6 1.5 1.9
v -7.4 1.5 1.9
v -6 1.5 1.9
v -5.9 1.5 1.9
v -3.3 1.5 1.9
v -3.2 1.5 1.9
v -0.5 1.5 1.9
v -0.400001 1.5 1.9
v 1.2 1.5 1.9
v 1.3 1.5 1.9
v 6.7 1.5 1.9
v 8.1 1.5 1.9
v 8.7 1.5 1.9
v 8.8 1.5 1.9
v 11.8 1.5 1.9
v 11.9 1.5 1.9
v -11.4 1.5 1.8
v -11.2 1.5 1.8
v -10.9 1.5 1.8
v -9.6 1.5 1.8
v -8.5 1.5 1.8
v -8 1.5 1.8
v -7.9 1.5 1.8
v -7.6 1.5 1.8
v -5.9 1.5 1.8
v -5.7 1.5 1.8
v -0.6 1.5 1.8
v -0.5 1.5 1.8
v 1 1.5 1.8
v 1.2 1.5 1.8
v 4 1.5 1.8
v 4.1 1.5 1.8
v 5.3 1.5 1.8
v 6.7 1.5 1.8
v 8.1 1.5 1.8
v 8.8 1.5 1.8
v 9.2 1.5 1.8
v 9.3 1.5 1.8
v 9.4 1.5 1.8
v 11.7 1.5 1.8
v 11.8 1.5 1.8
v 12.4 1.5 1.8
v 12.5 1.5 1.8
v -11.5 1.5 1.7
v -11.2 1.5 1.7
v -10.6 1.5 1.7
v -9.6 1.5 1.7
v -9.1 1.5 1.7
v -8.5 1.5 1.7
v -8 1.5 1.7
v -7.9 1.5 1.7
v -7.8 1.5 1.7
v -5.7 1.5 1.7
v -5.6 1.5 1.7
v -0.700001 1.5 1.7
v -0.6 1.5 1.7
v 0.799999 1.5 1.7
v 1 1.5 1.7
v 7.3 1.5 1.7
v 8.1 1.5 1.7
v 8.2 1.5 1.7
v 8.9 1.5 1.7
v 9 1.5 1.7
v 10.7 1.5 1.7
v 11 1.5 1.7
v -11.8 1.5 1.6
v -11.5 1.5 1.6
v -10.6 1.5 1.6
v -9.9 1.5 1.6
v -9.8 1.5 1.6
v -9.1 1.5 1.6
v -8.5 1.5 1.6
v -7.8 1.5 1.6
v -7.7 1.5 1.6
v -5.6 1.5 1.6
v -5.4 1.5 1.6
v -0.8 1.5 1.6
v -0.700001 1.5 1.6
v -0.3 1.5 1.6
v -0.200001 1.5 1.6
v 0.7 1.5 1.6
v 0.799999 1.5 1.6
v 5.3 1.5 1.6
v 6.6 1.5 1.6
v 7.2 1.5 1.6
v 7.3 1.5 1.6
v 8.2 1.5 1.6
v 8.3 1.5 1.6
v 9 1.5 1.6
v 9.1 1.5 1.6
v 9.4 1.5 1.6
v 9.5 1.5 1.6
v 10.8 1.5 1.6
v 11 1.5 1.6
v 11.1 1.5 1.6
v 11.6 1.5 1.6
v 11.7 1.5 1.6
v 12.5 1.5 1.6
v 12.6 1.5 1.6
v -10.1 1.5 1.5
v -10 1.5 1.5
v -9.9 1.5 1.5
v -9.8 1.5 1.5
v -9.1 1.5 1.5
v -7.7 1.5 1.5
v -7.6 1.5 1.5
v -5.4 1.5 1.5
v -5.3 1.5 1.5
v -0.900001 1.5 1.5
v -0.8 1.5 1.5
v -0.200001 1.5 1.5
v -0.1 1.5 1.5
v 0.599999 1.5 1.5
v 0.7 1.5 1.5
v 6.5 1.5 1.5
v 6.6 1.5 1.5
v 8.1 1.5 1.5
v 8.2 1.5 1.5
v 8.9 1.5 1.5
v 9 1.5 1.5
v 9.3 1.5 1.5
v 9.4 1.5 1.5
v 10.6 1.5 1.5
v 10.7 1.5 1.5
v 10.8 1.5 1.5
v 11 1.5 1.5
v 11.1 1.5 1.5
v 11.2 1.5 1.5
v 11.6 1.5 1.5
v 11.7 1.5 1.5
v -11.8 1.5 1.4
v -11.4 1.5 1.4
v -10.1 1.5 1.4
v -10 1.5 1.4
v -9.9 1.5 1.4
v -9.8 1.5 1.4
v -5.3 1.5 1.4
v -5 1.5 1.4
v 6.2 1.5 1.4
v 6.5 1.5 1.4
v 7.2 1.5 1.4
v 7.9 1.5 1.4
v 8.2 1.5 1.4
v 8.3 1.5 1.4
v 8.4 1.5 1.4
v 9.1 1.5 1.4
v 9.2 1.5 1.4
v 9.4 1.5 1.4
v 9.5 1.5 1.4
v 9.6 1.5 1.4
v 11.1 1.5 1.4
v 11.2 1.5 1.4
v 11.3 1.5 1.4
v 11.7 1.5 1.4
v 11.8 1.5 1.4
v -7.6 1.5 1.3
v -7.5 1.5 1.3
v -5 1.5 1.3
v -4.6 1.5 1.3
v -3.2 1.5 1.3
v -3.1 1.5 1.3
v -1 1.5 1.3
v -0.900001 1.5 1.3
v -0.1 1.5 1.3
v 0 1.5 1.3
v 5.4 1.5 1.3
v 5.5 1.5 1.3
v 6.9 1.5 1.3
v 7.8 1.5 1.3
v 9.2 1.5 1.3
v 9.3 1.5 1.3
v 10.5 1.5 1.3
v 10.6 1.5 1.3
v 10.7 1.5 1.3
v 11.8 1.5 1.3
v 12.1 1.5 1.3
v 12.5 1.5 1.3
v 12.6 1.5 1.3
v -11.4 1.5 1.2
v -10.5 1.5 1.2
v -10.3 1.5 1.2
v -10.1 1.5 1.2
v -7.5 1.5 1.2
v -7.4 1.5 1.2
v -4.6 1.5 1.2
v -4.4 1.5 1.2
v -1.1 1.5 1.2
v -1 1.5 1.2
v 0 1.5 1.2
v 0.2 1.5 1.2
v 5.5 1.5 1.2
v 5.6 1.5 1.2
v 6.8 1.5 1.2
v 6.9 1.5 1.2
v 8.3 1.5 1.2
v 8.4 1.5 1.2
v 8.5 1.5 1.2
v 9 1.5 1.2
v 9.1 1.5 1.2
v 9.2 1.5 1.2
v 9.3 1.5 1.2
v 9.4 1.5 1.2
v 12.1 1.5 1.2
v 12.5 1.5 1.2
v -10.6 1.5 1.1
v -10.5 1.5 1.1
v -10.3 1.5 1.1
v -7.4 1.5 1.1
v -7.3 1.5 1.1
v -4.4 1.5 1.1
v -4.2 1.5 1.1
v -1.2 1.5 1.1
v -1.1 1.5 1.1
v 0.2 1.5 1.1
v 0.299999 1.5 1.1
v 0.5 1.5 1.1
v 0.599999 1.5 1.1
v 5.6 1.5 1.1
v 5.7 1.5 1.1
v 6.7 1.5 1.1
v 6.8 1.5 1.1
v 9.3 1.5 1.1
v 9.4 1.5 1.1
v 9.5 1.5 1.1
v 9.6 1.5 1.1
v 9.7 1.5 1.1
v 10.4 1.5 1.1
v 10.5 1.5 1.1
v 10.6 1.5 1.1
v 11.1 1.5 1.1
v 11.2 1.5 1.1
v -12.6 1.5 1
v -12.4 1.5 1
v -7.3 1.5 1
v -7.2 1.5 1
v -3.7 1.5 1
v -3.4 1.5 1
v -1.3 1.5 1
v -1.2 1.5 1
v 0.299999 1.5 1
v 0.4 1.5 1
v 6.6 1.5 1
v 6.7 1.5 1
v 8.4 1.5 1
v 8.5 1.5 1
v 8.6 1.5 1
v 9.1 1.5 1
v 9.2 1.5 1
v 9.3 1.5 1
v 9.5 1.5 1
v 9.6 1.5 1
v 10.5 1.5 1
v 11.1 1.5 1
v 11.2 1.5 1
v 11.3 1.5 1
v -12.6 1.5 0.900001
v -12.5 1.5 0.900001
v -12.4 1.5 0.900001
v -11.8 1.5 0.900001
v -10.8 1.5 0.900001
v -10.6 1.5 0.900001
v -10.5 1.5 0.900001
v -4.2 1.5 0.900001
v -3.7 1.5 0.900001
v -3.4 1.5 0.900001
v -1.5 1.5 0.900001
v -1.3 1.5 0.900001
v 0.4 1.5 0.900001
v 0.5 1.5 0.900001
v 5.7 1.5 0.900001
v 5.8 1.5 0.900001
v 6.5 1.5 0.900001
v 6.6 1.5 0.900001
v 7.7 1.5 0.900001
v 7.8 1.5 0.900001
v 7.9 1.5 0.900001
v 8 1.5 0.900001
v 9.4 1.5 0.900001
v 9.5 1.5 0.900001
v 9.6 1.5 0.900001
v 9.7 1.5 0.900001
v 9.8 1.5 0.900001
v 10.3 1.5 0.900001
v 10.4 1.5 0.900001
v 10.5 1.5 0.900001
v 11.2 1.5 0.900001
v -12.5 1.5 0.8
v -11.9 1.5 0.8
v -11.8 1.5 0.8
v -11.5 1.5 0.8
v -11.3 1.5 0.8
v -10.8 1.5 0.8
v -10.7 1.5 0.8
v -10.6 1.5 0.8
v -7.2 1.5 0.8
v -7.1 1.5 0.8
v -4.2 1.5 0.8
v -3.7 1.5 0.8
v -1.6 1.5 0.8
v -1.5 1.5 0.8
v 6.4 1.5 0.8
v 6.5 1.5 0.8
v 6.9 1.5 0.8
v 7.7 1.5 0.8
v 7.8 1.5 0.8
v 7.9 1.5 0.8
v 9.5 1.5 0.8
v 9.6 1.5 0.8
v 9.7 1.5 0.8
v 10.2 1.5 0.8
v 10.3 1.5 0.8
v 10.5 1.5 0.8
v -11.9 1.5 0.7
v -11.5 1.5 0.7
v -11.3 1.5 0.7
v -11.1 1.5 0.7
v -10.7 1.5 0.7
v -7.1 1.5 0.7
v -7 1.5 0.7
v -4.2 1.5 0.7
v -4.1 1.5 0.7
v -3.3 1.5 0.7
v -3.1 1.5 0.7
v -1.7 1.5 0.7
v -1.6 1.5 0.7
v 6.4 1.5 0.7
v 6.9 1.5 0.7
v 7.7 1.5 0.7
v 7.8 1.5 0.7
v 7.9 1.5 0.7
v 8.5 1.5 0.7
v 8.6 1.5 0.7
v 8.7 1.5 0.7
v -11.5 1.5 0.6
v -11.2 1.5 0.6
v -11.1 1.5 0.6
v -7 1.5 0.6
v -6.9 1.5 0.6
v -4.1 1.5 0.6
v -3.4 1.5 0.6
v -3.3 1.5 0.6
v -3 1.5 0.6
v -1.8 1.5 0.6
v -1.7 1.5 0.6
v 4.1 1.5 0.6
v 4.2 1.5 0.6
v 5.4 1.5 0.6
v 5.5 1.5 0.6
v 5.6 1.5 0.6
v 5.7 1.5 0.6
v 5.8 1.5 0.6
v 5.9 1.5 0.6
v 6.4 1.5 0.6
v 6.9 1.5 0.6
v 9.2 1.5 0.6
v 9.3 1.5 0.6
v 9.4 1.5 0.6
v 9.5 1.5 0.6
v 9.6 1.5 0.6
v 9.8 1.5 0.6
v 10 1.5 0.6
v 11.2 1.5 0.6
v 11.3 1.5 0.6
v -3.4 1.5 0.5
v -3 1.5 0.5
v -1.9 1.5 0.5
v -1.8 1.5 0.5
v -0.1 1.5 0.5
v 0.4 1.5 0.5
v 5.5 1.5 0.5
v 5.6 1.5 0.5
v 5.7 1.5 0.5
v 6.3 1.5 0.5
v 6.4 1.5 0.5
v 9 1.5 0.5
v 9.3 1.5 0.5
v 9.4 1.5 0.5
v 9.5 1.5 0.5
v 10 1.5 0.5
v 10.1 1.5 0.5
v 10.5 1.5 0.5
v 11 1.5 0.5
v -11.2 1.5 0.400001
v -11.1 1.5 0.400001
v -6.9 1.5 0.400001
v -6.8 1.5 0.400001
v -2 1.5 0.400001
v -1.9 1.5 0.400001
v -1.3 1.5 0.400001
v -0.1 1.5 0.400001
v 0.4 1.5 0.400001
v 3.4 1.5 0.400001
v 7.9 1.5 0.400001
v 8 1.5 0.400001
v 8.8 1.5 0.400001
v 9 1.5 0.400001
v 9.7 1.5 0.400001
v 9.8 1.5 0.400001
v 9.9 1.5 0.400001
v 10.1 1.5 0.400001
v 10.4 1.5 0.400001
v 10.5 1.5 0.400001
v 10.6 1.5 0.400001
v 11 1.5 0.400001
v 11.2 1.5 0.400001
v -6.8 1.5 0.3
v -6.7 1.5 0.3
v -2.1 1.5 0.3
v -2 1.5 0.3
v -1.4 1.5 0.3
v -1.3 1.5 0.3
v 3.4 1.5 0.3
v 4.2 1.5 0.3
v 5.6 1.5 0.3
v 5.7 1.5 0.3
v 5.9 1.5 0.3
v 6 1.5 0.3
v 8.3 1.5 0.3
v 8.6 1.5 0.3
v 8.7 1.5 0.3
v 8.8 1.5 0.3
v 9.4 1.5 0.3
v 9.7 1.5 0.3
v 9.8 1.5 0.3
v 9.9 1.5 0.3
v 10.2 1.5 0.3
v 10.3 1.5 0.3
v 10.4 1.5 0.3
v 10.5 1.5 0.3
v 10.6 1.5 0.3
v 11.1 1.5 0.3
v -6.7 1.5 0.2
v -6.6 1.5 0.2
v -2.2 1.5 0.2
v -2.1 1.5 0.2
v -1.6 1.5 0.2
v -1.4 1.5 0.2
v 6 1.5 0.2
v 6.1 1.5 0.2
v 7.6 1.5 0.2
v 7.7 1.5 0.2
v 8.1 1.5 0.2
v 8.3 1.5 0.2
v 8.7 1.5 0.2
v 9.4 1.5 0.2
v 9.8 1.5 0.2
v 10.1 1.5 0.2
v 10.9 1.5 0.2
v 11.1 1.5 0.2
v -6.6 1.5 0.1
v -6.5 1.5 0.1
v -2.3 1.5 0.1
v -2.2 1.5 0.1
v 8.1 1.5 0.1
v 8.3 1.5 0.1
v 8.5 1.5 0.1
v 8.7 1.5 0.1
v 9.6 1.5 0.1
v 9.8 1.5 0.1
v 10.4 1.5 0.1
v 10.5 1.5 0.1
v 10.6 1.5 0.1
v 10.9 1.5 0.1
v 11 1.5 0.1
v 11.2 1.5 0.1
v -6.5 1.5 0
v -6.4 1.5 0
v -2.4 1.5 0
v -2.3 1.5 0
v -1.7 1.5 0
v -1.6 1.5 0
v 5.7 1.5 0
v 5.8 1.5 0
v 7.3 1.5 0
v 7.5 1.5 0
v 8.3 1.5 0
v 8.4 1.5 0
v 9.3 1.5 0
v 9.6 1.5 0
v 9.8 1.5 0
v 10.1 1.5 0
v 10.6 1.5 0
v 11 1.5 0
v -6.4 1.5 -0.0999994
v -6.3 1.5 -0.0999994
v -2.5 1.5 -0.0999994
v -2.4 1.5 -0.0999994
v 7 1.5 -0.0999994
v 7.3 1.5 -0.0999994
v 7.4 1.5 -0.0999994
v 7.5 1.5 -0.0999994
v 8.9 1.5 -0.0999994
v 9.3 1.5 -0.0999994
v 9.5 1.5 -0.0999994
v 9.8 1.5 -0.0999994
v 10.3 1.5 -0.0999994
v 10.4 1.5 -0.0999994
v 10.5 1.5 -0.0999994
v 10.6 1.5 -0.0999994
v 10.7 1.5 -0.0999994
v 11.1 1.5 -0.0999994
v 11.2 1.5 -0.0999994
v -6.3 1.5 -0.2
v -6.2 1.5 -0.2
v -2.6 1.5 -0.2
v -2.5 1.5 -0.2
v 2.3 1.5 -0.2
v 3.5 1.5 -0.2
v 5.8 1.5 -0.2
v 5.9 1.5 -0.2
v 6.1 1.5 -0.2
v 6.2 1.5 -0.2
v 6.6 1.5 -0.2
v 7 1.5 -0.2
v 7.3 1.5 -0.2
v 7.4 1.5 -0.2
v 7.7 1.5 -0.2
v 7.8 1.5 -0.2
v 8.5 1.5 -0.2
v 8.9 1.5 -0.2
v 9.5 1.5 -0.2
v 10.4 1.5 -0.2
v 10.5 1.5 -0.2
v 10.6 1.5 -0.2
v 10.7 1.5 -0.2
v 10.8 1.5 -0.2
v 11 1.5 -0.2
v 11.1 1.5 -0.2
v 11.2 1.5 -0.2
v 11.3 1.5 -0.2
v -6.2 1.5 -0.3
v -6 1.5 -0.3
v -2.7 1.5 -0.3
v -2.6 1.5 -0.3
v 2.2 1.5 -0.3
v 2.3 1.5 -0.3
v 3.5 1.5 -0.3
v 3.6 1.5 -0.3
v 5.6 1.5 -0.3
v 5.9 1.5 -0.3
v 6.3 1.5 -0.3
v 6.6 1.5 -0.3
v 7.2 1.5 -0.3
v 7.3 1.5 -0.3
v 8.6 1.5 -0.3
v 8.9 1.5 -0.3
v 10.5 1.5 -0.3
v 10.6 1.5 -0.3
v 10.7 1.5 -0.3
v 10.8 1.5 -0.3
v 11 1.5 -0.3
v -12.6 1.5 -0.4
v -12.4 1.5 -0.4
v -6 1.5 -0.4
v -5.9 1.5 -0.4
v -2.8 1.5 -0.4
v -2.7 1.5 -0.4
v -1.7 1.5 -0.4
v -1.6 1.5 -0.4
v 2.2 1.5 -0.4
v 2.3 1.5 -0.4
v 3.6 1.5 -0.4
v 3.8 1.5 -0.4
v 5.3 1.5 -0.4
v 5.6 1.5 -0.4
v 5.8 1.5 -0.4
v 6 1.5 -0.4
v 6.8 1.5 -0.4
v 6.9 1.5 -0.4
v 7.6 1.5 -0.4
v 7.7 1.5 -0.4
v 9.3 1.5 -0.4
v 9.9 1.5 -0.4
v 10.6 1.5 -0.4
v 10.8 1.5 -0.4
v 11.1 1.5 -0.4
v 11.2 1.5 -0.4
v -12.4 1.5 -0.5
v -12.1 1.5 -0.5
v -11.1 1.5 -0.5
v -11 1.5 -0.5
v -5.9 1.5 -0.5
v -5.8 1.5 -0.5
v -3 1.5 -0.5
v -2.8 1.5 -0.5
v 2.3 1.5 -0.5
v 2.4 1.5 -0.5
v 5.1 1.5 -0.5
v 5.3 1.5 -0.5
v 5.8 1.5 -0.5
v 6 1.5 -0.5
v 6.5 1.5 -0.5
v 6.8 1.5 -0.5
v 6.9 1.5 -0.5
v 7.1 1.5 -0.5
v 7.2 1.5 -0.5
v 8.6 1.5 -0.5
v 9.3 1.5 -0.5
v 9.6 1.5 -0.5
v 9.9 1.5 -0.5
v 10.6 1.5 -0.5
v 10.8 1.5 -0.5
v 10.9 1.5 -0.5
v 11 1.5 -0.5
v 11.1 1.5 -0.5
v 11.3 1.5 -0.5
v -12.1 1.5 -0.599999
v -12 1.5 -0.599999
v -5.8 1.5 -0.599999
v -5.7 1.5 -0.599999
v -3.1 1.5 -0.599999
v -3 1.5 -0.599999
v -1.6 1.5 -0.599999
v -1.5 1.5 -0.599999
v 1.6 1.5 -0.599999
v 2.1 1.5 -0.599999
v 2.4 1.5 -0.599999
v 2.5 1.5 -0.599999
v 4.8 1.5 -0.599999
v 5.1 1.5 -0.599999
v 5.4 1.5 -0.599999
v 6.5 1.5 -0.599999
v 6.7 1.5 -0.599999
v 6.8 1.5 -0.599999
v 7 1.5 -0.599999
v 7.1 1.5 -0.599999
v 8.4 1.5 -0.599999
v 8.5 1.5 -0.599999
v 9.3 1.5 -0.599999
v 9.4 1.5 -0.599999
v 9.5 1.5 -0.599999
v 9.6 1.5 -0.599999
v 10.5 1.5 -0.599999
v 10.6 1.5 -0.599999
v 10.7 1.5 -0.599999
v 10.9 1.5 -0.599999
v 11 1.5 -0.599999
v 11.2 1.5 -0.599999
v 11.3 1.5 -0.599999
v 11.4 1.5 -0.599999
v -12 1.5 -0.7
v -11.9 1.5 -0.7
v -5.7 1.5 -0.7
v -5.6 1.5 -0.7
v -3.4 1.5 -0.7
v -3.2 1.5 -0.7
v -3.1 1.5 -0.7
v -3 1.5 -0.7
v -2.8 1.5 -0.7
v 1.3 1.5 -0.7
v 1.6 1.5 -0.7
v 2.1 1.5 -0.7
v 2.4 1.5 -0.7
v 2.5 1.5 -0.7
v 2.6 1.5 -0.7
v 4.5 1.5 -0.7
v 4.8 1.5 -0.7
v 5.1 1.5 -0.7
v 5.4 1.5 -0.7
v 7.8 1.5 -0.7
v 7.9 1.5 -0.7
v 8.5 1.5 -0.7
v 8.6 1.5 -0.7
v 8.7 1.5 -0.7
v 9.3 1.5 -0.7
v 10.6 1.5 -0.7
v 10.7 1.5 -0.7
v 11.2 1.5 -0.7
v 11.3 1.5 -0.7
v -11.9 1.5 -0.8
v -11.8 1.5 -0.8
v -5.6 1.5 -0.8
v -5.4 1.5 -0.8
v -4.1 1.5 -0.8
v -3.4 1.5 -0.8
v -3.2 1.5 -0.8
v -3 1.5 -0.8
v -2.9 1.5 -0.8
v -2.8 1.5 -0.8
v -2.2 1.5 -0.8
v -1.5 1.5 -0.8
v -1.4 1.5 -0.8
v 1.1 1.5 -0.8
v 1.3 1.5 -0.8
v 2.4 1.5 -0.8
v 2.6 1.5 -0.8
v 3.7 1.5 -0.8
v 3.8 1.5 -0.8
v 4.1 1.5 -0.8
v 4.5 1.5 -0.8
v 4.6 1.5 -0.8
v 5.1 1.5 -0.8
v 6.5 1.5 -0.8
v 6.7 1.5 -0.8
v 6.8 1.5 -0.8
v 7 1.5 -0.8
v 8.5 1.5 -0.8
v 8.6 1.5 -0.8
v 8.7 1.5 -0.8
v 9 1.5 -0.8
v 11.2 1.5 -0.8
v 11.3 1.5 -0.8
v -11.8 1.5 -0.9
v -11.6 1.5 -0.9
v -6 1.5 -0.9
v -5.9 1.5 -0.9
v -5.4 1.5 -0.9
v -5.3 1.5 -0.9
v -4.4 1.5 -0.9
v -4.1 1.5 -0.9
v -4 1.5 -0.9
v -3.6 1.5 -0.9
v -3.4 1.5 -0.9
v -3.2 1.5 -0.9
v -3 1.5 -0.9
v -2.9 1.5 -0.9
v -2.2 1.5 -0.9
v -1.7 1.5 -0.9
v 1.1 1.5 -0.9
v 1.2 1.5 -0.9
v 3.6 1.5 -0.9
v 3.7 1.5 -0.9
v 4.3 1.5 -0.9
v 4.6 1.5 -0.9
v 4.9 1.5 -0.9
v 6.4 1.5 -0.9
v 6.5 1.5 -0.9
v 6.7 1.5 -0.9
v 6.8 1.5 -0.9
v 7.4 1.5 -0.9
v 7.6 1.5 -0.9
v 8.2 1.5 -0.9
v 8.5 1.5 -0.9
v 9 1.5 -0.9
v 9.1 1.5 -0.9
v 9.5 1.5 -0.9
v 9.6 1.5 -0.9
v 11.3 1.5 -0.9
v 11.4 1.5 -0.9
v -11.6 1.5 -1
v -11.5 1.5 -1
v -5.3 1.5 -1
v -5.1 1.5 -1
v -4.6 1.5 -1
v -4.4 1.5 -1
v -4 1.5 -1
v -3.8 1.5 -1
v -3.6 1.5 -1
v -2.2 1.5 -1
v -1.8 1.5 -1
v -1.7 1.5 -1
v -1.4 1.5 -1
v -1.3 1.5 -1
v 3.5 1.5 -1
v 3.6 1.5 -1
v 4.1 1.5 -1
v 4.2 1.5 -1
v 4.3 1.5 -1
v 4.6 1.5 -1
v 4.9 1.5 -1
v 5.3 1.5 -1
v 6.3 1.5 -1
v 6.4 1.5 -1
v 6.5 1.5 -1
v 6.7 1.5 -1
v 7.2 1.5 -1
v 7.4 1.5 -1
v 7.6 1.5 -1
v 7.7 1.5 -1
v 9.1 1.5 -1
v 9.2 1.5 -1
v 9.4 1.5 -1
v 9.5 1.5 -1
v 11.1 1.5 -1
v 11.2 1.5 -1
v 11.3 1.5 -1
v -11.5 1.5 -1.1
v -11.3 1.5 -1.1
v -8.7 1.5 -1.1
v -8.1 1.5 -1.1
v -7.6 1.5 -1.1
v -7.4 1.5 -1.1
v -6.8 1.5 -1.1
v -6.7 1.5 -1.1
v -6.1 1.5 -1.1
v -6 1.5 -1.1
v -5.1 1.5 -1.1
v -5 1.5 -1.1
v -4.6 1.5 -1.1
v -4.4 1.5 -1.1
v -4.1 1.5 -1.1
v -3.8 1.5 -1.1
v -1.8 1.5 -1.1
v -1.4 1.5 -1.1
v -1.3 1.5 -1.1
v -1 1.5 -1.1
v 0.0999994 1.5 -1.1
v 0.5 1.5 -1.1
v 4.1 1.5 -1.1
v 4.2 1.5 -1.1
v 5.3 1.5 -1.1
v 5.7 1.5 -1.1
v 6.1 1.5 -1.1
v 6.3 1.5 -1.1
v 6.5 1.5 -1.1
v 7 1.5 -1.1
v 7.2 1.5 -1.1
v 8.1 1.5 -1.1
v 8.2 1.5 -1.1
v 11 1.5 -1.1
v 11.1 1.5 -1.1
v 11.2 1.5 -1.1
v -11.3 1.5 -1.2
v -11 1.5 -1.2
v -8.9 1.5 -1.2
v -8.7 1.5 -1.2
v -7.9 1.5 -1.2
v -7.7 1.5 -1.2
v -7.6 1.5 -1.2
v -7.4 1.5 -1.2
v -7 1.5 -1.2
v -6.9 1.5 -1.2
v -6.8 1.5 -1.2
v -6.7 1.5 -1.2
v -6.6 1.5 -1.2
v -6.2 1.5 -1.2
v -6.1 1.5 -1.2
v -5.7 1.5 -1.2
v -5 1.5 -1.2
v -4.8 1.5 -1.2
v -4.6 1.5 -1.2
v -4.1 1.5 -1.2
v -1.4 1.5 -1.2
v -1.1 1.5 -1.2
v -1 1.5 -1.2
v -0.8 1.5 -1.2
v 0.5 1.5 -1.2
v 0.799999 1.5 -1.2
v 1.2 1.5 -1.2
v 1.4 1.5 -1.2
v 4.1 1.5 -1.2
v 5.3 1.5 -1.2
v 5.7 1.5 -1.2
v 5.9 1.5 -1.2
v 6 1.5 -1.2
v 6.1 1.5 -1.2
v 6.2 1.5 -1.2
v 6.3 1.5 -1.2
v 7 1.5 -1.2
v 7.1 1.5 -1.2
v 8.5 1.5 -1.2
v 8.9 1.5 -1.2
v 9.2 1.5 -1.2
v 9.3 1.5 -1.2
v 10.9 1.5 -1.2
v 11 1.5 -1.2
v 11.1 1.5 -1.2
v -8.1 1.5 -1.3
v -7.9 1.5 -1.3
v -7.7 1.5 -1.3
v -7.4 1.5 -1.3
v -7.2 1.5 -1.3
v -7 1.5 -1.3
v -6.9 1.5 -1.3
v -6.8 1.5 -1.3
v -6.6 1.5 -1.3
v -6.2 1.5 -1.3
v -5.7 1.5 -1.3
v -4.8 1.5 -1.3
v -1.1 1.5 -1.3
v -1 1.5 -1.3
v -0.8 1.5 -1.3
v -0.3 1.5 -1.3
v 1.4 1.5 -1.3
v 1.6 1.5 -1.3
v 5.3 1.5 -1.3
v 5.4 1.5 -1.3
v 5.9 1.5 -1.3
v 6 1.5 -1.3
v 6.2 1.5 -1.3
v 6.3 1.5 -1.3
v 7.1 1.5 -1.3
v 7.7 1.5 -1.3
v 8.3 1.5 -1.3
v 8.5 1.5 -1.3
v 9.6 1.5 -1.3
v 9.7 1.5 -1.3
v 10.5 1.5 -1.3
v 10.6 1.5 -1.3
v 10.8 1.5 -1.3
v 10.9 1.5 -1.3
v 11 1.5 -1.3
v -9 1.5 -1.4
v -8.9 1.5 -1.4
v -7.4 1.5 -1.4
v -7.2 1.5 -1.4
v -7 1.5 -1.4
v -6.8 1.5 -1.4
v -6.7 1.5 -1.4
v -6.4 1.5 -1.4
v -6.2 1.5 -1.4
v -6 1.5 -1.4
v -5.7 1.5 -1.4
v -0.8 1.5 -1.4
v -0.3 1.5 -1.4
v 0.0999994 1.5 -1.4
v 0.2 1.5 -1.4
v 0.599999 1.5 -1.4
v 0.799999 1.5 -1.4
v 1.6 1.5 -1.4
v 1.8 1.5 -1.4
v 2 1.5 -1.4
v 2.8 1.5 -1.4
v 3.4 1.5 -1.4
v 3.5 1.5 -1.4
v 5.4 1.5 -1.4
v 5.5 1.5 -1.4
v 6.3 1.5 -1.4
v 6.7 1.5 -1.4
v 8.9 1.5 -1.4
v 9 1.5 -1.4
v 10.3 1.5 -1.4
v 10.6 1.5 -1.4
v 11.5 1.5 -1.4
v 11.6 1.5 -1.4
v -9.2 1.5 -1.5
v -9 1.5 -1.5
v -7.6 1.5 -1.5
v -7.4 1.5 -1.5
v -7.2 1.5 -1.5
v -6.7 1.5 -1.5
v -6.5 1.5 -1.5
v -6.4 1.5 -1.5
v -6.3 1.5 -1.5
v -6 1.5 -1.5
v -0.3 1.5 -1.5
v 0.0999994 1.5 -1.5
v 0.2 1.5 -1.5
v 0.4 1.5 -1.5
v 0.599999 1.5 -1.5
v 1.8 1.5 -1.5
v 2 1.5 -1.5
v 2.2 1.5 -1.5
v 2.8 1.5 -1.5
v 3.4 1.5 -1.5
v 6.7 1.5 -1.5
v 7 1.5 -1.5
v 8 1.5 -1.5
v 8.1 1.5 -1.5
v 9.7 1.5 -1.5
v 10.3 1.5 -1.5
v 10.5 1.5 -1.5
v 10.6 1.5 -1.5
v -9.3 1.5 -1.6
v -9.2 1.5 -1.6
v -7.7 1.5 -1.6
v -7.6 1.5 -1.6
v -7.5 1.5 -1.6
v -7.4 1.5 -1.6
v -6.6 1.5 -1.6
v -6.5 1.5 -1.6
v -6.3 1.5 -1.6
v 0.0999994 1.5 -1.6
v 0.4 1.5 -1.6
v 0.7 1.5 -1.6
v 2 1.5 -1.6
v 2.2 1.5 -1.6
v 7 1.5 -1.6
v 7.1 1.5 -1.6
v 8 1.5 -1.6
v 8.1 1.5 -1.6
v 8.3 1.5 -1.6
v 8.4 1.5 -1.6
v 9 1.5 -1.6
v 9.1 1.5 -1.6
v 9.7 1.5 -1.6
v 9.8 1.5 -1.6
v 9.9 1.5 -1.6
v 10.5 1.5 -1.6
v -11 1.5 -1.7
v -10.9 1.5 -1.7
v -9.5 1.5 -1.7
v -9.3 1.5 -1.7
v -7.9 1.5 -1.7
v -7.7 1.5 -1.7
v -7.5 1.5 -1.7
v -2.8 1.5 -1.7
v -1.6 1.5 -1.7
v 0.4 1.5 -1.7
v 0.7 1.5 -1.7
v 0.799999 1.5 -1.7
v 5.4 1.5 -1.7
v 5.5 1.5 -1.7
v 7.1 1.5 -1.7
v 7.3 1.5 -1.7
v 9 1.5 -1.7
v 9.1 1.5 -1.7
v 9.2 1.5 -1.7
v 9.3 1.5 -1.7
v 9.8 1.5 -1.7
v 9.9 1.5 -1.7
v 10.9 1.5 -1.7
v 11 1.5 -1.7
v 11.4 1.5 -1.7
v 11.5 1.5 -1.7
v 11.6 1.5 -1.7
v -8.5 1.5 -1.8
v -7.9 1.5 -1.8
v -7.7 1.5 -1.8
v -6.7 1.5 -1.8
v -6.6 1.5 -1.8
v -6.5 1.5 -1.8
v -3.6 1.5 -1.8
v -2.8 1.5 -1.8
v -1.6 1.5 -1.8
v -1.2 1.5 -1.8
v 0.7 1.5 -1.8
v 0.799999 1.5 -1.8
v 0.9 1.5 -1.8
v 5.3 1.5 -1.8
v 5.4 1.5 -1.8
v 7.3 1.5 -1.8
v 7.4 1.5 -1.8
v 7.8 1.5 -1.8
v 7.9 1.5 -1.8
v 8.4 1.5 -1.8
v 8.5 1.5 -1.8
v 8.8 1.5 -1.8
v 9 1.5 -1.8
v 9.5 1.5 -1.8
v 9.6 1.5 -1.8
v 10.8 1.5 -1.8
v 11 1.5 -1.8
v 11.4 1.5 -1.8
v 11.5 1.5 -1.8
v -12.4 1.5 -1.9
v -12.1 1.5 -1.9
v -10.9 1.5 -1.9
v -10.8 1.5 -1.9
v -9.6 1.5 -1.9
v -9.5 1.5 -1.9
v -9.1 1.5 -1.9
v -8.5 1.5 -1.9
v -7.9 1.5 -1.9
v -6.8 1.5 -1.9
v -6.7 1.5 -1.9
v -6.6 1.5 -1.9
v -3.1 1.5 -1.9
v -2.1 1.5 -1.9
v -1.2 1.5 -1.9
v -1 1.5 -1.9
v 0.799999 1.5 -1.9
v 0.9 1.5 -1.9
v 1.1 1.5 -1.9
v 5.3 1.5 -1.9
v 5.4 1.5 -1.9
v 8.1 1.5 -1.9
v 8.2 1.5 -1.9
v 8.3 1.5 -1.9
v 8.4 1.5 -1.9
v 8.5 1.5 -1.9
v 8.8 1.5 -1.9
v 11 1.5 -1.9
v 11.4 1.5 -1.9
v -12.5 1.5 -2
v -12.4 1.5 -2
v -12.1 1.5 -2
v -11.8 1.5 -2
v -10.8 1.5 -2
v -10.7 1.5 -2
v -9.6 1.5 -2
v -9.1 1.5 -2
v -8.5 1.5 -2
v -6.9 1.5 -2
v -6.8 1.5 -2
v -6.7 1.5 -2
v -3.6 1.5 -2
v -3.1 1.5 -2
v -2.1 1.5 -2
v -1.9 1.5 -2
v 0.9 1.5 -2
v 1.1 1.5 -2
v 1.3 1.5 -2
v 5.4 1.5 -2
v 5.6 1.5 -2
v 7.3 1.5 -2
v 7.4 1.5 -2
v 7.6 1.5 -2
v 7.7 1.5 -2
v 8.2 1.5 -2
v 8.3 1.5 -2
v 8.4 1.5 -2
v 8.5 1.5 -2
v -11.8 1.5 -2.1
v -11.6 1.5 -2.1
v -10.7 1.5 -2.1
v -10.4 1.5 -2.1
v -9.8 1.5 -2.1
v -9.1 1.5 -2.1
v -7.9 1.5 -2.1
v -7.5 1.5 -2.1
v -7 1.5 -2.1
v -6.9 1.5 -2.1
v -5.5 1.5 -2.1
v -4.1 1.5 -2.1
v -2.7 1.5 -2.1
v -1.9 1.5 -2.1
v -1.3 1.5 -2.1
v -1 1.5 -2.1
v 1.1 1.5 -2.1
v 1.3 1.5 -2.1
v 1.5 1.5 -2.1
v 5.6 1.5 -2.1
v 7.3 1.5 -2.1
v 8.5 1.5 -2.1
v 8.6 1.5 -2.1
v 9 1.5 -2.1
v 9.2 1.5 -2.1
v -12.5 1.5 -2.2
v -12.4 1.5 -2.2
v -11.6 1.5 -2.2
v -11.5 1.5 -2.2
v -10.4 1.5 -2.2
v -9.8 1.5 -2.2
v -8.2 1.5 -2.2
v -7.9 1.5 -2.2
v -6.9 1.5 -2.2
v -6.8 1.5 -2.2
v -4.1 1.5 -2.2
v -2.7 1.5 -2.2
v -1.4 1.5 -2.2
v -1.3 1.5 -2.2
v 1.3 1.5 -2.2
v 1.5 1.5 -2.2
v 1.6 1.5 -2.2
v 4.1 1.5 -2.2
v 5 1.5 -2.2
v 7.5 1.5 -2.2
v 7.6 1.5 -2.2
v 7.7 1.5 -2.2
v 8.6 1.5 -2.2
v 9 1.5 -2.2
v 10.2 1.5 -2.2
v 10.8 1.5 -2.2
v -12.4 1.5 -2.3
v -12.3 1.5 -2.3
v -11.5 1.5 -2.3
v -11.3 1.5 -2.3
v -8.8 1.5 -2.3
v -8.2 1.5 -2.3
v -7.5 1.5 -2.3
v -7.4 1.5 -2.3
v -7.1 1.5 -2.3
v -7 1.5 -2.3
v -6.9 1.5 -2.3
v -1.5 1.5 -2.3
v -1.4 1.5 -2.3
v 1.5 1.5 -2.3
v 1.6 1.5 -2.3
v 1.7 1.5 -2.3
v 3.4 1.5 -2.3
v 4.1 1.5 -2.3
v 5 1.5 -2.3
v 5.3 1.5 -2.3
v 9.5 1.5 -2.3
v 9.6 1.5 -2.3
v 10.8 1.5 -2.3
v 11.7 1.5 -2.3
v -12.3 1.5 -2.4
v -12.2 1.5 -2.4
v -11.3 1.5 -2.4
v -11.1 1.5 -2.4
v -9.2 1.5 -2.4
v -8.8 1.5 -2.4
v -5.5 1.5 -2.4
v -5.4 1.5 -2.4
v -1.5 1.5 -2.4
v -1.3 1.5 -2.4
v 1.6 1.5 -2.4
v 1.7 1.5 -2.4
v 1.8 1.5 -2.4
v 3.1 1.5 -2.4
v 3.4 1.5 -2.4
v 5.3 1.5 -2.4
v 5.7 1.5 -2.4
v 7.5 1.5 -2.4
v 7.6 1.5 -2.4
v 7.7 1.5 -2.4
v 7.8 1.5 -2.4
v 10.2 1.5 -2.4
v 10.3 1.5 -2.4
v 11.7 1.5 -2.4
v 11.9 1.5 -2.4
v -12.2 1.5 -2.5
v -12.1 1.5 -2.5
v -11.1 1.5 -2.5
v -10.9 1.5 -2.5
v -9.4 1.5 -2.5
v -9.2 1.5 -2.5
v -7.2 1.5 -2.5
v -7.1 1.5 -2.5
v -7 1.5 -2.5
v -5.4 1.5 -2.5
v -5.3 1.5 -2.5
v -1.3 1.5 -2.5
v -0.700001 1.5 -2.5
v 1.7 1.5 -2.5
v 1.8 1.5 -2.5
v 2 1.5 -2.5
v 2.7 1.5 -2.5
v 3.1 1.5 -2.5
v 5.7 1.5 -2.5
v 5.8 1.5 -2.5
v 9.5 1.5 -2.5
v 9.7 1.5 -2.5
v -12.1 1.5 -2.6
v -11.9 1.5 -2.6
v -10.9 1.5 -2.6
v -10.1 1.5 -2.6
v -9.7 1.5 -2.6
v -9.4 1.5 -2.6
v -7.3 1.5 -2.6
v -7.2 1.5 -2.6
v -7.1 1.5 -2.6
v -5.3 1.5 -2.6
v -5.2 1.5 -2.6
v -0.700001 1.5 -2.6
v -0.200001 1.5 -2.6
v 1.8 1.5 -2.6
v 2 1.5 -2.6
v 2.1 1.5 -2.6
v 2.4 1.5 -2.6
v 2.7 1.5 -2.6
v 5.8 1.5 -2.6
v 6 1.5 -2.6
v 10.1 1.5 -2.6
v 10.3 1.5 -2.6
v 11.9 1.5 -2.6
v 12.1 1.5 -2.6
v -10.1 1.5 -2.7
v -9.7 1.5 -2.7
v -2 1.5 -2.7
v -1.5 1.5 -2.7
v -0.200001 1.5 -2.7
v 0 1.5 -2.7
v 2 1.5 -2.7
v 2.1 1.5 -2.7
v 2.4 1.5 -2.7
v 6 1.5 -2.7
v 6.1 1.5 -2.7
v 10.1 1.5 -2.7
v 10.3 1.5 -2.7
v -7.5 1.5 -2.8
v -7.4 1.5 -2.8
v -7.3 1.5 -2.8
v -7.2 1.5 -2.8
v -5.2 1.5 -2.8
v -5.1 1.5 -2.8
v -2.7 1.5 -2.8
v -2 1.5 -2.8
v -1.5 1.5 -2.8
v 0 1.5 -2.8
v 2.1 1.5 -2.8
v 2.3 1.5 -2.8
v 5.2 1.5 -2.8
v 5.3 1.5 -2.8
v 6.1 1.5 -2.8
v 6.6 1.5 -2.8
v 10.3 1.5 -2.8
v 10.4 1.5 -2.8
v -11.9 1.5 -2.9
v -11.8 1.5 -2.9
v -3.6 1.5 -2.9
v -2.7 1.5 -2.9
v 5 1.5 -2.9
v 5.2 1.5 -2.9
v 5.3 1.5 -2.9
v 5.4 1.5 -2.9
v 6.6 1.5 -2.9
v 6.7 1.5 -2.9
v 9.8 1.5 -2.9
v 10.2 1.5 -2.9
v -11.8 1.5 -3
v -11.6 1.5 -3
v -7.7 1.5 -3
v -7.5 1.5 -3
v -7.4 1.5 -3
v -7.3 1.5 -3
v -4.3 1.5 -3
v -3.6 1.5 -3
v 2.3 1.5 -3
v 2.4 1.5 -3
v 3.6 1.5 -3
v 4.2 1.5 -3
v 4.8 1.5 -3
v 5 1.5 -3
v 5.4 1.5 -3
v 5.5 1.5 -3
v 6.7 1.5 -3
v 7 1.5 -3
v 9.5 1.5 -3
v 9.8 1.5 -3
v 10.2 1.5 -3
v 10.4 1.5 -3
v -11.6 1.5 -3.1
v -11.5 1.5 -3.1
v -7.8 1.5 -3.1
v -7.7 1.5 -3.1
v -4.4 1.5 -3.1
v -4.3 1.5 -3.1
v 3.5 1.5 -3.1
v 3.6 1.5 -3.1
v 4.2 1.5 -3.1
v 4.4 1.5 -3.1
v 4.7 1.5 -3.1
v 4.8 1.5 -3.1
v 5.5 1.5 -3.1
v 5.6 1.5 -3.1
v 7 1.5 -3.1
v 7.1 1.5 -3.1
v 9 1.5 -3.1
v 9.5 1.5 -3.1
v 10.7 1.5 -3.1
v 11.2 1.5 -3.1
v 11.8 1.5 -3.1
v 12.1 1.5 -3.1
v -11.8 1.5 -3.2
v -11.5 1.5 -3.2
v -8 1.5 -3.2
v -7.8 1.5 -3.2
v -7.6 1.5 -3.2
v -7.5 1.5 -3.2
v -7.4 1.5 -3.2
v 2.4 1.5 -3.2
v 2.5 1.5 -3.2
v 4.4 1.5 -3.2
v 4.5 1.5 -3.2
v 4.6 1.5 -3.2
v 4.7 1.5 -3.2
v 7.1 1.5 -3.2
v 7.2 1.5 -3.2
v 8.9 1.5 -3.2
v 9 1.5 -3.2
v 10.7 1.5 -3.2
v 10.8 1.5 -3.2
v 11.2 1.5 -3.2
v 11.8 1.5 -3.2
v -12 1.5 -3.3
v -11.8 1.5 -3.3
v -8.1 1.5 -3.3
v -8 1.5 -3.3
v -4.4 1.5 -3.3
v -3.9 1.5 -3.3
v -3 1.5 -3.3
v -1.8 1.5 -3.3
v -1.5 1.5 -3.3
v -1.1 1.5 -3.3
v 4.5 1.5 -3.3
v 4.6 1.5 -3.3
v 5.6 1.5 -3.3
v 5.7 1.5 -3.3
v 7.2 1.5 -3.3
v 7.6 1.5 -3.3
v 8.9 1.5 -3.3
v 9 1.5 -3.3
v -8.1 1.5 -3.4
v -8 1.5 -3.4
v -4.1 1.5 -3.4
v -3.9 1.5 -3.4
v -3 1.5 -3.4
v -2.9 1.5 -3.4
v -2.2 1.5 -3.4
v -2 1.5 -3.4
v -1.8 1.5 -3.4
v -1.5 1.5 -3.4
v -1.1 1.5 -3.4
v -0.400001 1.5 -3.4
v 2.5 1.5 -3.4
v 2.6 1.5 -3.4
v 3.5 1.5 -3.4
v 3.6 1.5 -3.4
v 7.6 1.5 -3.4
v 7.7 1.5 -3.4
v 9 1.5 -3.4
v 9.1 1.5 -3.4
v 10.6 1.5 -3.4
v 10.8 1.5 -3.4
v -12 1.5 -3.5
v -11.4 1.5 -3.5
v -4.7 1.5 -3.5
v -4.1 1.5 -3.5
v -2.9 1.5 -3.5
v -2.3 1.5 -3.5
v -2.2 1.5 -3.5
v -2 1.5 -3.5
v -1.1 1.5 -3.5
v -0.400001 1.5 -3.5
v 2.6 1.5 -3.5
v 2.7 1.5 -3.5
v 7.7 1.5 -3.5
v 7.9 1.5 -3.5
v 9.1 1.5 -3.5
v 9.4 1.5 -3.5
v 10.4 1.5 -3.5
v 10.6 1.5 -3.5
v -11.4 1.5 -3.6
v -11.1 1.5 -3.6
v -5.1 1.5 -3.6
v -4.7 1.5 -3.6
v -2.3 1.5 -3.6
v -2.1 1.5 -3.6
v -1.1 1.5 -3.6
v -0.5 1.5 -3.6
v 3.6 1.5 -3.6
v 3.7 1.5 -3.6
v 7.9 1.5 -3.6
v 8 1.5 -3.6
v 9.4 1.5 -3.6
v 9.7 1.5 -3.6
v 11.4 1.5 -3.6
v 11.8 1.5 -3.6
v -8.1 1.5 -3.7
v -8 1.5 -3.7
v -7.7 1.5 -3.7
v -7.6 1.5 -3.7
v -7.5 1.5 -3.7
v -3.3 1.5 -3.7
v -2.9 1.5 -3.7
v -2.4 1.5 -3.7
v -2.1 1.5 -3.7
v -1.9 1.5 -3.7
v -0.700001 1.5 -3.7
v -0.5 1.5 -3.7
v 2.7 1.5 -3.7
v 2.8 1.5 -3.7
v 5.6 1.5 -3.7
v 5.7 1.5 -3.7
v 9.7 1.5 -3.7
v 9.9 1.5 -3.7
v 10.2 1.5 -3.7
v 10.4 1.5 -3.7
v 11.1 1.5 -3.7
v 11.4 1.5 -3.7
v 11.8 1.5 -3.7
v 12.2 1.5 -3.7
v -11.1 1.5 -3.8
v -10.9 1.5 -3.8
v -3.3 1.5 -3.8
v -3.2 1.5 -3.8
v -2.9 1.5 -3.8
v -2.4 1.5 -3.8
v -2.1 1.5 -3.8
v -1.9 1.5 -3.8
v -1.1 1.5 -3.8
v -0.700001 1.5 -3.8
v 3.7 1.5 -3.8
v 3.8 1.5 -3.8
v 5.4 1.5 -3.8
v 5.6 1.5 -3.8
v 8 1.5 -3.8
v 8.2 1.5 -3.8
v 9.9 1.5 -3.8
v 10.2 1.5 -3.8
v 12.2 1.5 -3.8
v 12.3 1.5 -3.8
v -10.9 1.5 -3.9
v -10.8 1.5 -3.9
v -8.2 1.5 -3.9
v -8.1 1.5 -3.9
v -7.8 1.5 -3.9
v -7.7 1.5 -3.9
v -7.6 1.5 -3.9
v -3.2 1.5 -3.9
v -3.1 1.5 -3.9
v -1.1 1.5 -3.9
v -0.200001 1.5 -3.9
v 3.8 1.5 -3.9
v 3.9 1.5 -3.9
v 4.6 1.5 -3.9
v 5.4 1.5 -3.9
v -10.8 1.5 -4
v -10.6 1.5 -4
v -8.3 1.5 -4
v -8.2 1.5 -4
v -7.9 1.5 -4
v -7.8 1.5 -4
v -7.7 1.5 -4
v -3.4 1.5 -4
v -3.2 1.5 -4
v -3.1 1.5 -4
v -3 1.5 -4
v -1.1 1.5 -4
v -0.200001 1.5 -4
v 3.9 1.5 -4
v 4 1.5 -4
v 4.5 1.5 -4
v 4.6 1.5 -4
v 11.1 1.5 -4
v 11.2 1.5 -4
v 12.2 1.5 -4
v 12.3 1.5 -4
v -10.9 1.5 -4.1
v -10.6 1.5 -4.1
v -8.4 1.5 -4.1
v -8.3 1.5 -4.1
v -3.4 1.5 -4.1
v -3.2 1.5 -4.1
v -3 1.5 -4.1
v -1.1 1.5 -4.1
v -0.8 1.5 -4.1
v 4 1.5 -4.1
v 4.5 1.5 -4.1
v 12.1 1.5 -4.1
v 12.2 1.5 -4.1
v -11.3 1.5 -4.2
v -10.9 1.5 -4.2
v -8.6 1.5 -4.2
v -8.4 1.5 -4.2
v -3.2 1.5 -4.2
v -2.6 1.5 -4.2
v 2.8 1.5 -4.2
v 2.9 1.5 -4.2
v 5.6 1.5 -4.2
v 6 1.5 -4.2
v 6.5 1.5 -4.2
v 8.2 1.5 -4.2
v 9.2 1.5 -4.2
v 11.2 1.5 -4.2
v 11.3 1.5 -4.2
v 11.5 1.5 -4.2
v 12.1 1.5 -4.2
v -11.3 1.5 -4.3
v -11.2 1.5 -4.3
v -8.8 1.5 -4.3
v -8.6 1.5 -4.3
v -5.7 1.5 -4.3
v -3.8 1.5 -4.3
v -2.6 1.5 -4.3
v -1.9 1.5 -4.3
v -0.8 1.5 -4.3
v -0.1 1.5 -4.3
v 6 1.5 -4.3
v 6.5 1.5 -4.3
v 8.2 1.5 -4.3
v 9.2 1.5 -4.3
v 9.7 1.5 -4.3
v 11.3 1.5 -4.3
v 11.5 1.5 -4.3
v -11.3 1.5 -4.4
v -11.2 1.5 -4.4
v -8.9 1.5 -4.4
v -8.8 1.5 -4.4
v -5.9 1.5 -4.4
v -5.7 1.5 -4.4
v -0.1 1.5 -4.4
v 0.0999994 1.5 -4.4
v 5.4 1.5 -4.4
v 5.5 1.5 -4.4
v 5.6 1.5 -4.4
v 6 1.5 -4.4
v 9.2 1.5 -4.4
v 9.7 1.5 -4.4
v 10.3 1.5 -4.4
v 12.1 1.5 -4.4
v 12.4 1.5 -4.4
v -9.1 1.5 -4.5
v -8.9 1.5 -4.5
v -8 1.5 -4.5
v -7.9 1.5 -4.5
v -7.8 1.5 -4.5
v -5.9 1.5 -4.5
v -5.7 1.5 -4.5
v -4 1.5 -4.5
v -3.8 1.5 -4.5
v 0.0999994 1.5 -4.5
v 0.5 1.5 -4.5
v 5.3 1.5 -4.5
v 5.4 1.5 -4.5
v 5.5 1.5 -4.5
v 6.1 1.5 -4.5
v 9.7 1.5 -4.5
v 10.3 1.5 -4.5
v 10.5 1.5 -4.5
v 12 1.5 -4.5
v 12.1 1.5 -4.5
v 12.4 1.5 -4.5
v 12.5 1.5 -4.5
v -11.3 1.5 -4.6
v -11.1 1.5 -4.6
v -9.6 1.5 -4.6
v -9.1 1.5 -4.6
v -5.7 1.5 -4.6
v -4.6 1.5 -4.6
v -1.9 1.5 -4.6
v -1.6 1.5 -4.6
v -0.400001 1.5 -4.6
v 0.5 1.5 -4.6
v 5.1 1.5 -4.6
v 5.3 1.5 -4.6
v 5.4 1.5 -4.6
v 5.5 1.5 -4.6
v 10.3 1.5 -4.6
v 10.5 1.5 -4.6
v 10.8 1.5 -4.6
v 12.4 1.5 -4.6
v 12.5 1.5 -4.6
v -11.1 1.5 -4.7
v -10.9 1.5 -4.7
v -10 1.5 -4.7
v -9.6 1.5 -4.7
v -4.6 1.5 -4.7
v -4 1.5 -4.7
v -1.6 1.5 -4.7
v -1.5 1.5 -4.7
v -0.400001 1.5 -4.7
v -0.1 1.5 -4.7
v 4.8 1.5 -4.7
v 5.1 1.5 -4.7
v 5.4 1.5 -4.7
v 10.5 1.5 -4.7
v 10.8 1.5 -4.7
v 11.2 1.5 -4.7
v 12 1.5 -4.7
v 12.4 1.5 -4.7
v -10.9 1.5 -4.8
v -10.7 1.5 -4.8
v -10.1 1.5 -4.8
v -10 1.5 -4.8
v -8.1 1.5 -4.8
v -8 1.5 -4.8
v -7.9 1.5 -4.8
v -2.2 1.5 -4.8
v -1.5 1.5 -4.8
v -0.1 1.5 -4.8
v 0.0999994 1.5 -4.8
v 4.5 1.5 -4.8
v 4.8 1.5 -4.8
v 10.8 1.5 -4.8
v 11 1.5 -4.8
v 11.2 1.5 -4.8
v 11.4 1.5 -4.8
v -11.1 1.5 -4.9
v -10.7 1.5 -4.9
v -10.3 1.5 -4.9
v -10.1 1.5 -4.9
v -2.2 1.5 -4.9
v -1.6 1.5 -4.9
v 0.0999994 1.5 -4.9
v 0.5 1.5 -4.9
v 4.3 1.5 -4.9
v 4.5 1.5 -4.9
v 11 1.5 -4.9
v 11.4 1.5 -4.9
v 11.6 1.5 -4.9
v -11.4 1.5 -5
v -11.1 1.5 -5
v -1.6 1.5 -5
v -0.900001 1.5 -5
v 0.2 1.5 -5
v 0.5 1.5 -5
v 4.2 1.5 -5
v 4.3 1.5 -5
v 11.4 1.5 -5
v 11.6 1.5 -5
v 11.8 1.5 -5
v -11.7 1.5 -5.1
v -11.4 1.5 -5.1
v -10.4 1.5 -5.1
v -10.3 1.5 -5.1
v -0.900001 1.5 -5.1
v -0.3 1.5 -5.1
v -0.1 1.5 -5.1
v 0.2 1.5 -5.1
v 4 1.5 -5.1
v 4.2 1.5 -5.1
v 11.6 1.5 -5.1
v 11.8 1.5 -5.1
v 12 1.5 -5.1
v -11 1.5 -5.2
v -10.4 1.5 -5.2
v -3.9 1.5 -5.2
v -3.8 1.5 -5.2
v -1.7 1.5 -5.2
v -1.4 1.5 -5.2
v -0.3 1.5 -5.2
v -0.1 1.5 -5.2
v 2.8 1.5 -5.2
v 2.9 1.5 -5.2
v 11.8 1.5 -5.2
v 12 1.5 -5.2
v 12.2 1.5 -5.2
v -11.7 1.5 -5.3
v -11 1.5 -5.3
v -4.4 1.5 -5.3
v -3.9 1.5 -5.3
v -3.8 1.5 -5.3
v -2.4 1.5 -5.3
v -1.7 1.5 -5.3
v -1.4 1.5 -5.3
v 0 1.5 -5.3
v 0.299999 1.5 -5.3
v 0.4 1.5 -5.3
v 12 1.5 -5.3
v 12.2 1.5 -5.3
v 12.3 1.5 -5.3
v -4.4 1.5 -5.4
v -4.2 1.5 -5.4
v -2.4 1.5 -5.4
v -1.4 1.5 -5.4
v 0 1.5 -5.4
v 0.299999 1.5 -5.4
v 0.4 1.5 -5.4
v 0.7 1.5 -5.4
v 3.9 1.5 -5.4
v 4 1.5 -5.4
v 8.2 1.5 -5.4
v 8.3 1.5 -5.4
v 12.2 1.5 -5.4
v 12.3 1.5 -5.4
v 12.5 1.5 -5.4
v -4.2 1.5 -5.5
v -3.8 1.5 -5.5
v 0.599999 1.5 -5.5
v 0.7 1.5 -5.5
v 12.3 1.5 -5.5
v 12.5 1.5 -5.5
v 12.6 1.5 -5.5
v -3.8 1.5 -5.6
v -2.4 1.5 -5.6
v 0.599999 1.5 -5.6
v 0.7 1.5 -5.6
v 12.5 1.5 -5.6
v 12.6 1.5 -5.6
v -10.4 1.5 -5.7
v -10 1.5 -5.7
v -2.4 1.5 -5.7
v -0.200001 1.5 -5.7
v 0.7 1.5 -5.7
v 1.2 1.5 -5.7
v 3.9 1.5 -5.7
v 4 1.5 -5.7
v -11.1 1.5 -5.8
v -10.4 1.5 -5.8
v -10 1.5 -5.8
v -9.6 1.5 -5.8
v -0.200001 1.5 -5.8
v 0.7 1.5 -5.8
v 1.2 1.5 -5.8
v 1.3 1.5 -5.8
v 2.7 1.5 -5.8
v 2.8 1.5 -5.8
v -11.5 1.5 -5.9
v -11.1 1.5 -5.9
v -9.6 1.5 -5.9
v -9.4 1.5 -5.9
v -8.1 1.5 -5.9
v -8 1.5 -5.9
v -7.9 1.5 -5.9
v 0.7 1.5 -5.9
v 1.3 1.5 -5.9
v -11.6 1.5 -6
v -11.5 1.5 -6
v -9.4 1.5 -6
v -9.2 1.5 -6
v 4 1.5 -6
v 4.1 1.5 -6
v -11.7 1.5 -6.1
v -11.6 1.5 -6.1
v 2.6 1.5 -6.1
v 2.7 1.5 -6.1
v -11.7 1.5 -6.2
v -11.6 1.5 -6.2
v 4.1 1.5 -6.2
v 4.2 1.5 -6.2
v -8 1.5 -6.3
v -7.9 1.5 -6.3
v -7.8 1.5 -6.3
v 2.5 1.5 -6.3
v 2.6 1.5 -6.3
v 8.3 1.5 -6.3
v 8.4 1.5 -6.3
v -11.6 1.5 -6.4
v -11.3 1.5 -6.4
v -9.3 1.5 -6.4
v -9.2 1.5 -6.4
v -6.6 1.5 -6.4
v -5 1.5 -6.4
v 4.2 1.5 -6.4
v 4.3 1.5 -6.4
v 6 1.5 -6.4
v 6.1 1.5 -6.4
v 8.4 1.5 -6.4
v 8.6 1.5 -6.4
v -11.3 1.5 -6.5
v -11 1.5 -6.5
v -9.4 1.5 -6.5
v -9.3 1.5 -6.5
v -6.6 1.5 -6.5
v -6.5 1.5 -6.5
v -5 1.5 -6.5
v -3.8 1.5 -6.5
v 2.4 1.5 -6.5
v 2.5 1.5 -6.5
v 12.5 1.5 -6.5
v 12.6 1.5 -6.5
v -11 1.5 -6.6
v -10 1.5 -6.6
v -9.5 1.5 -6.6
v -9.4 1.5 -6.6
v -7.9 1.5 -6.6
v -7.8 1.5 -6.6
v -7.7 1.5 -6.6
v -6.5 1.5 -6.6
v -6.3 1.5 -6.6
v -3.8 1.5 -6.6
v -3.4 1.5 -6.6
v 0.799999 1.5 -6.6
v 1.8 1.5 -6.6
v 4.3 1.5 -6.6
v 4.4 1.5 -6.6
v 8.6 1.5 -6.6
v 8.9 1.5 -6.6
v 9 1.5 -6.6
v 9.3 1.5 -6.6
v 12.4 1.5 -6.6
v 12.5 1.5 -6.6
v -10.7 1.5 -6.7
v -10 1.5 -6.7
v -9.6 1.5 -6.7
v -9.5 1.5 -6.7
v -7.8 1.5 -6.7
v -7.7 1.5 -6.7
v -7.6 1.5 -6.7
v -6.3 1.5 -6.7
v -5.9 1.5 -6.7
v -2.8 1.5 -6.7
v -1.1 1.5 -6.7
v 0.799999 1.5 -6.7
v 1.3 1.5 -6.7
v 1.8 1.5 -6.7
v 1.9 1.5 -6.7
v 2.3 1.5 -6.7
v 2.4 1.5 -6.7
v 4.4 1.5 -6.7
v 4.5 1.5 -6.7
v 4.6 1.5 -6.7
v 8.9 1.5 -6.7
v 9 1.5 -6.7
v 9.3 1.5 -6.7
v 9.6 1.5 -6.7
v 11.6 1.5 -6.7
v 11.8 1.5 -6.7
v 12 1.5 -6.7
v 12.4 1.5 -6.7
v -11.1 1.5 -6.8
v -10.7 1.5 -6.8
v -9.7 1.5 -6.8
v -9.6 1.5 -6.8
v -7.8 1.5 -6.8
v -7.7 1.5 -6.8
v -5.9 1.5 -6.8
v -5.5 1.5 -6.8
v -1.1 1.5 -6.8
v 1.3 1.5 -6.8
v 4.6 1.5 -6.8
v 4.7 1.5 -6.8
v 9.6 1.5 -6.8
v 9.8 1.5 -6.8
v 11.4 1.5 -6.8
v 11.6 1.5 -6.8
v 11.8 1.5 -6.8
v 12 1.5 -6.8
v -11.8 1.5 -6.9
v -11.6 1.5 -6.9
v -11.2 1.5 -6.9
v -11.1 1.5 -6.9
v -9.8 1.5 -6.9
v -9.7 1.5 -6.9
v -8 1.5 -6.9
v -7.8 1.5 -6.9
v -5.5 1.5 -6.9
v -4.7 1.5 -6.9
v -3.7 1.5 -6.9
v -3.4 1.5 -6.9
v -2.8 1.5 -6.9
v -2.7 1.5 -6.9
v 2.2 1.5 -6.9
v 2.3 1.5 -6.9
v 4.3 1.5 -6.9
v 4.4 1.5 -6.9
v 4.5 1.5 -6.9
v 4.6 1.5 -6.9
v 4.7 1.5 -6.9
v 4.8 1.5 -6.9
v 9.8 1.5 -6.9
v 10.2 1.5 -6.9
v 11.2 1.5 -6.9
v 11.4 1.5 -6.9
v -11.8 1.5 -7
v -11.6 1.5 -7
v -11.2 1.5 -7
v -10 1.5 -7
v -9.8 1.5 -7
v -7.7 1.5 -7
v -7.6 1.5 -7
v -7.5 1.5 -7
v -4.7 1.5 -7
v -4.5 1.5 -7
v -3.9 1.5 -7
v -3.7 1.5 -7
v -2.7 1.5 -7
v -1.8 1.5 -7
v 1.7 1.5 -7
v 1.9 1.5 -7
v 2.1 1.5 -7
v 2.2 1.5 -7
v 4.6 1.5 -7
v 4.7 1.5 -7
v 4.8 1.5 -7
v 4.9 1.5 -7
v 10.2 1.5 -7
v 11.2 1.5 -7
v -11.6 1.5 -7.1
v -10 1.5 -7.1
v -8.2 1.5 -7.1
v -8 1.5 -7.1
v -4.8 1.5 -7.1
v -4.5 1.5 -7.1
v -4.1 1.5 -7.1
v -3.9 1.5 -7.1
v -1.8 1.5 -7.1
v -0.6 1.5 -7.1
v 1.4 1.5 -7.1
v 1.7 1.5 -7.1
v 2 1.5 -7.1
v 2.1 1.5 -7.1
v 4.7 1.5 -7.1
v 4.8 1.5 -7.1
v 4.9 1.5 -7.1
v 5 1.5 -7.1
v 5.9 1.5 -7.1
v 6 1.5 -7.1
v -8.3 1.5 -7.2
v -8.2 1.5 -7.2
v -7.6 1.5 -7.2
v -7.5 1.5 -7.2
v -7.4 1.5 -7.2
v -4.9 1.5 -7.2
v -4.8 1.5 -7.2
v -0.6 1.5 -7.2
v 1.4 1.5 -7.2
v 1.6 1.5 -7.2
v 1.8 1.5 -7.2
v 2 1.5 -7.2
v 4.2 1.5 -7.2
v 4.3 1.5 -7.2
v 4.8 1.5 -7.2
v 5 1.5 -7.2
v 5.3 1.5 -7.2
v -8.4 1.5 -7.3
v -8.3 1.5 -7.3
v -7.5 1.5 -7.3
v -7.4 1.5 -7.3
v -7.3 1.5 -7.3
v -5 1.5 -7.3
v -4.9 1.5 -7.3
v -4.1 1.5 -7.3
v -3.9 1.5 -7.3
v 1.4 1.5 -7.3
v 1.6 1.5 -7.3
v 1.8 1.5 -7.3
v 5 1.5 -7.3
v 5.2 1.5 -7.3
v 5.3 1.5 -7.3
v 5.5 1.5 -7.3
v -8.5 1.5 -7.4
v -8.4 1.5 -7.4
v -7.4 1.5 -7.4
v -7.3 1.5 -7.4
v -7.2 1.5 -7.4
v -3.9 1.5 -7.4
v -2.9 1.5 -7.4
v 1.2 1.5 -7.4
v 1.4 1.5 -7.4
v 1.6 1.5 -7.4
v 5.2 1.5 -7.4
v 5.5 1.5 -7.4
v 5.9 1.5 -7.4
v -8.6 1.5 -7.5
v -8.5 1.5 -7.5
v -7.3 1.5 -7.5
v -7.2 1.5 -7.5
v -7.1 1.5 -7.5
v -2.9 1.5 -7.5
v -1.6 1.5 -7.5
v 1 1.5 -7.5
v 1.2 1.5 -7.5
v 1.4 1.5 -7.5
v 4.1 1.5 -7.5
v 4.2 1.5 -7.5
v 5.5 1.5 -7.5
v 5.8 1.5 -7.5
v 5.9 1.5 -7.5
v -8.9 1.5 -7.6
v -8.6 1.5 -7.6
v -7.2 1.5 -7.6
v -7.1 1.5 -7.6
v -7 1.5 -7.6
v -1.6 1.5 -7.6
v -0.8 1.5 -7.6
v 0.799999 1.5 -7.6
v 1 1.5 -7.6
v 1.2 1.5 -7.6
v 5.9 1.5 -7.6
v 6.2 1.5 -7.6
v -9.1 1.5 -7.7
v -8.9 1.5 -7.7
v -7.1 1.5 -7.7
v -7 1.5 -7.7
v -6.9 1.5 -7.7
v -5 1.5 -7.7
v -4.9 1.5 -7.7
v -0.8 1.5 -7.7
v -0.700001 1.5 -7.7
v 0.599999 1.5 -7.7
v 0.799999 1.5 -7.7
v 1 1.5 -7.7
v 6.2 1.5 -7.7
v 6.5 1.5 -7.7
v -9.3 1.5 -7.8
v -9.1 1.5 -7.8
v -7 1.5 -7.8
v -6.9 1.5 -7.8
v -6.8 1.5 -7.8
v -4.9 1.5 -7.8
v -4.1 1.5 -7.8
v -0.900001 1.5 -7.8
v -0.700001 1.5 -7.8
v 0.4 1.5 -7.8
v 0.599999 1.5 -7.8
v 0.799999 1.5 -7.8
v 6.5 1.5 -7.8
v 6.9 1.5 -7.8
v -9.5 1.5 -7.9
v -9.3 1.5 -7.9
v -4.1 1.5 -7.9
v -0.900001 1.5 -7.9
v 0.2 1.5 -7.9
v 0.4 1.5 -7.9
v 0.599999 1.5 -7.9
v 6.9 1.5 -7.9
v 7.3 1.5 -7.9
v -9.7 1.5 -8
v -9.5 1.5 -8
v -6.9 1.5 -8
v -6.8 1.5 -8
v -6.6 1.5 -8
v -0.1 1.5 -8
v 0.2 1.5 -8
v 0.4 1.5 -8
v 5.7 1.5 -8
v 5.8 1.5 -8
v 7.3 1.5 -8
v 7.6 1.5 -8
v -9.9 1.5 -8.1
v -9.7 1.5 -8.1
v -6.8 1.5 -8.1
v -6.6 1.5 -8.1
v -6.5 1.5 -8.1
v -0.400001 1.5 -8.1
v -0.1 1.5 -8.1
v 0.2 1.5 -8.1
v 4 1.5 -8.1
v 4.1 1.5 -8.1
v 7.6 1.5 -8.1
v 8 1.5 -8.1
v -10.3 1.5 -8.2
v -9.9 1.5 -8.2
v -6.6 1.5 -8.2
v -6.5 1.5 -8.2
v -6.4 1.5 -8.2
v -0.6 1.5 -8.2
v -0.400001 1.5 -8.2
v -0.1 1.5 -8.2
v 8 1.5 -8.2
v 8.3 1.5 -8.2
v -10.5 1.5 -8.3
v -10.3 1.5 -8.3
v -6.5 1.5 -8.3
v -6.4 1.5 -8.3
v -6.2 1.5 -8.3
v -0.900001 1.5 -8.3
v -0.6 1.5 -8.3
v -0.400001 1.5 -8.3
v 8.3 1.5 -8.3
v 8.7 1.5 -8.3
v -10.8 1.5 -8.4
v -10.5 1.5 -8.4
v -6.4 1.5 -8.4
v -6.2 1.5 -8.4
v -6 1.5 -8.4
v -1.6 1.5 -8.4
v -0.900001 1.5 -8.4
v -0.6 1.5 -8.4
v 3.9 1.5 -8.4
v 4 1.5 -8.4
v 8.7 1.5 -8.4
v 9 1.5 -8.4
v -11.2 1.5 -8.5
v -10.8 1.5 -8.5
v -6.2 1.5 -8.5
v -6 1.5 -8.5
v -5.9 1.5 -8.5
v -2.2 1.5 -8.5
v -1.6 1.5 -8.5
v -0.900001 1.5 -8.5
v 9 1.5 -8.5
v 9.6 1.5 -8.5
v -12.6 1.5 -8.6
v -11.2 1.5 -8.6
v -6 1.5 -8.6
v -5.9 1.5 -8.6
v -5.7 1.5 -8.6
v -2.5 1.5 -8.6
v -2.2 1.5 -8.6
v -1.6 1.5 -8.6
v 9.6 1.5 -8.6
v 10 1.5 -8.6
v 12.1 1.5 -8.6
v 12.4 1.5 -8.6
v -5.9 1.5 -8.7
v -5.7 1.5 -8.7
v -5.3 1.5 -8.7
v -5.2 1.5 -8.7
v -5 1.5 -8.7
v -2.9 1.5 -8.7
v -2.5 1.5 -8.7
v -2.2 1.5 -8.7
v 6.4 1.5 -8.7
v 6.8 1.5 -8.7
v 10 1.5 -8.7
v 10.4 1.5 -8.7
v 11.8 1.5 -8.7
v 12.1 1.5 -8.7
v 12.4 1.5 -8.7
v 12.5 1.5 -8.7
v -5.7 1.5 -8.8
v -5.4 1.5 -8.8
v -5.3 1.5 -8.8
v -5.2 1.5 -8.8
v -5 1.5 -8.8
v -4.8 1.5 -8.8
v -3.2 1.5 -8.8
v -2.9 1.5 -8.8
v -2.8 1.5 -8.8
v -2.5 1.5 -8.8
v 3.8 1.5 -8.8
v 3.9 1.5 -8.8
v 6.8 1.5 -8.8
v 6.9 1.5 -8.8
v 8.8 1.5 -8.8
v 9.3 1.5 -8.8
v 10.4 1.5 -8.8
v 11.8 1.5 -8.8
v -5.4 1.5 -8.9
v -4.9 1.5 -8.9
v -4.8 1.5 -8.9
v -4.6 1.5 -8.9
v -3.5 1.5 -8.9
v -3.2 1.5 -8.9
v -3.1 1.5 -8.9
v -2.8 1.5 -8.9
v 3.7 1.5 -8.9
v 3.8 1.5 -8.9
v 8.6 1.5 -8.9
v 8.8 1.5 -8.9
v 9.3 1.5 -8.9
v 9.4 1.5 -8.9
v 12.5 1.5 -8.9
v 12.6 1.5 -8.9
v -7.5 1.5 -9
v -7.2 1.5 -9
v -4.9 1.5 -9
v -4.7 1.5 -9
v -4.6 1.5 -9
v -3.5 1.5 -9
v -3.4 1.5 -9
v -3.1 1.5 -9
v 8.5 1.5 -9
v 8.6 1.5 -9
v 10.8 1.5 -9
v 11 1.5 -9
v 12.5 1.5 -9
v 12.6 1.5 -9
v -8.3 1.5 -9.1
v -7.5 1.5 -9.1
v -7.2 1.5 -9.1
v -6.8 1.5 -9.1
v -4.7 1.5 -9.1
v -3.4 1.5 -9.1
v 5.6 1.5 -9.1
v 5.7 1.5 -9.1
v 9.4 1.5 -9.1
v 9.5 1.5 -9.1
v -8.8 1.5 -9.2
v -8.3 1.5 -9.2
v -6.8 1.5 -9.2
v -6.6 1.5 -9.2
v 3.6 1.5 -9.2
v 3.7 1.5 -9.2
v 6.9 1.5 -9.2
v 7 1.5 -9.2
v 8.5 1.5 -9.2
v 8.6 1.5 -9.2
v 10.4 1.5 -9.2
v 10.6 1.5 -9.2
v 10.7 1.5 -9.2
v 10.8 1.5 -9.2
v 11 1.5 -9.2
v 11.1 1.5 -9.2
v -9 1.5 -9.3
v -8.8 1.5 -9.3
v -6.6 1.5 -9.3
v -6.4 1.5 -9.3
v 3.5 1.5 -9.3
v 3.6 1.5 -9.3
v 9.5 1.5 -9.3
v 9.6 1.5 -9.3
v 10.6 1.5 -9.3
v 10.7 1.5 -9.3
v 11.1 1.5 -9.3
v 11.2 1.5 -9.3
v 12.2 1.5 -9.3
v 12.5 1.5 -9.3
v -9.1 1.5 -9.4
v -9 1.5 -9.4
v -6.4 1.5 -9.4
v -6.2 1.5 -9.4
v 7 1.5 -9.4
v 7.1 1.5 -9.4
v 11.2 1.5 -9.4
v 11.3 1.5 -9.4
v 12.5 1.5 -9.4
v 12.6 1.5 -9.4
v -9.2 1.5 -9.5
v -9.1 1.5 -9.5
v -6.2 1.5 -9.5
v -6.1 1.5 -9.5
v 3.3 1.5 -9.5
v 3.5 1.5 -9.5
v 6.4 1.5 -9.5
v 6.5 1.5 -9.5
v 11.3 1.5 -9.5
v 11.4 1.5 -9.5
v -9.3 1.5 -9.6
v -9.2 1.5 -9.6
v -6.1 1.5 -9.6
v -5.9 1.5 -9.6
v 1.5 1.5 -9.6
v 2 1.5 -9.6
v 5.5 1.5 -9.6
v 5.6 1.5 -9.6
v 7.1 1.5 -9.6
v 7.2 1.5 -9.6
v 9.6 1.5 -9.6
v 9.7 1.5 -9.6
v 10.4 1.5 -9.6
v 10.5 1.5 -9.6
v -12.6 1.5 -9.7
v -12.5 1.5 -9.7
v -9.3 1.5 -9.7
v -5.9 1.5 -9.7
v -4.6 1.5 -9.7
v -0.900001 1.5 -9.7
v 1.5 1.5 -9.7
v 2 1.5 -9.7
v 3.3 1.5 -9.7
v 7.2 1.5 -9.7
v 7.8 1.5 -9.7
v 8.4 1.5 -9.7
v 8.6 1.5 -9.7
v 9.7 1.5 -9.7
v 9.9 1.5 -9.7
v 10.4 1.5 -9.7
v 10.5 1.5 -9.7
v 11.4 1.5 -9.7
v 11.6 1.5 -9.7
v 12.5 1.5 -9.7
v 12.6 1.5 -9.7
v -12.5 1.5 -9.8
v -4.6 1.5 -9.8
v -0.900001 1.5 -9.8
v 5.5 1.5 -9.8
v 6.5 1.5 -9.8
v 7.8 1.5 -9.8
v 8.4 1.5 -9.8
v 9.9 1.5 -9.8
v 10.4 1.5 -9.8
v 11.6 1.5 -9.8
v 12.2 1.5 -9.8
v 12.5 1.5 -9.8

# faces
f 8/7/1 2/7/1 1/7/1
f 9/7/1 2/7/1 8/7/1
f 12/7/1 4/7/1 3/7/1
f 13/7/1 4/7/1 12/7/1
f 14/7/1 6/7/1 5/7/1
f 15/7/1 6/7/1 14/7/1
f 20/7/1 10/7/1 9/7/1
f 20/7/1 8/7/1 7/7/1
f 20/7/1 9/7/1 8/7/1
f 21/7/1 10/7/1 20/7/1
f 24/7/1 13/7/1 12/7/1
f 24/7/1 16/7/1 15/7/1
f 24/7/1 15/7/1 14/7/1
f 24/7/1 12/7/1 11/7/1
f 24/7/1 14/7/1 13/7/1
f 25/7/1 16/7/1 24/7/1
f 31/7/1 22/7/1 21/7/1
f 31/7/1 21/7/1 20/7/1
f 31/7/1 20/7/1 19/7/1
f 32/7/1 22/7/1 31/7/1
f 35/7/1 26/7/1 25/7/1
f 35/7/1 24/7/1 23/7/1
f 35/7/1 25/7/1 24/7/1
f 36/7/1 26/7/1 35/7/1
f 39/4/1 28/4/1 27/4/1
f 40/7/1 29/7/1 28/7/1
f 40/4/1 28/4/1 39/4/1
f 41/7/1 29/7/1 40/7/1
f 42/7/1 29/7/1 41/7/1
f 44/7/1 33/7/1 32/7/1
f 44/7/1 32/7/1 31/7/1
f 44/7/1 31/7/1 30/7/1
f 49/7/1 35/7/1 34/7/1
f 49/7/1 36/7/1 35/7/1
f 50/13/1 37/13/1 36/13/1
f 52/4/1 18/4/1 17/4/1
f 55/4/1 39/4/1 38/4/1
f 55/4/1 41/4/1 40/4/1
f 55/4/1 40/4/1 39/4/1
f 56/7/1 43/7/1 42/7/1
f 56/7/1 42/7/1 41/7/1
f 56/4/1 41/4/1 55/4/1
f 57/7/1 43/7/1 56/7/1
f 58/7/1 43/7/1 57/7/1
f 61/7/1 45/7/1 44/7/1
f 61/7/1 44/7/1 30/7/1
f 62/7/1 45/7/1 61/7/1
f 63/7/1 45/7/1 62/7/1
f 67/7/1 47/7/1 46/7/1
f 68/7/1 47/7/1 67/7/1
f 69/7/1 49/7/1 48/7/1
f 70/13/1 51/13/1 50/13/1
f 73/4/1 53/4/1 52/4/1
f 73/4/1 52/4/1 17/4/1
f 74/4/1 53/4/1 73/4/1
f 75/4/1 53/4/1 74/4/1
f 76/4/1 55/4/1 54/4/1
f 76/4/1 56/4/1 55/4/1
f 76/4/1 57/4/1 56/4/1
f 77/7/1 59/7/1 58/7/1
f 77/7/1 58/7/1 57/7/1
f 77/4/1 57/4/1 76/4/1
f 78/7/1 59/7/1 77/7/1
f 79/7/1 59/7/1 78/7/1
f 80/7/1 61/7/1 60/7/1
f 80/7/1 62/7/1 61/7/1
f 81/7/1 62/7/1 80/7/1
f 82/8/1 63/8/1 62/8/1
f 82/7/1 62/7/1 81/7/1
f 82/8/1 64/8/1 63/8/1
f 83/8/1 64/8/1 82/8/1
f 84/7/1 65/7/1 64/7/1
f 84/8/1 64/8/1 83/8/1
f 85/7/1 65/7/1 84/7/1
f 87/7/1 69/7/1 68/7/1
f 87/7/1 68/7/1 67/7/1
f 87/7/1 67/7/1 66/7/1
f 88/7/1 74/7/1 73/7/1
f 89/4/1 75/4/1 74/4/1
f 89/7/1 74/7/1 88/7/1
f 89/4/1 76/4/1 75/4/1
f 89/4/1 78/4/1 77/4/1
f 89/4/1 77/4/1 76/4/1
f 90/4/1 78/4/1 89/4/1
f 91/7/1 79/7/1 78/7/1
f 91/4/1 78/4/1 90/4/1
f 91/7/1 81/7/1 80/7/1
f 91/7/1 80/7/1 79/7/1
f 92/7/1 81/7/1 91/7/1
f 93/7/1 81/7/1 92/7/1
f 94/4/1 83/4/1 82/4/1
f 94/7/1 81/7/1 93/7/1
f 94/4/1 82/4/1 81/4/1
f 95/8/1 85/8/1 84/8/1
f 95/4/1 83/4/1 94/4/1
f 95/8/1 84/8/1 83/8/1
f 96/8/1 85/8/1 95/8/1
f 97/13/1 86/13/1 85/13/1
f 97/8/1 85/8/1 96/8/1
f 98/7/1 87/7/1 86/7/1
f 98/13/1 86/13/1 97/13/1
f 99/7/1 87/7/1 98/7/1
f 100/7/1 72/7/1 71/7/1
f 100/13/1 71/13/1 70/13/1
f 101/7/1 72/7/1 100/7/1
f 102/7/1 90/7/1 89/7/1
f 102/4/1 91/4/1 90/4/1
f 102/4/1 92/4/1 91/4/1
f 103/4/1 92/4/1 102/4/1
f 104/4/1 92/4/1 103/4/1
f 105/4/1 92/4/1 104/4/1
f 106/7/1 93/7/1 92/7/1
f 106/4/1 92/4/1 105/4/1
f 107/7/1 93/7/1 106/7/1
f 108/7/1 93/7/1 107/7/1
f 109/4/1 96/4/1 95/4/1
f 109/7/1 93/7/1 108/7/1
f 109/4/1 94/4/1 93/4/1
f 109/4/1 95/4/1 94/4/1
f 110/8/1 97/8/1 96/8/1
f 110/4/1 96/4/1 109/4/1
f 110/8/1 98/8/1 97/8/1
f 111/8/1 98/8/1 110/8/1
f 112/7/1 87/7/1 99/7/1
f 113/7/1 87/7/1 112/7/1
f 114/7/1 102/7/1 89/7/1
f 114/7/1 103/7/1 102/7/1
f 115/7/1 103/7/1 114/7/1
f 116/4/1 104/4/1 103/4/1
f 116/7/1 103/7/1 115/7/1
f 117/7/1 105/7/1 104/7/1
f 117/4/1 104/4/1 116/4/1
f 118/4/1 107/4/1 106/4/1
f 118/7/1 105/7/1 117/7/1
f 118/4/1 106/4/1 105/4/1
f 119/4/1 107/4/1 118/4/1
f 120/7/1 108/7/1 107/7/1
f 120/4/1 107/4/1 119/4/1
f 121/4/1 109/4/1 108/4/1
f 121/7/1 108/7/1 120/7/1
f 121/4/1 110/4/1 109/4/1
f 121/4/1 111/4/1 110/4/1
f 122/7/1 87/7/1 113/7/1
f 123/7/1 87/7/1 122/7/1
f 124/7/1 69/7/1 87/7/1
f 124/7/1 87/7/1 123/7/1
f 124/7/1 36/7/1 49/7/1
f 124/7/1 49/7/1 69/7/1
f 125/13/1 50/13/1 36/13/1
f 125/7/1 36/7/1 124/7/1
f 125/13/1 100/13/1 70/13/1
f 125/13/1 70/13/1 50/13/1
f 126/13/1 100/13/1 125/13/1
f 127/13/1 100/13/1 126/13/1
f 128/7/1 119/7/1 118/7/1
f 128/7/1 117/7/1 116/7/1
f 128/7/1 116/7/1 115/7/1
f 128/7/1 118/7/1 117/7/1
f 129/4/1 120/4/1 119/4/1
f 129/7/1 119/7/1 128/7/1
f 129/4/1 121/4/1 120/4/1
f 130/8/1 98/8/1 111/8/1
f 130/4/1 121/4/1 129/4/1
f 130/4/1 111/4/1 121/4/1
f 131/8/1 98/8/1 130/8/1
f 132/7/1 124/7/1 123/7/1
f 133/13/1 126/13/1 125/13/1
f 133/7/1 124/7/1 132/7/1
f 133/13/1 125/13/1 124/13/1
f 134/13/1 126/13/1 133/13/1
f 138/3/1 136/3/1 135/3/1
f 139/3/1 136/3/1 138/3/1
f 140/3/1 136/3/1 139/3/1
f 141/3/1 136/3/1 140/3/1
f 142/3/1 136/3/1 141/3/1
f 143/3/1 136/3/1 142/3/1
f 144/3/1 136/3/1 143/3/1
f 145/3/1 136/3/1 144/3/1
f 148/11/1 138/11/1 137/11/1
f 148/11/1 139/11/1 138/11/1
f 149/11/1 139/11/1 148/11/1
f 150/11/1 139/11/1 149/11/1
f 151/11/1 141/11/1 140/11/1
f 152/11/1 141/11/1 151/11/1
f 153/11/1 141/11/1 152/11/1
f 154/11/1 141/11/1 153/11/1
f 155/11/1 143/11/1 142/11/1
f 156/11/1 143/11/1 155/11/1
f 157/11/1 145/11/1 144/11/1
f 157/11/1 146/11/1 145/11/1
f 158/11/1 146/11/1 157/11/1
f 159/11/1 146/11/1 158/11/1
f 162/11/1 148/11/1 147/11/1
f 162/11/1 149/11/1 148/11/1
f 163/11/1 149/11/1 162/11/1
f 164/11/1 149/11/1 163/11/1
f 165/11/1 153/11/1 152/11/1
f 166/11/1 153/11/1 165/11/1
f 167/11/1 153/11/1 166/11/1
f 168/11/1 153/11/1 167/11/1
f 169/11/1 160/11/1 159/11/1
f 169/11/1 159/11/1 158/11/1
f 170/11/1 160/11/1 169/11/1
f 171/11/1 160/11/1 170/11/1
f 173/11/1 162/11/1 161/11/1
f 173/11/1 163/11/1 162/11/1
f 174/11/1 163/11/1 173/11/1
f 175/11/1 163/11/1 174/11/1
f 176/11/1 163/11/1 175/11/1
f 177/11/1 163/11/1 176/11/1
f 178/11/1 167/11/1 166/11/1
f 179/11/1 167/11/1 178/11/1
f 180/11/1 167/11/1 179/11/1
f 181/11/1 167/11/1 180/11/1
f 182/11/1 172/11/1 171/11/1
f 182/11/1 171/11/1 170/11/1
f 183/11/1 172/11/1 182/11/1
f 184/11/1 173/11/1 161/11/1
f 185/11/1 173/11/1 184/11/1
f 186/11/1 176/11/1 175/11/1
f 187/11/1 176/11/1 186/11/1
f 188/11/1 180/11/1 179/11/1
f 189/11/1 180/11/1 188/11/1
f 190/11/1 180/11/1 189/11/1
f 191/11/1 180/11/1 190/11/1
f 192/11/1 180/11/1 191/11/1
f 193/11/1 180/11/1 192/11/1
f 194/11/1 172/11/1 183/11/1
f 195/11/1 172/11/1 194/11/1
f 196/11/1 184/11/1 161/11/1
f 197/11/1 184/11/1 196/11/1
f 198/11/1 184/11/1 197/11/1
f 199/11/1 184/11/1 198/11/1
f 200/11/1 176/11/1 187/11/1
f 201/11/1 176/11/1 200/11/1
f 202/11/1 176/11/1 201/11/1
f 203/11/1 176/11/1 202/11/1
f 204/11/1 190/11/1 189/11/1
f 205/11/1 190/11/1 204/11/1
f 206/11/1 190/11/1 205/11/1
f 207/11/1 190/11/1 206/11/1
f 208/11/1 190/11/1 207/11/1
f 209/11/1 190/11/1 208/11/1
f 210/11/1 192/11/1 191/11/1
f 211/11/1 192/11/1 210/11/1
f 212/11/1 172/11/1 195/11/1
f 213/11/1 172/11/1 212/11/1
f 214/11/1 198/11/1 197/11/1
f 215/11/1 198/11/1 214/11/1
f 216/11/1 202/11/1 201/11/1
f 217/11/1 202/11/1 216/11/1
f 218/7/1 207/7/1 206/7/1
f 219/7/1 207/7/1 218/7/1
f 220/11/1 208/11/1 207/11/1
f 220/7/1 207/7/1 219/7/1
f 221/11/1 208/11/1 220/11/1
f 228/12/1 225/12/1 224/12/1
f 229/12/1 225/12/1 228/12/1
f 231/7/1 223/7/1 222/7/1
f 232/7/1 223/7/1 231/7/1
f 234/12/1 230/12/1 229/12/1
f 235/12/1 230/12/1 234/12/1
f 238/7/1 227/7/1 226/7/1
f 239/7/1 227/7/1 238/7/1
f 240/7/1 233/7/1 232/7/1
f 241/7/1 233/7/1 240/7/1
f 246/12/1 236/12/1 235/12/1
f 247/12/1 236/12/1 246/12/1
f 250/13/1 238/13/1 237/13/1
f 251/13/1 238/13/1 250/13/1
f 252/7/1 242/7/1 241/7/1
f 252/7/1 243/7/1 242/7/1
f 253/4/1 244/4/1 243/4/1
f 253/7/1 243/7/1 252/7/1
f 254/8/1 245/8/1 244/8/1
f 254/4/1 244/4/1 253/4/1
f 255/8/1 245/8/1 254/8/1
f 256/7/1 249/7/1 248/7/1
f 257/13/1 250/13/1 249/13/1
f 257/7/1 249/7/1 256/7/1
f 258/13/1 250/13/1 257/13/1
f 262/6/1 260/6/1 259/6/1
f 263/6/1 260/6/1 262/6/1
f 266/3/1 262/3/1 261/3/1
f 267/3/1 262/3/1 266/3/1
f 268/3/1 264/3/1 263/3/1
f 269/3/1 264/3/1 268/3/1
f 272/11/1 266/11/1 265/11/1
f 273/11/1 266/11/1 272/11/1
f 274/11/1 270/11/1 269/11/1
f 275/11/1 270/11/1 274/11/1
f 277/11/1 272/11/1 271/11/1
f 278/11/1 272/11/1 277/11/1
f 279/11/1 276/11/1 275/11/1
f 280/11/1 276/11/1 279/11/1
f 283/7/1 282/7/1 281/7/1
f 284/7/1 282/7/1 283/7/1
f 289/12/1 286/12/1 285/12/1
f 290/12/1 286/12/1 289/12/1
f 293/7/1 288/7/1 287/7/1
f 294/7/1 288/7/1 293/7/1
f 296/12/1 289/12/1 285/12/1
f 298/7/1 292/7/1 291/7/1
f 299/7/1 292/7/1 298/7/1
f 300/7/1 295/7/1 294/7/1
f 301/7/1 295/7/1 300/7/1
f 306/12/1 289/12/1 296/12/1
f 307/12/1 289/12/1 306/12/1
f 308/12/1 289/12/1 307/12/1
f 312/7/1 298/7/1 297/7/1
f 313/7/1 298/7/1 312/7/1
f 314/7/1 303/7/1 302/7/1
f 314/7/1 304/7/1 303/7/1
f 315/4/1 305/4/1 304/4/1
f 315/7/1 304/7/1 314/7/1
f 315/4/1 306/4/1 305/4/1
f 316/8/1 307/8/1 306/8/1
f 316/4/1 306/4/1 315/4/1
f 317/8/1 307/8/1 316/8/1
f 318/7/1 310/7/1 309/7/1
f 319/9/1 311/9/1 310/9/1
f 319/7/1 310/7/1 318/7/1
f 320/9/1 311/9/1 319/9/1
f 324/2/1 322/2/1 321/2/1
f 325/2/1 322/2/1 324/2/1
f 328/6/1 324/6/1 323/6/1
f 329/6/1 324/6/1 328/6/1
f 330/6/1 326/6/1 325/6/1
f 331/6/1 326/6/1 330/6/1
f 334/3/1 328/3/1 327/3/1
f 335/3/1 328/3/1 334/3/1
f 336/3/1 332/3/1 331/3/1
f 337/3/1 332/3/1 336/3/1
f 339/11/1 334/11/1 333/11/1
f 340/11/1 334/11/1 339/11/1
f 341/11/1 338/11/1 337/11/1
f 342/11/1 338/11/1 341/11/1
f 345/12/1 344/12/1 343/12/1
f 346/12/1 344/12/1 345/12/1
f 353/7/1 348/7/1 347/7/1
f 354/7/1 348/7/1 353/7/1
f 355/8/1 350/8/1 349/8/1
f 356/8/1 350/8/1 355/8/1
f 357/7/1 352/7/1 351/7/1
f 358/7/1 352/7/1 357/7/1
f 364/2/1 360/2/1 359/2/1
f 365/2/1 360/2/1 364/2/1
f 366/2/1 362/2/1 361/2/1
f 367/2/1 362/2/1 366/2/1
f 370/6/1 364/6/1 363/6/1
f 371/6/1 364/6/1 370/6/1
f 372/6/1 368/6/1 367/6/1
f 373/6/1 368/6/1 372/6/1
f 375/3/1 370/3/1 369/3/1
f 376/3/1 370/3/1 375/3/1
f 377/3/1 374/3/1 373/3/1
f 378/3/1 374/3/1 377/3/1
f 381/7/1 380/7/1 379/7/1
f 382/7/1 380/7/1 381/7/1
f 385/7/1 384/7/1 383/7/1
f 386/7/1 384/7/1 385/7/1
f 389/4/1 388/4/1 387/4/1
f 390/4/1 388/4/1 389/4/1
f 393/5/1 392/5/1 391/5/1
f 394/5/1 392/5/1 393/5/1
f 395/8/1 394/8/1 393/8/1
f 396/8/1 394/8/1 395/8/1
f 399/4/1 398/4/1 397/4/1
f 400/4/1 398/4/1 399/4/1
f 403/4/1 402/4/1 401/4/1
f 404/4/1 402/4/1 403/4/1
f 407/5/1 406/5/1 405/5/1
f 408/5/1 406/5/1 407/5/1
f 409/8/1 408/8/1 407/8/1
f 410/8/1 408/8/1 409/8/1
f 413/4/1 412/4/1 411/4/1
f 414/4/1 412/4/1 413/4/1
f 417/5/1 416/5/1 415/5/1
f 418/5/1 416/5/1 417/5/1
f 419/9/1 418/9/1 417/9/1
f 420/9/1 418/9/1 419/9/1
f 423/5/1 422/5/1 421/5/1
f 424/5/1 422/5/1 423/5/1
f 425/9/1 424/9/1 423/9/1
f 426/9/1 424/9/1 425/9/1
f 429/5/1 428/5/1 427/5/1
f 430/5/1 428/5/1 429/5/1
f 431/9/1 430/9/1 429/9/1
f 432/9/1 430/9/1 431/9/1
f 436/7/1 434/7/1 433/7/1
f 436/7/1 435/7/1 434/7/1
f 437/7/1 435/7/1 436/7/1
f 438/7/1 435/7/1 437/7/1
f 439/7/1 435/7/1 438/7/1
f 441/7/1 440/7/1 439/7/1
f 442/7/1 440/7/1 441/7/1
f 445/7/1 444/7/1 443/7/1
f 446/7/1 445/7/1 443/7/1
f 447/7/1 445/7/1 446/7/1
f 450/7/1 449/7/1 448/7/1
f 451/7/1 449/7/1 450/7/1
f 453/7/1 452/7/1 451/7/1
f 454/7/1 452/7/1 453/7/1
f 457/7/1 456/7/1 455/7/1
f 458/7/1 456/7/1 457/7/1
f 461/7/1 460/7/1 459/7/1
f 462/7/1 460/7/1 461/7/1
f 465/7/1 464/7/1 463/7/1
f 466/7/1 464/7/1 465/7/1
f 469/7/1 468/7/1 467/7/1
f 470/7/1 468/7/1 469/7/1
f 473/8/1 472/8/1 471/8/1
f 474/8/1 472/8/1 473/8/1
f 477/8/1 476/8/1 475/8/1
f 478/8/1 476/8/1 477/8/1
f 481/8/1 480/8/1 479/8/1
f 482/8/1 480/8/1 481/8/1
f 485/8/1 484/8/1 483/8/1
f 486/8/1 484/8/1 485/8/1
f 489/8/1 488/8/1 487/8/1
f 490/8/1 488/8/1 489/8/1
f 495/8/1 492/8/1 491/8/1
f 496/8/1 492/8/1 495/8/1
f 497/9/1 494/9/1 493/9/1
f 498/9/1 494/9/1 497/9/1
f 501/13/1 500/13/1 499/13/1
f 502/13/1 500/13/1 501/13/1
f 509/11/1 504/11/1 503/11/1
f 510/11/1 504/11/1 509/11/1
f 511/8/1 506/8/1 505/8/1
f 512/8/1 506/8/1 511/8/1
f 513/9/1 508/9/1 507/9/1
f 514/9/1 508/9/1 513/9/1
f 515/14/1 510/14/1 509/14/1
f 516/14/1 510/14/1 515/14/1
f 519/13/1 518/13/1 517/13/1
f 520/13/1 518/13/1 519/13/1
f 524/13/1 521/13/1 520/13/1
f 525/13/1 521/13/1 524/13/1
f 528/11/1 523/11/1 522/11/1
f 529/11/1 523/11/1 528/11/1
f 530/8/1 527/8/1 526/8/1
f 531/8/1 527/8/1 530/8/1
f 532/14/1 529/14/1 528/14/1
f 533/14/1 529/14/1 532/14/1
f 538/8/1 535/8/1 534/8/1
f 539/8/1 535/8/1 538/8/1
f 540/8/1 537/8/1 536/8/1
f 541/8/1 537/8/1 540/8/1
f 548/11/1 543/11/1 542/11/1
f 549/11/1 543/11/1 548/11/1
f 550/4/1 545/4/1 544/4/1
f 551/4/1 545/4/1 550/4/1
f 552/8/1 547/8/1 546/8/1
f 553/8/1 547/8/1 552/8/1
f 554/14/1 549/14/1 548/14/1
f 555/14/1 549/14/1 554/14/1
f 560/8/1 557/8/1 556/8/1
f 561/8/1 557/8/1 560/8/1
f 562/8/1 559/8/1 558/8/1
f 563/8/1 559/8/1 562/8/1
f 566/8/1 565/8/1 564/8/1
f 567/8/1 565/8/1 566/8/1
f 574/11/1 569/11/1 568/11/1
f 575/11/1 569/11/1 574/11/1
f 576/11/1 571/11/1 570/11/1
f 577/11/1 571/11/1 576/11/1
f 578/8/1 573/8/1 572/8/1
f 579/8/1 573/8/1 578/8/1
f 580/14/1 575/14/1 574/14/1
f 581/14/1 575/14/1 580/14/1
f 582/14/1 577/14/1 576/14/1
f 583/14/1 577/14/1 582/14/1
f 586/13/1 585/13/1 584/13/1
f 587/13/1 585/13/1 586/13/1
f 592/11/1 589/11/1 588/11/1
f 593/11/1 589/11/1 592/11/1
f 594/8/1 591/8/1 590/8/1
f 595/8/1 591/8/1 594/8/1
f 596/7/1 593/7/1 592/7/1
f 597/7/1 593/7/1 596/7/1
f 608/11/1 599/11/1 598/11/1
f 609/11/1 599/11/1 608/11/1
f 610/5/1 601/5/1 600/5/1
f 611/5/1 601/5/1 610/5/1
f 612/11/1 603/11/1 602/11/1
f 613/11/1 603/11/1 612/11/1
f 614/11/1 605/11/1 604/11/1
f 615/11/1 605/11/1 614/11/1
f 616/8/1 607/8/1 606/8/1
f 617/8/1 607/8/1 616/8/1
f 618/7/1 609/7/1 608/7/1
f 619/7/1 609/7/1 618/7/1
f 620/8/1 611/8/1 610/8/1
f 621/8/1 611/8/1 620/8/1
f 622/14/1 613/14/1 612/14/1
f 623/14/1 613/14/1 622/14/1
f 624/14/1 615/14/1 614/14/1
f 625/14/1 615/14/1 624/14/1
f 630/11/1 627/11/1 626/11/1
f 631/11/1 627/11/1 630/11/1
f 632/8/1 629/8/1 628/8/1
f 633/8/1 629/8/1 632/8/1
f 634/7/1 631/7/1 630/7/1
f 635/7/1 631/7/1 634/7/1
f 642/11/1 637/11/1 636/11/1
f 643/11/1 637/11/1 642/11/1
f 644/11/1 639/11/1 638/11/1
f 645/11/1 639/11/1 644/11/1
f 646/8/1 641/8/1 640/8/1
f 647/8/1 641/8/1 646/8/1
f 648/14/1 643/14/1 642/14/1
f 649/14/1 643/14/1 648/14/1
f 650/14/1 645/14/1 644/14/1
f 651/14/1 645/14/1 650/14/1
f 658/11/1 653/11/1 652/11/1
f 659/11/1 653/11/1 658/11/1
f 660/11/1 655/11/1 654/11/1
f 661/11/1 655/11/1 660/11/1
f 662/8/1 657/8/1 656/8/1
f 663/8/1 657/8/1 662/8/1
f 664/7/1 659/7/1 658/7/1
f 665/7/1 659/7/1 664/7/1
f 666/14/1 661/14/1 660/14/1
f 667/14/1 661/14/1 666/14/1
f 670/13/1 669/13/1 668/13/1
f 671/13/1 669/13/1 670/13/1
f 676/11/1 673/11/1 672/11/1
f 677/11/1 673/11/1 676/11/1
f 678/11/1 675/11/1 674/11/1
f 679/11/1 675/11/1 678/11/1
f 680/7/1 677/7/1 676/7/1
f 681/7/1 677/7/1 680/7/1
f 682/14/1 679/14/1 678/14/1
f 683/14/1 679/14/1 682/14/1
f 690/11/1 685/11/1 684/11/1
f 691/11/1 685/11/1 690/11/1
f 692/11/1 687/11/1 686/11/1
f 693/11/1 687/11/1 692/11/1
f 694/8/1 689/8/1 688/8/1
f 695/8/1 689/8/1 694/8/1
f 696/14/1 691/14/1 690/14/1
f 697/14/1 691/14/1 696/14/1
f 698/8/1 693/8/1 692/8/1
f 699/8/1 693/8/1 698/8/1
f 706/11/1 701/11/1 700/11/1
f 707/11/1 701/11/1 706/11/1
f 708/11/1 703/11/1 702/11/1
f 709/11/1 703/11/1 708/11/1
f 710/8/1 705/8/1 704/8/1
f 711/8/1 705/8/1 710/8/1
f 712/7/1 707/7/1 706/7/1
f 713/7/1 707/7/1 712/7/1
f 714/14/1 709/14/1 708/14/1
f 715/14/1 709/14/1 714/14/1
f 722/11/1 717/11/1 716/11/1
f 723/11/1 717/11/1 722/11/1
f 724/11/1 719/11/1 718/11/1
f 725/11/1 719/11/1 724/11/1
f 726/8/1 721/8/1 720/8/1
f 727/8/1 721/8/1 726/8/1
f 728/8/1 723/8/1 722/8/1
f 729/8/1 723/8/1 728/8/1
f 730/14/1 725/14/1 724/14/1
f 731/14/1 725/14/1 730/14/1
f 738/11/1 733/11/1 732/11/1
f 739/11/1 733/11/1 738/11/1
f 740/11/1 735/11/1 734/11/1
f 741/11/1 735/11/1 740/11/1
f 742/8/1 737/8/1 736/8/1
f 743/8/1 737/8/1 742/8/1
f 744/14/1 739/14/1 738/14/1
f 745/14/1 739/14/1 744/14/1
f 746/14/1 741/14/1 740/14/1
f 747/14/1 741/14/1 746/14/1
f 752/11/1 749/11/1 748/11/1
f 753/11/1 749/11/1 752/11/1
f 754/8/1 751/8/1 750/8/1
f 755/8/1 751/8/1 754/8/1
f 756/14/1 753/14/1 752/14/1
f 757/14/1 753/14/1 756/14/1
f 760/13/1 759/13/1 758/13/1
f 761/13/1 759/13/1 760/13/1
f 766/11/1 763/11/1 762/11/1
f 767/11/1 763/11/1 766/11/1
f 768/8/1 765/8/1 764/8/1
f 769/8/1 765/8/1 768/8/1
f 770/14/1 767/14/1 766/14/1
f 771/14/1 767/14/1 770/14/1
f 776/11/1 773/11/1 772/11/1
f 777/11/1 773/11/1 776/11/1
f 778/8/1 775/8/1 774/8/1
f 779/8/1 775/8/1 778/8/1
f 780/14/1 777/14/1 776/14/1
f 781/14/1 777/14/1 780/14/1
f 788/11/1 783/11/1 782/11/1
f 789/11/1 783/11/1 788/11/1
f 790/8/1 785/8/1 784/8/1
f 791/8/1 785/8/1 790/8/1
f 792/8/1 787/8/1 786/8/1
f 793/8/1 787/8/1 792/8/1
f 794/14/1 789/14/1 788/14/1
f 795/14/1 789/14/1 794/14/1
f 802/11/1 797/11/1 796/11/1
f 803/11/1 797/11/1 802/11/1
f 804/8/1 799/8/1 798/8/1
f 805/8/1 799/8/1 804/8/1
f 806/8/1 801/8/1 800/8/1
f 807/8/1 801/8/1 806/8/1
f 808/14/1 803/14/1 802/14/1
f 809/14/1 803/14/1 808/14/1
f 814/8/1 811/8/1 810/8/1
f 815/8/1 811/8/1 814/8/1
f 816/8/1 813/8/1 812/8/1
f 817/8/1 813/8/1 816/8/1
f 822/11/1 819/11/1 818/11/1
f 823/11/1 819/11/1 822/11/1
f 824/8/1 821/8/1 820/8/1
f 825/8/1 821/8/1 824/8/1
f 826/14/1 823/14/1 822/14/1
f 827/14/1 823/14/1 826/14/1
f 830/13/1 829/13/1 828/13/1
f 831/13/1 829/13/1 830/13/1
f 834/11/1 833/11/1 832/11/1
f 835/11/1 833/11/1 834/11/1
f 836/14/1 835/14/1 834/14/1
f 837/14/1 835/14/1 836/14/1
f 840/11/1 839/11/1 838/11/1
f 841/11/1 839/11/1 840/11/1
f 842/14/1 841/14/1 840/14/1
f 843/14/1 841/14/1 842/14/1
f 846/11/1 845/11/1 844/11/1
f 847/11/1 845/11/1 846/11/1
f 848/14/1 847/14/1 846/14/1
f 849/14/1 847/14/1 848/14/1
f 852/11/1 851/11/1 850/11/1
f 853/11/1 851/11/1 852/11/1
f 854/14/1 853/14/1 852/14/1
f 855/14/1 853/14/1 854/14/1
f 858/11/1 857/11/1 856/11/1
f 859/11/1 857/11/1 858/11/1
f 860/8/1 859/8/1 858/8/1
f 861/8/1 859/8/1 860/8/1
f 864/11/1 863/11/1 862/11/1
f 865/11/1 863/11/1 864/11/1
f 866/14/1 865/14/1 864/14/1
f 867/14/1 865/14/1 866/14/1
f 870/11/1 869/11/1 868/11/1
f 871/11/1 869/11/1 870/11/1
f 872/14/1 871/14/1 870/14/1
f 873/14/1 871/14/1 872/14/1
f 882/5/1 875/5/1 874/5/1
f 883/5/1 875/5/1 882/5/1
f 884/11/1 877/11/1 876/11/1
f 885/11/1 877/11/1 884/11/1
f 886/11/1 879/11/1 878/11/1
f 887/11/1 879/11/1 886/11/1
f 888/11/1 881/11/1 880/11/1
f 889/11/1 881/11/1 888/11/1
f 890/8/1 883/8/1 882/8/1
f 891/8/1 883/8/1 890/8/1
f 892/14/1 885/14/1 884/14/1
f 893/14/1 885/14/1 892/14/1
f 894/14/1 887/14/1 886/14/1
f 895/14/1 887/14/1 894/14/1
f 896/8/1 889/8/1 888/8/1
f 897/8/1 889/8/1 896/8/1
f 900/11/1 899/11/1 898/11/1
f 901/11/1 899/11/1 900/11/1
f 902/14/1 901/14/1 900/14/1
f 903/14/1 901/14/1 902/14/1
f 910/5/1 905/5/1 904/5/1
f 911/5/1 905/5/1 910/5/1
f 912/11/1 907/11/1 906/11/1
f 913/11/1 907/11/1 912/11/1
f 914/11/1 909/11/1 908/11/1
f 915/11/1 909/11/1 914/11/1
f 916/8/1 911/8/1 910/8/1
f 917/8/1 911/8/1 916/8/1
f 918/14/1 913/14/1 912/14/1
f 919/14/1 913/14/1 918/14/1
f 920/14/1 915/14/1 914/14/1
f 921/14/1 915/14/1 920/14/1
f 928/11/1 923/11/1 922/11/1
f 929/11/1 923/11/1 928/11/1
f 930/11/1 925/11/1 924/11/1
f 931/11/1 925/11/1 930/11/1
f 932/11/1 927/11/1 926/11/1
f 933/11/1 927/11/1 932/11/1
f 934/8/1 929/8/1 928/8/1
f 935/8/1 929/8/1 934/8/1
f 936/14/1 931/14/1 930/14/1
f 937/14/1 931/14/1 936/14/1
f 938/8/1 933/8/1 932/8/1
f 939/8/1 933/8/1 938/8/1
f 944/11/1 941/11/1 940/11/1
f 945/11/1 941/11/1 944/11/1
f 946/11/1 943/11/1 942/11/1
f 947/11/1 943/11/1 946/11/1
f 948/14/1 945/14/1 944/14/1
f 949/14/1 945/14/1 948/14/1
f 950/14/1 947/14/1 946/14/1
f 951/14/1 947/14/1 950/14/1
f 956/11/1 953/11/1 952/11/1
f 957/11/1 953/11/1 956/11/1
f 958/11/1 955/11/1 954/11/1
f 959/11/1 955/11/1 958/11/1
f 960/14/1 957/14/1 956/14/1
f 961/14/1 957/14/1 960/14/1
f 962/14/1 959/14/1 958/14/1
f 963/14/1 959/14/1 962/14/1
f 966/11/1 965/11/1 964/11/1
f 967/11/1 965/11/1 966/11/1
f 968/14/1 967/14/1 966/14/1
f 969/14/1 967/14/1 968/14/1
f 972/11/1 971/11/1 970/11/1
f 973/11/1 971/11/1 972/11/1
f 974/8/1 973/8/1 972/8/1
f 975/8/1 973/8/1 974/8/1
f 980/11/1 977/11/1 976/11/1
f 981/11/1 977/11/1 980/11/1
f 982/11/1 979/11/1 978/11/1
f 983/11/1 979/11/1 982/11/1
f 984/14/1 981/14/1 980/14/1
f 985/14/1 981/14/1 984/14/1
f 986/14/1 983/14/1 982/14/1
f 987/14/1 983/14/1 986/14/1
f 990/11/1 989/11/1 988/11/1
f 991/11/1 989/11/1 990/11/1
f 992/14/1 991/14/1 990/14/1
f 993/14/1 991/14/1 992/14/1
f 1000/5/1 995/5/1 994/5/1
f 1001/5/1 995/5/1 1000/5/1
f 1002/11/1 997/11/1 996/11/1
f 1003/11/1 997/11/1 1002/11/1
f 1004/11/1 999/11/1 998/11/1
f 1005/11/1 999/11/1 1004/11/1
f 1006/8/1 1001/8/1 1000/8/1
f 1007/8/1 1001/8/1 1006/8/1
f 1008/14/1 1003/14/1 1002/14/1
f 1009/14/1 1003/14/1 1008/14/1
f 1010/8/1 1005/8/1 1004/8/1
f 1011/8/1 1005/8/1 1010/8/1
f 1016/11/1 1013/11/1 1012/11/1
f 1017/11/1 1013/11/1 1016/11/1
f 1018/11/1 1015/11/1 1014/11/1
f 1019/11/1 1015/11/1 1018/11/1
f 1020/14/1 1017/14/1 1016/14/1
f 1021/14/1 1017/14/1 1020/14/1
f 1022/14/1 1019/14/1 1018/14/1
f 1023/14/1 1019/14/1 1022/14/1
f 1028/11/1 1025/11/1 1024/11/1
f 1029/11/1 1025/11/1 1028/11/1
f 1030/11/1 1027/11/1 1026/11/1
f 1031/11/1 1027/11/1 1030/11/1
f 1032/14/1 1029/14/1 1028/14/1
f 1033/14/1 1029/14/1 1032/14/1
f 1034/14/1 1031/14/1 1030/14/1
f 1035/14/1 1031/14/1 1034/14/1
f 1040/11/1 1037/11/1 1036/11/1
f 1041/11/1 1037/11/1 1040/11/1
f 1042/11/1 1039/11/1 1038/11/1
f 1043/11/1 1039/11/1 1042/11/1
f 1044/8/1 1041/8/1 1040/8/1
f 1045/8/1 1041/8/1 1044/8/1
f 1046/14/1 1043/14/1 1042/14/1
f 1047/14/1 1043/14/1 1046/14/1
f 1052/5/1 1049/5/1 1048/5/1
f 1053/5/1 1049/5/1 1052/5/1
f 1054/11/1 1051/11/1 1050/11/1
f 1055/11/1 1051/11/1 1054/11/1
f 1056/7/1 1053/7/1 1052/7/1
f 1057/7/1 1053/7/1 1056/7/1
f 1058/14/1 1055/14/1 1054/14/1
f 1059/14/1 1055/14/1 1058/14/1
f 1071/5/1 1061/5/1 1060/5/1
f 1072/11/1 1062/11/1 1061/11/1
f 1072/5/1 1061/5/1 1071/5/1
f 1073/11/1 1062/11/1 1072/11/1
f 1074/5/1 1064/5/1 1063/5/1
f 1075/5/1 1064/5/1 1074/5/1
f 1076/11/1 1066/11/1 1065/11/1
f 1077/11/1 1066/11/1 1076/11/1
f 1078/11/1 1068/11/1 1067/11/1
f 1079/11/1 1068/11/1 1078/11/1
f 1080/11/1 1070/11/1 1069/11/1
f 1081/11/1 1070/11/1 1080/11/1
f 1082/7/1 1073/7/1 1072/7/1
f 1082/7/1 1072/7/1 1071/7/1
f 1083/7/1 1073/7/1 1082/7/1
f 1084/7/1 1075/7/1 1074/7/1
f 1085/7/1 1075/7/1 1084/7/1
f 1086/14/1 1077/14/1 1076/14/1
f 1087/14/1 1077/14/1 1086/14/1
f 1088/14/1 1079/14/1 1078/14/1
f 1089/14/1 1079/14/1 1088/14/1
f 1090/8/1 1081/8/1 1080/8/1
f 1091/8/1 1081/8/1 1090/8/1
f 1102/11/1 1093/11/1 1092/11/1
f 1103/11/1 1093/11/1 1102/11/1
f 1104/5/1 1095/5/1 1094/5/1
f 1105/5/1 1095/5/1 1104/5/1
f 1106/11/1 1097/11/1 1096/11/1
f 1107/11/1 1097/11/1 1106/11/1
f 1108/11/1 1099/11/1 1098/11/1
f 1109/11/1 1099/11/1 1108/11/1
f 1110/11/1 1101/11/1 1100/11/1
f 1111/11/1 1101/11/1 1110/11/1
f 1112/9/1 1103/9/1 1102/9/1
f 1113/9/1 1103/9/1 1112/9/1
f 1114/7/1 1105/7/1 1104/7/1
f 1115/7/1 1105/7/1 1114/7/1
f 1116/14/1 1107/14/1 1106/14/1
f 1117/14/1 1107/14/1 1116/14/1
f 1118/14/1 1109/14/1 1108/14/1
f 1119/14/1 1109/14/1 1118/14/1
f 1120/14/1 1111/14/1 1110/14/1
f 1121/14/1 1111/14/1 1120/14/1
f 1134/5/1 1123/5/1 1122/5/1
f 1135/5/1 1123/5/1 1134/5/1
f 1136/5/1 1125/5/1 1124/5/1
f 1137/5/1 1125/5/1 1136/5/1
f 1138/5/1 1127/5/1 1126/5/1
f 1139/5/1 1127/5/1 1138/5/1
f 1140/5/1 1129/5/1 1128/5/1
f 1141/5/1 1129/5/1 1140/5/1
f 1142/11/1 1131/11/1 1130/11/1
f 1143/11/1 1131/11/1 1142/11/1
f 1144/11/1 1133/11/1 1132/11/1
f 1145/11/1 1133/11/1 1144/11/1
f 1146/9/1 1135/9/1 1134/9/1
f 1147/9/1 1135/9/1 1146/9/1
f 1148/9/1 1137/9/1 1136/9/1
f 1149/9/1 1137/9/1 1148/9/1
f 1150/7/1 1139/7/1 1138/7/1
f 1151/7/1 1139/7/1 1150/7/1
f 1152/7/1 1141/7/1 1140/7/1
f 1153/7/1 1141/7/1 1152/7/1
f 1154/8/1 1143/8/1 1142/8/1
f 1155/8/1 1143/8/1 1154/8/1
f 1156/14/1 1145/14/1 1144/14/1
f 1157/14/1 1145/14/1 1156/14/1
f 1164/5/1 1159/5/1 1158/5/1
f 1165/5/1 1159/5/1 1164/5/1
f 1166/5/1 1161/5/1 1160/5/1
f 1167/5/1 1161/5/1 1166/5/1
f 1168/5/1 1163/5/1 1162/5/1
f 1169/5/1 1163/5/1 1168/5/1
f 1170/9/1 1165/9/1 1164/9/1
f 1171/9/1 1165/9/1 1170/9/1
f 1172/9/1 1167/9/1 1166/9/1
f 1173/9/1 1167/9/1 1172/9/1
f 1174/7/1 1169/7/1 1168/7/1
f 1175/7/1 1169/7/1 1174/7/1
f 1180/5/1 1177/5/1 1176/5/1
f 1181/5/1 1177/5/1 1180/5/1
f 1182/5/1 1179/5/1 1178/5/1
f 1183/5/1 1179/5/1 1182/5/1
f 1184/9/1 1181/9/1 1180/9/1
f 1185/9/1 1181/9/1 1184/9/1
f 1186/9/1 1183/9/1 1182/9/1
f 1187/9/1 1183/9/1 1186/9/1
f 1192/5/1 1189/5/1 1188/5/1
f 1193/5/1 1189/5/1 1192/5/1
f 1194/11/1 1191/11/1 1190/11/1
f 1195/11/1 1191/11/1 1194/11/1
f 1196/9/1 1193/9/1 1192/9/1
f 1197/9/1 1193/9/1 1196/9/1
f 1198/7/1 1195/7/1 1194/7/1
f 1199/7/1 1195/7/1 1198/7/1
f 1204/11/1 1201/11/1 1200/11/1
f 1205/11/1 1201/11/1 1204/11/1
f 1206/11/1 1203/11/1 1202/11/1
f 1207/11/1 1203/11/1 1206/11/1
f 1208/14/1 1205/14/1 1204/14/1
f 1209/14/1 1205/14/1 1208/14/1
f 1210/8/1 1207/8/1 1206/8/1
f 1211/8/1 1207/8/1 1210/8/1
f 1214/11/1 1213/11/1 1212/11/1
f 1215/11/1 1213/11/1 1214/11/1
f 1216/8/1 1215/8/1 1214/8/1
f 1217/8/1 1215/8/1 1216/8/1
f 1222/11/1 1219/11/1 1218/11/1
f 1223/11/1 1219/11/1 1222/11/1
f 1224/11/1 1221/11/1 1220/11/1
f 1225/11/1 1221/11/1 1224/11/1
f 1226/14/1 1223/14/1 1222/14/1
f 1227/14/1 1223/14/1 1226/14/1
f 1228/8/1 1225/8/1 1224/8/1
f 1229/8/1 1225/8/1 1228/8/1
f 1232/11/1 1231/11/1 1230/11/1
f 1233/11/1 1231/11/1 1232/11/1
f 1234/8/1 1233/8/1 1232/8/1
f 1235/8/1 1233/8/1 1234/8/1
f 1242/5/1 1237/5/1 1236/5/1
f 1243/5/1 1237/5/1 1242/5/1
f 1244/11/1 1239/11/1 1238/11/1
f 1245/11/1 1239/11/1 1244/11/1
f 1246/11/1 1241/11/1 1240/11/1
f 1247/11/1 1241/11/1 1246/11/1
f 1248/9/1 1243/9/1 1242/9/1
f 1249/9/1 1243/9/1 1248/9/1
f 1250/8/1 1245/8/1 1244/8/1
f 1251/8/1 1245/8/1 1250/8/1
f 1252/14/1 1247/14/1 1246/14/1
f 1253/14/1 1247/14/1 1252/14/1
f 1258/5/1 1255/5/1 1254/5/1
f 1259/5/1 1255/5/1 1258/5/1
f 1260/11/1 1257/11/1 1256/11/1
f 1261/11/1 1257/11/1 1260/11/1
f 1262/9/1 1259/9/1 1258/9/1
f 1263/9/1 1259/9/1 1262/9/1
f 1264/14/1 1261/14/1 1260/14/1
f 1265/14/1 1261/14/1 1264/14/1
f 1272/5/1 1267/5/1 1266/5/1
f 1273/5/1 1267/5/1 1272/5/1
f 1274/5/1 1269/5/1 1268/5/1
f 1275/5/1 1269/5/1 1274/5/1
f 1276/11/1 1271/11/1 1270/11/1
f 1277/11/1 1271/11/1 1276/11/1
f 1278/9/1 1273/9/1 1272/9/1
f 1279/9/1 1273/9/1 1278/9/1
f 1280/7/1 1275/7/1 1274/7/1
f 1281/7/1 1275/7/1 1280/7/1
f 1282/8/1 1277/8/1 1276/8/1
f 1283/8/1 1277/8/1 1282/8/1
f 1286/5/1 1285/5/1 1284/5/1
f 1287/5/1 1285/5/1 1286/5/1
f 1288/9/1 1287/9/1 1286/9/1
f 1289/9/1 1287/9/1 1288/9/1
f 1292/11/1 1291/11/1 1290/11/1
f 1293/11/1 1291/11/1 1292/11/1
f 1294/8/1 1293/8/1 1292/8/1
f 1295/8/1 1293/8/1 1294/8/1
f 1300/5/1 1297/5/1 1296/5/1
f 1301/5/1 1297/5/1 1300/5/1
f 1302/11/1 1299/11/1 1298/11/1
f 1303/11/1 1299/11/1 1302/11/1
f 1304/9/1 1301/9/1 1300/9/1
f 1305/9/1 1301/9/1 1304/9/1
f 1306/8/1 1303/8/1 1302/8/1
f 1307/8/1 1303/8/1 1306/8/1
f 1310/7/1 1309/7/1 1308/7/1
f 1311/7/1 1309/7/1 1310/7/1
f 1316/5/1 1313/5/1 1312/5/1
f 1317/5/1 1313/5/1 1316/5/1
f 1318/11/1 1315/11/1 1314/11/1
f 1319/11/1 1315/11/1 1318/11/1
f 1320/9/1 1317/9/1 1316/9/1
f 1321/9/1 1317/9/1 1320/9/1
f 1322/14/1 1319/14/1 1318/14/1
f 1323/14/1 1319/14/1 1322/14/1
f 1330/5/1 1325/5/1 1324/5/1
f 1331/5/1 1325/5/1 1330/5/1
f 1332/11/1 1327/11/1 1326/11/1
f 1333/11/1 1327/11/1 1332/11/1
f 1334/11/1 1329/11/1 1328/11/1
f 1335/11/1 1329/11/1 1334/11/1
f 1336/9/1 1331/9/1 1330/9/1
f 1337/9/1 1331/9/1 1336/9/1
f 1338/8/1 1333/8/1 1332/8/1
f 1339/8/1 1333/8/1 1338/8/1
f 1340/8/1 1335/8/1 1334/8/1
f 1341/8/1 1335/8/1 1340/8/1
f 1344/7/1 1343/7/1 1342/7/1
f 1345/7/1 1343/7/1 1344/7/1
f 1348/7/1 1347/7/1 1346/7/1
f 1349/7/1 1347/7/1 1348/7/1
f 1352/11/1 1351/11/1 1350/11/1
f 1353/11/1 1351/11/1 1352/11/1
f 1354/8/1 1353/8/1 1352/8/1
f 1355/8/1 1353/8/1 1354/8/1
f 1360/11/1 1357/11/1 1356/11/1
f 1361/11/1 1357/11/1 1360/11/1
f 1362/11/1 1359/11/1 1358/11/1
f 1363/11/1 1359/11/1 1362/11/1
f 1364/8/1 1361/8/1 1360/8/1
f 1365/8/1 1361/8/1 1364/8/1
f 1366/14/1 1363/14/1 1362/14/1
f 1367/14/1 1363/14/1 1366/14/1
f 1370/7/1 1369/7/1 1368/7/1
f 1371/7/1 1369/7/1 1370/7/1
f 1374/7/1 1373/7/1 1372/7/1
f 1375/7/1 1373/7/1 1374/7/1
f 1382/11/1 1377/11/1 1376/11/1
f 1383/11/1 1377/11/1 1382/11/1
f 1384/11/1 1379/11/1 1378/11/1
f 1385/11/1 1379/11/1 1384/11/1
f 1386/11/1 1381/11/1 1380/11/1
f 1387/11/1 1381/11/1 1386/11/1
f 1388/8/1 1383/8/1 1382/8/1
f 1389/8/1 1383/8/1 1388/8/1
f 1390/14/1 1385/14/1 1384/14/1
f 1391/14/1 1385/14/1 1390/14/1
f 1392/8/1 1387/8/1 1386/8/1
f 1393/8/1 1387/8/1 1392/8/1
f 1396/11/1 1395/11/1 1394/11/1
f 1397/11/1 1395/11/1 1396/11/1
f 1398/8/1 1397/8/1 1396/8/1
f 1399/8/1 1397/8/1 1398/8/1
f 1402/11/1 1401/11/1 1400/11/1
f 1403/11/1 1401/11/1 1402/11/1
f 1404/8/1 1403/8/1 1402/8/1
f 1405/8/1 1403/8/1 1404/8/1
f 1408/7/1 1407/7/1 1406/7/1
f 1409/7/1 1407/7/1 1408/7/1
f 1412/11/1 1411/11/1 1410/11/1
f 1413/11/1 1411/11/1 1412/11/1
f 1414/8/1 1413/8/1 1412/8/1
f 1415/8/1 1413/8/1 1414/8/1
f 1418/11/1 1417/11/1 1416/11/1
f 1419/11/1 1417/11/1 1418/11/1
f 1420/8/1 1419/8/1 1418/8/1
f 1421/8/1 1419/8/1 1420/8/1
f 1424/7/1 1423/7/1 1422/7/1
f 1425/7/1 1423/7/1 1424/7/1
f 1430/11/1 1427/11/1 1426/11/1
f 1431/11/1 1427/11/1 1430/11/1
f 1432/11/1 1429/11/1 1428/11/1
f 1433/11/1 1429/11/1 1432/11/1
f 1434/8/1 1431/8/1 1430/8/1
f 1435/8/1 1431/8/1 1434/8/1
f 1436/14/1 1433/14/1 1432/14/1
f 1437/14/1 1433/14/1 1436/14/1
f 1440/11/1 1439/11/1 1438/11/1
f 1441/11/1 1439/11/1 1440/11/1
f 1442/8/1 1441/8/1 1440/8/1
f 1443/8/1 1441/8/1 1442/8/1
f 1446/11/1 1445/11/1 1444/11/1
f 1447/11/1 1445/11/1 1446/11/1
f 1448/8/1 1447/8/1 1446/8/1
f 1449/8/1 1447/8/1 1448/8/1
f 1454/11/1 1451/11/1 1450/11/1
f 1455/11/1 1451/11/1 1454/11/1
f 1456/11/1 1453/11/1 1452/11/1
f 1457/11/1 1453/11/1 1456/11/1
f 1458/8/1 1455/8/1 1454/8/1
f 1459/8/1 1455/8/1 1458/8/1
f 1460/8/1 1457/8/1 1456/8/1
f 1461/8/1 1457/8/1 1460/8/1
f 1464/11/1 1463/11/1 1462/11/1
f 1465/11/1 1463/11/1 1464/11/1
f 1466/8/1 1465/8/1 1464/8/1
f 1467/8/1 1465/8/1 1466/8/1
f 1470/11/1 1469/11/1 1468/11/1
f 1471/11/1 1469/11/1 1470/11/1
f 1472/8/1 1471/8/1 1470/8/1
f 1473/8/1 1471/8/1 1472/8/1
f 1480/5/1 1475/5/1 1474/5/1
f 1481/5/1 1475/5/1 1480/5/1
f 1482/11/1 1477/11/1 1476/11/1
f 1483/11/1 1477/11/1 1482/11/1
f 1484/11/1 1479/11/1 1478/11/1
f 1485/11/1 1479/11/1 1484/11/1
f 1486/7/1 1481/7/1 1480/7/1
f 1487/7/1 1481/7/1 1486/7/1
f 1488/8/1 1483/8/1 1482/8/1
f 1489/8/1 1483/8/1 1488/8/1
f 1490/9/1 1485/9/1 1484/9/1
f 1491/9/1 1485/9/1 1490/9/1
f 1496/11/1 1493/11/1 1492/11/1
f 1497/11/1 1493/11/1 1496/11/1
f 1498/11/1 1495/11/1 1494/11/1
f 1499/11/1 1495/11/1 1498/11/1
f 1500/9/1 1497/9/1 1496/9/1
f 1501/9/1 1497/9/1 1500/9/1
f 1502/9/1 1499/9/1 1498/9/1
f 1503/9/1 1499/9/1 1502/9/1
f 1508/5/1 1505/5/1 1504/5/1
f 1509/5/1 1505/5/1 1508/5/1
f 1510/11/1 1507/11/1 1506/11/1
f 1511/11/1 1507/11/1 1510/11/1
f 1512/4/1 1509/4/1 1508/4/1
f 1513/4/1 1509/4/1 1512/4/1
f 1514/9/1 1511/9/1 1510/9/1
f 1515/9/1 1511/9/1 1514/9/1
f 1522/5/1 1517/5/1 1516/5/1
f 1523/5/1 1517/5/1 1522/5/1
f 1524/11/1 1519/11/1 1518/11/1
f 1525/11/1 1519/11/1 1524/11/1
f 1526/11/1 1521/11/1 1520/11/1
f 1527/11/1 1521/11/1 1526/11/1
f 1528/4/1 1523/4/1 1522/4/1
f 1529/4/1 1523/4/1 1528/4/1
f 1530/9/1 1525/9/1 1524/9/1
f 1531/9/1 1525/9/1 1530/9/1
f 1532/9/1 1527/9/1 1526/9/1
f 1533/9/1 1527/9/1 1532/9/1
f 1542/5/1 1535/5/1 1534/5/1
f 1543/5/1 1535/5/1 1542/5/1
f 1544/5/1 1537/5/1 1536/5/1
f 1545/5/1 1537/5/1 1544/5/1
f 1546/11/1 1539/11/1 1538/11/1
f 1547/11/1 1539/11/1 1546/11/1
f 1548/11/1 1541/11/1 1540/11/1
f 1549/11/1 1541/11/1 1548/11/1
f 1550/4/1 1543/4/1 1542/4/1
f 1551/4/1 1543/4/1 1550/4/1
f 1552/4/1 1545/4/1 1544/4/1
f 1553/4/1 1545/4/1 1552/4/1
f 1554/9/1 1547/9/1 1546/9/1
f 1555/9/1 1547/9/1 1554/9/1
f 1556/9/1 1549/9/1 1548/9/1
f 1557/9/1 1549/9/1 1556/9/1
f 1568/5/1 1559/5/1 1558/5/1
f 1569/5/1 1559/5/1 1568/5/1
f 1570/5/1 1561/5/1 1560/5/1
f 1571/5/1 1561/5/1 1570/5/1
f 1572/5/1 1563/5/1 1562/5/1
f 1573/5/1 1563/5/1 1572/5/1
f 1574/11/1 1565/11/1 1564/11/1
f 1575/11/1 1565/11/1 1574/11/1
f 1576/11/1 1567/11/1 1566/11/1
f 1577/11/1 1567/11/1 1576/11/1
f 1578/7/1 1569/7/1 1568/7/1
f 1579/7/1 1569/7/1 1578/7/1
f 1580/4/1 1571/4/1 1570/4/1
f 1581/4/1 1571/4/1 1580/4/1
f 1582/4/1 1573/4/1 1572/4/1
f 1583/4/1 1573/4/1 1582/4/1
f 1584/9/1 1575/9/1 1574/9/1
f 1585/9/1 1575/9/1 1584/9/1
f 1586/9/1 1577/9/1 1576/9/1
f 1587/9/1 1577/9/1 1586/9/1
f 1596/5/1 1589/5/1 1588/5/1
f 1597/5/1 1589/5/1 1596/5/1
f 1598/5/1 1591/5/1 1590/5/1
f 1599/5/1 1591/5/1 1598/5/1
f 1600/11/1 1593/11/1 1592/11/1
f 1601/11/1 1593/11/1 1600/11/1
f 1602/11/1 1595/11/1 1594/11/1
f 1603/11/1 1595/11/1 1602/11/1
f 1604/4/1 1597/4/1 1596/4/1
f 1605/4/1 1597/4/1 1604/4/1
f 1606/4/1 1599/4/1 1598/4/1
f 1607/4/1 1599/4/1 1606/4/1
f 1608/9/1 1601/9/1 1600/9/1
f 1609/9/1 1601/9/1 1608/9/1
f 1610/9/1 1603/9/1 1602/9/1
f 1611/9/1 1603/9/1 1610/9/1
f 1614/7/1 1613/7/1 1612/7/1
f 1615/7/1 1613/7/1 1614/7/1
f 1624/5/1 1617/5/1 1616/5/1
f 1625/5/1 1617/5/1 1624/5/1
f 1626/5/1 1619/5/1 1618/5/1
f 1627/5/1 1619/5/1 1626/5/1
f 1628/11/1 1621/11/1 1620/11/1
f 1629/11/1 1621/11/1 1628/11/1
f 1630/11/1 1623/11/1 1622/11/1
f 1631/11/1 1623/11/1 1630/11/1
f 1632/4/1 1625/4/1 1624/4/1
f 1633/4/1 1625/4/1 1632/4/1
f 1634/4/1 1627/4/1 1626/4/1
f 1635/4/1 1627/4/1 1634/4/1
f 1636/9/1 1629/9/1 1628/9/1
f 1637/9/1 1629/9/1 1636/9/1
f 1638/9/1 1631/9/1 1630/9/1
f 1639/9/1 1631/9/1 1638/9/1
f 1646/5/1 1641/5/1 1640/5/1
f 1647/5/1 1641/5/1 1646/5/1
f 1648/11/1 1643/11/1 1642/11/1
f 1649/11/1 1643/11/1 1648/11/1
f 1650/11/1 1645/11/1 1644/11/1
f 1651/11/1 1645/11/1 1650/11/1
f 1652/4/1 1647/4/1 1646/4/1
f 1653/4/1 1647/4/1 1652/4/1
f 1654/9/1 1649/9/1 1648/9/1
f 1655/9/1 1649/9/1 1654/9/1
f 1656/9/1 1651/9/1 1650/9/1
f 1657/9/1 1651/9/1 1656/9/1
f 1664/5/1 1659/5/1 1658/5/1
f 1665/5/1 1659/5/1 1664/5/1
f 1666/5/1 1661/5/1 1660/5/1
f 1667/5/1 1661/5/1 1666/5/1
f 1668/11/1 1663/11/1 1662/11/1
f 1669/11/1 1663/11/1 1668/11/1
f 1670/4/1 1665/4/1 1664/4/1
f 1671/4/1 1665/4/1 1670/4/1
f 1672/4/1 1667/4/1 1666/4/1
f 1673/4/1 1667/4/1 1672/4/1
f 1674/9/1 1669/9/1 1668/9/1
f 1675/9/1 1669/9/1 1674/9/1
f 1680/5/1 1677/5/1 1676/5/1
f 1681/5/1 1677/5/1 1680/5/1
f 1682/5/1 1679/5/1 1678/5/1
f 1683/5/1 1679/5/1 1682/5/1
f 1684/8/1 1681/8/1 1680/8/1
f 1685/8/1 1681/8/1 1684/8/1
f 1686/4/1 1683/4/1 1682/4/1
f 1687/4/1 1683/4/1 1686/4/1
f 1690/7/1 1689/7/1 1688/7/1
f 1691/7/1 1689/7/1 1690/7/1
f 1694/5/1 1693/5/1 1692/5/1
f 1695/5/1 1693/5/1 1694/5/1
f 1696/4/1 1695/4/1 1694/4/1
f 1697/4/1 1695/4/1 1696/4/1
f 1700/7/1 1699/7/1 1698/7/1
f 1701/7/1 1699/7/1 1700/7/1
f 1702/7/1 1699/7/1 1701/7/1
f 1705/7/1 1704/7/1 1703/7/1
f 1706/7/1 1704/7/1 1705/7/1
f 1709/7/1 1708/7/1 1707/7/1
f 1710/7/1 1708/7/1 1709/7/1
f 1713/5/1 1712/5/1 1711/5/1
f 1714/5/1 1712/5/1 1713/5/1
f 1715/4/1 1714/4/1 1713/4/1
f 1716/4/1 1714/4/1 1715/4/1
f 1719/7/1 1718/7/1 1717/7/1
f 1720/7/1 1718/7/1 1719/7/1
f 1723/7/1 1722/7/1 1721/7/1
f 1724/7/1 1722/7/1 1723/7/1
f 1727/5/1 1726/5/1 1725/5/1
f 1728/5/1 1726/5/1 1727/5/1
f 1729/4/1 1728/4/1 1727/4/1
f 1730/4/1 1728/4/1 1729/4/1
f 1733/7/1 1732/7/1 1731/7/1
f 1734/7/1 1732/7/1 1733/7/1
f 1737/7/1 1736/7/1 1735/7/1
f 1738/7/1 1736/7/1 1737/7/1
f 1741/5/1 1740/5/1 1739/5/1
f 1742/5/1 1740/5/1 1741/5/1
f 1743/4/1 1742/4/1 1741/4/1
f 1744/4/1 1742/4/1 1743/4/1
f 1747/7/1 1746/7/1 1745/7/1
f 1748/7/1 1746/7/1 1747/7/1
f 1751/5/1 1750/5/1 1749/5/1
f 1752/5/1 1750/5/1 1751/5/1
f 1753/4/1 1752/4/1 1751/4/1
f 1754/4/1 1752/4/1 1753/4/1
f 1757/7/1 1756/7/1 1755/7/1
f 1758/7/1 1756/7/1 1757/7/1
f 1761/7/1 1760/7/1 1759/7/1
f 1762/7/1 1760/7/1 1761/7/1
f 1765/5/1 1764/5/1 1763/5/1
f 1766/5/1 1764/5/1 1765/5/1
f 1767/7/1 1766/7/1 1765/7/1
f 1768/7/1 1766/7/1 1767/7/1
f 1773/5/1 1770/5/1 1769/5/1
f 1774/5/1 1770/5/1 1773/5/1
f 1775/4/1 1772/4/1 1771/4/1
f 1776/4/1 1772/4/1 1775/4/1
f 1777/7/1 1774/7/1 1773/7/1
f 1778/7/1 1774/7/1 1777/7/1
f 1781/5/1 1780/5/1 1779/5/1
f 1782/5/1 1780/5/1 1781/5/1
f 1783/7/1 1782/7/1 1781/7/1
f 1784/7/1 1782/7/1 1783/7/1
f 1787/4/1 1786/4/1 1785/4/1
f 1788/4/1 1786/4/1 1787/4/1
f 1791/4/1 1790/4/1 1789/4/1
f 1792/4/1 1790/4/1 1791/4/1
f 1795/4/1 1794/4/1 1793/4/1
f 1796/4/1 1794/4/1 1795/4/1
f 1799/7/1 1798/7/1 1797/7/1
f 1800/7/1 1798/7/1 1799/7/1
f 1803/7/1 1802/7/1 1801/7/1
f 1804/7/1 1802/7/1 1803/7/1
f 1805/7/1 1802/7/1 1804/7/1
f 1808/7/1 1807/7/1 1806/7/1
f 1809/7/1 1807/7/1 1808/7/1
f 1812/7/1 1811/7/1 1810/7/1
f 1813/7/1 1811/7/1 1812/7/1
f 1816/4/1 1815/4/1 1814/4/1
f 1817/4/1 1815/4/1 1816/4/1
f 1820/4/1 1819/4/1 1818/4/1
f 1821/4/1 1819/4/1 1820/4/1
f 1824/7/1 1823/7/1 1822/7/1
f 1825/7/1 1823/7/1 1824/7/1
f 1828/7/1 1827/7/1 1826/7/1
f 1829/7/1 1827/7/1 1828/7/1
f 1832/13/1 1831/13/1 1830/13/1
f 1833/13/1 1831/13/1 1832/13/1
f 1836/7/1 1835/7/1 1834/7/1
f 1837/7/1 1835/7/1 1836/7/1
f 1840/4/1 1839/4/1 1838/4/1
f 1841/4/1 1839/4/1 1840/4/1
f 1844/13/1 1843/13/1 1842/13/1
f 1845/13/1 1843/13/1 1844/13/1
f 1848/7/1 1847/7/1 1846/7/1
f 1849/7/1 1847/7/1 1848/7/1
f 1852/4/1 1851/4/1 1850/4/1
f 1853/4/1 1851/4/1 1852/4/1
f 1860/5/1 1855/5/1 1854/5/1
f 1861/5/1 1855/5/1 1860/5/1
f 1862/4/1 1857/4/1 1856/4/1
f 1863/4/1 1857/4/1 1862/4/1
f 1864/4/1 1859/4/1 1858/4/1
f 1865/4/1 1859/4/1 1864/4/1
f 1866/4/1 1861/4/1 1860/4/1
f 1867/4/1 1861/4/1 1866/4/1
f 1870/4/1 1869/4/1 1868/4/1
f 1871/4/1 1869/4/1 1870/4/1
f 1874/4/1 1873/4/1 1872/4/1
f 1875/4/1 1873/4/1 1874/4/1
f 1880/5/1 1877/5/1 1876/5/1
f 1881/5/1 1877/5/1 1880/5/1
f 1882/4/1 1879/4/1 1878/4/1
f 1883/4/1 1879/4/1 1882/4/1
f 1884/4/1 1881/4/1 1880/4/1
f 1885/4/1 1881/4/1 1884/4/1
f 1888/7/1 1887/7/1 1886/7/1
f 1889/7/1 1887/7/1 1888/7/1
f 1892/5/1 1891/5/1 1890/5/1
f 1893/5/1 1891/5/1 1892/5/1
f 1894/7/1 1893/7/1 1892/7/1
f 1895/7/1 1893/7/1 1894/7/1
f 1900/5/1 1899/5/1 1898/5/1
f 1901/5/1 1899/5/1 1900/5/1
f 1904/5/1 1897/5/1 1896/5/1
f 1905/5/1 1897/5/1 1904/5/1
f 1906/5/1 1900/5/1 1898/5/1
f 1907/7/1 1901/7/1 1900/7/1
f 1907/5/1 1900/5/1 1906/5/1
f 1908/7/1 1901/7/1 1907/7/1
f 1909/8/1 1903/8/1 1902/8/1
f 1910/8/1 1903/8/1 1909/8/1
f 1911/4/1 1905/4/1 1904/4/1
f 1912/4/1 1905/4/1 1911/4/1
f 1913/7/1 1907/7/1 1906/7/1
f 1914/7/1 1907/7/1 1913/7/1
f 1919/8/1 1916/8/1 1915/8/1
f 1920/8/1 1916/8/1 1919/8/1
f 1921/4/1 1918/4/1 1917/4/1
f 1922/4/1 1918/4/1 1921/4/1
f 1925/7/1 1924/7/1 1923/7/1
f 1926/7/1 1924/7/1 1925/7/1
f 1929/8/1 1928/8/1 1927/8/1
f 1930/8/1 1928/8/1 1929/8/1
f 1933/7/1 1932/7/1 1931/7/1
f 1934/7/1 1932/7/1 1933/7/1
f 1937/5/1 1936/5/1 1935/5/1
f 1938/5/1 1936/5/1 1937/5/1
f 1939/4/1 1938/4/1 1937/4/1
f 1940/4/1 1938/4/1 1939/4/1
f 1943/7/1 1942/7/1 1941/7/1
f 1944/7/1 1942/7/1 1943/7/1
f 1947/7/1 1946/7/1 1945/7/1
f 1948/7/1 1946/7/1 1947/7/1
f 1951/7/1 1950/7/1 1949/7/1
f 1952/7/1 1950/7/1 1951/7/1
f 1953/7/1 1950/7/1 1952/7/1
f 1962/5/1 1955/5/1 1954/5/1
f 1963/5/1 1955/5/1 1962/5/1
f 1964/8/1 1957/8/1 1956/8/1
f 1965/8/1 1957/8/1 1964/8/1
f 1966/4/1 1959/4/1 1958/4/1
f 1967/4/1 1959/4/1 1966/4/1
f 1968/8/1 1961/8/1 1960/8/1
f 1969/8/1 1961/8/1 1968/8/1
f 1970/4/1 1963/4/1 1962/4/1
f 1971/4/1 1963/4/1 1970/4/1
f 1976/5/1 1973/5/1 1972/5/1
f 1977/5/1 1973/5/1 1976/5/1
f 1978/8/1 1975/8/1 1974/8/1
f 1979/8/1 1975/8/1 1978/8/1
f 1980/4/1 1977/4/1 1976/4/1
f 1981/4/1 1977/4/1 1980/4/1
f 1984/10/1 1983/10/1 1982/10/1
f 1985/10/1 1983/10/1 1984/10/1
f 1988/8/1 1987/8/1 1986/8/1
f 1989/8/1 1987/8/1 1988/8/1
f 1992/8/1 1991/8/1 1990/8/1
f 1993/8/1 1991/8/1 1992/8/1
f 1996/4/1 1995/4/1 1994/4/1
f 1997/4/1 1995/4/1 1996/4/1
f 2002/5/1 1999/5/1 1998/5/1
f 2003/5/1 1999/5/1 2002/5/1
f 2004/8/1 2001/8/1 2000/8/1
f 2005/8/1 2001/8/1 2004/8/1
f 2006/4/1 2003/4/1 2002/4/1
f 2007/4/1 2003/4/1 2006/4/1
f 2010/8/1 2009/8/1 2008/8/1
f 2011/8/1 2009/8/1 2010/8/1
f 2016/8/1 2013/8/1 2012/8/1
f 2017/8/1 2013/8/1 2016/8/1
f 2018/8/1 2015/8/1 2014/8/1
f 2019/8/1 2015/8/1 2018/8/1
f 2022/7/1 2021/7/1 2020/7/1
f 2023/7/1 2021/7/1 2022/7/1
f 2026/5/1 2025/5/1 2024/5/1
f 2027/5/1 2025/5/1 2026/5/1
f 2028/4/1 2027/4/1 2026/4/1
f 2029/4/1 2027/4/1 2028/4/1
f 2032/7/1 2031/7/1 2030/7/1
f 2033/7/1 2031/7/1 2032/7/1
f 2036/5/1 2035/5/1 2034/5/1
f 2037/5/1 2035/5/1 2036/5/1
f 2040/5/1 2036/5/1 2034/5/1
f 2041/7/1 2037/7/1 2036/7/1
f 2041/5/1 2036/5/1 2040/5/1
f 2042/7/1 2037/7/1 2041/7/1
f 2043/8/1 2039/8/1 2038/8/1
f 2044/8/1 2039/8/1 2043/8/1
f 2045/7/1 2041/7/1 2040/7/1
f 2046/7/1 2041/7/1 2045/7/1
f 2049/7/1 2048/7/1 2047/7/1
f 2050/7/1 2048/7/1 2049/7/1
f 2059/5/1 2052/5/1 2051/5/1
f 2060/5/1 2052/5/1 2059/5/1
f 2061/8/1 2054/8/1 2053/8/1
f 2062/8/1 2054/8/1 2061/8/1
f 2063/4/1 2056/4/1 2055/4/1
f 2064/4/1 2056/4/1 2063/4/1
f 2065/8/1 2058/8/1 2057/8/1
f 2066/8/1 2058/8/1 2065/8/1
f 2067/7/1 2060/7/1 2059/7/1
f 2068/7/1 2060/7/1 2067/7/1
f 2071/7/1 2070/7/1 2069/7/1
f 2072/7/1 2070/7/1 2071/7/1
f 2079/5/1 2074/5/1 2073/5/1
f 2080/5/1 2074/5/1 2079/5/1
f 2081/5/1 2076/5/1 2075/5/1
f 2082/5/1 2076/5/1 2081/5/1
f 2083/8/1 2078/8/1 2077/8/1
f 2084/8/1 2078/8/1 2083/8/1
f 2085/7/1 2080/7/1 2079/7/1
f 2086/7/1 2080/7/1 2085/7/1
f 2087/7/1 2082/7/1 2081/7/1
f 2088/7/1 2082/7/1 2087/7/1
f 2091/7/1 2090/7/1 2089/7/1
f 2092/7/1 2090/7/1 2091/7/1
f 2099/5/1 2094/5/1 2093/5/1
f 2100/5/1 2094/5/1 2099/5/1
f 2101/8/1 2096/8/1 2095/8/1
f 2102/8/1 2096/8/1 2101/8/1
f 2103/8/1 2098/8/1 2097/8/1
f 2104/8/1 2098/8/1 2103/8/1
f 2105/4/1 2100/4/1 2099/4/1
f 2106/4/1 2100/4/1 2105/4/1
f 2113/5/1 2108/5/1 2107/5/1
f 2114/5/1 2108/5/1 2113/5/1
f 2115/8/1 2110/8/1 2109/8/1
f 2116/8/1 2110/8/1 2115/8/1
f 2117/8/1 2112/8/1 2111/8/1
f 2118/8/1 2112/8/1 2117/8/1
f 2119/7/1 2114/7/1 2113/7/1
f 2120/7/1 2114/7/1 2119/7/1
f 2123/8/1 2122/8/1 2121/8/1
f 2124/8/1 2122/8/1 2123/8/1
f 2133/5/1 2126/5/1 2125/5/1
f 2134/5/1 2126/5/1 2133/5/1
f 2135/8/1 2128/8/1 2127/8/1
f 2136/8/1 2128/8/1 2135/8/1
f 2137/8/1 2130/8/1 2129/8/1
f 2138/8/1 2130/8/1 2137/8/1
f 2139/4/1 2132/4/1 2131/4/1
f 2140/4/1 2132/4/1 2139/4/1
f 2141/4/1 2134/4/1 2133/4/1
f 2142/4/1 2134/4/1 2141/4/1
f 2145/8/1 2144/8/1 2143/8/1
f 2146/8/1 2144/8/1 2145/8/1
f 2153/8/1 2148/8/1 2147/8/1
f 2154/8/1 2148/8/1 2153/8/1
f 2155/8/1 2150/8/1 2149/8/1
f 2156/8/1 2150/8/1 2155/8/1
f 2157/8/1 2152/8/1 2151/8/1
f 2158/8/1 2152/8/1 2157/8/1
f 2161/8/1 2160/8/1 2159/8/1
f 2162/8/1 2160/8/1 2161/8/1
f 2165/7/1 2164/7/1 2163/7/1
f 2166/7/1 2164/7/1 2165/7/1
f 2171/8/1 2168/8/1 2167/8/1
f 2172/8/1 2168/8/1 2171/8/1
f 2173/8/1 2170/8/1 2169/8/1
f 2174/8/1 2170/8/1 2173/8/1
f 2177/8/1 2176/8/1 2175/8/1
f 2178/8/1 2176/8/1 2177/8/1
f 2185/5/1 2180/5/1 2179/5/1
f 2186/5/1 2180/5/1 2185/5/1
f 2187/8/1 2182/8/1 2181/8/1
f 2188/8/1 2182/8/1 2187/8/1
f 2189/8/1 2184/8/1 2183/8/1
f 2190/8/1 2184/8/1 2189/8/1
f 2191/4/1 2186/4/1 2185/4/1
f 2192/4/1 2186/4/1 2191/4/1
f 2197/8/1 2194/8/1 2193/8/1
f 2198/8/1 2194/8/1 2197/8/1
f 2199/8/1 2196/8/1 2195/8/1
f 2200/8/1 2196/8/1 2199/8/1
f 2205/8/1 2202/8/1 2201/8/1
f 2206/8/1 2202/8/1 2205/8/1
f 2207/8/1 2204/8/1 2203/8/1
f 2208/8/1 2204/8/1 2207/8/1
f 2215/5/1 2210/5/1 2209/5/1
f 2216/5/1 2210/5/1 2215/5/1
f 2217/8/1 2212/8/1 2211/8/1
f 2218/8/1 2212/8/1 2217/8/1
f 2219/8/1 2214/8/1 2213/8/1
f 2220/8/1 2214/8/1 2219/8/1
f 2221/4/1 2216/4/1 2215/4/1
f 2222/4/1 2216/4/1 2221/4/1
f 2225/13/1 2224/13/1 2223/13/1
f 2226/13/1 2224/13/1 2225/13/1
f 2231/8/1 2228/8/1 2227/8/1
f 2232/8/1 2228/8/1 2231/8/1
f 2233/8/1 2230/8/1 2229/8/1
f 2234/8/1 2230/8/1 2233/8/1
f 2237/8/1 2236/8/1 2235/8/1
f 2238/8/1 2236/8/1 2237/8/1
f 2241/13/1 2240/13/1 2239/13/1
f 2242/13/1 2240/13/1 2241/13/1
f 2245/8/1 2244/8/1 2243/8/1
f 2246/8/1 2244/8/1 2245/8/1
f 2253/5/1 2252/5/1 2251/5/1
f 2254/5/1 2252/5/1 2253/5/1
f 2255/5/1 2248/5/1 2247/5/1
f 2256/5/1 2248/5/1 2255/5/1
f 2257/5/1 2250/5/1 2249/5/1
f 2258/5/1 2250/5/1 2257/5/1
f 2259/5/1 2253/5/1 2251/5/1
f 2260/7/1 2254/7/1 2253/7/1
f 2260/5/1 2253/5/1 2259/5/1
f 2261/7/1 2254/7/1 2260/7/1
f 2262/4/1 2256/4/1 2255/4/1
f 2263/4/1 2256/4/1 2262/4/1
f 2264/7/1 2258/7/1 2257/7/1
f 2265/7/1 2258/7/1 2264/7/1
f 2266/7/1 2260/7/1 2259/7/1
f 2267/7/1 2260/7/1 2266/7/1
f 2272/5/1 2269/5/1 2268/5/1
f 2273/5/1 2269/5/1 2272/5/1
f 2274/8/1 2271/8/1 2270/8/1
f 2275/8/1 2271/8/1 2274/8/1
f 2276/7/1 2273/7/1 2272/7/1
f 2277/7/1 2273/7/1 2276/7/1
f 2280/5/1 2279/5/1 2278/5/1
f 2281/5/1 2279/5/1 2280/5/1
f 2282/7/1 2281/7/1 2280/7/1
f 2283/7/1 2281/7/1 2282/7/1
f 2288/5/1 2285/5/1 2284/5/1
f 2289/5/1 2285/5/1 2288/5/1
f 2290/8/1 2287/8/1 2286/8/1
f 2291/8/1 2287/8/1 2290/8/1
f 2292/7/1 2289/7/1 2288/7/1
f 2293/7/1 2289/7/1 2292/7/1
f 2296/8/1 2295/8/1 2294/8/1
f 2297/8/1 2295/8/1 2296/8/1
f 2300/4/1 2299/4/1 2298/4/1
f 2301/4/1 2299/4/1 2300/4/1
f 2306/8/1 2303/8/1 2302/8/1
f 2307/8/1 2303/8/1 2306/8/1
f 2308/4/1 2305/4/1 2304/4/1
f 2309/4/1 2305/4/1 2308/4/1
f 2314/8/1 2311/8/1 2310/8/1
f 2315/8/1 2311/8/1 2314/8/1
f 2316/4/1 2313/4/1 2312/4/1
f 2317/4/1 2313/4/1 2316/4/1
f 2322/9/1 2319/9/1 2318/9/1
f 2323/9/1 2319/9/1 2322/9/1
f 2324/7/1 2321/7/1 2320/7/1
f 2325/7/1 2321/7/1 2324/7/1
f 2328/8/1 2327/8/1 2326/8/1
f 2329/8/1 2327/8/1 2328/8/1
f 2334/8/1 2331/8/1 2330/8/1
f 2335/8/1 2331/8/1 2334/8/1
f 2336/4/1 2333/4/1 2332/4/1
f 2337/4/1 2333/4/1 2336/4/1
f 2340/11/1 2339/11/1 2338/11/1
f 2341/11/1 2339/11/1 2340/11/1
f 2342/9/1 2341/9/1 2340/9/1
f 2343/9/1 2341/9/1 2342/9/1
f 2346/9/1 2345/9/1 2344/9/1
f 2347/9/1 2345/9/1 2346/9/1
f 2350/5/1 2349/5/1 2348/5/1
f 2351/5/1 2349/5/1 2350/5/1
f 2354/5/1 2350/5/1 2348/5/1
f 2355/7/1 2351/7/1 2350/7/1
f 2355/5/1 2350/5/1 2354/5/1
f 2356/7/1 2351/7/1 2355/7/1
f 2357/8/1 2353/8/1 2352/8/1
f 2358/8/1 2353/8/1 2357/8/1
f 2359/7/1 2355/7/1 2354/7/1
f 2360/7/1 2355/7/1 2359/7/1
f 2363/7/1 2362/7/1 2361/7/1
f 2364/7/1 2362/7/1 2363/7/1
f 2367/8/1 2366/8/1 2365/8/1
f 2368/8/1 2366/8/1 2367/8/1
f 2371/7/1 2370/7/1 2369/7/1
f 2372/7/1 2370/7/1 2371/7/1
f 2377/5/1 2374/5/1 2373/5/1
f 2378/5/1 2374/5/1 2377/5/1
f 2379/4/1 2376/4/1 2375/4/1
f 2380/4/1 2376/4/1 2379/4/1
f 2381/4/1 2378/4/1 2377/4/1
f 2382/4/1 2378/4/1 2381/4/1
f 2385/7/1 2384/7/1 2383/7/1
f 2386/7/1 2384/7/1 2385/7/1
f 2393/11/1 2388/11/1 2387/11/1
f 2394/11/1 2388/11/1 2393/11/1
f 2399/5/1 2390/5/1 2389/5/1
f 2400/5/1 2390/5/1 2399/5/1
f 2401/5/1 2392/5/1 2391/5/1
f 2402/5/1 2392/5/1 2401/5/1
f 2403/9/1 2394/9/1 2393/9/1
f 2404/9/1 2394/9/1 2403/9/1
f 2405/8/1 2396/8/1 2395/8/1
f 2406/8/1 2396/8/1 2405/8/1
f 2407/4/1 2398/4/1 2397/4/1
f 2408/4/1 2398/4/1 2407/4/1
f 2409/4/1 2400/4/1 2399/4/1
f 2410/4/1 2400/4/1 2409/4/1
f 2411/4/1 2402/4/1 2401/4/1
f 2412/4/1 2402/4/1 2411/4/1
f 2417/11/1 2414/11/1 2413/11/1
f 2418/11/1 2414/11/1 2417/11/1
f 2419/5/1 2416/5/1 2415/5/1
f 2420/5/1 2416/5/1 2419/5/1
f 2421/9/1 2418/9/1 2417/9/1
f 2422/9/1 2418/9/1 2421/9/1
f 2423/4/1 2420/4/1 2419/4/1
f 2424/4/1 2420/4/1 2423/4/1
f 2428/9/1 2426/9/1 2425/9/1
f 2429/13/1 2427/13/1 2426/13/1
f 2429/9/1 2426/9/1 2428/9/1
f 2430/13/1 2427/13/1 2429/13/1
f 2431/4/2 2432/4/2 2433/4/2
f 2433/4/2 2432/4/2 2434/4/2
f 2435/4/2 2436/4/2 2437/4/2
f 2437/4/2 2436/4/2 2438/4/2
f 2439/5/2 2440/5/2 2441/5/2
f 2441/5/2 2440/5/2 2442/5/2
f 2441/7/2 2442/7/2 2443/7/2
f 2443/7/2 2442/7/2 2444/7/2
f 2445/4/2 2446/4/2 2447/4/2
f 2447/4/2 2446/4/2 2448/4/2
f 2449/5/2 2450/5/2 2451/5/2
f 2451/5/2 2450/5/2 2452/5/2
f 2451/7/2 2452/7/2 2453/7/2
f 2453/7/2 2452/7/2 2454/7/2
f 2455/5/2 2456/5/2 2457/5/2
f 2457/5/2 2456/5/2 2458/5/2
f 2457/7/2 2458/7/2 2459/7/2
f 2459/7/2 2458/7/2 2460/7/2
f 2461/5/2 2462/5/2 2463/5/2
f 2463/5/2 2462/5/2 2464/5/2
f 2463/7/2 2464/7/2 2465/7/2
f 2465/7/2 2464/7/2 2466/7/2
f 2467/5/2 2468/5/2 2469/5/2
f 2469/5/2 2468/5/2 2470/5/2
f 2469/7/2 2470/7/2 2471/7/2
f 2471/7/2 2470/7/2 2472/7/2
f 2473/5/2 2474/5/2 2475/5/2
f 2475/5/2 2474/5/2 2476/5/2
f 2475/7/2 2476/7/2 2477/7/2
f 2477/7/2 2476/7/2 2478/7/2
f 2479/5/2 2480/5/2 2481/5/2
f 2481/5/2 2480/5/2 2482/5/2
f 2481/7/2 2482/7/2 2483/7/2
f 2483/7/2 2482/7/2 2484/7/2
f 2485/5/2 2486/5/2 2487/5/2
f 2487/5/2 2486/5/2 2488/5/2
f 2487/7/2 2488/7/2 2489/7/2
f 2489/7/2 2488/7/2 2490/7/2
f 2491/4/2 2492/4/2 2493/4/2
f 2493/4/2 2492/4/2 2494/4/2
f 2495/4/2 2496/4/2 2497/4/2
f 2497/4/2 2496/4/2 2498/4/2
f 2499/4/2 2500/4/2 2501/4/2
f 2501/4/2 2500/4/2 2502/4/2
f 2503/4/2 2504/4/2 2505/4/2
f 2505/4/2 2504/4/2 2506/4/2
f 2507/4/2 2508/4/2 2509/4/2
f 2509/4/2 2508/4/2 2510/4/2
f 2511/4/2 2512/4/2 2515/4/2
f 2515/4/2 2512/4/2 2516/4/2
f 2513/4/2 2514/4/2 2517/4/2
f 2517/4/2 2514/4/2 2518/4/2
f 2519/4/2 2520/4/2 2523/4/2
f 2523/4/2 2520/4/2 2524/4/2
f 2521/4/2 2522/4/2 2525/4/2
f 2525/4/2 2522/4/2 2526/4/2
f 2527/7/2 2528/7/2 2529/7/2
f 2529/7/2 2528/7/2 2530/7/2
f 2530/7/2 2528/7/2 2531/7/2
f 2531/7/2 2528/7/2 2532/7/2
f 2533/4/2 2534/4/2 2537/4/2
f 2537/4/2 2534/4/2 2538/4/2
f 2535/4/2 2536/4/2 2539/4/2
f 2539/4/2 2536/4/2 2540/4/2
f 2541/7/2 2542/7/2 2544/7/2
f 2543/7/2 2544/7/2 2545/7/2
f 2544/7/2 2542/7/2 2546/7/2
f 2545/7/2 2544/7/2 2546/7/2
f 2547/7/2 2548/7/2 2549/7/2
f 2547/7/2 2549/7/2 2555/7/2
f 2549/7/2 2550/7/2 2555/7/2
f 2555/7/2 2550/7/2 2556/7/2
f 2551/4/2 2552/4/2 2557/4/2
f 2557/4/2 2552/4/2 2558/4/2
f 2553/4/2 2554/4/2 2559/4/2
f 2559/4/2 2554/4/2 2560/4/2
f 2561/7/2 2562/7/2 2567/7/2
f 2567/7/2 2562/7/2 2568/7/2
f 2563/4/2 2564/4/2 2569/4/2
f 2569/4/2 2564/4/2 2570/4/2
f 2565/4/2 2566/4/2 2571/4/2
f 2571/4/2 2566/4/2 2572/4/2
f 2573/4/2 2574/4/2 2577/4/2
f 2577/4/2 2574/4/2 2578/4/2
f 2575/4/2 2576/4/2 2579/4/2
f 2579/4/2 2576/4/2 2580/4/2
f 2581/4/2 2582/4/2 2585/4/2
f 2585/4/2 2582/4/2 2586/4/2
f 2583/4/2 2584/4/2 2587/4/2
f 2587/4/2 2584/4/2 2588/4/2
f 2589/11/2 2590/11/2 2595/11/2
f 2595/11/2 2590/11/2 2596/11/2
f 2591/4/2 2592/4/2 2597/4/2
f 2597/4/2 2592/4/2 2598/4/2
f 2593/4/2 2594/4/2 2599/4/2
f 2599/4/2 2594/4/2 2600/4/2
f 2595/8/2 2596/8/2 2601/8/2
f 2601/8/2 2596/8/2 2602/8/2
f 2603/11/2 2604/11/2 2607/11/2
f 2607/11/2 2604/11/2 2608/11/2
f 2605/11/2 2606/11/2 2609/11/2
f 2609/11/2 2606/11/2 2610/11/2
f 2607/8/2 2608/8/2 2611/8/2
f 2611/8/2 2608/8/2 2612/8/2
f 2609/8/2 2610/8/2 2613/8/2
f 2613/8/2 2610/8/2 2614/8/2
f 2615/11/2 2616/11/2 2621/11/2
f 2621/11/2 2616/11/2 2622/11/2
f 2617/11/2 2618/11/2 2623/11/2
f 2623/11/2 2618/11/2 2624/11/2
f 2619/4/2 2620/4/2 2625/4/2
f 2625/4/2 2620/4/2 2626/4/2
f 2621/8/2 2622/8/2 2627/8/2
f 2627/8/2 2622/8/2 2628/8/2
f 2623/8/2 2624/8/2 2629/8/2
f 2629/8/2 2624/8/2 2630/8/2
f 2631/11/2 2632/11/2 2635/11/2
f 2635/11/2 2632/11/2 2636/11/2
f 2633/11/2 2634/11/2 2637/11/2
f 2637/11/2 2634/11/2 2638/11/2
f 2635/8/2 2636/8/2 2639/8/2
f 2639/8/2 2636/8/2 2640/8/2
f 2637/8/2 2638/8/2 2641/8/2
f 2641/8/2 2638/8/2 2642/8/2
f 2643/11/2 2644/11/2 2649/11/2
f 2649/11/2 2644/11/2 2650/11/2
f 2645/11/2 2646/11/2 2651/11/2
f 2651/11/2 2646/11/2 2652/11/2
f 2647/4/2 2648/4/2 2653/4/2
f 2653/4/2 2648/4/2 2654/4/2
f 2649/8/2 2650/8/2 2655/8/2
f 2655/8/2 2650/8/2 2656/8/2
f 2651/8/2 2652/8/2 2657/8/2
f 2657/8/2 2652/8/2 2658/8/2
f 2659/11/2 2660/11/2 2665/11/2
f 2665/11/2 2660/11/2 2666/11/2
f 2661/11/2 2662/11/2 2667/11/2
f 2667/11/2 2662/11/2 2668/11/2
f 2663/4/2 2664/4/2 2669/4/2
f 2669/4/2 2664/4/2 2670/4/2
f 2665/8/2 2666/8/2 2671/8/2
f 2671/8/2 2666/8/2 2672/8/2
f 2667/8/2 2668/8/2 2673/8/2
f 2673/8/2 2668/8/2 2674/8/2
f 2675/11/2 2676/11/2 2679/11/2
f 2679/11/2 2676/11/2 2680/11/2
f 2677/11/2 2678/11/2 2681/11/2
f 2681/11/2 2678/11/2 2682/11/2
f 2679/8/2 2680/8/2 2683/8/2
f 2683/8/2 2680/8/2 2684/8/2
f 2681/8/2 2682/8/2 2685/8/2
f 2685/8/2 2682/8/2 2686/8/2
f 2687/7/2 2688/7/2 2689/7/2
f 2689/7/2 2688/7/2 2690/7/2
f 2691/11/2 2692/11/2 2697/11/2
f 2697/11/2 2692/11/2 2698/11/2
f 2693/11/2 2694/11/2 2699/11/2
f 2699/11/2 2694/11/2 2700/11/2
f 2695/4/2 2696/4/2 2701/4/2
f 2701/4/2 2696/4/2 2702/4/2
f 2697/8/2 2698/8/2 2703/8/2
f 2703/8/2 2698/8/2 2704/8/2
f 2699/8/2 2700/8/2 2705/8/2
f 2705/8/2 2700/8/2 2706/8/2
f 2707/11/2 2708/11/2 2713/11/2
f 2713/11/2 2708/11/2 2714/11/2
f 2709/11/2 2710/11/2 2715/11/2
f 2715/11/2 2710/11/2 2716/11/2
f 2711/4/2 2712/4/2 2717/4/2
f 2717/4/2 2712/4/2 2718/4/2
f 2713/8/2 2714/8/2 2719/8/2
f 2719/8/2 2714/8/2 2720/8/2
f 2715/8/2 2716/8/2 2721/8/2
f 2721/8/2 2716/8/2 2722/8/2
f 2723/7/2 2724/7/2 2725/7/2
f 2725/7/2 2724/7/2 2726/7/2
f 2727/11/2 2728/11/2 2731/11/2
f 2731/11/2 2728/11/2 2732/11/2
f 2729/11/2 2730/11/2 2733/11/2
f 2733/11/2 2730/11/2 2734/11/2
f 2731/8/2 2732/8/2 2735/8/2
f 2735/8/2 2732/8/2 2736/8/2
f 2733/8/2 2734/8/2 2737/8/2
f 2737/8/2 2734/8/2 2738/8/2
f 2739/7/2 2740/7/2 2741/7/2
f 2741/7/2 2740/7/2 2742/7/2
f 2743/11/2 2744/11/2 2749/11/2
f 2749/11/2 2744/11/2 2750/11/2
f 2745/11/2 2746/11/2 2751/11/2
f 2751/11/2 2746/11/2 2752/11/2
f 2747/4/2 2748/4/2 2753/4/2
f 2753/4/2 2748/4/2 2754/4/2
f 2749/8/2 2750/8/2 2755/8/2
f 2755/8/2 2750/8/2 2756/8/2
f 2751/8/2 2752/8/2 2757/8/2
f 2757/8/2 2752/8/2 2758/8/2
f 2759/7/2 2760/7/2 2761/7/2
f 2761/7/2 2760/7/2 2762/7/2
f 2763/11/2 2764/11/2 2769/11/2
f 2769/11/2 2764/11/2 2770/11/2
f 2765/11/2 2766/11/2 2771/11/2
f 2771/11/2 2766/11/2 2772/11/2
f 2767/9/2 2768/9/2 2773/9/2
f 2773/9/2 2768/9/2 2774/9/2
f 2769/8/2 2770/8/2 2775/8/2
f 2775/8/2 2770/8/2 2776/8/2
f 2771/8/2 2772/8/2 2777/8/2
f 2777/8/2 2772/8/2 2778/8/2
f 2779/7/2 2780/7/2 2781/7/2
f 2781/7/2 2780/7/2 2782/7/2
f 2783/7/2 2784/7/2 2785/7/2
f 2785/7/2 2784/7/2 2786/7/2
f 2787/11/2 2788/11/2 2797/11/2
f 2797/11/2 2788/11/2 2798/11/2
f 2789/11/2 2790/11/2 2799/11/2
f 2799/11/2 2790/11/2 2800/11/2
f 2791/4/2 2792/4/2 2801/4/2
f 2801/4/2 2792/4/2 2802/4/2
f 2793/9/2 2794/9/2 2803/9/2
f 2803/9/2 2794/9/2 2804/9/2
f 2795/7/2 2796/7/2 2805/7/2
f 2805/7/2 2796/7/2 2806/7/2
f 2797/8/2 2798/8/2 2807/8/2
f 2807/8/2 2798/8/2 2808/8/2
f 2799/8/2 2800/8/2 2809/8/2
f 2809/8/2 2800/8/2 2810/8/2
f 2811/7/2 2812/7/2 2813/7/2
f 2813/7/2 2812/7/2 2814/7/2
f 2815/7/2 2816/7/2 2819/7/2
f 2819/7/2 2816/7/2 2820/7/2
f 2817/11/2 2818/11/2 2824/11/2
f 2824/11/2 2818/11/2 2825/11/2
f 2820/7/2 2821/7/2 2826/7/2
f 2826/7/2 2821/7/2 2827/7/2
f 2822/7/2 2823/7/2 2828/7/2
f 2828/7/2 2823/7/2 2829/7/2
f 2824/8/2 2825/8/2 2830/8/2
f 2830/8/2 2825/8/2 2831/8/2
f 2832/11/2 2833/11/2 2836/11/2
f 2836/11/2 2833/11/2 2837/11/2
f 2834/11/2 2835/11/2 2838/11/2
f 2838/11/2 2835/11/2 2839/11/2
f 2836/8/2 2837/8/2 2840/8/2
f 2840/8/2 2837/8/2 2841/8/2
f 2838/8/2 2839/8/2 2842/8/2
f 2842/8/2 2839/8/2 2843/8/2
f 2844/11/2 2845/11/2 2850/11/2
f 2850/11/2 2845/11/2 2851/11/2
f 2846/11/2 2847/11/2 2852/11/2
f 2852/11/2 2847/11/2 2853/11/2
f 2848/4/2 2849/4/2 2854/4/2
f 2854/4/2 2849/4/2 2855/4/2
f 2850/8/2 2851/8/2 2856/8/2
f 2856/8/2 2851/8/2 2857/8/2
f 2852/8/2 2853/8/2 2858/8/2
f 2858/8/2 2853/8/2 2859/8/2
f 2860/11/2 2861/11/2 2864/11/2
f 2864/11/2 2861/11/2 2865/11/2
f 2862/7/2 2863/7/2 2866/7/2
f 2866/7/2 2863/7/2 2867/7/2
f 2864/8/2 2865/8/2 2868/8/2
f 2868/8/2 2865/8/2 2869/8/2
f 2870/11/2 2871/11/2 2874/11/2
f 2874/11/2 2871/11/2 2875/11/2
f 2872/4/2 2873/4/2 2876/4/2
f 2876/4/2 2873/4/2 2877/4/2
f 2874/8/2 2875/8/2 2878/8/2
f 2878/8/2 2875/8/2 2879/8/2
f 2880/11/2 2881/11/2 2884/11/2
f 2884/11/2 2881/11/2 2885/11/2
f 2882/11/2 2883/11/2 2886/11/2
f 2886/11/2 2883/11/2 2887/11/2
f 2884/9/2 2885/9/2 2888/9/2
f 2888/9/2 2885/9/2 2889/9/2
f 2886/8/2 2887/8/2 2890/8/2
f 2890/8/2 2887/8/2 2891/8/2
f 2892/11/2 2893/11/2 2894/11/2
f 2894/11/2 2893/11/2 2895/11/2
f 2894/9/2 2895/9/2 2896/9/2
f 2896/9/2 2895/9/2 2897/9/2
f 2898/11/2 2899/11/2 2906/11/2
f 2906/11/2 2899/11/2 2907/11/2
f 2900/11/2 2901/11/2 2908/11/2
f 2908/11/2 2901/11/2 2909/11/2
f 2902/11/2 2903/11/2 2910/11/2
f 2910/11/2 2903/11/2 2911/11/2
f 2904/4/2 2905/4/2 2912/4/2
f 2912/4/2 2905/4/2 2913/4/2
f 2906/9/2 2907/9/2 2914/9/2
f 2914/9/2 2907/9/2 2915/9/2
f 2908/8/2 2909/8/2 2916/8/2
f 2916/8/2 2909/8/2 2917/8/2
f 2910/8/2 2911/8/2 2918/8/2
f 2918/8/2 2911/8/2 2919/8/2
f 2920/11/2 2921/11/2 2924/11/2
f 2924/11/2 2921/11/2 2925/11/2
f 2922/11/2 2923/11/2 2926/11/2
f 2926/11/2 2923/11/2 2927/11/2
f 2924/9/2 2925/9/2 2928/9/2
f 2928/9/2 2925/9/2 2929/9/2
f 2926/8/2 2927/8/2 2930/8/2
f 2930/8/2 2927/8/2 2931/8/2
f 2932/4/2 2933/4/2 2934/4/2
f 2934/4/2 2933/4/2 2935/4/2
f 2936/5/2 2937/5/2 2940/5/2
f 2940/5/2 2937/5/2 2941/5/2
f 2938/11/2 2939/11/2 2942/11/2
f 2942/11/2 2939/11/2 2943/11/2
f 2940/8/2 2941/8/2 2944/8/2
f 2944/8/2 2941/8/2 2945/8/2
f 2942/8/2 2943/8/2 2946/8/2
f 2946/8/2 2943/8/2 2947/8/2
f 2948/4/2 2949/4/2 2950/4/2
f 2950/4/2 2949/4/2 2951/4/2
f 2952/11/2 2953/11/2 2954/11/2
f 2954/11/2 2953/11/2 2955/11/2
f 2954/8/2 2955/8/2 2956/8/2
f 2956/8/2 2955/8/2 2957/8/2
f 2958/11/2 2959/11/2 2962/11/2
f 2962/11/2 2959/11/2 2963/11/2
f 2960/11/2 2961/11/2 2964/11/2
f 2964/11/2 2961/11/2 2965/11/2
f 2962/14/2 2963/14/2 2966/14/2
f 2966/14/2 2963/14/2 2967/14/2
f 2964/8/2 2965/8/2 2968/8/2
f 2968/8/2 2965/8/2 2969/8/2
f 2970/4/2 2971/4/2 2972/4/2
f 2972/4/2 2971/4/2 2973/4/2
f 2974/11/2 2975/11/2 2978/11/2
f 2978/11/2 2975/11/2 2979/11/2
f 2976/11/2 2977/11/2 2980/11/2
f 2980/11/2 2977/11/2 2981/11/2
f 2978/8/2 2979/8/2 2982/8/2
f 2982/8/2 2979/8/2 2983/8/2
f 2980/8/2 2981/8/2 2984/8/2
f 2984/8/2 2981/8/2 2985/8/2
f 2986/11/2 2987/11/2 2988/11/2
f 2988/11/2 2987/11/2 2989/11/2
f 2988/14/2 2989/14/2 2990/14/2
f 2990/14/2 2989/14/2 2991/14/2
f 2992/11/2 2993/11/2 2994/11/2
f 2994/11/2 2993/11/2 2995/11/2
f 2994/8/2 2995/8/2 2996/8/2
f 2996/8/2 2995/8/2 2997/8/2
f 2998/11/2 2999/11/2 3000/11/2
f 3000/11/2 2999/11/2 3001/11/2
f 3000/14/2 3001/14/2 3002/14/2
f 3002/14/2 3001/14/2 3003/14/2
f 3004/11/2 3005/11/2 3006/11/2
f 3006/11/2 3005/11/2 3007/11/2
f 3006/14/2 3007/14/2 3008/14/2
f 3008/14/2 3007/14/2 3009/14/2
f 3010/11/2 3011/11/2 3018/11/2
f 3018/11/2 3011/11/2 3019/11/2
f 3012/11/2 3013/11/2 3020/11/2
f 3020/11/2 3013/11/2 3021/11/2
f 3014/11/2 3015/11/2 3022/11/2
f 3022/11/2 3015/11/2 3023/11/2
f 3016/11/2 3017/11/2 3024/11/2
f 3024/11/2 3017/11/2 3025/11/2
f 3018/7/2 3019/7/2 3026/7/2
f 3026/7/2 3019/7/2 3027/7/2
f 3020/14/2 3021/14/2 3028/14/2
f 3028/14/2 3021/14/2 3029/14/2
f 3022/14/2 3023/14/2 3030/14/2
f 3030/14/2 3023/14/2 3031/14/2
f 3024/14/2 3025/14/2 3032/14/2
f 3032/14/2 3025/14/2 3033/14/2
f 3034/11/2 3035/11/2 3036/11/2
f 3036/11/2 3035/11/2 3037/11/2
f 3036/14/2 3037/14/2 3038/14/2
f 3038/14/2 3037/14/2 3039/14/2
f 3040/11/2 3041/11/2 3046/11/2
f 3046/11/2 3041/11/2 3047/11/2
f 3042/11/2 3043/11/2 3048/11/2
f 3048/11/2 3043/11/2 3049/11/2
f 3044/11/2 3045/11/2 3050/11/2
f 3050/11/2 3045/11/2 3051/11/2
f 3046/14/2 3047/14/2 3052/14/2
f 3052/14/2 3047/14/2 3053/14/2
f 3048/14/2 3049/14/2 3054/14/2
f 3054/14/2 3049/14/2 3055/14/2
f 3050/14/2 3051/14/2 3056/14/2
f 3056/14/2 3051/14/2 3057/14/2
f 3058/11/2 3059/11/2 3066/11/2
f 3066/11/2 3059/11/2 3067/11/2
f 3060/11/2 3061/11/2 3068/11/2
f 3068/11/2 3061/11/2 3069/11/2
f 3062/11/2 3063/11/2 3070/11/2
f 3070/11/2 3063/11/2 3071/11/2
f 3064/11/2 3065/11/2 3072/11/2
f 3072/11/2 3065/11/2 3073/11/2
f 3066/7/2 3067/7/2 3074/7/2
f 3074/7/2 3067/7/2 3075/7/2
f 3068/14/2 3069/14/2 3076/14/2
f 3076/14/2 3069/14/2 3077/14/2
f 3070/14/2 3071/14/2 3078/14/2
f 3078/14/2 3071/14/2 3079/14/2
f 3072/14/2 3073/14/2 3080/14/2
f 3080/14/2 3073/14/2 3081/14/2
f 3082/11/2 3083/11/2 3084/11/2
f 3084/11/2 3083/11/2 3085/11/2
f 3084/14/2 3085/14/2 3086/14/2
f 3086/14/2 3085/14/2 3087/14/2
f 3088/11/2 3089/11/2 3092/11/2
f 3092/11/2 3089/11/2 3093/11/2
f 3090/11/2 3091/11/2 3094/11/2
f 3094/11/2 3091/11/2 3095/11/2
f 3092/7/2 3093/7/2 3096/7/2
f 3096/7/2 3093/7/2 3097/7/2
f 3094/14/2 3095/14/2 3098/14/2
f 3098/14/2 3095/14/2 3099/14/2
f 3100/11/2 3101/11/2 3104/11/2
f 3104/11/2 3101/11/2 3105/11/2
f 3102/11/2 3103/11/2 3106/11/2
f 3106/11/2 3103/11/2 3107/11/2
f 3104/8/2 3105/8/2 3108/8/2
f 3108/8/2 3105/8/2 3109/8/2
f 3106/14/2 3107/14/2 3110/14/2
f 3110/14/2 3107/14/2 3111/14/2
f 3112/11/2 3113/11/2 3116/11/2
f 3116/11/2 3113/11/2 3117/11/2
f 3114/11/2 3115/11/2 3118/11/2
f 3118/11/2 3115/11/2 3119/11/2
f 3116/8/2 3117/8/2 3120/8/2
f 3120/8/2 3117/8/2 3121/8/2
f 3118/14/2 3119/14/2 3122/14/2
f 3122/14/2 3119/14/2 3123/14/2
f 3124/7/2 3125/7/2 3126/7/2
f 3126/7/2 3125/7/2 3127/7/2
f 3128/11/2 3129/11/2 3132/11/2
f 3132/11/2 3129/11/2 3133/11/2
f 3130/11/2 3131/11/2 3134/11/2
f 3134/11/2 3131/11/2 3135/11/2
f 3132/7/2 3133/7/2 3136/7/2
f 3136/7/2 3133/7/2 3137/7/2
f 3134/14/2 3135/14/2 3138/14/2
f 3138/14/2 3135/14/2 3139/14/2
f 3140/11/2 3141/11/2 3144/11/2
f 3144/11/2 3141/11/2 3145/11/2
f 3142/5/2 3143/5/2 3146/5/2
f 3146/5/2 3143/5/2 3147/5/2
f 3144/7/2 3145/7/2 3148/7/2
f 3148/7/2 3145/7/2 3149/7/2
f 3146/8/2 3147/8/2 3150/8/2
f 3150/8/2 3147/8/2 3151/8/2
f 3152/11/2 3153/11/2 3156/11/2
f 3156/11/2 3153/11/2 3157/11/2
f 3154/11/2 3155/11/2 3158/11/2
f 3158/11/2 3155/11/2 3159/11/2
f 3156/14/2 3157/14/2 3160/14/2
f 3160/14/2 3157/14/2 3161/14/2
f 3158/14/2 3159/14/2 3162/14/2
f 3162/14/2 3159/14/2 3163/14/2
f 3164/11/2 3165/11/2 3168/11/2
f 3168/11/2 3165/11/2 3169/11/2
f 3166/5/2 3167/5/2 3170/5/2
f 3170/5/2 3167/5/2 3171/5/2
f 3168/7/2 3169/7/2 3172/7/2
f 3172/7/2 3169/7/2 3173/7/2
f 3170/8/2 3171/8/2 3174/8/2
f 3174/8/2 3171/8/2 3175/8/2
f 3176/11/2 3177/11/2 3180/11/2
f 3180/11/2 3177/11/2 3181/11/2
f 3178/11/2 3179/11/2 3182/11/2
f 3182/11/2 3179/11/2 3183/11/2
f 3180/7/2 3181/7/2 3184/7/2
f 3184/7/2 3181/7/2 3185/7/2
f 3182/14/2 3183/14/2 3186/14/2
f 3186/14/2 3183/14/2 3187/14/2
f 3188/11/2 3189/11/2 3190/11/2
f 3190/11/2 3189/11/2 3191/11/2
f 3190/7/2 3191/7/2 3192/7/2
f 3192/7/2 3191/7/2 3193/7/2
f 3194/7/2 3195/7/2 3196/7/2
f 3196/7/2 3195/7/2 3197/7/2
f 3198/11/2 3199/11/2 3200/11/2
f 3200/11/2 3199/11/2 3201/11/2
f 3200/7/2 3201/7/2 3202/7/2
f 3202/7/2 3201/7/2 3203/7/2
f 3204/11/2 3205/11/2 3208/11/2
f 3208/11/2 3205/11/2 3209/11/2
f 3206/11/2 3207/11/2 3210/11/2
f 3210/11/2 3207/11/2 3211/11/2
f 3208/7/2 3209/7/2 3212/7/2
f 3212/7/2 3209/7/2 3213/7/2
f 3210/14/2 3211/14/2 3214/14/2
f 3214/14/2 3211/14/2 3215/14/2
f 3216/7/2 3217/7/2 3218/7/2
f 3218/7/2 3217/7/2 3219/7/2
f 3220/11/2 3221/11/2 3222/11/2
f 3222/11/2 3221/11/2 3223/11/2
f 3222/7/2 3223/7/2 3224/7/2
f 3224/7/2 3223/7/2 3225/7/2
f 3226/11/2 3227/11/2 3230/11/2
f 3230/11/2 3227/11/2 3231/11/2
f 3228/5/2 3229/5/2 3232/5/2
f 3232/5/2 3229/5/2 3233/5/2
f 3230/7/2 3231/7/2 3234/7/2
f 3234/7/2 3231/7/2 3235/7/2
f 3232/8/2 3233/8/2 3236/8/2
f 3236/8/2 3233/8/2 3237/8/2
f 3238/11/2 3239/11/2 3240/11/2
f 3240/11/2 3239/11/2 3241/11/2
f 3240/7/2 3241/7/2 3242/7/2
f 3242/7/2 3241/7/2 3243/7/2
f 3244/5/2 3245/5/2 3250/5/2
f 3250/5/2 3245/5/2 3251/5/2
f 3246/11/2 3247/11/2 3252/11/2
f 3252/11/2 3247/11/2 3253/11/2
f 3248/11/2 3249/11/2 3254/11/2
f 3254/11/2 3249/11/2 3255/11/2
f 3250/7/2 3251/7/2 3256/7/2
f 3256/7/2 3251/7/2 3257/7/2
f 3252/7/2 3253/7/2 3258/7/2
f 3258/7/2 3253/7/2 3259/7/2
f 3254/14/2 3255/14/2 3260/14/2
f 3260/14/2 3255/14/2 3261/14/2
f 3262/7/2 3263/7/2 3264/7/2
f 3264/7/2 3263/7/2 3265/7/2
f 3266/5/2 3267/5/2 3272/5/2
f 3272/5/2 3267/5/2 3273/5/2
f 3268/5/2 3269/5/2 3274/5/2
f 3274/5/2 3269/5/2 3275/5/2
f 3270/11/2 3271/11/2 3276/11/2
f 3276/11/2 3271/11/2 3277/11/2
f 3272/7/2 3273/7/2 3278/7/2
f 3278/7/2 3273/7/2 3279/7/2
f 3274/7/2 3275/7/2 3280/7/2
f 3280/7/2 3275/7/2 3281/7/2
f 3276/7/2 3277/7/2 3282/7/2
f 3282/7/2 3277/7/2 3283/7/2
f 3284/5/2 3285/5/2 3290/5/2
f 3290/5/2 3285/5/2 3291/5/2
f 3286/11/2 3287/11/2 3292/11/2
f 3292/11/2 3287/11/2 3293/11/2
f 3288/11/2 3289/11/2 3294/11/2
f 3294/11/2 3289/11/2 3295/11/2
f 3290/7/2 3291/7/2 3296/7/2
f 3296/7/2 3291/7/2 3297/7/2
f 3292/7/2 3293/7/2 3298/7/2
f 3298/7/2 3293/7/2 3299/7/2
f 3294/14/2 3295/14/2 3300/14/2
f 3300/14/2 3295/14/2 3301/14/2
f 3302/5/2 3303/5/2 3310/5/2
f 3310/5/2 3303/5/2 3311/5/2
f 3304/5/2 3305/5/2 3312/5/2
f 3312/5/2 3305/5/2 3313/5/2
f 3306/11/2 3307/11/2 3314/11/2
f 3314/11/2 3307/11/2 3315/11/2
f 3308/5/2 3309/5/2 3316/5/2
f 3316/5/2 3309/5/2 3317/5/2
f 3310/7/2 3311/7/2 3318/7/2
f 3318/7/2 3311/7/2 3319/7/2
f 3312/7/2 3313/7/2 3320/7/2
f 3320/7/2 3313/7/2 3321/7/2
f 3314/7/2 3315/7/2 3322/7/2
f 3322/7/2 3315/7/2 3323/7/2
f 3316/8/2 3317/8/2 3324/8/2
f 3324/8/2 3317/8/2 3325/8/2
f 3326/5/2 3327/5/2 3336/5/2
f 3336/5/2 3327/5/2 3337/5/2
f 3328/5/2 3329/5/2 3338/5/2
f 3338/5/2 3329/5/2 3339/5/2
f 3330/11/2 3331/11/2 3340/11/2
f 3340/11/2 3331/11/2 3341/11/2
f 3332/11/2 3333/11/2 3342/11/2
f 3342/11/2 3333/11/2 3343/11/2
f 3334/11/2 3335/11/2 3344/11/2
f 3344/11/2 3335/11/2 3345/11/2
f 3336/7/2 3337/7/2 3346/7/2
f 3346/7/2 3337/7/2 3347/7/2
f 3338/7/2 3339/7/2 3348/7/2
f 3348/7/2 3339/7/2 3349/7/2
f 3340/7/2 3341/7/2 3350/7/2
f 3350/7/2 3341/7/2 3351/7/2
f 3342/14/2 3343/14/2 3352/14/2
f 3352/14/2 3343/14/2 3353/14/2
f 3344/14/2 3345/14/2 3354/14/2
f 3354/14/2 3345/14/2 3355/14/2
f 3356/7/2 3357/7/2 3358/7/2
f 3358/7/2 3357/7/2 3359/7/2
f 3360/5/2 3361/5/2 3370/5/2
f 3370/5/2 3361/5/2 3371/5/2
f 3362/5/2 3363/5/2 3372/5/2
f 3372/5/2 3363/5/2 3373/5/2
f 3364/5/2 3365/5/2 3374/5/2
f 3374/5/2 3365/5/2 3375/5/2
f 3366/11/2 3367/11/2 3376/11/2
f 3376/11/2 3367/11/2 3377/11/2
f 3368/11/2 3369/11/2 3378/11/2
f 3378/11/2 3369/11/2 3379/11/2
f 3370/7/2 3371/7/2 3380/7/2
f 3380/7/2 3371/7/2 3381/7/2
f 3372/7/2 3373/7/2 3382/7/2
f 3382/7/2 3373/7/2 3383/7/2
f 3374/7/2 3375/7/2 3384/7/2
f 3384/7/2 3375/7/2 3385/7/2
f 3376/7/2 3377/7/2 3386/7/2
f 3386/7/2 3377/7/2 3387/7/2
f 3378/14/2 3379/14/2 3388/14/2
f 3388/14/2 3379/14/2 3389/14/2
f 3390/5/2 3391/5/2 3396/5/2
f 3396/5/2 3391/5/2 3397/5/2
f 3392/11/2 3393/11/2 3398/11/2
f 3398/11/2 3393/11/2 3399/11/2
f 3394/11/2 3395/11/2 3400/11/2
f 3400/11/2 3395/11/2 3401/11/2
f 3396/7/2 3397/7/2 3402/7/2
f 3402/7/2 3397/7/2 3403/7/2
f 3398/14/2 3399/14/2 3404/14/2
f 3404/14/2 3399/14/2 3405/14/2
f 3400/14/2 3401/14/2 3406/14/2
f 3406/14/2 3401/14/2 3407/14/2
f 3408/11/2 3409/11/2 3414/11/2
f 3414/11/2 3409/11/2 3415/11/2
f 3410/11/2 3411/11/2 3416/11/2
f 3416/11/2 3411/11/2 3417/11/2
f 3412/11/2 3413/11/2 3418/11/2
f 3418/11/2 3413/11/2 3419/11/2
f 3414/7/2 3415/7/2 3420/7/2
f 3420/7/2 3415/7/2 3421/7/2
f 3416/14/2 3417/14/2 3422/14/2
f 3422/14/2 3417/14/2 3423/14/2
f 3418/14/2 3419/14/2 3424/14/2
f 3424/14/2 3419/14/2 3425/14/2
f 3426/11/2 3427/11/2 3430/11/2
f 3430/11/2 3427/11/2 3431/11/2
f 3428/11/2 3429/11/2 3432/11/2
f 3432/11/2 3429/11/2 3433/11/2
f 3430/7/2 3431/7/2 3434/7/2
f 3434/7/2 3431/7/2 3435/7/2
f 3432/14/2 3433/14/2 3436/14/2
f 3436/14/2 3433/14/2 3437/14/2
f 3438/11/2 3439/11/2 3450/11/2
f 3450/11/2 3439/11/2 3451/11/2
f 3440/11/2 3441/11/2 3452/11/2
f 3452/11/2 3441/11/2 3453/11/2
f 3442/11/2 3443/11/2 3454/11/2
f 3454/11/2 3443/11/2 3455/11/2
f 3444/11/2 3445/11/2 3456/11/2
f 3456/11/2 3445/11/2 3457/11/2
f 3446/11/2 3447/11/2 3458/11/2
f 3458/11/2 3447/11/2 3459/11/2
f 3448/11/2 3449/11/2 3460/11/2
f 3460/11/2 3449/11/2 3461/11/2
f 3450/7/2 3451/7/2 3462/7/2
f 3462/7/2 3451/7/2 3463/7/2
f 3452/14/2 3453/14/2 3464/14/2
f 3464/14/2 3453/14/2 3465/14/2
f 3454/14/2 3455/14/2 3466/14/2
f 3466/14/2 3455/14/2 3467/14/2
f 3456/14/2 3457/14/2 3468/14/2
f 3468/14/2 3457/14/2 3469/14/2
f 3458/14/2 3459/14/2 3470/14/2
f 3470/14/2 3459/14/2 3471/14/2
f 3460/14/2 3461/14/2 3472/14/2
f 3472/14/2 3461/14/2 3473/14/2
f 3474/11/2 3475/11/2 3478/11/2
f 3478/11/2 3475/11/2 3479/11/2
f 3476/11/2 3477/11/2 3480/11/2
f 3480/11/2 3477/11/2 3481/11/2
f 3478/7/2 3479/7/2 3482/7/2
f 3482/7/2 3479/7/2 3483/7/2
f 3480/14/2 3481/14/2 3484/14/2
f 3484/14/2 3481/14/2 3485/14/2
f 3486/7/2 3487/7/2 3488/7/2
f 3488/7/2 3487/7/2 3489/7/2
f 3490/11/2 3491/11/2 3494/11/2
f 3494/11/2 3491/11/2 3495/11/2
f 3492/11/2 3493/11/2 3496/11/2
f 3496/11/2 3493/11/2 3497/11/2
f 3494/7/2 3495/7/2 3498/7/2
f 3498/7/2 3495/7/2 3499/7/2
f 3496/14/2 3497/14/2 3500/14/2
f 3500/14/2 3497/14/2 3501/14/2
f 3502/11/2 3503/11/2 3508/11/2
f 3508/11/2 3503/11/2 3509/11/2
f 3504/11/2 3505/11/2 3510/11/2
f 3510/11/2 3505/11/2 3511/11/2
f 3506/11/2 3507/11/2 3512/11/2
f 3512/11/2 3507/11/2 3513/11/2
f 3508/7/2 3509/7/2 3514/7/2
f 3514/7/2 3509/7/2 3515/7/2
f 3510/14/2 3511/14/2 3516/14/2
f 3516/14/2 3511/14/2 3517/14/2
f 3512/14/2 3513/14/2 3518/14/2
f 3518/14/2 3513/14/2 3519/14/2
f 3520/11/2 3521/11/2 3528/11/2
f 3528/11/2 3521/11/2 3529/11/2
f 3522/11/2 3523/11/2 3530/11/2
f 3530/11/2 3523/11/2 3531/11/2
f 3524/11/2 3525/11/2 3532/11/2
f 3532/11/2 3525/11/2 3533/11/2
f 3526/11/2 3527/11/2 3534/11/2
f 3534/11/2 3527/11/2 3535/11/2
f 3528/7/2 3529/7/2 3536/7/2
f 3536/7/2 3529/7/2 3537/7/2
f 3530/14/2 3531/14/2 3538/14/2
f 3538/14/2 3531/14/2 3539/14/2
f 3532/14/2 3533/14/2 3540/14/2
f 3540/14/2 3533/14/2 3541/14/2
f 3534/14/2 3535/14/2 3542/14/2
f 3542/14/2 3535/14/2 3543/14/2
f 3544/7/2 3545/7/2 3546/7/2
f 3546/7/2 3545/7/2 3547/7/2
f 3548/11/2 3549/11/2 3550/11/2
f 3550/11/2 3549/11/2 3551/11/2
f 3550/7/2 3551/7/2 3552/7/2
f 3552/7/2 3551/7/2 3553/7/2
f 3554/7/2 3555/7/2 3556/7/2
f 3556/7/2 3555/7/2 3557/7/2
f 3558/11/2 3559/11/2 3562/11/2
f 3562/11/2 3559/11/2 3563/11/2
f 3560/11/2 3561/11/2 3564/11/2
f 3564/11/2 3561/11/2 3565/11/2
f 3562/7/2 3563/7/2 3566/7/2
f 3566/7/2 3563/7/2 3567/7/2
f 3564/14/2 3565/14/2 3568/14/2
f 3568/14/2 3565/14/2 3569/14/2
f 3570/11/2 3571/11/2 3576/11/2
f 3576/11/2 3571/11/2 3577/11/2
f 3572/11/2 3573/11/2 3578/11/2
f 3578/11/2 3573/11/2 3579/11/2
f 3574/11/2 3575/11/2 3580/11/2
f 3580/11/2 3575/11/2 3581/11/2
f 3576/7/2 3577/7/2 3582/7/2
f 3582/7/2 3577/7/2 3583/7/2
f 3578/14/2 3579/14/2 3584/14/2
f 3584/14/2 3579/14/2 3585/14/2
f 3580/14/2 3581/14/2 3586/14/2
f 3586/14/2 3581/14/2 3587/14/2
f 3588/11/2 3589/11/2 3592/11/2
f 3592/11/2 3589/11/2 3593/11/2
f 3590/11/2 3591/11/2 3594/11/2
f 3594/11/2 3591/11/2 3595/11/2
f 3592/14/2 3593/14/2 3596/14/2
f 3596/14/2 3593/14/2 3597/14/2
f 3594/14/2 3595/14/2 3598/14/2
f 3598/14/2 3595/14/2 3599/14/2
f 3600/11/2 3601/11/2 3606/11/2
f 3606/11/2 3601/11/2 3607/11/2
f 3602/11/2 3603/11/2 3608/11/2
f 3608/11/2 3603/11/2 3609/11/2
f 3604/11/2 3605/11/2 3610/11/2
f 3610/11/2 3605/11/2 3611/11/2
f 3606/14/2 3607/14/2 3612/14/2
f 3612/14/2 3607/14/2 3613/14/2
f 3608/14/2 3609/14/2 3614/14/2
f 3614/14/2 3609/14/2 3615/14/2
f 3610/14/2 3611/14/2 3616/14/2
f 3616/14/2 3611/14/2 3617/14/2
f 3618/11/2 3619/11/2 3622/11/2
f 3622/11/2 3619/11/2 3623/11/2
f 3620/11/2 3621/11/2 3624/11/2
f 3624/11/2 3621/11/2 3625/11/2
f 3622/14/2 3623/14/2 3626/14/2
f 3626/14/2 3623/14/2 3627/14/2
f 3624/14/2 3625/14/2 3628/14/2
f 3628/14/2 3625/14/2 3629/14/2
f 3630/11/2 3631/11/2 3634/11/2
f 3634/11/2 3631/11/2 3635/11/2
f 3632/11/2 3633/11/2 3636/11/2
f 3636/11/2 3633/11/2 3637/11/2
f 3634/14/2 3635/14/2 3638/14/2
f 3638/14/2 3635/14/2 3639/14/2
f 3636/14/2 3637/14/2 3640/14/2
f 3640/14/2 3637/14/2 3641/14/2
f 3642/11/2 3643/11/2 3644/11/2
f 3644/11/2 3643/11/2 3645/11/2
f 3644/14/2 3645/14/2 3646/14/2
f 3646/14/2 3645/14/2 3647/14/2
f 3648/5/2 3649/5/2 3652/5/2
f 3652/5/2 3649/5/2 3653/5/2
f 3650/11/2 3651/11/2 3654/11/2
f 3654/11/2 3651/11/2 3655/11/2
f 3652/7/2 3653/7/2 3656/7/2
f 3656/7/2 3653/7/2 3657/7/2
f 3654/14/2 3655/14/2 3658/14/2
f 3658/14/2 3655/14/2 3659/14/2
f 3660/5/2 3661/5/2 3666/5/2
f 3666/5/2 3661/5/2 3667/5/2
f 3662/11/2 3663/11/2 3668/11/2
f 3668/11/2 3663/11/2 3669/11/2
f 3664/11/2 3665/11/2 3670/11/2
f 3670/11/2 3665/11/2 3671/11/2
f 3666/9/2 3667/9/2 3672/9/2
f 3672/9/2 3667/9/2 3673/9/2
f 3668/14/2 3669/14/2 3674/14/2
f 3674/14/2 3669/14/2 3675/14/2
f 3670/14/2 3671/14/2 3676/14/2
f 3676/14/2 3671/14/2 3677/14/2
f 3678/5/2 3679/5/2 3682/5/2
f 3682/5/2 3679/5/2 3683/5/2
f 3680/11/2 3681/11/2 3684/11/2
f 3684/11/2 3681/11/2 3685/11/2
f 3682/9/2 3683/9/2 3686/9/2
f 3686/9/2 3683/9/2 3687/9/2
f 3684/14/2 3685/14/2 3688/14/2
f 3688/14/2 3685/14/2 3689/14/2
f 3690/5/2 3691/5/2 3696/5/2
f 3696/5/2 3691/5/2 3697/5/2
f 3692/11/2 3693/11/2 3698/11/2
f 3698/11/2 3693/11/2 3699/11/2
f 3694/11/2 3695/11/2 3700/11/2
f 3700/11/2 3695/11/2 3701/11/2
f 3696/9/2 3697/9/2 3702/9/2
f 3702/9/2 3697/9/2 3703/9/2
f 3698/14/2 3699/14/2 3704/14/2
f 3704/14/2 3699/14/2 3705/14/2
f 3700/14/2 3701/14/2 3706/14/2
f 3706/14/2 3701/14/2 3707/14/2
f 3708/5/2 3709/5/2 3710/5/2
f 3710/5/2 3709/5/2 3711/5/2
f 3710/9/2 3711/9/2 3712/9/2
f 3712/9/2 3711/9/2 3713/9/2
f 3714/5/2 3715/5/2 3716/5/2
f 3716/5/2 3715/5/2 3717/5/2
f 3716/9/2 3717/9/2 3718/9/2
f 3718/9/2 3717/9/2 3719/9/2
f 3720/5/2 3721/5/2 3724/5/2
f 3724/5/2 3721/5/2 3725/5/2
f 3722/11/2 3723/11/2 3726/11/2
f 3726/11/2 3723/11/2 3727/11/2
f 3724/9/2 3725/9/2 3728/9/2
f 3728/9/2 3725/9/2 3729/9/2
f 3726/14/2 3727/14/2 3730/14/2
f 3730/14/2 3727/14/2 3731/14/2
f 3732/5/2 3733/5/2 3736/5/2
f 3736/5/2 3733/5/2 3737/5/2
f 3734/11/2 3735/11/2 3738/11/2
f 3738/11/2 3735/11/2 3739/11/2
f 3736/9/2 3737/9/2 3740/9/2
f 3740/9/2 3737/9/2 3741/9/2
f 3738/14/2 3739/14/2 3742/14/2
f 3742/14/2 3739/14/2 3743/14/2
f 3744/7/2 3745/7/2 3746/7/2
f 3746/7/2 3745/7/2 3747/7/2
f 3748/5/2 3749/5/2 3754/5/2
f 3754/5/2 3749/5/2 3755/5/2
f 3750/5/2 3751/5/2 3756/5/2
f 3756/5/2 3751/5/2 3757/5/2
f 3752/11/2 3753/11/2 3758/11/2
f 3758/11/2 3753/11/2 3759/11/2
f 3754/9/2 3755/9/2 3760/9/2
f 3760/9/2 3755/9/2 3761/9/2
f 3756/9/2 3757/9/2 3762/9/2
f 3762/9/2 3757/9/2 3763/9/2
f 3758/14/2 3759/14/2 3764/14/2
f 3764/14/2 3759/14/2 3765/14/2
f 3766/5/2 3767/5/2 3770/5/2
f 3770/5/2 3767/5/2 3771/5/2
f 3768/5/2 3769/5/2 3772/5/2
f 3772/5/2 3769/5/2 3773/5/2
f 3770/9/2 3771/9/2 3774/9/2
f 3774/9/2 3771/9/2 3775/9/2
f 3772/9/2 3773/9/2 3776/9/2
f 3776/9/2 3773/9/2 3777/9/2
f 3778/7/2 3779/7/2 3780/7/2
f 3780/7/2 3779/7/2 3781/7/2
f 3782/5/2 3783/5/2 3788/5/2
f 3788/5/2 3783/5/2 3789/5/2
f 3784/5/2 3785/5/2 3790/5/2
f 3790/5/2 3785/5/2 3791/5/2
f 3786/5/2 3787/5/2 3792/5/2
f 3792/5/2 3787/5/2 3793/5/2
f 3788/9/2 3789/9/2 3794/9/2
f 3794/9/2 3789/9/2 3795/9/2
f 3790/9/2 3791/9/2 3796/9/2
f 3796/9/2 3791/9/2 3797/9/2
f 3792/9/2 3793/9/2 3798/9/2
f 3798/9/2 3793/9/2 3799/9/2
f 3800/7/2 3801/7/2 3802/7/2
f 3802/7/2 3801/7/2 3803/7/2
f 3804/5/2 3805/5/2 3812/5/2
f 3812/5/2 3805/5/2 3813/5/2
f 3806/5/2 3807/5/2 3814/5/2
f 3814/5/2 3807/5/2 3815/5/2
f 3808/5/2 3809/5/2 3816/5/2
f 3816/5/2 3809/5/2 3817/5/2
f 3810/11/2 3811/11/2 3818/11/2
f 3818/11/2 3811/11/2 3819/11/2
f 3812/9/2 3813/9/2 3820/9/2
f 3820/9/2 3813/9/2 3821/9/2
f 3814/9/2 3815/9/2 3822/9/2
f 3822/9/2 3815/9/2 3823/9/2
f 3816/9/2 3817/9/2 3824/9/2
f 3824/9/2 3817/9/2 3825/9/2
f 3818/14/2 3819/14/2 3826/14/2
f 3826/14/2 3819/14/2 3827/14/2
f 3828/5/2 3829/5/2 3834/5/2
f 3834/5/2 3829/5/2 3835/5/2
f 3830/5/2 3831/5/2 3836/5/2
f 3836/5/2 3831/5/2 3837/5/2
f 3832/11/2 3833/11/2 3838/11/2
f 3838/11/2 3833/11/2 3839/11/2
f 3834/9/2 3835/9/2 3840/9/2
f 3840/9/2 3835/9/2 3841/9/2
f 3836/9/2 3837/9/2 3842/9/2
f 3842/9/2 3837/9/2 3843/9/2
f 3838/14/2 3839/14/2 3844/14/2
f 3844/14/2 3839/14/2 3845/14/2
f 3846/7/2 3847/7/2 3848/7/2
f 3848/7/2 3847/7/2 3849/7/2
f 3850/5/2 3851/5/2 3854/5/2
f 3854/5/2 3851/5/2 3855/5/2
f 3852/11/2 3853/11/2 3856/11/2
f 3856/11/2 3853/11/2 3857/11/2
f 3854/10/2 3855/10/2 3858/10/2
f 3858/10/2 3855/10/2 3859/10/2
f 3856/14/2 3857/14/2 3860/14/2
f 3860/14/2 3857/14/2 3861/14/2
f 3862/7/2 3863/7/2 3864/7/2
f 3864/7/2 3863/7/2 3865/7/2
f 3866/7/2 3867/7/2 3868/7/2
f 3868/7/2 3867/7/2 3869/7/2
f 3870/5/2 3871/5/2 3872/5/2
f 3872/5/2 3871/5/2 3873/5/2
f 3872/4/2 3873/4/2 3874/4/2
f 3874/4/2 3873/4/2 3875/4/2
f 3876/7/2 3877/7/2 3878/7/2
f 3878/7/2 3877/7/2 3879/7/2
f 3880/7/2 3881/7/2 3882/7/2
f 3882/7/2 3881/7/2 3883/7/2
f 3884/8/2 3885/8/2 3886/8/2
f 3886/8/2 3885/8/2 3887/8/2
f 3888/8/2 3889/8/2 3890/8/2
f 3890/8/2 3889/8/2 3891/8/2
f 3892/8/2 3893/8/2 3894/8/2
f 3894/8/2 3893/8/2 3895/8/2
f 3896/7/2 3897/7/2 3898/7/2
f 3898/7/2 3897/7/2 3899/7/2
f 3900/5/2 3901/5/2 3904/5/2
f 3904/5/2 3901/5/2 3905/5/2
f 3902/8/2 3903/8/2 3906/8/2
f 3906/8/2 3903/8/2 3907/8/2
f 3904/7/2 3905/7/2 3908/7/2
f 3908/7/2 3905/7/2 3909/7/2
f 3910/7/2 3911/7/2 3912/7/2
f 3912/7/2 3911/7/2 3913/7/2
f 3914/8/2 3915/8/2 3916/8/2
f 3916/8/2 3915/8/2 3917/8/2
f 3918/7/2 3919/7/2 3920/7/2
f 3920/7/2 3919/7/2 3921/7/2
f 3921/7/2 3919/7/2 3922/7/2
f 3923/7/2 3924/7/2 3925/7/2
f 3925/7/2 3924/7/2 3926/7/2
f 3927/8/2 3928/8/2 3929/8/2
f 3929/8/2 3928/8/2 3930/8/2
f 3931/8/2 3932/8/2 3933/8/2
f 3933/8/2 3932/8/2 3934/8/2
f 3935/8/2 3936/8/2 3937/8/2
f 3937/8/2 3936/8/2 3938/8/2
f 3939/8/2 3940/8/2 3943/8/2
f 3943/8/2 3940/8/2 3944/8/2
f 3941/9/2 3942/9/2 3945/9/2
f 3945/9/2 3942/9/2 3946/9/2
f 3947/8/2 3948/8/2 3955/8/2
f 3955/8/2 3948/8/2 3956/8/2
f 3949/4/2 3950/4/2 3957/4/2
f 3957/4/2 3950/4/2 3958/4/2
f 3951/9/2 3952/9/2 3959/9/2
f 3959/9/2 3952/9/2 3960/9/2
f 3953/9/2 3954/9/2 3961/9/2
f 3961/9/2 3954/9/2 3962/9/2
f 3963/4/2 3964/4/2 3967/4/2
f 3967/4/2 3964/4/2 3968/4/2
f 3965/9/2 3966/9/2 3969/9/2
f 3969/9/2 3966/9/2 3970/9/2
f 3971/8/2 3972/8/2 3981/8/2
f 3981/8/2 3972/8/2 3982/8/2
f 3973/4/2 3974/4/2 3983/4/2
f 3983/4/2 3974/4/2 3984/4/2
f 3975/4/2 3976/4/2 3985/4/2
f 3985/4/2 3976/4/2 3986/4/2
f 3977/9/2 3978/9/2 3987/9/2
f 3987/9/2 3978/9/2 3988/9/2
f 3979/9/2 3980/9/2 3989/9/2
f 3989/9/2 3980/9/2 3990/9/2
f 3991/4/2 3992/4/2 3997/4/2
f 3997/4/2 3992/4/2 3998/4/2
f 3993/9/2 3994/9/2 3999/9/2
f 3999/9/2 3994/9/2 4000/9/2
f 3995/9/2 3996/9/2 4001/9/2
f 4001/9/2 3996/9/2 4002/9/2
f 4003/7/2 4004/7/2 4005/7/2
f 4005/7/2 4004/7/2 4006/7/2
f 4007/8/2 4008/8/2 4011/8/2
f 4011/8/2 4008/8/2 4012/8/2
f 4009/9/2 4010/9/2 4013/9/2
f 4013/9/2 4010/9/2 4014/9/2
f 4015/4/2 4016/4/2 4019/4/2
f 4019/4/2 4016/4/2 4020/4/2
f 4017/9/2 4018/9/2 4021/9/2
f 4021/9/2 4018/9/2 4022/9/2
f 4023/7/2 4024/7/2 4025/7/2
f 4025/7/2 4024/7/2 4026/7/2
f 4027/7/2 4028/7/2 4029/7/2
f 4029/7/2 4028/7/2 4030/7/2
f 4031/4/2 4032/4/2 4035/4/2
f 4035/4/2 4032/4/2 4036/4/2
f 4033/4/2 4034/4/2 4037/4/2
f 4037/4/2 4034/4/2 4038/4/2
f 4039/4/2 4040/4/2 4041/4/2
f 4041/4/2 4040/4/2 4042/4/2
f 4043/7/2 4044/7/2 4045/7/2
f 4045/7/2 4044/7/2 4046/7/2
f 4047/9/2 4048/9/2 4051/9/2
f 4051/9/2 4048/9/2 4052/9/2
f 4049/4/2 4050/4/2 4053/4/2
f 4053/4/2 4050/4/2 4054/4/2
f 4055/7/2 4056/7/2 4057/7/2
f 4057/7/2 4056/7/2 4058/7/2
f 4059/8/2 4060/8/2 4065/8/2
f 4065/8/2 4060/8/2 4066/8/2
f 4061/8/2 4062/8/2 4067/8/2
f 4067/8/2 4062/8/2 4068/8/2
f 4063/4/2 4064/4/2 4069/4/2
f 4069/4/2 4064/4/2 4070/4/2
f 4071/7/2 4072/7/2 4073/7/2
f 4073/7/2 4072/7/2 4074/7/2
f 4075/4/2 4076/4/2 4077/4/2
f 4077/4/2 4076/4/2 4078/4/2
f 4079/7/2 4080/7/2 4081/7/2
f 4081/7/2 4080/7/2 4082/7/2
f 4083/7/2 4084/7/2 4085/7/2
f 4085/7/2 4084/7/2 4086/7/2
f 4086/7/2 4084/7/2 4087/7/2
f 4088/7/2 4089/7/2 4092/7/2
f 4092/7/2 4089/7/2 4093/7/2
f 4090/7/2 4091/7/2 4094/7/2
f 4094/7/2 4091/7/2 4095/7/2
f 4096/7/2 4097/7/2 4098/7/2
f 4098/7/2 4097/7/2 4099/7/2
f 4100/4/2 4101/4/2 4102/4/2
f 4102/4/2 4101/4/2 4103/4/2
f 4104/8/2 4105/8/2 4108/8/2
f 4108/8/2 4105/8/2 4109/8/2
f 4106/4/2 4107/4/2 4110/4/2
f 4110/4/2 4107/4/2 4111/4/2
f 4112/5/2 4113/5/2 4114/5/2
f 4114/5/2 4113/5/2 4115/5/2
f 4112/5/2 4114/5/2 4122/5/2
f 4114/7/2 4115/7/2 4123/7/2
f 4122/5/2 4114/5/2 4123/5/2
f 4123/7/2 4115/7/2 4124/7/2
f 4116/4/2 4117/4/2 4125/4/2
f 4125/4/2 4117/4/2 4126/4/2
f 4118/4/2 4119/4/2 4127/4/2
f 4127/4/2 4119/4/2 4128/4/2
f 4120/4/2 4121/4/2 4129/4/2
f 4129/4/2 4121/4/2 4130/4/2
f 4122/7/2 4123/7/2 4131/7/2
f 4131/7/2 4123/7/2 4132/7/2
f 4133/5/2 4134/5/2 4135/5/2
f 4135/5/2 4134/5/2 4136/5/2
f 4135/7/2 4136/7/2 4137/7/2
f 4137/7/2 4136/7/2 4138/7/2
f 4139/5/2 4140/5/2 4141/5/2
f 4141/5/2 4140/5/2 4142/5/2
f 4141/7/2 4142/7/2 4143/7/2
f 4143/7/2 4142/7/2 4144/7/2
f 4145/5/2 4146/5/2 4147/5/2
f 4147/5/2 4146/5/2 4148/5/2
f 4147/7/2 4148/7/2 4149/7/2
f 4149/7/2 4148/7/2 4150/7/2
f 4151/13/2 4152/13/2 4153/13/2
f 4153/13/2 4152/13/2 4154/13/2
f 4155/7/2 4156/7/2 4157/7/2
f 4157/7/2 4156/7/2 4158/7/2
f 4159/13/2 4160/13/2 4161/13/2
f 4161/13/2 4160/13/2 4162/13/2
f 4163/4/2 4164/4/2 4165/4/2
f 4165/4/2 4164/4/2 4166/4/2
f 4167/7/2 4168/7/2 4169/7/2
f 4169/7/2 4168/7/2 4170/7/2
f 4171/7/2 4172/7/2 4173/7/2
f 4173/7/2 4172/7/2 4174/7/2
f 4175/8/2 4176/8/2 4177/8/2
f 4177/8/2 4176/8/2 4178/8/2
f 4179/7/2 4180/7/2 4181/7/2
f 4181/7/2 4180/7/2 4182/7/2
f 4183/4/2 4184/4/2 4185/4/2
f 4185/4/2 4184/4/2 4186/4/2
f 4187/4/2 4188/4/2 4191/4/2
f 4191/4/2 4188/4/2 4192/4/2
f 4189/8/2 4190/8/2 4193/8/2
f 4193/8/2 4190/8/2 4194/8/2
f 4195/5/2 4196/5/2 4199/5/2
f 4199/5/2 4196/5/2 4200/5/2
f 4197/4/2 4198/4/2 4201/4/2
f 4201/4/2 4198/4/2 4202/4/2
f 4199/7/2 4200/7/2 4203/7/2
f 4203/7/2 4200/7/2 4204/7/2
f 4205/5/2 4206/5/2 4211/5/2
f 4211/5/2 4206/5/2 4212/5/2
f 4207/4/2 4208/4/2 4213/4/2
f 4213/4/2 4208/4/2 4214/4/2
f 4209/4/2 4210/4/2 4215/4/2
f 4215/4/2 4210/4/2 4216/4/2
f 4211/7/2 4212/7/2 4217/7/2
f 4217/7/2 4212/7/2 4218/7/2
f 4219/5/2 4220/5/2 4223/5/2
f 4223/5/2 4220/5/2 4224/5/2
f 4221/4/2 4222/4/2 4225/4/2
f 4225/4/2 4222/4/2 4226/4/2
f 4223/7/2 4224/7/2 4227/7/2
f 4227/7/2 4224/7/2 4228/7/2
f 4229/5/2 4230/5/2 4231/5/2
f 4231/5/2 4230/5/2 4232/5/2
f 4231/7/2 4232/7/2 4233/7/2
f 4233/7/2 4232/7/2 4234/7/2
f 4235/5/2 4236/5/2 4239/5/2
f 4239/5/2 4236/5/2 4240/5/2
f 4237/4/2 4238/4/2 4241/4/2
f 4241/4/2 4238/4/2 4242/4/2
f 4239/7/2 4240/7/2 4243/7/2
f 4243/7/2 4240/7/2 4244/7/2
f 4245/7/2 4246/7/2 4247/7/2
f 4247/7/2 4246/7/2 4248/7/2
f 4249/4/2 4250/4/2 4251/4/2
f 4251/4/2 4250/4/2 4252/4/2
f 4253/7/2 4254/7/2 4255/7/2
f 4255/7/2 4254/7/2 4256/7/2
f 4257/7/2 4258/7/2 4259/7/2
f 4259/7/2 4258/7/2 4260/7/2
f 4261/7/2 4262/7/2 4263/7/2
f 4263/7/2 4262/7/2 4264/7/2
f 4265/4/2 4266/4/2 4267/4/2
f 4267/4/2 4266/4/2 4268/4/2
f 4269/7/2 4270/7/2 4271/7/2
f 4271/7/2 4270/7/2 4272/7/2
f 4273/5/2 4274/5/2 4276/5/2
f 4274/11/2 4275/11/2 4276/11/2
f 4276/11/2 4275/11/2 4277/11/2
f 4273/5/2 4276/5/2 4278/5/2
f 4276/7/2 4277/7/2 4279/7/2
f 4278/5/2 4276/5/2 4279/5/2
f 4279/7/2 4277/7/2 4280/7/2
f 4278/7/2 4279/7/2 4281/7/2
f 4281/7/2 4279/7/2 4282/7/2
f 4283/13/2 4284/13/2 4285/13/2
f 4285/13/2 4284/13/2 4286/13/2
f 4287/13/2 4288/13/2 4289/13/2
f 4289/13/2 4288/13/2 4290/13/2
f 4291/4/2 4292/4/2 4293/4/2
f 4293/4/2 4292/4/2 4294/4/2
f 4295/4/2 4296/4/2 4299/4/2
f 4299/4/2 4296/4/2 4300/4/2
f 4297/4/2 4298/4/2 4301/4/2
f 4301/4/2 4298/4/2 4302/4/2
f 4303/4/2 4304/4/2 4305/4/2
f 4305/4/2 4304/4/2 4306/4/2
f 4307/4/2 4308/4/2 4311/4/2
f 4311/4/2 4308/4/2 4312/4/2
f 4309/4/2 4310/4/2 4313/4/2
f 4313/4/2 4310/4/2 4314/4/2
f 4315/4/2 4316/4/2 4317/4/2
f 4317/4/2 4316/4/2 4318/4/2
f 4319/4/2 4320/4/2 4321/4/2
f 4321/4/2 4320/4/2 4322/4/2
f 4323/7/2 4324/7/2 4325/7/2
f 4325/7/2 4324/7/2 4326/7/2
f 4327/4/2 4328/4/2 4329/4/2
f 4329/4/2 4328/4/2 4330/4/2
f 4331/7/2 4332/7/2 4333/7/2
f 4333/7/2 4332/7/2 4334/7/2
f 4335/4/2 4336/4/2 4337/4/2
f 4337/4/2 4336/4/2 4338/4/2
f 4339/7/2 4340/7/2 4341/7/2
f 4341/7/2 4340/7/2 4342/7/2
f 4343/5/2 4344/5/2 4347/5/2
f 4347/5/2 4344/5/2 4348/5/2
f 4345/4/2 4346/4/2 4349/4/2
f 4349/4/2 4346/4/2 4350/4/2
f 4347/7/2 4348/7/2 4351/7/2
f 4351/7/2 4348/7/2 4352/7/2
f 4353/5/2 4354/5/2 4356/5/2
f 4354/11/2 4355/11/2 4357/11/2
f 4356/5/2 4354/5/2 4357/5/2
f 4357/11/2 4355/11/2 4358/11/2
f 4356/7/2 4357/7/2 4359/7/2
f 4357/7/2 4358/7/2 4359/7/2
f 4359/7/2 4358/7/2 4360/7/2
f 4361/5/2 4362/5/2 4364/5/2
f 4362/11/2 4363/11/2 4365/11/2
f 4364/5/2 4362/5/2 4365/5/2
f 4365/11/2 4363/11/2 4366/11/2
f 4364/7/2 4365/7/2 4367/7/2
f 4365/7/2 4366/7/2 4367/7/2
f 4367/7/2 4366/7/2 4368/7/2
f 4369/5/2 4370/5/2 4374/5/2
f 4370/11/2 4371/11/2 4375/11/2
f 4374/5/2 4370/5/2 4375/5/2
f 4375/11/2 4371/11/2 4376/11/2
f 4372/4/2 4373/4/2 4377/4/2
f 4377/4/2 4373/4/2 4378/4/2
f 4374/7/2 4375/7/2 4379/7/2
f 4375/7/2 4376/7/2 4379/7/2
f 4379/7/2 4376/7/2 4380/7/2
f 4381/5/2 4382/5/2 4383/5/2
f 4383/5/2 4382/5/2 4384/5/2
f 4383/7/2 4384/7/2 4385/7/2
f 4385/7/2 4384/7/2 4386/7/2
f 4387/4/2 4388/4/2 4389/4/2
f 4389/4/2 4388/4/2 4390/4/2
f 4391/5/2 4392/5/2 4393/5/2
f 4391/5/2 4393/5/2 4394/5/2
f 4394/5/2 4393/5/2 4395/5/2
f 4394/7/2 4395/7/2 4396/7/2
f 4396/7/2 4395/7/2 4397/7/2
f 4400/5/2 4401/5/2 4402/5/2
f 4402/5/2 4401/5/2 4403/5/2
f 4398/11/2 4399/11/2 4404/11/2
f 4404/11/2 4399/11/2 4405/11/2
f 4402/7/2 4403/7/2 4406/7/2
f 4406/7/2 4403/7/2 4407/7/2
f 4404/7/2 4405/7/2 4408/7/2
f 4408/7/2 4405/7/2 4409/7/2
f 4410/11/2 4411/11/2 4412/11/2
f 4412/11/2 4411/11/2 4413/11/2
f 4412/7/2 4413/7/2 4416/7/2
f 4416/7/2 4413/7/2 4417/7/2
f 4414/4/2 4415/4/2 4418/4/2
f 4418/4/2 4415/4/2 4419/4/2
f 4420/11/2 4421/11/2 4422/11/2
f 4422/11/2 4421/11/2 4423/11/2
f 4422/9/2 4423/9/2 4424/9/2
f 4424/9/2 4423/9/2 4425/9/2
f 4426/5/2 4427/5/2 4428/5/2
f 4428/5/2 4427/5/2 4429/5/2
f 4428/7/2 4429/7/2 4430/7/2
f 4430/7/2 4429/7/2 4431/7/2
f 4432/5/2 4433/5/2 4434/5/2
f 4434/5/2 4433/5/2 4435/5/2
f 4434/7/2 4435/7/2 4436/7/2
f 4436/7/2 4435/7/2 4437/7/2
f 4438/5/2 4439/5/2 4440/5/2
f 4440/5/2 4439/5/2 4441/5/2
f 4440/7/2 4441/7/2 4442/7/2
f 4442/7/2 4441/7/2 4443/7/2
f 4444/11/2 4445/11/2 4450/11/2
f 4450/11/2 4445/11/2 4451/11/2
f 4446/5/2 4447/5/2 4452/5/2
f 4452/5/2 4447/5/2 4453/5/2
f 4448/5/2 4449/5/2 4454/5/2
f 4454/5/2 4449/5/2 4455/5/2
f 4450/9/2 4451/9/2 4456/9/2
f 4456/9/2 4451/9/2 4457/9/2
f 4452/7/2 4453/7/2 4458/7/2
f 4458/7/2 4453/7/2 4459/7/2
f 4454/7/2 4455/7/2 4460/7/2
f 4460/7/2 4455/7/2 4461/7/2
f 4462/5/2 4463/5/2 4464/5/2
f 4464/5/2 4463/5/2 4465/5/2
f 4464/7/2 4465/7/2 4466/7/2
f 4466/7/2 4465/7/2 4467/7/2
f 4468/5/2 4469/5/2 4472/5/2
f 4472/5/2 4469/5/2 4473/5/2
f 4470/5/2 4471/5/2 4474/5/2
f 4474/5/2 4471/5/2 4475/5/2
f 4472/7/2 4473/7/2 4476/7/2
f 4476/7/2 4473/7/2 4477/7/2
f 4474/7/2 4475/7/2 4478/7/2
f 4478/7/2 4475/7/2 4479/7/2
f 4480/5/2 4481/5/2 4482/5/2
f 4482/5/2 4481/5/2 4483/5/2
f 4482/7/2 4483/7/2 4484/7/2
f 4484/7/2 4483/7/2 4485/7/2
f 4486/5/2 4487/5/2 4491/5/2
f 4491/5/2 4487/5/2 4492/5/2
f 4488/5/2 4489/5/2 4493/5/2
f 4489/11/2 4490/11/2 4494/11/2
f 4493/5/2 4489/5/2 4494/5/2
f 4494/11/2 4490/11/2 4495/11/2
f 4491/7/2 4492/7/2 4496/7/2
f 4496/7/2 4492/7/2 4497/7/2
f 4493/7/2 4494/7/2 4498/7/2
f 4494/7/2 4495/7/2 4498/7/2
f 4498/7/2 4495/7/2 4499/7/2
f 4500/13/2 4501/13/2 4502/13/2
f 4502/13/2 4501/13/2 4503/13/2
f 4504/5/2 4505/5/2 4506/5/2
f 4504/5/2 4506/5/2 4507/5/2
f 4507/5/2 4506/5/2 4508/5/2
f 4507/7/2 4508/7/2 4509/7/2
f 4509/7/2 4508/7/2 4510/7/2
f 4513/5/2 4514/5/2 4515/5/2
f 4515/5/2 4514/5/2 4516/5/2
f 4511/5/2 4512/5/2 4517/5/2
f 4517/5/2 4512/5/2 4518/5/2
f 4515/7/2 4516/7/2 4519/7/2
f 4519/7/2 4516/7/2 4520/7/2
f 4517/7/2 4518/7/2 4521/7/2
f 4521/7/2 4518/7/2 4522/7/2
f 4523/5/2 4524/5/2 4527/5/2
f 4527/5/2 4524/5/2 4528/5/2
f 4525/4/2 4526/4/2 4529/4/2
f 4529/4/2 4526/4/2 4530/4/2
f 4527/4/2 4528/4/2 4531/4/2
f 4531/4/2 4528/4/2 4532/4/2
f 4533/7/2 4534/7/2 4535/7/2
f 4535/7/2 4534/7/2 4536/7/2
f 4537/5/2 4538/5/2 4539/5/2
f 4539/5/2 4538/5/2 4540/5/2
f 4539/7/2 4540/7/2 4541/7/2
f 4541/7/2 4540/7/2 4542/7/2
f 4543/5/2 4544/5/2 4547/5/2
f 4547/5/2 4544/5/2 4548/5/2
f 4545/5/2 4546/5/2 4549/5/2
f 4549/5/2 4546/5/2 4550/5/2
f 4547/7/2 4548/7/2 4551/7/2
f 4551/7/2 4548/7/2 4552/7/2
f 4549/4/2 4550/4/2 4553/4/2
f 4553/4/2 4550/4/2 4554/4/2
f 4555/5/2 4556/5/2 4557/5/2
f 4557/5/2 4556/5/2 4558/5/2
f 4557/7/2 4558/7/2 4559/7/2
f 4559/7/2 4558/7/2 4560/7/2
f 4561/2/2 4562/2/2 4566/2/2
f 4566/2/2 4562/2/2 4567/2/2
f 4563/2/2 4564/2/2 4568/2/2
f 4568/2/2 4564/2/2 4569/2/2
f 4565/6/2 4566/6/2 4572/6/2
f 4572/6/2 4566/6/2 4573/6/2
f 4569/6/2 4570/6/2 4574/6/2
f 4574/6/2 4570/6/2 4575/6/2
f 4571/3/2 4572/3/2 4577/3/2
f 4577/3/2 4572/3/2 4578/3/2
f 4575/3/2 4576/3/2 4579/3/2
f 4579/3/2 4576/3/2 4580/3/2
f 4581/2/2 4582/2/2 4584/2/2
f 4584/2/2 4582/2/2 4585/2/2
f 4583/6/2 4584/6/2 4588/6/2
f 4588/6/2 4584/6/2 4589/6/2
f 4585/6/2 4586/6/2 4590/6/2
f 4590/6/2 4586/6/2 4591/6/2
f 4587/3/2 4588/3/2 4594/3/2
f 4594/3/2 4588/3/2 4595/3/2
f 4591/3/2 4592/3/2 4596/3/2
f 4596/3/2 4592/3/2 4597/3/2
f 4593/11/2 4594/11/2 4598/11/2
f 4598/11/2 4594/11/2 4599/11/2
f 4600/9/2 4601/9/2 4604/9/2
f 4604/9/2 4601/9/2 4605/9/2
f 4602/7/2 4603/7/2 4606/7/2
f 4606/7/2 4603/7/2 4607/7/2
f 4608/6/2 4609/6/2 4611/6/2
f 4611/6/2 4609/6/2 4612/6/2
f 4610/3/2 4611/3/2 4615/3/2
f 4615/3/2 4611/3/2 4616/3/2
f 4612/3/2 4613/3/2 4617/3/2
f 4617/3/2 4613/3/2 4618/3/2
f 4614/11/2 4615/11/2 4619/11/2
f 4619/11/2 4615/11/2 4620/11/2
f 4621/9/2 4622/9/2 4625/9/2
f 4625/9/2 4622/9/2 4626/9/2
f 4623/7/2 4624/7/2 4629/7/2
f 4629/7/2 4624/7/2 4630/7/2
f 4626/9/2 4627/9/2 4631/9/2
f 4631/9/2 4627/9/2 4632/9/2
f 4628/7/2 4629/7/2 4648/7/2
f 4648/7/2 4629/7/2 4649/7/2
f 4633/9/2 4634/9/2 4650/9/2
f 4650/9/2 4634/9/2 4651/9/2
f 4635/7/2 4636/7/2 4652/7/2
f 4636/11/2 4637/11/2 4653/11/2
f 4652/7/2 4636/7/2 4653/7/2
f 4637/7/2 4638/7/2 4654/7/2
f 4653/11/2 4637/11/2 4654/11/2
f 4638/11/2 4639/11/2 4655/11/2
f 4654/7/2 4638/7/2 4655/7/2
f 4639/7/2 4640/7/2 4656/7/2
f 4655/11/2 4639/11/2 4656/11/2
f 4640/8/2 4641/8/2 4657/8/2
f 4656/7/2 4640/7/2 4657/7/2
f 4657/8/2 4641/8/2 4658/8/2
f 4642/4/2 4643/4/2 4659/4/2
f 4659/4/2 4643/4/2 4660/4/2
f 4644/4/2 4645/4/2 4661/4/2
f 4646/7/2 4647/7/2 4662/7/2
f 4661/4/2 4645/4/2 4662/4/2
f 4645/7/2 4646/7/2 4662/7/2
f 4662/7/2 4647/7/2 4663/7/2
f 4664/3/2 4665/3/2 4667/3/2
f 4667/3/2 4665/3/2 4668/3/2
f 4668/3/2 4665/3/2 4669/3/2
f 4666/11/2 4667/11/2 4674/11/2
f 4667/11/2 4668/11/2 4674/11/2
f 4674/11/2 4668/11/2 4675/11/2
f 4675/11/2 4668/11/2 4676/11/2
f 4676/11/2 4668/11/2 4677/11/2
f 4677/11/2 4668/11/2 4678/11/2
f 4678/11/2 4668/11/2 4679/11/2
f 4672/9/2 4673/9/2 4680/9/2
f 4680/9/2 4673/9/2 4681/9/2
f 4675/11/2 4676/11/2 4682/11/2
f 4682/11/2 4676/11/2 4683/11/2
f 4683/11/2 4676/11/2 4684/11/2
f 4684/11/2 4676/11/2 4685/11/2
f 4670/7/2 4671/7/2 4686/7/2
f 4686/7/2 4671/7/2 4687/7/2
f 4683/11/2 4684/11/2 4688/11/2
f 4688/11/2 4684/11/2 4689/11/2
f 4689/11/2 4684/11/2 4690/11/2
f 4690/11/2 4684/11/2 4691/11/2
f 4689/11/2 4690/11/2 4692/11/2
f 4692/11/2 4690/11/2 4693/11/2
f 4693/11/2 4690/11/2 4694/11/2
f 4694/11/2 4690/11/2 4695/11/2
f 4693/11/2 4694/11/2 4696/11/2
f 4696/11/2 4694/11/2 4697/11/2
f 4697/11/2 4694/11/2 4698/11/2
f 4698/11/2 4694/11/2 4699/11/2
f 4697/11/2 4698/11/2 4700/11/2
f 4700/11/2 4698/11/2 4701/11/2
f 4702/9/2 4703/9/2 4706/9/2
f 4706/9/2 4703/9/2 4707/9/2
f 4704/7/2 4705/7/2 4710/7/2
f 4710/7/2 4705/7/2 4711/7/2
f 4707/9/2 4708/9/2 4712/9/2
f 4712/9/2 4708/9/2 4713/9/2
f 4709/7/2 4710/7/2 4723/7/2
f 4723/7/2 4710/7/2 4724/7/2
f 4713/9/2 4714/9/2 4725/9/2
f 4725/9/2 4714/9/2 4726/9/2
f 4715/7/2 4716/7/2 4727/7/2
f 4716/4/2 4717/4/2 4728/4/2
f 4727/7/2 4716/7/2 4728/7/2
f 4717/4/2 4718/4/2 4728/4/2
f 4718/7/2 4719/7/2 4729/7/2
f 4728/4/2 4718/4/2 4729/4/2
f 4719/7/2 4720/7/2 4729/7/2
f 4720/7/2 4721/7/2 4729/7/2
f 4721/4/2 4722/4/2 4730/4/2
f 4729/7/2 4721/7/2 4730/7/2
f 4722/7/2 4723/7/2 4731/7/2
f 4730/4/2 4722/4/2 4731/4/2
f 4731/7/2 4723/7/2 4732/7/2
f 4733/13/2 4734/13/2 4740/13/2
f 4740/13/2 4734/13/2 4741/13/2
f 4741/13/2 4734/13/2 4742/13/2
f 4735/9/2 4736/9/2 4744/9/2
f 4744/9/2 4736/9/2 4745/9/2
f 4737/7/2 4738/7/2 4748/7/2
f 4738/4/2 4739/4/2 4749/4/2
f 4748/7/2 4738/7/2 4749/7/2
f 4739/13/2 4740/13/2 4750/13/2
f 4749/4/2 4739/4/2 4750/4/2
f 4740/13/2 4741/13/2 4750/13/2
f 4750/13/2 4741/13/2 4751/13/2
f 4751/13/2 4741/13/2 4752/13/2
f 4752/13/2 4741/13/2 4753/13/2
f 4753/13/2 4741/13/2 4754/13/2
f 4741/4/2 4742/4/2 4755/4/2
f 4754/13/2 4741/13/2 4755/13/2
f 4742/13/2 4734/13/2 4756/13/2
f 4755/4/2 4742/4/2 4756/4/2
f 4756/13/2 4734/13/2 4757/13/2
f 4757/13/2 4734/13/2 4758/13/2
f 4745/9/2 4746/9/2 4760/9/2
f 4743/9/2 4744/9/2 4760/9/2
f 4744/9/2 4745/9/2 4760/9/2
f 4747/7/2 4748/7/2 4763/7/2
f 4763/7/2 4748/7/2 4764/7/2
f 4748/4/2 4749/4/2 4765/4/2
f 4764/7/2 4748/7/2 4765/7/2
f 4749/4/2 4750/4/2 4765/4/2
f 4750/4/2 4751/4/2 4765/4/2
f 4751/13/2 4752/13/2 4766/13/2
f 4765/4/2 4751/4/2 4766/4/2
f 4752/4/2 4753/4/2 4767/4/2
f 4766/13/2 4752/13/2 4767/13/2
f 4753/13/2 4754/13/2 4768/13/2
f 4767/4/2 4753/4/2 4768/4/2
f 4754/4/2 4755/4/2 4769/4/2
f 4768/13/2 4754/13/2 4769/13/2
f 4756/4/2 4757/4/2 4769/4/2
f 4755/4/2 4756/4/2 4769/4/2
f 4757/13/2 4758/13/2 4770/13/2
f 4769/4/2 4757/4/2 4770/4/2
f 4770/13/2 4758/13/2 4771/13/2
f 4760/9/2 4761/9/2 4772/9/2
f 4763/7/2 4764/7/2 4775/7/2
f 4762/7/2 4763/7/2 4775/7/2
f 4767/4/2 4768/4/2 4776/4/2
f 4766/4/2 4767/4/2 4776/4/2
f 4768/4/2 4769/4/2 4776/4/2
f 4764/8/2 4765/8/2 4776/8/2
f 4770/4/2 4771/4/2 4776/4/2
f 4769/4/2 4770/4/2 4776/4/2
f 4765/4/2 4766/4/2 4776/4/2
f 4776/4/2 4771/4/2 4777/4/2
f 4772/9/2 4773/9/2 4778/9/2
f 4774/7/2 4775/7/2 4781/7/2
f 4777/4/2 4771/4/2 4782/4/2
f 4776/7/2 4777/7/2 4782/7/2
f 4782/4/2 4771/4/2 4783/4/2
f 4771/13/2 4758/13/2 4784/13/2
f 4783/4/2 4771/4/2 4784/4/2
f 4784/13/2 4758/13/2 4785/13/2
f 4772/9/2 4778/9/2 4786/9/2
f 4778/13/2 4779/13/2 4787/13/2
f 4786/9/2 4778/9/2 4787/9/2
f 4787/13/2 4779/13/2 4788/13/2
f 4780/7/2 4781/7/2 4789/7/2
f 4775/7/2 4764/7/2 4790/7/2
f 4781/7/2 4775/7/2 4790/7/2
f 4789/7/2 4781/7/2 4790/7/2
f 4764/8/2 4776/8/2 4791/8/2
f 4790/7/2 4764/7/2 4791/7/2
f 4782/7/2 4783/7/2 4792/7/2
f 4791/8/2 4776/8/2 4792/8/2
f 4776/7/2 4782/7/2 4792/7/2
f 4772/9/2 4786/9/2 4793/9/2
f 4743/9/2 4760/9/2 4793/9/2
f 4760/9/2 4772/9/2 4793/9/2
f 4793/9/2 4786/9/2 4794/9/2
f 4792/7/2 4783/7/2 4795/7/2
f 4791/7/2 4792/7/2 4795/7/2
f 4784/4/2 4785/4/2 4795/4/2
f 4783/4/2 4784/4/2 4795/4/2
f 4795/4/2 4785/4/2 4796/4/2
f 4785/13/2 4758/13/2 4797/13/2
f 4758/7/2 4759/7/2 4798/7/2
f 4797/13/2 4758/13/2 4798/13/2
f 4798/7/2 4759/7/2 4799/7/2
f 4794/9/2 4786/9/2 4800/9/2
f 4787/13/2 4788/13/2 4801/13/2
f 4800/9/2 4786/9/2 4801/9/2
f 4786/13/2 4787/13/2 4801/13/2
f 4794/9/2 4800/9/2 4802/9/2
f 4802/9/2 4800/9/2 4803/9/2
f 4803/9/2 4800/9/2 4804/9/2
f 4800/13/2 4801/13/2 4805/13/2
f 4804/9/2 4800/9/2 4805/9/2
f 4788/7/2 4789/7/2 4806/7/2
f 4789/7/2 4790/7/2 4806/7/2
f 4790/8/2 4791/8/2 4807/8/2
f 4806/7/2 4790/7/2 4807/7/2
f 4796/4/2 4785/4/2 4808/4/2
f 4795/7/2 4796/7/2 4808/7/2
f 4808/4/2 4785/4/2 4809/4/2
f 4809/4/2 4785/4/2 4810/4/2
f 4785/13/2 4797/13/2 4811/13/2
f 4810/4/2 4785/4/2 4811/4/2
f 4797/7/2 4798/7/2 4812/7/2
f 4811/13/2 4797/13/2 4812/13/2
f 4812/7/2 4798/7/2 4813/7/2
f 4803/9/2 4804/9/2 4814/9/2
f 4804/13/2 4805/13/2 4815/13/2
f 4814/9/2 4804/9/2 4815/9/2
f 4788/7/2 4806/7/2 4816/7/2
f 4815/13/2 4805/13/2 4816/13/2
f 4801/13/2 4788/13/2 4816/13/2
f 4805/13/2 4801/13/2 4816/13/2
f 4806/8/2 4807/8/2 4817/8/2
f 4816/7/2 4806/7/2 4817/7/2
f 4808/7/2 4809/7/2 4818/7/2
f 4817/8/2 4807/8/2 4818/8/2
f 4795/7/2 4808/7/2 4818/7/2
f 4807/8/2 4791/8/2 4818/8/2
f 4791/7/2 4795/7/2 4818/7/2
f 4809/4/2 4810/4/2 4819/4/2
f 4818/7/2 4809/7/2 4819/7/2
f 4811/7/2 4812/7/2 4820/7/2
f 4819/4/2 4810/4/2 4820/4/2
f 4810/7/2 4811/7/2 4820/7/2
f 4820/7/2 4812/7/2 4821/7/2
f 4825/4/3 4823/4/3 4822/4/3
f 4826/4/3 4823/4/3 4825/4/3
f 4827/7/3 4824/7/3 4823/7/3
f 4829/4/3 4823/4/3 4826/4/3
f 4829/7/3 4828/7/3 4827/7/3
f 4829/7/3 4827/7/3 4823/7/3
f 4830/7/3 4828/7/3 4829/7/3
f 4831/7/3 4828/7/3 4830/7/3
f 4833/4/3 4829/4/3 4826/4/3
f 4833/4/3 4830/4/3 4829/4/3
f 4834/4/3 4830/4/3 4833/4/3
f 4835/7/3 4832/7/3 4831/7/3
f 4835/4/3 4830/4/3 4834/4/3
f 4835/7/3 4831/7/3 4830/7/3
f 4836/7/3 4832/7/3 4835/7/3
f 4837/4/3 4836/4/3 4835/4/3
f 4837/7/3 4832/7/3 4836/7/3
f 4838/7/3 4832/7/3 4837/7/3
f 4839/4/3 4835/4/3 4834/4/3
f 4839/4/3 4837/4/3 4835/4/3
f 4839/4/3 4838/4/3 4837/4/3
f 4840/4/3 4838/4/3 4839/4/3
f 4842/4/3 4838/4/3 4840/4/3
f 4844/4/3 4842/4/3 4841/4/3
f 4845/7/3 4832/7/3 4838/7/3
f 4845/4/3 4844/4/3 4843/4/3
f 4845/4/3 4842/4/3 4844/4/3
f 4845/4/3 4838/4/3 4842/4/3
f 4846/7/3 4832/7/3 4845/7/3
f 4848/4/3 4845/4/3 4843/4/3
f 4848/4/3 4846/4/3 4845/4/3
f 4850/4/3 4848/4/3 4847/4/3
f 4851/4/3 4850/4/3 4849/4/3
f 4852/4/3 4848/4/3 4850/4/3
f 4852/4/3 4850/4/3 4851/4/3
f 4853/4/3 4848/4/3 4852/4/3
f 4854/4/3 4846/4/3 4848/4/3
f 4854/4/3 4848/4/3 4853/4/3
f 4855/4/3 4846/4/3 4854/4/3
f 4856/4/3 4846/4/3 4855/4/3
f 4857/4/3 4846/4/3 4856/4/3
f 4858/4/3 4846/4/3 4857/4/3
f 4859/4/3 4846/4/3 4858/4/3
f 4860/4/3 4846/4/3 4859/4/3
f 4861/7/3 4860/7/3 4859/7/3
f 4862/7/3 4860/7/3 4861/7/3
f 4863/7/3 4861/7/3 4859/7/3
f 4864/7/3 4861/7/3 4863/7/3
f 4868/7/3 4866/7/3 4865/7/3
f 4869/7/3 4866/7/3 4868/7/3
f 4872/7/3 4868/7/3 4867/7/3
f 4872/7/3 4870/7/3 4869/7/3
f 4872/7/3 4869/7/3 4868/7/3
f 4874/7/3 4872/7/3 4871/7/3
f 4875/7/3 4874/7/3 4873/7/3
f 4876/7/3 4872/7/3 4874/7/3
f 4876/7/3 4874/7/3 4875/7/3
f 4877/7/3 4872/7/3 4876/7/3
f 4878/7/3 4870/7/3 4872/7/3
f 4878/7/3 4872/7/3 4877/7/3
f 4879/7/3 4870/7/3 4878/7/3
f 4880/7/3 4870/7/3 4879/7/3
f 4881/7/3 4870/7/3 4880/7/3
f 4882/7/3 4870/7/3 4881/7/3
f 4883/7/3 4870/7/3 4882/7/3
f 4884/7/3 4870/7/3 4883/7/3
f 4885/7/3 4870/7/3 4884/7/3
f 4886/7/3 4870/7/3 4885/7/3
f 4887/7/3 4885/7/3 4884/7/3
f 4888/7/3 4885/7/3 4887/7/3
f 4891/13/3 4890/13/3 4889/13/3
f 4894/13/3 4891/13/3 4889/13/3
f 4894/13/3 4892/13/3 4891/13/3
f 4896/13/3 4894/13/3 4893/13/3
f 4898/13/3 4896/13/3 4895/13/3
f 4900/13/3 4898/13/3 4897/13/3
f 4901/13/3 4892/13/3 4894/13/3
f 4901/13/3 4894/13/3 4896/13/3
f 4901/13/3 4898/13/3 4900/13/3
f 4901/13/3 4896/13/3 4898/13/3
f 4902/13/3 4892/13/3 4901/13/3
f 4903/13/3 4900/13/3 4899/13/3
f 4903/13/3 4901/13/3 4900/13/3
f 4904/9/3 4902/9/3 4901/9/3
f 4904/13/3 4901/13/3 4903/13/3
f 4905/13/3 4903/13/3 4899/13/3
f 4906/9/3 4904/9/3 4903/9/3
f 4906/13/3 4903/13/3 4905/13/3
f 4907/13/3 4905/13/3 4899/13/3
f 4908/9/3 4906/9/3 4905/9/3
f 4908/13/3 4905/13/3 4907/13/3
f 4909/13/3 4907/13/3 4899/13/3
f 4910/9/3 4908/9/3 4907/9/3
f 4910/13/3 4907/13/3 4909/13/3
f 4911/13/3 4909/13/3 4899/13/3
f 4912/13/3 4909/13/3 4911/13/3
f 4913/7/3 4912/7/3 4911/7/3
f 4913/13/3 4909/13/3 4912/13/3
f 4914/9/3 4910/9/3 4909/9/3
f 4914/13/3 4909/13/3 4913/13/3
f 4915/9/3 4908/9/3 4910/9/3
f 4915/9/3 4910/9/3 4914/9/3
f 4916/7/3 4914/7/3 4913/7/3
f 4916/9/3 4908/9/3 4915/9/3
f 4916/7/3 4915/7/3 4914/7/3
f 4917/9/3 4906/9/3 4908/9/3
f 4917/9/3 4908/9/3 4916/9/3
f 4918/7/3 4917/7/3 4916/7/3
f 4918/9/3 4906/9/3 4917/9/3
f 4919/9/3 4902/9/3 4904/9/3
f 4919/9/3 4906/9/3 4918/9/3
f 4919/9/3 4904/9/3 4906/9/3
f 4920/7/3 4919/7/3 4918/7/3
f 4920/9/3 4902/9/3 4919/9/3
f 4921/9/3 4902/9/3 4920/9/3
f 4922/7/3 4918/7/3 4916/7/3
f 4922/7/3 4913/7/3 4911/7/3
f 4922/7/3 4921/7/3 4920/7/3
f 4922/7/3 4920/7/3 4918/7/3
f 4922/7/3 4916/7/3 4913/7/3
f 4923/7/3 4921/7/3 4922/7/3
f 4924/7/3 4921/7/3 4923/7/3
f 4925/7/3 4921/7/3 4924/7/3
f 4926/7/3 4921/7/3 4925/7/3
f 4927/7/3 4921/7/3 4926/7/3
f 4928/7/3 4921/7/3 4927/7/3
f 4929/7/3 4921/7/3 4928/7/3
f 4931/7/3 4921/7/3 4929/7/3
f 4933/7/3 4931/7/3 4930/7/3
f 4935/7/3 4933/7/3 4932/7/3
f 4936/7/3 4935/7/3 4934/7/3
f 4937/7/3 4933/7/3 4935/7/3
f 4937/7/3 4935/7/3 4936/7/3
f 4938/7/3 4933/7/3 4937/7/3
f 4939/7/3 4931/7/3 4933/7/3
f 4939/7/3 4933/7/3 4938/7/3
f 4940/7/3 4931/7/3 4939/7/3
f 4941/7/3 4921/7/3 4931/7/3
f 4941/7/3 4931/7/3 4940/7/3
f 4943/7/3 4921/7/3 4941/7/3
f 4945/7/3 4943/7/3 4942/7/3
f 4947/7/3 4945/7/3 4944/7/3
f 4949/7/3 4947/7/3 4946/7/3
f 4950/7/3 4921/7/3 4943/7/3
f 4950/7/3 4949/7/3 4948/7/3
f 4950/7/3 4947/7/3 4949/7/3
f 4950/7/3 4943/7/3 4945/7/3
f 4950/7/3 4945/7/3 4947/7/3
f 4951/7/3 4921/7/3 4950/7/3
f 4953/7/3 4950/7/3 4948/7/3
f 4955/7/3 4953/7/3 4952/7/3
f 4956/11/3 4951/11/3 4950/11/3
f 4956/7/3 4950/7/3 4953/7/3
f 4956/7/3 4953/7/3 4955/7/3
f 4957/11/3 4951/11/3 4956/11/3
f 4958/7/3 4955/7/3 4954/7/3
f 4958/7/3 4956/7/3 4955/7/3
f 4958/7/3 4957/7/3 4956/7/3
f 4959/7/3 4957/7/3 4958/7/3
f 4960/7/3 4957/7/3 4959/7/3
f 4961/7/3 4957/7/3 4960/7/3
f 4962/7/3 4957/7/3 4961/7/3
f 4963/7/3 4957/7/3 4962/7/3
f 4964/7/3 4957/7/3 4963/7/3
f 4965/7/3 4957/7/3 4964/7/3
f 4966/7/3 4957/7/3 4965/7/3
f 4967/7/3 4957/7/3 4966/7/3
f 4968/7/3 4957/7/3 4967/7/3
f 4969/7/3 4957/7/3 4968/7/3
f 4971/7/3 4957/7/3 4969/7/3
f 4973/7/3 4971/7/3 4970/7/3
f 4975/7/3 4973/7/3 4972/7/3
f 4977/7/3 4975/7/3 4974/7/3
f 4978/7/3 4977/7/3 4976/7/3
f 4979/7/3 4975/7/3 4977/7/3
f 4979/7/3 4977/7/3 4978/7/3
f 4980/7/3 4975/7/3 4979/7/3
f 4981/7/3 4973/7/3 4975/7/3
f 4981/7/3 4975/7/3 4980/7/3
f 4982/7/3 4973/7/3 4981/7/3
f 4983/7/3 4971/7/3 4973/7/3
f 4983/7/3 4973/7/3 4982/7/3
f 4984/7/3 4971/7/3 4983/7/3
f 4985/7/3 4957/7/3 4971/7/3
f 4985/7/3 4971/7/3 4984/7/3
f 4987/7/3 4957/7/3 4985/7/3
f 4989/7/3 4987/7/3 4986/7/3
f 4990/7/3 4957/7/3 4987/7/3
f 4990/7/3 4989/7/3 4988/7/3
f 4990/7/3 4987/7/3 4989/7/3
f 4991/7/3 4957/7/3 4990/7/3
f 4992/7/3 4990/7/3 4988/7/3
f 4993/10/3 4991/10/3 4990/10/3
f 4993/7/3 4990/7/3 4992/7/3
f 4995/10/3 4993/10/3 4992/10/3
f 4996/10/3 4991/10/3 4993/10/3
f 4996/10/3 4995/10/3 4994/10/3
f 4996/10/3 4993/10/3 4995/10/3
f 4997/10/3 4991/10/3 4996/10/3
f 4998/10/3 4996/10/3 4994/10/3
f 4999/9/3 4997/9/3 4996/9/3
f 4999/10/3 4996/10/3 4998/10/3
f 5000/10/3 4998/10/3 4994/10/3
f 5001/9/3 4999/9/3 4998/9/3
f 5001/10/3 4998/10/3 5000/10/3
f 5003/9/3 5001/9/3 5000/9/3
f 5005/9/3 5003/9/3 5002/9/3
f 5006/9/3 4997/9/3 4999/9/3
f 5006/9/3 5005/9/3 5004/9/3
f 5006/9/3 5003/9/3 5005/9/3
f 5006/9/3 4999/9/3 5001/9/3
f 5006/9/3 5001/9/3 5003/9/3
f 5007/9/3 4997/9/3 5006/9/3
f 5008/9/3 5006/9/3 5004/9/3
f 5009/9/3 5006/9/3 5008/9/3
f 5010/9/3 5006/9/3 5009/9/3
f 5011/9/3 5006/9/3 5010/9/3
f 5012/9/3 5010/9/3 5009/9/3
f 5013/9/3 5010/9/3 5012/9/3
f 5018/7/3 5015/7/3 5014/7/3
f 5019/7/3 5015/7/3 5018/7/3
f 5022/11/3 5017/11/3 5016/11/3
f 5023/7/3 5020/7/3 5019/7/3
f 5024/7/3 5020/7/3 5023/7/3
f 5027/11/3 5022/11/3 5021/11/3
f 5028/11/3 5017/11/3 5022/11/3
f 5028/11/3 5022/11/3 5027/11/3
f 5031/11/3 5027/11/3 5026/11/3
f 5031/11/3 5029/11/3 5028/11/3
f 5031/11/3 5028/11/3 5027/11/3
f 5032/11/3 5029/11/3 5031/11/3
f 5034/11/3 5032/11/3 5031/11/3
f 5034/11/3 5033/11/3 5032/11/3
f 5035/11/3 5033/11/3 5034/11/3
f 5036/11/3 5034/11/3 5031/11/3
f 5037/11/3 5034/11/3 5036/11/3
f 5038/7/3 5025/7/3 5024/7/3
f 5039/7/3 5025/7/3 5038/7/3
f 5040/7/3 5025/7/3 5039/7/3
f 5041/11/3 5036/11/3 5031/11/3
f 5042/11/3 5036/11/3 5041/11/3
f 5043/11/3 5041/11/3 5031/11/3
f 5044/11/3 5041/11/3 5043/11/3
f 5045/4/3 5040/4/3 5039/4/3
f 5046/4/3 5040/4/3 5045/4/3
f 5047/11/3 5043/11/3 5031/11/3
f 5049/11/3 5048/11/3 5047/11/3
f 5051/11/3 5050/11/3 5049/11/3
f 5053/11/3 5052/11/3 5051/11/3
f 5055/11/3 5046/11/3 5045/11/3
f 5056/11/3 5046/11/3 5055/11/3
f 5057/11/3 5054/11/3 5053/11/3
f 5058/4/3 5056/4/3 5055/4/3
f 5059/4/3 5056/4/3 5058/4/3
f 5060/11/3 5053/11/3 5051/11/3
f 5060/11/3 5057/11/3 5053/11/3
f 5061/11/3 5057/11/3 5060/11/3
f 5062/7/3 5059/7/3 5058/7/3
f 5063/7/3 5059/7/3 5062/7/3
f 5064/11/3 5051/11/3 5049/11/3
f 5064/11/3 5060/11/3 5051/11/3
f 5065/7/3 5061/7/3 5060/7/3
f 5065/11/3 5060/11/3 5064/11/3
f 5066/7/3 5061/7/3 5065/7/3
f 5067/7/3 5065/7/3 5064/7/3
f 5070/11/3 5049/11/3 5047/11/3
f 5070/11/3 5064/11/3 5049/11/3
f 5071/7/3 5067/7/3 5064/7/3
f 5071/11/3 5064/11/3 5070/11/3
f 5072/7/3 5067/7/3 5071/7/3
f 5073/7/3 5069/7/3 5068/7/3
f 5074/7/3 5069/7/3 5073/7/3
f 5076/11/3 5047/11/3 5031/11/3
f 5076/11/3 5070/11/3 5047/11/3
f 5077/11/3 5070/11/3 5076/11/3
f 5078/11/3 5076/11/3 5031/11/3
f 5079/11/3 5076/11/3 5078/11/3
f 5080/11/3 5078/11/3 5031/11/3
f 5082/11/3 5081/11/3 5080/11/3
f 5084/11/3 5083/11/3 5082/11/3
f 5086/11/3 5085/11/3 5084/11/3
f 5088/11/3 5087/11/3 5086/11/3
f 5091/7/3 5075/7/3 5074/7/3
f 5092/11/3 5089/11/3 5088/11/3
f 5093/7/3 5091/7/3 5090/7/3
f 5094/7/3 5075/7/3 5091/7/3
f 5094/7/3 5091/7/3 5093/7/3
f 5095/7/3 5075/7/3 5094/7/3
f 5096/11/3 5092/11/3 5088/11/3
f 5096/7/3 5093/7/3 5092/7/3
f 5096/7/3 5094/7/3 5093/7/3
f 5097/7/3 5094/7/3 5096/7/3
f 5098/7/3 5094/7/3 5097/7/3
f 5099/7/3 5094/7/3 5098/7/3
f 5101/11/3 5088/11/3 5086/11/3
f 5101/11/3 5096/11/3 5088/11/3
f 5102/11/3 5096/11/3 5101/11/3
f 5103/11/3 5086/11/3 5084/11/3
f 5103/11/3 5101/11/3 5086/11/3
f 5104/11/3 5101/11/3 5103/11/3
f 5105/11/3 5084/11/3 5082/11/3
f 5105/11/3 5103/11/3 5084/11/3
f 5106/11/3 5103/11/3 5105/11/3
f 5107/13/3 5100/13/3 5099/13/3
f 5108/13/3 5100/13/3 5107/13/3
f 5109/11/3 5105/11/3 5082/11/3
f 5109/11/3 5082/11/3 5080/11/3
f 5110/11/3 5105/11/3 5109/11/3
f 5111/9/3 5108/9/3 5107/9/3
f 5112/11/3 5109/11/3 5080/11/3
f 5113/9/3 5108/9/3 5111/9/3
f 5114/9/3 5108/9/3 5113/9/3
f 5115/11/3 5112/11/3 5080/11/3
f 5117/11/3 5116/11/3 5115/11/3
f 5119/11/3 5118/11/3 5117/11/3
f 5121/11/3 5120/11/3 5119/11/3
f 5123/11/3 5121/11/3 5119/11/3
f 5123/11/3 5122/11/3 5121/11/3
f 5124/11/3 5122/11/3 5123/11/3
f 5125/11/3 5119/11/3 5117/11/3
f 5125/11/3 5123/11/3 5119/11/3
f 5126/11/3 5123/11/3 5125/11/3
f 5127/11/3 5117/11/3 5115/11/3
f 5127/11/3 5125/11/3 5117/11/3
f 5128/11/3 5125/11/3 5127/11/3
f 5129/11/3 5127/11/3 5115/11/3
f 5131/11/3 5130/11/3 5129/11/3
f 5133/11/3 5132/11/3 5131/11/3
f 5135/11/3 5133/11/3 5131/11/3
f 5135/11/3 5134/11/3 5133/11/3
f 5136/11/3 5134/11/3 5135/11/3
f 5137/11/3 5131/11/3 5129/11/3
f 5137/11/3 5135/11/3 5131/11/3
f 5138/11/3 5135/11/3 5137/11/3
f 5139/7/3 5114/7/3 5113/7/3
f 5140/7/3 5114/7/3 5139/7/3
f 5141/11/3 5129/11/3 5115/11/3
f 5141/11/3 5137/11/3 5129/11/3
f 5142/11/3 5137/11/3 5141/11/3
f 5143/11/3 5115/11/3 5080/11/3
f 5143/11/3 5141/11/3 5115/11/3
f 5144/11/3 5141/11/3 5143/11/3
f 5145/11/3 5140/11/3 5139/11/3
f 5146/11/3 5080/11/3 5031/11/3
f 5146/11/3 5143/11/3 5080/11/3
f 5147/11/3 5143/11/3 5146/11/3
f 5148/3/3 5031/3/3 5030/3/3
f 5148/11/3 5146/11/3 5031/11/3
f 5149/11/3 5146/11/3 5148/11/3
f 5150/11/3 5140/11/3 5145/11/3
f 5151/11/3 5140/11/3 5150/11/3
f 5152/3/3 5148/3/3 5030/3/3
f 5154/11/3 5153/11/3 5152/11/3
f 5156/11/3 5155/11/3 5154/11/3
f 5158/11/3 5157/11/3 5156/11/3
f 5160/11/3 5159/11/3 5158/11/3
f 5162/11/3 5161/11/3 5160/11/3
f 5164/11/3 5162/11/3 5160/11/3
f 5164/11/3 5163/11/3 5162/11/3
f 5165/11/3 5163/11/3 5164/11/3
f 5166/11/3 5160/11/3 5158/11/3
f 5166/11/3 5164/11/3 5160/11/3
f 5167/11/3 5164/11/3 5166/11/3
f 5168/11/3 5158/11/3 5156/11/3
f 5168/11/3 5166/11/3 5158/11/3
f 5169/11/3 5166/11/3 5168/11/3
f 5170/11/3 5156/11/3 5154/11/3
f 5170/11/3 5168/11/3 5156/11/3
f 5171/11/3 5168/11/3 5170/11/3
f 5172/11/3 5170/11/3 5154/11/3
f 5174/11/3 5173/11/3 5172/11/3
f 5176/11/3 5175/11/3 5174/11/3
f 5178/11/3 5177/11/3 5176/11/3
f 5180/11/3 5178/11/3 5176/11/3
f 5180/11/3 5179/11/3 5178/11/3
f 5181/11/3 5179/11/3 5180/11/3
f 5182/11/3 5176/11/3 5174/11/3
f 5182/11/3 5180/11/3 5176/11/3
f 5183/11/3 5180/11/3 5182/11/3
f 5184/7/3 5151/7/3 5150/7/3
f 5185/7/3 5151/7/3 5184/7/3
f 5186/10/3 5185/10/3 5184/10/3
f 5187/11/3 5182/11/3 5174/11/3
f 5188/11/3 5174/11/3 5172/11/3
f 5188/11/3 5187/11/3 5174/11/3
f 5189/11/3 5187/11/3 5188/11/3
f 5190/10/3 5185/10/3 5186/10/3
f 5191/10/3 5185/10/3 5190/10/3
f 5192/11/3 5188/11/3 5172/11/3
f 5193/11/3 5172/11/3 5154/11/3
f 5193/11/3 5192/11/3 5172/11/3
f 5194/11/3 5192/11/3 5193/11/3
f 5195/11/3 5154/11/3 5152/11/3
f 5195/11/3 5193/11/3 5154/11/3
f 5196/11/3 5193/11/3 5195/11/3
f 5197/3/3 5152/3/3 5030/3/3
f 5198/11/3 5195/11/3 5152/11/3
f 5198/3/3 5152/3/3 5197/3/3
f 5199/11/3 5195/11/3 5198/11/3
f 5200/11/3 5195/11/3 5199/11/3
f 5202/9/3 5191/9/3 5190/9/3
f 5203/9/3 5191/9/3 5202/9/3
f 5207/9/3 5202/9/3 5201/9/3
f 5208/9/3 5202/9/3 5207/9/3
f 5209/9/3 5205/9/3 5204/9/3
f 5210/9/3 5205/9/3 5209/9/3
f 5211/9/3 5207/9/3 5206/9/3
f 5212/9/3 5207/9/3 5211/9/3
f 5217/7/3 5214/7/3 5213/7/3
f 5218/7/3 5214/7/3 5217/7/3
f 5221/11/3 5216/11/3 5215/11/3
f 5222/11/3 5216/11/3 5221/11/3
f 5223/7/3 5219/7/3 5218/7/3
f 5224/7/3 5219/7/3 5223/7/3
f 5226/11/3 5221/11/3 5220/11/3
f 5227/11/3 5221/11/3 5226/11/3
f 5231/3/3 5226/3/3 5225/3/3
f 5232/3/3 5226/3/3 5231/3/3
f 5233/7/3 5229/7/3 5228/7/3
f 5234/7/3 5229/7/3 5233/7/3
f 5235/4/3 5234/4/3 5233/4/3
f 5236/4/3 5234/4/3 5235/4/3
f 5237/4/3 5234/4/3 5236/4/3
f 5238/11/3 5237/11/3 5236/11/3
f 5239/11/3 5237/11/3 5238/11/3
f 5240/4/3 5239/4/3 5238/4/3
f 5241/4/3 5239/4/3 5240/4/3
f 5242/4/3 5239/4/3 5241/4/3
f 5244/7/3 5242/7/3 5241/7/3
f 5246/7/3 5244/7/3 5243/7/3
f 5247/7/3 5244/7/3 5246/7/3
f 5248/7/3 5242/7/3 5244/7/3
f 5248/7/3 5244/7/3 5247/7/3
f 5249/7/3 5247/7/3 5246/7/3
f 5249/7/3 5246/7/3 5245/7/3
f 5250/7/3 5247/7/3 5249/7/3
f 5252/7/3 5251/7/3 5250/7/3
f 5253/7/3 5251/7/3 5252/7/3
f 5257/7/3 5255/7/3 5254/7/3
f 5258/7/3 5255/7/3 5257/7/3
f 5259/13/3 5257/13/3 5256/13/3
f 5260/13/3 5257/13/3 5259/13/3
f 5263/4/3 5262/4/3 5261/4/3
f 5264/4/3 5262/4/3 5263/4/3
f 5265/8/3 5264/8/3 5263/8/3
f 5266/8/3 5264/8/3 5265/8/3
f 5267/13/3 5266/13/3 5265/13/3
f 5268/13/3 5266/13/3 5267/13/3
f 5269/9/3 5268/9/3 5267/9/3
f 5270/9/3 5268/9/3 5269/9/3
f 5271/9/3 5268/9/3 5270/9/3
f 5272/7/3 5271/7/3 5270/7/3
f 5273/7/3 5271/7/3 5272/7/3
f 5274/11/3 5273/11/3 5272/11/3
f 5275/11/3 5273/11/3 5274/11/3
f 5276/7/3 5275/7/3 5274/7/3
f 5277/7/3 5275/7/3 5276/7/3
f 5278/7/3 5275/7/3 5277/7/3
f 5279/10/3 5278/10/3 5277/10/3
f 5280/10/3 5278/10/3 5279/10/3
f 5281/10/3 5278/10/3 5280/10/3
f 5282/9/3 5281/9/3 5280/9/3
f 5283/6/3 5231/6/3 5230/6/3
f 5284/6/3 5231/6/3 5283/6/3
f 5286/3/3 5285/3/3 5284/3/3
f 5287/3/3 5285/3/3 5286/3/3
f 5289/9/3 5281/9/3 5282/9/3
f 5290/9/3 5281/9/3 5289/9/3
f 5291/11/3 5288/11/3 5287/11/3
f 5292/11/3 5288/11/3 5291/11/3
f 5296/9/3 5294/9/3 5293/9/3
f 5297/9/3 5294/9/3 5296/9/3
f 5298/9/3 5296/9/3 5295/9/3
f 5299/9/3 5296/9/3 5298/9/3
f 5303/11/3 5301/11/3 5300/11/3
f 5304/11/3 5301/11/3 5303/11/3
f 5308/3/3 5303/3/3 5302/3/3
f 5309/3/3 5303/3/3 5308/3/3
f 5310/7/3 5306/7/3 5305/7/3
f 5311/7/3 5306/7/3 5310/7/3
f 5313/6/3 5308/6/3 5307/6/3
f 5314/6/3 5308/6/3 5313/6/3
f 5317/7/3 5316/7/3 5315/7/3
f 5318/7/3 5316/7/3 5317/7/3
f 5321/7/3 5320/7/3 5319/7/3
f 5322/7/3 5320/7/3 5321/7/3
f 5325/7/3 5324/7/3 5323/7/3
f 5326/7/3 5324/7/3 5325/7/3
f 5327/2/3 5313/2/3 5312/2/3
f 5328/2/3 5313/2/3 5327/2/3
f 5330/6/3 5329/6/3 5328/6/3
f 5331/6/3 5329/6/3 5330/6/3
f 5335/3/3 5332/3/3 5331/3/3
f 5336/3/3 5332/3/3 5335/3/3
f 5338/9/3 5334/9/3 5333/9/3
f 5339/9/3 5334/9/3 5338/9/3
f 5340/11/3 5337/11/3 5336/11/3
f 5341/11/3 5337/11/3 5340/11/3
f 5345/3/3 5343/3/3 5342/3/3
f 5346/3/3 5343/3/3 5345/3/3
f 5348/6/3 5345/6/3 5344/6/3
f 5349/6/3 5345/6/3 5348/6/3
f 5350/2/3 5348/2/3 5347/2/3
f 5351/2/3 5348/2/3 5350/2/3
f 5354/7/3 5353/7/3 5352/7/3
f 5355/7/3 5353/7/3 5354/7/3
f 5358/7/3 5357/7/3 5356/7/3
f 5359/7/3 5357/7/3 5358/7/3
f 5362/2/3 5361/2/3 5360/2/3
f 5363/2/3 5361/2/3 5362/2/3
f 5365/6/3 5364/6/3 5363/6/3
f 5366/6/3 5364/6/3 5365/6/3
f 5368/3/3 5367/3/3 5366/3/3
f 5369/3/3 5367/3/3 5368/3/3
f 5372/4/3 5371/4/3 5370/4/3
f 5373/4/3 5371/4/3 5372/4/3
f 5376/7/3 5375/7/3 5374/7/3
f 5377/7/3 5375/7/3 5376/7/3
f 5380/4/3 5379/4/3 5378/4/3
f 5381/4/3 5379/4/3 5380/4/3
f 5384/4/3 5383/4/3 5382/4/3
f 5385/4/3 5383/4/3 5384/4/3
f 5389/11/3 5387/11/3 5386/11/3
f 5390/7/3 5388/7/3 5387/7/3
f 5390/11/3 5387/11/3 5389/11/3
f 5391/7/3 5388/7/3 5390/7/3
f 5395/5/3 5393/5/3 5392/5/3
f 5396/7/3 5394/7/3 5393/7/3
f 5396/5/3 5393/5/3 5395/5/3
f 5397/7/3 5394/7/3 5396/7/3
f 5401/5/3 5399/5/3 5398/5/3
f 5402/7/3 5400/7/3 5399/7/3
f 5402/5/3 5399/5/3 5401/5/3
f 5403/7/3 5400/7/3 5402/7/3
f 5407/5/3 5405/5/3 5404/5/3
f 5408/7/3 5406/7/3 5405/7/3
f 5408/5/3 5405/5/3 5407/5/3
f 5409/7/3 5406/7/3 5408/7/3
f 5413/5/3 5411/5/3 5410/5/3
f 5414/7/3 5412/7/3 5411/7/3
f 5414/5/3 5411/5/3 5413/5/3
f 5415/7/3 5412/7/3 5414/7/3
f 5419/5/3 5417/5/3 5416/5/3
f 5420/7/3 5418/7/3 5417/7/3
f 5420/5/3 5417/5/3 5419/5/3
f 5421/7/3 5418/7/3 5420/7/3
f 5425/5/3 5423/5/3 5422/5/3
f 5426/7/3 5424/7/3 5423/7/3
f 5426/5/3 5423/5/3 5425/5/3
f 5427/7/3 5424/7/3 5426/7/3
f 5431/5/3 5429/5/3 5428/5/3
f 5432/7/3 5430/7/3 5429/7/3
f 5432/5/3 5429/5/3 5431/5/3
f 5433/7/3 5430/7/3 5432/7/3
f 5437/5/3 5435/5/3 5434/5/3
f 5438/7/3 5436/7/3 5435/7/3
f 5438/5/3 5435/5/3 5437/5/3
f 5439/7/3 5436/7/3 5438/7/3
f 5443/5/3 5441/5/3 5440/5/3
f 5444/7/3 5442/7/3 5441/7/3
f 5444/5/3 5441/5/3 5443/5/3
f 5445/7/3 5442/7/3 5444/7/3
f 5448/4/3 5447/4/3 5446/4/3
f 5449/4/3 5447/4/3 5448/4/3
f 5453/5/3 5451/5/3 5450/5/3
f 5454/7/3 5452/7/3 5451/7/3
f 5454/5/3 5451/5/3 5453/5/3
f 5455/7/3 5452/7/3 5454/7/3
f 5456/5/3 5453/5/3 5450/5/3
f 5457/7/3 5454/7/3 5453/7/3
f 5457/5/3 5453/5/3 5456/5/3
f 5458/7/3 5454/7/3 5457/7/3
f 5461/4/3 5460/4/3 5459/4/3
f 5462/4/3 5460/4/3 5461/4/3
f 5465/4/3 5464/4/3 5463/4/3
f 5466/4/3 5464/4/3 5465/4/3
f 5469/4/3 5468/4/3 5467/4/3
f 5470/4/3 5468/4/3 5469/4/3
f 5473/4/3 5472/4/3 5471/4/3
f 5474/4/3 5472/4/3 5473/4/3
f 5477/4/3 5476/4/3 5475/4/3
f 5478/4/3 5476/4/3 5477/4/3
f 5481/4/3 5480/4/3 5479/4/3
f 5482/4/3 5480/4/3 5481/4/3
f 5485/4/3 5484/4/3 5483/4/3
f 5486/4/3 5484/4/3 5485/4/3
f 5489/4/3 5488/4/3 5487/4/3
f 5490/4/3 5488/4/3 5489/4/3
f 5493/4/3 5492/4/3 5491/4/3
f 5494/4/3 5492/4/3 5493/4/3
f 5497/4/3 5496/4/3 5495/4/3
f 5498/4/3 5496/4/3 5497/4/3
f 5501/7/3 5500/7/3 5499/7/3
f 5502/7/3 5500/7/3 5501/7/3
f 5505/8/3 5504/8/3 5503/8/3
f 5506/8/3 5504/8/3 5505/8/3
f 5509/4/3 5508/4/3 5507/4/3
f 5510/4/3 5508/4/3 5509/4/3
f 5513/4/3 5512/4/3 5511/4/3
f 5514/4/3 5512/4/3 5513/4/3
f 5518/5/3 5516/5/3 5515/5/3
f 5519/4/3 5517/4/3 5516/4/3
f 5519/5/3 5516/5/3 5518/5/3
f 5520/4/3 5517/4/3 5519/4/3
f 5523/4/3 5522/4/3 5521/4/3
f 5524/4/3 5522/4/3 5523/4/3
f 5527/4/3 5526/4/3 5525/4/3
f 5528/4/3 5526/4/3 5527/4/3
f 5532/5/3 5530/5/3 5529/5/3
f 5533/4/3 5531/4/3 5530/4/3
f 5533/5/3 5530/5/3 5532/5/3
f 5534/4/3 5531/4/3 5533/4/3
f 5537/4/3 5536/4/3 5535/4/3
f 5538/4/3 5536/4/3 5537/4/3
f 5541/7/3 5540/7/3 5539/7/3
f 5542/7/3 5540/7/3 5541/7/3
f 5546/5/3 5544/5/3 5543/5/3
f 5547/7/3 5545/7/3 5544/7/3
f 5547/5/3 5544/5/3 5546/5/3
f 5548/7/3 5545/7/3 5547/7/3
f 5551/4/3 5550/4/3 5549/4/3
f 5552/4/3 5550/4/3 5551/4/3
f 5555/4/3 5554/4/3 5553/4/3
f 5556/4/3 5554/4/3 5555/4/3
f 5559/8/3 5558/8/3 5557/8/3
f 5560/8/3 5558/8/3 5559/8/3
f 5564/5/3 5562/5/3 5561/5/3
f 5565/7/3 5563/7/3 5562/7/3
f 5565/5/3 5562/5/3 5564/5/3
f 5566/7/3 5563/7/3 5565/7/3
f 5570/5/3 5568/5/3 5567/5/3
f 5571/4/3 5569/4/3 5568/4/3
f 5571/5/3 5568/5/3 5570/5/3
f 5572/4/3 5569/4/3 5571/4/3
f 5575/4/3 5574/4/3 5573/4/3
f 5576/4/3 5574/4/3 5575/4/3
f 5579/7/3 5578/7/3 5577/7/3
f 5580/7/3 5578/7/3 5579/7/3
f 5584/5/3 5582/5/3 5581/5/3
f 5585/4/3 5583/4/3 5582/4/3
f 5585/5/3 5582/5/3 5584/5/3
f 5586/4/3 5583/4/3 5585/4/3
f 5589/8/3 5588/8/3 5587/8/3
f 5590/8/3 5588/8/3 5589/8/3
f 5594/5/3 5592/5/3 5591/5/3
f 5595/4/3 5593/4/3 5592/4/3
f 5595/5/3 5592/5/3 5594/5/3
f 5596/4/3 5593/4/3 5595/4/3
f 5599/8/3 5598/8/3 5597/8/3
f 5600/8/3 5598/8/3 5599/8/3
f 5604/5/3 5602/5/3 5601/5/3
f 5605/9/3 5603/9/3 5602/9/3
f 5605/5/3 5602/5/3 5604/5/3
f 5606/9/3 5603/9/3 5605/9/3
f 5610/5/3 5608/5/3 5607/5/3
f 5611/4/3 5609/4/3 5608/4/3
f 5611/5/3 5608/5/3 5610/5/3
f 5612/4/3 5609/4/3 5611/4/3
f 5616/5/3 5614/5/3 5613/5/3
f 5617/9/3 5615/9/3 5614/9/3
f 5617/5/3 5614/5/3 5616/5/3
f 5618/9/3 5615/9/3 5617/9/3
f 5621/7/3 5620/7/3 5619/7/3
f 5622/7/3 5620/7/3 5621/7/3
f 5625/8/3 5624/8/3 5623/8/3
f 5626/8/3 5624/8/3 5625/8/3
f 5629/8/3 5628/8/3 5627/8/3
f 5630/8/3 5628/8/3 5629/8/3
f 5634/5/3 5632/5/3 5631/5/3
f 5635/4/3 5633/4/3 5632/4/3
f 5635/5/3 5632/5/3 5634/5/3
f 5636/4/3 5633/4/3 5635/4/3
f 5639/7/3 5638/7/3 5637/7/3
f 5640/7/3 5638/7/3 5639/7/3
f 5643/8/3 5642/8/3 5641/8/3
f 5644/8/3 5642/8/3 5643/8/3
f 5648/5/3 5646/5/3 5645/5/3
f 5649/9/3 5647/9/3 5646/9/3
f 5649/5/3 5646/5/3 5648/5/3
f 5650/9/3 5647/9/3 5649/9/3
f 5654/5/3 5652/5/3 5651/5/3
f 5655/4/3 5653/4/3 5652/4/3
f 5655/5/3 5652/5/3 5654/5/3
f 5656/4/3 5653/4/3 5655/4/3
f 5659/7/3 5658/7/3 5657/7/3
f 5660/7/3 5658/7/3 5659/7/3
f 5663/8/3 5662/8/3 5661/8/3
f 5664/8/3 5662/8/3 5663/8/3
f 5668/5/3 5666/5/3 5665/5/3
f 5669/7/3 5667/7/3 5666/7/3
f 5669/5/3 5666/5/3 5668/5/3
f 5670/7/3 5667/7/3 5669/7/3
f 5674/5/3 5672/5/3 5671/5/3
f 5675/9/3 5673/9/3 5672/9/3
f 5675/5/3 5672/5/3 5674/5/3
f 5676/9/3 5673/9/3 5675/9/3
f 5679/7/3 5678/7/3 5677/7/3
f 5680/7/3 5678/7/3 5679/7/3
f 5683/8/3 5682/8/3 5681/8/3
f 5684/8/3 5682/8/3 5683/8/3
f 5688/5/3 5686/5/3 5685/5/3
f 5689/7/3 5687/7/3 5686/7/3
f 5689/5/3 5686/5/3 5688/5/3
f 5690/7/3 5687/7/3 5689/7/3
f 5694/5/3 5692/5/3 5691/5/3
f 5695/9/3 5693/9/3 5692/9/3
f 5695/5/3 5692/5/3 5694/5/3
f 5696/9/3 5693/9/3 5695/9/3
f 5699/7/3 5698/7/3 5697/7/3
f 5700/7/3 5698/7/3 5699/7/3
f 5703/4/3 5702/4/3 5701/4/3
f 5704/4/3 5702/4/3 5703/4/3
f 5708/5/3 5706/5/3 5705/5/3
f 5709/7/3 5707/7/3 5706/7/3
f 5709/5/3 5706/5/3 5708/5/3
f 5710/7/3 5707/7/3 5709/7/3
f 5713/8/3 5712/8/3 5711/8/3
f 5714/8/3 5712/8/3 5713/8/3
f 5717/8/3 5716/8/3 5715/8/3
f 5718/8/3 5716/8/3 5717/8/3
f 5722/5/3 5720/5/3 5719/5/3
f 5723/7/3 5721/7/3 5720/7/3
f 5723/5/3 5720/5/3 5722/5/3
f 5724/7/3 5721/7/3 5723/7/3
f 5728/5/3 5726/5/3 5725/5/3
f 5729/9/3 5727/9/3 5726/9/3
f 5729/5/3 5726/5/3 5728/5/3
f 5730/9/3 5727/9/3 5729/9/3
f 5733/8/3 5732/8/3 5731/8/3
f 5734/8/3 5732/8/3 5733/8/3
f 5737/8/3 5736/8/3 5735/8/3
f 5738/8/3 5736/8/3 5737/8/3
f 5741/8/3 5740/8/3 5739/8/3
f 5742/8/3 5740/8/3 5741/8/3
f 5745/8/3 5744/8/3 5743/8/3
f 5746/8/3 5744/8/3 5745/8/3
f 5750/5/3 5748/5/3 5747/5/3
f 5751/9/3 5749/9/3 5748/9/3
f 5751/5/3 5748/5/3 5750/5/3
f 5752/9/3 5749/9/3 5751/9/3
f 5755/8/3 5754/8/3 5753/8/3
f 5756/8/3 5754/8/3 5755/8/3
f 5759/4/3 5758/4/3 5757/4/3
f 5760/4/3 5758/4/3 5759/4/3
f 5763/8/3 5762/8/3 5761/8/3
f 5764/8/3 5762/8/3 5763/8/3
f 5767/8/3 5766/8/3 5765/8/3
f 5768/8/3 5766/8/3 5767/8/3
f 5771/8/3 5770/8/3 5769/8/3
f 5772/8/3 5770/8/3 5771/8/3
f 5775/8/3 5774/8/3 5773/8/3
f 5776/8/3 5774/8/3 5775/8/3
f 5779/8/3 5778/8/3 5777/8/3
f 5780/8/3 5778/8/3 5779/8/3
f 5783/8/3 5782/8/3 5781/8/3
f 5784/8/3 5782/8/3 5783/8/3
f 5787/4/3 5786/4/3 5785/4/3
f 5788/4/3 5786/4/3 5787/4/3
f 5791/8/3 5790/8/3 5789/8/3
f 5792/8/3 5790/8/3 5791/8/3
f 5795/8/3 5794/8/3 5793/8/3
f 5796/8/3 5794/8/3 5795/8/3
f 5799/8/3 5798/8/3 5797/8/3
f 5800/8/3 5798/8/3 5799/8/3
f 5803/8/3 5802/8/3 5801/8/3
f 5804/8/3 5802/8/3 5803/8/3
f 5807/8/3 5806/8/3 5805/8/3
f 5808/8/3 5806/8/3 5807/8/3
f 5811/8/3 5810/8/3 5809/8/3
f 5812/8/3 5810/8/3 5811/8/3
f 5815/4/3 5814/4/3 5813/4/3
f 5816/4/3 5814/4/3 5815/4/3
f 5819/8/3 5818/8/3 5817/8/3
f 5820/8/3 5818/8/3 5819/8/3
f 5823/8/3 5822/8/3 5821/8/3
f 5824/8/3 5822/8/3 5823/8/3
f 5827/8/3 5826/8/3 5825/8/3
f 5828/8/3 5826/8/3 5827/8/3
f 5831/8/3 5830/8/3 5829/8/3
f 5832/8/3 5830/8/3 5831/8/3
f 5835/4/3 5834/4/3 5833/4/3
f 5836/4/3 5834/4/3 5835/4/3
f 5839/8/3 5838/8/3 5837/8/3
f 5840/8/3 5838/8/3 5839/8/3
f 5843/4/3 5842/4/3 5841/4/3
f 5844/4/3 5842/4/3 5843/4/3
f 5847/8/3 5846/8/3 5845/8/3
f 5848/8/3 5846/8/3 5847/8/3
f 5851/8/3 5850/8/3 5849/8/3
f 5852/8/3 5850/8/3 5851/8/3
f 5855/8/3 5854/8/3 5853/8/3
f 5856/8/3 5854/8/3 5855/8/3
f 5859/8/3 5858/8/3 5857/8/3
f 5860/8/3 5858/8/3 5859/8/3
f 5863/4/3 5862/4/3 5861/4/3
f 5864/4/3 5862/4/3 5863/4/3
f 5867/8/3 5866/8/3 5865/8/3
f 5868/8/3 5866/8/3 5867/8/3
f 5871/8/3 5870/8/3 5869/8/3
f 5872/8/3 5870/8/3 5871/8/3
f 5875/8/3 5874/8/3 5873/8/3
f 5876/8/3 5874/8/3 5875/8/3
f 5879/8/3 5878/8/3 5877/8/3
f 5880/8/3 5878/8/3 5879/8/3
f 5883/8/3 5882/8/3 5881/8/3
f 5884/8/3 5882/8/3 5883/8/3
f 5887/8/3 5886/8/3 5885/8/3
f 5888/8/3 5886/8/3 5887/8/3
f 5891/8/3 5890/8/3 5889/8/3
f 5892/8/3 5890/8/3 5891/8/3
f 5895/4/3 5894/4/3 5893/4/3
f 5896/4/3 5894/4/3 5895/4/3
f 5899/8/3 5898/8/3 5897/8/3
f 5900/8/3 5898/8/3 5899/8/3
f 5903/8/3 5902/8/3 5901/8/3
f 5904/8/3 5902/8/3 5903/8/3
f 5907/8/3 5906/8/3 5905/8/3
f 5908/8/3 5906/8/3 5907/8/3
f 5911/8/3 5910/8/3 5909/8/3
f 5912/8/3 5910/8/3 5911/8/3
f 5915/4/3 5914/4/3 5913/4/3
f 5916/4/3 5914/4/3 5915/4/3
f 5919/8/3 5918/8/3 5917/8/3
f 5920/8/3 5918/8/3 5919/8/3
f 5923/8/3 5922/8/3 5921/8/3
f 5924/8/3 5922/8/3 5923/8/3
f 5927/8/3 5926/8/3 5925/8/3
f 5928/8/3 5926/8/3 5927/8/3
f 5931/7/3 5930/7/3 5929/7/3
f 5932/7/3 5930/7/3 5931/7/3
f 5934/12/3 5933/12/3 5932/12/3
f 5935/12/3 5933/12/3 5934/12/3
f 5939/5/3 5937/5/3 5936/5/3
f 5940/7/3 5938/7/3 5937/7/3
f 5940/5/3 5937/5/3 5939/5/3
f 5941/7/3 5938/7/3 5940/7/3
f 5945/5/3 5943/5/3 5942/5/3
f 5946/7/3 5944/7/3 5943/7/3
f 5946/5/3 5943/5/3 5945/5/3
f 5947/7/3 5944/7/3 5946/7/3
f 5951/5/3 5949/5/3 5948/5/3
f 5952/7/3 5950/7/3 5949/7/3
f 5952/5/3 5949/5/3 5951/5/3
f 5953/7/3 5950/7/3 5952/7/3
f 5957/5/3 5955/5/3 5954/5/3
f 5958/7/3 5956/7/3 5955/7/3
f 5958/5/3 5955/5/3 5957/5/3
f 5959/7/3 5956/7/3 5958/7/3
f 5963/5/3 5961/5/3 5960/5/3
f 5964/7/3 5962/7/3 5961/7/3
f 5964/5/3 5961/5/3 5963/5/3
f 5965/7/3 5962/7/3 5964/7/3
f 5968/7/3 5967/7/3 5966/7/3
f 5969/7/3 5967/7/3 5968/7/3
f 5971/12/3 5970/12/3 5969/12/3
f 5972/12/3 5970/12/3 5971/12/3
f 5976/5/3 5974/5/3 5973/5/3
f 5977/7/3 5975/7/3 5974/7/3
f 5977/5/3 5974/5/3 5976/5/3
f 5978/7/3 5975/7/3 5977/7/3
f 5982/5/3 5980/5/3 5979/5/3
f 5983/7/3 5981/7/3 5980/7/3
f 5983/5/3 5980/5/3 5982/5/3
f 5984/7/3 5981/7/3 5983/7/3
f 5987/7/3 5986/7/3 5985/7/3
f 5988/7/3 5986/7/3 5987/7/3
f 5991/7/3 5990/7/3 5989/7/3
f 5992/7/3 5990/7/3 5991/7/3
f 5994/5/3 5992/5/3 5991/5/3
f 5995/7/3 5993/7/3 5992/7/3
f 5995/5/3 5992/5/3 5994/5/3
f 5996/7/3 5993/7/3 5995/7/3
f 6000/5/3 5998/5/3 5997/5/3
f 6001/7/3 5999/7/3 5998/7/3
f 6001/5/3 5998/5/3 6000/5/3
f 6002/7/3 5999/7/3 6001/7/3
f 6006/5/3 6004/5/3 6003/5/3
f 6007/7/3 6005/7/3 6004/7/3
f 6007/5/3 6004/5/3 6006/5/3
f 6008/7/3 6005/7/3 6007/7/3
f 6011/7/3 6010/7/3 6009/7/3
f 6012/7/3 6010/7/3 6011/7/3
f 6016/5/3 6014/5/3 6013/5/3
f 6017/7/3 6015/7/3 6014/7/3
f 6017/5/3 6014/5/3 6016/5/3
f 6018/7/3 6015/7/3 6017/7/3
f 6022/5/3 6020/5/3 6019/5/3
f 6023/8/3 6021/8/3 6020/8/3
f 6023/5/3 6020/5/3 6022/5/3
f 6024/8/3 6021/8/3 6023/8/3
f 6028/5/3 6026/5/3 6025/5/3
f 6029/7/3 6027/7/3 6026/7/3
f 6029/5/3 6026/5/3 6028/5/3
f 6030/7/3 6027/7/3 6029/7/3
f 6034/5/3 6032/5/3 6031/5/3
f 6035/8/3 6033/8/3 6032/8/3
f 6035/5/3 6032/5/3 6034/5/3
f 6036/8/3 6033/8/3 6035/8/3
f 6040/5/3 6038/5/3 6037/5/3
f 6041/8/3 6039/8/3 6038/8/3
f 6041/5/3 6038/5/3 6040/5/3
f 6042/8/3 6039/8/3 6041/8/3
f 6046/5/3 6044/5/3 6043/5/3
f 6047/7/3 6045/7/3 6044/7/3
f 6047/5/3 6044/5/3 6046/5/3
f 6048/7/3 6045/7/3 6047/7/3
f 6052/5/3 6050/5/3 6049/5/3
f 6053/8/3 6051/8/3 6050/8/3
f 6053/5/3 6050/5/3 6052/5/3
f 6054/8/3 6051/8/3 6053/8/3
f 6058/5/3 6056/5/3 6055/5/3
f 6059/7/3 6057/7/3 6056/7/3
f 6059/5/3 6056/5/3 6058/5/3
f 6060/7/3 6057/7/3 6059/7/3
f 6064/5/3 6062/5/3 6061/5/3
f 6065/8/3 6063/8/3 6062/8/3
f 6065/5/3 6062/5/3 6064/5/3
f 6066/8/3 6063/8/3 6065/8/3
f 6070/5/3 6068/5/3 6067/5/3
f 6071/7/3 6069/7/3 6068/7/3
f 6071/5/3 6068/5/3 6070/5/3
f 6072/7/3 6069/7/3 6071/7/3
f 6076/5/3 6074/5/3 6073/5/3
f 6077/7/3 6075/7/3 6074/7/3
f 6077/5/3 6074/5/3 6076/5/3
f 6078/7/3 6075/7/3 6077/7/3
f 6082/5/3 6080/5/3 6079/5/3
f 6083/8/3 6081/8/3 6080/8/3
f 6083/5/3 6080/5/3 6082/5/3
f 6084/8/3 6081/8/3 6083/8/3
f 6087/7/3 6086/7/3 6085/7/3
f 6088/7/3 6086/7/3 6087/7/3
f 6092/5/3 6090/5/3 6089/5/3
f 6093/8/3 6091/8/3 6090/8/3
f 6093/5/3 6090/5/3 6092/5/3
f 6094/8/3 6091/8/3 6093/8/3
f 6097/7/3 6096/7/3 6095/7/3
f 6098/7/3 6096/7/3 6097/7/3
f 6101/8/3 6100/8/3 6099/8/3
f 6102/8/3 6100/8/3 6101/8/3
f 6105/7/3 6104/7/3 6103/7/3
f 6106/7/3 6104/7/3 6105/7/3
f 6107/8/3 6106/8/3 6105/8/3
f 6108/8/3 6106/8/3 6107/8/3
f 6112/11/3 6110/11/3 6109/11/3
f 6113/14/3 6111/14/3 6110/14/3
f 6113/11/3 6110/11/3 6112/11/3
f 6114/14/3 6111/14/3 6113/14/3
f 6118/11/3 6116/11/3 6115/11/3
f 6119/14/3 6117/14/3 6116/14/3
f 6119/11/3 6116/11/3 6118/11/3
f 6120/14/3 6117/14/3 6119/14/3
f 6124/11/3 6122/11/3 6121/11/3
f 6125/14/3 6123/14/3 6122/14/3
f 6125/11/3 6122/11/3 6124/11/3
f 6126/14/3 6123/14/3 6125/14/3
f 6130/11/3 6128/11/3 6127/11/3
f 6131/14/3 6129/14/3 6128/14/3
f 6131/11/3 6128/11/3 6130/11/3
f 6132/14/3 6129/14/3 6131/14/3
f 6136/11/3 6134/11/3 6133/11/3
f 6137/14/3 6135/14/3 6134/14/3
f 6137/11/3 6134/11/3 6136/11/3
f 6138/14/3 6135/14/3 6137/14/3
f 6142/11/3 6140/11/3 6139/11/3
f 6143/14/3 6141/14/3 6140/14/3
f 6143/11/3 6140/11/3 6142/11/3
f 6144/14/3 6141/14/3 6143/14/3
f 6148/11/3 6146/11/3 6145/11/3
f 6149/14/3 6147/14/3 6146/14/3
f 6149/11/3 6146/11/3 6148/11/3
f 6150/14/3 6147/14/3 6149/14/3
f 6154/11/3 6152/11/3 6151/11/3
f 6155/14/3 6153/14/3 6152/14/3
f 6155/11/3 6152/11/3 6154/11/3
f 6156/14/3 6153/14/3 6155/14/3
f 6160/11/3 6158/11/3 6157/11/3
f 6161/14/3 6159/14/3 6158/14/3
f 6161/11/3 6158/11/3 6160/11/3
f 6162/14/3 6159/14/3 6161/14/3
f 6165/7/3 6164/7/3 6163/7/3
f 6166/7/3 6164/7/3 6165/7/3
f 6170/11/3 6168/11/3 6167/11/3
f 6171/14/3 6169/14/3 6168/14/3
f 6171/11/3 6168/11/3 6170/11/3
f 6172/14/3 6169/14/3 6171/14/3
f 6176/11/3 6174/11/3 6173/11/3
f 6177/14/3 6175/14/3 6174/14/3
f 6177/11/3 6174/11/3 6176/11/3
f 6178/14/3 6175/14/3 6177/14/3
f 6181/7/3 6180/7/3 6179/7/3
f 6182/7/3 6180/7/3 6181/7/3
f 6185/7/3 6184/7/3 6183/7/3
f 6186/7/3 6184/7/3 6185/7/3
f 6190/11/3 6188/11/3 6187/11/3
f 6191/14/3 6189/14/3 6188/14/3
f 6191/11/3 6188/11/3 6190/11/3
f 6192/14/3 6189/14/3 6191/14/3
f 6196/11/3 6194/11/3 6193/11/3
f 6197/14/3 6195/14/3 6194/14/3
f 6197/11/3 6194/11/3 6196/11/3
f 6198/14/3 6195/14/3 6197/14/3
f 6202/11/3 6200/11/3 6199/11/3
f 6203/14/3 6201/14/3 6200/14/3
f 6203/11/3 6200/11/3 6202/11/3
f 6204/14/3 6201/14/3 6203/14/3
f 6208/11/3 6206/11/3 6205/11/3
f 6209/14/3 6207/14/3 6206/14/3
f 6209/11/3 6206/11/3 6208/11/3
f 6210/14/3 6207/14/3 6209/14/3
f 6214/11/3 6212/11/3 6211/11/3
f 6215/14/3 6213/14/3 6212/14/3
f 6215/11/3 6212/11/3 6214/11/3
f 6216/14/3 6213/14/3 6215/14/3
f 6219/7/3 6218/7/3 6217/7/3
f 6220/7/3 6218/7/3 6219/7/3
f 6224/11/3 6222/11/3 6221/11/3
f 6225/14/3 6223/14/3 6222/14/3
f 6225/11/3 6222/11/3 6224/11/3
f 6226/14/3 6223/14/3 6225/14/3
f 6230/11/3 6228/11/3 6227/11/3
f 6231/14/3 6229/14/3 6228/14/3
f 6231/11/3 6228/11/3 6230/11/3
f 6232/14/3 6229/14/3 6231/14/3
f 6236/11/3 6234/11/3 6233/11/3
f 6237/14/3 6235/14/3 6234/14/3
f 6237/11/3 6234/11/3 6236/11/3
f 6238/14/3 6235/14/3 6237/14/3
f 6242/11/3 6240/11/3 6239/11/3
f 6243/14/3 6241/14/3 6240/14/3
f 6243/11/3 6240/11/3 6242/11/3
f 6244/14/3 6241/14/3 6243/14/3
f 6248/11/3 6246/11/3 6245/11/3
f 6249/14/3 6247/14/3 6246/14/3
f 6249/11/3 6246/11/3 6248/11/3
f 6250/14/3 6247/14/3 6249/14/3
f 6254/11/3 6252/11/3 6251/11/3
f 6255/14/3 6253/14/3 6252/14/3
f 6255/11/3 6252/11/3 6254/11/3
f 6256/14/3 6253/14/3 6255/14/3
f 6259/7/3 6258/7/3 6257/7/3
f 6260/7/3 6258/7/3 6259/7/3
f 6264/11/3 6262/11/3 6261/11/3
f 6265/14/3 6263/14/3 6262/14/3
f 6265/11/3 6262/11/3 6264/11/3
f 6266/14/3 6263/14/3 6265/14/3
f 6270/11/3 6268/11/3 6267/11/3
f 6271/14/3 6269/14/3 6268/14/3
f 6271/11/3 6268/11/3 6270/11/3
f 6272/14/3 6269/14/3 6271/14/3
f 6276/11/3 6274/11/3 6273/11/3
f 6277/14/3 6275/14/3 6274/14/3
f 6277/11/3 6274/11/3 6276/11/3
f 6278/14/3 6275/14/3 6277/14/3
f 6282/11/3 6280/11/3 6279/11/3
f 6283/14/3 6281/14/3 6280/14/3
f 6283/11/3 6280/11/3 6282/11/3
f 6284/14/3 6281/14/3 6283/14/3
f 6288/11/3 6286/11/3 6285/11/3
f 6289/14/3 6287/14/3 6286/14/3
f 6289/11/3 6286/11/3 6288/11/3
f 6290/14/3 6287/14/3 6289/14/3
f 6294/11/3 6292/11/3 6291/11/3
f 6295/14/3 6293/14/3 6292/14/3
f 6295/11/3 6292/11/3 6294/11/3
f 6296/14/3 6293/14/3 6295/14/3
f 6300/11/3 6298/11/3 6297/11/3
f 6301/14/3 6299/14/3 6298/14/3
f 6301/11/3 6298/11/3 6300/11/3
f 6302/14/3 6299/14/3 6301/14/3
f 6306/11/3 6304/11/3 6303/11/3
f 6307/14/3 6305/14/3 6304/14/3
f 6307/11/3 6304/11/3 6306/11/3
f 6308/14/3 6305/14/3 6307/14/3
f 6312/11/3 6310/11/3 6309/11/3
f 6313/14/3 6311/14/3 6310/14/3
f 6313/11/3 6310/11/3 6312/11/3
f 6314/14/3 6311/14/3 6313/14/3
f 6318/11/3 6316/11/3 6315/11/3
f 6319/14/3 6317/14/3 6316/14/3
f 6319/11/3 6316/11/3 6318/11/3
f 6320/14/3 6317/14/3 6319/14/3
f 6323/7/3 6322/7/3 6321/7/3
f 6324/7/3 6322/7/3 6323/7/3
f 6328/11/3 6326/11/3 6325/11/3
f 6329/14/3 6327/14/3 6326/14/3
f 6329/11/3 6326/11/3 6328/11/3
f 6330/14/3 6327/14/3 6329/14/3
f 6334/11/3 6332/11/3 6331/11/3
f 6335/14/3 6333/14/3 6332/14/3
f 6335/11/3 6332/11/3 6334/11/3
f 6336/14/3 6333/14/3 6335/14/3
f 6340/11/3 6338/11/3 6337/11/3
f 6341/14/3 6339/14/3 6338/14/3
f 6341/11/3 6338/11/3 6340/11/3
f 6342/14/3 6339/14/3 6341/14/3
f 6346/11/3 6344/11/3 6343/11/3
f 6347/9/3 6345/9/3 6344/9/3
f 6347/11/3 6344/11/3 6346/11/3
f 6348/9/3 6345/9/3 6347/9/3
f 6352/11/3 6350/11/3 6349/11/3
f 6353/14/3 6351/14/3 6350/14/3
f 6353/11/3 6350/11/3 6352/11/3
f 6354/14/3 6351/14/3 6353/14/3
f 6358/11/3 6356/11/3 6355/11/3
f 6359/14/3 6357/14/3 6356/14/3
f 6359/11/3 6356/11/3 6358/11/3
f 6360/14/3 6357/14/3 6359/14/3
f 6364/11/3 6362/11/3 6361/11/3
f 6365/14/3 6363/14/3 6362/14/3
f 6365/11/3 6362/11/3 6364/11/3
f 6366/14/3 6363/14/3 6365/14/3
f 6370/11/3 6368/11/3 6367/11/3
f 6371/14/3 6369/14/3 6368/14/3
f 6371/11/3 6368/11/3 6370/11/3
f 6372/14/3 6369/14/3 6371/14/3
f 6376/11/3 6374/11/3 6373/11/3
f 6377/14/3 6375/14/3 6374/14/3
f 6377/11/3 6374/11/3 6376/11/3
f 6378/14/3 6375/14/3 6377/14/3
f 6382/11/3 6380/11/3 6379/11/3
f 6383/14/3 6381/14/3 6380/14/3
f 6383/11/3 6380/11/3 6382/11/3
f 6384/14/3 6381/14/3 6383/14/3
f 6388/11/3 6386/11/3 6385/11/3
f 6389/14/3 6387/14/3 6386/14/3
f 6389/11/3 6386/11/3 6388/11/3
f 6390/14/3 6387/14/3 6389/14/3
f 6393/4/3 6392/4/3 6391/4/3
f 6394/4/3 6392/4/3 6393/4/3
f 6398/11/3 6396/11/3 6395/11/3
f 6399/14/3 6397/14/3 6396/14/3
f 6399/11/3 6396/11/3 6398/11/3
f 6400/14/3 6397/14/3 6399/14/3
f 6404/11/3 6402/11/3 6401/11/3
f 6405/14/3 6403/14/3 6402/14/3
f 6405/11/3 6402/11/3 6404/11/3
f 6406/14/3 6403/14/3 6405/14/3
f 6409/9/3 6408/9/3 6407/9/3
f 6410/9/3 6408/9/3 6409/9/3
f 6414/11/3 6412/11/3 6411/11/3
f 6415/14/3 6413/14/3 6412/14/3
f 6415/11/3 6412/11/3 6414/11/3
f 6416/14/3 6413/14/3 6415/14/3
f 6420/11/3 6418/11/3 6417/11/3
f 6421/9/3 6419/9/3 6418/9/3
f 6421/11/3 6418/11/3 6420/11/3
f 6422/9/3 6419/9/3 6421/9/3
f 6426/11/3 6424/11/3 6423/11/3
f 6427/8/3 6425/8/3 6424/8/3
f 6427/11/3 6424/11/3 6426/11/3
f 6428/8/3 6425/8/3 6427/8/3
f 6431/7/3 6430/7/3 6429/7/3
f 6432/7/3 6430/7/3 6431/7/3
f 6435/9/3 6434/9/3 6433/9/3
f 6436/9/3 6434/9/3 6435/9/3
f 6440/11/3 6438/11/3 6437/11/3
f 6441/9/3 6439/9/3 6438/9/3
f 6441/11/3 6438/11/3 6440/11/3
f 6442/9/3 6439/9/3 6441/9/3
f 6445/7/3 6444/7/3 6443/7/3
f 6446/7/3 6444/7/3 6445/7/3
f 6449/9/3 6448/9/3 6447/9/3
f 6450/9/3 6448/9/3 6449/9/3
f 6454/11/3 6452/11/3 6451/11/3
f 6455/8/3 6453/8/3 6452/8/3
f 6455/11/3 6452/11/3 6454/11/3
f 6456/8/3 6453/8/3 6455/8/3
f 6460/11/3 6458/11/3 6457/11/3
f 6461/9/3 6459/9/3 6458/9/3
f 6461/11/3 6458/11/3 6460/11/3
f 6462/9/3 6459/9/3 6461/9/3
f 6465/4/3 6464/4/3 6463/4/3
f 6466/4/3 6464/4/3 6465/4/3
f 6470/11/3 6468/11/3 6467/11/3
f 6471/14/3 6469/14/3 6468/14/3
f 6471/11/3 6468/11/3 6470/11/3
f 6472/14/3 6469/14/3 6471/14/3
f 6475/9/3 6474/9/3 6473/9/3
f 6476/9/3 6474/9/3 6475/9/3
f 6479/4/3 6478/4/3 6477/4/3
f 6480/4/3 6478/4/3 6479/4/3
f 6483/4/3 6482/4/3 6481/4/3
f 6484/4/3 6482/4/3 6483/4/3
f 6488/11/3 6486/11/3 6485/11/3
f 6489/14/3 6487/14/3 6486/14/3
f 6489/11/3 6486/11/3 6488/11/3
f 6490/14/3 6487/14/3 6489/14/3
f 6494/11/3 6492/11/3 6491/11/3
f 6495/9/3 6493/9/3 6492/9/3
f 6495/11/3 6492/11/3 6494/11/3
f 6496/9/3 6493/9/3 6495/9/3
f 6499/4/3 6498/4/3 6497/4/3
f 6500/4/3 6498/4/3 6499/4/3
f 6503/7/3 6502/7/3 6501/7/3
f 6504/7/3 6502/7/3 6503/7/3
f 6508/11/3 6506/11/3 6505/11/3
f 6509/8/3 6507/8/3 6506/8/3
f 6509/11/3 6506/11/3 6508/11/3
f 6510/8/3 6507/8/3 6509/8/3
f 6514/11/3 6512/11/3 6511/11/3
f 6515/14/3 6513/14/3 6512/14/3
f 6515/11/3 6512/11/3 6514/11/3
f 6516/14/3 6513/14/3 6515/14/3
f 6520/11/3 6518/11/3 6517/11/3
f 6521/14/3 6519/14/3 6518/14/3
f 6521/11/3 6518/11/3 6520/11/3
f 6522/14/3 6519/14/3 6521/14/3
f 6525/9/3 6524/9/3 6523/9/3
f 6526/9/3 6524/9/3 6525/9/3
f 6529/4/3 6528/4/3 6527/4/3
f 6530/4/3 6528/4/3 6529/4/3
f 6533/4/3 6532/4/3 6531/4/3
f 6534/4/3 6532/4/3 6533/4/3
f 6537/4/3 6536/4/3 6535/4/3
f 6538/4/3 6536/4/3 6537/4/3
f 6542/11/3 6540/11/3 6539/11/3
f 6543/8/3 6541/8/3 6540/8/3
f 6543/11/3 6540/11/3 6542/11/3
f 6544/8/3 6541/8/3 6543/8/3
f 6548/11/3 6546/11/3 6545/11/3
f 6549/14/3 6547/14/3 6546/14/3
f 6549/11/3 6546/11/3 6548/11/3
f 6550/14/3 6547/14/3 6549/14/3
f 6554/11/3 6552/11/3 6551/11/3
f 6555/14/3 6553/14/3 6552/14/3
f 6555/11/3 6552/11/3 6554/11/3
f 6556/14/3 6553/14/3 6555/14/3
f 6560/11/3 6558/11/3 6557/11/3
f 6561/9/3 6559/9/3 6558/9/3
f 6561/11/3 6558/11/3 6560/11/3
f 6562/9/3 6559/9/3 6561/9/3
f 6565/7/3 6564/7/3 6563/7/3
f 6566/7/3 6564/7/3 6565/7/3
f 6567/4/3 6566/4/3 6565/4/3
f 6568/4/3 6566/4/3 6567/4/3
f 6571/4/3 6570/4/3 6569/4/3
f 6572/4/3 6570/4/3 6571/4/3
f 6575/4/3 6574/4/3 6573/4/3
f 6576/4/3 6574/4/3 6575/4/3
f 6579/4/3 6578/4/3 6577/4/3
f 6580/4/3 6578/4/3 6579/4/3
f 6583/4/3 6582/4/3 6581/4/3
f 6584/4/3 6582/4/3 6583/4/3
f 6588/11/3 6586/11/3 6585/11/3
f 6589/14/3 6587/14/3 6586/14/3
f 6589/11/3 6586/11/3 6588/11/3
f 6590/14/3 6587/14/3 6589/14/3
f 6593/4/3 6592/4/3 6591/4/3
f 6594/4/3 6592/4/3 6593/4/3
f 6597/4/3 6596/4/3 6595/4/3
f 6598/4/3 6596/4/3 6597/4/3
f 6601/4/3 6600/4/3 6599/4/3
f 6602/4/3 6600/4/3 6601/4/3
f 6605/4/3 6604/4/3 6603/4/3
f 6606/4/3 6604/4/3 6605/4/3
f 6610/11/3 6608/11/3 6607/11/3
f 6611/9/3 6609/9/3 6608/9/3
f 6611/11/3 6608/11/3 6610/11/3
f 6612/9/3 6609/9/3 6611/9/3
f 6615/4/3 6614/4/3 6613/4/3
f 6616/4/3 6614/4/3 6615/4/3
f 6619/4/3 6618/4/3 6617/4/3
f 6620/4/3 6618/4/3 6619/4/3
f 6623/4/3 6622/4/3 6621/4/3
f 6624/4/3 6622/4/3 6623/4/3
f 6628/11/3 6626/11/3 6625/11/3
f 6629/8/3 6627/8/3 6626/8/3
f 6629/11/3 6626/11/3 6628/11/3
f 6630/8/3 6627/8/3 6629/8/3
f 6634/11/3 6632/11/3 6631/11/3
f 6635/9/3 6633/9/3 6632/9/3
f 6635/11/3 6632/11/3 6634/11/3
f 6636/9/3 6633/9/3 6635/9/3
f 6639/4/3 6638/4/3 6637/4/3
f 6640/4/3 6638/4/3 6639/4/3
f 6643/4/3 6642/4/3 6641/4/3
f 6644/4/3 6642/4/3 6643/4/3
f 6648/11/3 6646/11/3 6645/11/3
f 6649/14/3 6647/14/3 6646/14/3
f 6649/11/3 6646/11/3 6648/11/3
f 6650/14/3 6647/14/3 6649/14/3
f 6654/11/3 6652/11/3 6651/11/3
f 6655/9/3 6653/9/3 6652/9/3
f 6655/11/3 6652/11/3 6654/11/3
f 6656/9/3 6653/9/3 6655/9/3
f 6659/4/3 6658/4/3 6657/4/3
f 6660/4/3 6658/4/3 6659/4/3
f 6663/4/3 6662/4/3 6661/4/3
f 6664/4/3 6662/4/3 6663/4/3
f 6668/11/3 6666/11/3 6665/11/3
f 6669/8/3 6667/8/3 6666/8/3
f 6669/11/3 6666/11/3 6668/11/3
f 6670/8/3 6667/8/3 6669/8/3
f 6674/11/3 6672/11/3 6671/11/3
f 6675/14/3 6673/14/3 6672/14/3
f 6675/11/3 6672/11/3 6674/11/3
f 6676/14/3 6673/14/3 6675/14/3
f 6680/11/3 6678/11/3 6677/11/3
f 6680/8/3 6679/8/3 6678/8/3
f 6681/8/3 6679/8/3 6680/8/3
f 6682/11/3 6680/11/3 6677/11/3
f 6683/9/3 6681/9/3 6680/9/3
f 6683/11/3 6680/11/3 6682/11/3
f 6684/9/3 6681/9/3 6683/9/3
f 6687/4/3 6686/4/3 6685/4/3
f 6688/4/3 6686/4/3 6687/4/3
f 6692/11/3 6690/11/3 6689/11/3
f 6693/8/3 6691/8/3 6690/8/3
f 6693/11/3 6690/11/3 6692/11/3
f 6694/8/3 6691/8/3 6693/8/3
f 6698/11/3 6696/11/3 6695/11/3
f 6699/14/3 6697/14/3 6696/14/3
f 6699/11/3 6696/11/3 6698/11/3
f 6700/14/3 6697/14/3 6699/14/3
f 6704/11/3 6702/11/3 6701/11/3
f 6705/14/3 6703/14/3 6702/14/3
f 6705/11/3 6702/11/3 6704/11/3
f 6706/14/3 6703/14/3 6705/14/3
f 6710/11/3 6708/11/3 6707/11/3
f 6711/8/3 6709/8/3 6708/8/3
f 6711/11/3 6708/11/3 6710/11/3
f 6712/8/3 6709/8/3 6711/8/3
f 6715/4/3 6714/4/3 6713/4/3
f 6716/4/3 6714/4/3 6715/4/3
f 6720/11/3 6718/11/3 6717/11/3
f 6721/8/3 6719/8/3 6718/8/3
f 6721/11/3 6718/11/3 6720/11/3
f 6722/8/3 6719/8/3 6721/8/3
f 6726/11/3 6724/11/3 6723/11/3
f 6727/14/3 6725/14/3 6724/14/3
f 6727/11/3 6724/11/3 6726/11/3
f 6728/14/3 6725/14/3 6727/14/3
f 6732/11/3 6730/11/3 6729/11/3
f 6733/8/3 6731/8/3 6730/8/3
f 6733/11/3 6730/11/3 6732/11/3
f 6734/8/3 6731/8/3 6733/8/3
f 6737/4/3 6736/4/3 6735/4/3
f 6738/4/3 6736/4/3 6737/4/3
f 6742/11/3 6740/11/3 6739/11/3
f 6743/8/3 6741/8/3 6740/8/3
f 6743/11/3 6740/11/3 6742/11/3
f 6744/8/3 6741/8/3 6743/8/3
f 6748/11/3 6746/11/3 6745/11/3
f 6749/14/3 6747/14/3 6746/14/3
f 6749/11/3 6746/11/3 6748/11/3
f 6750/14/3 6747/14/3 6749/14/3
f 6754/11/3 6752/11/3 6751/11/3
f 6755/8/3 6753/8/3 6752/8/3
f 6755/11/3 6752/11/3 6754/11/3
f 6756/8/3 6753/8/3 6755/8/3
f 6760/11/3 6758/11/3 6757/11/3
f 6761/8/3 6759/8/3 6758/8/3
f 6761/11/3 6758/11/3 6760/11/3
f 6762/8/3 6759/8/3 6761/8/3
f 6766/11/3 6764/11/3 6763/11/3
f 6767/14/3 6765/14/3 6764/14/3
f 6767/11/3 6764/11/3 6766/11/3
f 6768/14/3 6765/14/3 6767/14/3
f 6772/11/3 6770/11/3 6769/11/3
f 6773/8/3 6771/8/3 6770/8/3
f 6773/11/3 6770/11/3 6772/11/3
f 6774/8/3 6771/8/3 6773/8/3
f 6778/11/3 6776/11/3 6775/11/3
f 6779/8/3 6777/8/3 6776/8/3
f 6779/11/3 6776/11/3 6778/11/3
f 6780/8/3 6777/8/3 6779/8/3
f 6784/11/3 6782/11/3 6781/11/3
f 6785/14/3 6783/14/3 6782/14/3
f 6785/11/3 6782/11/3 6784/11/3
f 6786/14/3 6783/14/3 6785/14/3
f 6790/11/3 6788/11/3 6787/11/3
f 6791/8/3 6789/8/3 6788/8/3
f 6791/11/3 6788/11/3 6790/11/3
f 6792/8/3 6789/8/3 6791/8/3
f 6795/13/3 6794/13/3 6793/13/3
f 6796/13/3 6794/13/3 6795/13/3
f 6800/11/3 6798/11/3 6797/11/3
f 6801/8/3 6799/8/3 6798/8/3
f 6801/11/3 6798/11/3 6800/11/3
f 6802/8/3 6799/8/3 6801/8/3
f 6806/11/3 6804/11/3 6803/11/3
f 6807/8/3 6805/8/3 6804/8/3
f 6807/11/3 6804/11/3 6806/11/3
f 6808/8/3 6805/8/3 6807/8/3
f 6812/11/3 6810/11/3 6809/11/3
f 6813/8/3 6811/8/3 6810/8/3
f 6813/11/3 6810/11/3 6812/11/3
f 6814/8/3 6811/8/3 6813/8/3
f 6818/11/3 6816/11/3 6815/11/3
f 6819/8/3 6817/8/3 6816/8/3
f 6819/11/3 6816/11/3 6818/11/3
f 6820/8/3 6817/8/3 6819/8/3
f 6824/11/3 6822/11/3 6821/11/3
f 6825/8/3 6823/8/3 6822/8/3
f 6825/11/3 6822/11/3 6824/11/3
f 6826/8/3 6823/8/3 6825/8/3
f 6830/11/3 6828/11/3 6827/11/3
f 6831/8/3 6829/8/3 6828/8/3
f 6831/11/3 6828/11/3 6830/11/3
f 6832/8/3 6829/8/3 6831/8/3
f 6836/11/3 6834/11/3 6833/11/3
f 6837/8/3 6835/8/3 6834/8/3
f 6837/11/3 6834/11/3 6836/11/3
f 6838/8/3 6835/8/3 6837/8/3
f 6842/11/3 6840/11/3 6839/11/3
f 6843/8/3 6841/8/3 6840/8/3
f 6843/11/3 6840/11/3 6842/11/3
f 6844/8/3 6841/8/3 6843/8/3
f 6848/11/3 6846/11/3 6845/11/3
f 6849/8/3 6847/8/3 6846/8/3
f 6849/11/3 6846/11/3 6848/11/3
f 6850/8/3 6847/8/3 6849/8/3
f 6854/11/3 6852/11/3 6851/11/3
f 6855/8/3 6853/8/3 6852/8/3
f 6855/11/3 6852/11/3 6854/11/3
f 6856/8/3 6853/8/3 6855/8/3
f 6860/11/3 6858/11/3 6857/11/3
f 6861/8/3 6859/8/3 6858/8/3
f 6861/11/3 6858/11/3 6860/11/3
f 6862/8/3 6859/8/3 6861/8/3
f 6866/11/3 6864/11/3 6863/11/3
f 6867/8/3 6865/8/3 6864/8/3
f 6867/11/3 6864/11/3 6866/11/3
f 6868/8/3 6865/8/3 6867/8/3
f 6872/11/3 6870/11/3 6869/11/3
f 6873/8/3 6871/8/3 6870/8/3
f 6873/11/3 6870/11/3 6872/11/3
f 6874/8/3 6871/8/3 6873/8/3
f 6878/11/3 6876/11/3 6875/11/3
f 6879/8/3 6877/8/3 6876/8/3
f 6879/11/3 6876/11/3 6878/11/3
f 6880/8/3 6877/8/3 6879/8/3
f 6884/11/3 6882/11/3 6881/11/3
f 6885/8/3 6883/8/3 6882/8/3
f 6885/11/3 6882/11/3 6884/11/3
f 6886/8/3 6883/8/3 6885/8/3
f 6890/11/3 6888/11/3 6887/11/3
f 6891/8/3 6889/8/3 6888/8/3
f 6891/11/3 6888/11/3 6890/11/3
f 6892/8/3 6889/8/3 6891/8/3
f 6896/11/3 6894/11/3 6893/11/3
f 6897/8/3 6895/8/3 6894/8/3
f 6897/11/3 6894/11/3 6896/11/3
f 6898/8/3 6895/8/3 6897/8/3
f 6902/11/3 6900/11/3 6899/11/3
f 6903/8/3 6901/8/3 6900/8/3
f 6903/11/3 6900/11/3 6902/11/3
f 6904/8/3 6901/8/3 6903/8/3
f 6908/11/3 6906/11/3 6905/11/3
f 6909/8/3 6907/8/3 6906/8/3
f 6909/11/3 6906/11/3 6908/11/3
f 6910/8/3 6907/8/3 6909/8/3
f 6914/11/3 6912/11/3 6911/11/3
f 6915/8/3 6913/8/3 6912/8/3
f 6915/11/3 6912/11/3 6914/11/3
f 6916/8/3 6913/8/3 6915/8/3
f 6920/5/3 6918/5/3 6917/5/3
f 6921/7/3 6919/7/3 6918/7/3
f 6921/5/3 6918/5/3 6920/5/3
f 6922/7/3 6919/7/3 6921/7/3
f 6926/11/3 6924/11/3 6923/11/3
f 6927/8/3 6925/8/3 6924/8/3
f 6927/11/3 6924/11/3 6926/11/3
f 6928/8/3 6925/8/3 6927/8/3
f 6932/11/3 6930/11/3 6929/11/3
f 6933/8/3 6931/8/3 6930/8/3
f 6933/11/3 6930/11/3 6932/11/3
f 6934/8/3 6931/8/3 6933/8/3
f 6938/11/3 6936/11/3 6935/11/3
f 6939/8/3 6937/8/3 6936/8/3
f 6939/11/3 6936/11/3 6938/11/3
f 6940/8/3 6937/8/3 6939/8/3
f 6944/5/3 6942/5/3 6941/5/3
f 6945/7/3 6943/7/3 6942/7/3
f 6945/5/3 6942/5/3 6944/5/3
f 6946/7/3 6943/7/3 6945/7/3
f 6950/5/3 6948/5/3 6947/5/3
f 6951/7/3 6949/7/3 6948/7/3
f 6951/5/3 6948/5/3 6950/5/3
f 6952/7/3 6949/7/3 6951/7/3
f 6956/11/3 6954/11/3 6953/11/3
f 6957/8/3 6955/8/3 6954/8/3
f 6957/11/3 6954/11/3 6956/11/3
f 6958/8/3 6955/8/3 6957/8/3
f 6962/11/3 6960/11/3 6959/11/3
f 6963/8/3 6961/8/3 6960/8/3
f 6963/11/3 6960/11/3 6962/11/3
f 6964/8/3 6961/8/3 6963/8/3
f 6968/5/3 6966/5/3 6965/5/3
f 6969/7/3 6967/7/3 6966/7/3
f 6969/5/3 6966/5/3 6968/5/3
f 6970/7/3 6967/7/3 6969/7/3
f 6974/5/3 6972/5/3 6971/5/3
f 6975/7/3 6973/7/3 6972/7/3
f 6975/5/3 6972/5/3 6974/5/3
f 6976/7/3 6973/7/3 6975/7/3
f 6980/11/3 6978/11/3 6977/11/3
f 6981/8/3 6979/8/3 6978/8/3
f 6981/11/3 6978/11/3 6980/11/3
f 6982/8/3 6979/8/3 6981/8/3
f 6986/5/3 6984/5/3 6983/5/3
f 6987/7/3 6985/7/3 6984/7/3
f 6987/5/3 6984/5/3 6986/5/3
f 6988/7/3 6985/7/3 6987/7/3
f 6992/5/3 6990/5/3 6989/5/3
f 6993/7/3 6991/7/3 6990/7/3
f 6993/5/3 6990/5/3 6992/5/3
f 6994/7/3 6991/7/3 6993/7/3
f 6998/5/3 6996/5/3 6995/5/3
f 6999/5/3 6996/5/3 6998/5/3
f 7000/4/3 6997/4/3 6996/4/3
f 7000/5/3 6996/5/3 6999/5/3
f 7001/4/3 6997/4/3 7000/4/3
f 7005/5/3 7003/5/3 7002/5/3
f 7006/7/3 7004/7/3 7003/7/3
f 7006/5/3 7003/5/3 7005/5/3
f 7007/7/3 7004/7/3 7006/7/3
f 7011/5/3 7009/5/3 7008/5/3
f 7012/7/3 7010/7/3 7009/7/3
f 7012/5/3 7009/5/3 7011/5/3
f 7013/7/3 7010/7/3 7012/7/3
f 7017/5/3 7015/5/3 7014/5/3
f 7018/7/3 7016/7/3 7015/7/3
f 7018/5/3 7015/5/3 7017/5/3
f 7019/7/3 7016/7/3 7018/7/3
f 7023/5/3 7021/5/3 7020/5/3
f 7024/7/3 7022/7/3 7021/7/3
f 7024/5/3 7021/5/3 7023/5/3
f 7025/7/3 7022/7/3 7024/7/3
f 7029/5/3 7027/5/3 7026/5/3
f 7030/7/3 7028/7/3 7027/7/3
f 7030/5/3 7027/5/3 7029/5/3
f 7031/7/3 7028/7/3 7030/7/3
f 7035/5/3 7033/5/3 7032/5/3
f 7036/7/3 7034/7/3 7033/7/3
f 7036/5/3 7033/5/3 7035/5/3
f 7037/7/3 7034/7/3 7036/7/3
f 7041/5/3 7039/5/3 7038/5/3
f 7042/7/3 7040/7/3 7039/7/3
f 7042/5/3 7039/5/3 7041/5/3
f 7043/7/3 7040/7/3 7042/7/3
f 7047/5/3 7045/5/3 7044/5/3
f 7048/7/3 7046/7/3 7045/7/3
f 7048/5/3 7045/5/3 7047/5/3
f 7049/7/3 7046/7/3 7048/7/3
f 7053/5/3 7051/5/3 7050/5/3
f 7054/7/3 7052/7/3 7051/7/3
f 7054/5/3 7051/5/3 7053/5/3
f 7055/7/3 7052/7/3 7054/7/3
f 7059/5/3 7057/5/3 7056/5/3
f 7060/7/3 7058/7/3 7057/7/3
f 7060/5/3 7057/5/3 7059/5/3
f 7061/7/3 7058/7/3 7060/7/3
f 7065/5/3 7063/5/3 7062/5/3
f 7066/7/3 7064/7/3 7063/7/3
f 7066/5/3 7063/5/3 7065/5/3
f 7067/7/3 7064/7/3 7066/7/3
f 7071/5/3 7069/5/3 7068/5/3
f 7072/7/3 7070/7/3 7069/7/3
f 7072/5/3 7069/5/3 7071/5/3
f 7073/7/3 7070/7/3 7072/7/3
f 7077/5/3 7075/5/3 7074/5/3
f 7078/7/3 7076/7/3 7075/7/3
f 7078/5/3 7075/5/3 7077/5/3
f 7079/7/3 7076/7/3 7078/7/3
f 7083/5/3 7081/5/3 7080/5/3
f 7084/7/3 7082/7/3 7081/7/3
f 7084/5/3 7081/5/3 7083/5/3
f 7085/7/3 7082/7/3 7084/7/3
f 7089/5/3 7087/5/3 7086/5/3
f 7090/7/3 7088/7/3 7087/7/3
f 7090/5/3 7087/5/3 7089/5/3
f 7091/7/3 7088/7/3 7090/7/3
f 7095/5/3 7093/5/3 7092/5/3
f 7096/7/3 7094/7/3 7093/7/3
f 7096/5/3 7093/5/3 7095/5/3
f 7097/7/3 7094/7/3 7096/7/3
f 7101/5/3 7099/5/3 7098/5/3
f 7102/7/3 7100/7/3 7099/7/3
f 7102/5/3 7099/5/3 7101/5/3
f 7103/7/3 7100/7/3 7102/7/3
f 7107/5/3 7105/5/3 7104/5/3
f 7108/7/3 7106/7/3 7105/7/3
f 7108/5/3 7105/5/3 7107/5/3
f 7109/7/3 7106/7/3 7108/7/3
f 7113/5/3 7111/5/3 7110/5/3
f 7114/7/3 7112/7/3 7111/7/3
f 7114/5/3 7111/5/3 7113/5/3
f 7115/7/3 7112/7/3 7114/7/3
f 7119/5/3 7117/5/3 7116/5/3
f 7120/7/3 7118/7/3 7117/7/3
f 7120/5/3 7117/5/3 7119/5/3
f 7121/7/3 7118/7/3 7120/7/3
f 7125/5/3 7123/5/3 7122/5/3
f 7126/7/3 7124/7/3 7123/7/3
f 7126/5/3 7123/5/3 7125/5/3
f 7127/7/3 7124/7/3 7126/7/3
f 7130/7/3 7129/7/3 7128/7/3
f 7131/7/3 7129/7/3 7130/7/3
f 7134/13/3 7133/13/3 7132/13/3
f 7135/13/3 7133/13/3 7134/13/3
f 7138/13/3 7137/13/3 7136/13/3
f 7139/13/3 7137/13/3 7138/13/3
f 7140/7/3 7139/7/3 7138/7/3
f 7141/7/3 7139/7/3 7140/7/3
f 7144/13/3 7143/13/3 7142/13/3
f 7145/13/3 7143/13/3 7144/13/3
f 7148/7/3 7147/7/3 7146/7/3
f 7149/7/3 7147/7/3 7148/7/3
f 7150/13/3 7149/13/3 7148/13/3
f 7151/13/3 7149/13/3 7150/13/3
f 7152/4/4 7153/4/4 7154/4/4
f 7154/4/4 7153/4/4 7155/4/4
f 7156/4/4 7157/4/4 7158/4/4
f 7158/4/4 7157/4/4 7159/4/4
f 7160/9/4 7161/9/4 7162/9/4
f 7162/9/4 7161/9/4 7163/9/4
f 7164/9/4 7165/9/4 7166/9/4
f 7166/9/4 7165/9/4 7167/9/4
f 7168/9/4 7169/9/4 7170/9/4
f 7170/9/4 7169/9/4 7171/9/4
f 7172/4/4 7173/4/4 7174/4/4
f 7174/4/4 7173/4/4 7175/4/4
f 7176/11/4 7177/11/4 7179/11/4
f 7177/9/4 7178/9/4 7180/9/4
f 7179/11/4 7177/11/4 7180/11/4
f 7180/9/4 7178/9/4 7181/9/4
f 7182/7/4 7183/7/4 7184/7/4
f 7184/7/4 7183/7/4 7185/7/4
f 7186/4/4 7187/4/4 7188/4/4
f 7188/4/4 7187/4/4 7189/4/4
f 7190/8/4 7191/8/4 7192/8/4
f 7192/8/4 7191/8/4 7193/8/4
f 7194/11/4 7195/11/4 7197/11/4
f 7195/9/4 7196/9/4 7198/9/4
f 7197/11/4 7195/11/4 7198/11/4
f 7198/9/4 7196/9/4 7199/9/4
f 7200/11/4 7201/11/4 7203/11/4
f 7201/9/4 7202/9/4 7204/9/4
f 7203/11/4 7201/11/4 7204/11/4
f 7204/9/4 7202/9/4 7205/9/4
f 7206/4/4 7207/4/4 7208/4/4
f 7208/4/4 7207/4/4 7209/4/4
f 7210/11/4 7211/11/4 7213/11/4
f 7211/9/4 7212/9/4 7214/9/4
f 7213/11/4 7211/11/4 7214/11/4
f 7214/9/4 7212/9/4 7215/9/4
f 7216/11/4 7217/11/4 7219/11/4
f 7219/11/4 7217/11/4 7220/11/4
f 7217/9/4 7218/9/4 7221/9/4
f 7220/11/4 7217/11/4 7221/11/4
f 7221/9/4 7218/9/4 7222/9/4
f 7223/4/4 7224/4/4 7225/4/4
f 7225/4/4 7224/4/4 7226/4/4
f 7227/8/4 7228/8/4 7229/8/4
f 7229/8/4 7228/8/4 7230/8/4
f 7231/8/4 7232/8/4 7233/8/4
f 7233/8/4 7232/8/4 7234/8/4
f 7235/11/4 7236/11/4 7238/11/4
f 7236/9/4 7237/9/4 7239/9/4
f 7238/11/4 7236/11/4 7239/11/4
f 7239/9/4 7237/9/4 7240/9/4
f 7241/4/4 7242/4/4 7243/4/4
f 7243/4/4 7242/4/4 7244/4/4
f 7245/8/4 7246/8/4 7247/8/4
f 7247/8/4 7246/8/4 7248/8/4
f 7249/8/4 7250/8/4 7251/8/4
f 7251/8/4 7250/8/4 7252/8/4
f 7253/4/4 7254/4/4 7255/4/4
f 7255/4/4 7254/4/4 7256/4/4
f 7257/8/4 7258/8/4 7259/8/4
f 7259/8/4 7258/8/4 7260/8/4
f 7261/8/4 7262/8/4 7263/8/4
f 7263/8/4 7262/8/4 7264/8/4
f 7265/4/4 7266/4/4 7267/4/4
f 7267/4/4 7266/4/4 7268/4/4
f 7269/8/4 7270/8/4 7271/8/4
f 7271/8/4 7270/8/4 7272/8/4
f 7273/8/4 7274/8/4 7275/8/4
f 7275/8/4 7274/8/4 7276/8/4
f 7277/8/4 7278/8/4 7279/8/4
f 7279/8/4 7278/8/4 7280/8/4
f 7281/4/4 7282/4/4 7283/4/4
f 7283/4/4 7282/4/4 7284/4/4
f 7285/8/4 7286/8/4 7287/8/4
f 7287/8/4 7286/8/4 7288/8/4
f 7289/8/4 7290/8/4 7291/8/4
f 7291/8/4 7290/8/4 7292/8/4
f 7293/4/4 7294/4/4 7295/4/4
f 7295/4/4 7294/4/4 7296/4/4
f 7297/8/4 7298/8/4 7299/8/4
f 7299/8/4 7298/8/4 7300/8/4
f 7301/8/4 7302/8/4 7303/8/4
f 7303/8/4 7302/8/4 7304/8/4
f 7305/9/4 7306/9/4 7307/9/4
f 7307/9/4 7306/9/4 7308/9/4
f 7309/4/4 7310/4/4 7311/4/4
f 7311/4/4 7310/4/4 7312/4/4
f 7313/8/4 7314/8/4 7315/8/4
f 7315/8/4 7314/8/4 7316/8/4
f 7317/8/4 7318/8/4 7319/8/4
f 7319/8/4 7318/8/4 7320/8/4
f 7321/4/4 7322/4/4 7323/4/4
f 7323/4/4 7322/4/4 7324/4/4
f 7325/8/4 7326/8/4 7327/8/4
f 7327/8/4 7326/8/4 7328/8/4
f 7329/8/4 7330/8/4 7331/8/4
f 7331/8/4 7330/8/4 7332/8/4
f 7333/7/4 7334/7/4 7335/7/4
f 7335/7/4 7334/7/4 7336/7/4
f 7337/4/4 7338/4/4 7339/4/4
f 7339/4/4 7338/4/4 7340/4/4
f 7341/8/4 7342/8/4 7343/8/4
f 7343/8/4 7342/8/4 7344/8/4
f 7345/4/4 7346/4/4 7347/4/4
f 7347/4/4 7346/4/4 7348/4/4
f 7349/8/4 7350/8/4 7351/8/4
f 7351/8/4 7350/8/4 7352/8/4
f 7353/8/4 7354/8/4 7355/8/4
f 7355/8/4 7354/8/4 7356/8/4
f 7357/4/4 7358/4/4 7359/4/4
f 7359/4/4 7358/4/4 7360/4/4
f 7361/8/4 7362/8/4 7363/8/4
f 7363/8/4 7362/8/4 7364/8/4
f 7365/13/4 7366/13/4 7367/13/4
f 7367/13/4 7366/13/4 7368/13/4
f 7369/4/4 7370/4/4 7371/4/4
f 7371/4/4 7370/4/4 7372/4/4
f 7373/8/4 7374/8/4 7375/8/4
f 7375/8/4 7374/8/4 7376/8/4
f 7377/7/4 7378/7/4 7379/7/4
f 7379/7/4 7378/7/4 7380/7/4
f 7381/4/4 7382/4/4 7383/4/4
f 7383/4/4 7382/4/4 7384/4/4
f 7385/8/4 7386/8/4 7387/8/4
f 7387/8/4 7386/8/4 7388/8/4
f 7389/8/4 7390/8/4 7391/8/4
f 7391/8/4 7390/8/4 7392/8/4
f 7393/8/4 7394/8/4 7395/8/4
f 7395/8/4 7394/8/4 7396/8/4
f 7397/8/4 7398/8/4 7399/8/4
f 7399/8/4 7398/8/4 7400/8/4
f 7401/4/4 7402/4/4 7403/4/4
f 7403/4/4 7402/4/4 7404/4/4
f 7405/5/4 7406/5/4 7408/5/4
f 7406/10/4 7407/10/4 7409/10/4
f 7408/5/4 7406/5/4 7409/5/4
f 7409/10/4 7407/10/4 7410/10/4
f 7411/5/4 7412/5/4 7414/5/4
f 7412/10/4 7413/10/4 7415/10/4
f 7414/5/4 7412/5/4 7415/5/4
f 7415/10/4 7413/10/4 7416/10/4
f 7417/5/4 7418/5/4 7420/5/4
f 7418/7/4 7419/7/4 7421/7/4
f 7420/5/4 7418/5/4 7421/5/4
f 7421/7/4 7419/7/4 7422/7/4
f 7423/8/4 7424/8/4 7425/8/4
f 7425/8/4 7424/8/4 7426/8/4
f 7427/8/4 7428/8/4 7429/8/4
f 7429/8/4 7428/8/4 7430/8/4
f 7431/4/4 7432/4/4 7433/4/4
f 7433/4/4 7432/4/4 7434/4/4
f 7435/5/4 7436/5/4 7438/5/4
f 7436/7/4 7437/7/4 7439/7/4
f 7438/5/4 7436/5/4 7439/5/4
f 7439/7/4 7437/7/4 7440/7/4
f 7441/4/4 7442/4/4 7443/4/4
f 7443/4/4 7442/4/4 7444/4/4
f 7445/11/4 7446/11/4 7448/11/4
f 7446/9/4 7447/9/4 7449/9/4
f 7448/11/4 7446/11/4 7449/11/4
f 7449/9/4 7447/9/4 7450/9/4
f 7451/8/4 7452/8/4 7453/8/4
f 7453/8/4 7452/8/4 7454/8/4
f 7455/11/4 7456/11/4 7458/11/4
f 7456/9/4 7457/9/4 7459/9/4
f 7458/11/4 7456/11/4 7459/11/4
f 7459/9/4 7457/9/4 7460/9/4
f 7461/4/4 7462/4/4 7463/4/4
f 7463/4/4 7462/4/4 7464/4/4
f 7465/5/4 7466/5/4 7468/5/4
f 7466/9/4 7467/9/4 7469/9/4
f 7468/5/4 7466/5/4 7469/5/4
f 7469/9/4 7467/9/4 7470/9/4
f 7471/8/4 7472/8/4 7473/8/4
f 7473/8/4 7472/8/4 7474/8/4
f 7475/5/4 7476/5/4 7478/5/4
f 7476/9/4 7477/9/4 7479/9/4
f 7478/5/4 7476/5/4 7479/5/4
f 7479/9/4 7477/9/4 7480/9/4
f 7481/8/4 7482/8/4 7483/8/4
f 7483/8/4 7482/8/4 7484/8/4
f 7485/4/4 7486/4/4 7487/4/4
f 7487/4/4 7486/4/4 7488/4/4
f 7489/5/4 7490/5/4 7492/5/4
f 7490/9/4 7491/9/4 7493/9/4
f 7492/5/4 7490/5/4 7493/5/4
f 7493/9/4 7491/9/4 7494/9/4
f 7495/8/4 7496/8/4 7497/8/4
f 7497/8/4 7496/8/4 7498/8/4
f 7499/5/4 7500/5/4 7502/5/4
f 7500/7/4 7501/7/4 7503/7/4
f 7502/5/4 7500/5/4 7503/5/4
f 7503/7/4 7501/7/4 7504/7/4
f 7505/4/4 7506/4/4 7507/4/4
f 7507/4/4 7506/4/4 7508/4/4
f 7509/5/4 7510/5/4 7512/5/4
f 7510/9/4 7511/9/4 7513/9/4
f 7512/5/4 7510/5/4 7513/5/4
f 7513/9/4 7511/9/4 7514/9/4
f 7515/4/4 7516/4/4 7517/4/4
f 7517/4/4 7516/4/4 7518/4/4
f 7519/8/4 7520/8/4 7521/8/4
f 7521/8/4 7520/8/4 7522/8/4
f 7523/5/4 7524/5/4 7526/5/4
f 7524/7/4 7525/7/4 7527/7/4
f 7526/5/4 7524/5/4 7527/5/4
f 7527/7/4 7525/7/4 7528/7/4
f 7529/4/4 7530/4/4 7531/4/4
f 7531/4/4 7530/4/4 7532/4/4
f 7533/4/4 7534/4/4 7535/4/4
f 7535/4/4 7534/4/4 7536/4/4
f 7537/4/4 7538/4/4 7539/4/4
f 7539/4/4 7538/4/4 7540/4/4
f 7541/5/4 7542/5/4 7544/5/4
f 7542/7/4 7543/7/4 7545/7/4
f 7544/5/4 7542/5/4 7545/5/4
f 7545/7/4 7543/7/4 7546/7/4
f 7547/4/4 7548/4/4 7549/4/4
f 7549/4/4 7548/4/4 7550/4/4
f 7551/4/4 7552/4/4 7553/4/4
f 7553/4/4 7552/4/4 7554/4/4
f 7555/4/4 7556/4/4 7557/4/4
f 7557/4/4 7556/4/4 7558/4/4
f 7559/4/4 7560/4/4 7561/4/4
f 7561/4/4 7560/4/4 7562/4/4
f 7563/4/4 7564/4/4 7565/4/4
f 7565/4/4 7564/4/4 7566/4/4
f 7567/8/4 7568/8/4 7569/8/4
f 7569/8/4 7568/8/4 7570/8/4
f 7571/5/4 7572/5/4 7574/5/4
f 7572/7/4 7573/7/4 7575/7/4
f 7574/5/4 7572/5/4 7575/5/4
f 7575/7/4 7573/7/4 7576/7/4
f 7577/5/4 7578/5/4 7580/5/4
f 7578/9/4 7579/9/4 7581/9/4
f 7580/5/4 7578/5/4 7581/5/4
f 7581/9/4 7579/9/4 7582/9/4
f 7583/4/4 7584/4/4 7585/4/4
f 7585/4/4 7584/4/4 7586/4/4
f 7587/4/4 7588/4/4 7589/4/4
f 7589/4/4 7588/4/4 7590/4/4
f 7591/4/4 7592/4/4 7593/4/4
f 7593/4/4 7592/4/4 7594/4/4
f 7595/8/4 7596/8/4 7597/8/4
f 7597/8/4 7596/8/4 7598/8/4
f 7599/5/4 7600/5/4 7602/5/4
f 7600/7/4 7601/7/4 7603/7/4
f 7602/5/4 7600/5/4 7603/5/4
f 7603/7/4 7601/7/4 7604/7/4
f 7605/5/4 7606/5/4 7608/5/4
f 7606/9/4 7607/9/4 7609/9/4
f 7608/5/4 7606/5/4 7609/5/4
f 7609/9/4 7607/9/4 7610/9/4
f 7611/4/4 7612/4/4 7613/4/4
f 7613/4/4 7612/4/4 7614/4/4
f 7615/8/4 7616/8/4 7617/8/4
f 7617/8/4 7616/8/4 7618/8/4
f 7619/5/4 7620/5/4 7622/5/4
f 7620/7/4 7621/7/4 7623/7/4
f 7622/5/4 7620/5/4 7623/5/4
f 7623/7/4 7621/7/4 7624/7/4
f 7625/4/4 7626/4/4 7627/4/4
f 7627/4/4 7626/4/4 7628/4/4
f 7629/5/4 7630/5/4 7632/5/4
f 7630/9/4 7631/9/4 7633/9/4
f 7632/5/4 7630/5/4 7633/5/4
f 7633/9/4 7631/9/4 7634/9/4
f 7635/5/4 7636/5/4 7638/5/4
f 7636/4/4 7637/4/4 7639/4/4
f 7638/5/4 7636/5/4 7639/5/4
f 7639/4/4 7637/4/4 7640/4/4
f 7641/8/4 7642/8/4 7643/8/4
f 7643/8/4 7642/8/4 7644/8/4
f 7645/4/4 7646/4/4 7647/4/4
f 7647/4/4 7646/4/4 7648/4/4
f 7649/5/4 7650/5/4 7652/5/4
f 7650/4/4 7651/4/4 7653/4/4
f 7652/5/4 7650/5/4 7653/5/4
f 7653/4/4 7651/4/4 7654/4/4
f 7655/5/4 7656/5/4 7658/5/4
f 7656/4/4 7657/4/4 7659/4/4
f 7658/5/4 7656/5/4 7659/5/4
f 7659/4/4 7657/4/4 7660/4/4
f 7661/5/4 7662/5/4 7664/5/4
f 7662/4/4 7663/4/4 7665/4/4
f 7664/5/4 7662/5/4 7665/5/4
f 7665/4/4 7663/4/4 7666/4/4
f 7667/5/4 7668/5/4 7670/5/4
f 7668/4/4 7669/4/4 7671/4/4
f 7670/5/4 7668/5/4 7671/5/4
f 7671/4/4 7669/4/4 7672/4/4
f 7673/4/4 7674/4/4 7675/4/4
f 7675/4/4 7674/4/4 7676/4/4
f 7677/5/4 7678/5/4 7680/5/4
f 7678/4/4 7679/4/4 7681/4/4
f 7680/5/4 7678/5/4 7681/5/4
f 7681/4/4 7679/4/4 7682/4/4
f 7683/4/4 7684/4/4 7685/4/4
f 7685/4/4 7684/4/4 7686/4/4
f 7687/5/4 7688/5/4 7690/5/4
f 7688/4/4 7689/4/4 7691/4/4
f 7690/5/4 7688/5/4 7691/5/4
f 7691/4/4 7689/4/4 7692/4/4
f 7693/5/4 7694/5/4 7696/5/4
f 7694/4/4 7695/4/4 7697/4/4
f 7696/5/4 7694/5/4 7697/5/4
f 7697/4/4 7695/4/4 7698/4/4
f 7699/5/4 7700/5/4 7702/5/4
f 7700/4/4 7701/4/4 7703/4/4
f 7702/5/4 7700/5/4 7703/5/4
f 7703/4/4 7701/4/4 7704/4/4
f 7705/7/4 7706/7/4 7707/7/4
f 7707/7/4 7706/7/4 7708/7/4
f 7709/5/4 7710/5/4 7712/5/4
f 7710/4/4 7711/4/4 7713/4/4
f 7712/5/4 7710/5/4 7713/5/4
f 7713/4/4 7711/4/4 7714/4/4
f 7715/5/4 7716/5/4 7718/5/4
f 7716/4/4 7717/4/4 7719/4/4
f 7718/5/4 7716/5/4 7719/5/4
f 7719/4/4 7717/4/4 7720/4/4
f 7721/5/4 7722/5/4 7724/5/4
f 7722/4/4 7723/4/4 7725/4/4
f 7724/5/4 7722/5/4 7725/5/4
f 7725/4/4 7723/4/4 7726/4/4
f 7727/5/4 7728/5/4 7730/5/4
f 7728/9/4 7729/9/4 7731/9/4
f 7730/5/4 7728/5/4 7731/5/4
f 7731/9/4 7729/9/4 7732/9/4
f 7733/5/4 7734/5/4 7736/5/4
f 7734/4/4 7735/4/4 7737/4/4
f 7736/5/4 7734/5/4 7737/5/4
f 7737/4/4 7735/4/4 7738/4/4
f 7739/7/4 7740/7/4 7741/7/4
f 7741/7/4 7740/7/4 7742/7/4
f 7743/5/4 7744/5/4 7746/5/4
f 7744/9/4 7745/9/4 7747/9/4
f 7746/5/4 7744/5/4 7747/5/4
f 7747/9/4 7745/9/4 7748/9/4
f 7749/11/4 7750/11/4 7752/11/4
f 7750/9/4 7751/9/4 7753/9/4
f 7752/11/4 7750/11/4 7753/11/4
f 7752/5/4 7753/5/4 7754/5/4
f 7753/9/4 7751/9/4 7755/9/4
f 7754/5/4 7753/5/4 7755/5/4
f 7755/9/4 7751/9/4 7756/9/4
f 7757/5/4 7758/5/4 7760/5/4
f 7758/9/4 7759/9/4 7761/9/4
f 7760/5/4 7758/5/4 7761/5/4
f 7761/9/4 7759/9/4 7762/9/4
f 7763/11/4 7764/11/4 7766/11/4
f 7764/7/4 7765/7/4 7767/7/4
f 7766/11/4 7764/11/4 7767/11/4
f 7767/7/4 7765/7/4 7768/7/4
f 7769/7/4 7770/7/4 7771/7/4
f 7771/7/4 7770/7/4 7772/7/4
f 7773/11/4 7774/11/4 7776/11/4
f 7774/7/4 7775/7/4 7777/7/4
f 7776/11/4 7774/11/4 7777/11/4
f 7777/7/4 7775/7/4 7778/7/4
f 7779/5/4 7780/5/4 7782/5/4
f 7780/9/4 7781/9/4 7783/9/4
f 7782/5/4 7780/5/4 7783/5/4
f 7783/9/4 7781/9/4 7784/9/4
f 7785/11/4 7786/11/4 7788/11/4
f 7786/7/4 7787/7/4 7789/7/4
f 7788/11/4 7786/11/4 7789/11/4
f 7789/7/4 7787/7/4 7790/7/4
f 7791/5/4 7792/5/4 7794/5/4
f 7792/9/4 7793/9/4 7795/9/4
f 7794/5/4 7792/5/4 7795/5/4
f 7795/9/4 7793/9/4 7796/9/4
f 7797/5/4 7798/5/4 7800/5/4
f 7798/7/4 7799/7/4 7801/7/4
f 7800/5/4 7798/5/4 7801/5/4
f 7801/7/4 7799/7/4 7802/7/4
f 7803/11/4 7804/11/4 7806/11/4
f 7804/7/4 7805/7/4 7807/7/4
f 7806/11/4 7804/11/4 7807/11/4
f 7807/7/4 7805/7/4 7808/7/4
f 7809/5/4 7810/5/4 7812/5/4
f 7810/9/4 7811/9/4 7813/9/4
f 7812/5/4 7810/5/4 7813/5/4
f 7813/9/4 7811/9/4 7814/9/4
f 7815/11/4 7816/11/4 7818/11/4
f 7816/7/4 7817/7/4 7819/7/4
f 7818/11/4 7816/11/4 7819/11/4
f 7819/7/4 7817/7/4 7820/7/4
f 7821/5/4 7822/5/4 7824/5/4
f 7822/9/4 7823/9/4 7825/9/4
f 7824/5/4 7822/5/4 7825/5/4
f 7825/9/4 7823/9/4 7826/9/4
f 7827/5/4 7828/5/4 7830/5/4
f 7828/9/4 7829/9/4 7831/9/4
f 7830/5/4 7828/5/4 7831/5/4
f 7831/9/4 7829/9/4 7832/9/4
f 7833/7/4 7834/7/4 7835/7/4
f 7835/7/4 7834/7/4 7836/7/4
f 7837/11/4 7838/11/4 7840/11/4
f 7838/7/4 7839/7/4 7841/7/4
f 7840/11/4 7838/11/4 7841/11/4
f 7841/7/4 7839/7/4 7842/7/4
f 7843/5/4 7844/5/4 7846/5/4
f 7844/9/4 7845/9/4 7847/9/4
f 7846/5/4 7844/5/4 7847/5/4
f 7847/9/4 7845/9/4 7848/9/4
f 7849/5/4 7850/5/4 7852/5/4
f 7850/9/4 7851/9/4 7853/9/4
f 7852/5/4 7850/5/4 7853/5/4
f 7853/9/4 7851/9/4 7854/9/4
f 7855/7/4 7856/7/4 7857/7/4
f 7857/7/4 7856/7/4 7858/7/4
f 7859/11/4 7860/11/4 7862/11/4
f 7860/7/4 7861/7/4 7863/7/4
f 7862/11/4 7860/11/4 7863/11/4
f 7863/7/4 7861/7/4 7864/7/4
f 7865/5/4 7866/5/4 7868/5/4
f 7866/9/4 7867/9/4 7869/9/4
f 7868/5/4 7866/5/4 7869/5/4
f 7869/9/4 7867/9/4 7870/9/4
f 7871/11/4 7872/11/4 7874/11/4
f 7872/7/4 7873/7/4 7875/7/4
f 7874/11/4 7872/11/4 7875/11/4
f 7875/7/4 7873/7/4 7876/7/4
f 7877/5/4 7878/5/4 7880/5/4
f 7878/9/4 7879/9/4 7881/9/4
f 7880/5/4 7878/5/4 7881/5/4
f 7881/9/4 7879/9/4 7882/9/4
f 7883/7/4 7884/7/4 7885/7/4
f 7885/7/4 7884/7/4 7886/7/4
f 7887/11/4 7888/11/4 7890/11/4
f 7888/7/4 7889/7/4 7891/7/4
f 7890/11/4 7888/11/4 7891/11/4
f 7891/7/4 7889/7/4 7892/7/4
f 7893/5/4 7894/5/4 7896/5/4
f 7894/9/4 7895/9/4 7897/9/4
f 7896/5/4 7894/5/4 7897/5/4
f 7897/9/4 7895/9/4 7898/9/4
f 7899/5/4 7900/5/4 7902/5/4
f 7900/9/4 7901/9/4 7903/9/4
f 7902/5/4 7900/5/4 7903/5/4
f 7903/9/4 7901/9/4 7904/9/4
f 7905/8/4 7906/8/4 7907/8/4
f 7907/8/4 7906/8/4 7908/8/4
f 7908/8/4 7906/8/4 7909/8/4
f 7908/11/4 7909/11/4 7911/11/4
f 7909/8/4 7910/8/4 7912/8/4
f 7911/11/4 7909/11/4 7912/11/4
f 7912/8/4 7910/8/4 7913/8/4
f 7914/11/4 7915/11/4 7917/11/4
f 7915/7/4 7916/7/4 7918/7/4
f 7917/11/4 7915/11/4 7918/11/4
f 7918/7/4 7916/7/4 7919/7/4
f 7920/5/4 7921/5/4 7923/5/4
f 7921/9/4 7922/9/4 7924/9/4
f 7923/5/4 7921/5/4 7924/5/4
f 7924/9/4 7922/9/4 7925/9/4
f 7926/8/4 7927/8/4 7928/8/4
f 7928/8/4 7927/8/4 7929/8/4
f 7930/11/4 7931/11/4 7933/11/4
f 7931/7/4 7932/7/4 7934/7/4
f 7933/11/4 7931/11/4 7934/11/4
f 7934/7/4 7932/7/4 7935/7/4
f 7936/5/4 7937/5/4 7939/5/4
f 7937/9/4 7938/9/4 7940/9/4
f 7939/5/4 7937/5/4 7940/5/4
f 7940/9/4 7938/9/4 7941/9/4
f 7942/12/4 7943/12/4 7944/12/4
f 7944/12/4 7943/12/4 7945/12/4
f 7945/12/4 7943/12/4 7946/12/4
f 7945/5/4 7946/5/4 7948/5/4
f 7946/8/4 7947/8/4 7949/8/4
f 7948/5/4 7946/5/4 7949/5/4
f 7949/8/4 7947/8/4 7950/8/4
f 7951/11/4 7952/11/4 7954/11/4
f 7952/7/4 7953/7/4 7955/7/4
f 7954/11/4 7952/11/4 7955/11/4
f 7955/7/4 7953/7/4 7956/7/4
f 7957/5/4 7958/5/4 7960/5/4
f 7958/8/4 7959/8/4 7961/8/4
f 7960/5/4 7958/5/4 7961/5/4
f 7961/8/4 7959/8/4 7962/8/4
f 7963/11/4 7964/11/4 7966/11/4
f 7964/7/4 7965/7/4 7967/7/4
f 7966/11/4 7964/11/4 7967/11/4
f 7967/7/4 7965/7/4 7968/7/4
f 7969/5/4 7970/5/4 7972/5/4
f 7970/8/4 7971/8/4 7973/8/4
f 7972/5/4 7970/5/4 7973/5/4
f 7973/8/4 7971/8/4 7974/8/4
f 7975/11/4 7976/11/4 7978/11/4
f 7976/7/4 7977/7/4 7979/7/4
f 7978/11/4 7976/11/4 7979/11/4
f 7979/7/4 7977/7/4 7980/7/4
f 7981/5/4 7982/5/4 7984/5/4
f 7982/7/4 7983/7/4 7985/7/4
f 7984/5/4 7982/5/4 7985/5/4
f 7985/7/4 7983/7/4 7986/7/4
f 7987/11/4 7988/11/4 7990/11/4
f 7988/7/4 7989/7/4 7991/7/4
f 7990/11/4 7988/11/4 7991/11/4
f 7991/7/4 7989/7/4 7992/7/4
f 7993/5/4 7994/5/4 7996/5/4
f 7994/9/4 7995/9/4 7997/9/4
f 7996/5/4 7994/5/4 7997/5/4
f 7997/9/4 7995/9/4 7998/9/4
f 7999/11/4 8000/11/4 8002/11/4
f 8000/7/4 8001/7/4 8003/7/4
f 8002/11/4 8000/11/4 8003/11/4
f 8003/7/4 8001/7/4 8004/7/4
f 8005/11/4 8006/11/4 8008/11/4
f 8006/7/4 8007/7/4 8009/7/4
f 8008/11/4 8006/11/4 8009/11/4
f 8009/7/4 8007/7/4 8010/7/4
f 8011/11/4 8012/11/4 8014/11/4
f 8012/7/4 8013/7/4 8015/7/4
f 8014/11/4 8012/11/4 8015/11/4
f 8015/7/4 8013/7/4 8016/7/4
f 8017/11/4 8018/11/4 8020/11/4
f 8018/7/4 8019/7/4 8021/7/4
f 8020/11/4 8018/11/4 8021/11/4
f 8021/7/4 8019/7/4 8022/7/4
f 8023/11/4 8024/11/4 8026/11/4
f 8024/7/4 8025/7/4 8027/7/4
f 8026/11/4 8024/11/4 8027/11/4
f 8027/7/4 8025/7/4 8028/7/4
f 8029/11/4 8030/11/4 8032/11/4
f 8030/7/4 8031/7/4 8033/7/4
f 8032/11/4 8030/11/4 8033/11/4
f 8033/7/4 8031/7/4 8034/7/4
f 8035/11/4 8036/11/4 8038/11/4
f 8036/7/4 8037/7/4 8039/7/4
f 8038/11/4 8036/11/4 8039/11/4
f 8039/7/4 8037/7/4 8040/7/4
f 8041/11/4 8042/11/4 8044/11/4
f 8042/7/4 8043/7/4 8045/7/4
f 8044/11/4 8042/11/4 8045/11/4
f 8045/7/4 8043/7/4 8046/7/4
f 8047/11/4 8048/11/4 8050/11/4
f 8048/7/4 8049/7/4 8051/7/4
f 8050/11/4 8048/11/4 8051/11/4
f 8051/7/4 8049/7/4 8052/7/4
f 8053/5/4 8054/5/4 8056/5/4
f 8054/7/4 8055/7/4 8057/7/4
f 8056/5/4 8054/5/4 8057/5/4
f 8057/7/4 8055/7/4 8058/7/4
f 8059/5/4 8060/5/4 8062/5/4
f 8060/9/4 8061/9/4 8063/9/4
f 8062/5/4 8060/5/4 8063/5/4
f 8063/9/4 8061/9/4 8064/9/4
f 8065/11/4 8066/11/4 8068/11/4
f 8066/7/4 8067/7/4 8069/7/4
f 8068/11/4 8066/11/4 8069/11/4
f 8069/7/4 8067/7/4 8070/7/4
f 8071/11/4 8072/11/4 8074/11/4
f 8072/7/4 8073/7/4 8075/7/4
f 8074/11/4 8072/11/4 8075/11/4
f 8075/7/4 8073/7/4 8076/7/4
f 8077/11/4 8078/11/4 8080/11/4
f 8078/7/4 8079/7/4 8081/7/4
f 8080/11/4 8078/11/4 8081/11/4
f 8081/7/4 8079/7/4 8082/7/4
f 8083/11/4 8084/11/4 8086/11/4
f 8084/7/4 8085/7/4 8087/7/4
f 8086/11/4 8084/11/4 8087/11/4
f 8087/7/4 8085/7/4 8088/7/4
f 8089/5/4 8090/5/4 8092/5/4
f 8090/7/4 8091/7/4 8093/7/4
f 8092/5/4 8090/5/4 8093/5/4
f 8093/7/4 8091/7/4 8094/7/4
f 8095/11/4 8096/11/4 8098/11/4
f 8096/7/4 8097/7/4 8099/7/4
f 8098/11/4 8096/11/4 8099/11/4
f 8099/7/4 8097/7/4 8100/7/4
f 8101/11/4 8102/11/4 8104/11/4
f 8102/7/4 8103/7/4 8105/7/4
f 8104/11/4 8102/11/4 8105/11/4
f 8105/7/4 8103/7/4 8106/7/4
f 8107/11/4 8108/11/4 8110/11/4
f 8108/7/4 8109/7/4 8111/7/4
f 8110/11/4 8108/11/4 8111/11/4
f 8111/7/4 8109/7/4 8112/7/4
f 8113/11/4 8114/11/4 8116/11/4
f 8114/8/4 8115/8/4 8117/8/4
f 8116/11/4 8114/11/4 8117/11/4
f 8117/8/4 8115/8/4 8118/8/4
f 8119/5/4 8120/5/4 8122/5/4
f 8120/8/4 8121/8/4 8123/8/4
f 8122/5/4 8120/5/4 8123/5/4
f 8123/8/4 8121/8/4 8124/8/4
f 8125/5/4 8126/5/4 8128/5/4
f 8126/7/4 8127/7/4 8129/7/4
f 8128/5/4 8126/5/4 8129/5/4
f 8129/7/4 8127/7/4 8130/7/4
f 8131/11/4 8132/11/4 8134/11/4
f 8132/9/4 8133/9/4 8135/9/4
f 8134/11/4 8132/11/4 8135/11/4
f 8135/9/4 8133/9/4 8136/9/4
f 8137/11/4 8138/11/4 8140/11/4
f 8138/7/4 8139/7/4 8141/7/4
f 8140/11/4 8138/11/4 8141/11/4
f 8141/7/4 8139/7/4 8142/7/4
f 8143/11/4 8144/11/4 8146/11/4
f 8144/8/4 8145/8/4 8147/8/4
f 8146/11/4 8144/11/4 8147/11/4
f 8147/8/4 8145/8/4 8148/8/4
f 8149/5/4 8150/5/4 8152/5/4
f 8150/8/4 8151/8/4 8153/8/4
f 8152/5/4 8150/5/4 8153/5/4
f 8153/8/4 8151/8/4 8154/8/4
f 8155/11/4 8156/11/4 8158/11/4
f 8156/8/4 8157/8/4 8159/8/4
f 8158/11/4 8156/11/4 8159/11/4
f 8158/5/4 8159/5/4 8160/5/4
f 8159/8/4 8157/8/4 8161/8/4
f 8160/5/4 8159/5/4 8161/5/4
f 8161/8/4 8157/8/4 8162/8/4
f 8163/11/4 8164/11/4 8166/11/4
f 8164/7/4 8165/7/4 8167/7/4
f 8166/11/4 8164/11/4 8167/11/4
f 8167/7/4 8165/7/4 8168/7/4
f 8169/11/4 8170/11/4 8172/11/4
f 8170/7/4 8171/7/4 8173/7/4
f 8172/11/4 8170/11/4 8173/11/4
f 8173/7/4 8171/7/4 8174/7/4
f 8175/5/4 8176/5/4 8178/5/4
f 8176/8/4 8177/8/4 8179/8/4
f 8178/5/4 8176/5/4 8179/5/4
f 8179/8/4 8177/8/4 8180/8/4
f 8181/9/4 8182/9/4 8183/9/4
f 8183/9/4 8182/9/4 8184/9/4
f 8185/11/4 8186/11/4 8188/11/4
f 8186/9/4 8187/9/4 8189/9/4
f 8188/11/4 8186/11/4 8189/11/4
f 8189/9/4 8187/9/4 8190/9/4
f 8191/11/4 8192/11/4 8194/11/4
f 8192/7/4 8193/7/4 8195/7/4
f 8194/11/4 8192/11/4 8195/11/4
f 8195/7/4 8193/7/4 8196/7/4
f 8197/11/4 8198/11/4 8200/11/4
f 8198/7/4 8199/7/4 8201/7/4
f 8200/11/4 8198/11/4 8201/11/4
f 8201/7/4 8199/7/4 8202/7/4
f 8203/11/4 8204/11/4 8206/11/4
f 8204/8/4 8205/8/4 8207/8/4
f 8206/11/4 8204/11/4 8207/11/4
f 8206/5/4 8207/5/4 8208/5/4
f 8207/8/4 8205/8/4 8209/8/4
f 8208/5/4 8207/5/4 8209/5/4
f 8209/8/4 8205/8/4 8210/8/4
f 8211/9/4 8212/9/4 8213/9/4
f 8213/9/4 8212/9/4 8214/9/4
f 8215/9/4 8216/9/4 8217/9/4
f 8217/9/4 8216/9/4 8218/9/4
f 8219/11/4 8220/11/4 8222/11/4
f 8220/9/4 8221/9/4 8223/9/4
f 8222/11/4 8220/11/4 8223/11/4
f 8223/9/4 8221/9/4 8224/9/4
f 8225/11/4 8226/11/4 8228/11/4
f 8226/8/4 8227/8/4 8228/8/4
f 8228/8/4 8227/8/4 8229/8/4
f 8225/11/4 8228/11/4 8230/11/4
f 8228/7/4 8229/7/4 8231/7/4
f 8230/11/4 8228/11/4 8231/11/4
f 8231/7/4 8229/7/4 8232/7/4
f 8233/11/4 8234/11/4 8236/11/4
f 8234/8/4 8235/8/4 8237/8/4
f 8236/11/4 8234/11/4 8237/11/4
f 8237/8/4 8235/8/4 8238/8/4
f 8239/9/4 8240/9/4 8241/9/4
f 8241/9/4 8240/9/4 8242/9/4
f 8243/5/4 8244/5/4 8246/5/4
f 8244/8/4 8245/8/4 8247/8/4
f 8246/5/4 8244/5/4 8247/5/4
f 8246/11/4 8247/11/4 8248/11/4
f 8247/8/4 8245/8/4 8249/8/4
f 8248/11/4 8247/11/4 8249/11/4
f 8249/8/4 8245/8/4 8250/8/4
f 8251/11/4 8252/11/4 8254/11/4
f 8252/7/4 8253/7/4 8255/7/4
f 8254/11/4 8252/11/4 8255/11/4
f 8255/7/4 8253/7/4 8256/7/4
f 8254/11/4 8255/11/4 8257/11/4
f 8255/8/4 8256/8/4 8258/8/4
f 8257/11/4 8255/11/4 8258/11/4
f 8258/8/4 8256/8/4 8259/8/4
f 8260/5/4 8261/5/4 8263/5/4
f 8261/8/4 8262/8/4 8264/8/4
f 8263/5/4 8261/5/4 8264/5/4
f 8264/8/4 8262/8/4 8265/8/4
f 8266/11/4 8267/11/4 8269/11/4
f 8267/8/4 8268/8/4 8270/8/4
f 8269/11/4 8267/11/4 8270/11/4
f 8270/8/4 8268/8/4 8271/8/4
f 8272/11/4 8273/11/4 8275/11/4
f 8273/8/4 8274/8/4 8276/8/4
f 8275/11/4 8273/11/4 8276/11/4
f 8276/8/4 8274/8/4 8277/8/4
f 8278/11/4 8279/11/4 8281/11/4
f 8279/8/4 8280/8/4 8282/8/4
f 8281/11/4 8279/11/4 8282/11/4
f 8282/8/4 8280/8/4 8283/8/4
f 8284/11/4 8285/11/4 8287/11/4
f 8285/8/4 8286/8/4 8288/8/4
f 8287/11/4 8285/11/4 8288/11/4
f 8288/8/4 8286/8/4 8289/8/4
f 8290/11/4 8291/11/4 8293/11/4
f 8291/8/4 8292/8/4 8294/8/4
f 8293/11/4 8291/11/4 8294/11/4
f 8294/8/4 8292/8/4 8295/8/4
f 8296/11/4 8297/11/4 8299/11/4
f 8297/8/4 8298/8/4 8300/8/4
f 8299/11/4 8297/11/4 8300/11/4
f 8300/8/4 8298/8/4 8301/8/4
f 8302/11/4 8303/11/4 8305/11/4
f 8303/8/4 8304/8/4 8306/8/4
f 8305/11/4 8303/11/4 8306/11/4
f 8306/8/4 8304/8/4 8307/8/4
f 8308/11/4 8309/11/4 8311/11/4
f 8309/8/4 8310/8/4 8312/8/4
f 8311/11/4 8309/11/4 8312/11/4
f 8312/8/4 8310/8/4 8313/8/4
f 8314/11/4 8315/11/4 8317/11/4
f 8315/8/4 8316/8/4 8318/8/4
f 8317/11/4 8315/11/4 8318/11/4
f 8318/8/4 8316/8/4 8319/8/4
f 8320/11/4 8321/11/4 8323/11/4
f 8321/14/4 8322/14/4 8324/14/4
f 8323/11/4 8321/11/4 8324/11/4
f 8324/14/4 8322/14/4 8325/14/4
f 8326/11/4 8327/11/4 8329/11/4
f 8327/8/4 8328/8/4 8330/8/4
f 8329/11/4 8327/11/4 8330/11/4
f 8330/8/4 8328/8/4 8331/8/4
f 8332/11/4 8333/11/4 8335/11/4
f 8333/8/4 8334/8/4 8336/8/4
f 8335/11/4 8333/11/4 8336/11/4
f 8336/8/4 8334/8/4 8337/8/4
f 8338/11/4 8339/11/4 8341/11/4
f 8339/14/4 8340/14/4 8342/14/4
f 8341/11/4 8339/11/4 8342/11/4
f 8342/14/4 8340/14/4 8343/14/4
f 8344/11/4 8345/11/4 8347/11/4
f 8345/14/4 8346/14/4 8348/14/4
f 8347/11/4 8345/11/4 8348/11/4
f 8348/14/4 8346/14/4 8349/14/4
f 8350/11/4 8351/11/4 8353/11/4
f 8351/8/4 8352/8/4 8354/8/4
f 8353/11/4 8351/11/4 8354/11/4
f 8354/8/4 8352/8/4 8355/8/4
f 8356/11/4 8357/11/4 8359/11/4
f 8357/14/4 8358/14/4 8360/14/4
f 8359/11/4 8357/11/4 8360/11/4
f 8360/14/4 8358/14/4 8361/14/4
f 8362/11/4 8363/11/4 8365/11/4
f 8363/8/4 8364/8/4 8366/8/4
f 8365/11/4 8363/11/4 8366/11/4
f 8366/8/4 8364/8/4 8367/8/4
f 8368/11/4 8369/11/4 8371/11/4
f 8369/8/4 8370/8/4 8372/8/4
f 8371/11/4 8369/11/4 8372/11/4
f 8372/8/4 8370/8/4 8373/8/4
f 8374/11/4 8375/11/4 8377/11/4
f 8375/14/4 8376/14/4 8378/14/4
f 8377/11/4 8375/11/4 8378/11/4
f 8378/14/4 8376/14/4 8379/14/4
f 8380/11/4 8381/11/4 8383/11/4
f 8381/8/4 8382/8/4 8384/8/4
f 8383/11/4 8381/11/4 8384/11/4
f 8384/8/4 8382/8/4 8385/8/4
f 8386/11/4 8387/11/4 8389/11/4
f 8387/8/4 8388/8/4 8390/8/4
f 8389/11/4 8387/11/4 8390/11/4
f 8390/8/4 8388/8/4 8391/8/4
f 8392/11/4 8393/11/4 8395/11/4
f 8393/14/4 8394/14/4 8396/14/4
f 8395/11/4 8393/11/4 8396/11/4
f 8396/14/4 8394/14/4 8397/14/4
f 8398/11/4 8399/11/4 8401/11/4
f 8399/8/4 8400/8/4 8402/8/4
f 8401/11/4 8399/11/4 8402/11/4
f 8402/8/4 8400/8/4 8403/8/4
f 8404/11/4 8405/11/4 8407/11/4
f 8405/14/4 8406/14/4 8408/14/4
f 8407/11/4 8405/11/4 8408/11/4
f 8408/14/4 8406/14/4 8409/14/4
f 8410/11/4 8411/11/4 8413/11/4
f 8411/8/4 8412/8/4 8414/8/4
f 8413/11/4 8411/11/4 8414/11/4
f 8414/8/4 8412/8/4 8415/8/4
f 8416/11/4 8417/11/4 8419/11/4
f 8417/8/4 8418/8/4 8420/8/4
f 8419/11/4 8417/11/4 8420/11/4
f 8420/8/4 8418/8/4 8421/8/4
f 8422/11/4 8423/11/4 8425/11/4
f 8423/14/4 8424/14/4 8426/14/4
f 8425/11/4 8423/11/4 8426/11/4
f 8426/14/4 8424/14/4 8427/14/4
f 8428/11/4 8429/11/4 8431/11/4
f 8429/8/4 8430/8/4 8432/8/4
f 8431/11/4 8429/11/4 8432/11/4
f 8432/8/4 8430/8/4 8433/8/4
f 8434/11/4 8435/11/4 8437/11/4
f 8435/8/4 8436/8/4 8438/8/4
f 8437/11/4 8435/11/4 8438/11/4
f 8438/8/4 8436/8/4 8439/8/4
f 8440/11/4 8441/11/4 8443/11/4
f 8441/14/4 8442/14/4 8444/14/4
f 8443/11/4 8441/11/4 8444/11/4
f 8444/14/4 8442/14/4 8445/14/4
f 8446/11/4 8447/11/4 8449/11/4
f 8447/8/4 8448/8/4 8450/8/4
f 8449/11/4 8447/11/4 8450/11/4
f 8450/8/4 8448/8/4 8451/8/4
f 8452/11/4 8453/11/4 8455/11/4
f 8453/14/4 8454/14/4 8456/14/4
f 8455/11/4 8453/11/4 8456/11/4
f 8456/14/4 8454/14/4 8457/14/4
f 8458/11/4 8459/11/4 8461/11/4
f 8459/8/4 8460/8/4 8462/8/4
f 8461/11/4 8459/11/4 8462/11/4
f 8462/8/4 8460/8/4 8463/8/4
f 8464/11/4 8465/11/4 8467/11/4
f 8465/8/4 8466/8/4 8468/8/4
f 8467/11/4 8465/11/4 8468/11/4
f 8468/8/4 8466/8/4 8469/8/4
f 8470/11/4 8471/11/4 8473/11/4
f 8471/14/4 8472/14/4 8474/14/4
f 8473/11/4 8471/11/4 8474/11/4
f 8474/14/4 8472/14/4 8475/14/4
f 8476/11/4 8477/11/4 8479/11/4
f 8477/14/4 8478/14/4 8480/14/4
f 8479/11/4 8477/11/4 8480/11/4
f 8480/14/4 8478/14/4 8481/14/4
f 8482/11/4 8483/11/4 8485/11/4
f 8483/14/4 8484/14/4 8486/14/4
f 8485/11/4 8483/11/4 8486/11/4
f 8486/14/4 8484/14/4 8487/14/4
f 8488/11/4 8489/11/4 8491/11/4
f 8489/9/4 8490/9/4 8492/9/4
f 8491/11/4 8489/11/4 8492/11/4
f 8492/9/4 8490/9/4 8493/9/4
f 8494/11/4 8495/11/4 8497/11/4
f 8495/14/4 8496/14/4 8498/14/4
f 8497/11/4 8495/11/4 8498/11/4
f 8498/14/4 8496/14/4 8499/14/4
f 8500/11/4 8501/11/4 8503/11/4
f 8501/8/4 8502/8/4 8504/8/4
f 8503/11/4 8501/11/4 8504/11/4
f 8504/8/4 8502/8/4 8505/8/4
f 8506/11/4 8507/11/4 8509/11/4
f 8507/14/4 8508/14/4 8510/14/4
f 8509/11/4 8507/11/4 8510/11/4
f 8510/14/4 8508/14/4 8511/14/4
f 8512/11/4 8513/11/4 8515/11/4
f 8513/9/4 8514/9/4 8516/9/4
f 8515/11/4 8513/11/4 8516/11/4
f 8516/9/4 8514/9/4 8517/9/4
f 8518/11/4 8519/11/4 8521/11/4
f 8519/14/4 8520/14/4 8522/14/4
f 8521/11/4 8519/11/4 8522/11/4
f 8522/14/4 8520/14/4 8523/14/4
f 8524/7/4 8525/7/4 8526/7/4
f 8526/7/4 8525/7/4 8527/7/4
f 8528/11/4 8529/11/4 8531/11/4
f 8529/8/4 8530/8/4 8532/8/4
f 8531/11/4 8529/11/4 8532/11/4
f 8532/8/4 8530/8/4 8533/8/4
f 8534/11/4 8535/11/4 8537/11/4
f 8535/9/4 8536/9/4 8538/9/4
f 8537/11/4 8535/11/4 8538/11/4
f 8538/9/4 8536/9/4 8539/9/4
f 8540/11/4 8541/11/4 8543/11/4
f 8541/14/4 8542/14/4 8544/14/4
f 8543/11/4 8541/11/4 8544/11/4
f 8544/14/4 8542/14/4 8545/14/4
f 8546/11/4 8547/11/4 8549/11/4
f 8547/14/4 8548/14/4 8550/14/4
f 8549/11/4 8547/11/4 8550/11/4
f 8550/14/4 8548/14/4 8551/14/4
f 8552/11/4 8553/11/4 8555/11/4
f 8553/9/4 8554/9/4 8556/9/4
f 8555/11/4 8553/11/4 8556/11/4
f 8556/9/4 8554/9/4 8557/9/4
f 8558/11/4 8559/11/4 8561/11/4
f 8559/14/4 8560/14/4 8562/14/4
f 8561/11/4 8559/11/4 8562/11/4
f 8562/14/4 8560/14/4 8563/14/4
f 8564/11/4 8565/11/4 8567/11/4
f 8565/14/4 8566/14/4 8568/14/4
f 8567/11/4 8565/11/4 8568/11/4
f 8568/14/4 8566/14/4 8569/14/4
f 8570/11/4 8571/11/4 8573/11/4
f 8571/14/4 8572/14/4 8574/14/4
f 8573/11/4 8571/11/4 8574/11/4
f 8574/14/4 8572/14/4 8575/14/4
f 8576/11/4 8577/11/4 8579/11/4
f 8577/9/4 8578/9/4 8580/9/4
f 8579/11/4 8577/11/4 8580/11/4
f 8580/9/4 8578/9/4 8581/9/4
f 8582/11/4 8583/11/4 8585/11/4
f 8583/14/4 8584/14/4 8586/14/4
f 8585/11/4 8583/11/4 8586/11/4
f 8586/14/4 8584/14/4 8587/14/4
f 8588/11/4 8589/11/4 8591/11/4
f 8589/14/4 8590/14/4 8592/14/4
f 8591/11/4 8589/11/4 8592/11/4
f 8592/14/4 8590/14/4 8593/14/4
f 8594/11/4 8595/11/4 8597/11/4
f 8595/8/4 8596/8/4 8598/8/4
f 8597/11/4 8595/11/4 8598/11/4
f 8598/8/4 8596/8/4 8599/8/4
f 8600/11/4 8601/11/4 8603/11/4
f 8601/14/4 8602/14/4 8604/14/4
f 8603/11/4 8601/11/4 8604/11/4
f 8604/14/4 8602/14/4 8605/14/4
f 8606/11/4 8607/11/4 8609/11/4
f 8607/9/4 8608/9/4 8610/9/4
f 8609/11/4 8607/11/4 8610/11/4
f 8610/9/4 8608/9/4 8611/9/4
f 8612/11/4 8613/11/4 8615/11/4
f 8613/14/4 8614/14/4 8616/14/4
f 8615/11/4 8613/11/4 8616/11/4
f 8616/14/4 8614/14/4 8617/14/4
f 8618/11/4 8619/11/4 8621/11/4
f 8619/14/4 8620/14/4 8622/14/4
f 8621/11/4 8619/11/4 8622/11/4
f 8622/14/4 8620/14/4 8623/14/4
f 8624/11/4 8625/11/4 8627/11/4
f 8625/8/4 8626/8/4 8628/8/4
f 8627/11/4 8625/11/4 8628/11/4
f 8628/8/4 8626/8/4 8629/8/4
f 8630/11/4 8631/11/4 8633/11/4
f 8631/14/4 8632/14/4 8634/14/4
f 8633/11/4 8631/11/4 8634/11/4
f 8634/14/4 8632/14/4 8635/14/4
f 8636/11/4 8637/11/4 8639/11/4
f 8637/8/4 8638/8/4 8640/8/4
f 8639/11/4 8637/11/4 8640/11/4
f 8640/8/4 8638/8/4 8641/8/4
f 8642/11/4 8643/11/4 8645/11/4
f 8643/14/4 8644/14/4 8646/14/4
f 8645/11/4 8643/11/4 8646/11/4
f 8646/14/4 8644/14/4 8647/14/4
f 8648/11/4 8649/11/4 8651/11/4
f 8649/14/4 8650/14/4 8652/14/4
f 8651/11/4 8649/11/4 8652/11/4
f 8652/14/4 8650/14/4 8653/14/4
f 8654/11/4 8655/11/4 8657/11/4
f 8655/14/4 8656/14/4 8658/14/4
f 8657/11/4 8655/11/4 8658/11/4
f 8658/14/4 8656/14/4 8659/14/4
f 8660/11/4 8661/11/4 8663/11/4
f 8661/14/4 8662/14/4 8664/14/4
f 8663/11/4 8661/11/4 8664/11/4
f 8664/14/4 8662/14/4 8665/14/4
f 8666/11/4 8667/11/4 8669/11/4
f 8667/9/4 8668/9/4 8670/9/4
f 8669/11/4 8667/11/4 8670/11/4
f 8670/9/4 8668/9/4 8671/9/4
f 8672/11/4 8673/11/4 8675/11/4
f 8673/14/4 8674/14/4 8676/14/4
f 8675/11/4 8673/11/4 8676/11/4
f 8676/14/4 8674/14/4 8677/14/4
f 8678/8/4 8679/8/4 8680/8/4
f 8680/8/4 8679/8/4 8681/8/4
f 8682/8/4 8683/8/4 8684/8/4
f 8684/8/4 8683/8/4 8685/8/4
f 8686/11/4 8687/11/4 8689/11/4
f 8687/8/4 8688/8/4 8690/8/4
f 8689/11/4 8687/11/4 8690/11/4
f 8690/8/4 8688/8/4 8691/8/4
f 8692/11/4 8693/11/4 8695/11/4
f 8693/14/4 8694/14/4 8696/14/4
f 8695/11/4 8693/11/4 8696/11/4
f 8696/14/4 8694/14/4 8697/14/4
f 8698/11/4 8699/11/4 8701/11/4
f 8699/14/4 8700/14/4 8702/14/4
f 8701/11/4 8699/11/4 8702/11/4
f 8702/14/4 8700/14/4 8703/14/4
f 8704/4/4 8705/4/4 8706/4/4
f 8706/4/4 8705/4/4 8707/4/4
f 8708/8/4 8709/8/4 8710/8/4
f 8710/8/4 8709/8/4 8711/8/4
f 8712/11/4 8713/11/4 8715/11/4
f 8713/14/4 8714/14/4 8716/14/4
f 8715/11/4 8713/11/4 8716/11/4
f 8716/14/4 8714/14/4 8717/14/4
f 8718/11/4 8719/11/4 8721/11/4
f 8719/14/4 8720/14/4 8722/14/4
f 8721/11/4 8719/11/4 8722/11/4
f 8722/14/4 8720/14/4 8723/14/4
f 8724/11/4 8725/11/4 8727/11/4
f 8725/14/4 8726/14/4 8728/14/4
f 8727/11/4 8725/11/4 8728/11/4
f 8728/14/4 8726/14/4 8729/14/4
f 8730/4/4 8731/4/4 8732/4/4
f 8732/4/4 8731/4/4 8733/4/4
f 8734/8/4 8735/8/4 8736/8/4
f 8736/8/4 8735/8/4 8737/8/4
f 8738/11/4 8739/11/4 8741/11/4
f 8739/14/4 8740/14/4 8742/14/4
f 8741/11/4 8739/11/4 8742/11/4
f 8742/14/4 8740/14/4 8743/14/4
f 8744/11/4 8745/11/4 8747/11/4
f 8745/14/4 8746/14/4 8748/14/4
f 8747/11/4 8745/11/4 8748/11/4
f 8748/14/4 8746/14/4 8749/14/4
f 8750/9/4 8751/9/4 8752/9/4
f 8752/9/4 8751/9/4 8753/9/4
f 8752/4/4 8753/4/4 8754/4/4
f 8754/4/4 8753/4/4 8755/4/4
f 8756/8/4 8757/8/4 8758/8/4
f 8758/8/4 8757/8/4 8759/8/4
f 8760/11/4 8761/11/4 8763/11/4
f 8761/8/4 8762/8/4 8764/8/4
f 8763/11/4 8761/11/4 8764/11/4
f 8764/8/4 8762/8/4 8765/8/4
f 8766/9/4 8767/9/4 8768/9/4
f 8768/9/4 8767/9/4 8769/9/4
f 8770/8/4 8771/8/4 8772/8/4
f 8772/8/4 8771/8/4 8773/8/4
f 8774/11/4 8775/11/4 8777/11/4
f 8775/14/4 8776/14/4 8778/14/4
f 8777/11/4 8775/11/4 8778/11/4
f 8778/14/4 8776/14/4 8779/14/4
f 8780/9/4 8781/9/4 8782/9/4
f 8782/9/4 8781/9/4 8783/9/4
f 8784/8/4 8785/8/4 8786/8/4
f 8786/8/4 8785/8/4 8787/8/4
f 8788/11/4 8789/11/4 8791/11/4
f 8789/14/4 8790/14/4 8792/14/4
f 8791/11/4 8789/11/4 8792/11/4
f 8792/14/4 8790/14/4 8793/14/4
f 8794/11/4 8795/11/4 8797/11/4
f 8795/14/4 8796/14/4 8798/14/4
f 8797/11/4 8795/11/4 8798/11/4
f 8798/14/4 8796/14/4 8799/14/4
f 8800/9/4 8801/9/4 8802/9/4
f 8802/9/4 8801/9/4 8803/9/4
f 8804/8/4 8805/8/4 8806/8/4
f 8806/8/4 8805/8/4 8807/8/4
f 8808/11/4 8809/11/4 8811/11/4
f 8809/14/4 8810/14/4 8812/14/4
f 8811/11/4 8809/11/4 8812/11/4
f 8812/14/4 8810/14/4 8813/14/4
f 8814/11/4 8815/11/4 8817/11/4
f 8815/14/4 8816/14/4 8818/14/4
f 8817/11/4 8815/11/4 8818/11/4
f 8818/14/4 8816/14/4 8819/14/4
f 8820/9/4 8821/9/4 8822/9/4
f 8822/9/4 8821/9/4 8823/9/4
f 8824/8/4 8825/8/4 8826/8/4
f 8826/8/4 8825/8/4 8827/8/4
f 8828/11/4 8829/11/4 8831/11/4
f 8829/14/4 8830/14/4 8832/14/4
f 8831/11/4 8829/11/4 8832/11/4
f 8832/14/4 8830/14/4 8833/14/4
f 8834/8/4 8835/8/4 8836/8/4
f 8836/8/4 8835/8/4 8837/8/4
f 8838/11/4 8839/11/4 8841/11/4
f 8839/14/4 8840/14/4 8842/14/4
f 8841/11/4 8839/11/4 8842/11/4
f 8842/14/4 8840/14/4 8843/14/4
f 8844/8/4 8845/8/4 8846/8/4
f 8846/8/4 8845/8/4 8847/8/4
f 8848/11/4 8849/11/4 8851/11/4
f 8849/14/4 8850/14/4 8852/14/4
f 8851/11/4 8849/11/4 8852/11/4
f 8852/14/4 8850/14/4 8853/14/4
f 8854/9/4 8855/9/4 8856/9/4
f 8856/9/4 8855/9/4 8857/9/4
f 8858/8/4 8859/8/4 8860/8/4
f 8860/8/4 8859/8/4 8861/8/4
f 8862/11/4 8863/11/4 8865/11/4
f 8863/14/4 8864/14/4 8866/14/4
f 8865/11/4 8863/11/4 8866/11/4
f 8866/14/4 8864/14/4 8867/14/4
f 8868/11/4 8869/11/4 8871/11/4
f 8869/14/4 8870/14/4 8872/14/4
f 8871/11/4 8869/11/4 8872/11/4
f 8872/14/4 8870/14/4 8873/14/4
f 8874/8/4 8875/8/4 8876/8/4
f 8876/8/4 8875/8/4 8877/8/4
f 8878/11/4 8879/11/4 8881/11/4
f 8879/14/4 8880/14/4 8882/14/4
f 8881/11/4 8879/11/4 8882/11/4
f 8882/14/4 8880/14/4 8883/14/4
f 8884/8/4 8885/8/4 8886/8/4
f 8886/8/4 8885/8/4 8887/8/4
f 8888/11/4 8889/11/4 8891/11/4
f 8889/14/4 8890/14/4 8892/14/4
f 8891/11/4 8889/11/4 8892/11/4
f 8892/14/4 8890/14/4 8893/14/4
f 8894/11/4 8895/11/4 8897/11/4
f 8895/14/4 8896/14/4 8898/14/4
f 8897/11/4 8895/11/4 8898/11/4
f 8898/14/4 8896/14/4 8899/14/4
f 8900/11/4 8901/11/4 8903/11/4
f 8901/14/4 8902/14/4 8904/14/4
f 8903/11/4 8901/11/4 8904/11/4
f 8904/14/4 8902/14/4 8905/14/4
f 8906/7/4 8907/7/4 8908/7/4
f 8908/7/4 8907/7/4 8909/7/4
f 8910/11/4 8911/11/4 8913/11/4
f 8911/14/4 8912/14/4 8914/14/4
f 8913/11/4 8911/11/4 8914/11/4
f 8914/14/4 8912/14/4 8915/14/4
f 8916/11/4 8917/11/4 8919/11/4
f 8917/14/4 8918/14/4 8920/14/4
f 8919/11/4 8917/11/4 8920/11/4
f 8920/14/4 8918/14/4 8921/14/4
f 8922/11/4 8923/11/4 8925/11/4
f 8923/14/4 8924/14/4 8926/14/4
f 8925/11/4 8923/11/4 8926/11/4
f 8926/14/4 8924/14/4 8927/14/4
f 8928/11/4 8929/11/4 8931/11/4
f 8929/14/4 8930/14/4 8932/14/4
f 8931/11/4 8929/11/4 8932/11/4
f 8932/14/4 8930/14/4 8933/14/4
f 8934/11/4 8935/11/4 8937/11/4
f 8935/14/4 8936/14/4 8938/14/4
f 8937/11/4 8935/11/4 8938/11/4
f 8938/14/4 8936/14/4 8939/14/4
f 8940/11/4 8941/11/4 8943/11/4
f 8941/14/4 8942/14/4 8944/14/4
f 8943/11/4 8941/11/4 8944/11/4
f 8944/14/4 8942/14/4 8945/14/4
f 8946/11/4 8947/11/4 8949/11/4
f 8947/14/4 8948/14/4 8950/14/4
f 8949/11/4 8947/11/4 8950/11/4
f 8950/14/4 8948/14/4 8951/14/4
f 8952/11/4 8953/11/4 8955/11/4
f 8953/14/4 8954/14/4 8956/14/4
f 8955/11/4 8953/11/4 8956/11/4
f 8956/14/4 8954/14/4 8957/14/4
f 8958/11/4 8959/11/4 8961/11/4
f 8959/14/4 8960/14/4 8962/14/4
f 8961/11/4 8959/11/4 8962/11/4
f 8962/14/4 8960/14/4 8963/14/4
f 8964/11/4 8965/11/4 8967/11/4
f 8965/14/4 8966/14/4 8968/14/4
f 8967/11/4 8965/11/4 8968/11/4
f 8968/14/4 8966/14/4 8969/14/4
f 8970/11/4 8971/11/4 8973/11/4
f 8971/14/4 8972/14/4 8974/14/4
f 8973/11/4 8971/11/4 8974/11/4
f 8974/14/4 8972/14/4 8975/14/4
f 8976/11/4 8977/11/4 8979/11/4
f 8977/14/4 8978/14/4 8980/14/4
f 8979/11/4 8977/11/4 8980/11/4
f 8980/14/4 8978/14/4 8981/14/4
f 8982/11/4 8983/11/4 8985/11/4
f 8983/14/4 8984/14/4 8986/14/4
f 8985/11/4 8983/11/4 8986/11/4
f 8986/14/4 8984/14/4 8987/14/4
f 8988/11/4 8989/11/4 8991/11/4
f 8989/14/4 8990/14/4 8992/14/4
f 8991/11/4 8989/11/4 8992/11/4
f 8992/14/4 8990/14/4 8993/14/4
f 8994/11/4 8995/11/4 8997/11/4
f 8995/14/4 8996/14/4 8998/14/4
f 8997/11/4 8995/11/4 8998/11/4
f 8998/14/4 8996/14/4 8999/14/4
f 9000/7/4 9001/7/4 9002/7/4
f 9002/7/4 9001/7/4 9003/7/4
f 9004/11/4 9005/11/4 9007/11/4
f 9005/14/4 9006/14/4 9008/14/4
f 9007/11/4 9005/11/4 9008/11/4
f 9008/14/4 9006/14/4 9009/14/4
f 9010/5/4 9011/5/4 9013/5/4
f 9011/4/4 9012/4/4 9014/4/4
f 9013/5/4 9011/5/4 9014/5/4
f 9014/4/4 9012/4/4 9015/4/4
f 9016/5/4 9017/5/4 9019/5/4
f 9017/4/4 9018/4/4 9020/4/4
f 9019/5/4 9017/5/4 9020/5/4
f 9020/4/4 9018/4/4 9021/4/4
f 9022/11/4 9023/11/4 9025/11/4
f 9023/14/4 9024/14/4 9026/14/4
f 9025/11/4 9023/11/4 9026/11/4
f 9026/14/4 9024/14/4 9027/14/4
f 9028/5/4 9029/5/4 9031/5/4
f 9029/4/4 9030/4/4 9032/4/4
f 9031/5/4 9029/5/4 9032/5/4
f 9032/4/4 9030/4/4 9033/4/4
f 9034/11/4 9035/11/4 9037/11/4
f 9035/14/4 9036/14/4 9038/14/4
f 9037/11/4 9035/11/4 9038/11/4
f 9038/14/4 9036/14/4 9039/14/4
f 9040/11/4 9041/11/4 9043/11/4
f 9041/14/4 9042/14/4 9044/14/4
f 9043/11/4 9041/11/4 9044/11/4
f 9044/14/4 9042/14/4 9045/14/4
f 9046/5/4 9047/5/4 9049/5/4
f 9047/4/4 9048/4/4 9050/4/4
f 9049/5/4 9047/5/4 9050/5/4
f 9050/4/4 9048/4/4 9051/4/4
f 9052/11/4 9053/11/4 9055/11/4
f 9053/14/4 9054/14/4 9056/14/4
f 9055/11/4 9053/11/4 9056/11/4
f 9056/14/4 9054/14/4 9057/14/4
f 9058/5/4 9059/5/4 9061/5/4
f 9059/4/4 9060/4/4 9062/4/4
f 9061/5/4 9059/5/4 9062/5/4
f 9062/4/4 9060/4/4 9063/4/4
f 9064/5/4 9065/5/4 9067/5/4
f 9065/7/4 9066/7/4 9068/7/4
f 9067/5/4 9065/5/4 9068/5/4
f 9068/7/4 9066/7/4 9069/7/4
f 9070/5/4 9071/5/4 9073/5/4
f 9071/4/4 9072/4/4 9074/4/4
f 9073/5/4 9071/5/4 9074/5/4
f 9074/4/4 9072/4/4 9075/4/4
f 9076/5/4 9077/5/4 9079/5/4
f 9077/4/4 9078/4/4 9080/4/4
f 9079/5/4 9077/5/4 9080/5/4
f 9080/4/4 9078/4/4 9081/4/4
f 9082/7/4 9083/7/4 9084/7/4
f 9084/7/4 9083/7/4 9085/7/4
f 9086/5/4 9087/5/4 9089/5/4
f 9087/4/4 9088/4/4 9090/4/4
f 9089/5/4 9087/5/4 9090/5/4
f 9090/4/4 9088/4/4 9091/4/4
f 9092/5/4 9093/5/4 9095/5/4
f 9093/4/4 9094/4/4 9096/4/4
f 9095/5/4 9093/5/4 9096/5/4
f 9096/4/4 9094/4/4 9097/4/4
f 9098/5/4 9099/5/4 9101/5/4
f 9099/4/4 9100/4/4 9102/4/4
f 9101/5/4 9099/5/4 9102/5/4
f 9102/4/4 9100/4/4 9103/4/4
f 9104/5/4 9105/5/4 9107/5/4
f 9105/4/4 9106/4/4 9108/4/4
f 9107/5/4 9105/5/4 9108/5/4
f 9108/4/4 9106/4/4 9109/4/4
f 9110/5/4 9111/5/4 9113/5/4
f 9111/4/4 9112/4/4 9114/4/4
f 9113/5/4 9111/5/4 9114/5/4
f 9114/4/4 9112/4/4 9115/4/4
f 9116/5/4 9117/5/4 9119/5/4
f 9117/4/4 9118/4/4 9120/4/4
f 9119/5/4 9117/5/4 9120/5/4
f 9120/4/4 9118/4/4 9121/4/4
f 9122/7/4 9123/7/4 9124/7/4
f 9124/7/4 9123/7/4 9125/7/4
f 9126/5/4 9127/5/4 9129/5/4
f 9127/4/4 9128/4/4 9130/4/4
f 9129/5/4 9127/5/4 9130/5/4
f 9130/4/4 9128/4/4 9131/4/4
f 9132/5/4 9133/5/4 9135/5/4
f 9133/4/4 9134/4/4 9136/4/4
f 9135/5/4 9133/5/4 9136/5/4
f 9136/4/4 9134/4/4 9137/4/4
f 9138/5/4 9139/5/4 9141/5/4
f 9139/4/4 9140/4/4 9142/4/4
f 9141/5/4 9139/5/4 9142/5/4
f 9142/4/4 9140/4/4 9143/4/4
f 9144/5/4 9145/5/4 9147/5/4
f 9145/4/4 9146/4/4 9148/4/4
f 9147/5/4 9145/5/4 9148/5/4
f 9148/4/4 9146/4/4 9149/4/4
f 9150/5/4 9151/5/4 9153/5/4
f 9153/5/4 9151/5/4 9154/5/4
f 9151/4/4 9152/4/4 9155/4/4
f 9154/5/4 9151/5/4 9155/5/4
f 9155/4/4 9152/4/4 9156/4/4
f 9157/5/4 9158/5/4 9160/5/4
f 9158/7/4 9159/7/4 9161/7/4
f 9160/5/4 9158/5/4 9161/5/4
f 9161/7/4 9159/7/4 9162/7/4
f 9163/13/4 9164/13/4 9165/13/4
f 9165/13/4 9164/13/4 9166/13/4
f 9167/5/4 9168/5/4 9170/5/4
f 9168/7/4 9169/7/4 9171/7/4
f 9170/5/4 9168/5/4 9171/5/4
f 9171/7/4 9169/7/4 9172/7/4
f 9173/5/4 9174/5/4 9176/5/4
f 9174/7/4 9175/7/4 9177/7/4
f 9176/5/4 9174/5/4 9177/5/4
f 9177/7/4 9175/7/4 9178/7/4
f 9179/13/4 9180/13/4 9183/13/4
f 9183/13/4 9180/13/4 9184/13/4
f 9181/3/4 9182/3/4 9186/3/4
f 9186/3/4 9182/3/4 9187/3/4
f 9185/6/4 9186/6/4 9189/6/4
f 9189/6/4 9186/6/4 9190/6/4
f 9188/2/4 9189/2/4 9191/2/4
f 9191/2/4 9189/2/4 9192/2/4
f 9193/5/4 9194/5/4 9196/5/4
f 9194/7/4 9195/7/4 9197/7/4
f 9196/5/4 9194/5/4 9197/5/4
f 9197/7/4 9195/7/4 9198/7/4
f 9199/5/4 9200/5/4 9202/5/4
f 9200/7/4 9201/7/4 9203/7/4
f 9202/5/4 9200/5/4 9203/5/4
f 9203/7/4 9201/7/4 9204/7/4
f 9205/2/4 9206/2/4 9207/2/4
f 9207/2/4 9206/2/4 9208/2/4
f 9208/6/4 9209/6/4 9210/6/4
f 9210/6/4 9209/6/4 9211/6/4
f 9211/3/4 9212/3/4 9213/3/4
f 9213/3/4 9212/3/4 9214/3/4
f 9215/11/4 9216/11/4 9218/11/4
f 9218/11/4 9216/11/4 9219/11/4
f 9217/3/4 9218/3/4 9223/3/4
f 9223/3/4 9218/3/4 9224/3/4
f 9220/9/4 9221/9/4 9225/9/4
f 9225/9/4 9221/9/4 9226/9/4
f 9222/6/4 9223/6/4 9228/6/4
f 9228/6/4 9223/6/4 9229/6/4
f 9227/2/4 9228/2/4 9230/2/4
f 9230/2/4 9228/2/4 9231/2/4
f 9231/6/4 9232/6/4 9233/6/4
f 9233/6/4 9232/6/4 9234/6/4
f 9234/3/4 9235/3/4 9238/3/4
f 9238/3/4 9235/3/4 9239/3/4
f 9236/7/4 9237/7/4 9240/7/4
f 9240/7/4 9237/7/4 9241/7/4
f 9242/13/4 9243/13/4 9246/13/4
f 9246/13/4 9243/13/4 9247/13/4
f 9244/11/4 9245/11/4 9250/11/4
f 9250/11/4 9245/11/4 9251/11/4
f 9247/13/4 9248/13/4 9252/13/4
f 9252/13/4 9248/13/4 9253/13/4
f 9249/11/4 9250/11/4 9255/11/4
f 9255/11/4 9250/11/4 9256/11/4
f 9254/3/4 9255/3/4 9260/3/4
f 9260/3/4 9255/3/4 9261/3/4
f 9257/7/4 9258/7/4 9262/7/4
f 9262/7/4 9258/7/4 9263/7/4
f 9262/9/4 9263/9/4 9264/9/4
f 9264/9/4 9263/9/4 9265/9/4
f 9264/7/4 9265/7/4 9266/7/4
f 9266/7/4 9265/7/4 9267/7/4
f 9268/7/4 9269/7/4 9270/7/4
f 9270/7/4 9269/7/4 9271/7/4
f 9272/7/4 9273/7/4 9274/7/4
f 9274/7/4 9273/7/4 9275/7/4
f 9276/7/4 9277/7/4 9278/7/4
f 9278/7/4 9277/7/4 9279/7/4
f 9259/6/4 9260/6/4 9282/6/4
f 9282/6/4 9260/6/4 9283/6/4
f 9283/3/4 9284/3/4 9285/3/4
f 9285/3/4 9284/3/4 9286/3/4
f 9280/7/4 9281/7/4 9287/7/4
f 9287/7/4 9281/7/4 9288/7/4
f 9289/7/4 9290/7/4 9292/7/4
f 9292/7/4 9290/7/4 9293/7/4
f 9291/7/4 9292/7/4 9294/7/4
f 9294/7/4 9292/7/4 9295/7/4
f 9296/13/4 9297/13/4 9300/13/4
f 9300/13/4 9297/13/4 9301/13/4
f 9298/11/4 9299/11/4 9304/11/4
f 9304/11/4 9299/11/4 9305/11/4
f 9305/11/4 9299/11/4 9306/11/4
f 9301/13/4 9302/13/4 9307/13/4
f 9307/13/4 9302/13/4 9308/13/4
f 9303/11/4 9304/11/4 9311/11/4
f 9304/11/4 9305/11/4 9311/11/4
f 9310/11/4 9311/11/4 9313/11/4
f 9311/11/4 9305/11/4 9314/11/4
f 9313/11/4 9311/11/4 9314/11/4
f 9314/11/4 9305/11/4 9315/11/4
f 9313/11/4 9314/11/4 9316/11/4
f 9316/11/4 9314/11/4 9317/11/4
f 9313/11/4 9316/11/4 9318/11/4
f 9318/11/4 9319/11/4 9320/11/4
f 9320/11/4 9321/11/4 9322/11/4
f 9322/11/4 9323/11/4 9324/11/4
f 9322/11/4 9324/11/4 9326/11/4
f 9324/11/4 9325/11/4 9326/11/4
f 9326/11/4 9325/11/4 9327/11/4
f 9320/11/4 9322/11/4 9328/11/4
f 9322/11/4 9326/11/4 9328/11/4
f 9328/11/4 9326/11/4 9329/11/4
f 9318/11/4 9320/11/4 9330/11/4
f 9320/11/4 9328/11/4 9330/11/4
f 9330/11/4 9328/11/4 9331/11/4
f 9313/11/4 9318/11/4 9332/11/4
f 9318/11/4 9330/11/4 9332/11/4
f 9332/11/4 9330/11/4 9333/11/4
f 9313/11/4 9332/11/4 9334/11/4
f 9334/11/4 9335/11/4 9336/11/4
f 9336/11/4 9337/11/4 9338/11/4
f 9338/11/4 9339/11/4 9340/11/4
f 9338/11/4 9340/11/4 9342/11/4
f 9340/11/4 9341/11/4 9342/11/4
f 9342/11/4 9341/11/4 9343/11/4
f 9338/11/4 9342/11/4 9344/11/4
f 9312/3/4 9313/3/4 9346/3/4
f 9344/11/4 9345/11/4 9347/11/4
f 9346/3/4 9313/3/4 9347/3/4
f 9313/11/4 9334/11/4 9347/11/4
f 9338/11/4 9344/11/4 9347/11/4
f 9336/11/4 9338/11/4 9347/11/4
f 9334/11/4 9336/11/4 9347/11/4
f 9347/11/4 9345/11/4 9348/11/4
f 9348/11/4 9345/11/4 9349/11/4
f 9349/11/4 9345/11/4 9350/11/4
f 9348/11/4 9349/11/4 9351/11/4
f 9351/11/4 9349/11/4 9352/11/4
f 9353/11/4 9354/11/4 9357/11/4
f 9357/11/4 9354/11/4 9358/11/4
f 9356/11/4 9357/11/4 9360/11/4
f 9358/11/4 9359/11/4 9360/11/4
f 9357/11/4 9358/11/4 9360/11/4
f 9360/11/4 9359/11/4 9361/11/4
f 9356/11/4 9360/11/4 9362/11/4
f 9362/11/4 9363/11/4 9364/11/4
f 9362/11/4 9364/11/4 9366/11/4
f 9364/11/4 9365/11/4 9366/11/4
f 9366/11/4 9365/11/4 9367/11/4
f 9355/3/4 9356/3/4 9368/3/4
f 9356/11/4 9362/11/4 9369/11/4
f 9368/3/4 9356/3/4 9369/3/4
f 9362/11/4 9366/11/4 9369/11/4
f 9369/11/4 9366/11/4 9370/11/4
f 9370/11/4 9366/11/4 9371/11/4
f 9371/11/4 9366/11/4 9372/11/4
f 9370/11/4 9371/11/4 9375/11/4
f 9375/11/4 9371/11/4 9376/11/4
f 9374/11/4 9375/11/4 9379/11/4
f 9377/11/4 9378/11/4 9380/11/4
f 9380/11/4 9378/11/4 9381/11/4
f 9379/11/4 9380/11/4 9381/11/4
f 9381/11/4 9378/11/4 9382/11/4
f 9308/7/4 9309/7/4 9383/7/4
f 9383/7/4 9309/7/4 9384/7/4
f 9379/11/4 9381/11/4 9385/11/4
f 9385/11/4 9381/11/4 9386/11/4
f 9379/11/4 9385/11/4 9387/11/4
f 9387/11/4 9388/11/4 9389/11/4
f 9387/11/4 9389/11/4 9391/11/4
f 9389/11/4 9390/11/4 9391/11/4
f 9391/11/4 9390/11/4 9392/11/4
f 9379/11/4 9387/11/4 9395/11/4
f 9387/11/4 9391/11/4 9395/11/4
f 9395/11/4 9391/11/4 9396/11/4
f 9379/11/4 9395/11/4 9397/11/4
f 9397/11/4 9395/11/4 9398/11/4
f 9373/3/4 9374/3/4 9399/3/4
f 9374/11/4 9379/11/4 9400/11/4
f 9399/3/4 9374/3/4 9400/3/4
f 9379/11/4 9397/11/4 9400/11/4
f 9400/11/4 9397/11/4 9401/11/4
f 9402/3/4 9403/3/4 9404/3/4
f 9404/11/4 9405/11/4 9406/11/4
f 9406/11/4 9407/11/4 9408/11/4
f 9408/11/4 9409/11/4 9410/11/4
f 9393/7/4 9394/7/4 9412/7/4
f 9412/7/4 9394/7/4 9413/7/4
f 9410/11/4 9411/11/4 9414/11/4
f 9414/11/4 9415/11/4 9416/11/4
f 9414/11/4 9416/11/4 9418/11/4
f 9416/11/4 9417/11/4 9418/11/4
f 9418/11/4 9417/11/4 9419/11/4
f 9414/11/4 9418/11/4 9420/11/4
f 9418/7/4 9419/7/4 9420/7/4
f 9420/7/4 9419/7/4 9421/7/4
f 9410/11/4 9414/11/4 9422/11/4
f 9414/11/4 9420/11/4 9422/11/4
f 9422/11/4 9420/11/4 9423/11/4
f 9408/11/4 9410/11/4 9426/11/4
f 9410/11/4 9422/11/4 9426/11/4
f 9426/11/4 9422/11/4 9427/11/4
f 9406/11/4 9408/11/4 9428/11/4
f 9404/11/4 9406/11/4 9428/11/4
f 9408/11/4 9426/11/4 9428/11/4
f 9428/11/4 9426/11/4 9429/11/4
f 9402/3/4 9404/3/4 9430/3/4
f 9404/11/4 9428/11/4 9430/11/4
f 9430/11/4 9428/11/4 9431/11/4
f 9402/3/4 9430/3/4 9432/3/4
f 9432/11/4 9433/11/4 9434/11/4
f 9434/11/4 9435/11/4 9436/11/4
f 9436/11/4 9437/11/4 9438/11/4
f 9438/11/4 9437/11/4 9439/11/4
f 9424/7/4 9425/7/4 9440/7/4
f 9440/7/4 9425/7/4 9441/7/4
f 9434/11/4 9436/11/4 9442/11/4
f 9436/11/4 9438/11/4 9442/11/4
f 9442/11/4 9438/11/4 9443/11/4
f 9434/11/4 9442/11/4 9444/11/4
f 9444/11/4 9442/11/4 9445/11/4
f 9446/7/4 9447/7/4 9448/7/4
f 9434/11/4 9444/11/4 9449/11/4
f 9434/11/4 9449/11/4 9451/11/4
f 9449/11/4 9450/11/4 9451/11/4
f 9451/11/4 9450/11/4 9452/11/4
f 9448/7/4 9447/7/4 9453/7/4
f 9453/7/4 9447/7/4 9454/7/4
f 9434/11/4 9451/11/4 9455/11/4
f 9434/11/4 9455/11/4 9459/11/4
f 9455/11/4 9456/11/4 9459/11/4
f 9459/11/4 9456/11/4 9460/11/4
f 9457/7/4 9458/7/4 9461/7/4
f 9402/3/4 9432/3/4 9462/3/4
f 9432/11/4 9434/11/4 9463/11/4
f 9462/3/4 9432/3/4 9463/3/4
f 9434/11/4 9459/11/4 9463/11/4
f 9463/11/4 9459/11/4 9464/11/4
f 9464/11/4 9459/11/4 9465/11/4
f 9463/11/4 9464/11/4 9466/11/4
f 9466/11/4 9464/11/4 9467/11/4
f 9461/7/4 9458/7/4 9469/7/4
f 9469/7/4 9458/7/4 9470/7/4
f 9468/7/4 9469/7/4 9474/7/4
f 9474/7/4 9469/7/4 9475/7/4
f 9471/13/4 9472/13/4 9476/13/4
f 9476/13/4 9472/13/4 9477/13/4
f 9473/7/4 9474/7/4 9478/7/4
f 9478/7/4 9474/7/4 9479/7/4
f 9480/7/4 9481/7/4 9482/7/4
f 9480/7/4 9482/7/4 9485/7/4
f 9482/7/4 9483/7/4 9485/7/4
f 9485/7/4 9483/7/4 9486/7/4
f 9484/7/4 9485/7/4 9489/7/4
f 9486/7/4 9487/7/4 9489/7/4
f 9485/7/4 9486/7/4 9489/7/4
f 9488/7/4 9489/7/4 9491/7/4
f 9490/7/4 9491/7/4 9492/7/4
f 9491/7/4 9489/7/4 9493/7/4
f 9492/7/4 9491/7/4 9493/7/4
f 9493/7/4 9489/7/4 9494/7/4
f 9489/7/4 9487/7/4 9495/7/4
f 9494/7/4 9489/7/4 9495/7/4
f 9495/7/4 9487/7/4 9496/7/4
f 9496/7/4 9487/7/4 9497/7/4
f 9497/7/4 9487/7/4 9498/7/4
f 9498/7/4 9487/7/4 9499/7/4
f 9499/7/4 9487/7/4 9501/7/4
f 9500/7/4 9501/7/4 9503/7/4
f 9502/7/4 9503/7/4 9505/7/4
f 9504/7/4 9505/7/4 9507/7/4
f 9506/7/4 9507/7/4 9508/7/4
f 9507/7/4 9505/7/4 9509/7/4
f 9508/7/4 9507/7/4 9509/7/4
f 9509/7/4 9505/7/4 9510/7/4
f 9505/7/4 9503/7/4 9511/7/4
f 9510/7/4 9505/7/4 9511/7/4
f 9511/7/4 9503/7/4 9512/7/4
f 9503/7/4 9501/7/4 9513/7/4
f 9512/7/4 9503/7/4 9513/7/4
f 9513/7/4 9501/7/4 9514/7/4
f 9501/7/4 9487/7/4 9515/7/4
f 9514/7/4 9501/7/4 9515/7/4
f 9515/7/4 9487/7/4 9517/7/4
f 9516/7/4 9517/7/4 9518/7/4
f 9517/7/4 9487/7/4 9519/7/4
f 9518/7/4 9517/7/4 9519/7/4
f 9519/7/4 9487/7/4 9523/7/4
f 9520/7/4 9521/7/4 9525/7/4
f 9525/7/4 9521/7/4 9526/7/4
f 9522/7/4 9523/7/4 9527/7/4
f 9525/7/4 9526/7/4 9528/7/4
f 9526/7/4 9527/7/4 9528/7/4
f 9524/7/4 9525/7/4 9528/7/4
f 9528/7/4 9527/7/4 9529/7/4
f 9529/7/4 9527/7/4 9530/7/4
f 9530/7/4 9527/7/4 9531/7/4
f 9529/7/4 9530/7/4 9532/7/4
f 9532/7/4 9530/7/4 9533/7/4
f 9531/7/4 9527/7/4 9534/7/4
f 9527/7/4 9523/7/4 9535/7/4
f 9534/7/4 9527/7/4 9535/7/4
f 9535/7/4 9523/7/4 9537/7/4
f 9536/7/4 9537/7/4 9538/7/4
f 9537/7/4 9523/7/4 9539/7/4
f 9538/7/4 9537/7/4 9539/7/4
f 9539/7/4 9523/7/4 9540/7/4
f 9523/7/4 9487/7/4 9541/7/4
f 9540/7/4 9523/7/4 9541/7/4
f 9541/7/4 9487/7/4 9543/7/4
f 9542/7/4 9543/7/4 9547/7/4
f 9544/7/4 9545/7/4 9548/7/4
f 9548/7/4 9545/7/4 9549/7/4
f 9546/7/4 9547/7/4 9550/7/4
f 9547/7/4 9543/7/4 9551/7/4
f 9550/7/4 9547/7/4 9551/7/4
f 9543/7/4 9487/7/4 9552/7/4
f 9551/7/4 9543/7/4 9552/7/4
f 9550/7/4 9551/7/4 9553/7/4
f 9549/7/4 9550/7/4 9553/7/4
f 9553/7/4 9551/7/4 9554/7/4
f 9552/7/4 9487/7/4 9556/7/4
f 9556/7/4 9487/7/4 9557/7/4
f 9555/13/4 9556/13/4 9559/13/4
f 9556/13/4 9557/13/4 9559/13/4
f 9558/13/4 9559/13/4 9560/13/4
f 9559/13/4 9557/13/4 9561/13/4
f 9560/13/4 9559/13/4 9561/13/4
f 9561/13/4 9557/13/4 9562/13/4
f 9562/13/4 9557/13/4 9563/13/4
f 9563/13/4 9557/13/4 9565/13/4
f 9565/13/4 9557/13/4 9566/13/4
f 9564/7/4 9565/7/4 9567/7/4
f 9566/13/4 9557/13/4 9567/13/4
f 9565/7/4 9566/7/4 9567/7/4
f 9567/13/4 9557/13/4 9568/13/4
f 9564/7/4 9567/7/4 9570/7/4
f 9567/7/4 9568/7/4 9570/7/4
f 9569/7/4 9570/7/4 9572/7/4
f 9571/7/4 9572/7/4 9574/7/4
f 9573/7/4 9574/7/4 9575/7/4
f 9575/7/4 9574/7/4 9576/7/4
f 9576/7/4 9574/7/4 9577/7/4
f 9577/7/4 9574/7/4 9578/7/4
f 9578/7/4 9574/7/4 9579/7/4
f 9579/7/4 9574/7/4 9580/7/4
f 9580/7/4 9574/7/4 9581/7/4
f 9574/7/4 9572/7/4 9582/7/4
f 9581/7/4 9574/7/4 9582/7/4
f 9572/7/4 9570/7/4 9583/7/4
f 9582/7/4 9572/7/4 9583/7/4
f 9570/7/4 9568/7/4 9584/7/4
f 9583/7/4 9570/7/4 9584/7/4
f 9582/7/4 9583/7/4 9585/7/4
f 9583/13/4 9584/13/4 9586/13/4
f 9585/7/4 9583/7/4 9586/7/4
f 9584/7/4 9568/7/4 9587/7/4
f 9586/13/4 9584/13/4 9587/13/4
f 9587/7/4 9568/7/4 9588/7/4
f 9586/13/4 9587/13/4 9589/13/4
f 9587/13/4 9588/13/4 9589/13/4
f 9589/13/4 9588/13/4 9590/13/4
f 9590/13/4 9588/13/4 9591/13/4
f 9591/13/4 9588/13/4 9592/13/4
f 9592/13/4 9588/13/4 9593/13/4
f 9593/13/4 9588/13/4 9594/13/4
f 9593/7/4 9594/7/4 9596/7/4
f 9594/13/4 9588/13/4 9597/13/4
f 9596/7/4 9594/7/4 9597/7/4
f 9597/13/4 9588/13/4 9598/13/4
f 9595/7/4 9596/7/4 9600/7/4
f 9596/7/4 9597/7/4 9600/7/4
f 9597/7/4 9598/7/4 9600/7/4
f 9599/7/4 9600/7/4 9602/7/4
f 9601/7/4 9602/7/4 9604/7/4
f 9603/7/4 9604/7/4 9606/7/4
f 9605/7/4 9606/7/4 9607/7/4
f 9606/7/4 9604/7/4 9608/7/4
f 9607/7/4 9606/7/4 9608/7/4
f 9608/7/4 9604/7/4 9609/7/4
f 9604/7/4 9602/7/4 9610/7/4
f 9609/7/4 9604/7/4 9610/7/4
f 9610/7/4 9602/7/4 9611/7/4
f 9600/7/4 9598/7/4 9612/7/4
f 9611/7/4 9602/7/4 9612/7/4
f 9602/7/4 9600/7/4 9612/7/4
f 9612/7/4 9598/7/4 9614/7/4
f 9614/7/4 9598/7/4 9615/7/4
f 9613/7/4 9614/7/4 9615/7/4
f 9615/7/4 9598/7/4 9616/7/4
f 9613/7/4 9615/7/4 9618/7/4
f 9615/13/4 9616/13/4 9619/13/4
f 9618/7/4 9615/7/4 9619/7/4
f 9617/13/4 9618/13/4 9621/13/4
f 9618/13/4 9619/13/4 9621/13/4
f 9619/13/4 9616/13/4 9622/13/4
f 9620/13/4 9621/13/4 9622/13/4
f 9621/13/4 9619/13/4 9622/13/4
f 9622/13/4 9616/13/4 9623/13/4
f 9620/13/4 9622/13/4 9624/13/4
f 9622/7/4 9623/7/4 9625/7/4
f 9624/13/4 9622/13/4 9625/13/4
f 9620/13/4 9624/13/4 9626/13/4
f 9624/7/4 9625/7/4 9627/7/4
f 9626/13/4 9624/13/4 9627/13/4
f 9620/13/4 9626/13/4 9628/13/4
f 9626/7/4 9627/7/4 9628/7/4
f 9628/7/4 9627/7/4 9629/7/4
f 9620/13/4 9628/13/4 9630/13/4
f 9628/13/4 9629/13/4 9630/13/4
f 9630/13/4 9629/13/4 9631/13/4
f 9629/7/4 9627/7/4 9632/7/4
f 9631/13/4 9629/13/4 9632/13/4
f 9627/7/4 9625/7/4 9633/7/4
f 9632/7/4 9627/7/4 9633/7/4
f 9631/13/4 9632/13/4 9635/13/4
f 9632/13/4 9633/13/4 9635/13/4
f 9633/7/4 9625/7/4 9636/7/4
f 9635/13/4 9633/13/4 9636/13/4
f 9636/7/4 9625/7/4 9637/7/4
f 9635/13/4 9636/13/4 9638/13/4
f 9637/7/4 9625/7/4 9638/7/4
f 9636/13/4 9637/13/4 9638/13/4
f 9625/7/4 9623/7/4 9639/7/4
f 9638/7/4 9625/7/4 9639/7/4
f 9634/7/4 9635/7/4 9640/7/4
f 9635/13/4 9638/13/4 9641/13/4
f 9640/7/4 9635/7/4 9641/7/4
f 9638/13/4 9639/13/4 9641/13/4
f 9641/13/4 9639/13/4 9642/13/4
f 9642/13/4 9639/13/4 9643/13/4
f 9641/7/4 9642/7/4 9643/7/4
f 9643/13/4 9639/13/4 9644/13/4
f 9641/7/4 9643/7/4 9646/7/4
f 9643/7/4 9644/7/4 9646/7/4
f 9644/13/4 9639/13/4 9647/13/4
f 9646/7/4 9644/7/4 9647/7/4
f 9647/13/4 9639/13/4 9648/13/4
f 9648/13/4 9639/13/4 9649/13/4
f 9649/13/4 9639/13/4 9650/13/4
f 9645/7/4 9646/7/4 9652/7/4
f 9646/7/4 9647/7/4 9652/7/4
f 9647/7/4 9648/7/4 9652/7/4
f 9648/13/4 9649/13/4 9653/13/4
f 9652/7/4 9648/7/4 9653/7/4
f 9649/7/4 9650/7/4 9654/7/4
f 9653/13/4 9649/13/4 9654/13/4
f 9652/7/4 9653/7/4 9656/7/4
f 9651/7/4 9652/7/4 9656/7/4
f 9653/7/4 9654/7/4 9656/7/4
f 9654/7/4 9650/7/4 9657/7/4
f 9655/7/4 9656/7/4 9657/7/4
f 9656/7/4 9654/7/4 9657/7/4
f 9657/7/4 9650/7/4 9658/7/4
f 9655/7/4 9657/7/4 9659/7/4
f 9659/7/4 9657/7/4 9660/7/4
f 9660/7/4 9657/7/4 9661/7/4
f 9661/7/4 9657/7/4 9662/7/4
f 9660/7/4 9661/7/4 9663/7/4
f 9663/7/4 9661/7/4 9664/7/4
f 9668/2/5 9666/2/5 9665/2/5
f 9669/2/5 9666/2/5 9668/2/5
f 9671/2/5 9668/2/5 9667/2/5
f 9671/2/5 9670/2/5 9669/2/5
f 9671/2/5 9669/2/5 9668/2/5
f 9672/2/5 9670/2/5 9671/2/5
f 9673/2/5 9670/2/5 9672/2/5
f 9674/2/5 9670/2/5 9673/2/5
f 9675/2/5 9673/2/5 9672/2/5
f 9676/2/5 9673/2/5 9675/2/5
f 9680/6/5 9678/6/5 9677/6/5
f 9681/6/5 9678/6/5 9680/6/5
f 9684/6/5 9680/6/5 9679/6/5
f 9685/6/5 9680/6/5 9684/6/5
f 9686/6/5 9682/6/5 9681/6/5
f 9687/6/5 9682/6/5 9686/6/5
f 9689/6/5 9684/6/5 9683/6/5
f 9690/6/5 9684/6/5 9689/6/5
f 9693/6/5 9688/6/5 9687/6/5
f 9694/6/5 9688/6/5 9693/6/5
f 9695/6/5 9691/6/5 9690/6/5
f 9696/6/5 9691/6/5 9695/6/5
f 9697/6/5 9693/6/5 9692/6/5
f 9698/6/5 9693/6/5 9697/6/5
f 9699/6/5 9697/6/5 9696/6/5
f 9700/6/5 9697/6/5 9699/6/5
f 9703/7/5 9702/7/5 9701/7/5
f 9704/7/5 9702/7/5 9703/7/5
f 9708/3/5 9706/3/5 9705/3/5
f 9709/3/5 9706/3/5 9708/3/5
f 9712/3/5 9708/3/5 9707/3/5
f 9713/3/5 9708/3/5 9712/3/5
f 9714/3/5 9710/3/5 9709/3/5
f 9715/3/5 9710/3/5 9714/3/5
f 9718/3/5 9712/3/5 9711/3/5
f 9719/3/5 9712/3/5 9718/3/5
f 9720/3/5 9716/3/5 9715/3/5
f 9721/3/5 9716/3/5 9720/3/5
f 9723/3/5 9718/3/5 9717/3/5
f 9724/3/5 9718/3/5 9723/3/5
f 9727/3/5 9722/3/5 9721/3/5
f 9728/3/5 9722/3/5 9727/3/5
f 9729/3/5 9725/3/5 9724/3/5
f 9730/3/5 9725/3/5 9729/3/5
f 9733/3/5 9727/3/5 9726/3/5
f 9734/3/5 9727/3/5 9733/3/5
f 9735/3/5 9731/3/5 9730/3/5
f 9736/3/5 9731/3/5 9735/3/5
f 9737/3/5 9733/3/5 9732/3/5
f 9738/3/5 9733/3/5 9737/3/5
f 9739/3/5 9737/3/5 9736/3/5
f 9740/3/5 9737/3/5 9739/3/5
f 9741/3/5 9737/3/5 9740/3/5
f 9742/3/5 9737/3/5 9741/3/5
f 9743/3/5 9737/3/5 9742/3/5
f 9744/3/5 9737/3/5 9743/3/5
f 9745/3/5 9737/3/5 9744/3/5
f 9746/3/5 9737/3/5 9745/3/5
f 9747/3/5 9737/3/5 9746/3/5
f 9748/3/5 9737/3/5 9747/3/5
f 9749/7/5 9741/7/5 9740/7/5
f 9750/7/5 9741/7/5 9749/7/5
f 9751/7/5 9743/7/5 9742/7/5
f 9752/7/5 9743/7/5 9751/7/5
f 9753/7/5 9745/7/5 9744/7/5
f 9754/7/5 9745/7/5 9753/7/5
f 9755/7/5 9747/7/5 9746/7/5
f 9756/7/5 9747/7/5 9755/7/5
f 9761/7/5 9758/7/5 9757/7/5
f 9762/7/5 9758/7/5 9761/7/5
f 9766/11/5 9760/11/5 9759/11/5
f 9767/11/5 9760/11/5 9766/11/5
f 9768/11/5 9764/11/5 9763/11/5
f 9769/11/5 9764/11/5 9768/11/5
f 9772/11/5 9766/11/5 9765/11/5
f 9773/11/5 9766/11/5 9772/11/5
f 9774/11/5 9770/11/5 9769/11/5
f 9775/11/5 9770/11/5 9774/11/5
f 9777/11/5 9772/11/5 9771/11/5
f 9778/11/5 9772/11/5 9777/11/5
f 9779/11/5 9776/11/5 9775/11/5
f 9780/11/5 9776/11/5 9779/11/5
f 9783/7/5 9782/7/5 9781/7/5
f 9784/7/5 9782/7/5 9783/7/5
f 9787/7/5 9786/7/5 9785/7/5
f 9788/7/5 9786/7/5 9787/7/5
f 9791/7/5 9790/7/5 9789/7/5
f 9792/7/5 9790/7/5 9791/7/5
f 9798/13/5 9794/13/5 9793/13/5
f 9799/11/5 9796/11/5 9795/11/5
f 9800/11/5 9796/11/5 9799/11/5
f 9803/11/5 9798/11/5 9797/11/5
f 9804/11/5 9801/11/5 9800/11/5
f 9805/11/5 9801/11/5 9804/11/5
f 9808/11/5 9803/11/5 9802/11/5
f 9809/11/5 9806/11/5 9805/11/5
f 9810/11/5 9806/11/5 9809/11/5
f 9815/11/5 9808/11/5 9807/11/5
f 9816/11/5 9803/11/5 9808/11/5
f 9816/11/5 9808/11/5 9815/11/5
f 9817/13/5 9794/13/5 9798/13/5
f 9817/11/5 9803/11/5 9816/11/5
f 9817/11/5 9798/11/5 9803/11/5
f 9818/13/5 9794/13/5 9817/13/5
f 9819/7/5 9812/7/5 9811/7/5
f 9820/7/5 9812/7/5 9819/7/5
f 9821/7/5 9814/7/5 9813/7/5
f 9822/7/5 9814/7/5 9821/7/5
f 9823/7/5 9817/7/5 9816/7/5
f 9824/7/5 9817/7/5 9823/7/5
f 9835/7/5 9826/7/5 9825/7/5
f 9836/7/5 9826/7/5 9835/7/5
f 9837/7/5 9828/7/5 9827/7/5
f 9838/7/5 9828/7/5 9837/7/5
f 9839/7/5 9830/7/5 9829/7/5
f 9840/7/5 9830/7/5 9839/7/5
f 9841/9/5 9832/9/5 9831/9/5
f 9842/9/5 9832/9/5 9841/9/5
f 9843/9/5 9832/9/5 9842/9/5
f 9846/11/5 9834/11/5 9833/11/5
f 9847/11/5 9834/11/5 9846/11/5
f 9848/11/5 9843/11/5 9842/11/5
f 9849/11/5 9843/11/5 9848/11/5
f 9850/11/5 9846/11/5 9845/11/5
f 9851/11/5 9846/11/5 9850/11/5
f 9852/11/5 9843/11/5 9849/11/5
f 9853/9/5 9844/9/5 9843/9/5
f 9853/11/5 9843/11/5 9852/11/5
f 9854/9/5 9844/9/5 9853/9/5
f 9855/9/5 9844/9/5 9854/9/5
f 9858/7/5 9857/7/5 9856/7/5
f 9859/7/5 9857/7/5 9858/7/5
f 9862/7/5 9861/7/5 9860/7/5
f 9863/7/5 9861/7/5 9862/7/5
f 9868/7/5 9867/7/5 9866/7/5
f 9869/7/5 9867/7/5 9868/7/5
f 9870/7/5 9865/7/5 9864/7/5
f 9871/7/5 9865/7/5 9870/7/5
f 9874/4/5 9869/4/5 9868/4/5
f 9875/4/5 9869/4/5 9874/4/5
f 9876/7/5 9873/7/5 9872/7/5
f 9877/7/5 9873/7/5 9876/7/5
f 9880/13/5 9875/13/5 9874/13/5
f 9881/13/5 9875/13/5 9880/13/5
f 9882/7/5 9879/7/5 9878/7/5
f 9883/7/5 9879/7/5 9882/7/5
f 9886/11/5 9885/11/5 9884/11/5
f 9887/11/5 9885/11/5 9886/11/5
f 9889/11/5 9888/11/5 9887/11/5
f 9890/11/5 9888/11/5 9889/11/5
f 9899/7/5 9892/7/5 9891/7/5
f 9900/7/5 9892/7/5 9899/7/5
f 9901/7/5 9894/7/5 9893/7/5
f 9902/7/5 9894/7/5 9901/7/5
f 9903/7/5 9896/7/5 9895/7/5
f 9904/7/5 9896/7/5 9903/7/5
f 9905/7/5 9898/7/5 9897/7/5
f 9906/7/5 9898/7/5 9905/7/5
f 9928/4/5 9908/4/5 9907/4/5
f 9929/4/5 9908/4/5 9928/4/5
f 9931/4/5 9910/4/5 9909/4/5
f 9932/4/5 9910/4/5 9931/4/5
f 9933/7/5 9912/7/5 9911/7/5
f 9934/7/5 9912/7/5 9933/7/5
f 9935/7/5 9914/7/5 9913/7/5
f 9936/7/5 9914/7/5 9935/7/5
f 9937/13/5 9916/13/5 9915/13/5
f 9938/7/5 9917/7/5 9916/7/5
f 9938/13/5 9916/13/5 9937/13/5
f 9939/7/5 9917/7/5 9938/7/5
f 9940/7/5 9919/7/5 9918/7/5
f 9941/7/5 9919/7/5 9940/7/5
f 9942/7/5 9921/7/5 9920/7/5
f 9943/7/5 9921/7/5 9942/7/5
f 9944/7/5 9923/7/5 9922/7/5
f 9945/7/5 9923/7/5 9944/7/5
f 9946/9/5 9925/9/5 9924/9/5
f 9947/9/5 9925/9/5 9946/9/5
f 9948/9/5 9927/9/5 9926/9/5
f 9949/9/5 9927/9/5 9948/9/5
f 9950/11/5 9930/11/5 9929/11/5
f 9951/11/5 9930/11/5 9950/11/5
f 9954/9/5 9953/9/5 9952/9/5
f 9955/9/5 9953/9/5 9954/9/5
f 9958/7/5 9957/7/5 9956/7/5
f 9959/7/5 9957/7/5 9958/7/5
f 9962/7/5 9961/7/5 9960/7/5
f 9963/7/5 9961/7/5 9962/7/5
f 9968/7/5 9967/7/5 9966/7/5
f 9969/7/5 9967/7/5 9968/7/5
f 9970/7/5 9965/7/5 9964/7/5
f 9971/7/5 9965/7/5 9970/7/5
f 9974/7/5 9973/7/5 9972/7/5
f 9975/7/5 9973/7/5 9974/7/5
f 9978/11/5 9977/11/5 9976/11/5
f 9979/11/5 9977/11/5 9978/11/5
f 9996/7/5 9981/7/5 9980/7/5
f 9997/7/5 9981/7/5 9996/7/5
f 9998/7/5 9983/7/5 9982/7/5
f 9999/7/5 9983/7/5 9998/7/5
f 10000/7/5 9985/7/5 9984/7/5
f 10001/7/5 9985/7/5 10000/7/5
f 10002/7/5 9987/7/5 9986/7/5
f 10003/7/5 9987/7/5 10002/7/5
f 10004/13/5 9989/13/5 9988/13/5
f 10005/13/5 9989/13/5 10004/13/5
f 10006/7/5 9991/7/5 9990/7/5
f 10007/7/5 9991/7/5 10006/7/5
f 10008/7/5 9993/7/5 9992/7/5
f 10009/7/5 9993/7/5 10008/7/5
f 10010/7/5 9995/7/5 9994/7/5
f 10011/7/5 9995/7/5 10010/7/5
f 10037/4/5 10013/4/5 10012/4/5
f 10038/4/5 10013/4/5 10037/4/5
f 10039/4/5 10015/4/5 10014/4/5
f 10040/4/5 10015/4/5 10039/4/5
f 10041/7/5 10017/7/5 10016/7/5
f 10042/7/5 10017/7/5 10041/7/5
f 10043/7/5 10019/7/5 10018/7/5
f 10044/7/5 10019/7/5 10043/7/5
f 10045/13/5 10021/13/5 10020/13/5
f 10046/13/5 10021/13/5 10045/13/5
f 10047/7/5 10023/7/5 10022/7/5
f 10048/7/5 10023/7/5 10047/7/5
f 10049/7/5 10025/7/5 10024/7/5
f 10050/7/5 10025/7/5 10049/7/5
f 10051/7/5 10027/7/5 10026/7/5
f 10052/7/5 10027/7/5 10051/7/5
f 10053/7/5 10029/7/5 10028/7/5
f 10054/7/5 10029/7/5 10053/7/5
f 10055/7/5 10031/7/5 10030/7/5
f 10056/7/5 10031/7/5 10055/7/5
f 10057/7/5 10033/7/5 10032/7/5
f 10058/7/5 10033/7/5 10057/7/5
f 10059/10/5 10035/10/5 10034/10/5
f 10060/9/5 10036/9/5 10035/9/5
f 10060/10/5 10035/10/5 10059/10/5
f 10061/9/5 10036/9/5 10060/9/5
f 10066/4/5 10063/4/5 10062/4/5
f 10067/4/5 10063/4/5 10066/4/5
f 10068/9/5 10065/9/5 10064/9/5
f 10069/9/5 10065/9/5 10068/9/5
f 10070/7/5 10067/7/5 10066/7/5
f 10071/7/5 10067/7/5 10070/7/5
f 10076/7/5 10075/7/5 10074/7/5
f 10077/7/5 10075/7/5 10076/7/5
f 10080/7/5 10079/7/5 10078/7/5
f 10081/7/5 10079/7/5 10080/7/5
f 10082/7/5 10073/7/5 10072/7/5
f 10083/7/5 10073/7/5 10082/7/5
f 10086/7/5 10085/7/5 10084/7/5
f 10087/7/5 10085/7/5 10086/7/5
f 10090/13/5 10089/13/5 10088/13/5
f 10091/13/5 10089/13/5 10090/13/5
f 10114/7/5 10093/7/5 10092/7/5
f 10115/7/5 10093/7/5 10114/7/5
f 10116/7/5 10095/7/5 10094/7/5
f 10117/7/5 10095/7/5 10116/7/5
f 10118/7/5 10097/7/5 10096/7/5
f 10119/7/5 10097/7/5 10118/7/5
f 10120/7/5 10099/7/5 10098/7/5
f 10121/7/5 10099/7/5 10120/7/5
f 10122/7/5 10101/7/5 10100/7/5
f 10123/7/5 10101/7/5 10122/7/5
f 10124/7/5 10103/7/5 10102/7/5
f 10125/7/5 10103/7/5 10124/7/5
f 10126/7/5 10105/7/5 10104/7/5
f 10127/7/5 10105/7/5 10126/7/5
f 10128/7/5 10107/7/5 10106/7/5
f 10129/7/5 10107/7/5 10128/7/5
f 10130/13/5 10109/13/5 10108/13/5
f 10131/13/5 10109/13/5 10130/13/5
f 10132/13/5 10111/13/5 10110/13/5
f 10133/13/5 10111/13/5 10132/13/5
f 10134/7/5 10113/7/5 10112/7/5
f 10135/7/5 10113/7/5 10134/7/5
f 10163/4/5 10137/4/5 10136/4/5
f 10164/4/5 10137/4/5 10163/4/5
f 10165/4/5 10139/4/5 10138/4/5
f 10166/4/5 10139/4/5 10165/4/5
f 10167/4/5 10141/4/5 10140/4/5
f 10168/4/5 10141/4/5 10167/4/5
f 10169/7/5 10143/7/5 10142/7/5
f 10170/7/5 10143/7/5 10169/7/5
f 10171/13/5 10145/13/5 10144/13/5
f 10172/13/5 10145/13/5 10171/13/5
f 10173/7/5 10147/7/5 10146/7/5
f 10174/7/5 10147/7/5 10173/7/5
f 10175/7/5 10149/7/5 10148/7/5
f 10176/7/5 10149/7/5 10175/7/5
f 10177/7/5 10151/7/5 10150/7/5
f 10178/7/5 10151/7/5 10177/7/5
f 10179/7/5 10153/7/5 10152/7/5
f 10180/7/5 10153/7/5 10179/7/5
f 10181/7/5 10155/7/5 10154/7/5
f 10182/7/5 10155/7/5 10181/7/5
f 10183/7/5 10157/7/5 10156/7/5
f 10184/7/5 10157/7/5 10183/7/5
f 10185/7/5 10159/7/5 10158/7/5
f 10186/7/5 10159/7/5 10185/7/5
f 10187/7/5 10161/7/5 10160/7/5
f 10188/10/5 10162/10/5 10161/10/5
f 10188/7/5 10161/7/5 10187/7/5
f 10189/10/5 10162/10/5 10188/10/5
f 10192/4/5 10191/4/5 10190/4/5
f 10193/4/5 10191/4/5 10192/4/5
f 10198/9/5 10195/9/5 10194/9/5
f 10199/9/5 10195/9/5 10198/9/5
f 10200/7/5 10197/7/5 10196/7/5
f 10201/7/5 10197/7/5 10200/7/5
f 10204/7/5 10203/7/5 10202/7/5
f 10205/7/5 10203/7/5 10204/7/5
f 10208/7/5 10207/7/5 10206/7/5
f 10209/7/5 10207/7/5 10208/7/5
f 10212/7/5 10211/7/5 10210/7/5
f 10213/7/5 10211/7/5 10212/7/5
f 10216/7/5 10215/7/5 10214/7/5
f 10217/7/5 10215/7/5 10216/7/5
f 10220/13/5 10219/13/5 10218/13/5
f 10221/13/5 10219/13/5 10220/13/5
f 10246/7/5 10223/7/5 10222/7/5
f 10247/7/5 10223/7/5 10246/7/5
f 10248/7/5 10225/7/5 10224/7/5
f 10249/7/5 10225/7/5 10248/7/5
f 10250/7/5 10227/7/5 10226/7/5
f 10251/7/5 10227/7/5 10250/7/5
f 10252/7/5 10229/7/5 10228/7/5
f 10253/7/5 10229/7/5 10252/7/5
f 10254/7/5 10231/7/5 10230/7/5
f 10255/7/5 10231/7/5 10254/7/5
f 10256/7/5 10233/7/5 10232/7/5
f 10257/7/5 10233/7/5 10256/7/5
f 10258/7/5 10235/7/5 10234/7/5
f 10259/7/5 10235/7/5 10258/7/5
f 10260/13/5 10237/13/5 10236/13/5
f 10261/13/5 10237/13/5 10260/13/5
f 10262/7/5 10239/7/5 10238/7/5
f 10263/7/5 10239/7/5 10262/7/5
f 10264/13/5 10241/13/5 10240/13/5
f 10265/13/5 10241/13/5 10264/13/5
f 10266/7/5 10243/7/5 10242/7/5
f 10267/7/5 10243/7/5 10266/7/5
f 10268/7/5 10245/7/5 10244/7/5
f 10269/7/5 10245/7/5 10268/7/5
f 10300/4/5 10271/4/5 10270/4/5
f 10301/4/5 10271/4/5 10300/4/5
f 10302/4/5 10273/4/5 10272/4/5
f 10303/4/5 10273/4/5 10302/4/5
f 10304/4/5 10275/4/5 10274/4/5
f 10305/4/5 10275/4/5 10304/4/5
f 10306/7/5 10277/7/5 10276/7/5
f 10307/7/5 10277/7/5 10306/7/5
f 10308/7/5 10279/7/5 10278/7/5
f 10309/7/5 10279/7/5 10308/7/5
f 10310/13/5 10281/13/5 10280/13/5
f 10311/13/5 10281/13/5 10310/13/5
f 10312/7/5 10283/7/5 10282/7/5
f 10313/7/5 10283/7/5 10312/7/5
f 10314/7/5 10285/7/5 10284/7/5
f 10315/7/5 10285/7/5 10314/7/5
f 10316/7/5 10287/7/5 10286/7/5
f 10317/7/5 10287/7/5 10316/7/5
f 10318/7/5 10289/7/5 10288/7/5
f 10319/7/5 10289/7/5 10318/7/5
f 10320/7/5 10291/7/5 10290/7/5
f 10321/7/5 10291/7/5 10320/7/5
f 10322/7/5 10293/7/5 10292/7/5
f 10323/7/5 10293/7/5 10322/7/5
f 10324/7/5 10295/7/5 10294/7/5
f 10325/7/5 10295/7/5 10324/7/5
f 10326/7/5 10297/7/5 10296/7/5
f 10327/7/5 10297/7/5 10326/7/5
f 10328/4/5 10299/4/5 10298/4/5
f 10329/4/5 10299/4/5 10328/4/5
f 10332/4/5 10331/4/5 10330/4/5
f 10333/4/5 10331/4/5 10332/4/5
f 10338/13/5 10335/13/5 10334/13/5
f 10339/13/5 10335/13/5 10338/13/5
f 10340/7/5 10337/7/5 10336/7/5
f 10341/7/5 10337/7/5 10340/7/5
f 10344/7/5 10343/7/5 10342/7/5
f 10345/7/5 10343/7/5 10344/7/5
f 10348/7/5 10347/7/5 10346/7/5
f 10349/7/5 10347/7/5 10348/7/5
f 10352/8/5 10351/8/5 10350/8/5
f 10353/8/5 10351/8/5 10352/8/5
f 10354/7/5 10353/7/5 10352/7/5
f 10355/7/5 10353/7/5 10354/7/5
f 10358/7/5 10357/7/5 10356/7/5
f 10359/7/5 10357/7/5 10358/7/5
f 10362/7/5 10361/7/5 10360/7/5
f 10363/7/5 10361/7/5 10362/7/5
f 10366/13/5 10365/13/5 10364/13/5
f 10367/13/5 10365/13/5 10366/13/5
f 10397/7/5 10367/7/5 10366/7/5
f 10397/7/5 10368/7/5 10367/7/5
f 10398/7/5 10368/7/5 10397/7/5
f 10399/7/5 10370/7/5 10369/7/5
f 10400/7/5 10370/7/5 10399/7/5
f 10401/7/5 10372/7/5 10371/7/5
f 10402/7/5 10372/7/5 10401/7/5
f 10403/7/5 10374/7/5 10373/7/5
f 10404/7/5 10374/7/5 10403/7/5
f 10405/7/5 10376/7/5 10375/7/5
f 10406/7/5 10376/7/5 10405/7/5
f 10407/7/5 10378/7/5 10377/7/5
f 10408/7/5 10378/7/5 10407/7/5
f 10409/7/5 10380/7/5 10379/7/5
f 10410/7/5 10380/7/5 10409/7/5
f 10411/7/5 10382/7/5 10381/7/5
f 10412/7/5 10382/7/5 10411/7/5
f 10413/7/5 10384/7/5 10383/7/5
f 10414/7/5 10384/7/5 10413/7/5
f 10415/13/5 10386/13/5 10385/13/5
f 10416/13/5 10386/13/5 10415/13/5
f 10417/13/5 10388/13/5 10387/13/5
f 10418/13/5 10388/13/5 10417/13/5
f 10419/7/5 10390/7/5 10389/7/5
f 10420/7/5 10390/7/5 10419/7/5
f 10421/13/5 10392/13/5 10391/13/5
f 10422/13/5 10392/13/5 10421/13/5
f 10423/7/5 10394/7/5 10393/7/5
f 10424/7/5 10394/7/5 10423/7/5
f 10425/7/5 10396/7/5 10395/7/5
f 10426/7/5 10396/7/5 10425/7/5
f 10444/4/5 10428/4/5 10427/4/5
f 10445/4/5 10428/4/5 10444/4/5
f 10446/4/5 10430/4/5 10429/4/5
f 10447/7/5 10431/7/5 10430/7/5
f 10447/4/5 10430/4/5 10446/4/5
f 10448/7/5 10431/7/5 10447/7/5
f 10449/7/5 10431/7/5 10448/7/5
f 10450/7/5 10433/7/5 10432/7/5
f 10451/7/5 10433/7/5 10450/7/5
f 10452/13/5 10435/13/5 10434/13/5
f 10453/13/5 10435/13/5 10452/13/5
f 10454/7/5 10437/7/5 10436/7/5
f 10455/7/5 10437/7/5 10454/7/5
f 10456/7/5 10439/7/5 10438/7/5
f 10457/7/5 10439/7/5 10456/7/5
f 10458/7/5 10441/7/5 10440/7/5
f 10459/7/5 10441/7/5 10458/7/5
f 10460/7/5 10443/7/5 10442/7/5
f 10461/7/5 10443/7/5 10460/7/5
f 10464/4/5 10463/4/5 10462/4/5
f 10465/4/5 10463/4/5 10464/4/5
f 10470/7/5 10467/7/5 10466/7/5
f 10471/7/5 10467/7/5 10470/7/5
f 10472/7/5 10469/7/5 10468/7/5
f 10473/7/5 10469/7/5 10472/7/5
f 10476/13/5 10475/13/5 10474/13/5
f 10477/13/5 10475/13/5 10476/13/5
f 10478/7/5 10477/7/5 10476/7/5
f 10479/7/5 10478/7/5 10476/7/5
f 10480/7/5 10478/7/5 10479/7/5
f 10496/7/5 10482/7/5 10481/7/5
f 10497/7/5 10482/7/5 10496/7/5
f 10498/7/5 10484/7/5 10483/7/5
f 10499/7/5 10484/7/5 10498/7/5
f 10500/7/5 10486/7/5 10485/7/5
f 10501/7/5 10486/7/5 10500/7/5
f 10502/7/5 10488/7/5 10487/7/5
f 10503/7/5 10488/7/5 10502/7/5
f 10504/7/5 10490/7/5 10489/7/5
f 10505/7/5 10490/7/5 10504/7/5
f 10506/13/5 10492/13/5 10491/13/5
f 10507/13/5 10492/13/5 10506/13/5
f 10508/13/5 10494/13/5 10493/13/5
f 10509/7/5 10495/7/5 10494/7/5
f 10509/13/5 10494/13/5 10508/13/5
f 10510/7/5 10495/7/5 10509/7/5
f 10511/7/6 10512/7/6 10517/7/6
f 10517/7/6 10512/7/6 10518/7/6
f 10513/7/6 10514/7/6 10519/7/6
f 10519/7/6 10514/7/6 10520/7/6
f 10515/7/6 10516/7/6 10521/7/6
f 10521/7/6 10516/7/6 10522/7/6
f 10523/7/6 10524/7/6 10525/7/6
f 10525/7/6 10524/7/6 10526/7/6
f 10527/7/6 10528/7/6 10529/7/6
f 10529/7/6 10528/7/6 10530/7/6
f 10531/7/6 10532/7/6 10537/7/6
f 10537/7/6 10532/7/6 10538/7/6
f 10535/9/6 10536/9/6 10539/9/6
f 10539/9/6 10536/9/6 10540/9/6
f 10533/7/6 10534/7/6 10541/7/6
f 10541/7/6 10534/7/6 10542/7/6
f 10543/7/6 10544/7/6 10545/7/6
f 10545/7/6 10544/7/6 10546/7/6
f 10547/7/6 10548/7/6 10551/7/6
f 10551/7/6 10548/7/6 10552/7/6
f 10549/7/6 10550/7/6 10553/7/6
f 10553/7/6 10550/7/6 10554/7/6
f 10555/12/6 10556/12/6 10558/12/6
f 10558/12/6 10556/12/6 10559/12/6
f 10557/7/6 10558/7/6 10560/7/6
f 10560/7/6 10558/7/6 10561/7/6
f 10562/7/6 10563/7/6 10573/7/6
f 10573/7/6 10563/7/6 10574/7/6
f 10564/7/6 10565/7/6 10575/7/6
f 10575/7/6 10565/7/6 10576/7/6
f 10566/7/6 10567/7/6 10577/7/6
f 10577/7/6 10567/7/6 10578/7/6
f 10568/13/6 10569/13/6 10579/13/6
f 10579/13/6 10569/13/6 10580/13/6
f 10570/9/6 10571/9/6 10581/9/6
f 10581/9/6 10571/9/6 10582/9/6
f 10572/7/6 10573/7/6 10584/7/6
f 10584/7/6 10573/7/6 10585/7/6
f 10582/9/6 10583/9/6 10586/9/6
f 10586/9/6 10583/9/6 10587/9/6
f 10588/12/6 10589/12/6 10591/12/6
f 10591/12/6 10589/12/6 10592/12/6
f 10590/12/6 10591/12/6 10595/12/6
f 10592/12/6 10593/12/6 10595/12/6
f 10591/12/6 10592/12/6 10595/12/6
f 10595/12/6 10593/12/6 10596/12/6
f 10594/12/6 10595/12/6 10598/12/6
f 10596/12/6 10597/12/6 10598/12/6
f 10595/12/6 10596/12/6 10598/12/6
f 10598/12/6 10597/12/6 10599/12/6
f 10599/12/6 10597/12/6 10600/12/6
f 10600/12/6 10601/12/6 10602/12/6
f 10599/12/6 10600/12/6 10602/12/6
f 10602/12/6 10601/12/6 10603/12/6
f 10603/12/6 10601/12/6 10604/12/6
f 10603/12/6 10604/12/6 10605/12/6
f 10605/12/6 10604/12/6 10606/12/6
f 10606/12/6 10604/12/6 10607/12/6
f 10607/12/6 10604/12/6 10608/12/6
f 10608/12/6 10604/12/6 10609/12/6
f 10609/12/6 10604/12/6 10610/12/6
f 10610/12/6 10604/12/6 10611/12/6
f 10611/12/6 10604/12/6 10612/12/6
f 10612/12/6 10604/12/6 10613/12/6
f 10613/12/6 10604/12/6 10614/12/6
f 10614/12/6 10604/12/6 10615/12/6
f 10615/12/6 10604/12/6 10616/12/6
f 10616/12/6 10604/12/6 10617/12/6
f 10617/12/6 10604/12/6 10618/12/6
f 10618/12/6 10604/12/6 10619/12/6
f 10619/12/6 10604/12/6 10620/12/6
f 10620/12/6 10604/12/6 10621/12/6
f 10621/12/6 10604/12/6 10622/12/6
f 10623/12/6 10624/12/6 10626/12/6
f 10625/12/6 10626/12/6 10628/12/6
f 10626/12/6 10624/12/6 10629/12/6
f 10628/12/6 10626/12/6 10629/12/6
f 10627/7/6 10628/7/6 10630/7/6
f 10630/7/6 10628/7/6 10631/7/6
f 10632/12/6 10633/12/6 10634/12/6
f 10634/12/6 10635/12/6 10636/12/6
f 10636/12/6 10637/12/6 10638/12/6
f 10638/12/6 10639/12/6 10640/12/6
f 10632/12/6 10634/12/6 10643/12/6
f 10640/12/6 10641/12/6 10643/12/6
f 10638/12/6 10640/12/6 10643/12/6
f 10636/12/6 10638/12/6 10643/12/6
f 10634/12/6 10636/12/6 10643/12/6
f 10643/12/6 10641/12/6 10644/12/6
f 10642/12/6 10643/12/6 10646/12/6
f 10644/12/6 10645/12/6 10646/12/6
f 10643/12/6 10644/12/6 10646/12/6
f 10646/12/6 10647/12/6 10648/12/6
f 10648/12/6 10649/12/6 10650/12/6
f 10650/12/6 10651/12/6 10652/12/6
f 10652/12/6 10653/12/6 10654/12/6
f 10654/12/6 10655/12/6 10656/12/6
f 10642/12/6 10646/12/6 10660/12/6
f 10646/12/6 10648/12/6 10660/12/6
f 10656/12/6 10657/12/6 10660/12/6
f 10654/12/6 10656/12/6 10660/12/6
f 10652/12/6 10654/12/6 10660/12/6
f 10650/12/6 10652/12/6 10660/12/6
f 10648/12/6 10650/12/6 10660/12/6
f 10660/12/6 10657/12/6 10661/12/6
f 10661/12/6 10657/12/6 10662/12/6
f 10658/12/6 10659/12/6 10665/12/6
f 10665/12/6 10659/12/6 10666/12/6
f 10662/12/6 10663/12/6 10668/12/6
f 10661/12/6 10662/12/6 10668/12/6
f 10668/12/6 10663/12/6 10669/12/6
f 10669/12/6 10663/12/6 10670/12/6
f 10670/12/6 10663/12/6 10671/12/6
f 10671/12/6 10663/12/6 10672/12/6
f 10666/12/6 10667/12/6 10673/12/6
f 10665/12/6 10666/12/6 10673/12/6
f 10664/12/6 10665/12/6 10673/12/6
f 10669/12/6 10670/12/6 10674/12/6
f 10674/12/6 10670/12/6 10675/12/6
f 10671/12/6 10672/12/6 10676/12/6
f 10672/12/6 10673/12/6 10676/12/6
f 10676/12/6 10673/12/6 10677/12/6
f 10673/12/6 10667/12/6 10678/12/6
f 10677/12/6 10673/12/6 10678/12/6
f 10669/12/6 10674/12/6 10680/12/6
f 10680/12/6 10674/12/6 10681/12/6
f 10678/12/6 10679/12/6 10682/12/6
f 10677/12/6 10678/12/6 10682/12/6
f 10682/12/6 10679/12/6 10683/12/6
f 10683/12/6 10679/12/6 10684/12/6
f 10684/12/6 10679/12/6 10685/12/6
f 10685/12/6 10679/12/6 10686/12/6
f 10642/12/6 10660/12/6 10688/12/6
f 10682/12/6 10683/12/6 10689/12/6
f 10689/12/6 10683/12/6 10690/12/6
f 10669/12/6 10680/12/6 10691/12/6
f 10691/12/6 10680/12/6 10692/12/6
f 10692/12/6 10680/12/6 10693/12/6
f 10690/12/6 10683/12/6 10695/12/6
f 10695/12/6 10683/12/6 10696/12/6
f 10696/12/6 10683/12/6 10697/12/6
f 10697/12/6 10683/12/6 10698/12/6
f 10698/12/6 10683/12/6 10699/12/6
f 10684/12/6 10685/12/6 10700/12/6
f 10700/12/6 10685/12/6 10701/12/6
f 10695/12/6 10696/12/6 10702/12/6
f 10702/12/6 10696/12/6 10703/12/6
f 10697/12/6 10698/12/6 10704/12/6
f 10704/12/6 10698/12/6 10705/12/6
f 10701/12/6 10685/12/6 10706/12/6
f 10706/12/6 10685/12/6 10707/12/6
f 10707/12/6 10685/12/6 10708/12/6
f 10708/12/6 10685/12/6 10709/12/6
f 10693/12/6 10694/12/6 10710/12/6
f 10692/12/6 10693/12/6 10710/12/6
f 10710/12/6 10694/12/6 10711/12/6
f 10703/12/6 10696/12/6 10712/12/6
f 10707/12/6 10708/12/6 10713/12/6
f 10713/12/6 10708/12/6 10714/12/6
f 10687/12/6 10688/12/6 10715/12/6
f 10688/12/6 10660/12/6 10715/12/6
f 10714/12/6 10708/12/6 10717/12/6
f 10717/12/6 10708/12/6 10718/12/6
f 10715/12/6 10716/12/6 10720/12/6
f 10687/12/6 10715/12/6 10720/12/6
f 10711/12/6 10694/12/6 10721/12/6
f 10721/12/6 10694/12/6 10722/12/6
f 10712/12/6 10696/12/6 10723/12/6
f 10723/12/6 10696/12/6 10724/12/6
f 10724/12/6 10696/12/6 10725/12/6
f 10718/12/6 10708/12/6 10727/12/6
f 10722/12/6 10694/12/6 10728/12/6
f 10728/12/6 10694/12/6 10729/12/6
f 10729/12/6 10694/12/6 10730/12/6
f 10730/12/6 10694/12/6 10731/12/6
f 10725/12/6 10726/12/6 10732/12/6
f 10724/12/6 10725/12/6 10732/12/6
f 10732/12/6 10726/12/6 10733/12/6
f 10733/12/6 10726/12/6 10734/12/6
f 10734/12/6 10726/12/6 10735/12/6
f 10727/12/6 10708/12/6 10736/12/6
f 10736/12/6 10708/12/6 10737/12/6
f 10729/12/6 10730/12/6 10740/12/6
f 10733/12/6 10734/12/6 10741/12/6
f 10741/12/6 10734/12/6 10742/12/6
f 10737/12/6 10708/12/6 10743/12/6
f 10743/12/6 10708/12/6 10744/12/6
f 10738/13/6 10739/13/6 10747/13/6
f 10747/13/6 10739/13/6 10748/13/6
f 10719/12/6 10720/12/6 10750/12/6
f 10720/12/6 10716/12/6 10751/12/6
f 10750/12/6 10720/12/6 10751/12/6
f 10740/12/6 10730/12/6 10752/12/6
f 10752/12/6 10730/12/6 10753/12/6
f 10753/12/6 10730/12/6 10754/12/6
f 10742/12/6 10734/12/6 10755/12/6
f 10755/12/6 10734/12/6 10756/12/6
f 10744/12/6 10708/12/6 10757/12/6
f 10757/12/6 10708/12/6 10758/12/6
f 10758/12/6 10708/12/6 10759/12/6
f 10745/7/6 10746/7/6 10761/7/6
f 10761/7/6 10746/7/6 10762/7/6
f 10748/7/6 10749/7/6 10763/7/6
f 10763/7/6 10749/7/6 10764/7/6
f 10760/7/6 10761/7/6 10765/7/6
f 10765/7/6 10761/7/6 10766/7/6
f 10767/7/6 10768/7/6 10782/7/6
f 10768/4/6 10769/4/6 10783/4/6
f 10782/7/6 10768/7/6 10783/7/6
f 10783/4/6 10769/4/6 10784/4/6
f 10784/4/6 10769/4/6 10785/4/6
f 10785/4/6 10769/4/6 10786/4/6
f 10769/7/6 10770/7/6 10787/7/6
f 10786/4/6 10769/4/6 10787/4/6
f 10787/7/6 10770/7/6 10788/7/6
f 10771/7/6 10772/7/6 10790/7/6
f 10790/7/6 10772/7/6 10791/7/6
f 10773/13/6 10774/13/6 10793/13/6
f 10793/13/6 10774/13/6 10794/13/6
f 10774/9/6 10775/9/6 10795/9/6
f 10794/13/6 10774/13/6 10795/13/6
f 10775/7/6 10776/7/6 10796/7/6
f 10795/9/6 10775/9/6 10796/9/6
f 10796/7/6 10776/7/6 10797/7/6
f 10776/11/6 10777/11/6 10798/11/6
f 10797/7/6 10776/7/6 10798/7/6
f 10777/7/6 10778/7/6 10799/7/6
f 10798/11/6 10777/11/6 10799/11/6
f 10799/7/6 10778/7/6 10800/7/6
f 10778/10/6 10779/10/6 10801/10/6
f 10800/7/6 10778/7/6 10801/7/6
f 10779/9/6 10780/9/6 10802/9/6
f 10801/10/6 10779/10/6 10802/10/6
f 10802/9/6 10780/9/6 10803/9/6
f 10781/7/6 10782/7/6 10806/7/6
f 10806/7/6 10782/7/6 10807/7/6
f 10789/7/6 10790/7/6 10809/7/6
f 10809/7/6 10790/7/6 10810/7/6
f 10792/7/6 10793/7/6 10811/7/6
f 10811/7/6 10793/7/6 10812/7/6
f 10803/9/6 10804/9/6 10813/9/6
f 10813/9/6 10804/9/6 10814/9/6
f 10808/7/6 10809/7/6 10816/7/6
f 10816/7/6 10809/7/6 10817/7/6
f 10805/7/6 10806/7/6 10818/7/6
f 10818/7/6 10806/7/6 10819/7/6
f 10818/4/6 10819/4/6 10820/4/6
f 10814/9/6 10815/9/6 10821/9/6
f 10821/9/6 10815/9/6 10822/9/6
f 10822/9/6 10815/9/6 10823/9/6
f 10822/13/6 10823/13/6 10824/13/6
f 10824/13/6 10823/13/6 10825/13/6
f 10826/12/6 10827/12/6 10829/12/6
f 10829/12/6 10827/12/6 10830/12/6
f 10828/12/6 10829/12/6 10832/12/6
f 10830/12/6 10831/12/6 10832/12/6
f 10829/12/6 10830/12/6 10832/12/6
f 10832/12/6 10833/12/6 10836/12/6
f 10836/12/6 10833/12/6 10837/12/6
f 10834/12/6 10835/12/6 10838/12/6
f 10838/12/6 10839/12/6 10840/12/6
f 10832/12/6 10836/12/6 10842/12/6
f 10842/12/6 10836/12/6 10843/12/6
f 10840/12/6 10841/12/6 10844/12/6
f 10834/12/6 10838/12/6 10844/12/6
f 10838/12/6 10840/12/6 10844/12/6
f 10844/12/6 10841/12/6 10845/12/6
f 10845/12/6 10841/12/6 10846/12/6
f 10846/12/6 10847/12/6 10848/12/6
f 10845/12/6 10846/12/6 10848/12/6
f 10848/12/6 10847/12/6 10849/12/6
f 10832/12/6 10842/12/6 10850/12/6
f 10850/12/6 10842/12/6 10851/12/6
f 10849/12/6 10847/12/6 10852/12/6
f 10832/12/6 10850/12/6 10854/12/6
f 10854/12/6 10850/12/6 10855/12/6
f 10852/12/6 10853/12/6 10857/12/6
f 10849/12/6 10852/12/6 10857/12/6
f 10828/12/6 10832/12/6 10858/12/6
f 10832/12/6 10854/12/6 10858/12/6
f 10858/12/6 10854/12/6 10859/12/6
f 10856/12/6 10857/12/6 10860/12/6
f 10857/12/6 10853/12/6 10860/12/6
f 10860/12/6 10853/12/6 10861/12/6
f 10828/12/6 10858/12/6 10863/12/6
f 10856/12/6 10860/12/6 10865/12/6
f 10862/12/6 10863/12/6 10866/12/6
f 10863/12/6 10858/12/6 10866/12/6
f 10866/12/6 10858/12/6 10867/12/6
f 10864/12/6 10865/12/6 10869/12/6
f 10865/12/6 10860/12/6 10870/12/6
f 10869/12/6 10865/12/6 10870/12/6
f 10870/12/6 10860/12/6 10871/12/6
f 10868/12/6 10869/12/6 10873/12/6
f 10869/12/6 10870/12/6 10873/12/6
f 10862/12/6 10866/12/6 10875/12/6
f 10872/12/6 10873/12/6 10877/12/6
f 10874/12/6 10875/12/6 10879/12/6
f 10875/12/6 10866/12/6 10880/12/6
f 10879/12/6 10875/12/6 10880/12/6
f 10880/12/6 10866/12/6 10881/12/6
f 10876/12/6 10877/12/6 10883/12/6
f 10873/12/6 10870/12/6 10884/12/6
f 10877/12/6 10873/12/6 10884/12/6
f 10883/12/6 10877/12/6 10884/12/6
f 10884/12/6 10870/12/6 10885/12/6
f 10881/12/6 10866/12/6 10886/12/6
f 10886/12/6 10866/12/6 10887/12/6
f 10878/12/6 10879/12/6 10889/12/6
f 10879/12/6 10880/12/6 10889/12/6
f 10889/12/6 10880/12/6 10890/12/6
f 10882/12/6 10883/12/6 10892/12/6
f 10883/12/6 10884/12/6 10892/12/6
f 10892/12/6 10884/12/6 10893/12/6
f 10890/12/6 10891/12/6 10894/12/6
f 10889/12/6 10890/12/6 10894/12/6
f 10888/12/6 10889/12/6 10894/12/6
f 10894/12/6 10891/12/6 10895/12/6
f 10893/12/6 10884/12/6 10896/12/6
f 10896/12/6 10884/12/6 10897/12/6
f 10895/12/6 10891/12/6 10898/12/6
f 10898/12/6 10891/12/6 10899/12/6
f 10897/12/6 10884/12/6 10900/12/6
f 10900/12/6 10884/12/6 10901/12/6
f 10899/12/6 10891/12/6 10902/12/6
f 10901/12/6 10884/12/6 10904/12/6
f 10904/12/6 10884/12/6 10905/12/6
f 10902/12/6 10903/12/6 10906/12/6
f 10899/12/6 10902/12/6 10906/12/6
f 10906/12/6 10903/12/6 10907/12/6
f 10907/12/6 10903/12/6 10908/12/6
f 10907/12/6 10908/12/6 10910/12/6
f 10908/12/6 10909/12/6 10910/12/6
f 10910/12/6 10909/12/6 10911/12/6
f 10911/12/6 10909/12/6 10912/12/6
f 10911/12/6 10912/12/6 10914/12/6
f 10912/12/6 10913/12/6 10914/12/6
f 10914/12/6 10915/12/6 10916/12/6
f 10916/12/6 10917/12/6 10918/12/6
f 10918/12/6 10919/12/6 10920/12/6
f 10920/12/6 10921/12/6 10922/12/6
f 10922/12/6 10923/12/6 10924/12/6
f 10924/12/6 10925/12/6 10926/12/6
f 10926/12/6 10927/12/6 10928/12/6
f 10911/12/6 10914/12/6 10931/12/6
f 10928/12/6 10929/12/6 10931/12/6
f 10926/12/6 10928/12/6 10931/12/6
f 10924/12/6 10926/12/6 10931/12/6
f 10922/12/6 10924/12/6 10931/12/6
f 10920/12/6 10922/12/6 10931/12/6
f 10918/12/6 10920/12/6 10931/12/6
f 10916/12/6 10918/12/6 10931/12/6
f 10914/12/6 10916/12/6 10931/12/6
f 10931/12/6 10929/12/6 10932/12/6
f 10930/12/6 10931/12/6 10935/12/6
f 10932/12/6 10933/12/6 10935/12/6
f 10931/12/6 10932/12/6 10935/12/6
f 10934/12/6 10935/12/6 10938/12/6
f 10936/12/6 10937/12/6 10940/12/6
f 10937/12/6 10938/12/6 10940/12/6
f 10941/12/6 10942/12/6 10944/12/6
f 10939/12/6 10940/12/6 10946/12/6
f 10943/12/6 10944/12/6 10948/12/6
f 10945/12/6 10946/12/6 10950/12/6
f 10935/12/6 10933/12/6 10951/12/6
f 10938/12/6 10935/12/6 10951/12/6
f 10950/12/6 10946/12/6 10951/12/6
f 10940/12/6 10938/12/6 10951/12/6
f 10946/12/6 10940/12/6 10951/12/6
f 10947/12/6 10948/12/6 10954/12/6
f 10949/12/6 10950/12/6 10956/12/6
f 10951/12/6 10952/12/6 10956/12/6
f 10950/12/6 10951/12/6 10956/12/6
f 10953/12/6 10954/12/6 10958/12/6
f 10948/12/6 10944/12/6 10959/12/6
f 10954/12/6 10948/12/6 10959/12/6
f 10958/12/6 10954/12/6 10959/12/6
f 10944/12/6 10942/12/6 10959/12/6
f 10955/12/6 10956/12/6 10962/12/6
f 10959/12/6 10960/12/6 10964/12/6
f 10957/12/6 10958/12/6 10964/12/6
f 10958/12/6 10959/12/6 10964/12/6
f 10964/12/6 10960/12/6 10965/12/6
f 10961/12/6 10962/12/6 10968/12/6
f 10965/12/6 10966/12/6 10970/12/6
f 10963/12/6 10964/12/6 10970/12/6
f 10964/12/6 10965/12/6 10970/12/6
f 10970/12/6 10966/12/6 10971/12/6
f 10969/12/6 10970/12/6 10974/12/6
f 10971/12/6 10972/12/6 10974/12/6
f 10970/12/6 10971/12/6 10974/12/6
f 10974/12/6 10972/12/6 10975/12/6
f 10818/4/6 10820/4/6 10977/4/6
f 10977/4/6 10820/4/6 10978/4/6
f 10975/12/6 10976/12/6 10980/12/6
f 10973/12/6 10974/12/6 10980/12/6
f 10974/12/6 10975/12/6 10980/12/6
f 10980/12/6 10976/12/6 10981/12/6
f 10967/12/6 10968/12/6 10984/12/6
f 10977/8/6 10978/8/6 10985/8/6
f 10985/8/6 10978/8/6 10986/8/6
f 10981/12/6 10982/12/6 10988/12/6
f 10979/12/6 10980/12/6 10988/12/6
f 10980/12/6 10981/12/6 10988/12/6
f 10988/12/6 10982/12/6 10989/12/6
f 10989/12/6 10990/12/6 10992/12/6
f 10988/12/6 10989/12/6 10992/12/6
f 10987/12/6 10988/12/6 10992/12/6
f 10992/12/6 10990/12/6 10993/12/6
f 10983/12/6 10984/12/6 10994/12/6
f 10992/12/6 10993/12/6 10998/12/6
f 10991/12/6 10992/12/6 10998/12/6
f 10993/12/6 10994/12/6 10998/12/6
f 10995/12/6 10996/12/6 10999/12/6
f 10997/12/6 10998/12/6 11002/12/6
f 10999/12/6 11000/12/6 11003/12/6
f 11001/12/6 11002/12/6 11006/12/6
f 10962/12/6 10956/12/6 11007/12/6
f 10956/12/6 10952/12/6 11007/12/6
f 11006/12/6 11002/12/6 11007/12/6
f 10968/12/6 10962/12/6 11007/12/6
f 10984/12/6 10968/12/6 11007/12/6
f 11002/12/6 10998/12/6 11007/12/6
f 10994/12/6 10984/12/6 11007/12/6
f 10998/12/6 10994/12/6 11007/12/6
f 11005/12/6 11006/12/6 11010/12/6
f 11007/12/6 11008/12/6 11010/12/6
f 11006/12/6 11007/12/6 11010/12/6
f 11010/12/6 11008/12/6 11011/12/6
f 11011/12/6 11008/12/6 11012/12/6
f 11003/12/6 11004/12/6 11013/12/6
f 11009/12/6 11010/12/6 11016/12/6
f 11010/12/6 11011/12/6 11016/12/6
f 11016/12/6 11011/12/6 11017/12/6
f 11017/12/6 11011/12/6 11018/12/6
f 11012/12/6 11008/12/6 11019/12/6
f 11019/12/6 11008/12/6 11020/12/6
f 11015/12/6 11016/12/6 11022/12/6
f 11016/12/6 11017/12/6 11022/12/6
f 11022/12/6 11017/12/6 11023/12/6
f 11023/12/6 11017/12/6 11024/12/6
f 11020/12/6 11008/12/6 11025/12/6
f 11025/12/6 11008/12/6 11026/12/6
f 10999/12/6 11003/12/6 11028/12/6
f 10995/12/6 10999/12/6 11028/12/6
f 11013/12/6 11014/12/6 11028/12/6
f 11003/12/6 11013/12/6 11028/12/6
f 11022/12/6 11023/12/6 11030/12/6
f 11021/12/6 11022/12/6 11030/12/6
f 11030/12/6 11023/12/6 11031/12/6
f 11031/12/6 11023/12/6 11032/12/6
f 11029/12/6 11030/12/6 11034/12/6
f 11030/12/6 11031/12/6 11034/12/6
f 11034/12/6 11031/12/6 11035/12/6
f 11033/12/6 11034/12/6 11037/12/6
f 11034/12/6 11035/12/6 11037/12/6
f 11037/12/6 11035/12/6 11038/12/6
f 11038/12/6 11035/12/6 11039/12/6
f 11036/12/6 11037/12/6 11041/12/6
f 11037/12/6 11038/12/6 11041/12/6
f 11027/12/6 11028/12/6 11043/12/6
f 11040/12/6 11041/12/6 11045/12/6
f 11044/12/6 11045/12/6 11047/12/6
f 11042/7/6 11043/7/6 11048/7/6
f 11043/12/6 11028/12/6 11048/12/6
f 11048/12/6 11028/12/6 11049/12/6
f 11028/12/6 11014/12/6 11050/12/6
f 11049/12/6 11028/12/6 11050/12/6
f 11046/12/6 11047/12/6 11052/12/6
f 11041/12/6 11038/12/6 11053/12/6
f 11047/12/6 11045/12/6 11053/12/6
f 11052/12/6 11047/12/6 11053/12/6
f 11045/12/6 11041/12/6 11053/12/6
f 11050/12/6 11014/12/6 11055/12/6
f 11055/12/6 11014/12/6 11056/12/6
f 11056/12/6 11014/12/6 11057/12/6
f 11053/12/6 11054/12/6 11062/12/6
f 11052/12/6 11053/12/6 11062/12/6
f 11051/12/6 11052/12/6 11062/12/6
f 11057/12/6 11058/12/6 11063/12/6
f 11056/12/6 11057/12/6 11063/12/6
f 11063/12/6 11058/12/6 11064/12/6
f 11059/12/6 11060/12/6 11065/12/6
f 11061/12/6 11062/12/6 11068/12/6
f 11062/12/6 11054/12/6 11069/12/6
f 11068/12/6 11062/12/6 11069/12/6
f 11064/12/6 11058/12/6 11071/12/6
f 11071/12/6 11058/12/6 11072/12/6
f 11065/12/6 11066/12/6 11073/12/6
f 11069/12/6 11070/12/6 11076/12/6
f 11068/12/6 11069/12/6 11076/12/6
f 11067/12/6 11068/12/6 11076/12/6
f 11076/12/6 11070/12/6 11077/12/6
f 11077/12/6 11070/12/6 11078/12/6
f 11072/12/6 11058/12/6 11079/12/6
f 11079/12/6 11058/12/6 11080/12/6
f 11073/12/6 11074/12/6 11081/12/6
f 11076/12/6 11077/12/6 11084/12/6
f 11075/12/6 11076/12/6 11084/12/6
f 11084/12/6 11077/12/6 11085/12/6
f 11078/12/6 11070/12/6 11087/12/6
f 11087/12/6 11070/12/6 11088/12/6
f 11088/12/6 11070/12/6 11089/12/6
f 11080/12/6 11058/12/6 11091/12/6
f 11091/12/6 11058/12/6 11092/12/6
f 11065/12/6 11073/12/6 11094/12/6
f 11081/12/6 11082/12/6 11094/12/6
f 11059/12/6 11065/12/6 11094/12/6
f 11073/12/6 11081/12/6 11094/12/6
f 11094/12/6 11082/12/6 11095/12/6
f 11083/1/6 11084/1/6 11098/1/6
f 11098/1/6 11084/1/6 11099/1/6
f 11085/1/6 11086/1/6 11100/1/6
f 11100/1/6 11086/1/6 11101/1/6
f 11089/12/6 11090/12/6 11103/12/6
f 11088/12/6 11089/12/6 11103/12/6
f 11103/12/6 11090/12/6 11104/12/6
f 11092/12/6 11058/12/6 11105/12/6
f 11105/12/6 11058/12/6 11106/12/6
f 11095/12/6 11096/12/6 11107/12/6
f 11093/12/6 11094/12/6 11107/12/6
f 11094/12/6 11095/12/6 11107/12/6
f 11101/1/6 11102/1/6 11110/1/6
f 11098/1/6 11099/1/6 11110/1/6
f 11102/1/6 11103/1/6 11110/1/6
f 11100/1/6 11101/1/6 11110/1/6
f 11099/1/6 11100/1/6 11110/1/6
f 11097/1/6 11098/1/6 11110/1/6
f 11110/1/6 11103/1/6 11111/1/6
f 11104/12/6 11090/12/6 11113/12/6
f 11113/12/6 11090/12/6 11114/12/6
f 11106/12/6 11058/12/6 11115/12/6
f 11115/12/6 11058/12/6 11116/12/6
f 11107/12/6 11108/12/6 11118/12/6
f 11093/12/6 11107/12/6 11118/12/6
f 11118/12/6 11108/12/6 11119/12/6
f 11111/1/6 11112/1/6 11122/1/6
f 11109/1/6 11110/1/6 11122/1/6
f 11110/1/6 11111/1/6 11122/1/6
f 11122/1/6 11112/1/6 11123/1/6
f 11116/12/6 11058/12/6 11126/12/6
f 11126/12/6 11058/12/6 11127/12/6
f 11119/12/6 11120/12/6 11129/12/6
f 11118/12/6 11119/12/6 11129/12/6
f 11117/12/6 11118/12/6 11129/12/6
f 11129/12/6 11120/12/6 11130/12/6
f 11130/12/6 11120/12/6 11131/12/6
f 11124/1/6 11125/1/6 11133/1/6
f 11123/1/6 11124/1/6 11133/1/6
f 11122/1/6 11123/1/6 11133/1/6
f 11121/1/6 11122/1/6 11133/1/6
f 11133/1/6 11125/1/6 11134/1/6
f 11129/12/6 11130/12/6 11136/12/6
f 11128/12/6 11129/12/6 11136/12/6
f 11136/12/6 11130/12/6 11137/12/6
f 11134/1/6 11135/1/6 11139/1/6
f 11133/1/6 11134/1/6 11139/1/6
f 11132/1/6 11133/1/6 11139/1/6
f 11139/1/6 11135/1/6 11140/1/6
f 11137/1/6 11138/1/6 11144/1/6
f 11140/1/6 11141/1/6 11144/1/6
f 11139/1/6 11140/1/6 11144/1/6
f 11138/1/6 11139/1/6 11144/1/6
f 11141/11/6 11142/11/6 11145/11/6
f 11144/1/6 11141/1/6 11145/1/6
f 11145/11/6 11142/11/6 11146/11/6
f 11146/11/6 11142/11/6 11147/11/6
f 11143/1/6 11144/1/6 11150/1/6
f 11144/1/6 11145/1/6 11150/1/6
f 11145/1/6 11146/1/6 11150/1/6
f 11147/11/6 11148/11/6 11151/11/6
f 11146/11/6 11147/11/6 11151/11/6
f 11150/1/6 11146/1/6 11151/1/6
f 11151/11/6 11148/11/6 11152/11/6
f 11152/11/6 11148/11/6 11153/11/6
f 11149/1/6 11150/1/6 11156/1/6
f 11150/1/6 11151/1/6 11156/1/6
f 11151/1/6 11152/1/6 11156/1/6
f 11153/11/6 11154/11/6 11157/11/6
f 11152/11/6 11153/11/6 11157/11/6
f 11156/1/6 11152/1/6 11157/1/6
f 11157/11/6 11154/11/6 11158/11/6
f 11158/11/6 11154/11/6 11159/11/6
f 11155/1/6 11156/1/6 11161/1/6
f 11156/1/6 11157/1/6 11161/1/6
f 11157/1/6 11158/1/6 11161/1/6
f 11161/1/6 11158/1/6 11162/1/6
f 11159/11/6 11160/11/6 11163/11/6
f 11158/11/6 11159/11/6 11163/11/6
f 11155/1/6 11161/1/6 11166/1/6
f 11166/1/6 11161/1/6 11167/1/6
f 11167/1/6 11161/1/6 11168/1/6
f 11162/1/6 11158/1/6 11169/1/6
f 11169/1/6 11158/1/6 11170/1/6
f 11163/11/6 11164/11/6 11171/11/6
f 11170/1/6 11158/1/6 11171/1/6
f 11158/11/6 11163/11/6 11171/11/6
f 11171/11/6 11164/11/6 11172/11/6
f 11172/11/6 11164/11/6 11173/11/6
f 11165/1/6 11166/1/6 11176/1/6
f 11166/1/6 11167/1/6 11176/1/6
f 11171/1/6 11172/1/6 11179/1/6
f 11170/1/6 11171/1/6 11179/1/6
f 11179/1/6 11172/1/6 11180/1/6
f 11173/11/6 11174/11/6 11181/11/6
f 11180/1/6 11172/1/6 11181/1/6
f 11172/11/6 11173/11/6 11181/11/6
f 11181/11/6 11174/11/6 11182/11/6
f 11182/11/6 11174/11/6 11183/11/6
f 11175/1/6 11176/1/6 11186/1/6
f 11176/1/6 11167/1/6 11187/1/6
f 11186/1/6 11176/1/6 11187/1/6
f 11177/1/6 11178/1/6 11188/1/6
f 11188/1/6 11178/1/6 11189/1/6
f 11183/11/6 11184/11/6 11191/11/6
f 11182/11/6 11183/11/6 11191/11/6
f 11189/1/6 11190/1/6 11193/1/6
f 11186/1/6 11187/1/6 11193/1/6
f 11188/1/6 11189/1/6 11193/1/6
f 11187/1/6 11188/1/6 11193/1/6
f 11185/1/6 11186/1/6 11193/1/6
f 11193/1/6 11190/1/6 11194/1/6
f 11194/1/6 11190/1/6 11195/1/6
f 11195/1/6 11190/1/6 11196/1/6
f 11180/1/6 11181/1/6 11198/1/6
f 11181/1/6 11182/1/6 11198/1/6
f 11191/11/6 11192/11/6 11199/11/6
f 11185/1/6 11193/1/6 11202/1/6
f 11194/1/6 11195/1/6 11203/1/6
f 11203/1/6 11195/1/6 11204/1/6
f 11197/1/6 11198/1/6 11206/1/6
f 11182/11/6 11191/11/6 11207/11/6
f 11199/11/6 11200/11/6 11207/11/6
f 11206/1/6 11198/1/6 11207/1/6
f 11198/1/6 11182/1/6 11207/1/6
f 11191/11/6 11199/11/6 11207/11/6
f 11207/11/6 11200/11/6 11208/11/6
f 11208/11/6 11200/11/6 11209/11/6
f 11201/1/6 11202/1/6 11212/1/6
f 11205/1/6 11206/1/6 11214/1/6
f 11206/1/6 11207/1/6 11214/1/6
f 11207/1/6 11208/1/6 11214/1/6
f 11209/11/6 11210/11/6 11215/11/6
f 11208/11/6 11209/11/6 11215/11/6
f 11214/1/6 11208/1/6 11215/1/6
f 11215/11/6 11210/11/6 11216/11/6
f 11216/11/6 11210/11/6 11217/11/6
f 11211/1/6 11212/1/6 11219/1/6
f 11202/1/6 11193/1/6 11219/1/6
f 11212/1/6 11202/1/6 11219/1/6
f 11213/1/6 11214/1/6 11221/1/6
f 11215/1/6 11216/1/6 11221/1/6
f 11214/1/6 11215/1/6 11221/1/6
f 11221/1/6 11216/1/6 11222/1/6
f 11217/11/6 11218/11/6 11223/11/6
f 11222/1/6 11216/1/6 11223/1/6
f 11216/11/6 11217/11/6 11223/11/6
f 11223/11/6 11218/11/6 11224/11/6
f 11224/11/6 11218/11/6 11225/11/6
f 11219/1/6 11220/1/6 11228/1/6
f 11211/1/6 11219/1/6 11228/1/6
f 11228/1/6 11220/1/6 11229/1/6
f 11223/1/6 11224/1/6 11231/1/6
f 11222/1/6 11223/1/6 11231/1/6
f 11231/1/6 11224/1/6 11232/1/6
f 11224/11/6 11225/11/6 11233/11/6
f 11232/1/6 11224/1/6 11233/1/6
f 11225/11/6 11226/11/6 11233/11/6
f 11233/11/6 11226/11/6 11234/11/6
f 11234/11/6 11226/11/6 11235/11/6
f 11229/1/6 11230/1/6 11238/1/6
f 11228/1/6 11229/1/6 11238/1/6
f 11227/1/6 11228/1/6 11238/1/6
f 11238/1/6 11230/1/6 11239/1/6
f 11233/1/6 11234/1/6 11241/1/6
f 11232/1/6 11233/1/6 11241/1/6
f 11241/1/6 11234/1/6 11242/1/6
f 11235/11/6 11236/11/6 11243/11/6
f 11242/1/6 11234/1/6 11243/1/6
f 11234/11/6 11235/11/6 11243/11/6
f 11243/11/6 11236/11/6 11244/11/6
f 11244/11/6 11236/11/6 11245/11/6
f 11242/1/6 11243/1/6 11249/1/6
f 11243/1/6 11244/1/6 11249/1/6
f 11249/1/6 11244/1/6 11250/1/6
f 11245/11/6 11246/11/6 11251/11/6
f 11250/1/6 11244/1/6 11251/1/6
f 11244/11/6 11245/11/6 11251/11/6
f 11251/11/6 11246/11/6 11252/11/6
f 11239/1/6 11240/1/6 11255/1/6
f 11238/1/6 11239/1/6 11255/1/6
f 11237/1/6 11238/1/6 11255/1/6
f 11255/1/6 11240/1/6 11256/1/6
f 11247/1/6 11248/1/6 11259/1/6
f 11259/1/6 11248/1/6 11260/1/6
f 11252/1/6 11253/1/6 11261/1/6
f 11251/1/6 11252/1/6 11261/1/6
f 11250/1/6 11251/1/6 11261/1/6
f 11261/1/6 11253/1/6 11262/1/6
f 11259/1/6 11260/1/6 11265/1/6
f 11262/1/6 11263/1/6 11265/1/6
f 11261/1/6 11262/1/6 11265/1/6
f 11260/1/6 11261/1/6 11265/1/6
f 11258/1/6 11259/1/6 11265/1/6
f 11255/1/6 11256/1/6 11267/1/6
f 11256/1/6 11257/1/6 11267/1/6
f 11254/1/6 11255/1/6 11267/1/6
f 11264/1/6 11265/1/6 11269/1/6
f 11265/1/6 11263/1/6 11270/1/6
f 11269/1/6 11265/1/6 11270/1/6
f 11268/1/6 11269/1/6 11273/1/6
f 11270/1/6 11271/1/6 11273/1/6
f 11269/1/6 11270/1/6 11273/1/6
f 11266/1/6 11267/1/6 11275/1/6
f 11272/1/6 11273/1/6 11276/1/6
f 11273/1/6 11271/1/6 11276/1/6
f 11272/1/6 11276/1/6 11278/1/6
f 11276/1/6 11277/1/6 11278/1/6
f 11278/1/6 11277/1/6 11279/1/6
f 11279/1/6 11277/1/6 11280/1/6
f 11280/1/6 11277/1/6 11281/1/6
f 11281/1/6 11277/1/6 11282/1/6
f 11282/1/6 11277/1/6 11283/1/6
f 11279/1/6 11280/1/6 11285/1/6
f 11285/1/6 11280/1/6 11286/1/6
f 11281/1/6 11282/1/6 11288/1/6
f 11288/1/6 11282/1/6 11289/1/6
f 11283/1/6 11277/1/6 11290/1/6
f 11290/1/6 11277/1/6 11291/1/6
f 11291/1/6 11277/1/6 11292/1/6
f 11286/1/6 11287/1/6 11295/1/6
f 11284/1/6 11285/1/6 11295/1/6
f 11285/1/6 11286/1/6 11295/1/6
f 11295/1/6 11287/1/6 11296/1/6
f 11292/1/6 11293/1/6 11299/1/6
f 11291/1/6 11292/1/6 11299/1/6
f 11299/1/6 11293/1/6 11300/1/6
f 11274/1/6 11275/1/6 11302/1/6
f 11267/1/6 11257/1/6 11302/1/6
f 11275/1/6 11267/1/6 11302/1/6
f 11296/1/6 11297/1/6 11303/1/6
f 11295/1/6 11296/1/6 11303/1/6
f 11294/1/6 11295/1/6 11303/1/6
f 11303/1/6 11297/1/6 11304/1/6
f 11300/1/6 11301/1/6 11306/1/6
f 11299/1/6 11300/1/6 11306/1/6
f 11298/1/6 11299/1/6 11306/1/6
f 11306/1/6 11301/1/6 11307/1/6
f 11304/1/6 11305/1/6 11309/1/6
f 11303/1/6 11304/1/6 11309/1/6
f 11302/1/6 11303/1/6 11309/1/6
f 11274/1/6 11302/1/6 11309/1/6
f 11309/1/6 11305/1/6 11310/1/6
f 11310/1/6 11305/1/6 11311/1/6
f 11311/1/6 11305/1/6 11312/1/6
f 11312/1/6 11305/1/6 11313/1/6
f 11307/1/6 11301/1/6 11315/1/6
f 11315/1/6 11301/1/6 11316/1/6
f 11308/1/6 11309/1/6 11318/1/6
f 11309/1/6 11310/1/6 11318/1/6
f 11311/1/6 11312/1/6 11320/1/6
f 11320/1/6 11312/1/6 11321/1/6
f 11316/1/6 11317/1/6 11323/1/6
f 11315/1/6 11316/1/6 11323/1/6
f 11314/1/6 11315/1/6 11323/1/6
f 11308/1/6 11318/1/6 11325/1/6
f 11318/1/6 11319/1/6 11325/1/6
f 11325/1/6 11319/1/6 11326/1/6
f 11322/1/6 11323/1/6 11328/1/6
f 11323/1/6 11317/1/6 11329/1/6
f 11328/1/6 11323/1/6 11329/1/6
f 11326/1/6 11327/1/6 11331/1/6
f 11324/1/6 11325/1/6 11331/1/6
f 11325/1/6 11326/1/6 11331/1/6
f 11331/1/6 11327/1/6 11332/1/6
f 11332/1/6 11327/1/6 11333/1/6
f 11333/1/6 11327/1/6 11334/1/6
f 11329/1/6 11317/1/6 11337/1/6
f 11330/1/6 11331/1/6 11338/1/6
f 11331/1/6 11332/1/6 11338/1/6
f 11334/1/6 11335/1/6 11339/1/6
f 11333/1/6 11334/1/6 11339/1/6
f 11339/1/6 11335/1/6 11340/1/6
f 11336/1/6 11337/1/6 11341/1/6
f 11341/1/6 11337/1/6 11342/1/6
f 11338/1/6 11339/1/6 11343/1/6
f 11342/1/6 11337/1/6 11345/1/6
f 11337/1/6 11317/1/6 11345/1/6
f 11330/1/6 11338/1/6 11347/1/6
f 11343/1/6 11344/1/6 11347/1/6
f 11338/1/6 11343/1/6 11347/1/6
f 11347/1/6 11344/1/6 11348/1/6
f 11348/1/6 11344/1/6 11349/1/6
f 11345/1/6 11346/1/6 11351/1/6
f 11342/1/6 11345/1/6 11351/1/6
f 11351/1/6 11346/1/6 11352/1/6
f 11330/1/6 11347/1/6 11353/1/6
f 11353/1/6 11347/1/6 11354/1/6
f 11352/1/6 11346/1/6 11355/1/6
f 11355/1/6 11346/1/6 11356/1/6
f 11330/1/6 11353/1/6 11358/1/6
f 11358/1/6 11353/1/6 11359/1/6
f 11349/1/6 11350/1/6 11362/1/6
f 11348/1/6 11349/1/6 11362/1/6
f 11356/1/6 11346/1/6 11363/1/6
f 11363/1/6 11346/1/6 11364/1/6
f 11359/1/6 11360/1/6 11365/1/6
f 11358/1/6 11359/1/6 11365/1/6
f 11357/1/6 11358/1/6 11365/1/6
f 11361/1/6 11362/1/6 11367/1/6
f 11362/1/6 11350/1/6 11367/1/6
f 11364/1/6 11346/1/6 11370/1/6
f 11365/1/6 11366/1/6 11371/1/6
f 11367/1/6 11368/1/6 11372/1/6
f 11361/1/6 11367/1/6 11372/1/6
f 11372/1/6 11368/1/6 11373/1/6
f 11369/1/6 11370/1/6 11375/1/6
f 11375/1/6 11370/1/6 11376/1/6
f 11365/1/6 11371/1/6 11378/1/6
f 11373/1/6 11374/1/6 11378/1/6
f 11357/1/6 11365/1/6 11378/1/6
f 11372/1/6 11373/1/6 11378/1/6
f 11371/1/6 11372/1/6 11378/1/6
f 11378/1/6 11374/1/6 11379/1/6
f 11379/1/6 11374/1/6 11380/1/6
f 11376/1/6 11370/1/6 11381/1/6
f 11381/1/6 11370/1/6 11382/1/6
f 11377/1/6 11378/1/6 11383/1/6
f 11378/1/6 11379/1/6 11383/1/6
f 11382/1/6 11370/1/6 11385/1/6
f 11370/1/6 11346/1/6 11386/1/6
f 11385/1/6 11370/1/6 11386/1/6
f 11383/1/6 11384/1/6 11387/1/6
f 11386/1/6 11346/1/6 11390/1/6
f 11387/1/6 11388/1/6 11391/1/6
f 11389/1/6 11390/1/6 11394/1/6
f 11391/1/6 11392/1/6 11395/1/6
f 11377/1/6 11383/1/6 11395/1/6
f 11383/1/6 11387/1/6 11395/1/6
f 11387/1/6 11391/1/6 11395/1/6
f 11395/1/6 11392/1/6 11396/1/6
f 11396/1/6 11392/1/6 11397/1/6
f 11397/1/6 11392/1/6 11398/1/6
f 11398/1/6 11392/1/6 11399/1/6
f 11393/1/6 11394/1/6 11400/1/6
f 11394/1/6 11390/1/6 11401/1/6
f 11390/1/6 11346/1/6 11401/1/6
f 11400/1/6 11394/1/6 11401/1/6
f 11401/1/6 11346/1/6 11402/1/6
f 11377/1/6 11395/1/6 11403/1/6
f 11403/1/6 11395/1/6 11404/1/6
f 11396/1/6 11397/1/6 11405/1/6
f 11405/1/6 11397/1/6 11406/1/6
f 11406/1/6 11397/1/6 11407/1/6
f 11398/1/6 11399/1/6 11408/1/6
f 11399/1/6 11400/1/6 11408/1/6
f 11400/1/6 11401/1/6 11408/1/6
f 11408/1/6 11401/1/6 11409/1/6
f 11409/1/6 11401/1/6 11410/1/6
f 11410/1/6 11401/1/6 11411/1/6
f 11377/1/6 11403/1/6 11412/1/6
f 11406/1/6 11407/1/6 11414/1/6
f 11407/1/6 11408/1/6 11414/1/6
f 11414/1/6 11408/1/6 11415/1/6
f 11409/1/6 11410/1/6 11416/1/6
f 11416/1/6 11410/1/6 11417/1/6
f 11411/1/6 11401/1/6 11418/1/6
f 11418/1/6 11401/1/6 11419/1/6
f 11412/1/6 11413/1/6 11420/1/6
f 11419/1/6 11401/1/6 11423/1/6
f 10824/7/6 10825/7/6 11424/7/6
f 11420/1/6 11421/1/6 11425/1/6
f 11422/1/6 11423/1/6 11427/1/6
f 11423/1/6 11401/1/6 11428/1/6
f 11427/1/6 11423/1/6 11428/1/6
f 11424/7/6 10825/7/6 11429/7/6
f 11429/7/6 10825/7/6 11430/7/6
f 11425/1/6 11426/1/6 11431/1/6
f 11428/1/6 11401/1/6 11433/1/6
f 11433/1/6 11401/1/6 11434/1/6
f 11429/8/6 11430/8/6 11435/8/6
f 11431/1/6 11432/1/6 11436/1/6
f 11434/1/6 11401/1/6 11438/1/6
f 11438/1/6 11401/1/6 11439/1/6
f 11439/1/6 11401/1/6 11440/1/6
f 11440/1/6 11401/1/6 11441/1/6
f 11435/8/6 11430/8/6 11442/8/6
f 11442/8/6 11430/8/6 11443/8/6
f 11377/1/6 11412/1/6 11444/1/6
f 11412/1/6 11420/1/6 11444/1/6
f 11420/1/6 11425/1/6 11444/1/6
f 11436/1/6 11437/1/6 11444/1/6
f 11425/1/6 11431/1/6 11444/1/6
f 11431/1/6 11436/1/6 11444/1/6
f 11444/1/6 11437/1/6 11445/1/6
f 11445/1/6 11437/1/6 11446/1/6
f 11439/1/6 11440/1/6 11447/1/6
f 11445/1/6 11446/1/6 11448/1/6
f 11446/1/6 11447/1/6 11448/1/6
f 11447/1/6 11440/1/6 11448/1/6
f 11448/1/6 11440/1/6 11449/1/6
f 11445/1/6 11448/1/6 11450/1/6
f 11450/1/6 11448/1/6 11451/1/6
f 11451/1/6 11448/1/6 11452/1/6
f 11452/1/6 11448/1/6 11453/1/6
f 11451/1/6 11452/1/6 11454/1/6
f 11454/1/6 11452/1/6 11455/1/6
f 11442/7/6 11443/7/6 11456/7/6
f 11456/7/6 11443/7/6 11457/7/6
f 11451/1/6 11454/1/6 11458/1/6
f 11455/1/6 11452/1/6 11460/1/6
f 11460/1/6 11452/1/6 11461/1/6
f 11461/1/6 11452/1/6 11462/1/6
f 11462/1/6 11452/1/6 11463/1/6
f 11456/4/6 11457/4/6 11464/4/6
f 11458/1/6 11459/1/6 11465/1/6
f 11451/1/6 11458/1/6 11465/1/6
f 11465/1/6 11459/1/6 11466/1/6
f 11466/1/6 11459/1/6 11467/1/6
f 11461/1/6 11462/1/6 11469/1/6
f 11469/1/6 11462/1/6 11470/1/6
f 11470/1/6 11462/1/6 11471/1/6
f 11471/1/6 11462/1/6 11472/1/6
f 11467/1/6 11468/1/6 11473/1/6
f 11466/1/6 11467/1/6 11473/1/6
f 11473/1/6 11468/1/6 11474/1/6
f 11474/1/6 11468/1/6 11475/1/6
f 11470/1/6 11471/1/6 11477/1/6
f 11477/1/6 11471/1/6 11478/1/6
f 11478/1/6 11471/1/6 11479/1/6
f 11472/1/6 11462/1/6 11481/1/6
f 11481/1/6 11462/1/6 11482/1/6
f 11482/1/6 11462/1/6 11483/1/6
f 11483/1/6 11462/1/6 11484/1/6
f 11475/1/6 11476/1/6 11485/1/6
f 11474/1/6 11475/1/6 11485/1/6
f 11479/1/6 11480/1/6 11487/1/6
f 11478/1/6 11479/1/6 11487/1/6
f 11487/1/6 11480/1/6 11488/1/6
f 11485/1/6 11486/1/6 11489/1/6
f 11470/1/6 11477/1/6 11492/1/6
f 11492/1/6 11477/1/6 11493/1/6
f 11482/1/6 11483/1/6 11495/1/6
f 11495/1/6 11483/1/6 11496/1/6
f 11489/1/6 11490/1/6 11497/1/6
f 11474/1/6 11485/1/6 11497/1/6
f 11485/1/6 11489/1/6 11497/1/6
f 11497/1/6 11490/1/6 11498/1/6
f 11498/1/6 11490/1/6 11499/1/6
f 11493/1/6 11494/1/6 11502/1/6
f 11492/1/6 11493/1/6 11502/1/6
f 11491/1/6 11492/1/6 11502/1/6
f 11502/1/6 11494/1/6 11503/1/6
f 11482/1/6 11495/1/6 11506/1/6
f 11506/1/6 11495/1/6 11507/1/6
f 11507/1/6 11495/1/6 11508/1/6
f 11499/1/6 11500/1/6 11509/1/6
f 11498/1/6 11499/1/6 11509/1/6
f 11509/1/6 11500/1/6 11510/1/6
f 11503/1/6 11504/1/6 11512/1/6
f 11501/1/6 11502/1/6 11512/1/6
f 11502/1/6 11503/1/6 11512/1/6
f 11512/1/6 11504/1/6 11513/1/6
f 11506/1/6 11507/1/6 11516/1/6
f 11505/1/6 11506/1/6 11516/1/6
f 11516/1/6 11507/1/6 11517/1/6
f 11517/1/6 11507/1/6 11518/1/6
f 11498/1/6 11509/1/6 11519/1/6
f 11519/1/6 11509/1/6 11520/1/6
f 11520/1/6 11509/1/6 11521/1/6
f 11521/1/6 11509/1/6 11522/1/6
f 11513/1/6 11514/1/6 11523/1/6
f 11512/1/6 11513/1/6 11523/1/6
f 11511/1/6 11512/1/6 11523/1/6
f 11516/1/6 11517/1/6 11524/1/6
f 11515/1/6 11516/1/6 11524/1/6
f 11524/1/6 11517/1/6 11525/1/6
f 11525/1/6 11517/1/6 11526/1/6
f 11520/1/6 11521/1/6 11527/1/6
f 11527/1/6 11521/1/6 11528/1/6
f 11528/1/6 11521/1/6 11529/1/6
f 11529/1/6 11521/1/6 11530/1/6
f 11524/1/6 11525/1/6 11531/1/6
f 11511/1/6 11523/1/6 11531/1/6
f 11523/1/6 11524/1/6 11531/1/6
f 11531/1/6 11525/1/6 11532/1/6
f 11532/1/6 11525/1/6 11533/1/6
f 11533/1/6 11525/1/6 11534/1/6
f 11528/1/6 11529/1/6 11535/1/6
f 11535/1/6 11529/1/6 11536/1/6
f 11532/1/6 11533/1/6 11537/1/6
f 11537/1/6 11533/1/6 11538/1/6
f 11538/1/6 11533/1/6 11539/1/6
f 11539/1/6 11533/1/6 11540/1/6
f 11536/1/6 11529/1/6 11541/1/6
f 11541/1/6 11529/1/6 11542/1/6
f 11538/1/6 11539/1/6 11543/1/6
f 11543/1/6 11539/1/6 11544/1/6
f 11544/1/6 11539/1/6 11545/1/6
f 11545/1/6 11539/1/6 11546/1/6
f 11542/1/6 11529/1/6 11547/1/6
f 11547/1/6 11529/1/6 11548/1/6
f 11544/1/6 11545/1/6 11549/1/6
f 11549/1/6 11545/1/6 11550/1/6
f 11550/1/6 11545/1/6 11551/1/6
f 11551/1/6 11545/1/6 11552/1/6
f 11548/1/6 11529/1/6 11553/1/6
f 11553/1/6 11529/1/6 11554/1/6
f 11554/1/6 11529/1/6 11555/1/6
f 11550/1/6 11551/1/6 11557/1/6
f 11557/1/6 11551/1/6 11558/1/6
f 11558/1/6 11551/1/6 11559/1/6
f 11559/1/6 11551/1/6 11560/1/6
f 11555/1/6 11556/1/6 11561/1/6
f 11554/1/6 11555/1/6 11561/1/6
f 11561/1/6 11556/1/6 11562/1/6
f 11562/1/6 11556/1/6 11563/1/6
f 11558/1/6 11559/1/6 11566/1/6
f 11566/1/6 11559/1/6 11567/1/6
f 11567/1/6 11559/1/6 11568/1/6
f 11563/1/6 11564/1/6 11569/1/6
f 11562/1/6 11563/1/6 11569/1/6
f 11566/1/6 11567/1/6 11570/1/6
f 11565/1/6 11566/1/6 11570/1/6
f 11570/1/6 11567/1/6 11571/1/6
f 11571/1/6 11567/1/6 11572/1/6
f 11562/1/6 11569/1/6 11573/1/6
f 11569/1/6 11570/1/6 11573/1/6
f 11570/1/6 11571/1/6 11573/1/6
f 11573/1/6 11571/1/6 11574/1/6
f 11574/1/6 11571/1/6 11575/1/6
f 11575/1/6 11571/1/6 11576/1/6
f 11574/1/6 11575/1/6 11577/1/6
f 11577/1/6 11575/1/6 11578/1/6
f 11578/1/6 11575/1/6 11579/1/6
f 11579/1/6 11575/1/6 11580/1/6
f 11578/1/6 11579/1/6 11581/1/6
f 11581/1/6 11579/1/6 11582/1/6
f 11582/1/6 11579/1/6 11583/1/6
f 11583/1/6 11579/1/6 11584/1/6
f 11582/1/6 11583/1/6 11585/1/6
f 11585/1/6 11583/1/6 11586/1/6
f 11586/1/6 11583/1/6 11587/1/6
f 11587/1/6 11583/1/6 11588/1/6
f 11586/1/6 11587/1/6 11589/1/6
f 11589/1/6 11587/1/6 11590/1/6
f 11590/1/6 11587/1/6 11591/1/6
f 11591/1/6 11587/1/6 11592/1/6
f 11590/1/6 11591/1/6 11593/1/6
f 11593/1/6 11591/1/6 11594/1/6
f 11594/1/6 11591/1/6 11595/1/6
f 11595/1/6 11591/1/6 11596/1/6
f 11042/7/6 11048/7/6 11597/7/6
f 11597/7/6 11048/7/6 11598/7/6
f 11594/1/6 11595/1/6 11599/1/6
f 11599/1/6 11595/1/6 11600/1/6
f 11600/1/6 11595/1/6 11601/1/6
f 11601/1/6 11595/1/6 11602/1/6
f 11600/1/6 11601/1/6 11603/1/6
f 11603/1/6 11601/1/6 11604/1/6
f 11604/1/6 11601/1/6 11605/1/6
f 11605/1/6 11601/1/6 11606/1/6
f 11606/1/6 11601/1/6 11607/1/6
f 11607/1/6 11601/1/6 11608/1/6
f 11604/1/6 11605/1/6 11609/1/6
f 11609/1/6 11605/1/6 11610/1/6
f 11606/1/6 11607/1/6 11611/1/6
f 11611/1/6 11607/1/6 11612/1/6
f 11612/1/6 11607/1/6 11613/1/6
f 11613/1/6 11607/1/6 11614/1/6
f 11612/1/6 11613/1/6 11615/1/6
f 11615/1/6 11613/1/6 11616/1/6
f 11616/1/6 11613/1/6 11617/1/6
f 11617/1/6 11613/1/6 11618/1/6
f 11616/1/6 11617/1/6 11619/1/6
f 11619/1/6 11617/1/6 11620/1/6
f 11464/4/6 11457/4/6 11621/4/6
f 11621/4/6 11457/4/6 11622/4/6
f 11597/13/6 11598/13/6 11623/13/6
f 11623/13/6 11598/13/6 11624/13/6
f 11621/7/6 11622/7/6 11627/7/6
f 11627/7/6 11622/7/6 11628/7/6
f 11624/13/6 11625/13/6 11629/13/6
f 11629/13/6 11625/13/6 11630/13/6
f 11626/7/6 11627/7/6 11643/7/6
f 11643/7/6 11627/7/6 11644/7/6
f 11630/7/6 11631/7/6 11645/7/6
f 11631/13/6 11632/13/6 11646/13/6
f 11645/7/6 11631/7/6 11646/7/6
f 11632/7/6 11633/7/6 11647/7/6
f 11646/13/6 11632/13/6 11647/13/6
f 11633/13/6 11634/13/6 11648/13/6
f 11647/7/6 11633/7/6 11648/7/6
f 11634/7/6 11635/7/6 11649/7/6
f 11648/13/6 11634/13/6 11649/13/6
f 11635/7/6 11636/7/6 11649/7/6
f 11636/13/6 11637/13/6 11650/13/6
f 11649/7/6 11636/7/6 11650/7/6
f 11637/13/6 11638/13/6 11650/13/6
f 11638/7/6 11639/7/6 11651/7/6
f 11650/13/6 11638/13/6 11651/13/6
f 11639/7/6 11640/7/6 11651/7/6
f 11641/13/6 11642/13/6 11652/13/6
f 11651/7/6 11640/7/6 11652/7/6
f 11640/13/6 11641/13/6 11652/13/6
f 11642/7/6 11643/7/6 11653/7/6
f 11652/13/6 11642/13/6 11653/13/6
f 11653/7/6 11643/7/6 11654/7/6
f 11655/7/6 11656/7/6 11672/7/6
f 11672/7/6 11656/7/6 11673/7/6
f 11656/4/6 11657/4/6 11674/4/6
f 11673/7/6 11656/7/6 11674/7/6
f 11657/11/6 11658/11/6 11675/11/6
f 11674/4/6 11657/4/6 11675/4/6
f 11675/11/6 11658/11/6 11676/11/6
f 11676/11/6 11658/11/6 11677/11/6
f 11658/4/6 11659/4/6 11678/4/6
f 11677/11/6 11658/11/6 11678/11/6
f 11659/7/6 11660/7/6 11679/7/6
f 11678/4/6 11659/4/6 11679/4/6
f 11679/7/6 11660/7/6 11680/7/6
f 11661/7/6 11662/7/6 11682/7/6
f 11682/7/6 11662/7/6 11683/7/6
f 11683/7/6 11662/7/6 11684/7/6
f 11663/13/6 11664/13/6 11685/13/6
f 11685/13/6 11664/13/6 11686/13/6
f 11686/13/6 11664/13/6 11687/13/6
f 11687/13/6 11664/13/6 11688/13/6
f 11688/13/6 11664/13/6 11689/13/6
f 11664/9/6 11665/9/6 11690/9/6
f 11689/13/6 11664/13/6 11690/13/6
f 11665/7/6 11666/7/6 11691/7/6
f 11690/9/6 11665/9/6 11691/9/6
f 11666/11/6 11667/11/6 11692/11/6
f 11691/7/6 11666/7/6 11692/7/6
f 11692/11/6 11667/11/6 11693/11/6
f 11667/7/6 11668/7/6 11694/7/6
f 11693/11/6 11667/11/6 11694/11/6
f 11694/7/6 11668/7/6 11695/7/6
f 11668/10/6 11669/10/6 11696/10/6
f 11695/7/6 11668/7/6 11696/7/6
f 11696/10/6 11669/10/6 11697/10/6
f 11669/9/6 11670/9/6 11698/9/6
f 11697/10/6 11669/10/6 11698/10/6
f 11698/9/6 11670/9/6 11699/9/6
f 11699/9/6 11670/9/6 11700/9/6
f 11672/7/6 11673/7/6 11702/7/6
f 11671/7/6 11672/7/6 11702/7/6
f 11702/7/6 11673/7/6 11703/7/6
f 11682/7/6 11683/7/6 11705/7/6
f 11681/7/6 11682/7/6 11705/7/6
f 11705/7/6 11683/7/6 11706/7/6
f 11706/7/6 11683/7/6 11707/7/6
f 11685/13/6 11686/13/6 11708/13/6
f 11684/13/6 11685/13/6 11708/13/6
f 11708/13/6 11686/13/6 11709/13/6
f 11700/9/6 11701/9/6 11710/9/6
f 11699/9/6 11700/9/6 11710/9/6
f 11710/9/6 11701/9/6 11711/9/6
f 11705/7/6 11706/7/6 11712/7/6
f 11704/7/6 11705/7/6 11712/7/6
f 11712/7/6 11706/7/6 11713/7/6
f 11709/13/6 11686/13/6 11714/13/6
f 11714/13/6 11686/13/6 11715/13/6
f 11713/7/6 11706/7/6 11716/7/6
f 11716/7/6 11706/7/6 11717/7/6
f 11671/7/6 11702/7/6 11718/7/6
f 11718/7/6 11702/7/6 11719/7/6
f 11718/4/6 11719/4/6 11720/4/6
f 11721/1/6 11722/1/6 11724/1/6
f 11724/1/6 11722/1/6 11725/1/6
f 11723/1/6 11724/1/6 11728/1/6
f 11725/1/6 11726/1/6 11728/1/6
f 11724/1/6 11725/1/6 11728/1/6
f 11711/9/6 11701/9/6 11729/9/6
f 11727/1/6 11728/1/6 11731/1/6
f 11728/1/6 11726/1/6 11732/1/6
f 11731/1/6 11728/1/6 11732/1/6
f 11729/9/6 11701/9/6 11736/9/6
f 11736/9/6 11701/9/6 11737/9/6
f 11730/1/6 11731/1/6 11739/1/6
f 11731/1/6 11732/1/6 11739/1/6
f 11732/1/6 11733/1/6 11739/1/6
f 11734/1/6 11735/1/6 11741/1/6
f 11741/1/6 11735/1/6 11742/1/6
f 11738/1/6 11739/1/6 11745/1/6
f 11742/1/6 11743/1/6 11747/1/6
f 11740/1/6 11741/1/6 11747/1/6
f 11741/1/6 11742/1/6 11747/1/6
f 11747/1/6 11743/1/6 11748/1/6
f 11744/1/6 11745/1/6 11751/1/6
f 11739/1/6 11733/1/6 11752/1/6
f 11745/1/6 11739/1/6 11752/1/6
f 11751/1/6 11745/1/6 11752/1/6
f 11748/1/6 11749/1/6 11755/1/6
f 11746/1/6 11747/1/6 11755/1/6
f 11747/1/6 11748/1/6 11755/1/6
f 11755/1/6 11749/1/6 11756/1/6
f 11752/1/6 11753/1/6 11759/1/6
f 11750/1/6 11751/1/6 11759/1/6
f 11751/1/6 11752/1/6 11759/1/6
f 11756/1/6 11757/1/6 11761/1/6
f 11755/1/6 11756/1/6 11761/1/6
f 11754/1/6 11755/1/6 11761/1/6
f 11761/1/6 11757/1/6 11762/1/6
f 11758/1/6 11759/1/6 11765/1/6
f 11762/1/6 11763/1/6 11767/1/6
f 11760/1/6 11761/1/6 11767/1/6
f 11761/1/6 11762/1/6 11767/1/6
f 11767/1/6 11763/1/6 11768/1/6
f 11764/1/6 11765/1/6 11771/1/6
f 11768/1/6 11769/1/6 11773/1/6
f 11766/1/6 11767/1/6 11773/1/6
f 11767/1/6 11768/1/6 11773/1/6
f 11773/1/6 11769/1/6 11774/1/6
f 11770/1/6 11771/1/6 11777/1/6
f 11774/1/6 11775/1/6 11779/1/6
f 11772/1/6 11773/1/6 11779/1/6
f 11773/1/6 11774/1/6 11779/1/6
f 11779/1/6 11775/1/6 11780/1/6
f 11776/1/6 11777/1/6 11783/1/6
f 11780/1/6 11781/1/6 11784/1/6
f 11778/1/6 11779/1/6 11784/1/6
f 11779/1/6 11780/1/6 11784/1/6
f 11782/1/6 11783/1/6 11787/1/6
f 11784/1/6 11785/1/6 11789/1/6
f 11778/1/6 11784/1/6 11789/1/6
f 11789/1/6 11785/1/6 11790/1/6
f 11786/1/6 11787/1/6 11793/1/6
f 11790/1/6 11791/1/6 11795/1/6
f 11788/1/6 11789/1/6 11795/1/6
f 11789/1/6 11790/1/6 11795/1/6
f 11795/1/6 11791/1/6 11796/1/6
f 11796/1/6 11791/1/6 11797/1/6
f 11792/1/6 11793/1/6 11801/1/6
f 11794/1/6 11795/1/6 11802/1/6
f 11795/1/6 11796/1/6 11802/1/6
f 11802/1/6 11796/1/6 11803/1/6
f 11797/1/6 11791/1/6 11804/1/6
f 11804/1/6 11791/1/6 11805/1/6
f 11805/1/6 11791/1/6 11806/1/6
f 11800/1/6 11801/1/6 11809/1/6
f 11794/1/6 11802/1/6 11811/1/6
f 11811/1/6 11802/1/6 11812/1/6
f 11812/1/6 11802/1/6 11813/1/6
f 11806/1/6 11807/1/6 11814/1/6
f 11805/1/6 11806/1/6 11814/1/6
f 11814/1/6 11807/1/6 11815/1/6
f 11815/1/6 11807/1/6 11816/1/6
f 11811/1/6 11812/1/6 11819/1/6
f 11810/1/6 11811/1/6 11819/1/6
f 11819/1/6 11812/1/6 11820/1/6
f 11820/1/6 11812/1/6 11821/1/6
f 11816/1/6 11817/1/6 11822/1/6
f 11815/1/6 11816/1/6 11822/1/6
f 11822/1/6 11817/1/6 11823/1/6
f 11823/1/6 11817/1/6 11824/1/6
f 11808/1/6 11809/1/6 11827/1/6
f 11819/1/6 11820/1/6 11828/1/6
f 11818/1/6 11819/1/6 11828/1/6
f 11828/1/6 11820/1/6 11829/1/6
f 11824/1/6 11825/1/6 11830/1/6
f 11823/1/6 11824/1/6 11830/1/6
f 11830/1/6 11825/1/6 11831/1/6
f 11818/1/6 11828/1/6 11833/1/6
f 11833/1/6 11828/1/6 11834/1/6
f 11834/1/6 11828/1/6 11835/1/6
f 11831/1/6 11825/1/6 11836/1/6
f 11836/1/6 11825/1/6 11837/1/6
f 11837/1/6 11825/1/6 11838/1/6
f 11826/1/6 11827/1/6 11841/1/6
f 11759/1/6 11753/1/6 11842/1/6
f 11765/1/6 11759/1/6 11842/1/6
f 11841/1/6 11827/1/6 11842/1/6
f 11771/1/6 11765/1/6 11842/1/6
f 11777/1/6 11771/1/6 11842/1/6
f 11783/1/6 11777/1/6 11842/1/6
f 11787/1/6 11783/1/6 11842/1/6
f 11793/1/6 11787/1/6 11842/1/6
f 11801/1/6 11793/1/6 11842/1/6
f 11809/1/6 11801/1/6 11842/1/6
f 11827/1/6 11809/1/6 11842/1/6
f 11842/1/6 11753/1/6 11843/1/6
f 11833/1/6 11834/1/6 11844/1/6
f 11832/1/6 11833/1/6 11844/1/6
f 11844/1/6 11834/1/6 11845/1/6
f 11838/1/6 11839/1/6 11846/1/6
f 11837/1/6 11838/1/6 11846/1/6
f 11846/1/6 11839/1/6 11847/1/6
f 11840/1/6 11841/1/6 11849/1/6
f 11841/1/6 11842/1/6 11849/1/6
f 11847/1/6 11839/1/6 11850/1/6
f 11850/1/6 11839/1/6 11851/1/6
f 11851/1/6 11839/1/6 11852/1/6
f 11852/1/6 11853/1/6 11854/1/6
f 11851/1/6 11852/1/6 11854/1/6
f 11854/1/6 11853/1/6 11855/1/6
f 11848/1/6 11849/1/6 11857/1/6
f 11855/1/6 11853/1/6 11858/1/6
f 11858/1/6 11853/1/6 11859/1/6
f 11859/1/6 11853/1/6 11860/1/6
f 11860/1/6 11861/1/6 11862/1/6
f 11859/1/6 11860/1/6 11862/1/6
f 11862/1/6 11861/1/6 11863/1/6
f 11863/1/6 11861/1/6 11864/1/6
f 11864/1/6 11861/1/6 11865/1/6
f 11865/1/6 11861/1/6 11866/1/6
f 11856/1/6 11857/1/6 11868/1/6
f 11849/1/6 11842/1/6 11868/1/6
f 11857/1/6 11849/1/6 11868/1/6
f 11868/1/6 11842/1/6 11869/1/6
f 11866/1/6 11867/1/6 11870/1/6
f 11865/1/6 11866/1/6 11870/1/6
f 11870/1/6 11867/1/6 11871/1/6
f 11856/1/6 11868/1/6 11873/1/6
f 11871/1/6 11867/1/6 11874/1/6
f 11872/1/6 11873/1/6 11876/1/6
f 11873/1/6 11868/1/6 11876/1/6
f 11876/1/6 11868/1/6 11877/1/6
f 11872/1/6 11876/1/6 11879/1/6
f 11879/1/6 11876/1/6 11880/1/6
f 11878/1/6 11879/1/6 11880/1/6
f 11880/1/6 11876/1/6 11881/1/6
f 11874/1/6 11875/1/6 11884/1/6
f 11882/1/6 11883/1/6 11888/1/6
f 11886/1/6 11887/1/6 11893/1/6
f 11893/1/6 11887/1/6 11894/1/6
f 11888/1/6 11889/1/6 11898/1/6
f 11890/1/6 11891/1/6 11899/1/6
f 11899/1/6 11891/1/6 11900/1/6
f 11871/1/6 11874/1/6 11901/1/6
f 11884/1/6 11885/1/6 11901/1/6
f 11874/1/6 11884/1/6 11901/1/6
f 11901/1/6 11885/1/6 11902/1/6
f 11878/1/6 11880/1/6 11904/1/6
f 11904/1/6 11880/1/6 11905/1/6
f 11892/1/6 11893/1/6 11907/1/6
f 11893/1/6 11894/1/6 11907/1/6
f 11894/1/6 11895/1/6 11907/1/6
f 11907/1/6 11895/1/6 11908/1/6
f 11896/1/6 11897/1/6 11909/1/6
f 11909/1/6 11897/1/6 11910/1/6
f 11899/1/6 11900/1/6 11912/1/6
f 11898/1/6 11899/1/6 11912/1/6
f 11902/1/6 11903/1/6 11912/1/6
f 11901/1/6 11902/1/6 11912/1/6
f 11900/1/6 11901/1/6 11912/1/6
f 11878/1/6 11904/1/6 11914/1/6
f 11914/1/6 11904/1/6 11915/1/6
f 11910/1/6 11911/1/6 11916/1/6
f 11909/1/6 11910/1/6 11916/1/6
f 11908/1/6 11909/1/6 11916/1/6
f 11907/1/6 11908/1/6 11916/1/6
f 11906/1/6 11907/1/6 11916/1/6
f 11912/1/6 11913/1/6 11918/1/6
f 11878/1/6 11914/1/6 11920/1/6
f 11920/1/6 11914/1/6 11921/1/6
f 11916/1/6 11917/1/6 11922/1/6
f 11888/1/6 11898/1/6 11923/1/6
f 11918/1/6 11919/1/6 11923/1/6
f 11912/1/6 11918/1/6 11923/1/6
f 11882/1/6 11888/1/6 11923/1/6
f 11898/1/6 11912/1/6 11923/1/6
f 11922/1/6 11923/1/6 11924/1/6
f 11923/1/6 11919/1/6 11924/1/6
f 11878/1/6 11920/1/6 11926/1/6
f 11926/1/6 11920/1/6 11927/1/6
f 11916/1/6 11922/1/6 11929/1/6
f 11924/1/6 11925/1/6 11929/1/6
f 11906/1/6 11916/1/6 11929/1/6
f 11922/1/6 11924/1/6 11929/1/6
f 11878/1/6 11926/1/6 11930/1/6
f 11930/1/6 11926/1/6 11931/1/6
f 11878/1/6 11930/1/6 11932/1/6
f 11932/1/6 11930/1/6 11933/1/6
f 11928/1/6 11929/1/6 11934/1/6
f 11929/1/6 11925/1/6 11934/1/6
f 11934/1/6 11925/1/6 11935/1/6
f 11933/1/6 11930/1/6 11936/1/6
f 11936/1/6 11930/1/6 11937/1/6
f 11928/1/6 11934/1/6 11938/1/6
f 11938/1/6 11934/1/6 11939/1/6
f 11933/1/6 11936/1/6 11940/1/6
f 11940/1/6 11936/1/6 11941/1/6
f 11928/1/6 11938/1/6 11942/1/6
f 11942/1/6 11938/1/6 11943/1/6
f 11933/1/6 11940/1/6 11944/1/6
f 11944/1/6 11940/1/6 11945/1/6
f 11928/1/6 11942/1/6 11946/1/6
f 11946/1/6 11942/1/6 11947/1/6
f 11933/1/6 11944/1/6 11948/1/6
f 11948/1/6 11944/1/6 11949/1/6
f 11949/1/6 11944/1/6 11950/1/6
f 11950/1/6 11944/1/6 11951/1/6
f 11928/1/6 11946/1/6 11952/1/6
f 11952/1/6 11946/1/6 11953/1/6
f 11949/1/6 11950/1/6 11954/1/6
f 11954/1/6 11950/1/6 11955/1/6
f 11928/1/6 11952/1/6 11957/1/6
f 11957/1/6 11952/1/6 11958/1/6
f 11958/1/6 11952/1/6 11959/1/6
f 11949/1/6 11954/1/6 11960/1/6
f 11960/1/6 11954/1/6 11961/1/6
f 11957/1/6 11958/1/6 11963/1/6
f 11956/1/6 11957/1/6 11963/1/6
f 11963/1/6 11958/1/6 11964/1/6
f 11964/1/6 11958/1/6 11965/1/6
f 11949/1/6 11960/1/6 11966/1/6
f 11966/1/6 11960/1/6 11967/1/6
f 11967/1/6 11960/1/6 11968/1/6
f 11968/1/6 11960/1/6 11969/1/6
f 11963/1/6 11964/1/6 11970/1/6
f 11962/1/6 11963/1/6 11970/1/6
f 11970/1/6 11964/1/6 11971/1/6
f 11798/7/6 11799/7/6 11972/7/6
f 11967/1/6 11968/1/6 11973/1/6
f 11973/1/6 11968/1/6 11974/1/6
f 11962/1/6 11970/1/6 11975/1/6
f 11975/1/6 11970/1/6 11976/1/6
f 11967/1/6 11973/1/6 11977/1/6
f 11977/1/6 11973/1/6 11978/1/6
f 11962/1/6 11975/1/6 11979/1/6
f 11979/1/6 11975/1/6 11980/1/6
f 11967/1/6 11977/1/6 11981/1/6
f 11981/1/6 11977/1/6 11982/1/6
f 11982/1/6 11977/1/6 11983/1/6
f 11983/1/6 11977/1/6 11984/1/6
f 11962/1/6 11979/1/6 11985/1/6
f 11985/1/6 11979/1/6 11986/1/6
f 11982/1/6 11983/1/6 11987/1/6
f 11987/1/6 11983/1/6 11988/1/6
f 11962/1/6 11985/1/6 11989/1/6
f 11989/1/6 11985/1/6 11990/1/6
f 11982/1/6 11987/1/6 11991/1/6
f 11991/1/6 11987/1/6 11992/1/6
f 11992/1/6 11987/1/6 11993/1/6
f 11993/1/6 11987/1/6 11994/1/6
f 11962/1/6 11989/1/6 11995/1/6
f 11995/1/6 11989/1/6 11996/1/6
f 11996/1/6 11989/1/6 11997/1/6
f 11997/1/6 11989/1/6 11998/1/6
f 11972/7/6 11799/7/6 11999/7/6
f 11992/1/6 11993/1/6 12000/1/6
f 12000/1/6 11993/1/6 12001/1/6
f 11996/1/6 11997/1/6 12002/1/6
f 12002/1/6 11997/1/6 12003/1/6
f 12003/1/6 11997/1/6 12004/1/6
f 12004/1/6 11997/1/6 12005/1/6
f 11992/1/6 12000/1/6 12006/1/6
f 12006/1/6 12000/1/6 12007/1/6
f 12007/1/6 12000/1/6 12008/1/6
f 12008/1/6 12000/1/6 12009/1/6
f 12003/1/6 12004/1/6 12010/1/6
f 12010/1/6 12004/1/6 12011/1/6
f 12011/1/6 12004/1/6 12012/1/6
f 12012/1/6 12004/1/6 12013/1/6
f 12007/1/6 12008/1/6 12014/1/6
f 12014/1/6 12008/1/6 12015/1/6
f 12011/1/6 12012/1/6 12016/1/6
f 12016/1/6 12012/1/6 12017/1/6
f 12017/1/6 12012/1/6 12018/1/6
f 12018/1/6 12012/1/6 12019/1/6
f 12019/1/6 12012/1/6 12020/1/6
f 12020/1/6 12012/1/6 12021/1/6
f 12007/1/6 12014/1/6 12022/1/6
f 12022/1/6 12014/1/6 12023/1/6
f 12023/1/6 12014/1/6 12024/1/6
f 12024/1/6 12014/1/6 12025/1/6
f 12017/1/6 12018/1/6 12026/1/6
f 12026/1/6 12018/1/6 12027/1/6
f 12019/1/6 12020/1/6 12028/1/6
f 12028/1/6 12020/1/6 12029/1/6
f 12023/1/6 12024/1/6 12030/1/6
f 12030/1/6 12024/1/6 12031/1/6
f 12023/1/6 12030/1/6 12032/1/6
f 12032/1/6 12030/1/6 12033/1/6
f 12033/1/6 12030/1/6 12034/1/6
f 12034/1/6 12030/1/6 12035/1/6
f 12033/1/6 12034/1/6 12036/1/6
f 12036/1/6 12034/1/6 12037/1/6
f 12033/1/6 12036/1/6 12038/1/6
f 12038/1/6 12036/1/6 12039/1/6
f 11999/7/6 11799/7/6 12040/7/6
f 12040/7/6 11799/7/6 12041/7/6
f 11718/4/6 11720/4/6 12042/4/6
f 12042/4/6 11720/4/6 12043/4/6
f 12042/8/6 12043/8/6 12044/8/6
f 12044/8/6 12043/8/6 12045/8/6
f 12046/12/6 12047/12/6 12048/12/6
f 12048/12/6 12047/12/6 12049/12/6
f 12052/12/6 12053/12/6 12055/12/6
f 12055/12/6 12053/12/6 12056/12/6
f 12054/12/6 12055/12/6 12058/12/6
f 12056/12/6 12057/12/6 12058/12/6
f 12055/12/6 12056/12/6 12058/12/6
f 12058/12/6 12057/12/6 12059/12/6
f 12059/12/6 12057/12/6 12060/12/6
f 12060/12/6 12061/12/6 12062/12/6
f 12059/12/6 12060/12/6 12062/12/6
f 12062/12/6 12061/12/6 12063/12/6
f 12063/12/6 12061/12/6 12064/12/6
f 12064/12/6 12061/12/6 12065/12/6
f 12063/12/6 12064/12/6 12066/12/6
f 12066/12/6 12064/12/6 12067/12/6
f 12067/12/6 12064/12/6 12068/12/6
f 12069/1/6 12070/1/6 12071/1/6
f 12071/1/6 12072/1/6 12075/1/6
f 12073/1/6 12074/1/6 12078/1/6
f 12075/1/6 12076/1/6 12079/1/6
f 12077/1/6 12078/1/6 12083/1/6
f 12079/1/6 12080/1/6 12084/1/6
f 12081/1/6 12082/1/6 12087/1/6
f 12082/1/6 12083/1/6 12087/1/6
f 12084/1/6 12085/1/6 12088/1/6
f 12086/1/6 12087/1/6 12091/1/6
f 12088/1/6 12089/1/6 12092/1/6
f 12090/1/6 12091/1/6 12095/1/6
f 12092/1/6 12093/1/6 12096/1/6
f 12094/1/6 12095/1/6 12099/1/6
f 12096/1/6 12097/1/6 12100/1/6
f 12100/1/6 12101/1/6 12102/1/6
f 12102/1/6 12103/1/6 12104/1/6
f 12098/1/6 12099/1/6 12107/1/6
f 12069/1/6 12071/1/6 12108/1/6
f 12104/1/6 12105/1/6 12108/1/6
f 12071/1/6 12075/1/6 12108/1/6
f 12075/1/6 12079/1/6 12108/1/6
f 12102/1/6 12104/1/6 12108/1/6
f 12100/1/6 12102/1/6 12108/1/6
f 12096/1/6 12100/1/6 12108/1/6
f 12079/1/6 12084/1/6 12108/1/6
f 12084/1/6 12088/1/6 12108/1/6
f 12092/1/6 12096/1/6 12108/1/6
f 12088/1/6 12092/1/6 12108/1/6
f 12108/1/6 12105/1/6 12109/1/6
f 12109/1/6 12105/1/6 12110/1/6
f 12110/1/6 12111/1/6 12112/1/6
f 12109/1/6 12110/1/6 12112/1/6
f 12041/7/6 11799/7/6 12114/7/6
f 12114/7/6 11799/7/6 12115/7/6
f 12112/1/6 12113/1/6 12116/1/6
f 12114/4/6 12115/4/6 12117/4/6
f 12106/1/6 12107/1/6 12118/1/6
f 12107/1/6 12099/1/6 12119/1/6
f 12118/1/6 12107/1/6 12119/1/6
f 12116/1/6 12117/1/6 12120/1/6
f 12117/4/6 12115/4/6 12120/4/6
f 12120/4/6 12115/4/6 12121/4/6
f 12119/1/6 12099/1/6 12122/1/6
f 12122/1/6 12099/1/6 12123/1/6
f 12123/1/6 12099/1/6 12124/1/6
f 12099/1/6 12095/1/6 12125/1/6
f 12124/1/6 12099/1/6 12125/1/6
f 12109/1/6 12112/1/6 12126/1/6
f 12112/1/6 12116/1/6 12126/1/6
f 12116/1/6 12120/1/6 12126/1/6
f 12126/1/6 12120/1/6 12127/1/6
f 12125/1/6 12095/1/6 12128/1/6
f 12095/1/6 12091/1/6 12129/1/6
f 12128/1/6 12095/1/6 12129/1/6
f 12078/1/6 12074/1/6 12130/1/6
f 12129/1/6 12091/1/6 12130/1/6
f 12083/1/6 12078/1/6 12130/1/6
f 12087/1/6 12083/1/6 12130/1/6
f 12091/1/6 12087/1/6 12130/1/6
f 12130/1/6 12074/1/6 12131/1/6
f 12127/1/6 12120/1/6 12132/1/6
f 12132/1/6 12120/1/6 12133/1/6
f 12133/1/6 12120/1/6 12134/1/6
f 12120/7/6 12121/7/6 12135/7/6
f 12134/1/6 12120/1/6 12135/1/6
f 12135/7/6 12121/7/6 12136/7/6
f 12129/1/6 12130/1/6 12137/1/6
f 12137/1/6 12130/1/6 12138/1/6
f 12133/1/6 12134/1/6 12139/1/6
f 12139/1/6 12134/1/6 12140/1/6
f 12140/1/6 12134/1/6 12141/1/6
f 12141/1/6 12134/1/6 12142/1/6
f 12142/1/6 12134/1/6 12143/1/6
f 12143/1/6 12134/1/6 12144/1/6
f 12138/1/6 12130/1/6 12145/1/6
f 12145/1/6 12130/1/6 12146/1/6
f 12146/1/6 12130/1/6 12147/1/6
f 12140/1/6 12141/1/6 12148/1/6
f 12148/1/6 12141/1/6 12149/1/6
f 12142/1/6 12143/1/6 12150/1/6
f 12150/1/6 12143/1/6 12151/1/6
f 12151/1/6 12143/1/6 12152/1/6
f 12152/1/6 12143/1/6 12153/1/6
f 12153/1/6 12143/1/6 12154/1/6
f 12154/1/6 12143/1/6 12155/1/6
f 12147/1/6 12130/1/6 12156/1/6
f 12156/1/6 12130/1/6 12157/1/6
f 12151/1/6 12152/1/6 12158/1/6
f 12158/1/6 12152/1/6 12159/1/6
f 12159/1/6 12152/1/6 12160/1/6
f 12160/1/6 12152/1/6 12161/1/6
f 12153/1/6 12154/1/6 12162/1/6
f 12162/1/6 12154/1/6 12163/1/6
f 12157/1/6 12130/1/6 12164/1/6
f 12164/1/6 12130/1/6 12165/1/6
f 12159/1/6 12160/1/6 12166/1/6
f 12166/1/6 12160/1/6 12167/1/6
f 12167/1/6 12160/1/6 12168/1/6
f 12168/1/6 12160/1/6 12169/1/6
f 12165/1/6 12130/1/6 12170/1/6
f 12170/1/6 12130/1/6 12171/1/6
f 12167/1/6 12168/1/6 12172/1/6
f 12172/1/6 12168/1/6 12173/1/6
f 12171/1/6 12130/1/6 12174/1/6
f 12174/1/6 12130/1/6 12175/1/6
f 12175/1/6 12130/1/6 12176/1/6
f 12176/1/6 12130/1/6 12177/1/6
f 12175/1/6 12176/1/6 12178/1/6
f 12178/1/6 12176/1/6 12179/1/6
f 12179/1/6 12176/1/6 12180/1/6
f 12180/1/6 12176/1/6 12181/1/6
f 12181/1/6 12176/1/6 12182/1/6
f 12182/1/6 12176/1/6 12183/1/6
f 12050/7/6 12051/7/6 12184/7/6
f 12184/7/6 12051/7/6 12185/7/6
f 12135/4/6 12136/4/6 12186/4/6
f 12186/4/6 12136/4/6 12187/4/6
f 12187/4/6 12136/4/6 12188/4/6
f 12188/4/6 12136/4/6 12189/4/6
f 12189/4/6 12136/4/6 12190/4/6
f 12184/13/6 12185/13/6 12191/13/6
f 12189/7/6 12190/7/6 12194/7/6
f 12191/13/6 12192/13/6 12195/13/6
f 12184/13/6 12191/13/6 12195/13/6
f 12195/13/6 12192/13/6 12196/13/6
f 12196/13/6 12192/13/6 12197/13/6
f 12193/7/6 12194/7/6 12210/7/6
f 12194/7/6 12190/7/6 12211/7/6
f 12210/7/6 12194/7/6 12211/7/6
f 12211/7/6 12190/7/6 12212/7/6
f 12196/7/6 12197/7/6 12213/7/6
f 12197/7/6 12198/7/6 12213/7/6
f 12198/7/6 12199/7/6 12213/7/6
f 12199/7/6 12200/7/6 12213/7/6
f 12213/7/6 12200/7/6 12214/7/6
f 12201/7/6 12202/7/6 12215/7/6
f 12215/7/6 12202/7/6 12216/7/6
f 12204/7/6 12205/7/6 12217/7/6
f 12203/7/6 12204/7/6 12217/7/6
f 12217/7/6 12205/7/6 12218/7/6
f 12207/7/6 12208/7/6 12219/7/6
f 12206/7/6 12207/7/6 12219/7/6
f 12219/7/6 12208/7/6 12220/7/6
f 12209/7/6 12210/7/6 12221/7/6
f 12210/7/6 12211/7/6 12221/7/6
f 12221/7/6 12211/7/6 12222/7/6
f 12223/7/6 12224/7/6 12242/7/6
f 12224/4/6 12225/4/6 12243/4/6
f 12225/11/6 12226/11/6 12244/11/6
f 12243/4/6 12225/4/6 12244/4/6
f 12226/4/6 12227/4/6 12245/4/6
f 12244/11/6 12226/11/6 12245/11/6
f 12245/4/6 12227/4/6 12246/4/6
f 12229/7/6 12230/7/6 12248/7/6
f 12248/7/6 12230/7/6 12249/7/6
f 12231/4/6 12232/4/6 12251/4/6
f 12232/8/6 12233/8/6 12251/8/6
f 12233/13/6 12234/13/6 12252/13/6
f 12251/8/6 12233/8/6 12252/8/6
f 12252/13/6 12234/13/6 12253/13/6
f 12253/13/6 12234/13/6 12254/13/6
f 12234/9/6 12235/9/6 12255/9/6
f 12254/13/6 12234/13/6 12255/13/6
f 12235/7/6 12236/7/6 12256/7/6
f 12236/11/6 12237/11/6 12257/11/6
f 12256/7/6 12236/7/6 12257/7/6
f 12237/7/6 12238/7/6 12258/7/6
f 12238/10/6 12239/10/6 12259/10/6
f 12258/7/6 12238/7/6 12259/7/6
f 12259/10/6 12239/10/6 12260/10/6
f 12239/9/6 12240/9/6 12261/9/6
f 12260/10/6 12239/10/6 12261/10/6
f 12261/9/6 12240/9/6 12262/9/6
f 12224/4/6 12243/4/6 12264/4/6
f 12243/11/6 12244/11/6 12264/11/6
f 12244/11/6 12245/11/6 12264/11/6
f 12245/11/6 12246/11/6 12264/11/6
f 12264/11/6 12246/11/6 12265/11/6
f 12246/4/6 12227/4/6 12266/4/6
f 12265/11/6 12246/11/6 12266/11/6
f 12227/7/6 12228/7/6 12267/7/6
f 12266/4/6 12227/4/6 12267/4/6
f 12267/7/6 12228/7/6 12268/7/6
f 12249/7/6 12250/7/6 12270/7/6
f 12248/7/6 12249/7/6 12270/7/6
f 12247/7/6 12248/7/6 12270/7/6
f 12231/4/6 12251/4/6 12271/4/6
f 12251/4/6 12252/4/6 12271/4/6
f 12252/8/6 12253/8/6 12272/8/6
f 12271/4/6 12252/4/6 12272/4/6
f 12253/13/6 12254/13/6 12273/13/6
f 12272/8/6 12253/8/6 12273/8/6
f 12273/13/6 12254/13/6 12274/13/6
f 12274/13/6 12254/13/6 12275/13/6
f 12254/9/6 12255/9/6 12276/9/6
f 12275/13/6 12254/13/6 12276/13/6
f 12259/10/6 12260/10/6 12277/10/6
f 12258/10/6 12259/10/6 12277/10/6
f 12262/9/6 12263/9/6 12278/9/6
f 12277/10/6 12260/10/6 12278/10/6
f 12261/9/6 12262/9/6 12278/9/6
f 12260/9/6 12261/9/6 12278/9/6
f 12264/4/6 12265/4/6 12279/4/6
f 12224/4/6 12264/4/6 12279/4/6
f 12265/11/6 12266/11/6 12280/11/6
f 12279/4/6 12265/4/6 12280/4/6
f 12266/11/6 12267/11/6 12280/11/6
f 12280/11/6 12267/11/6 12281/11/6
f 12268/7/6 12269/7/6 12282/7/6
f 12281/11/6 12267/11/6 12282/11/6
f 12267/7/6 12268/7/6 12282/7/6
f 12282/7/6 12269/7/6 12283/7/6
f 12247/7/6 12270/7/6 12284/7/6
f 12270/7/6 12271/7/6 12284/7/6
f 12271/4/6 12272/4/6 12285/4/6
f 12284/7/6 12271/7/6 12285/7/6
f 12272/4/6 12273/4/6 12285/4/6
f 12273/8/6 12274/8/6 12286/8/6
f 12285/4/6 12273/4/6 12286/4/6
f 12274/13/6 12275/13/6 12287/13/6
f 12286/8/6 12274/8/6 12287/8/6
f 12287/13/6 12275/13/6 12288/13/6
f 12276/9/6 12255/9/6 12289/9/6
f 12255/9/6 12235/9/6 12289/9/6
f 12275/9/6 12276/9/6 12289/9/6
f 12235/7/6 12256/7/6 12290/7/6
f 12289/9/6 12235/9/6 12290/9/6
f 12290/7/6 12256/7/6 12291/7/6
f 12256/11/6 12257/11/6 12292/11/6
f 12291/7/6 12256/7/6 12292/7/6
f 12257/11/6 12237/11/6 12293/11/6
f 12292/11/6 12257/11/6 12293/11/6
f 12237/7/6 12258/7/6 12293/7/6
f 12293/7/6 12258/7/6 12294/7/6
f 12294/7/6 12258/7/6 12295/7/6
f 12258/10/6 12277/10/6 12296/10/6
f 12295/7/6 12258/7/6 12296/7/6
f 12296/10/6 12277/10/6 12297/10/6
f 12277/9/6 12278/9/6 12298/9/6
f 12297/10/6 12277/10/6 12298/10/6
f 12241/7/6 12242/7/6 12299/7/6
f 12224/4/6 12279/4/6 12299/4/6
f 12242/7/6 12224/7/6 12299/7/6
f 12299/4/6 12279/4/6 12300/4/6
f 12280/11/6 12281/11/6 12301/11/6
f 12300/4/6 12279/4/6 12301/4/6
f 12279/11/6 12280/11/6 12301/11/6
f 12301/11/6 12281/11/6 12302/11/6
f 12302/11/6 12281/11/6 12303/11/6
f 12281/4/6 12282/4/6 12304/4/6
f 12303/11/6 12281/11/6 12304/11/6
f 12282/4/6 12283/4/6 12304/4/6
f 12247/7/6 12284/7/6 12305/7/6
f 12284/4/6 12285/4/6 12306/4/6
f 12305/7/6 12284/7/6 12306/7/6
f 12286/4/6 12287/4/6 12306/4/6
f 12285/4/6 12286/4/6 12306/4/6
f 12288/13/6 12275/13/6 12307/13/6
f 12275/9/6 12289/9/6 12308/9/6
f 12307/13/6 12275/13/6 12308/13/6
f 12289/7/6 12290/7/6 12309/7/6
f 12290/7/6 12291/7/6 12309/7/6
f 12291/11/6 12292/11/6 12310/11/6
f 12309/7/6 12291/7/6 12310/7/6
f 12292/11/6 12293/11/6 12310/11/6
f 12293/11/6 12294/11/6 12310/11/6
f 12294/7/6 12295/7/6 12311/7/6
f 12310/11/6 12294/11/6 12311/11/6
f 12311/7/6 12295/7/6 12312/7/6
f 12295/10/6 12296/10/6 12313/10/6
f 12296/10/6 12297/10/6 12313/10/6
f 12297/9/6 12298/9/6 12314/9/6
f 12313/10/6 12297/10/6 12314/10/6
f 12283/7/6 12269/7/6 12315/7/6
f 12304/4/6 12283/4/6 12315/4/6
f 12303/4/6 12304/4/6 12315/4/6
f 12315/7/6 12269/7/6 12316/7/6
f 12316/7/6 12269/7/6 12317/7/6
f 12247/7/6 12305/7/6 12318/7/6
f 12318/7/6 12305/7/6 12319/7/6
f 12305/4/6 12306/4/6 12320/4/6
f 12319/7/6 12305/7/6 12320/7/6
f 12306/4/6 12287/4/6 12321/4/6
f 12320/4/6 12306/4/6 12321/4/6
f 12287/8/6 12288/8/6 12321/8/6
f 12288/13/6 12307/13/6 12322/13/6
f 12321/8/6 12288/8/6 12322/8/6
f 12322/13/6 12307/13/6 12323/13/6
f 12323/13/6 12307/13/6 12324/13/6
f 12307/9/6 12308/9/6 12325/9/6
f 12324/13/6 12307/13/6 12325/13/6
f 12309/11/6 12310/11/6 12326/11/6
f 12289/7/6 12309/7/6 12326/7/6
f 12310/11/6 12311/11/6 12326/11/6
f 12311/11/6 12312/11/6 12326/11/6
f 12326/11/6 12312/11/6 12327/11/6
f 12312/7/6 12295/7/6 12328/7/6
f 12327/11/6 12312/11/6 12328/11/6
f 12328/7/6 12295/7/6 12329/7/6
f 12329/7/6 12295/7/6 12330/7/6
f 12295/10/6 12313/10/6 12331/10/6
f 12330/7/6 12295/7/6 12331/7/6
f 12331/10/6 12313/10/6 12332/10/6
f 12313/9/6 12314/9/6 12333/9/6
f 12332/10/6 12313/10/6 12333/10/6
f 12302/11/6 12303/11/6 12334/11/6
f 12301/4/6 12302/4/6 12334/4/6
f 12300/4/6 12301/4/6 12334/4/6
f 12334/11/6 12303/11/6 12335/11/6
f 12335/11/6 12303/11/6 12336/11/6
f 12303/4/6 12315/4/6 12337/4/6
f 12336/11/6 12303/11/6 12337/11/6
f 12315/4/6 12316/4/6 12337/4/6
f 12316/7/6 12317/7/6 12338/7/6
f 12337/4/6 12316/4/6 12338/4/6
f 12317/7/6 12318/7/6 12338/7/6
f 12318/7/6 12319/7/6 12338/7/6
f 12338/7/6 12319/7/6 12339/7/6
f 12339/7/6 12319/7/6 12340/7/6
f 12319/4/6 12320/4/6 12341/4/6
f 12340/7/6 12319/7/6 12341/7/6
f 12320/4/6 12321/4/6 12341/4/6
f 12321/4/6 12322/4/6 12341/4/6
f 12322/8/6 12323/8/6 12342/8/6
f 12341/4/6 12322/4/6 12342/4/6
f 12323/13/6 12324/13/6 12343/13/6
f 12342/8/6 12323/8/6 12343/8/6
f 12343/13/6 12324/13/6 12344/13/6
f 12344/13/6 12324/13/6 12345/13/6
f 12324/9/6 12325/9/6 12346/9/6
f 12345/13/6 12324/13/6 12346/13/6
f 12326/7/6 12327/7/6 12347/7/6
f 12289/7/6 12326/7/6 12347/7/6
f 12347/7/6 12327/7/6 12348/7/6
f 12329/7/6 12330/7/6 12349/7/6
f 12328/11/6 12329/11/6 12349/11/6
f 12327/11/6 12328/11/6 12349/11/6
f 12349/7/6 12330/7/6 12350/7/6
f 12350/7/6 12330/7/6 12351/7/6
f 12331/10/6 12332/10/6 12352/10/6
f 12351/7/6 12330/7/6 12352/7/6
f 12330/10/6 12331/10/6 12352/10/6
f 12352/10/6 12332/10/6 12353/10/6
f 12332/9/6 12333/9/6 12354/9/6
f 12353/10/6 12332/10/6 12354/10/6
f 12299/7/6 12300/7/6 12355/7/6
f 12300/4/6 12334/4/6 12355/4/6
f 12334/4/6 12335/4/6 12355/4/6
f 12355/4/6 12335/4/6 12356/4/6
f 12356/4/6 12335/4/6 12357/4/6
f 12335/11/6 12336/11/6 12358/11/6
f 12357/4/6 12335/4/6 12358/4/6
f 12336/4/6 12337/4/6 12359/4/6
f 12358/11/6 12336/11/6 12359/11/6
f 12338/4/6 12339/4/6 12359/4/6
f 12337/4/6 12338/4/6 12359/4/6
f 12359/4/6 12339/4/6 12360/4/6
f 12339/7/6 12340/7/6 12361/7/6
f 12360/4/6 12339/4/6 12361/4/6
f 12361/7/6 12340/7/6 12362/7/6
f 12362/7/6 12340/7/6 12363/7/6
f 12340/4/6 12341/4/6 12364/4/6
f 12363/7/6 12340/7/6 12364/7/6
f 12341/4/6 12342/4/6 12364/4/6
f 12342/4/6 12343/4/6 12364/4/6
f 12344/13/6 12345/13/6 12365/13/6
f 12345/9/6 12346/9/6 12366/9/6
f 12365/13/6 12345/13/6 12366/13/6
f 12289/7/6 12347/7/6 12367/7/6
f 12347/10/6 12348/10/6 12368/10/6
f 12367/7/6 12347/7/6 12368/7/6
f 12348/7/6 12327/7/6 12369/7/6
f 12368/10/6 12348/10/6 12369/10/6
f 12369/7/6 12327/7/6 12370/7/6
f 12349/11/6 12350/11/6 12371/11/6
f 12350/7/6 12351/7/6 12372/7/6
f 12371/11/6 12350/11/6 12372/11/6
f 12352/10/6 12353/10/6 12373/10/6
f 12351/10/6 12352/10/6 12373/10/6
f 12353/9/6 12354/9/6 12374/9/6
f 12373/10/6 12353/10/6 12374/10/6
f 12355/7/6 12356/7/6 12375/7/6
f 12356/4/6 12357/4/6 12375/4/6
f 12375/4/6 12357/4/6 12376/4/6
f 12376/4/6 12357/4/6 12377/4/6
f 12359/11/6 12360/11/6 12378/11/6
f 12377/4/6 12357/4/6 12378/4/6
f 12357/11/6 12358/11/6 12378/11/6
f 12358/11/6 12359/11/6 12378/11/6
f 12361/4/6 12362/4/6 12379/4/6
f 12378/11/6 12360/11/6 12379/11/6
f 12360/4/6 12361/4/6 12379/4/6
f 12362/7/6 12363/7/6 12380/7/6
f 12379/4/6 12362/4/6 12380/4/6
f 12363/4/6 12364/4/6 12381/4/6
f 12380/7/6 12363/7/6 12381/7/6
f 12344/13/6 12365/13/6 12382/13/6
f 12343/8/6 12344/8/6 12382/8/6
f 12365/9/6 12366/9/6 12383/9/6
f 12382/13/6 12365/13/6 12383/13/6
f 12367/10/6 12368/10/6 12384/10/6
f 12370/7/6 12327/7/6 12384/7/6
f 12369/10/6 12370/10/6 12384/10/6
f 12368/10/6 12369/10/6 12384/10/6
f 12384/7/6 12327/7/6 12385/7/6
f 12349/11/6 12371/11/6 12386/11/6
f 12371/7/6 12372/7/6 12386/7/6
f 12372/7/6 12351/7/6 12387/7/6
f 12386/7/6 12372/7/6 12387/7/6
f 12387/7/6 12351/7/6 12388/7/6
f 12351/10/6 12373/10/6 12389/10/6
f 12388/7/6 12351/7/6 12389/7/6
f 12389/10/6 12373/10/6 12390/10/6
f 12373/9/6 12374/9/6 12391/9/6
f 12390/10/6 12373/10/6 12391/10/6
f 12375/7/6 12376/7/6 12392/7/6
f 12241/7/6 12299/7/6 12392/7/6
f 12299/7/6 12355/7/6 12392/7/6
f 12355/7/6 12375/7/6 12392/7/6
f 12376/4/6 12377/4/6 12393/4/6
f 12392/7/6 12376/7/6 12393/7/6
f 12378/11/6 12379/11/6 12394/11/6
f 12393/4/6 12377/4/6 12394/4/6
f 12377/11/6 12378/11/6 12394/11/6
f 12380/11/6 12381/11/6 12394/11/6
f 12379/11/6 12380/11/6 12394/11/6
f 12381/4/6 12364/4/6 12395/4/6
f 12394/11/6 12381/11/6 12395/11/6
f 12395/4/6 12364/4/6 12396/4/6
f 12364/4/6 12343/4/6 12397/4/6
f 12396/4/6 12364/4/6 12397/4/6
f 12382/8/6 12383/8/6 12397/8/6
f 12343/8/6 12382/8/6 12397/8/6
f 12383/9/6 12366/9/6 12398/9/6
f 12397/8/6 12383/8/6 12398/8/6
f 12366/9/6 12346/9/6 12399/9/6
f 12398/9/6 12366/9/6 12399/9/6
f 12289/7/6 12367/7/6 12400/7/6
f 12367/10/6 12384/10/6 12401/10/6
f 12400/7/6 12367/7/6 12401/7/6
f 12384/10/6 12385/10/6 12401/10/6
f 12385/7/6 12327/7/6 12402/7/6
f 12401/10/6 12385/10/6 12402/10/6
f 12402/7/6 12327/7/6 12403/7/6
f 12387/7/6 12388/7/6 12404/7/6
f 12386/11/6 12387/11/6 12404/11/6
f 12404/7/6 12388/7/6 12405/7/6
f 12388/10/6 12389/10/6 12406/10/6
f 12389/10/6 12390/10/6 12406/10/6
f 12390/9/6 12391/9/6 12407/9/6
f 12406/10/6 12390/10/6 12407/10/6
f 12241/7/6 12392/7/6 12408/7/6
f 12395/11/6 12396/11/6 12408/11/6
f 12392/11/6 12393/11/6 12408/11/6
f 12394/11/6 12395/11/6 12408/11/6
f 12393/11/6 12394/11/6 12408/11/6
f 12408/11/6 12396/11/6 12409/11/6
f 12409/11/6 12396/11/6 12410/11/6
f 12396/4/6 12397/4/6 12411/4/6
f 12410/11/6 12396/11/6 12411/11/6
f 12397/4/6 12398/4/6 12411/4/6
f 12289/7/6 12400/7/6 12412/7/6
f 12400/10/6 12401/10/6 12413/10/6
f 12412/7/6 12400/7/6 12413/7/6
f 12401/10/6 12402/10/6 12413/10/6
f 12402/10/6 12403/10/6 12413/10/6
f 12403/7/6 12327/7/6 12414/7/6
f 12413/10/6 12403/10/6 12414/10/6
f 12414/7/6 12327/7/6 12415/7/6
f 12405/7/6 12388/7/6 12416/7/6
f 12388/10/6 12406/10/6 12417/10/6
f 12416/7/6 12388/7/6 12417/7/6
f 12417/10/6 12406/10/6 12418/10/6
f 12406/9/6 12407/9/6 12419/9/6
f 12418/10/6 12406/10/6 12419/10/6
f 12409/11/6 12410/11/6 12420/11/6
f 12408/7/6 12409/7/6 12420/7/6
f 12420/11/6 12410/11/6 12421/11/6
f 12421/11/6 12410/11/6 12422/11/6
f 12410/4/6 12411/4/6 12423/4/6
f 12422/11/6 12410/11/6 12423/11/6
f 12411/4/6 12398/4/6 12424/4/6
f 12423/4/6 12411/4/6 12424/4/6
f 12398/8/6 12399/8/6 12424/8/6
f 12399/9/6 12346/9/6 12425/9/6
f 12424/8/6 12399/8/6 12425/8/6
f 12346/9/6 12325/9/6 12426/9/6
f 12425/9/6 12346/9/6 12426/9/6
f 12412/10/6 12413/10/6 12427/10/6
f 12415/7/6 12327/7/6 12427/7/6
f 12413/10/6 12414/10/6 12427/10/6
f 12414/10/6 12415/10/6 12427/10/6
f 12427/7/6 12327/7/6 12428/7/6
f 12421/11/6 12422/11/6 12429/11/6
f 12420/7/6 12421/7/6 12429/7/6
f 12429/11/6 12422/11/6 12430/11/6
f 12430/11/6 12422/11/6 12431/11/6
f 12431/11/6 12422/11/6 12432/11/6
f 12424/4/6 12425/4/6 12433/4/6
f 12432/11/6 12422/11/6 12433/11/6
f 12422/4/6 12423/4/6 12433/4/6
f 12423/4/6 12424/4/6 12433/4/6
f 12325/9/6 12308/9/6 12434/9/6
f 12289/7/6 12412/7/6 12434/7/6
f 12426/9/6 12325/9/6 12434/9/6
f 12308/9/6 12289/9/6 12434/9/6
f 12434/7/6 12412/7/6 12435/7/6
f 12435/7/6 12412/7/6 12436/7/6
f 12412/10/6 12427/10/6 12437/10/6
f 12436/7/6 12412/7/6 12437/7/6
f 12427/10/6 12428/10/6 12437/10/6
f 12428/7/6 12327/7/6 12438/7/6
f 12437/10/6 12428/10/6 12438/10/6
f 12438/7/6 12327/7/6 12439/7/6
f 12386/11/6 12404/11/6 12440/11/6
f 12439/7/6 12327/7/6 12440/7/6
f 12349/11/6 12386/11/6 12440/11/6
f 12404/11/6 12405/11/6 12440/11/6
f 12327/11/6 12349/11/6 12440/11/6
f 12440/11/6 12405/11/6 12441/11/6
f 12405/7/6 12416/7/6 12442/7/6
f 12441/11/6 12405/11/6 12442/11/6
f 12442/7/6 12416/7/6 12443/7/6
f 12417/10/6 12418/10/6 12444/10/6
f 12443/7/6 12416/7/6 12444/7/6
f 12416/10/6 12417/10/6 12444/10/6
f 12444/10/6 12418/10/6 12445/10/6
f 12418/9/6 12419/9/6 12446/9/6
f 12445/10/6 12418/10/6 12446/10/6
f 12419/9/6 12407/9/6 12447/9/6
f 12446/9/6 12419/9/6 12447/9/6
f 12430/4/6 12431/4/6 12448/4/6
f 12431/11/6 12432/11/6 12449/11/6
f 12448/4/6 12431/4/6 12449/4/6
f 12432/4/6 12433/4/6 12450/4/6
f 12449/11/6 12432/11/6 12450/11/6
f 12433/4/6 12425/4/6 12451/4/6
f 12450/4/6 12433/4/6 12451/4/6
f 12425/8/6 12426/8/6 12451/8/6
f 12426/9/6 12434/9/6 12452/9/6
f 12451/8/6 12426/8/6 12452/8/6
f 12434/9/6 12435/9/6 12452/9/6
f 12452/9/6 12435/9/6 12453/9/6
f 12438/10/6 12439/10/6 12454/10/6
f 12437/10/6 12438/10/6 12454/10/6
f 12436/10/6 12437/10/6 12454/10/6
f 12454/10/6 12439/10/6 12455/10/6
f 12440/7/6 12441/7/6 12456/7/6
f 12439/7/6 12440/7/6 12456/7/6
f 12442/11/6 12443/11/6 12457/11/6
f 12456/7/6 12441/7/6 12457/7/6
f 12441/11/6 12442/11/6 12457/11/6
f 12443/7/6 12444/7/6 12458/7/6
f 12457/11/6 12443/11/6 12458/11/6
f 12444/7/6 12445/7/6 12458/7/6
f 12458/7/6 12445/7/6 12459/7/6
f 12445/10/6 12446/10/6 12460/10/6
f 12459/7/6 12445/7/6 12460/7/6
f 12446/10/6 12447/10/6 12460/10/6
f 12460/10/6 12447/10/6 12461/10/6
f 12447/9/6 12407/9/6 12462/9/6
f 12461/10/6 12447/10/6 12462/10/6
f 12407/9/6 12391/9/6 12463/9/6
f 12462/9/6 12407/9/6 12463/9/6
f 12448/11/6 12449/11/6 12464/11/6
f 12430/4/6 12448/4/6 12464/4/6
f 12464/11/6 12449/11/6 12465/11/6
f 12449/4/6 12450/4/6 12466/4/6
f 12465/11/6 12449/11/6 12466/11/6
f 12451/4/6 12452/4/6 12466/4/6
f 12450/4/6 12451/4/6 12466/4/6
f 12466/4/6 12452/4/6 12467/4/6
f 12452/8/6 12453/8/6 12468/8/6
f 12467/4/6 12452/4/6 12468/4/6
f 12453/9/6 12435/9/6 12469/9/6
f 12468/8/6 12453/8/6 12469/8/6
f 12469/9/6 12435/9/6 12470/9/6
f 12435/7/6 12436/7/6 12471/7/6
f 12470/9/6 12435/9/6 12471/9/6
f 12471/7/6 12436/7/6 12472/7/6
f 12472/7/6 12436/7/6 12473/7/6
f 12436/10/6 12454/10/6 12474/10/6
f 12473/7/6 12436/7/6 12474/7/6
f 12474/10/6 12454/10/6 12475/10/6
f 12454/9/6 12455/9/6 12476/9/6
f 12475/10/6 12454/10/6 12476/10/6
f 12439/7/6 12456/7/6 12477/7/6
f 12458/11/6 12459/11/6 12478/11/6
f 12477/7/6 12456/7/6 12478/7/6
f 12457/11/6 12458/11/6 12478/11/6
f 12456/11/6 12457/11/6 12478/11/6
f 12461/10/6 12462/10/6 12479/10/6
f 12462/10/6 12463/10/6 12479/10/6
f 12460/7/6 12461/7/6 12479/7/6
f 12459/7/6 12460/7/6 12479/7/6
f 12479/10/6 12463/10/6 12480/10/6
f 12463/9/6 12391/9/6 12481/9/6
f 12480/10/6 12463/10/6 12481/10/6
f 12391/9/6 12374/9/6 12482/9/6
f 12481/9/6 12391/9/6 12482/9/6
f 12374/9/6 12354/9/6 12482/9/6
f 12464/4/6 12465/4/6 12483/4/6
f 12430/4/6 12464/4/6 12483/4/6
f 12429/7/6 12430/7/6 12483/7/6
f 12483/4/6 12465/4/6 12484/4/6
f 12484/4/6 12465/4/6 12485/4/6
f 12466/11/6 12467/11/6 12486/11/6
f 12485/4/6 12465/4/6 12486/4/6
f 12465/11/6 12466/11/6 12486/11/6
f 12467/4/6 12468/4/6 12487/4/6
f 12486/11/6 12467/11/6 12487/11/6
f 12468/4/6 12469/4/6 12487/4/6
f 12487/4/6 12469/4/6 12488/4/6
f 12471/9/6 12472/9/6 12489/9/6
f 12470/9/6 12471/9/6 12489/9/6
f 12472/7/6 12473/7/6 12489/7/6
f 12489/7/6 12473/7/6 12490/7/6
f 12473/10/6 12474/10/6 12491/10/6
f 12474/10/6 12475/10/6 12491/10/6
f 12475/9/6 12476/9/6 12492/9/6
f 12491/10/6 12475/10/6 12492/10/6
f 12439/7/6 12477/7/6 12493/7/6
f 12477/11/6 12478/11/6 12493/11/6
f 12493/11/6 12478/11/6 12494/11/6
f 12480/10/6 12481/10/6 12495/10/6
f 12479/7/6 12480/7/6 12495/7/6
f 12481/10/6 12482/10/6 12495/10/6
f 12495/10/6 12482/10/6 12496/10/6
f 12482/9/6 12354/9/6 12497/9/6
f 12496/10/6 12482/10/6 12497/10/6
f 12497/9/6 12354/9/6 12498/9/6
f 12484/4/6 12485/4/6 12499/4/6
f 12485/11/6 12486/11/6 12500/11/6
f 12499/4/6 12485/4/6 12500/4/6
f 12487/11/6 12488/11/6 12500/11/6
f 12486/11/6 12487/11/6 12500/11/6
f 12500/11/6 12488/11/6 12501/11/6
f 12488/4/6 12469/4/6 12502/4/6
f 12501/11/6 12488/11/6 12502/11/6
f 12469/8/6 12470/8/6 12503/8/6
f 12502/4/6 12469/4/6 12503/4/6
f 12489/9/6 12490/9/6 12504/9/6
f 12503/8/6 12470/8/6 12504/8/6
f 12470/9/6 12489/9/6 12504/9/6
f 12504/9/6 12490/9/6 12505/9/6
f 12490/7/6 12473/7/6 12506/7/6
f 12505/9/6 12490/9/6 12506/9/6
f 12506/7/6 12473/7/6 12507/7/6
f 12507/7/6 12473/7/6 12508/7/6
f 12473/10/6 12491/10/6 12509/10/6
f 12508/7/6 12473/7/6 12509/7/6
f 12509/10/6 12491/10/6 12510/10/6
f 12491/9/6 12492/9/6 12511/9/6
f 12510/10/6 12491/10/6 12511/10/6
f 12455/10/6 12439/10/6 12512/10/6
f 12493/7/6 12494/7/6 12512/7/6
f 12439/7/6 12493/7/6 12512/7/6
f 12512/7/6 12494/7/6 12513/7/6
f 12494/11/6 12478/11/6 12514/11/6
f 12513/7/6 12494/7/6 12514/7/6
f 12478/11/6 12459/11/6 12515/11/6
f 12514/11/6 12478/11/6 12515/11/6
f 12515/11/6 12459/11/6 12516/11/6
f 12516/11/6 12459/11/6 12517/11/6
f 12517/11/6 12459/11/6 12518/11/6
f 12495/7/6 12496/7/6 12519/7/6
f 12518/11/6 12459/11/6 12519/11/6
f 12459/7/6 12479/7/6 12519/7/6
f 12479/7/6 12495/7/6 12519/7/6
f 12497/10/6 12498/10/6 12520/10/6
f 12519/7/6 12496/7/6 12520/7/6
f 12496/10/6 12497/10/6 12520/10/6
f 12520/10/6 12498/10/6 12521/10/6
f 12498/9/6 12354/9/6 12522/9/6
f 12521/10/6 12498/10/6 12522/10/6
f 12354/9/6 12333/9/6 12523/9/6
f 12522/9/6 12354/9/6 12523/9/6
f 12484/4/6 12499/4/6 12524/4/6
f 12500/11/6 12501/11/6 12525/11/6
f 12524/4/6 12499/4/6 12525/4/6
f 12499/11/6 12500/11/6 12525/11/6
f 12501/4/6 12502/4/6 12526/4/6
f 12525/11/6 12501/11/6 12526/11/6
f 12502/4/6 12503/4/6 12526/4/6
f 12503/4/6 12504/4/6 12526/4/6
f 12526/4/6 12504/4/6 12527/4/6
f 12507/7/6 12508/7/6 12528/7/6
f 12505/9/6 12506/9/6 12528/9/6
f 12506/9/6 12507/9/6 12528/9/6
f 12509/10/6 12510/10/6 12529/10/6
f 12528/7/6 12508/7/6 12529/7/6
f 12508/10/6 12509/10/6 12529/10/6
f 12510/9/6 12511/9/6 12530/9/6
f 12529/10/6 12510/10/6 12530/10/6
f 12513/7/6 12514/7/6 12531/7/6
f 12512/10/6 12513/10/6 12531/10/6
f 12514/7/6 12515/7/6 12531/7/6
f 12531/7/6 12515/7/6 12532/7/6
f 12515/11/6 12516/11/6 12533/11/6
f 12532/7/6 12515/7/6 12533/7/6
f 12516/7/6 12517/7/6 12534/7/6
f 12533/11/6 12516/11/6 12534/11/6
f 12517/11/6 12518/11/6 12535/11/6
f 12534/7/6 12517/7/6 12535/7/6
f 12535/11/6 12518/11/6 12536/11/6
f 12521/10/6 12522/10/6 12537/10/6
f 12520/7/6 12521/7/6 12537/7/6
f 12518/7/6 12519/7/6 12537/7/6
f 12519/7/6 12520/7/6 12537/7/6
f 12522/10/6 12523/10/6 12537/10/6
f 12537/10/6 12523/10/6 12538/10/6
f 12523/9/6 12333/9/6 12539/9/6
f 12538/10/6 12523/10/6 12539/10/6
f 12333/9/6 12314/9/6 12540/9/6
f 12539/9/6 12333/9/6 12540/9/6
f 12420/7/6 12429/7/6 12541/7/6
f 12429/7/6 12483/7/6 12541/7/6
f 12241/7/6 12408/7/6 12541/7/6
f 12408/7/6 12420/7/6 12541/7/6
f 12483/7/6 12484/7/6 12541/7/6
f 12541/7/6 12484/7/6 12542/7/6
f 12524/11/6 12525/11/6 12543/11/6
f 12525/11/6 12526/11/6 12543/11/6
f 12526/11/6 12527/11/6 12543/11/6
f 12527/4/6 12504/4/6 12544/4/6
f 12543/11/6 12527/11/6 12544/11/6
f 12504/8/6 12505/8/6 12545/8/6
f 12544/4/6 12504/4/6 12545/4/6
f 12529/9/6 12530/9/6 12546/9/6
f 12545/8/6 12505/8/6 12546/8/6
f 12528/9/6 12529/9/6 12546/9/6
f 12505/9/6 12528/9/6 12546/9/6
f 12546/9/6 12530/9/6 12547/9/6
f 12530/9/6 12511/9/6 12548/9/6
f 12547/9/6 12530/9/6 12548/9/6
f 12492/9/6 12476/9/6 12548/9/6
f 12511/9/6 12492/9/6 12548/9/6
f 12455/10/6 12512/10/6 12548/10/6
f 12512/10/6 12531/10/6 12548/10/6
f 12476/9/6 12455/9/6 12548/9/6
f 12531/10/6 12532/10/6 12548/10/6
f 12548/10/6 12532/10/6 12549/10/6
f 12533/7/6 12534/7/6 12550/7/6
f 12549/10/6 12532/10/6 12550/10/6
f 12532/7/6 12533/7/6 12550/7/6
f 12535/7/6 12536/7/6 12550/7/6
f 12534/7/6 12535/7/6 12550/7/6
f 12550/7/6 12536/7/6 12551/7/6
f 12536/11/6 12518/11/6 12552/11/6
f 12551/7/6 12536/7/6 12552/7/6
f 12552/11/6 12518/11/6 12553/11/6
f 12553/11/6 12518/11/6 12554/11/6
f 12518/7/6 12537/7/6 12555/7/6
f 12554/11/6 12518/11/6 12555/11/6
f 12537/7/6 12538/7/6 12555/7/6
f 12538/10/6 12539/10/6 12556/10/6
f 12555/7/6 12538/7/6 12556/7/6
f 12539/10/6 12540/10/6 12556/10/6
f 12556/10/6 12540/10/6 12557/10/6
f 12540/9/6 12314/9/6 12558/9/6
f 12557/10/6 12540/10/6 12558/10/6
f 12298/9/6 12278/9/6 12559/9/6
f 12558/9/6 12314/9/6 12559/9/6
f 12314/9/6 12298/9/6 12559/9/6
f 12542/7/6 12484/7/6 12560/7/6
f 12541/4/6 12542/4/6 12560/4/6
f 12560/7/6 12484/7/6 12561/7/6
f 12550/10/6 12551/10/6 12562/10/6
f 12552/7/6 12553/7/6 12562/7/6
f 12551/7/6 12552/7/6 12562/7/6
f 12549/10/6 12550/10/6 12562/10/6
f 12562/7/6 12553/7/6 12563/7/6
f 12563/7/6 12553/7/6 12564/7/6
f 12553/11/6 12554/11/6 12565/11/6
f 12564/7/6 12553/7/6 12565/7/6
f 12565/11/6 12554/11/6 12566/11/6
f 12555/7/6 12556/7/6 12567/7/6
f 12566/11/6 12554/11/6 12567/11/6
f 12556/7/6 12557/7/6 12567/7/6
f 12554/7/6 12555/7/6 12567/7/6
f 12557/10/6 12558/10/6 12568/10/6
f 12567/7/6 12557/7/6 12568/7/6
f 12558/10/6 12559/10/6 12568/10/6
f 12568/10/6 12559/10/6 12569/10/6
f 12559/9/6 12278/9/6 12570/9/6
f 12569/10/6 12559/10/6 12570/10/6
f 12278/9/6 12263/9/6 12571/9/6
f 12570/9/6 12278/9/6 12571/9/6
f 12561/7/6 12484/7/6 12572/7/6
f 12560/4/6 12561/4/6 12572/4/6
f 12572/7/6 12484/7/6 12573/7/6
f 12524/11/6 12543/11/6 12574/11/6
f 12484/4/6 12524/4/6 12574/4/6
f 12574/11/6 12543/11/6 12575/11/6
f 12544/4/6 12545/4/6 12576/4/6
f 12545/4/6 12546/4/6 12576/4/6
f 12543/4/6 12544/4/6 12576/4/6
f 12546/8/6 12547/8/6 12577/8/6
f 12576/4/6 12546/4/6 12577/4/6
f 12548/9/6 12549/9/6 12578/9/6
f 12577/8/6 12547/8/6 12578/8/6
f 12547/9/6 12548/9/6 12578/9/6
f 12578/9/6 12549/9/6 12579/9/6
f 12562/10/6 12563/10/6 12580/10/6
f 12579/9/6 12549/9/6 12580/9/6
f 12549/10/6 12562/10/6 12580/10/6
f 12580/10/6 12563/10/6 12581/10/6
f 12565/11/6 12566/11/6 12582/11/6
f 12563/7/6 12564/7/6 12582/7/6
f 12564/11/6 12565/11/6 12582/11/6
f 12566/7/6 12567/7/6 12583/7/6
f 12582/11/6 12566/11/6 12583/11/6
f 12568/7/6 12569/7/6 12583/7/6
f 12567/7/6 12568/7/6 12583/7/6
f 12569/10/6 12570/10/6 12584/10/6
f 12583/7/6 12569/7/6 12584/7/6
f 12570/10/6 12571/10/6 12584/10/6
f 12584/10/6 12571/10/6 12585/10/6
f 12571/9/6 12263/9/6 12586/9/6
f 12585/10/6 12571/10/6 12586/10/6
f 12586/9/6 12263/9/6 12587/9/6
f 12587/9/6 12263/9/6 12588/9/6
f 12588/9/6 12263/9/6 12589/9/6
f 12543/4/6 12576/4/6 12590/4/6
f 12590/4/6 12576/4/6 12591/4/6
f 12577/8/6 12578/8/6 12592/8/6
f 12578/7/6 12579/7/6 12593/7/6
f 12592/8/6 12578/8/6 12593/8/6
f 12593/7/6 12579/7/6 12594/7/6
f 12580/9/6 12581/9/6 12595/9/6
f 12594/7/6 12579/7/6 12595/7/6
f 12579/9/6 12580/9/6 12595/9/6
f 12595/9/6 12581/9/6 12596/9/6
f 12563/7/6 12582/7/6 12597/7/6
f 12582/7/6 12583/7/6 12597/7/6
f 12584/7/6 12585/7/6 12597/7/6
f 12581/10/6 12563/10/6 12597/10/6
f 12583/7/6 12584/7/6 12597/7/6
f 12597/7/6 12585/7/6 12598/7/6
f 12586/10/6 12587/10/6 12599/10/6
f 12598/7/6 12585/7/6 12599/7/6
f 12585/10/6 12586/10/6 12599/10/6
f 12599/10/6 12587/10/6 12600/10/6
f 12587/9/6 12588/9/6 12601/9/6
f 12601/9/6 12588/9/6 12602/9/6
f 12589/9/6 12263/9/6 12603/9/6
f 12603/9/6 12263/9/6 12604/9/6
f 12575/11/6 12543/11/6 12605/11/6
f 12574/4/6 12575/4/6 12605/4/6
f 12605/11/6 12543/11/6 12606/11/6
f 12606/11/6 12543/11/6 12607/11/6
f 12543/4/6 12590/4/6 12608/4/6
f 12607/11/6 12543/11/6 12608/11/6
f 12608/4/6 12590/4/6 12609/4/6
f 12609/4/6 12590/4/6 12610/4/6
f 12596/9/6 12581/9/6 12611/9/6
f 12595/7/6 12596/7/6 12611/7/6
f 12594/7/6 12595/7/6 12611/7/6
f 12611/9/6 12581/9/6 12612/9/6
f 12599/7/6 12600/7/6 12613/7/6
f 12598/7/6 12599/7/6 12613/7/6
f 12597/10/6 12598/10/6 12613/10/6
f 12613/7/6 12600/7/6 12614/7/6
f 12614/7/6 12600/7/6 12615/7/6
f 12615/7/6 12600/7/6 12616/7/6
f 12600/10/6 12587/10/6 12617/10/6
f 12616/7/6 12600/7/6 12617/7/6
f 12587/9/6 12601/9/6 12618/9/6
f 12617/10/6 12587/10/6 12618/10/6
f 12618/9/6 12601/9/6 12619/9/6
f 12619/9/6 12601/9/6 12620/9/6
f 12604/9/6 12263/9/6 12621/9/6
f 12621/9/6 12263/9/6 12622/9/6
f 12572/4/6 12573/4/6 12623/4/6
f 12573/7/6 12484/7/6 12623/7/6
f 12623/7/6 12484/7/6 12624/7/6
f 12624/7/6 12484/7/6 12625/7/6
f 12484/4/6 12574/4/6 12626/4/6
f 12625/7/6 12484/7/6 12626/7/6
f 12574/4/6 12605/4/6 12626/4/6
f 12605/4/6 12606/4/6 12626/4/6
f 12626/4/6 12606/4/6 12627/4/6
f 12606/11/6 12607/11/6 12628/11/6
f 12627/4/6 12606/4/6 12628/4/6
f 12628/11/6 12607/11/6 12629/11/6
f 12608/4/6 12609/4/6 12630/4/6
f 12629/11/6 12607/11/6 12630/11/6
f 12607/4/6 12608/4/6 12630/4/6
f 12630/4/6 12609/4/6 12631/4/6
f 12631/4/6 12609/4/6 12632/4/6
f 12593/8/6 12594/8/6 12633/8/6
f 12611/7/6 12612/7/6 12634/7/6
f 12633/8/6 12594/8/6 12634/8/6
f 12594/7/6 12611/7/6 12634/7/6
f 12634/7/6 12612/7/6 12635/7/6
f 12635/7/6 12612/7/6 12636/7/6
f 12612/9/6 12581/9/6 12637/9/6
f 12636/7/6 12612/7/6 12637/7/6
f 12637/9/6 12581/9/6 12638/9/6
f 12613/10/6 12614/10/6 12639/10/6
f 12614/7/6 12615/7/6 12639/7/6
f 12639/7/6 12615/7/6 12640/7/6
f 12640/7/6 12615/7/6 12641/7/6
f 12615/8/6 12616/8/6 12642/8/6
f 12641/7/6 12615/7/6 12642/7/6
f 12616/7/6 12617/7/6 12643/7/6
f 12642/8/6 12616/8/6 12643/8/6
f 12618/7/6 12619/7/6 12643/7/6
f 12617/7/6 12618/7/6 12643/7/6
f 12643/7/6 12619/7/6 12644/7/6
f 12644/7/6 12619/7/6 12645/7/6
f 12624/7/6 12625/7/6 12647/7/6
f 12623/4/6 12624/4/6 12647/4/6
f 12647/7/6 12625/7/6 12648/7/6
f 12628/11/6 12629/11/6 12649/11/6
f 12627/11/6 12628/11/6 12649/11/6
f 12626/4/6 12627/4/6 12649/4/6
f 12625/4/6 12626/4/6 12649/4/6
f 12649/11/6 12629/11/6 12650/11/6
f 12630/4/6 12631/4/6 12651/4/6
f 12650/11/6 12629/11/6 12651/11/6
f 12629/4/6 12630/4/6 12651/4/6
f 12651/4/6 12631/4/6 12652/4/6
f 12652/4/6 12631/4/6 12653/4/6
f 12653/4/6 12631/4/6 12654/4/6
f 12635/7/6 12636/7/6 12655/7/6
f 12636/11/6 12637/11/6 12655/11/6
f 12655/11/6 12637/11/6 12656/11/6
f 12637/7/6 12638/7/6 12657/7/6
f 12656/11/6 12637/11/6 12657/11/6
f 12657/7/6 12638/7/6 12658/7/6
f 12638/9/6 12581/9/6 12659/9/6
f 12658/7/6 12638/7/6 12659/7/6
f 12659/9/6 12581/9/6 12660/9/6
f 12639/10/6 12640/10/6 12661/10/6
f 12660/9/6 12581/9/6 12661/9/6
f 12613/10/6 12639/10/6 12661/10/6
f 12581/10/6 12597/10/6 12661/10/6
f 12597/10/6 12613/10/6 12661/10/6
f 12661/10/6 12640/10/6 12662/10/6
f 12640/7/6 12641/7/6 12663/7/6
f 12662/10/6 12640/10/6 12663/10/6
f 12663/7/6 12641/7/6 12664/7/6
f 12664/7/6 12641/7/6 12665/7/6
f 12641/8/6 12642/8/6 12666/8/6
f 12665/7/6 12641/7/6 12666/7/6
f 12666/8/6 12642/8/6 12667/8/6
f 12643/8/6 12644/8/6 12668/8/6
f 12645/7/6 12646/7/6 12669/7/6
f 12668/8/6 12644/8/6 12669/8/6
f 12644/7/6 12645/7/6 12669/7/6
f 12669/7/6 12646/7/6 12670/7/6
f 12670/7/6 12646/7/6 12671/7/6
f 12648/7/6 12625/7/6 12673/7/6
f 12647/4/6 12648/4/6 12673/4/6
f 12673/7/6 12625/7/6 12674/7/6
f 12674/7/6 12625/7/6 12675/7/6
f 12649/4/6 12650/4/6 12676/4/6
f 12675/7/6 12625/7/6 12676/7/6
f 12625/4/6 12649/4/6 12676/4/6
f 12676/4/6 12650/4/6 12677/4/6
f 12650/11/6 12651/11/6 12678/11/6
f 12677/4/6 12650/4/6 12678/4/6
f 12651/11/6 12652/11/6 12678/11/6
f 12652/4/6 12653/4/6 12679/4/6
f 12679/4/6 12653/4/6 12680/4/6
f 12635/7/6 12655/7/6 12681/7/6
f 12655/7/6 12656/7/6 12681/7/6
f 12634/8/6 12635/8/6 12681/8/6
f 12656/11/6 12657/11/6 12682/11/6
f 12681/7/6 12656/7/6 12682/7/6
f 12657/11/6 12658/11/6 12682/11/6
f 12661/9/6 12662/9/6 12683/9/6
f 12659/7/6 12660/7/6 12683/7/6
f 12658/7/6 12659/7/6 12683/7/6
f 12660/9/6 12661/9/6 12683/9/6
f 12683/9/6 12662/9/6 12684/9/6
f 12662/10/6 12663/10/6 12685/10/6
f 12684/9/6 12662/9/6 12685/9/6
f 12663/10/6 12664/10/6 12685/10/6
f 12685/10/6 12664/10/6 12686/10/6
f 12664/7/6 12665/7/6 12687/7/6
f 12665/8/6 12666/8/6 12688/8/6
f 12687/7/6 12665/7/6 12688/7/6
f 12688/8/6 12666/8/6 12689/8/6
f 12669/8/6 12670/8/6 12690/8/6
f 12671/7/6 12672/7/6 12691/7/6
f 12690/8/6 12670/8/6 12691/8/6
f 12670/7/6 12671/7/6 12691/7/6
f 12691/7/6 12672/7/6 12692/7/6
f 12692/7/6 12672/7/6 12693/7/6
f 12674/7/6 12675/7/6 12695/7/6
f 12673/4/6 12674/4/6 12695/4/6
f 12695/7/6 12675/7/6 12696/7/6
f 12696/7/6 12675/7/6 12697/7/6
f 12676/4/6 12677/4/6 12698/4/6
f 12697/7/6 12675/7/6 12698/7/6
f 12675/4/6 12676/4/6 12698/4/6
f 12677/11/6 12678/11/6 12699/11/6
f 12698/4/6 12677/4/6 12699/4/6
f 12699/11/6 12678/11/6 12700/11/6
f 12700/11/6 12678/11/6 12701/11/6
f 12652/4/6 12679/4/6 12702/4/6
f 12701/11/6 12678/11/6 12702/11/6
f 12678/11/6 12652/11/6 12702/11/6
f 12702/4/6 12679/4/6 12703/4/6
f 12703/4/6 12679/4/6 12704/4/6
f 12634/8/6 12681/8/6 12705/8/6
f 12681/11/6 12682/11/6 12706/11/6
f 12705/8/6 12681/8/6 12706/8/6
f 12706/11/6 12682/11/6 12707/11/6
f 12707/11/6 12682/11/6 12708/11/6
f 12683/7/6 12684/7/6 12709/7/6
f 12685/9/6 12686/9/6 12709/9/6
f 12684/9/6 12685/9/6 12709/9/6
f 12709/9/6 12686/9/6 12710/9/6
f 12686/10/6 12664/10/6 12711/10/6
f 12710/9/6 12686/9/6 12711/9/6
f 12711/10/6 12664/10/6 12712/10/6
f 12664/7/6 12687/7/6 12713/7/6
f 12687/8/6 12688/8/6 12714/8/6
f 12713/7/6 12687/7/6 12714/7/6
f 12714/8/6 12688/8/6 12715/8/6
f 12691/8/6 12692/8/6 12716/8/6
f 12693/7/6 12694/7/6 12717/7/6
f 12716/8/6 12692/8/6 12717/8/6
f 12692/7/6 12693/7/6 12717/7/6
f 12717/7/6 12694/7/6 12718/7/6
f 12718/7/6 12694/7/6 12719/7/6
f 12696/7/6 12697/7/6 12721/7/6
f 12695/4/6 12696/4/6 12721/4/6
f 12697/4/6 12698/4/6 12722/4/6
f 12721/7/6 12697/7/6 12722/7/6
f 12699/4/6 12700/4/6 12722/4/6
f 12698/4/6 12699/4/6 12722/4/6
f 12722/4/6 12700/4/6 12723/4/6
f 12700/11/6 12701/11/6 12724/11/6
f 12723/4/6 12700/4/6 12724/4/6
f 12701/4/6 12702/4/6 12725/4/6
f 12724/11/6 12701/11/6 12725/11/6
f 12702/4/6 12703/4/6 12725/4/6
f 12725/4/6 12703/4/6 12726/4/6
f 12726/4/6 12703/4/6 12727/4/6
f 12727/4/6 12703/4/6 12728/4/6
f 12708/11/6 12682/11/6 12729/11/6
f 12707/7/6 12708/7/6 12729/7/6
f 12682/11/6 12658/11/6 12730/11/6
f 12729/11/6 12682/11/6 12730/11/6
f 12709/7/6 12710/7/6 12731/7/6
f 12730/11/6 12658/11/6 12731/11/6
f 12658/7/6 12683/7/6 12731/7/6
f 12683/7/6 12709/7/6 12731/7/6
f 12731/7/6 12710/7/6 12732/7/6
f 12711/9/6 12712/9/6 12733/9/6
f 12732/7/6 12710/7/6 12733/7/6
f 12710/9/6 12711/9/6 12733/9/6
f 12733/9/6 12712/9/6 12734/9/6
f 12664/7/6 12713/7/6 12735/7/6
f 12712/10/6 12664/10/6 12735/10/6
f 12735/7/6 12713/7/6 12736/7/6
f 12736/7/6 12713/7/6 12737/7/6
f 12713/8/6 12714/8/6 12738/8/6
f 12737/7/6 12713/7/6 12738/7/6
f 12738/8/6 12714/8/6 12739/8/6
f 12717/8/6 12718/8/6 12740/8/6
f 12719/7/6 12720/7/6 12741/7/6
f 12740/8/6 12718/8/6 12741/8/6
f 12718/7/6 12719/7/6 12741/7/6
f 12741/7/6 12720/7/6 12742/7/6
f 12742/7/6 12720/7/6 12743/7/6
f 12726/4/6 12727/4/6 12745/4/6
f 12745/4/6 12727/4/6 12746/4/6
f 12733/7/6 12734/7/6 12747/7/6
f 12731/11/6 12732/11/6 12747/11/6
f 12730/11/6 12731/11/6 12747/11/6
f 12732/7/6 12733/7/6 12747/7/6
f 12747/7/6 12734/7/6 12748/7/6
f 12734/9/6 12712/9/6 12749/9/6
f 12748/7/6 12734/7/6 12749/7/6
f 12749/9/6 12712/9/6 12750/9/6
f 12736/7/6 12737/7/6 12751/7/6
f 12737/8/6 12738/8/6 12752/8/6
f 12751/7/6 12737/7/6 12752/7/6
f 12752/8/6 12738/8/6 12753/8/6
f 12741/8/6 12742/8/6 12754/8/6
f 12743/7/6 12744/7/6 12755/7/6
f 12754/8/6 12742/8/6 12755/8/6
f 12742/7/6 12743/7/6 12755/7/6
f 12755/7/6 12744/7/6 12756/7/6
f 12756/7/6 12744/7/6 12757/7/6
f 12725/11/6 12726/11/6 12759/11/6
f 12722/4/6 12723/4/6 12759/4/6
f 12724/11/6 12725/11/6 12759/11/6
f 12723/11/6 12724/11/6 12759/11/6
f 12721/4/6 12722/4/6 12759/4/6
f 12759/11/6 12726/11/6 12760/11/6
f 12760/11/6 12726/11/6 12761/11/6
f 12726/4/6 12745/4/6 12762/4/6
f 12761/11/6 12726/11/6 12762/11/6
f 12762/4/6 12745/4/6 12763/4/6
f 12763/4/6 12745/4/6 12764/4/6
f 12729/7/6 12730/7/6 12765/7/6
f 12747/11/6 12748/11/6 12766/11/6
f 12765/7/6 12730/7/6 12766/7/6
f 12730/11/6 12747/11/6 12766/11/6
f 12766/11/6 12748/11/6 12767/11/6
f 12749/7/6 12750/7/6 12768/7/6
f 12767/11/6 12748/11/6 12768/11/6
f 12748/7/6 12749/7/6 12768/7/6
f 12750/9/6 12712/9/6 12769/9/6
f 12768/7/6 12750/7/6 12769/7/6
f 12769/9/6 12712/9/6 12770/9/6
f 12735/10/6 12736/10/6 12771/10/6
f 12770/9/6 12712/9/6 12771/9/6
f 12712/10/6 12735/10/6 12771/10/6
f 12771/10/6 12736/10/6 12772/10/6
f 12736/7/6 12751/7/6 12773/7/6
f 12751/8/6 12752/8/6 12774/8/6
f 12773/7/6 12751/7/6 12774/7/6
f 12774/8/6 12752/8/6 12775/8/6
f 12755/8/6 12756/8/6 12776/8/6
f 12757/7/6 12758/7/6 12777/7/6
f 12776/8/6 12756/8/6 12777/8/6
f 12756/7/6 12757/7/6 12777/7/6
f 12777/7/6 12758/7/6 12778/7/6
f 12778/7/6 12758/7/6 12779/7/6
f 12762/4/6 12763/4/6 12781/4/6
f 12761/4/6 12762/4/6 12781/4/6
f 12781/4/6 12763/4/6 12782/4/6
f 12729/7/6 12765/7/6 12783/7/6
f 12766/11/6 12767/11/6 12783/11/6
f 12765/11/6 12766/11/6 12783/11/6
f 12783/11/6 12767/11/6 12784/11/6
f 12767/7/6 12768/7/6 12785/7/6
f 12784/11/6 12767/11/6 12785/11/6
f 12769/7/6 12770/7/6 12785/7/6
f 12768/7/6 12769/7/6 12785/7/6
f 12785/7/6 12770/7/6 12786/7/6
f 12770/9/6 12771/9/6 12787/9/6
f 12786/7/6 12770/7/6 12787/7/6
f 12771/9/6 12772/9/6 12787/9/6
f 12787/9/6 12772/9/6 12788/9/6
f 12772/10/6 12736/10/6 12789/10/6
f 12788/9/6 12772/9/6 12789/9/6
f 12789/10/6 12736/10/6 12790/10/6
f 12736/7/6 12773/7/6 12791/7/6
f 12773/8/6 12774/8/6 12792/8/6
f 12791/7/6 12773/7/6 12792/7/6
f 12792/8/6 12774/8/6 12793/8/6
f 12777/8/6 12778/8/6 12794/8/6
f 12779/7/6 12780/7/6 12795/7/6
f 12794/8/6 12778/8/6 12795/8/6
f 12778/7/6 12779/7/6 12795/7/6
f 12795/7/6 12780/7/6 12796/7/6
f 12796/7/6 12780/7/6 12797/7/6
f 12760/11/6 12761/11/6 12799/11/6
f 12759/4/6 12760/4/6 12799/4/6
f 12799/11/6 12761/11/6 12800/11/6
f 12761/4/6 12781/4/6 12801/4/6
f 12800/11/6 12761/11/6 12801/11/6
f 12801/4/6 12781/4/6 12802/4/6
f 12802/4/6 12781/4/6 12803/4/6
f 12803/4/6 12781/4/6 12804/4/6
f 12783/7/6 12784/7/6 12805/7/6
f 12729/7/6 12783/7/6 12805/7/6
f 12785/11/6 12786/11/6 12806/11/6
f 12805/7/6 12784/7/6 12806/7/6
f 12784/11/6 12785/11/6 12806/11/6
f 12787/7/6 12788/7/6 12807/7/6
f 12806/11/6 12786/11/6 12807/11/6
f 12786/7/6 12787/7/6 12807/7/6
f 12807/7/6 12788/7/6 12808/7/6
f 12789/9/6 12790/9/6 12809/9/6
f 12808/7/6 12788/7/6 12809/7/6
f 12788/9/6 12789/9/6 12809/9/6
f 12809/9/6 12790/9/6 12810/9/6
f 12790/10/6 12736/10/6 12811/10/6
f 12810/9/6 12790/9/6 12811/9/6
f 12811/10/6 12736/10/6 12812/10/6
f 12812/10/6 12736/10/6 12813/10/6
f 12736/7/6 12791/7/6 12814/7/6
f 12813/10/6 12736/10/6 12814/10/6
f 12795/8/6 12796/8/6 12815/8/6
f 12797/7/6 12798/7/6 12816/7/6
f 12815/8/6 12796/8/6 12816/8/6
f 12796/7/6 12797/7/6 12816/7/6
f 12816/7/6 12798/7/6 12817/7/6
f 12817/7/6 12798/7/6 12818/7/6
f 12802/4/6 12803/4/6 12820/4/6
f 12820/4/6 12803/4/6 12821/4/6
f 12805/11/6 12806/11/6 12822/11/6
f 12729/7/6 12805/7/6 12822/7/6
f 12807/11/6 12808/11/6 12822/11/6
f 12806/11/6 12807/11/6 12822/11/6
f 12822/11/6 12808/11/6 12823/11/6
f 12809/7/6 12810/7/6 12824/7/6
f 12823/11/6 12808/11/6 12824/11/6
f 12808/7/6 12809/7/6 12824/7/6
f 12824/7/6 12810/7/6 12825/7/6
f 12811/9/6 12812/9/6 12826/9/6
f 12825/7/6 12810/7/6 12826/7/6
f 12810/9/6 12811/9/6 12826/9/6
f 12826/9/6 12812/9/6 12827/9/6
f 12812/10/6 12813/10/6 12828/10/6
f 12827/9/6 12812/9/6 12828/9/6
f 12828/10/6 12813/10/6 12829/10/6
f 12813/7/6 12814/7/6 12830/7/6
f 12814/7/6 12791/7/6 12830/7/6
f 12791/8/6 12792/8/6 12831/8/6
f 12830/7/6 12791/7/6 12831/7/6
f 12831/8/6 12792/8/6 12832/8/6
f 12816/8/6 12817/8/6 12833/8/6
f 12818/7/6 12819/7/6 12834/7/6
f 12833/8/6 12817/8/6 12834/8/6
f 12817/7/6 12818/7/6 12834/7/6
f 12834/7/6 12819/7/6 12835/7/6
f 12835/7/6 12819/7/6 12836/7/6
f 12799/4/6 12800/4/6 12838/4/6
f 12801/11/6 12802/11/6 12838/11/6
f 12800/11/6 12801/11/6 12838/11/6
f 12838/11/6 12802/11/6 12839/11/6
f 12802/4/6 12820/4/6 12840/4/6
f 12839/11/6 12802/11/6 12840/11/6
f 12840/4/6 12820/4/6 12841/4/6
f 12841/4/6 12820/4/6 12842/4/6
f 12842/4/6 12820/4/6 12843/4/6
f 12822/7/6 12823/7/6 12844/7/6
f 12824/11/6 12825/11/6 12844/11/6
f 12823/11/6 12824/11/6 12844/11/6
f 12844/11/6 12825/11/6 12845/11/6
f 12845/11/6 12825/11/6 12846/11/6
f 12826/7/6 12827/7/6 12847/7/6
f 12846/11/6 12825/11/6 12847/11/6
f 12825/7/6 12826/7/6 12847/7/6
f 12828/9/6 12829/9/6 12848/9/6
f 12847/7/6 12827/7/6 12848/7/6
f 12827/9/6 12828/9/6 12848/9/6
f 12848/9/6 12829/9/6 12849/9/6
f 12829/10/6 12813/10/6 12850/10/6
f 12849/9/6 12829/9/6 12850/9/6
f 12850/10/6 12813/10/6 12851/10/6
f 12851/10/6 12813/10/6 12852/10/6
f 12813/7/6 12830/7/6 12853/7/6
f 12852/10/6 12813/10/6 12853/10/6
f 12853/7/6 12830/7/6 12854/7/6
f 12830/8/6 12831/8/6 12855/8/6
f 12854/7/6 12830/7/6 12855/7/6
f 12855/8/6 12831/8/6 12856/8/6
f 12836/7/6 12837/7/6 12859/7/6
f 12835/7/6 12836/7/6 12859/7/6
f 12838/4/6 12839/4/6 12861/4/6
f 12840/11/6 12841/11/6 12861/11/6
f 12839/11/6 12840/11/6 12861/11/6
f 12861/11/6 12841/11/6 12862/11/6
f 12862/11/6 12841/11/6 12863/11/6
f 12841/4/6 12842/4/6 12864/4/6
f 12863/11/6 12841/11/6 12864/11/6
f 12864/4/6 12842/4/6 12865/4/6
f 12865/4/6 12842/4/6 12866/4/6
f 12822/7/6 12844/7/6 12867/7/6
f 12844/7/6 12845/7/6 12867/7/6
f 12845/11/6 12846/11/6 12868/11/6
f 12867/7/6 12845/7/6 12868/7/6
f 12848/7/6 12849/7/6 12869/7/6
f 12868/11/6 12846/11/6 12869/11/6
f 12846/7/6 12847/7/6 12869/7/6
f 12847/7/6 12848/7/6 12869/7/6
f 12869/7/6 12849/7/6 12870/7/6
f 12850/9/6 12851/9/6 12871/9/6
f 12870/7/6 12849/7/6 12871/7/6
f 12849/9/6 12850/9/6 12871/9/6
f 12871/9/6 12851/9/6 12872/9/6
f 12851/10/6 12852/10/6 12873/10/6
f 12872/9/6 12851/9/6 12873/9/6
f 12873/10/6 12852/10/6 12874/10/6
f 12874/10/6 12852/10/6 12875/10/6
f 12853/7/6 12854/7/6 12876/7/6
f 12875/10/6 12852/10/6 12876/10/6
f 12852/7/6 12853/7/6 12876/7/6
f 12857/4/6 12858/4/6 12878/4/6
f 12878/4/6 12858/4/6 12879/4/6
f 12834/8/6 12835/8/6 12881/8/6
f 12859/7/6 12860/7/6 12882/7/6
f 12881/8/6 12835/8/6 12882/8/6
f 12835/7/6 12859/7/6 12882/7/6
f 12882/7/6 12860/7/6 12883/7/6
f 12721/4/6 12759/4/6 12884/4/6
f 12759/4/6 12799/4/6 12884/4/6
f 12799/4/6 12838/4/6 12884/4/6
f 12861/4/6 12862/4/6 12884/4/6
f 12838/4/6 12861/4/6 12884/4/6
f 12884/4/6 12862/4/6 12885/4/6
f 12863/4/6 12864/4/6 12886/4/6
f 12864/4/6 12865/4/6 12886/4/6
f 12862/11/6 12863/11/6 12886/11/6
f 12886/4/6 12865/4/6 12887/4/6
f 12887/4/6 12865/4/6 12888/4/6
f 12888/4/6 12865/4/6 12889/4/6
f 12822/7/6 12867/7/6 12890/7/6
f 12867/11/6 12868/11/6 12890/11/6
f 12869/11/6 12870/11/6 12890/11/6
f 12868/11/6 12869/11/6 12890/11/6
f 12890/11/6 12870/11/6 12891/11/6
f 12871/7/6 12872/7/6 12892/7/6
f 12891/11/6 12870/11/6 12892/11/6
f 12870/7/6 12871/7/6 12892/7/6
f 12892/7/6 12872/7/6 12893/7/6
f 12873/9/6 12874/9/6 12894/9/6
f 12893/7/6 12872/7/6 12894/7/6
f 12872/9/6 12873/9/6 12894/9/6
f 12894/9/6 12874/9/6 12895/9/6
f 12874/10/6 12875/10/6 12896/10/6
f 12895/9/6 12874/9/6 12896/9/6
f 12896/10/6 12875/10/6 12897/10/6
f 12897/10/6 12875/10/6 12898/10/6
f 12875/7/6 12876/7/6 12899/7/6
f 12898/10/6 12875/10/6 12899/10/6
f 12876/7/6 12854/7/6 12900/7/6
f 12899/7/6 12876/7/6 12900/7/6
f 12854/8/6 12855/8/6 12901/8/6
f 12900/7/6 12854/7/6 12901/7/6
f 12901/8/6 12855/8/6 12902/8/6
f 12878/4/6 12879/4/6 12904/4/6
f 12879/4/6 12880/4/6 12904/4/6
f 12877/4/6 12878/4/6 12904/4/6
f 12904/4/6 12880/4/6 12905/4/6
f 12882/8/6 12883/8/6 12907/8/6
f 12883/7/6 12860/7/6 12908/7/6
f 12907/8/6 12883/8/6 12908/8/6
f 12908/7/6 12860/7/6 12909/7/6
f 12909/7/6 12860/7/6 12910/7/6
f 12910/7/6 12860/7/6 12911/7/6
f 12721/4/6 12884/4/6 12912/4/6
f 12884/11/6 12885/11/6 12913/11/6
f 12912/4/6 12884/4/6 12913/4/6
f 12885/4/6 12862/4/6 12914/4/6
f 12913/11/6 12885/11/6 12914/11/6
f 12914/4/6 12862/4/6 12915/4/6
f 12886/11/6 12887/11/6 12916/11/6
f 12915/4/6 12862/4/6 12916/4/6
f 12862/11/6 12886/11/6 12916/11/6
f 12887/4/6 12888/4/6 12917/4/6
f 12916/11/6 12887/11/6 12917/11/6
f 12890/7/6 12891/7/6 12918/7/6
f 12822/7/6 12890/7/6 12918/7/6
f 12892/11/6 12893/11/6 12919/11/6
f 12918/7/6 12891/7/6 12919/7/6
f 12891/11/6 12892/11/6 12919/11/6
f 12894/7/6 12895/7/6 12920/7/6
f 12919/11/6 12893/11/6 12920/11/6
f 12893/7/6 12894/7/6 12920/7/6
f 12920/7/6 12895/7/6 12921/7/6
f 12896/9/6 12897/9/6 12922/9/6
f 12897/10/6 12898/10/6 12922/10/6
f 12895/9/6 12896/9/6 12922/9/6
f 12922/10/6 12898/10/6 12923/10/6
f 12923/10/6 12898/10/6 12924/10/6
f 12898/7/6 12899/7/6 12925/7/6
f 12924/10/6 12898/10/6 12925/10/6
f 12899/7/6 12900/7/6 12925/7/6
f 12925/7/6 12900/7/6 12926/7/6
f 12900/8/6 12901/8/6 12927/8/6
f 12926/7/6 12900/7/6 12927/7/6
f 12927/8/6 12901/8/6 12928/8/6
f 12905/4/6 12906/4/6 12930/4/6
f 12904/4/6 12905/4/6 12930/4/6
f 12903/4/6 12904/4/6 12930/4/6
f 12930/4/6 12906/4/6 12931/4/6
f 12908/8/6 12909/8/6 12933/8/6
f 12909/7/6 12910/7/6 12934/7/6
f 12933/8/6 12909/8/6 12934/8/6
f 12934/7/6 12910/7/6 12935/7/6
f 12911/7/6 12860/7/6 12936/7/6
f 12910/11/6 12911/11/6 12936/11/6
f 12936/7/6 12860/7/6 12937/7/6
f 12915/4/6 12916/4/6 12938/4/6
f 12912/11/6 12913/11/6 12938/11/6
f 12914/11/6 12915/11/6 12938/11/6
f 12913/11/6 12914/11/6 12938/11/6
f 12916/4/6 12917/4/6 12938/4/6
f 12938/4/6 12917/4/6 12939/4/6
f 12917/4/6 12888/4/6 12940/4/6
f 12939/4/6 12917/4/6 12940/4/6
f 12940/4/6 12888/4/6 12941/4/6
f 12822/7/6 12918/7/6 12942/7/6
f 12918/11/6 12919/11/6 12943/11/6
f 12942/7/6 12918/7/6 12943/7/6
f 12920/11/6 12921/11/6 12943/11/6
f 12919/11/6 12920/11/6 12943/11/6
f 12922/9/6 12923/9/6 12944/9/6
f 12921/7/6 12895/7/6 12944/7/6
f 12895/9/6 12922/9/6 12944/9/6
f 12944/9/6 12923/9/6 12945/9/6
f 12923/10/6 12924/10/6 12946/10/6
f 12945/9/6 12923/9/6 12946/9/6
f 12946/10/6 12924/10/6 12947/10/6
f 12947/10/6 12924/10/6 12948/10/6
f 12925/7/6 12926/7/6 12949/7/6
f 12948/10/6 12924/10/6 12949/10/6
f 12924/7/6 12925/7/6 12949/7/6
f 12930/4/6 12931/4/6 12951/4/6
f 12929/4/6 12930/4/6 12951/4/6
f 12931/4/6 12932/4/6 12951/4/6
f 12951/4/6 12932/4/6 12952/4/6
f 12937/7/6 12860/7/6 12954/7/6
f 12936/11/6 12937/11/6 12954/11/6
f 12954/7/6 12860/7/6 12955/7/6
f 12938/11/6 12939/11/6 12956/11/6
f 12721/4/6 12912/4/6 12956/4/6
f 12912/11/6 12938/11/6 12956/11/6
f 12956/11/6 12939/11/6 12957/11/6
f 12939/4/6 12940/4/6 12958/4/6
f 12957/11/6 12939/11/6 12958/11/6
f 12958/4/6 12940/4/6 12959/4/6
f 12822/7/6 12942/7/6 12960/7/6
f 12942/11/6 12943/11/6 12960/11/6
f 12943/11/6 12921/11/6 12961/11/6
f 12960/11/6 12943/11/6 12961/11/6
f 12961/11/6 12921/11/6 12962/11/6
f 12944/7/6 12945/7/6 12963/7/6
f 12962/11/6 12921/11/6 12963/11/6
f 12921/7/6 12944/7/6 12963/7/6
f 12947/10/6 12948/10/6 12964/10/6
f 12945/9/6 12946/9/6 12964/9/6
f 12946/9/6 12947/9/6 12964/9/6
f 12964/10/6 12948/10/6 12965/10/6
f 12949/7/6 12926/7/6 12966/7/6
f 12966/7/6 12926/7/6 12967/7/6
f 12967/7/6 12926/7/6 12968/7/6
f 12926/8/6 12927/8/6 12969/8/6
f 12968/7/6 12926/7/6 12969/7/6
f 12969/8/6 12927/8/6 12970/8/6
f 12952/4/6 12953/4/6 12972/4/6
f 12951/4/6 12952/4/6 12972/4/6
f 12950/4/6 12951/4/6 12972/4/6
f 12972/4/6 12953/4/6 12973/4/6
f 12934/8/6 12935/8/6 12975/8/6
f 12935/7/6 12910/7/6 12976/7/6
f 12975/8/6 12935/8/6 12976/8/6
f 12976/7/6 12910/7/6 12977/7/6
f 12955/7/6 12860/7/6 12978/7/6
f 12954/11/6 12955/11/6 12978/11/6
f 12978/7/6 12860/7/6 12979/7/6
f 12958/11/6 12959/11/6 12980/11/6
f 12956/4/6 12957/4/6 12980/4/6
f 12957/11/6 12958/11/6 12980/11/6
f 12980/11/6 12959/11/6 12981/11/6
f 12959/4/6 12940/4/6 12982/4/6
f 12982/4/6 12940/4/6 12983/4/6
f 12706/8/6 12707/8/6 12985/8/6
f 12707/7/6 12729/7/6 12986/7/6
f 12822/7/6 12960/7/6 12986/7/6
f 12985/8/6 12707/8/6 12986/8/6
f 12729/7/6 12822/7/6 12986/7/6
f 12960/7/6 12961/7/6 12986/7/6
f 12961/11/6 12962/11/6 12987/11/6
f 12962/7/6 12963/7/6 12988/7/6
f 12987/11/6 12962/11/6 12988/11/6
f 12963/7/6 12945/7/6 12989/7/6
f 12988/7/6 12963/7/6 12989/7/6
f 12945/9/6 12964/9/6 12989/9/6
f 12989/9/6 12964/9/6 12990/9/6
f 12967/7/6 12968/7/6 12991/7/6
f 12968/8/6 12969/8/6 12992/8/6
f 12991/7/6 12968/7/6 12992/7/6
f 12992/8/6 12969/8/6 12993/8/6
f 12973/4/6 12974/4/6 12994/4/6
f 12972/4/6 12973/4/6 12994/4/6
f 12971/4/6 12972/4/6 12994/4/6
f 12994/4/6 12974/4/6 12995/4/6
f 12981/11/6 12959/11/6 12997/11/6
f 12959/4/6 12982/4/6 12998/4/6
f 12997/11/6 12959/11/6 12998/11/6
f 12998/4/6 12982/4/6 12999/4/6
f 12999/4/6 12982/4/6 13000/4/6
f 12986/7/6 12961/7/6 13001/7/6
f 12961/11/6 12987/11/6 13001/11/6
f 12985/7/6 12986/7/6 13001/7/6
f 12987/7/6 12988/7/6 13002/7/6
f 13001/11/6 12987/11/6 13002/11/6
f 12988/7/6 12989/7/6 13002/7/6
f 12989/13/6 12990/13/6 13003/13/6
f 13002/7/6 12989/7/6 13003/7/6
f 12990/9/6 12964/9/6 13004/9/6
f 13003/13/6 12990/13/6 13004/13/6
f 13004/9/6 12964/9/6 13005/9/6
f 12992/8/6 12993/8/6 13007/8/6
f 12995/4/6 12996/4/6 13008/4/6
f 12994/4/6 12995/4/6 13008/4/6
f 13007/8/6 12993/8/6 13008/8/6
f 12993/4/6 12994/4/6 13008/4/6
f 13008/4/6 12996/4/6 13009/4/6
f 12976/8/6 12977/8/6 13011/8/6
f 12977/7/6 12910/7/6 13012/7/6
f 13011/8/6 12977/8/6 13012/8/6
f 13012/7/6 12910/7/6 13013/7/6
f 12979/7/6 12860/7/6 13014/7/6
f 12978/11/6 12979/11/6 13014/11/6
f 13014/7/6 12860/7/6 13015/7/6
f 12981/11/6 12997/11/6 13016/11/6
f 12998/4/6 12999/4/6 13016/4/6
f 12997/4/6 12998/4/6 13016/4/6
f 13016/4/6 12999/4/6 13017/4/6
f 13001/7/6 13002/7/6 13018/7/6
f 13002/7/6 13003/7/6 13018/7/6
f 13003/7/6 13004/7/6 13018/7/6
f 13018/7/6 13004/7/6 13019/7/6
f 13005/9/6 12964/9/6 13020/9/6
f 13020/9/6 12964/9/6 13021/9/6
f 13006/4/6 13007/4/6 13022/4/6
f 13009/4/6 13010/4/6 13022/4/6
f 13008/4/6 13009/4/6 13022/4/6
f 13007/4/6 13008/4/6 13022/4/6
f 13013/7/6 12910/7/6 13024/7/6
f 12910/11/6 12936/11/6 13024/11/6
f 13014/11/6 13015/11/6 13024/11/6
f 12936/11/6 12954/11/6 13024/11/6
f 12954/11/6 12978/11/6 13024/11/6
f 12978/11/6 13014/11/6 13024/11/6
f 13024/11/6 13015/11/6 13025/11/6
f 13015/7/6 12860/7/6 13026/7/6
f 13025/11/6 13015/11/6 13026/11/6
f 13026/7/6 12860/7/6 13027/7/6
f 12981/11/6 13016/11/6 13028/11/6
f 13016/11/6 13017/11/6 13028/11/6
f 12980/4/6 12981/4/6 13028/4/6
f 13028/11/6 13017/11/6 13029/11/6
f 13029/11/6 13017/11/6 13030/11/6
f 13030/11/6 13017/11/6 13031/11/6
f 13031/11/6 13017/11/6 13032/11/6
f 13017/4/6 12999/4/6 13033/4/6
f 13032/11/6 13017/11/6 13033/11/6
f 13033/4/6 12999/4/6 13034/4/6
f 13034/4/6 12999/4/6 13035/4/6
f 12985/7/6 13001/7/6 13036/7/6
f 13001/7/6 13018/7/6 13036/7/6
f 13018/11/6 13019/11/6 13037/11/6
f 13036/7/6 13018/7/6 13037/7/6
f 13037/11/6 13019/11/6 13038/11/6
f 13019/7/6 13004/7/6 13039/7/6
f 13038/11/6 13019/11/6 13039/11/6
f 13021/9/6 12964/9/6 13040/9/6
f 13040/9/6 12964/9/6 13041/9/6
f 13022/4/6 13023/4/6 13043/4/6
f 13006/4/6 13022/4/6 13043/4/6
f 13043/4/6 13023/4/6 13044/4/6
f 13012/8/6 13013/8/6 13046/8/6
f 13024/7/6 13025/7/6 13047/7/6
f 13046/8/6 13013/8/6 13047/8/6
f 13013/7/6 13024/7/6 13047/7/6
f 13047/7/6 13025/7/6 13048/7/6
f 13028/4/6 13029/4/6 13049/4/6
f 13029/11/6 13030/11/6 13049/11/6
f 13049/11/6 13030/11/6 13050/11/6
f 13030/4/6 13031/4/6 13051/4/6
f 13050/11/6 13030/11/6 13051/11/6
f 13031/11/6 13032/11/6 13052/11/6
f 13051/4/6 13031/4/6 13052/4/6
f 13033/4/6 13034/4/6 13053/4/6
f 13052/11/6 13032/11/6 13053/11/6
f 13032/4/6 13033/4/6 13053/4/6
f 13053/4/6 13034/4/6 13054/4/6
f 13037/11/6 13038/11/6 13055/11/6
f 12985/7/6 13036/7/6 13055/7/6
f 13036/11/6 13037/11/6 13055/11/6
f 13038/7/6 13039/7/6 13056/7/6
f 13055/11/6 13038/11/6 13056/11/6
f 13039/7/6 13004/7/6 13057/7/6
f 13056/7/6 13039/7/6 13057/7/6
f 13041/9/6 12964/9/6 13059/9/6
f 13059/9/6 12964/9/6 13060/9/6
f 13044/4/6 13045/4/6 13061/4/6
f 13043/4/6 13044/4/6 13061/4/6
f 13042/4/6 13043/4/6 13061/4/6
f 13048/7/6 13025/7/6 13063/7/6
f 13026/11/6 13027/11/6 13063/11/6
f 13025/11/6 13026/11/6 13063/11/6
f 13063/11/6 13027/11/6 13064/11/6
f 13027/7/6 12860/7/6 13065/7/6
f 13064/11/6 13027/11/6 13065/11/6
f 13065/7/6 12860/7/6 13066/7/6
f 13054/4/6 13034/4/6 13067/4/6
f 13067/4/6 13034/4/6 13068/4/6
f 13057/7/6 13058/7/6 13069/7/6
f 13055/7/6 13056/7/6 13069/7/6
f 13056/7/6 13057/7/6 13069/7/6
f 12985/7/6 13055/7/6 13069/7/6
f 13069/7/6 13058/7/6 13070/7/6
f 13061/4/6 13062/4/6 13071/4/6
f 13047/8/6 13048/8/6 13073/8/6
f 13063/7/6 13064/7/6 13074/7/6
f 13073/8/6 13048/8/6 13074/8/6
f 13048/7/6 13063/7/6 13074/7/6
f 13074/7/6 13064/7/6 13075/7/6
f 13051/11/6 13052/11/6 13076/11/6
f 13050/11/6 13051/11/6 13076/11/6
f 13053/11/6 13054/11/6 13076/11/6
f 13049/4/6 13050/4/6 13076/4/6
f 13052/11/6 13053/11/6 13076/11/6
f 13054/4/6 13067/4/6 13077/4/6
f 13076/11/6 13054/11/6 13077/11/6
f 13067/11/6 13068/11/6 13078/11/6
f 13077/4/6 13067/4/6 13078/4/6
f 13078/11/6 13068/11/6 13079/11/6
f 13068/4/6 13034/4/6 13080/4/6
f 13079/11/6 13068/11/6 13080/11/6
f 13080/4/6 13034/4/6 13081/4/6
f 12984/8/6 12985/8/6 13083/8/6
f 12985/7/6 13069/7/6 13084/7/6
f 13083/8/6 12985/8/6 13084/8/6
f 13084/7/6 13069/7/6 13085/7/6
f 13069/11/6 13070/11/6 13086/11/6
f 13085/7/6 13069/7/6 13086/7/6
f 13070/7/6 13058/7/6 13087/7/6
f 13086/11/6 13070/11/6 13087/11/6
f 13087/7/6 13058/7/6 13088/7/6
f 13088/7/6 13058/7/6 13089/7/6
f 13071/4/6 13072/4/6 13092/4/6
f 13042/4/6 13061/4/6 13092/4/6
f 13061/4/6 13071/4/6 13092/4/6
f 13092/4/6 13072/4/6 13093/4/6
f 13075/7/6 13064/7/6 13095/7/6
f 13065/11/6 13066/11/6 13095/11/6
f 13064/11/6 13065/11/6 13095/11/6
f 13095/11/6 13066/11/6 13096/11/6
f 13078/4/6 13079/4/6 13097/4/6
f 13076/4/6 13077/4/6 13097/4/6
f 13049/4/6 13076/4/6 13097/4/6
f 13077/4/6 13078/4/6 13097/4/6
f 13079/11/6 13080/11/6 13098/11/6
f 13097/4/6 13079/4/6 13098/4/6
f 13080/11/6 13081/11/6 13098/11/6
f 13098/11/6 13081/11/6 13099/11/6
f 13081/4/6 13034/4/6 13100/4/6
f 13099/11/6 13081/11/6 13100/11/6
f 13100/4/6 13034/4/6 13101/4/6
f 13101/4/6 13034/4/6 13102/4/6
f 13085/11/6 13086/11/6 13103/11/6
f 13087/11/6 13088/11/6 13103/11/6
f 13086/11/6 13087/11/6 13103/11/6
f 13089/7/6 13090/7/6 13104/7/6
f 13103/11/6 13088/11/6 13104/11/6
f 13088/7/6 13089/7/6 13104/7/6
f 13060/9/6 12964/9/6 13105/9/6
f 13105/9/6 12964/9/6 13106/9/6
f 13074/8/6 13075/8/6 13107/8/6
f 13095/7/6 13096/7/6 13108/7/6
f 13107/8/6 13075/8/6 13108/8/6
f 13075/7/6 13095/7/6 13108/7/6
f 13108/7/6 13096/7/6 13109/7/6
f 13085/11/6 13103/11/6 13110/11/6
f 13084/7/6 13085/7/6 13110/7/6
f 13083/7/6 13084/7/6 13110/7/6
f 13110/11/6 13103/11/6 13111/11/6
f 13093/4/6 13094/4/6 13113/4/6
f 13092/4/6 13093/4/6 13113/4/6
f 13091/4/6 13092/4/6 13113/4/6
f 12980/4/6 13028/4/6 13114/4/6
f 13028/4/6 13049/4/6 13114/4/6
f 13049/4/6 13097/4/6 13114/4/6
f 13098/11/6 13099/11/6 13115/11/6
f 13114/4/6 13097/4/6 13115/4/6
f 13097/11/6 13098/11/6 13115/11/6
f 13115/11/6 13099/11/6 13116/11/6
f 13100/4/6 13101/4/6 13117/4/6
f 13116/11/6 13099/11/6 13117/11/6
f 13099/4/6 13100/4/6 13117/4/6
f 13082/8/6 13083/8/6 13119/8/6
f 13110/7/6 13111/7/6 13120/7/6
f 13083/7/6 13110/7/6 13120/7/6
f 13119/8/6 13083/8/6 13120/8/6
f 13120/7/6 13111/7/6 13121/7/6
f 13111/11/6 13103/11/6 13122/11/6
f 13121/7/6 13111/7/6 13122/7/6
f 13122/11/6 13103/11/6 13123/11/6
f 13103/7/6 13104/7/6 13124/7/6
f 13123/11/6 13103/11/6 13124/11/6
f 13104/7/6 13090/7/6 13125/7/6
f 13124/7/6 13104/7/6 13125/7/6
f 13125/7/6 13090/7/6 13126/7/6
f 13096/11/6 13066/11/6 13127/11/6
f 13109/7/6 13096/7/6 13127/7/6
f 13127/11/6 13066/11/6 13128/11/6
f 13117/4/6 13101/4/6 13129/4/6
f 13116/4/6 13117/4/6 13129/4/6
f 13129/4/6 13101/4/6 13130/4/6
f 13120/7/6 13121/7/6 13131/7/6
f 13122/11/6 13123/11/6 13131/11/6
f 13119/7/6 13120/7/6 13131/7/6
f 13121/11/6 13122/11/6 13131/11/6
f 13131/11/6 13123/11/6 13132/11/6
f 13112/4/6 13113/4/6 13134/4/6
f 13108/8/6 13109/8/6 13135/8/6
f 13127/7/6 13128/7/6 13135/7/6
f 13109/7/6 13127/7/6 13135/7/6
f 13135/7/6 13128/7/6 13136/7/6
f 13066/7/6 12860/7/6 13137/7/6
f 13128/11/6 13066/11/6 13137/11/6
f 13137/7/6 12860/7/6 13138/7/6
f 12980/4/6 13114/4/6 13139/4/6
f 13115/11/6 13116/11/6 13139/11/6
f 13114/11/6 13115/11/6 13139/11/6
f 13139/11/6 13116/11/6 13140/11/6
f 13118/8/6 13119/8/6 13142/8/6
f 13119/7/6 13131/7/6 13143/7/6
f 13131/7/6 13132/7/6 13143/7/6
f 13142/8/6 13119/8/6 13143/8/6
f 13124/7/6 13125/7/6 13144/7/6
f 13123/7/6 13124/7/6 13144/7/6
f 13132/11/6 13123/11/6 13144/11/6
f 13144/7/6 13125/7/6 13145/7/6
f 13106/9/6 12964/9/6 13147/9/6
f 13147/9/6 12964/9/6 13148/9/6
f 13148/9/6 12964/9/6 13149/9/6
f 13133/4/6 13134/4/6 13150/4/6
f 13134/4/6 13113/4/6 13150/4/6
f 13113/4/6 13094/4/6 13150/4/6
f 13150/4/6 13094/4/6 13151/4/6
f 13135/8/6 13136/8/6 13152/8/6
f 13108/8/6 13135/8/6 13152/8/6
f 13152/8/6 13136/8/6 13153/8/6
f 13138/7/6 12860/7/6 13154/7/6
f 13137/11/6 13138/11/6 13154/11/6
f 13154/7/6 12860/7/6 13155/7/6
f 13140/11/6 13116/11/6 13156/11/6
f 13139/4/6 13140/4/6 13156/4/6
f 13116/4/6 13129/4/6 13157/4/6
f 13156/11/6 13116/11/6 13157/11/6
f 13143/7/6 13132/7/6 13158/7/6
f 13142/7/6 13143/7/6 13158/7/6
f 13132/11/6 13144/11/6 13159/11/6
f 13158/7/6 13132/7/6 13159/7/6
f 13144/11/6 13145/11/6 13159/11/6
f 13145/7/6 13125/7/6 13160/7/6
f 13159/11/6 13145/11/6 13160/11/6
f 13160/7/6 13125/7/6 13161/7/6
f 13161/7/6 13125/7/6 13162/7/6
f 13162/7/6 13125/7/6 13163/7/6
f 13133/4/6 13150/4/6 13165/4/6
f 13165/4/6 13150/4/6 13166/4/6
f 13166/4/6 13150/4/6 13167/4/6
f 13151/4/6 13094/4/6 13168/4/6
f 13168/4/6 13094/4/6 13169/4/6
f 13169/4/6 13094/4/6 13170/4/6
f 13170/4/6 13094/4/6 13171/4/6
f 13153/8/6 13136/8/6 13172/8/6
f 13136/7/6 13128/7/6 13172/7/6
f 13172/7/6 13128/7/6 13173/7/6
f 13154/11/6 13155/11/6 13174/11/6
f 13173/7/6 13128/7/6 13174/7/6
f 13137/11/6 13154/11/6 13174/11/6
f 13128/11/6 13137/11/6 13174/11/6
f 13174/11/6 13155/11/6 13175/11/6
f 13155/7/6 12860/7/6 13176/7/6
f 13175/11/6 13155/11/6 13176/11/6
f 13176/7/6 12860/7/6 13177/7/6
f 13156/4/6 13157/4/6 13178/4/6
f 13178/4/6 13157/4/6 13179/4/6
f 13179/4/6 13157/4/6 13180/4/6
f 13157/4/6 13129/4/6 13181/4/6
f 13180/4/6 13157/4/6 13181/4/6
f 13142/7/6 13158/7/6 13182/7/6
f 13158/11/6 13159/11/6 13183/11/6
f 13182/7/6 13158/7/6 13183/7/6
f 13159/11/6 13160/11/6 13183/11/6
f 13160/11/6 13161/11/6 13183/11/6
f 13161/7/6 13162/7/6 13184/7/6
f 13184/7/6 13162/7/6 13185/7/6
f 13147/9/6 13148/9/6 13187/9/6
f 13146/9/6 13147/9/6 13187/9/6
f 13164/4/6 13165/4/6 13188/4/6
f 13165/4/6 13166/4/6 13188/4/6
f 13188/4/6 13166/4/6 13189/4/6
f 13167/4/6 13150/4/6 13190/4/6
f 13190/4/6 13150/4/6 13191/4/6
f 13191/4/6 13150/4/6 13192/4/6
f 13192/4/6 13150/4/6 13193/4/6
f 13169/4/6 13170/4/6 13194/4/6
f 13194/4/6 13170/4/6 13195/4/6
f 13171/4/6 13094/4/6 13196/4/6
f 13196/4/6 13094/4/6 13197/4/6
f 13172/8/6 13173/8/6 13198/8/6
f 13153/8/6 13172/8/6 13198/8/6
f 13174/7/6 13175/7/6 13199/7/6
f 13198/8/6 13173/8/6 13199/8/6
f 13173/7/6 13174/7/6 13199/7/6
f 13199/7/6 13175/7/6 13200/7/6
f 13178/11/6 13179/11/6 13201/11/6
f 13156/4/6 13178/4/6 13201/4/6
f 13201/11/6 13179/11/6 13202/11/6
f 13179/4/6 13180/4/6 13203/4/6
f 13202/11/6 13179/11/6 13203/11/6
f 13180/11/6 13181/11/6 13204/11/6
f 13203/4/6 13180/4/6 13204/4/6
f 13181/4/6 13129/4/6 13205/4/6
f 13204/11/6 13181/11/6 13205/11/6
f 13205/4/6 13129/4/6 13206/4/6
f 13141/8/6 13142/8/6 13208/8/6
f 13142/7/6 13182/7/6 13209/7/6
f 13208/8/6 13142/8/6 13209/8/6
f 13183/11/6 13161/11/6 13210/11/6
f 13182/11/6 13183/11/6 13210/11/6
f 13161/7/6 13184/7/6 13211/7/6
f 13210/11/6 13161/11/6 13211/11/6
f 13211/7/6 13184/7/6 13212/7/6
f 13212/7/6 13184/7/6 13213/7/6
f 13186/9/6 13187/9/6 13214/9/6
f 13187/9/6 13148/9/6 13214/9/6
f 13214/9/6 13148/9/6 13215/9/6
f 13164/4/6 13188/4/6 13216/4/6
f 13216/4/6 13188/4/6 13217/4/6
f 13191/4/6 13192/4/6 13218/4/6
f 13218/4/6 13192/4/6 13219/4/6
f 13193/4/6 13150/4/6 13220/4/6
f 13220/4/6 13150/4/6 13221/4/6
f 13199/8/6 13200/8/6 13222/8/6
f 13222/8/6 13200/8/6 13223/8/6
f 13200/7/6 13175/7/6 13224/7/6
f 13223/8/6 13200/8/6 13224/8/6
f 13224/7/6 13175/7/6 13225/7/6
f 13203/11/6 13204/11/6 13226/11/6
f 13202/11/6 13203/11/6 13226/11/6
f 13204/11/6 13205/11/6 13226/11/6
f 13205/11/6 13206/11/6 13226/11/6
f 13206/4/6 13129/4/6 13227/4/6
f 13226/11/6 13206/11/6 13227/11/6
f 13207/8/6 13208/8/6 13229/8/6
f 13208/7/6 13209/7/6 13230/7/6
f 13229/8/6 13208/8/6 13230/8/6
f 13209/7/6 13182/7/6 13231/7/6
f 13230/7/6 13209/7/6 13231/7/6
f 13182/11/6 13210/11/6 13232/11/6
f 13231/7/6 13182/7/6 13232/7/6
f 13232/11/6 13210/11/6 13233/11/6
f 13211/7/6 13212/7/6 13234/7/6
f 13233/11/6 13210/11/6 13234/11/6
f 13210/7/6 13211/7/6 13234/7/6
f 13234/7/6 13212/7/6 13235/7/6
f 13235/7/6 13212/7/6 13236/7/6
f 13186/9/6 13214/9/6 13237/9/6
f 13237/9/6 13214/9/6 13238/9/6
f 13221/4/6 13150/4/6 13241/4/6
f 13241/4/6 13150/4/6 13242/4/6
f 13224/8/6 13225/8/6 13243/8/6
f 13223/8/6 13224/8/6 13243/8/6
f 13243/8/6 13225/8/6 13244/8/6
f 13225/7/6 13175/7/6 13245/7/6
f 13176/11/6 13177/11/6 13245/11/6
f 13175/11/6 13176/11/6 13245/11/6
f 13245/11/6 13177/11/6 13246/11/6
f 13246/11/6 13177/11/6 13247/11/6
f 13177/7/6 12860/7/6 13248/7/6
f 13247/11/6 13177/11/6 13248/11/6
f 13201/4/6 13202/4/6 13249/4/6
f 13139/4/6 13156/4/6 13249/4/6
f 12980/4/6 13139/4/6 13249/4/6
f 13156/4/6 13201/4/6 13249/4/6
f 13202/11/6 13226/11/6 13250/11/6
f 13249/4/6 13202/4/6 13250/4/6
f 13250/11/6 13226/11/6 13251/11/6
f 13226/4/6 13227/4/6 13252/4/6
f 13251/11/6 13226/11/6 13252/11/6
f 13228/8/6 13229/8/6 13254/8/6
f 13230/7/6 13231/7/6 13255/7/6
f 13229/7/6 13230/7/6 13255/7/6
f 13254/8/6 13229/8/6 13255/8/6
f 13232/11/6 13233/11/6 13256/11/6
f 13231/11/6 13232/11/6 13256/11/6
f 13234/7/6 13235/7/6 13257/7/6
f 13256/11/6 13233/11/6 13257/11/6
f 13233/7/6 13234/7/6 13257/7/6
f 13257/7/6 13235/7/6 13258/7/6
f 13258/7/6 13235/7/6 13259/7/6
f 13186/9/6 13237/9/6 13261/9/6
f 13239/4/6 13240/4/6 13262/4/6
f 13164/4/6 13216/4/6 13263/4/6
f 13242/4/6 13150/4/6 13264/4/6
f 13264/4/6 13150/4/6 13265/4/6
f 13246/11/6 13247/11/6 13266/11/6
f 13247/7/6 13248/7/6 13267/7/6
f 13266/11/6 13247/11/6 13267/11/6
f 12980/4/6 13249/4/6 13268/4/6
f 13250/11/6 13251/11/6 13269/11/6
f 13268/4/6 13249/4/6 13269/4/6
f 13249/11/6 13250/11/6 13269/11/6
f 13231/11/6 13256/11/6 13270/11/6
f 13256/7/6 13257/7/6 13271/7/6
f 13270/11/6 13256/11/6 13271/11/6
f 13257/7/6 13258/7/6 13271/7/6
f 13260/9/6 13261/9/6 13272/9/6
f 13261/9/6 13237/9/6 13272/9/6
f 13272/9/6 13237/9/6 13273/9/6
f 13262/4/6 13263/4/6 13274/4/6
f 13239/4/6 13262/4/6 13274/4/6
f 13274/4/6 13263/4/6 13275/4/6
f 13244/8/6 13225/8/6 13276/8/6
f 13245/7/6 13246/7/6 13277/7/6
f 13276/8/6 13225/8/6 13277/8/6
f 13225/7/6 13245/7/6 13277/7/6
f 13277/7/6 13246/7/6 13278/7/6
f 13246/11/6 13266/11/6 13279/11/6
f 13278/7/6 13246/7/6 13279/7/6
f 13279/11/6 13266/11/6 13280/11/6
f 13280/11/6 13266/11/6 13281/11/6
f 13266/7/6 13267/7/6 13282/7/6
f 13281/11/6 13266/11/6 13282/11/6
f 12956/4/6 12980/4/6 13283/4/6
f 12980/4/6 13268/4/6 13283/4/6
f 13268/11/6 13269/11/6 13284/11/6
f 13283/4/6 13268/4/6 13284/4/6
f 13269/11/6 13251/11/6 13285/11/6
f 13284/11/6 13269/11/6 13285/11/6
f 13251/4/6 13252/4/6 13285/4/6
f 13285/4/6 13252/4/6 13286/4/6
f 13253/8/6 13254/8/6 13288/8/6
f 13254/7/6 13255/7/6 13289/7/6
f 13288/8/6 13254/8/6 13289/8/6
f 13255/7/6 13231/7/6 13290/7/6
f 13289/7/6 13255/7/6 13290/7/6
f 13231/11/6 13270/11/6 13291/11/6
f 13290/7/6 13231/7/6 13291/7/6
f 13271/7/6 13258/7/6 13292/7/6
f 13270/7/6 13271/7/6 13292/7/6
f 13260/9/6 13272/9/6 13294/9/6
f 13275/4/6 13263/4/6 13296/4/6
f 13263/4/6 13216/4/6 13296/4/6
f 13296/4/6 13216/4/6 13297/4/6
f 13283/11/6 13284/11/6 13298/11/6
f 12956/4/6 13283/4/6 13298/4/6
f 13284/11/6 13285/11/6 13298/11/6
f 13285/11/6 13286/11/6 13298/11/6
f 13298/11/6 13286/11/6 13299/11/6
f 13287/8/6 13288/8/6 13301/8/6
f 13288/7/6 13289/7/6 13302/7/6
f 13289/7/6 13290/7/6 13302/7/6
f 13301/8/6 13288/8/6 13302/8/6
f 13302/7/6 13290/7/6 13303/7/6
f 13290/11/6 13291/11/6 13304/11/6
f 13303/7/6 13290/7/6 13304/7/6
f 13292/7/6 13293/7/6 13305/7/6
f 13294/9/6 13295/9/6 13307/9/6
f 13279/7/6 13280/7/6 13309/7/6
f 13280/11/6 13281/11/6 13309/11/6
f 13278/7/6 13279/7/6 13309/7/6
f 13309/11/6 13281/11/6 13310/11/6
f 13281/7/6 13282/7/6 13311/7/6
f 13310/11/6 13281/11/6 13311/11/6
f 13311/7/6 13282/7/6 13312/7/6
f 13299/11/6 13286/11/6 13313/11/6
f 13298/4/6 13299/4/6 13313/4/6
f 13313/11/6 13286/11/6 13314/11/6
f 13227/4/6 13129/4/6 13315/4/6
f 13286/4/6 13252/4/6 13315/4/6
f 13252/4/6 13227/4/6 13315/4/6
f 13291/11/6 13270/11/6 13317/11/6
f 13304/11/6 13291/11/6 13317/11/6
f 13303/11/6 13304/11/6 13317/11/6
f 13305/7/6 13306/7/6 13318/7/6
f 13317/11/6 13270/11/6 13318/11/6
f 13292/7/6 13305/7/6 13318/7/6
f 13270/7/6 13292/7/6 13318/7/6
f 13318/7/6 13306/7/6 13319/7/6
f 13275/4/6 13296/4/6 13321/4/6
f 13321/4/6 13296/4/6 13322/4/6
f 13277/8/6 13278/8/6 13324/8/6
f 13309/7/6 13310/7/6 13325/7/6
f 13278/7/6 13309/7/6 13325/7/6
f 13324/8/6 13278/8/6 13325/8/6
f 13312/7/6 13282/7/6 13326/7/6
f 13310/11/6 13311/11/6 13326/11/6
f 13311/11/6 13312/11/6 13326/11/6
f 13282/7/6 13267/7/6 13327/7/6
f 13326/7/6 13282/7/6 13327/7/6
f 13314/11/6 13286/11/6 13328/11/6
f 13313/4/6 13314/4/6 13328/4/6
f 13328/11/6 13286/11/6 13329/11/6
f 13300/8/6 13301/8/6 13331/8/6
f 13302/7/6 13303/7/6 13332/7/6
f 13301/7/6 13302/7/6 13332/7/6
f 13331/8/6 13301/8/6 13332/8/6
f 13303/11/6 13317/11/6 13333/11/6
f 13319/7/6 13320/7/6 13334/7/6
f 13333/11/6 13317/11/6 13334/11/6
f 13317/7/6 13318/7/6 13334/7/6
f 13318/7/6 13319/7/6 13334/7/6
f 13334/7/6 13320/7/6 13335/7/6
f 13307/9/6 13308/9/6 13336/9/6
f 13294/9/6 13307/9/6 13336/9/6
f 13260/9/6 13294/9/6 13336/9/6
f 13336/9/6 13308/9/6 13337/9/6
f 13323/8/6 13324/8/6 13340/8/6
f 13324/7/6 13325/7/6 13341/7/6
f 13340/8/6 13324/8/6 13341/8/6
f 13327/7/6 13267/7/6 13342/7/6
f 13326/11/6 13327/11/6 13342/11/6
f 13342/7/6 13267/7/6 13343/7/6
f 13329/11/6 13286/11/6 13344/11/6
f 13328/4/6 13329/4/6 13344/4/6
f 13344/11/6 13286/11/6 13345/11/6
f 13330/8/6 13331/8/6 13347/8/6
f 13331/7/6 13332/7/6 13348/7/6
f 13347/8/6 13331/8/6 13348/8/6
f 13332/7/6 13303/7/6 13349/7/6
f 13348/7/6 13332/7/6 13349/7/6
f 13303/11/6 13333/11/6 13350/11/6
f 13349/7/6 13303/7/6 13350/7/6
f 13350/11/6 13333/11/6 13351/11/6
f 13334/7/6 13335/7/6 13352/7/6
f 13351/11/6 13333/11/6 13352/11/6
f 13333/7/6 13334/7/6 13352/7/6
f 13335/7/6 13336/7/6 13352/7/6
f 13337/9/6 13338/9/6 13353/9/6
f 13352/7/6 13336/7/6 13353/7/6
f 13336/9/6 13337/9/6 13353/9/6
f 13353/9/6 13338/9/6 13354/9/6
f 13322/4/6 13296/4/6 13355/4/6
f 13355/4/6 13296/4/6 13356/4/6
f 13339/8/6 13340/8/6 13358/8/6
f 13340/7/6 13341/7/6 13359/7/6
f 13358/8/6 13340/8/6 13359/8/6
f 13341/7/6 13325/7/6 13360/7/6
f 13359/7/6 13341/7/6 13360/7/6
f 13325/7/6 13310/7/6 13360/7/6
f 13310/11/6 13326/11/6 13361/11/6
f 13360/7/6 13310/7/6 13361/7/6
f 13342/11/6 13343/11/6 13361/11/6
f 13326/11/6 13342/11/6 13361/11/6
f 13343/7/6 13267/7/6 13362/7/6
f 13361/11/6 13343/11/6 13362/11/6
f 13267/7/6 13248/7/6 13363/7/6
f 13362/7/6 13267/7/6 13363/7/6
f 13345/11/6 13286/11/6 13364/11/6
f 13344/4/6 13345/4/6 13364/4/6
f 13364/11/6 13286/11/6 13365/11/6
f 13315/4/6 13316/4/6 13366/4/6
f 13365/11/6 13286/11/6 13366/11/6
f 13286/4/6 13315/4/6 13366/4/6
f 13366/4/6 13316/4/6 13367/4/6
f 13346/8/6 13347/8/6 13369/8/6
f 13347/7/6 13348/7/6 13370/7/6
f 13348/7/6 13349/7/6 13370/7/6
f 13369/8/6 13347/8/6 13370/8/6
f 13370/7/6 13349/7/6 13371/7/6
f 13350/11/6 13351/11/6 13372/11/6
f 13371/7/6 13349/7/6 13372/7/6
f 13349/11/6 13350/11/6 13372/11/6
f 13372/11/6 13351/11/6 13373/11/6
f 13351/7/6 13352/7/6 13374/7/6
f 13373/11/6 13351/11/6 13374/11/6
f 13353/7/6 13354/7/6 13374/7/6
f 13352/7/6 13353/7/6 13374/7/6
f 13354/9/6 13338/9/6 13375/9/6
f 13375/9/6 13338/9/6 13376/9/6
f 13376/9/6 13338/9/6 13377/9/6
f 13356/4/6 13296/4/6 13379/4/6
f 13379/4/6 13296/4/6 13380/4/6
f 13357/8/6 13358/8/6 13382/8/6
f 13359/7/6 13360/7/6 13383/7/6
f 13358/7/6 13359/7/6 13383/7/6
f 13382/8/6 13358/8/6 13383/8/6
f 13367/4/6 13316/4/6 13384/4/6
f 13366/11/6 13367/11/6 13384/11/6
f 13365/11/6 13366/11/6 13384/11/6
f 13384/4/6 13316/4/6 13385/4/6
f 13385/4/6 13316/4/6 13386/4/6
f 13368/8/6 13369/8/6 13389/8/6
f 13370/7/6 13371/7/6 13390/7/6
f 13369/7/6 13370/7/6 13390/7/6
f 13389/8/6 13369/8/6 13390/8/6
f 13390/7/6 13371/7/6 13391/7/6
f 13372/11/6 13373/11/6 13392/11/6
f 13391/7/6 13371/7/6 13392/7/6
f 13371/11/6 13372/11/6 13392/11/6
f 13392/11/6 13373/11/6 13393/11/6
f 13373/7/6 13374/7/6 13394/7/6
f 13393/11/6 13373/11/6 13394/11/6
f 13377/9/6 13378/9/6 13395/9/6
f 13375/7/6 13376/7/6 13395/7/6
f 13376/9/6 13377/9/6 13395/9/6
f 13395/9/6 13378/9/6 13396/9/6
f 13381/8/6 13382/8/6 13398/8/6
f 13382/7/6 13383/7/6 13399/7/6
f 13398/8/6 13382/8/6 13399/8/6
f 13383/7/6 13360/7/6 13400/7/6
f 13399/7/6 13383/7/6 13400/7/6
f 13361/11/6 13362/11/6 13401/11/6
f 13400/7/6 13360/7/6 13401/7/6
f 13360/11/6 13361/11/6 13401/11/6
f 13362/11/6 13363/11/6 13401/11/6
f 13364/4/6 13365/4/6 13402/4/6
f 13365/11/6 13384/11/6 13402/11/6
f 13384/11/6 13385/11/6 13402/11/6
f 13402/11/6 13385/11/6 13403/11/6
f 13403/11/6 13385/11/6 13404/11/6
f 13386/4/6 13387/4/6 13405/4/6
f 13404/11/6 13385/11/6 13405/11/6
f 13385/4/6 13386/4/6 13405/4/6
f 13388/8/6 13389/8/6 13407/8/6
f 13390/7/6 13391/7/6 13408/7/6
f 13389/7/6 13390/7/6 13408/7/6
f 13407/8/6 13389/8/6 13408/8/6
f 13408/7/6 13391/7/6 13409/7/6
f 13392/11/6 13393/11/6 13410/11/6
f 13409/7/6 13391/7/6 13410/7/6
f 13391/11/6 13392/11/6 13410/11/6
f 13374/7/6 13354/7/6 13411/7/6
f 13394/7/6 13374/7/6 13411/7/6
f 13354/9/6 13375/9/6 13411/9/6
f 13393/7/6 13394/7/6 13411/7/6
f 13395/7/6 13396/7/6 13412/7/6
f 13411/9/6 13375/9/6 13412/9/6
f 13375/7/6 13395/7/6 13412/7/6
f 13412/7/6 13396/7/6 13413/7/6
f 13396/9/6 13378/9/6 13414/9/6
f 13413/7/6 13396/7/6 13414/7/6
f 13414/9/6 13378/9/6 13415/9/6
f 13380/4/6 13296/4/6 13416/4/6
f 13416/4/6 13296/4/6 13417/4/6
f 13417/4/6 13296/4/6 13418/4/6
f 13418/4/6 13296/4/6 13419/4/6
f 13397/8/6 13398/8/6 13421/8/6
f 13399/7/6 13400/7/6 13422/7/6
f 13398/7/6 13399/7/6 13422/7/6
f 13421/8/6 13398/8/6 13422/8/6
f 13401/11/6 13363/11/6 13423/11/6
f 13363/7/6 13248/7/6 13423/7/6
f 13400/11/6 13401/11/6 13423/11/6
f 13423/7/6 13248/7/6 13424/7/6
f 13344/4/6 13364/4/6 13425/4/6
f 13328/4/6 13344/4/6 13425/4/6
f 13364/4/6 13402/4/6 13425/4/6
f 13402/4/6 13403/4/6 13425/4/6
f 13425/4/6 13403/4/6 13426/4/6
f 13403/11/6 13404/11/6 13427/11/6
f 13426/4/6 13403/4/6 13427/4/6
f 13404/4/6 13405/4/6 13428/4/6
f 13427/11/6 13404/11/6 13428/11/6
f 13406/8/6 13407/8/6 13430/8/6
f 13408/7/6 13409/7/6 13431/7/6
f 13407/7/6 13408/7/6 13431/7/6
f 13430/8/6 13407/8/6 13431/8/6
f 13431/7/6 13409/7/6 13432/7/6
f 13409/11/6 13410/11/6 13433/11/6
f 13432/7/6 13409/7/6 13433/7/6
f 13410/11/6 13393/11/6 13434/11/6
f 13433/11/6 13410/11/6 13434/11/6
f 13393/7/6 13411/7/6 13434/7/6
f 13411/7/6 13412/7/6 13434/7/6
f 13434/7/6 13412/7/6 13435/7/6
f 13412/9/6 13413/9/6 13436/9/6
f 13435/7/6 13412/7/6 13436/7/6
f 13414/7/6 13415/7/6 13437/7/6
f 13436/9/6 13413/9/6 13437/9/6
f 13413/7/6 13414/7/6 13437/7/6
f 13437/7/6 13415/7/6 13438/7/6
f 13415/9/6 13378/9/6 13439/9/6
f 13438/7/6 13415/7/6 13439/7/6
f 13439/9/6 13378/9/6 13440/9/6
f 13417/4/6 13418/4/6 13441/4/6
f 13441/4/6 13418/4/6 13442/4/6
f 13442/4/6 13418/4/6 13443/4/6
f 13443/4/6 13418/4/6 13444/4/6
f 13420/8/6 13421/8/6 13446/8/6
f 13421/7/6 13422/7/6 13447/7/6
f 13446/8/6 13421/8/6 13447/8/6
f 13422/7/6 13400/7/6 13448/7/6
f 13447/7/6 13422/7/6 13448/7/6
f 13423/11/6 13424/11/6 13449/11/6
f 13448/7/6 13400/7/6 13449/7/6
f 13400/11/6 13423/11/6 13449/11/6
f 13424/7/6 13248/7/6 13450/7/6
f 13449/11/6 13424/11/6 13450/11/6
f 13248/7/6 12860/7/6 13451/7/6
f 13450/7/6 13248/7/6 13451/7/6
f 13328/4/6 13425/4/6 13452/4/6
f 13425/11/6 13426/11/6 13453/11/6
f 13452/4/6 13425/4/6 13453/4/6
f 13426/4/6 13427/4/6 13454/4/6
f 13453/11/6 13426/11/6 13454/11/6
f 13427/4/6 13428/4/6 13454/4/6
f 13454/4/6 13428/4/6 13455/4/6
f 13428/4/6 13405/4/6 13456/4/6
f 13455/4/6 13428/4/6 13456/4/6
f 13405/4/6 13387/4/6 13456/4/6
f 13429/8/6 13430/8/6 13459/8/6
f 13431/7/6 13432/7/6 13460/7/6
f 13430/7/6 13431/7/6 13460/7/6
f 13459/8/6 13430/8/6 13460/8/6
f 13432/11/6 13433/11/6 13461/11/6
f 13434/11/6 13435/11/6 13461/11/6
f 13435/7/6 13436/7/6 13461/7/6
f 13433/11/6 13434/11/6 13461/11/6
f 13436/7/6 13437/7/6 13461/7/6
f 13461/7/6 13437/7/6 13462/7/6
f 13437/9/6 13438/9/6 13463/9/6
f 13462/7/6 13437/7/6 13463/7/6
f 13439/7/6 13440/7/6 13464/7/6
f 13463/9/6 13438/9/6 13464/9/6
f 13438/7/6 13439/7/6 13464/7/6
f 13464/7/6 13440/7/6 13465/7/6
f 13440/9/6 13378/9/6 13466/9/6
f 13465/7/6 13440/7/6 13466/7/6
f 13466/9/6 13378/9/6 13467/9/6
f 13442/4/6 13443/4/6 13468/4/6
f 13468/4/6 13443/4/6 13469/4/6
f 13445/8/6 13446/8/6 13471/8/6
f 13446/7/6 13447/7/6 13472/7/6
f 13447/7/6 13448/7/6 13472/7/6
f 13471/8/6 13446/8/6 13472/8/6
f 13451/7/6 12860/7/6 13473/7/6
f 13449/11/6 13450/11/6 13473/11/6
f 13448/11/6 13449/11/6 13473/11/6
f 13450/11/6 13451/11/6 13473/11/6
f 13473/7/6 12860/7/6 13474/7/6
f 13458/8/6 13459/8/6 13476/8/6
f 13459/7/6 13460/7/6 13477/7/6
f 13476/8/6 13459/8/6 13477/8/6
f 13460/7/6 13432/7/6 13478/7/6
f 13477/7/6 13460/7/6 13478/7/6
f 13461/11/6 13462/11/6 13479/11/6
f 13478/7/6 13432/7/6 13479/7/6
f 13432/11/6 13461/11/6 13479/11/6
f 13462/7/6 13463/7/6 13480/7/6
f 13479/11/6 13462/11/6 13480/11/6
f 13463/7/6 13464/7/6 13480/7/6
f 13480/7/6 13464/7/6 13481/7/6
f 13464/9/6 13465/9/6 13482/9/6
f 13481/7/6 13464/7/6 13482/7/6
f 13465/7/6 13466/7/6 13483/7/6
f 13482/9/6 13465/9/6 13483/9/6
f 13466/7/6 13467/7/6 13483/7/6
f 13483/7/6 13467/7/6 13484/7/6
f 13467/9/6 13378/9/6 13485/9/6
f 13484/7/6 13467/7/6 13485/7/6
f 13485/9/6 13378/9/6 13486/9/6
f 13469/4/6 13443/4/6 13487/4/6
f 13487/4/6 13443/4/6 13488/4/6
f 13470/8/6 13471/8/6 13490/8/6
f 13471/7/6 13472/7/6 13491/7/6
f 13490/8/6 13471/8/6 13491/8/6
f 13328/4/6 13452/4/6 13492/4/6
f 13298/4/6 13313/4/6 13492/4/6
f 13313/4/6 13328/4/6 13492/4/6
f 13454/11/6 13455/11/6 13493/11/6
f 13492/4/6 13452/4/6 13493/4/6
f 13453/11/6 13454/11/6 13493/11/6
f 13452/11/6 13453/11/6 13493/11/6
f 13493/11/6 13455/11/6 13494/11/6
f 13456/4/6 13457/4/6 13495/4/6
f 13494/11/6 13455/11/6 13495/11/6
f 13455/4/6 13456/4/6 13495/4/6
f 13475/8/6 13476/8/6 13497/8/6
f 13476/7/6 13477/7/6 13498/7/6
f 13477/7/6 13478/7/6 13498/7/6
f 13497/8/6 13476/8/6 13498/8/6
f 13480/11/6 13481/11/6 13499/11/6
f 13478/11/6 13479/11/6 13499/11/6
f 13481/7/6 13482/7/6 13499/7/6
f 13479/11/6 13480/11/6 13499/11/6
f 13482/7/6 13483/7/6 13499/7/6
f 13499/7/6 13483/7/6 13500/7/6
f 13488/4/6 13443/4/6 13501/4/6
f 13501/4/6 13443/4/6 13502/4/6
f 13489/8/6 13490/8/6 13504/8/6
f 13490/7/6 13491/7/6 13505/7/6
f 13504/8/6 13490/8/6 13505/8/6
f 13491/7/6 13472/7/6 13506/7/6
f 13505/7/6 13491/7/6 13506/7/6
f 13472/7/6 13448/7/6 13506/7/6
f 13473/11/6 13474/11/6 13507/11/6
f 13506/7/6 13448/7/6 13507/7/6
f 13448/11/6 13473/11/6 13507/11/6
f 12695/4/6 12721/4/6 13508/4/6
f 13298/4/6 13492/4/6 13508/4/6
f 12721/4/6 12956/4/6 13508/4/6
f 12956/4/6 13298/4/6 13508/4/6
f 13493/11/6 13494/11/6 13509/11/6
f 13508/4/6 13492/4/6 13509/4/6
f 13492/11/6 13493/11/6 13509/11/6
f 13494/4/6 13495/4/6 13510/4/6
f 13509/11/6 13494/11/6 13510/11/6
f 13495/4/6 13457/4/6 13511/4/6
f 13510/4/6 13495/4/6 13511/4/6
f 13511/4/6 13457/4/6 13512/4/6
f 13512/4/6 13457/4/6 13513/4/6
f 13513/4/6 13457/4/6 13514/4/6
f 13496/8/6 13497/8/6 13517/8/6
f 13497/7/6 13498/7/6 13518/7/6
f 13517/8/6 13497/8/6 13518/8/6
f 13498/7/6 13478/7/6 13519/7/6
f 13518/7/6 13498/7/6 13519/7/6
f 13499/11/6 13500/11/6 13520/11/6
f 13519/7/6 13478/7/6 13520/7/6
f 13478/11/6 13499/11/6 13520/11/6
f 13500/7/6 13483/7/6 13521/7/6
f 13520/11/6 13500/11/6 13521/11/6
f 13521/7/6 13483/7/6 13522/7/6
f 13483/9/6 13484/9/6 13523/9/6
f 13522/7/6 13483/7/6 13523/7/6
f 13485/7/6 13486/7/6 13524/7/6
f 13523/9/6 13484/9/6 13524/9/6
f 13484/7/6 13485/7/6 13524/7/6
f 13486/9/6 13378/9/6 13525/9/6
f 13524/7/6 13486/7/6 13525/7/6
f 13502/4/6 13443/4/6 13526/4/6
f 13526/4/6 13443/4/6 13527/4/6
f 13503/8/6 13504/8/6 13529/8/6
f 13504/7/6 13505/7/6 13530/7/6
f 13505/7/6 13506/7/6 13530/7/6
f 13529/8/6 13504/8/6 13530/8/6
f 13506/11/6 13507/11/6 13531/11/6
f 13530/7/6 13506/7/6 13531/7/6
f 13507/11/6 13474/11/6 13532/11/6
f 13531/11/6 13507/11/6 13532/11/6
f 13509/11/6 13510/11/6 13533/11/6
f 12695/4/6 13508/4/6 13533/4/6
f 13508/11/6 13509/11/6 13533/11/6
f 13510/11/6 13511/11/6 13533/11/6
f 13511/4/6 13512/4/6 13534/4/6
f 13533/11/6 13511/11/6 13534/11/6
f 13534/4/6 13512/4/6 13535/4/6
f 13535/4/6 13512/4/6 13536/4/6
f 13512/11/6 13513/11/6 13537/11/6
f 13536/4/6 13512/4/6 13537/4/6
f 13514/4/6 13515/4/6 13538/4/6
f 13537/11/6 13513/11/6 13538/11/6
f 13513/4/6 13514/4/6 13538/4/6
f 13516/8/6 13517/8/6 13540/8/6
f 13518/7/6 13519/7/6 13541/7/6
f 13517/7/6 13518/7/6 13541/7/6
f 13540/8/6 13517/8/6 13541/8/6
f 13541/7/6 13519/7/6 13542/7/6
f 13519/11/6 13520/11/6 13543/11/6
f 13542/7/6 13519/7/6 13543/7/6
f 13520/11/6 13521/11/6 13543/11/6
f 13521/11/6 13522/11/6 13543/11/6
f 13523/7/6 13524/7/6 13544/7/6
f 13522/7/6 13523/7/6 13544/7/6
f 13524/9/6 13525/9/6 13544/9/6
f 13544/9/6 13525/9/6 13545/9/6
f 13527/4/6 13443/4/6 13546/4/6
f 13546/4/6 13443/4/6 13547/4/6
f 13528/8/6 13529/8/6 13549/8/6
f 13530/7/6 13531/7/6 13550/7/6
f 13529/7/6 13530/7/6 13550/7/6
f 13549/8/6 13529/8/6 13550/8/6
f 13531/7/6 13532/7/6 13550/7/6
f 13532/11/6 13474/11/6 13551/11/6
f 13550/7/6 13532/7/6 13551/7/6
f 13551/11/6 13474/11/6 13552/11/6
f 13533/4/6 13534/4/6 13553/4/6
f 13534/4/6 13535/4/6 13553/4/6
f 13535/11/6 13536/11/6 13554/11/6
f 13553/4/6 13535/4/6 13554/4/6
f 13536/4/6 13537/4/6 13555/4/6
f 13537/4/6 13538/4/6 13555/4/6
f 13538/4/6 13515/4/6 13555/4/6
f 13539/8/6 13540/8/6 13558/8/6
f 13541/7/6 13542/7/6 13559/7/6
f 13540/7/6 13541/7/6 13559/7/6
f 13558/8/6 13540/8/6 13559/8/6
f 13543/11/6 13522/11/6 13560/11/6
f 13542/11/6 13543/11/6 13560/11/6
f 13522/7/6 13544/7/6 13560/7/6
f 13544/7/6 13545/7/6 13560/7/6
f 13560/7/6 13545/7/6 13561/7/6
f 13547/4/6 13443/4/6 13562/4/6
f 13562/4/6 13443/4/6 13563/4/6
f 13563/4/6 13443/4/6 13564/4/6
f 13548/8/6 13549/8/6 13567/8/6
f 13549/7/6 13550/7/6 13568/7/6
f 13551/7/6 13552/7/6 13568/7/6
f 13567/8/6 13549/8/6 13568/8/6
f 13550/7/6 13551/7/6 13568/7/6
f 13552/11/6 13474/11/6 13569/11/6
f 13568/7/6 13552/7/6 13569/7/6
f 13569/11/6 13474/11/6 13570/11/6
f 13570/11/6 13474/11/6 13571/11/6
f 13571/11/6 13474/11/6 13572/11/6
f 12673/4/6 12695/4/6 13573/4/6
f 12695/4/6 13533/4/6 13573/4/6
f 13533/4/6 13553/4/6 13573/4/6
f 13553/11/6 13554/11/6 13574/11/6
f 13573/4/6 13553/4/6 13574/4/6
f 13554/11/6 13536/11/6 13575/11/6
f 13574/11/6 13554/11/6 13575/11/6
f 13555/4/6 13556/4/6 13575/4/6
f 13536/4/6 13555/4/6 13575/4/6
f 13575/4/6 13556/4/6 13576/4/6
f 13557/8/6 13558/8/6 13578/8/6
f 13558/7/6 13559/7/6 13579/7/6
f 13578/8/6 13558/8/6 13579/8/6
f 13542/11/6 13560/11/6 13580/11/6
f 13560/11/6 13561/11/6 13580/11/6
f 13580/11/6 13561/11/6 13581/11/6
f 13561/7/6 13545/7/6 13582/7/6
f 13581/11/6 13561/11/6 13582/11/6
f 13582/7/6 13545/7/6 13583/7/6
f 13525/9/6 13378/9/6 13584/9/6
f 13545/9/6 13525/9/6 13584/9/6
f 13584/9/6 13378/9/6 13585/9/6
f 13585/9/6 13378/9/6 13586/9/6
f 13586/9/6 13378/9/6 13587/9/6
f 13564/4/6 13565/4/6 13588/4/6
f 13563/4/6 13564/4/6 13588/4/6
f 13588/4/6 13565/4/6 13589/4/6
f 13589/4/6 13565/4/6 13590/4/6
f 13566/8/6 13567/8/6 13593/8/6
f 13568/7/6 13569/7/6 13594/7/6
f 13567/7/6 13568/7/6 13594/7/6
f 13593/8/6 13567/8/6 13594/8/6
f 13569/7/6 13570/7/6 13594/7/6
f 13594/7/6 13570/7/6 13595/7/6
f 13595/7/6 13570/7/6 13596/7/6
f 13570/11/6 13571/11/6 13597/11/6
f 13596/7/6 13570/7/6 13597/7/6
f 13597/11/6 13571/11/6 13598/11/6
f 13598/11/6 13571/11/6 13599/11/6
f 13571/7/6 13572/7/6 13600/7/6
f 13599/11/6 13571/11/6 13600/11/6
f 13573/11/6 13574/11/6 13601/11/6
f 13574/11/6 13575/11/6 13601/11/6
f 13575/11/6 13576/11/6 13601/11/6
f 13576/4/6 13556/4/6 13602/4/6
f 13601/11/6 13576/11/6 13602/11/6
f 13602/4/6 13556/4/6 13603/4/6
f 13577/8/6 13578/8/6 13606/8/6
f 13578/7/6 13579/7/6 13607/7/6
f 13606/8/6 13578/8/6 13607/8/6
f 13559/7/6 13542/7/6 13608/7/6
f 13607/7/6 13579/7/6 13608/7/6
f 13579/7/6 13559/7/6 13608/7/6
f 13542/11/6 13580/11/6 13608/11/6
f 13608/11/6 13580/11/6 13609/11/6
f 13609/11/6 13580/11/6 13610/11/6
f 13580/7/6 13581/7/6 13611/7/6
f 13610/11/6 13580/11/6 13611/11/6
f 13582/11/6 13583/11/6 13612/11/6
f 13611/7/6 13581/7/6 13612/7/6
f 13581/11/6 13582/11/6 13612/11/6
f 13583/7/6 13545/7/6 13613/7/6
f 13612/11/6 13583/11/6 13613/11/6
f 13590/8/6 13591/8/6 13614/8/6
f 13589/7/6 13590/7/6 13614/7/6
f 13614/8/6 13591/8/6 13615/8/6
f 13592/8/6 13593/8/6 13618/8/6
f 13594/7/6 13595/7/6 13619/7/6
f 13593/7/6 13594/7/6 13619/7/6
f 13618/8/6 13593/8/6 13619/8/6
f 13595/11/6 13596/11/6 13620/11/6
f 13597/7/6 13598/7/6 13620/7/6
f 13596/7/6 13597/7/6 13620/7/6
f 13620/7/6 13598/7/6 13621/7/6
f 13598/11/6 13599/11/6 13622/11/6
f 13621/7/6 13598/7/6 13622/7/6
f 13622/11/6 13599/11/6 13623/11/6
f 13623/11/6 13599/11/6 13624/11/6
f 13599/7/6 13600/7/6 13625/7/6
f 13624/11/6 13599/11/6 13625/11/6
f 13573/11/6 13601/11/6 13626/11/6
f 12673/4/6 13573/4/6 13626/4/6
f 13626/11/6 13601/11/6 13627/11/6
f 13605/8/6 13606/8/6 13629/8/6
f 13606/7/6 13607/7/6 13630/7/6
f 13608/7/6 13609/7/6 13630/7/6
f 13629/8/6 13606/8/6 13630/8/6
f 13607/7/6 13608/7/6 13630/7/6
f 13609/11/6 13610/11/6 13631/11/6
f 13611/7/6 13612/7/6 13632/7/6
f 13631/11/6 13610/11/6 13632/11/6
f 13610/7/6 13611/7/6 13632/7/6
f 13612/7/6 13613/7/6 13632/7/6
f 13613/7/6 13545/7/6 13633/7/6
f 13632/7/6 13613/7/6 13633/7/6
f 13545/9/6 13584/9/6 13633/9/6
f 13584/7/6 13585/7/6 13634/7/6
f 13633/9/6 13584/9/6 13634/9/6
f 13585/9/6 13586/9/6 13635/9/6
f 13634/7/6 13585/7/6 13635/7/6
f 13635/9/6 13586/9/6 13636/9/6
f 13636/9/6 13586/9/6 13637/9/6
f 13615/8/6 13616/8/6 13638/8/6
f 13614/7/6 13615/7/6 13638/7/6
f 13638/8/6 13616/8/6 13639/8/6
f 13617/8/6 13618/8/6 13644/8/6
f 13618/7/6 13619/7/6 13645/7/6
f 13644/8/6 13618/8/6 13645/8/6
f 13619/7/6 13595/7/6 13646/7/6
f 13645/7/6 13619/7/6 13646/7/6
f 13646/7/6 13595/7/6 13647/7/6
f 13620/11/6 13621/11/6 13648/11/6
f 13647/7/6 13595/7/6 13648/7/6
f 13595/11/6 13620/11/6 13648/11/6
f 13648/11/6 13621/11/6 13649/11/6
f 13622/7/6 13623/7/6 13650/7/6
f 13649/11/6 13621/11/6 13650/11/6
f 13621/7/6 13622/7/6 13650/7/6
f 13650/7/6 13623/7/6 13651/7/6
f 13623/11/6 13624/11/6 13652/11/6
f 13651/7/6 13623/7/6 13652/7/6
f 13652/11/6 13624/11/6 13653/11/6
f 13653/11/6 13624/11/6 13654/11/6
f 13624/7/6 13625/7/6 13655/7/6
f 13654/11/6 13624/11/6 13655/11/6
f 13627/11/6 13601/11/6 13656/11/6
f 13626/4/6 13627/4/6 13656/4/6
f 13656/11/6 13601/11/6 13657/11/6
f 13603/4/6 13604/4/6 13658/4/6
f 13602/4/6 13603/4/6 13658/4/6
f 13601/4/6 13602/4/6 13658/4/6
f 13628/8/6 13629/8/6 13661/8/6
f 13629/7/6 13630/7/6 13662/7/6
f 13661/8/6 13629/8/6 13662/8/6
f 13630/7/6 13609/7/6 13663/7/6
f 13662/7/6 13630/7/6 13663/7/6
f 13609/11/6 13631/11/6 13664/11/6
f 13663/7/6 13609/7/6 13664/7/6
f 13631/7/6 13632/7/6 13665/7/6
f 13664/11/6 13631/11/6 13665/11/6
f 13633/7/6 13634/7/6 13665/7/6
f 13632/7/6 13633/7/6 13665/7/6
f 13665/7/6 13634/7/6 13666/7/6
f 13634/9/6 13635/9/6 13667/9/6
f 13666/7/6 13634/7/6 13667/7/6
f 13635/9/6 13636/9/6 13667/9/6
f 13667/9/6 13636/9/6 13668/9/6
f 13637/9/6 13586/9/6 13669/9/6
f 13669/9/6 13586/9/6 13670/9/6
f 13638/7/6 13639/7/6 13671/7/6
f 13639/8/6 13640/8/6 13671/8/6
f 13671/8/6 13640/8/6 13672/8/6
f 13641/8/6 13642/8/6 13673/8/6
f 13673/8/6 13642/8/6 13674/8/6
f 13643/8/6 13644/8/6 13675/8/6
f 13644/7/6 13645/7/6 13676/7/6
f 13645/7/6 13646/7/6 13676/7/6
f 13675/8/6 13644/8/6 13676/8/6
f 13676/7/6 13646/7/6 13677/7/6
f 13677/7/6 13646/7/6 13678/7/6
f 13646/14/6 13647/14/6 13679/14/6
f 13648/7/6 13649/7/6 13679/7/6
f 13647/7/6 13648/7/6 13679/7/6
f 13679/7/6 13649/7/6 13680/7/6
f 13650/11/6 13651/11/6 13681/11/6
f 13680/7/6 13649/7/6 13681/7/6
f 13649/11/6 13650/11/6 13681/11/6
f 13681/11/6 13651/11/6 13682/11/6
f 13651/7/6 13652/7/6 13683/7/6
f 13682/11/6 13651/11/6 13683/11/6
f 13652/7/6 13653/7/6 13683/7/6
f 13683/7/6 13653/7/6 13684/7/6
f 13653/11/6 13654/11/6 13685/11/6
f 13684/7/6 13653/7/6 13685/7/6
f 13654/7/6 13655/7/6 13686/7/6
f 13685/11/6 13654/11/6 13686/11/6
f 13660/8/6 13661/8/6 13688/8/6
f 13661/7/6 13662/7/6 13689/7/6
f 13662/7/6 13663/7/6 13689/7/6
f 13688/8/6 13661/8/6 13689/8/6
f 13689/7/6 13663/7/6 13690/7/6
f 13663/11/6 13664/11/6 13691/11/6
f 13690/7/6 13663/7/6 13691/7/6
f 13665/11/6 13666/11/6 13691/11/6
f 13664/11/6 13665/11/6 13691/11/6
f 13666/7/6 13667/7/6 13692/7/6
f 13691/11/6 13666/11/6 13692/11/6
f 13667/7/6 13668/7/6 13692/7/6
f 13692/7/6 13668/7/6 13693/7/6
f 13668/9/6 13636/9/6 13694/9/6
f 13693/7/6 13668/7/6 13694/7/6
f 13636/7/6 13637/7/6 13695/7/6
f 13694/9/6 13636/9/6 13695/9/6
f 13637/9/6 13669/9/6 13696/9/6
f 13695/7/6 13637/7/6 13696/7/6
f 13696/9/6 13669/9/6 13697/9/6
f 13697/9/6 13669/9/6 13698/9/6
f 13671/7/6 13672/7/6 13699/7/6
f 13672/8/6 13673/8/6 13699/8/6
f 13673/7/6 13674/7/6 13700/7/6
f 13699/8/6 13673/8/6 13700/8/6
f 13674/8/6 13675/8/6 13701/8/6
f 13700/7/6 13674/7/6 13701/7/6
f 13676/7/6 13677/7/6 13702/7/6
f 13701/8/6 13675/8/6 13702/8/6
f 13675/7/6 13676/7/6 13702/7/6
f 13679/14/6 13680/14/6 13703/14/6
f 13678/7/6 13646/7/6 13703/7/6
f 13646/14/6 13679/14/6 13703/14/6
f 13703/14/6 13680/14/6 13704/14/6
f 13683/11/6 13684/11/6 13705/11/6
f 13682/11/6 13683/11/6 13705/11/6
f 13681/7/6 13682/7/6 13705/7/6
f 13680/7/6 13681/7/6 13705/7/6
f 13705/11/6 13684/11/6 13706/11/6
f 13706/11/6 13684/11/6 13707/11/6
f 13685/7/6 13686/7/6 13708/7/6
f 13707/11/6 13684/11/6 13708/11/6
f 13684/7/6 13685/7/6 13708/7/6
f 13657/11/6 13601/11/6 13709/11/6
f 13656/4/6 13657/4/6 13709/4/6
f 13709/11/6 13601/11/6 13710/11/6
f 13710/11/6 13601/11/6 13711/11/6
f 13658/4/6 13659/4/6 13712/4/6
f 13711/11/6 13601/11/6 13712/11/6
f 13601/4/6 13658/4/6 13712/4/6
f 13712/4/6 13659/4/6 13713/4/6
f 13687/8/6 13688/8/6 13716/8/6
f 13689/7/6 13690/7/6 13717/7/6
f 13688/7/6 13689/7/6 13717/7/6
f 13716/8/6 13688/8/6 13717/8/6
f 13692/11/6 13693/11/6 13718/11/6
f 13693/7/6 13694/7/6 13718/7/6
f 13694/7/6 13695/7/6 13718/7/6
f 13691/11/6 13692/11/6 13718/11/6
f 13690/11/6 13691/11/6 13718/11/6
f 13718/7/6 13695/7/6 13719/7/6
f 13696/9/6 13697/9/6 13720/9/6
f 13695/9/6 13696/9/6 13720/9/6
f 13720/9/6 13697/9/6 13721/9/6
f 13702/7/6 13677/7/6 13722/7/6
f 13701/7/6 13702/7/6 13722/7/6
f 13699/7/6 13700/7/6 13722/7/6
f 13677/14/6 13678/14/6 13722/14/6
f 13700/7/6 13701/7/6 13722/7/6
f 13722/14/6 13678/14/6 13723/14/6
f 13706/11/6 13707/11/6 13724/11/6
f 13705/7/6 13706/7/6 13724/7/6
f 13707/7/6 13708/7/6 13725/7/6
f 13724/11/6 13707/11/6 13725/11/6
f 13710/11/6 13711/11/6 13726/11/6
f 13709/4/6 13710/4/6 13726/4/6
f 13726/11/6 13711/11/6 13727/11/6
f 13713/4/6 13714/4/6 13728/4/6
f 13727/11/6 13711/11/6 13728/11/6
f 13712/4/6 13713/4/6 13728/4/6
f 13711/4/6 13712/4/6 13728/4/6
f 13728/4/6 13714/4/6 13729/4/6
f 13715/8/6 13716/8/6 13731/8/6
f 13716/7/6 13717/7/6 13732/7/6
f 13731/8/6 13716/8/6 13732/8/6
f 13719/7/6 13695/7/6 13733/7/6
f 13695/9/6 13720/9/6 13734/9/6
f 13733/7/6 13695/7/6 13734/7/6
f 13723/14/6 13678/14/6 13735/14/6
f 13703/7/6 13704/7/6 13735/7/6
f 13678/7/6 13703/7/6 13735/7/6
f 13735/7/6 13704/7/6 13736/7/6
f 13704/14/6 13680/14/6 13737/14/6
f 13736/7/6 13704/7/6 13737/7/6
f 13724/7/6 13725/7/6 13738/7/6
f 13737/14/6 13680/14/6 13738/14/6
f 13705/7/6 13724/7/6 13738/7/6
f 13680/7/6 13705/7/6 13738/7/6
f 13738/7/6 13725/7/6 13739/7/6
f 13725/7/6 13708/7/6 13740/7/6
f 13739/7/6 13725/7/6 13740/7/6
f 13708/7/6 13686/7/6 13740/7/6
f 13625/7/6 13600/7/6 13741/7/6
f 13740/7/6 13686/7/6 13741/7/6
f 13655/7/6 13625/7/6 13741/7/6
f 13686/7/6 13655/7/6 13741/7/6
f 13726/4/6 13727/4/6 13742/4/6
f 13709/4/6 13726/4/6 13742/4/6
f 13728/11/6 13729/11/6 13743/11/6
f 13742/4/6 13727/4/6 13743/4/6
f 13727/11/6 13728/11/6 13743/11/6
f 13743/11/6 13729/11/6 13744/11/6
f 13729/4/6 13714/4/6 13745/4/6
f 13744/11/6 13729/11/6 13745/11/6
f 13745/4/6 13714/4/6 13746/4/6
f 13730/8/6 13731/8/6 13747/8/6
f 13731/7/6 13732/7/6 13748/7/6
f 13747/8/6 13731/8/6 13748/8/6
f 13717/7/6 13690/7/6 13749/7/6
f 13748/7/6 13732/7/6 13749/7/6
f 13690/11/6 13718/11/6 13749/11/6
f 13732/7/6 13717/7/6 13749/7/6
f 13718/11/6 13719/11/6 13749/11/6
f 13749/11/6 13719/11/6 13750/11/6
f 13719/7/6 13733/7/6 13751/7/6
f 13750/11/6 13719/11/6 13751/11/6
f 13751/7/6 13733/7/6 13752/7/6
f 13752/7/6 13733/7/6 13753/7/6
f 13753/7/6 13733/7/6 13754/7/6
f 13734/9/6 13720/9/6 13755/9/6
f 13755/9/6 13720/9/6 13756/9/6
f 13699/7/6 13722/7/6 13757/7/6
f 13722/7/6 13723/7/6 13757/7/6
f 13757/7/6 13723/7/6 13758/7/6
f 13735/14/6 13736/14/6 13759/14/6
f 13758/7/6 13723/7/6 13759/7/6
f 13723/14/6 13735/14/6 13759/14/6
f 13759/14/6 13736/14/6 13760/14/6
f 13739/7/6 13740/7/6 13761/7/6
f 13740/11/6 13741/11/6 13762/11/6
f 13761/7/6 13740/7/6 13762/7/6
f 13743/11/6 13744/11/6 13763/11/6
f 13709/4/6 13742/4/6 13763/4/6
f 13742/11/6 13743/11/6 13763/11/6
f 13763/11/6 13744/11/6 13764/11/6
f 13745/4/6 13746/4/6 13765/4/6
f 13764/11/6 13744/11/6 13765/11/6
f 13744/4/6 13745/4/6 13765/4/6
f 13765/4/6 13746/4/6 13766/4/6
f 13766/4/6 13746/4/6 13767/4/6
f 13746/8/6 13747/8/6 13768/8/6
f 13767/4/6 13746/4/6 13768/4/6
f 13768/8/6 13747/8/6 13769/8/6
f 13747/7/6 13748/7/6 13770/7/6
f 13769/8/6 13747/8/6 13770/8/6
f 13749/7/6 13750/7/6 13770/7/6
f 13748/7/6 13749/7/6 13770/7/6
f 13750/11/6 13751/11/6 13771/11/6
f 13770/7/6 13750/7/6 13771/7/6
f 13751/11/6 13752/11/6 13771/11/6
f 13771/11/6 13752/11/6 13772/11/6
f 13752/7/6 13753/7/6 13773/7/6
f 13773/7/6 13753/7/6 13774/7/6
f 13734/9/6 13755/9/6 13775/9/6
f 13775/9/6 13755/9/6 13776/9/6
f 13671/7/6 13699/7/6 13777/7/6
f 13699/7/6 13757/7/6 13777/7/6
f 13589/7/6 13614/7/6 13777/7/6
f 13638/7/6 13671/7/6 13777/7/6
f 13614/7/6 13638/7/6 13777/7/6
f 13777/7/6 13757/7/6 13778/7/6
f 13778/7/6 13757/7/6 13779/7/6
f 13757/14/6 13758/14/6 13780/14/6
f 13779/7/6 13757/7/6 13780/7/6
f 13759/7/6 13760/7/6 13781/7/6
f 13780/14/6 13758/14/6 13781/14/6
f 13758/7/6 13759/7/6 13781/7/6
f 13760/14/6 13736/14/6 13782/14/6
f 13781/7/6 13760/7/6 13782/7/6
f 13738/14/6 13739/14/6 13783/14/6
f 13736/7/6 13737/7/6 13783/7/6
f 13737/7/6 13738/7/6 13783/7/6
f 13739/7/6 13761/7/6 13784/7/6
f 13783/14/6 13739/14/6 13784/14/6
f 13784/7/6 13761/7/6 13785/7/6
f 13785/7/6 13761/7/6 13786/7/6
f 13761/11/6 13762/11/6 13787/11/6
f 13786/7/6 13761/7/6 13787/7/6
f 13741/7/6 13600/7/6 13788/7/6
f 13787/11/6 13762/11/6 13788/11/6
f 13762/11/6 13741/11/6 13788/11/6
f 13600/7/6 13572/7/6 13789/7/6
f 13788/7/6 13600/7/6 13789/7/6
f 13763/4/6 13764/4/6 13790/4/6
f 13709/4/6 13763/4/6 13790/4/6
f 13764/11/6 13765/11/6 13791/11/6
f 13790/4/6 13764/4/6 13791/4/6
f 13765/11/6 13766/11/6 13791/11/6
f 13791/11/6 13766/11/6 13792/11/6
f 13766/4/6 13767/4/6 13793/4/6
f 13792/11/6 13766/11/6 13793/11/6
f 13793/4/6 13767/4/6 13794/4/6
f 13767/8/6 13768/8/6 13795/8/6
f 13794/4/6 13767/4/6 13795/4/6
f 13768/9/6 13769/9/6 13796/9/6
f 13795/8/6 13768/8/6 13796/8/6
f 13771/7/6 13772/7/6 13797/7/6
f 13796/9/6 13769/9/6 13797/9/6
f 13770/7/6 13771/7/6 13797/7/6
f 13769/7/6 13770/7/6 13797/7/6
f 13797/7/6 13772/7/6 13798/7/6
f 13772/11/6 13752/11/6 13799/11/6
f 13798/7/6 13772/7/6 13799/7/6
f 13799/11/6 13752/11/6 13800/11/6
f 13752/7/6 13773/7/6 13801/7/6
f 13801/7/6 13773/7/6 13802/7/6
f 13734/9/6 13775/9/6 13803/9/6
f 13803/9/6 13775/9/6 13804/9/6
f 13780/14/6 13781/14/6 13805/14/6
f 13781/14/6 13782/14/6 13805/14/6
f 13779/14/6 13780/14/6 13805/14/6
f 13805/14/6 13782/14/6 13806/14/6
f 13806/14/6 13782/14/6 13807/14/6
f 13782/14/6 13736/14/6 13808/14/6
f 13807/14/6 13782/14/6 13808/14/6
f 13783/7/6 13784/7/6 13808/7/6
f 13736/7/6 13783/7/6 13808/7/6
f 13808/7/6 13784/7/6 13809/7/6
f 13785/7/6 13786/7/6 13810/7/6
f 13810/7/6 13786/7/6 13811/7/6
f 13709/4/6 13790/4/6 13812/4/6
f 13656/4/6 13709/4/6 13812/4/6
f 13790/11/6 13791/11/6 13813/11/6
f 13812/4/6 13790/4/6 13813/4/6
f 13791/11/6 13792/11/6 13813/11/6
f 13793/4/6 13794/4/6 13814/4/6
f 13813/11/6 13792/11/6 13814/11/6
f 13792/4/6 13793/4/6 13814/4/6
f 13814/4/6 13794/4/6 13815/4/6
f 13815/4/6 13794/4/6 13816/4/6
f 13794/8/6 13795/8/6 13817/8/6
f 13816/4/6 13794/4/6 13817/4/6
f 13795/9/6 13796/9/6 13818/9/6
f 13817/8/6 13795/8/6 13818/8/6
f 13797/9/6 13798/9/6 13818/9/6
f 13796/9/6 13797/9/6 13818/9/6
f 13799/7/6 13800/7/6 13819/7/6
f 13818/9/6 13798/9/6 13819/9/6
f 13798/7/6 13799/7/6 13819/7/6
f 13819/7/6 13800/7/6 13820/7/6
f 13800/11/6 13752/11/6 13821/11/6
f 13820/7/6 13800/7/6 13821/7/6
f 13821/11/6 13752/11/6 13822/11/6
f 13752/7/6 13801/7/6 13823/7/6
f 13823/7/6 13801/7/6 13824/7/6
f 13734/9/6 13803/9/6 13825/9/6
f 13825/9/6 13803/9/6 13826/9/6
f 13826/9/6 13803/9/6 13827/9/6
f 13827/9/6 13803/9/6 13828/9/6
f 13778/7/6 13779/7/6 13829/7/6
f 13779/14/6 13805/14/6 13829/14/6
f 13829/14/6 13805/14/6 13830/14/6
f 13830/14/6 13805/14/6 13831/14/6
f 13805/7/6 13806/7/6 13832/7/6
f 13831/14/6 13805/14/6 13832/14/6
f 13806/14/6 13807/14/6 13833/14/6
f 13807/7/6 13808/7/6 13833/7/6
f 13833/7/6 13808/7/6 13834/7/6
f 13809/7/6 13784/7/6 13835/7/6
f 13808/14/6 13809/14/6 13835/14/6
f 13835/7/6 13784/7/6 13836/7/6
f 13784/14/6 13785/14/6 13837/14/6
f 13785/7/6 13810/7/6 13837/7/6
f 13837/7/6 13810/7/6 13838/7/6
f 13810/14/6 13811/14/6 13839/14/6
f 13811/7/6 13786/7/6 13840/7/6
f 13839/14/6 13811/14/6 13840/14/6
f 13840/7/6 13786/7/6 13841/7/6
f 13841/7/6 13786/7/6 13842/7/6
f 13786/11/6 13787/11/6 13843/11/6
f 13842/7/6 13786/7/6 13843/7/6
f 13787/11/6 13788/11/6 13843/11/6
f 13788/11/6 13789/11/6 13843/11/6
f 13789/7/6 13572/7/6 13844/7/6
f 13843/11/6 13789/11/6 13844/11/6
f 13844/7/6 13572/7/6 13845/7/6
f 13812/11/6 13813/11/6 13846/11/6
f 13814/11/6 13815/11/6 13846/11/6
f 13813/11/6 13814/11/6 13846/11/6
f 13846/11/6 13815/11/6 13847/11/6
f 13815/4/6 13816/4/6 13848/4/6
f 13847/11/6 13815/11/6 13848/11/6
f 13816/8/6 13817/8/6 13849/8/6
f 13848/4/6 13816/4/6 13849/4/6
f 13819/9/6 13820/9/6 13850/9/6
f 13849/8/6 13817/8/6 13850/8/6
f 13817/9/6 13818/9/6 13850/9/6
f 13818/9/6 13819/9/6 13850/9/6
f 13820/7/6 13821/7/6 13851/7/6
f 13850/9/6 13820/9/6 13851/9/6
f 13821/7/6 13822/7/6 13851/7/6
f 13851/7/6 13822/7/6 13852/7/6
f 13822/11/6 13752/11/6 13853/11/6
f 13852/7/6 13822/7/6 13853/7/6
f 13853/11/6 13752/11/6 13854/11/6
f 13752/7/6 13823/7/6 13855/7/6
f 13855/7/6 13823/7/6 13856/7/6
f 13826/9/6 13827/9/6 13857/9/6
f 13857/9/6 13827/9/6 13858/9/6
f 13858/9/6 13827/9/6 13859/9/6
f 13859/9/6 13827/9/6 13860/9/6
f 13829/7/6 13830/7/6 13861/7/6
f 13830/14/6 13831/14/6 13862/14/6
f 13861/7/6 13830/7/6 13862/7/6
f 13832/7/6 13806/7/6 13863/7/6
f 13833/14/6 13834/14/6 13863/14/6
f 13831/7/6 13832/7/6 13863/7/6
f 13806/14/6 13833/14/6 13863/14/6
f 13863/14/6 13834/14/6 13864/14/6
f 13834/7/6 13808/7/6 13865/7/6
f 13835/14/6 13836/14/6 13865/14/6
f 13808/14/6 13835/14/6 13865/14/6
f 13865/14/6 13836/14/6 13866/14/6
f 13836/7/6 13784/7/6 13867/7/6
f 13837/14/6 13838/14/6 13867/14/6
f 13784/14/6 13837/14/6 13867/14/6
f 13867/14/6 13838/14/6 13868/14/6
f 13838/7/6 13810/7/6 13869/7/6
f 13810/14/6 13839/14/6 13870/14/6
f 13869/7/6 13810/7/6 13870/7/6
f 13839/1/6 13840/1/6 13871/1/6
f 13870/14/6 13839/14/6 13871/14/6
f 13840/14/6 13841/14/6 13872/14/6
f 13871/1/6 13840/1/6 13872/1/6
f 13841/7/6 13842/7/6 13873/7/6
f 13872/14/6 13841/14/6 13873/14/6
f 13873/7/6 13842/7/6 13874/7/6
f 13844/11/6 13845/11/6 13875/11/6
f 13874/7/6 13842/7/6 13875/7/6
f 13843/11/6 13844/11/6 13875/11/6
f 13842/11/6 13843/11/6 13875/11/6
f 13875/11/6 13845/11/6 13876/11/6
f 13812/11/6 13846/11/6 13877/11/6
f 13656/4/6 13812/4/6 13877/4/6
f 13877/11/6 13846/11/6 13878/11/6
f 13846/8/6 13847/8/6 13879/8/6
f 13878/11/6 13846/11/6 13879/11/6
f 13847/11/6 13848/11/6 13880/11/6
f 13879/8/6 13847/8/6 13880/8/6
f 13848/8/6 13849/8/6 13881/8/6
f 13880/11/6 13848/11/6 13881/11/6
f 13851/9/6 13852/9/6 13882/9/6
f 13881/8/6 13849/8/6 13882/8/6
f 13849/9/6 13850/9/6 13882/9/6
f 13850/9/6 13851/9/6 13882/9/6
f 13854/11/6 13752/11/6 13883/11/6
f 13852/7/6 13853/7/6 13883/7/6
f 13853/7/6 13854/7/6 13883/7/6
f 13883/11/6 13752/11/6 13884/11/6
f 13829/7/6 13861/7/6 13885/7/6
f 13861/14/6 13862/14/6 13886/14/6
f 13885/7/6 13861/7/6 13886/7/6
f 13862/14/6 13831/14/6 13887/14/6
f 13886/14/6 13862/14/6 13887/14/6
f 13863/7/6 13864/7/6 13887/7/6
f 13831/7/6 13863/7/6 13887/7/6
f 13887/7/6 13864/7/6 13888/7/6
f 13864/14/6 13834/14/6 13889/14/6
f 13888/7/6 13864/7/6 13889/7/6
f 13865/7/6 13866/7/6 13890/7/6
f 13889/14/6 13834/14/6 13890/14/6
f 13834/7/6 13865/7/6 13890/7/6
f 13890/7/6 13866/7/6 13891/7/6
f 13866/14/6 13836/14/6 13892/14/6
f 13867/7/6 13868/7/6 13892/7/6
f 13836/7/6 13867/7/6 13892/7/6
f 13892/7/6 13868/7/6 13893/7/6
f 13868/14/6 13838/14/6 13894/14/6
f 13893/7/6 13868/7/6 13894/7/6
f 13838/7/6 13869/7/6 13895/7/6
f 13894/14/6 13838/14/6 13895/14/6
f 13895/7/6 13869/7/6 13896/7/6
f 13871/1/6 13872/1/6 13897/1/6
f 13870/1/6 13871/1/6 13897/1/6
f 13873/14/6 13874/14/6 13897/14/6
f 13872/1/6 13873/1/6 13897/1/6
f 13875/7/6 13876/7/6 13898/7/6
f 13897/14/6 13874/14/6 13898/14/6
f 13874/7/6 13875/7/6 13898/7/6
f 13898/7/6 13876/7/6 13899/7/6
f 13876/11/6 13845/11/6 13900/11/6
f 13899/7/6 13876/7/6 13900/7/6
f 13900/11/6 13845/11/6 13901/11/6
f 13880/9/6 13881/9/6 13902/9/6
f 13883/7/6 13884/7/6 13902/7/6
f 13879/9/6 13880/9/6 13902/9/6
f 13881/9/6 13882/9/6 13902/9/6
f 13882/9/6 13852/9/6 13902/9/6
f 13852/7/6 13883/7/6 13902/7/6
f 13902/7/6 13884/7/6 13903/7/6
f 13884/11/6 13752/11/6 13904/11/6
f 13903/7/6 13884/7/6 13904/7/6
f 13904/11/6 13752/11/6 13905/11/6
f 13752/7/6 13855/7/6 13906/7/6
f 13905/11/6 13752/11/6 13906/11/6
f 13906/7/6 13855/7/6 13907/7/6
f 13907/7/6 13855/7/6 13908/7/6
f 13908/7/6 13855/7/6 13909/7/6
f 13858/9/6 13859/9/6 13910/9/6
f 13910/9/6 13859/9/6 13911/9/6
f 13829/7/6 13885/7/6 13912/7/6
f 13912/7/6 13885/7/6 13913/7/6
f 13885/14/6 13886/14/6 13914/14/6
f 13887/14/6 13888/14/6 13914/14/6
f 13886/14/6 13887/14/6 13914/14/6
f 13914/14/6 13888/14/6 13915/14/6
f 13893/7/6 13894/7/6 13916/7/6
f 13894/7/6 13895/7/6 13916/7/6
f 13892/14/6 13893/14/6 13916/14/6
f 13916/7/6 13895/7/6 13917/7/6
f 13896/7/6 13869/7/6 13918/7/6
f 13869/14/6 13870/14/6 13919/14/6
f 13918/7/6 13869/7/6 13919/7/6
f 13870/1/6 13897/1/6 13920/1/6
f 13919/14/6 13870/14/6 13920/14/6
f 13897/1/6 13898/1/6 13920/1/6
f 13901/11/6 13845/11/6 13921/11/6
f 13900/7/6 13901/7/6 13921/7/6
f 13899/7/6 13900/7/6 13921/7/6
f 13921/11/6 13845/11/6 13922/11/6
f 13922/11/6 13845/11/6 13923/11/6
f 13923/11/6 13845/11/6 13924/11/6
f 13877/4/6 13878/4/6 13925/4/6
f 13878/11/6 13879/11/6 13925/11/6
f 13925/11/6 13879/11/6 13926/11/6
f 13926/11/6 13879/11/6 13927/11/6
f 13902/9/6 13903/9/6 13928/9/6
f 13927/11/6 13879/11/6 13928/11/6
f 13879/9/6 13902/9/6 13928/9/6
f 13904/7/6 13905/7/6 13929/7/6
f 13928/9/6 13903/9/6 13929/9/6
f 13903/7/6 13904/7/6 13929/7/6
f 13929/7/6 13905/7/6 13930/7/6
f 13905/11/6 13906/11/6 13931/11/6
f 13930/7/6 13905/7/6 13931/7/6
f 13906/11/6 13907/11/6 13931/11/6
f 13931/11/6 13907/11/6 13932/11/6
f 13907/7/6 13908/7/6 13933/7/6
f 13933/7/6 13908/7/6 13934/7/6
f 13911/9/6 13859/9/6 13935/9/6
f 13935/9/6 13859/9/6 13936/9/6
f 13913/7/6 13885/7/6 13937/7/6
f 13912/14/6 13913/14/6 13937/14/6
f 13937/7/6 13885/7/6 13938/7/6
f 13885/14/6 13914/14/6 13939/14/6
f 13914/1/6 13915/1/6 13940/1/6
f 13939/14/6 13914/14/6 13940/14/6
f 13890/14/6 13891/14/6 13941/14/6
f 13888/7/6 13889/7/6 13941/7/6
f 13889/7/6 13890/7/6 13941/7/6
f 13891/7/6 13866/7/6 13942/7/6
f 13941/14/6 13891/14/6 13942/14/6
f 13942/7/6 13866/7/6 13943/7/6
f 13866/14/6 13892/14/6 13944/14/6
f 13943/7/6 13866/7/6 13944/7/6
f 13892/14/6 13916/14/6 13944/14/6
f 13916/14/6 13917/14/6 13944/14/6
f 13944/14/6 13917/14/6 13945/14/6
f 13945/14/6 13917/14/6 13946/14/6
f 13917/7/6 13895/7/6 13947/7/6
f 13946/14/6 13917/14/6 13947/14/6
f 13947/7/6 13895/7/6 13948/7/6
f 13922/11/6 13923/11/6 13949/11/6
f 13921/7/6 13922/7/6 13949/7/6
f 13923/7/6 13924/7/6 13950/7/6
f 13949/11/6 13923/11/6 13950/11/6
f 13925/4/6 13926/4/6 13951/4/6
f 13926/8/6 13927/8/6 13952/8/6
f 13951/4/6 13926/4/6 13952/4/6
f 13927/9/6 13928/9/6 13953/9/6
f 13952/8/6 13927/8/6 13953/8/6
f 13929/9/6 13930/9/6 13953/9/6
f 13928/9/6 13929/9/6 13953/9/6
f 13930/7/6 13931/7/6 13954/7/6
f 13953/9/6 13930/9/6 13954/9/6
f 13931/7/6 13932/7/6 13954/7/6
f 13954/7/6 13932/7/6 13955/7/6
f 13932/11/6 13907/11/6 13956/11/6
f 13955/7/6 13932/7/6 13956/7/6
f 13956/11/6 13907/11/6 13957/11/6
f 13907/7/6 13933/7/6 13958/7/6
f 13958/7/6 13933/7/6 13959/7/6
f 13936/9/6 13859/9/6 13960/9/6
f 13960/9/6 13859/9/6 13961/9/6
f 13961/9/6 13859/9/6 13962/9/6
f 13962/9/6 13859/9/6 13963/9/6
f 13938/7/6 13885/7/6 13964/7/6
f 13937/14/6 13938/14/6 13964/14/6
f 13964/7/6 13885/7/6 13965/7/6
f 13885/14/6 13939/14/6 13966/14/6
f 13939/1/6 13940/1/6 13967/1/6
f 13966/14/6 13939/14/6 13967/14/6
f 13946/7/6 13947/7/6 13968/7/6
f 13947/14/6 13948/14/6 13968/14/6
f 13948/7/6 13895/7/6 13969/7/6
f 13968/14/6 13948/14/6 13969/14/6
f 13895/14/6 13896/14/6 13970/14/6
f 13969/7/6 13895/7/6 13970/7/6
f 13896/7/6 13918/7/6 13971/7/6
f 13970/14/6 13896/14/6 13971/14/6
f 13971/7/6 13918/7/6 13972/7/6
f 13972/7/6 13918/7/6 13973/7/6
f 13918/14/6 13919/14/6 13974/14/6
f 13973/7/6 13918/7/6 13974/7/6
f 13919/1/6 13920/1/6 13975/1/6
f 13974/14/6 13919/14/6 13975/14/6
f 13920/1/6 13898/1/6 13976/1/6
f 13975/1/6 13920/1/6 13976/1/6
f 13898/14/6 13899/14/6 13977/14/6
f 13976/1/6 13898/1/6 13977/1/6
f 12623/4/6 12647/4/6 13978/4/6
f 12560/4/6 12572/4/6 13978/4/6
f 12541/4/6 12560/4/6 13978/4/6
f 12572/4/6 12623/4/6 13978/4/6
f 12647/4/6 12673/4/6 13978/4/6
f 12673/4/6 13626/4/6 13978/4/6
f 13925/4/6 13951/4/6 13978/4/6
f 13626/4/6 13656/4/6 13978/4/6
f 13656/4/6 13877/4/6 13978/4/6
f 13877/4/6 13925/4/6 13978/4/6
f 13978/4/6 13951/4/6 13979/4/6
f 13956/7/6 13957/7/6 13980/7/6
f 13955/7/6 13956/7/6 13980/7/6
f 13953/9/6 13954/9/6 13980/9/6
f 13954/9/6 13955/9/6 13980/9/6
f 13952/9/6 13953/9/6 13980/9/6
f 13980/7/6 13957/7/6 13981/7/6
f 13957/11/6 13907/11/6 13982/11/6
f 13982/11/6 13907/11/6 13983/11/6
f 13907/7/6 13958/7/6 13984/7/6
f 13984/7/6 13958/7/6 13985/7/6
f 13961/9/6 13962/9/6 13986/9/6
f 13986/9/6 13962/9/6 13987/9/6
f 13885/14/6 13966/14/6 13988/14/6
f 13966/1/6 13967/1/6 13989/1/6
f 13988/14/6 13966/14/6 13989/14/6
f 13942/14/6 13943/14/6 13990/14/6
f 13941/7/6 13942/7/6 13990/7/6
f 13944/7/6 13945/7/6 13991/7/6
f 13990/14/6 13943/14/6 13991/14/6
f 13943/7/6 13944/7/6 13991/7/6
f 13991/7/6 13945/7/6 13992/7/6
f 13945/14/6 13946/14/6 13993/14/6
f 13992/7/6 13945/7/6 13993/7/6
f 13968/7/6 13969/7/6 13994/7/6
f 13993/14/6 13946/14/6 13994/14/6
f 13946/7/6 13968/7/6 13994/7/6
f 13994/7/6 13969/7/6 13995/7/6
f 13970/7/6 13971/7/6 13996/7/6
f 13969/14/6 13970/14/6 13996/14/6
f 13971/14/6 13972/14/6 13997/14/6
f 13996/7/6 13971/7/6 13997/7/6
f 13974/1/6 13975/1/6 13998/1/6
f 13973/14/6 13974/14/6 13998/14/6
f 13975/1/6 13976/1/6 13998/1/6
f 13976/14/6 13977/14/6 13999/14/6
f 13998/1/6 13976/1/6 13999/1/6
f 13977/14/6 13899/14/6 14000/14/6
f 13999/14/6 13977/14/6 14000/14/6
f 13921/7/6 13949/7/6 14001/7/6
f 14000/14/6 13899/14/6 14001/14/6
f 13949/7/6 13950/7/6 14001/7/6
f 13899/7/6 13921/7/6 14001/7/6
f 13978/8/6 13979/8/6 14002/8/6
f 14002/8/6 13979/8/6 14003/8/6
f 13979/4/6 13951/4/6 14004/4/6
f 14003/8/6 13979/8/6 14004/8/6
f 14004/4/6 13951/4/6 14005/4/6
f 14005/4/6 13951/4/6 14006/4/6
f 13951/8/6 13952/8/6 14007/8/6
f 14006/4/6 13951/4/6 14007/4/6
f 13952/9/6 13980/9/6 14008/9/6
f 14007/8/6 13952/8/6 14008/8/6
f 13980/9/6 13981/9/6 14008/9/6
f 13981/7/6 13957/7/6 14009/7/6
f 13957/11/6 13982/11/6 14009/11/6
f 13982/7/6 13983/7/6 14010/7/6
f 14009/11/6 13982/11/6 14010/11/6
f 13983/11/6 13907/11/6 14011/11/6
f 14010/7/6 13983/7/6 14011/7/6
f 13907/7/6 13984/7/6 14012/7/6
f 14012/7/6 13984/7/6 14013/7/6
f 13987/9/6 13962/9/6 14014/9/6
f 14014/9/6 13962/9/6 14015/9/6
f 13964/14/6 13965/14/6 14016/14/6
f 13965/7/6 13885/7/6 14016/7/6
f 14016/7/6 13885/7/6 14017/7/6
f 13885/14/6 13988/14/6 14018/14/6
f 13988/1/6 13989/1/6 14019/1/6
f 14018/14/6 13988/14/6 14019/14/6
f 13989/1/6 13967/1/6 14020/1/6
f 14019/1/6 13989/1/6 14020/1/6
f 13940/1/6 13915/1/6 14020/1/6
f 13967/1/6 13940/1/6 14020/1/6
f 13915/14/6 13888/14/6 14021/14/6
f 14020/1/6 13915/1/6 14021/1/6
f 13888/7/6 13941/7/6 14022/7/6
f 14021/14/6 13888/14/6 14022/14/6
f 13990/7/6 13991/7/6 14022/7/6
f 13941/7/6 13990/7/6 14022/7/6
f 14022/7/6 13991/7/6 14023/7/6
f 13969/14/6 13996/14/6 14024/14/6
f 13995/7/6 13969/7/6 14024/7/6
f 13996/14/6 13997/14/6 14024/14/6
f 14024/14/6 13997/14/6 14025/14/6
f 13997/14/6 13972/14/6 14026/14/6
f 14025/14/6 13997/14/6 14026/14/6
f 13972/7/6 13973/7/6 14027/7/6
f 14026/14/6 13972/14/6 14027/14/6
f 14027/7/6 13973/7/6 14028/7/6
f 14028/7/6 13973/7/6 14029/7/6
f 13998/14/6 13999/14/6 14030/14/6
f 14029/7/6 13973/7/6 14030/7/6
f 13973/14/6 13998/14/6 14030/14/6
f 13999/14/6 14000/14/6 14030/14/6
f 14030/14/6 14000/14/6 14031/14/6
f 14000/7/6 14001/7/6 14032/7/6
f 14031/14/6 14000/14/6 14032/14/6
f 14004/8/6 14005/8/6 14033/8/6
f 14003/8/6 14004/8/6 14033/8/6
f 14033/8/6 14005/8/6 14034/8/6
f 14005/4/6 14006/4/6 14035/4/6
f 14034/8/6 14005/8/6 14035/8/6
f 14035/4/6 14006/4/6 14036/4/6
f 14036/4/6 14006/4/6 14037/4/6
f 14006/8/6 14007/8/6 14038/8/6
f 14037/4/6 14006/4/6 14038/4/6
f 14038/8/6 14007/8/6 14039/8/6
f 14007/9/6 14008/9/6 14040/9/6
f 14039/8/6 14007/8/6 14040/8/6
f 14009/7/6 14010/7/6 14041/7/6
f 14040/9/6 14008/9/6 14041/9/6
f 14008/9/6 13981/9/6 14041/9/6
f 13981/7/6 14009/7/6 14041/7/6
f 14041/7/6 14010/7/6 14042/7/6
f 14042/7/6 14010/7/6 14043/7/6
f 14010/11/6 14011/11/6 14044/11/6
f 14043/7/6 14010/7/6 14044/7/6
f 13907/7/6 14012/7/6 14045/7/6
f 14045/7/6 14012/7/6 14046/7/6
f 13885/14/6 14018/14/6 14047/14/6
f 14019/1/6 14020/1/6 14048/1/6
f 14047/14/6 14018/14/6 14048/14/6
f 14018/1/6 14019/1/6 14048/1/6
f 14048/1/6 14020/1/6 14049/1/6
f 14020/14/6 14021/14/6 14050/14/6
f 14049/1/6 14020/1/6 14050/1/6
f 14021/1/6 14022/1/6 14051/1/6
f 14050/14/6 14021/14/6 14051/14/6
f 14022/14/6 14023/14/6 14052/14/6
f 14051/1/6 14022/1/6 14052/1/6
f 14024/7/6 14025/7/6 14053/7/6
f 14025/14/6 14026/14/6 14053/14/6
f 14026/7/6 14027/7/6 14054/7/6
f 14053/14/6 14026/14/6 14054/14/6
f 14027/14/6 14028/14/6 14055/14/6
f 14054/7/6 14027/7/6 14055/7/6
f 14028/7/6 14029/7/6 14056/7/6
f 14029/14/6 14030/14/6 14057/14/6
f 14056/7/6 14029/7/6 14057/7/6
f 14030/14/6 14031/14/6 14057/14/6
f 14031/7/6 14032/7/6 14058/7/6
f 14057/14/6 14031/14/6 14058/14/6
f 14035/8/6 14036/8/6 14059/8/6
f 14034/8/6 14035/8/6 14059/8/6
f 14036/4/6 14037/4/6 14060/4/6
f 14059/8/6 14036/8/6 14060/8/6
f 14037/8/6 14038/8/6 14061/8/6
f 14060/4/6 14037/4/6 14061/4/6
f 14038/8/6 14039/8/6 14061/8/6
f 14061/8/6 14039/8/6 14062/8/6
f 14039/9/6 14040/9/6 14063/9/6
f 14062/8/6 14039/8/6 14063/8/6
f 14041/9/6 14042/9/6 14063/9/6
f 14040/9/6 14041/9/6 14063/9/6
f 14042/7/6 14043/7/6 14064/7/6
f 14063/9/6 14042/9/6 14064/9/6
f 14064/7/6 14043/7/6 14065/7/6
f 14043/11/6 14044/11/6 14066/11/6
f 14065/7/6 14043/7/6 14066/7/6
f 14066/11/6 14044/11/6 14067/11/6
f 14044/11/6 14011/11/6 14068/11/6
f 14067/11/6 14044/11/6 14068/11/6
f 14011/11/6 13907/11/6 14068/11/6
f 13907/7/6 14045/7/6 14069/7/6
f 14068/11/6 13907/11/6 14069/11/6
f 14069/7/6 14045/7/6 14070/7/6
f 14070/7/6 14045/7/6 14071/7/6
f 13885/14/6 14047/14/6 14072/14/6
f 14048/1/6 14049/1/6 14072/1/6
f 14047/1/6 14048/1/6 14072/1/6
f 14049/14/6 14050/14/6 14073/14/6
f 14072/1/6 14049/1/6 14073/1/6
f 14050/7/6 14051/7/6 14074/7/6
f 14073/14/6 14050/14/6 14074/14/6
f 14051/14/6 14052/14/6 14075/14/6
f 14074/7/6 14051/7/6 14075/7/6
f 14052/14/6 14023/14/6 14076/14/6
f 14075/14/6 14052/14/6 14076/14/6
f 13991/14/6 13992/14/6 14077/14/6
f 14023/7/6 13991/7/6 14077/7/6
f 13992/7/6 13993/7/6 14078/7/6
f 14077/14/6 13992/14/6 14078/14/6
f 13993/7/6 13994/7/6 14078/7/6
f 14078/7/6 13994/7/6 14079/7/6
f 14061/8/6 14062/8/6 14080/8/6
f 14060/8/6 14061/8/6 14080/8/6
f 14080/8/6 14062/8/6 14081/8/6
f 14063/9/6 14064/9/6 14082/9/6
f 14081/8/6 14062/8/6 14082/8/6
f 14062/9/6 14063/9/6 14082/9/6
f 14064/9/6 14065/9/6 14082/9/6
f 14066/7/6 14067/7/6 14083/7/6
f 14082/9/6 14065/9/6 14083/9/6
f 14065/7/6 14066/7/6 14083/7/6
f 14083/7/6 14067/7/6 14084/7/6
f 14067/11/6 14068/11/6 14085/11/6
f 14084/7/6 14067/7/6 14085/7/6
f 14085/11/6 14068/11/6 14086/11/6
f 14069/7/6 14070/7/6 14087/7/6
f 14086/11/6 14068/11/6 14087/11/6
f 14068/7/6 14069/7/6 14087/7/6
f 14087/7/6 14070/7/6 14088/7/6
f 14088/7/6 14070/7/6 14089/7/6
f 14089/7/6 14070/7/6 14090/7/6
f 13829/7/6 13912/7/6 14091/7/6
f 13778/7/6 13829/7/6 14091/7/6
f 14091/7/6 13912/7/6 14092/7/6
f 13937/14/6 13964/14/6 14093/14/6
f 14092/7/6 13912/7/6 14093/7/6
f 14016/14/6 14017/14/6 14093/14/6
f 13912/14/6 13937/14/6 14093/14/6
f 13964/14/6 14016/14/6 14093/14/6
f 14093/14/6 14017/14/6 14094/14/6
f 14094/14/6 14017/14/6 14095/14/6
f 14095/14/6 14017/14/6 14096/14/6
f 14017/7/6 13885/7/6 14097/7/6
f 14096/14/6 14017/14/6 14097/14/6
f 14097/7/6 13885/7/6 14098/7/6
f 14072/14/6 14073/14/6 14099/14/6
f 13885/14/6 14072/14/6 14099/14/6
f 14075/7/6 14076/7/6 14100/7/6
f 14099/14/6 14073/14/6 14100/14/6
f 14074/7/6 14075/7/6 14100/7/6
f 14073/7/6 14074/7/6 14100/7/6
f 14079/7/6 13994/7/6 14101/7/6
f 13994/14/6 13995/14/6 14101/14/6
f 14053/7/6 14054/7/6 14102/7/6
f 14101/14/6 13995/14/6 14102/14/6
f 14024/7/6 14053/7/6 14102/7/6
f 13995/7/6 14024/7/6 14102/7/6
f 14102/7/6 14054/7/6 14103/7/6
f 14103/7/6 14054/7/6 14104/7/6
f 14054/14/6 14055/14/6 14105/14/6
f 14104/7/6 14054/7/6 14105/7/6
f 14055/14/6 14028/14/6 14106/14/6
f 14105/14/6 14055/14/6 14106/14/6
f 14028/7/6 14056/7/6 14106/7/6
f 14106/7/6 14056/7/6 14107/7/6
f 14032/7/6 14001/7/6 14108/7/6
f 14058/7/6 14032/7/6 14108/7/6
f 14057/7/6 14058/7/6 14108/7/6
f 14001/7/6 13950/7/6 14109/7/6
f 14108/7/6 14001/7/6 14109/7/6
f 14085/7/6 14086/7/6 14110/7/6
f 14087/11/6 14088/11/6 14110/11/6
f 14086/11/6 14087/11/6 14110/11/6
f 14084/7/6 14085/7/6 14110/7/6
f 14088/7/6 14089/7/6 14111/7/6
f 14110/11/6 14088/11/6 14111/11/6
f 14111/7/6 14089/7/6 14112/7/6
f 14112/7/6 14089/7/6 14113/7/6
f 14093/7/6 14094/7/6 14116/7/6
f 14094/14/6 14095/14/6 14116/14/6
f 14092/7/6 14093/7/6 14116/7/6
f 14095/1/6 14096/1/6 14117/1/6
f 14116/14/6 14095/14/6 14117/14/6
f 14096/14/6 14097/14/6 14118/14/6
f 14117/1/6 14096/1/6 14118/1/6
f 14097/14/6 14098/14/6 14118/14/6
f 13885/14/6 14099/14/6 14119/14/6
f 14099/7/6 14100/7/6 14120/7/6
f 14119/14/6 14099/14/6 14120/14/6
f 14079/7/6 14101/7/6 14121/7/6
f 14101/7/6 14102/7/6 14121/7/6
f 14102/14/6 14103/14/6 14122/14/6
f 14121/7/6 14102/7/6 14122/7/6
f 14103/7/6 14104/7/6 14123/7/6
f 14122/14/6 14103/14/6 14123/14/6
f 14104/14/6 14105/14/6 14124/14/6
f 14123/7/6 14104/7/6 14124/7/6
f 14106/14/6 14107/14/6 14124/14/6
f 14105/14/6 14106/14/6 14124/14/6
f 14107/7/6 14056/7/6 14125/7/6
f 14124/14/6 14107/14/6 14125/14/6
f 14125/7/6 14056/7/6 14126/7/6
f 14057/7/6 14108/7/6 14127/7/6
f 14127/7/6 14108/7/6 14128/7/6
f 14083/9/6 14084/9/6 14129/9/6
f 14082/9/6 14083/9/6 14129/9/6
f 14081/9/6 14082/9/6 14129/9/6
f 14129/9/6 14084/9/6 14130/9/6
f 14110/7/6 14111/7/6 14131/7/6
f 14130/9/6 14084/9/6 14131/9/6
f 14084/7/6 14110/7/6 14131/7/6
f 14111/7/6 14112/7/6 14131/7/6
f 14131/7/6 14112/7/6 14132/7/6
f 14132/7/6 14112/7/6 14133/7/6
f 14133/7/6 14112/7/6 14134/7/6
f 14114/7/6 14115/7/6 14136/7/6
f 14136/7/6 14115/7/6 14137/7/6
f 14076/14/6 14023/14/6 14139/14/6
f 14120/7/6 14100/7/6 14139/7/6
f 14100/7/6 14076/7/6 14139/7/6
f 14119/7/6 14120/7/6 14139/7/6
f 14023/7/6 14077/7/6 14140/7/6
f 14139/14/6 14023/14/6 14140/14/6
f 14077/7/6 14078/7/6 14140/7/6
f 14079/7/6 14121/7/6 14141/7/6
f 14122/14/6 14123/14/6 14142/14/6
f 14141/7/6 14121/7/6 14142/7/6
f 14123/14/6 14124/14/6 14142/14/6
f 14125/14/6 14126/14/6 14142/14/6
f 14121/14/6 14122/14/6 14142/14/6
f 14124/14/6 14125/14/6 14142/14/6
f 14142/14/6 14126/14/6 14143/14/6
f 14143/14/6 14126/14/6 14144/14/6
f 14144/14/6 14126/14/6 14145/14/6
f 14126/7/6 14056/7/6 14146/7/6
f 14145/14/6 14126/14/6 14146/14/6
f 14057/7/6 14127/7/6 14147/7/6
f 14127/14/6 14128/14/6 14148/14/6
f 14147/7/6 14127/7/6 14148/7/6
f 14148/14/6 14128/14/6 14149/14/6
f 14128/7/6 14108/7/6 14150/7/6
f 14149/14/6 14128/14/6 14150/14/6
f 14108/14/6 14109/14/6 14151/14/6
f 14150/7/6 14108/7/6 14151/7/6
f 14131/9/6 14132/9/6 14152/9/6
f 14130/9/6 14131/9/6 14152/9/6
f 14132/7/6 14133/7/6 14152/7/6
f 14152/7/6 14133/7/6 14153/7/6
f 14153/7/6 14133/7/6 14154/7/6
f 14154/7/6 14133/7/6 14155/7/6
f 14137/7/6 14138/7/6 14157/7/6
f 14136/7/6 14137/7/6 14157/7/6
f 14135/7/6 14136/7/6 14157/7/6
f 14157/7/6 14138/7/6 14158/7/6
f 14116/7/6 14117/7/6 14159/7/6
f 14092/7/6 14116/7/6 14159/7/6
f 14117/14/6 14118/14/6 14160/14/6
f 14159/7/6 14117/7/6 14160/7/6
f 14118/14/6 14098/14/6 14161/14/6
f 14160/14/6 14118/14/6 14161/14/6
f 14098/7/6 13885/7/6 14162/7/6
f 14161/14/6 14098/14/6 14162/14/6
f 14162/7/6 13885/7/6 14163/7/6
f 14139/7/6 14140/7/6 14164/7/6
f 14140/7/6 14078/7/6 14164/7/6
f 14078/14/6 14079/14/6 14165/14/6
f 14164/7/6 14078/7/6 14165/7/6
f 14079/7/6 14141/7/6 14166/7/6
f 14165/14/6 14079/14/6 14166/14/6
f 14141/14/6 14142/14/6 14167/14/6
f 14166/7/6 14141/7/6 14167/7/6
f 14142/14/6 14143/14/6 14167/14/6
f 14167/14/6 14143/14/6 14168/14/6
f 14143/7/6 14144/7/6 14169/7/6
f 14168/14/6 14143/14/6 14169/14/6
f 14144/14/6 14145/14/6 14170/14/6
f 14169/7/6 14144/7/6 14170/7/6
f 14145/7/6 14146/7/6 14171/7/6
f 14170/14/6 14145/14/6 14171/14/6
f 14056/14/6 14057/14/6 14172/14/6
f 14171/7/6 14146/7/6 14172/7/6
f 14146/7/6 14056/7/6 14172/7/6
f 14057/7/6 14147/7/6 14173/7/6
f 14172/14/6 14057/14/6 14173/14/6
f 14147/14/6 14148/14/6 14174/14/6
f 14173/7/6 14147/7/6 14174/7/6
f 14148/1/6 14149/1/6 14175/1/6
f 14174/14/6 14148/14/6 14175/14/6
f 14149/14/6 14150/14/6 14176/14/6
f 14175/1/6 14149/1/6 14176/1/6
f 14150/14/6 14151/14/6 14176/14/6
f 14176/14/6 14151/14/6 14177/14/6
f 14153/7/6 14154/7/6 14178/7/6
f 14152/9/6 14153/9/6 14178/9/6
f 14178/7/6 14154/7/6 14179/7/6
f 14179/7/6 14154/7/6 14180/7/6
f 14180/7/6 14154/7/6 14181/7/6
f 14159/7/6 14160/7/6 14183/7/6
f 14160/7/6 14161/7/6 14183/7/6
f 14157/7/6 14158/7/6 14183/7/6
f 14158/7/6 14159/7/6 14183/7/6
f 14156/7/6 14157/7/6 14183/7/6
f 14163/7/6 13885/7/6 14184/7/6
f 14162/14/6 14163/14/6 14184/14/6
f 14161/14/6 14162/14/6 14184/14/6
f 14184/7/6 13885/7/6 14185/7/6
f 14119/7/6 14139/7/6 14186/7/6
f 14139/7/6 14164/7/6 14186/7/6
f 14186/7/6 14164/7/6 14187/7/6
f 14187/7/6 14164/7/6 14188/7/6
f 14164/14/6 14165/14/6 14189/14/6
f 14188/7/6 14164/7/6 14189/7/6
f 14166/14/6 14167/14/6 14189/14/6
f 14167/14/6 14168/14/6 14189/14/6
f 14165/14/6 14166/14/6 14189/14/6
f 14189/14/6 14168/14/6 14190/14/6
f 14170/7/6 14171/7/6 14191/7/6
f 14190/14/6 14168/14/6 14191/14/6
f 14168/7/6 14169/7/6 14191/7/6
f 14171/7/6 14172/7/6 14191/7/6
f 14172/7/6 14173/7/6 14191/7/6
f 14169/7/6 14170/7/6 14191/7/6
f 14191/7/6 14173/7/6 14192/7/6
f 14192/7/6 14173/7/6 14193/7/6
f 14176/1/6 14177/1/6 14194/1/6
f 14177/14/6 14151/14/6 14195/14/6
f 14194/1/6 14177/1/6 14195/1/6
f 14179/7/6 14180/7/6 14196/7/6
f 14178/9/6 14179/9/6 14196/9/6
f 14196/7/6 14180/7/6 14197/7/6
f 14197/7/6 14180/7/6 14198/7/6
f 14198/7/6 14180/7/6 14199/7/6
f 14187/7/6 14188/7/6 14200/7/6
f 14189/14/6 14190/14/6 14200/14/6
f 14188/14/6 14189/14/6 14200/14/6
f 14200/14/6 14190/14/6 14201/14/6
f 14201/14/6 14190/14/6 14202/14/6
f 14190/7/6 14191/7/6 14203/7/6
f 14202/14/6 14190/14/6 14203/14/6
f 14191/7/6 14192/7/6 14203/7/6
f 14203/7/6 14192/7/6 14204/7/6
f 14192/14/6 14193/14/6 14205/14/6
f 14204/7/6 14192/7/6 14205/7/6
f 14175/14/6 14176/14/6 14206/14/6
f 14174/14/6 14175/14/6 14206/14/6
f 14173/14/6 14174/14/6 14206/14/6
f 14206/14/6 14176/14/6 14207/14/6
f 14176/1/6 14194/1/6 14208/1/6
f 14207/14/6 14176/14/6 14208/14/6
f 14194/14/6 14195/14/6 14209/14/6
f 14208/1/6 14194/1/6 14209/1/6
f 14209/14/6 14195/14/6 14210/14/6
f 14195/14/6 14151/14/6 14211/14/6
f 14210/14/6 14195/14/6 14211/14/6
f 14151/14/6 14109/14/6 14211/14/6
f 14197/7/6 14198/7/6 14212/7/6
f 14196/9/6 14197/9/6 14212/9/6
f 14212/7/6 14198/7/6 14213/7/6
f 14213/7/6 14198/7/6 14214/7/6
f 14214/7/6 14198/7/6 14215/7/6
f 14182/7/6 14183/7/6 14217/7/6
f 14184/14/6 14185/14/6 14218/14/6
f 14183/7/6 14161/7/6 14218/7/6
f 14217/7/6 14183/7/6 14218/7/6
f 14161/14/6 14184/14/6 14218/14/6
f 14218/14/6 14185/14/6 14219/14/6
f 14119/7/6 14186/7/6 14220/7/6
f 14220/7/6 14186/7/6 14221/7/6
f 14201/14/6 14202/14/6 14222/14/6
f 14200/7/6 14201/7/6 14222/7/6
f 14222/14/6 14202/14/6 14223/14/6
f 14202/7/6 14203/7/6 14224/7/6
f 14203/7/6 14204/7/6 14224/7/6
f 14204/14/6 14205/14/6 14225/14/6
f 14224/7/6 14204/7/6 14225/7/6
f 14205/14/6 14193/14/6 14226/14/6
f 14225/14/6 14205/14/6 14226/14/6
f 14193/7/6 14173/7/6 14227/7/6
f 14226/14/6 14193/14/6 14227/14/6
f 14209/14/6 14210/14/6 14228/14/6
f 14207/14/6 14208/14/6 14228/14/6
f 14208/14/6 14209/14/6 14228/14/6
f 14210/1/6 14211/1/6 14229/1/6
f 14228/14/6 14210/14/6 14229/14/6
f 14213/7/6 14214/7/6 14230/7/6
f 14212/9/6 14213/9/6 14230/9/6
f 14230/7/6 14214/7/6 14231/7/6
f 14231/7/6 14214/7/6 14232/7/6
f 14232/7/6 14214/7/6 14233/7/6
f 14119/7/6 14220/7/6 14234/7/6
f 14220/14/6 14221/14/6 14235/14/6
f 14234/7/6 14220/7/6 14235/7/6
f 14235/14/6 14221/14/6 14236/14/6
f 14221/7/6 14186/7/6 14237/7/6
f 14236/14/6 14221/14/6 14237/14/6
f 14202/7/6 14224/7/6 14238/7/6
f 14225/14/6 14226/14/6 14239/14/6
f 14238/7/6 14224/7/6 14239/7/6
f 14224/14/6 14225/14/6 14239/14/6
f 14239/14/6 14226/14/6 14240/14/6
f 14226/7/6 14227/7/6 14241/7/6
f 14240/14/6 14226/14/6 14241/14/6
f 14227/7/6 14173/7/6 14242/7/6
f 14241/7/6 14227/7/6 14242/7/6
f 14173/14/6 14206/14/6 14242/14/6
f 14206/1/6 14207/1/6 14243/1/6
f 14242/14/6 14206/14/6 14243/14/6
f 14207/14/6 14228/14/6 14244/14/6
f 14243/1/6 14207/1/6 14244/1/6
f 14228/1/6 14229/1/6 14245/1/6
f 14244/14/6 14228/14/6 14245/14/6
f 14245/1/6 14229/1/6 14246/1/6
f 14229/1/6 14211/1/6 14247/1/6
f 14246/1/6 14229/1/6 14247/1/6
f 14211/14/6 14109/14/6 14248/14/6
f 14247/1/6 14211/1/6 14248/1/6
f 14230/9/6 14231/9/6 14249/9/6
f 14231/7/6 14232/7/6 14249/7/6
f 14249/7/6 14232/7/6 14250/7/6
f 14250/7/6 14232/7/6 14251/7/6
f 14251/7/6 14232/7/6 14252/7/6
f 14216/7/6 14217/7/6 14253/7/6
f 14217/7/6 14218/7/6 14253/7/6
f 14218/7/6 14219/7/6 14253/7/6
f 14253/7/6 14219/7/6 14254/7/6
f 14219/14/6 14185/14/6 14255/14/6
f 14254/7/6 14219/7/6 14255/7/6
f 14255/14/6 14185/14/6 14256/14/6
f 14185/7/6 13885/7/6 14257/7/6
f 14256/14/6 14185/14/6 14257/14/6
f 13885/14/6 14119/14/6 14258/14/6
f 14257/7/6 13885/7/6 14258/7/6
f 14119/7/6 14234/7/6 14259/7/6
f 14235/14/6 14236/14/6 14260/14/6
f 14259/7/6 14234/7/6 14260/7/6
f 14234/14/6 14235/14/6 14260/14/6
f 14260/14/6 14236/14/6 14261/14/6
f 14236/7/6 14237/7/6 14262/7/6
f 14261/14/6 14236/14/6 14262/14/6
f 14222/7/6 14223/7/6 14263/7/6
f 14200/7/6 14222/7/6 14263/7/6
f 14186/14/6 14187/14/6 14263/14/6
f 14187/7/6 14200/7/6 14263/7/6
f 14263/7/6 14223/7/6 14264/7/6
f 14202/7/6 14238/7/6 14265/7/6
f 14223/14/6 14202/14/6 14265/14/6
f 14239/14/6 14240/14/6 14266/14/6
f 14265/7/6 14238/7/6 14266/7/6
f 14238/14/6 14239/14/6 14266/14/6
f 14241/7/6 14242/7/6 14267/7/6
f 14266/14/6 14240/14/6 14267/14/6
f 14240/7/6 14241/7/6 14267/7/6
f 14242/7/6 14243/7/6 14267/7/6
f 14243/14/6 14244/14/6 14268/14/6
f 14267/7/6 14243/7/6 14268/7/6
f 14244/1/6 14245/1/6 14269/1/6
f 14268/14/6 14244/14/6 14269/14/6
f 14245/14/6 14246/14/6 14270/14/6
f 14269/1/6 14245/1/6 14270/1/6
f 14246/1/6 14247/1/6 14271/1/6
f 14270/14/6 14246/14/6 14271/14/6
f 14271/1/6 14247/1/6 14272/1/6
f 14272/1/6 14247/1/6 14273/1/6
f 14247/14/6 14248/14/6 14274/14/6
f 14273/1/6 14247/1/6 14274/1/6
f 14248/14/6 14109/14/6 14275/14/6
f 14274/14/6 14248/14/6 14275/14/6
f 14109/7/6 13950/7/6 14276/7/6
f 14275/14/6 14109/14/6 14276/14/6
f 14250/7/6 14251/7/6 14277/7/6
f 14249/9/6 14250/9/6 14277/9/6
f 14277/7/6 14251/7/6 14278/7/6
f 14278/7/6 14251/7/6 14279/7/6
f 14279/7/6 14251/7/6 14280/7/6
f 14216/7/6 14253/7/6 14281/7/6
f 14253/11/6 14254/11/6 14282/11/6
f 14281/7/6 14253/7/6 14282/7/6
f 14255/7/6 14256/7/6 14283/7/6
f 14282/11/6 14254/11/6 14283/11/6
f 14254/7/6 14255/7/6 14283/7/6
f 14283/7/6 14256/7/6 14284/7/6
f 14284/7/6 14256/7/6 14285/7/6
f 14256/14/6 14257/14/6 14286/14/6
f 14285/7/6 14256/7/6 14286/7/6
f 14257/14/6 14258/14/6 14286/14/6
f 14119/7/6 14259/7/6 14287/7/6
f 14286/14/6 14258/14/6 14287/14/6
f 14258/14/6 14119/14/6 14287/14/6
f 14260/14/6 14261/14/6 14288/14/6
f 14287/7/6 14259/7/6 14288/7/6
f 14259/14/6 14260/14/6 14288/14/6
f 14288/14/6 14261/14/6 14289/14/6
f 14261/7/6 14262/7/6 14290/7/6
f 14289/14/6 14261/14/6 14290/14/6
f 14265/14/6 14266/14/6 14291/14/6
f 14268/7/6 14269/7/6 14292/7/6
f 14291/14/6 14266/14/6 14292/14/6
f 14266/7/6 14267/7/6 14292/7/6
f 14267/7/6 14268/7/6 14292/7/6
f 14269/14/6 14270/14/6 14293/14/6
f 14292/7/6 14269/7/6 14293/7/6
f 14270/1/6 14271/1/6 14294/1/6
f 14293/14/6 14270/14/6 14294/14/6
f 14271/14/6 14272/14/6 14295/14/6
f 14294/1/6 14271/1/6 14295/1/6
f 14272/1/6 14273/1/6 14296/1/6
f 14295/14/6 14272/14/6 14296/14/6
f 14274/14/6 14275/14/6 14297/14/6
f 14296/1/6 14273/1/6 14297/1/6
f 14273/14/6 14274/14/6 14297/14/6
f 14277/9/6 14278/9/6 14300/9/6
f 14278/7/6 14279/7/6 14300/7/6
f 14300/7/6 14279/7/6 14301/7/6
f 14301/7/6 14279/7/6 14302/7/6
f 14302/7/6 14279/7/6 14303/7/6
f 14216/7/6 14281/7/6 14304/7/6
f 14304/7/6 14281/7/6 14305/7/6
f 14281/11/6 14282/11/6 14306/11/6
f 14305/7/6 14281/7/6 14306/7/6
f 14282/11/6 14283/11/6 14306/11/6
f 14283/11/6 14284/11/6 14306/11/6
f 14306/11/6 14284/11/6 14307/11/6
f 14284/7/6 14285/7/6 14308/7/6
f 14307/11/6 14284/11/6 14308/11/6
f 14308/7/6 14285/7/6 14309/7/6
f 14309/7/6 14285/7/6 14310/7/6
f 14286/14/6 14287/14/6 14311/14/6
f 14310/7/6 14285/7/6 14311/7/6
f 14288/14/6 14289/14/6 14311/14/6
f 14285/14/6 14286/14/6 14311/14/6
f 14287/14/6 14288/14/6 14311/14/6
f 14311/14/6 14289/14/6 14312/14/6
f 14312/14/6 14289/14/6 14313/14/6
f 14313/14/6 14289/14/6 14314/14/6
f 14314/14/6 14289/14/6 14315/14/6
f 14290/7/6 14262/7/6 14316/7/6
f 14237/7/6 14186/7/6 14316/7/6
f 14263/14/6 14264/14/6 14316/14/6
f 14262/7/6 14237/7/6 14316/7/6
f 14186/14/6 14263/14/6 14316/14/6
f 14289/7/6 14290/7/6 14316/7/6
f 14316/14/6 14264/14/6 14317/14/6
f 14291/7/6 14292/7/6 14318/7/6
f 14293/7/6 14294/7/6 14318/7/6
f 14292/7/6 14293/7/6 14318/7/6
f 14318/7/6 14294/7/6 14319/7/6
f 14295/14/6 14296/14/6 14320/14/6
f 14319/7/6 14294/7/6 14320/7/6
f 14296/14/6 14297/14/6 14320/14/6
f 14294/14/6 14295/14/6 14320/14/6
f 14320/14/6 14297/14/6 14321/14/6
f 14297/14/6 14275/14/6 14322/14/6
f 14321/14/6 14297/14/6 14322/14/6
f 14275/7/6 14276/7/6 14323/7/6
f 14322/14/6 14275/14/6 14323/14/6
f 14298/7/6 14299/7/6 14324/7/6
f 14230/9/6 14249/9/6 14326/9/6
f 14152/9/6 14178/9/6 14326/9/6
f 14130/9/6 14152/9/6 14326/9/6
f 14277/9/6 14300/9/6 14326/9/6
f 14178/9/6 14196/9/6 14326/9/6
f 14196/9/6 14212/9/6 14326/9/6
f 14249/9/6 14277/9/6 14326/9/6
f 14300/9/6 14301/9/6 14326/9/6
f 14212/9/6 14230/9/6 14326/9/6
f 14326/9/6 14301/9/6 14327/9/6
f 14301/7/6 14302/7/6 14328/7/6
f 14327/9/6 14301/9/6 14328/9/6
f 14328/7/6 14302/7/6 14329/7/6
f 14329/7/6 14302/7/6 14330/7/6
f 14330/7/6 14302/7/6 14331/7/6
f 14306/7/6 14307/7/6 14332/7/6
f 14308/11/6 14309/11/6 14332/11/6
f 14307/11/6 14308/11/6 14332/11/6
f 14305/7/6 14306/7/6 14332/7/6
f 14332/11/6 14309/11/6 14333/11/6
f 14309/7/6 14310/7/6 14334/7/6
f 14311/14/6 14312/14/6 14335/14/6
f 14334/7/6 14310/7/6 14335/7/6
f 14310/14/6 14311/14/6 14335/14/6
f 14312/1/6 14313/1/6 14336/1/6
f 14335/14/6 14312/14/6 14336/14/6
f 14313/14/6 14314/14/6 14337/14/6
f 14336/1/6 14313/1/6 14337/1/6
f 14337/14/6 14314/14/6 14338/14/6
f 14314/1/6 14315/1/6 14339/1/6
f 14338/14/6 14314/14/6 14339/14/6
f 14315/14/6 14289/14/6 14340/14/6
f 14339/1/6 14315/1/6 14340/1/6
f 14340/14/6 14289/14/6 14341/14/6
f 14289/7/6 14316/7/6 14342/7/6
f 14341/14/6 14289/14/6 14342/14/6
f 14316/7/6 14317/7/6 14342/7/6
f 14265/14/6 14291/14/6 14343/14/6
f 14291/7/6 14318/7/6 14343/7/6
f 14318/14/6 14319/14/6 14344/14/6
f 14343/7/6 14318/7/6 14344/7/6
f 14344/14/6 14319/14/6 14345/14/6
f 14320/7/6 14321/7/6 14346/7/6
f 14345/14/6 14319/14/6 14346/14/6
f 14319/7/6 14320/7/6 14346/7/6
f 14346/7/6 14321/7/6 14347/7/6
f 14321/14/6 14322/14/6 14348/14/6
f 14347/7/6 14321/7/6 14348/7/6
f 14348/14/6 14322/14/6 14349/14/6
f 14349/14/6 14322/14/6 14350/14/6
f 14322/7/6 14323/7/6 14351/7/6
f 14350/14/6 14322/14/6 14351/14/6
f 14323/7/6 14276/7/6 14352/7/6
f 14351/7/6 14323/7/6 14352/7/6
f 14276/7/6 13950/7/6 14352/7/6
f 14324/7/6 14325/7/6 14353/7/6
f 14329/7/6 14330/7/6 14355/7/6
f 14355/7/6 14330/7/6 14356/7/6
f 14356/7/6 14330/7/6 14357/7/6
f 14357/7/6 14330/7/6 14358/7/6
f 14332/7/6 14333/7/6 14359/7/6
f 14305/7/6 14332/7/6 14359/7/6
f 14359/7/6 14333/7/6 14360/7/6
f 14360/7/6 14333/7/6 14361/7/6
f 14361/7/6 14333/7/6 14362/7/6
f 14333/11/6 14309/11/6 14363/11/6
f 14362/7/6 14333/7/6 14363/7/6
f 14363/11/6 14309/11/6 14364/11/6
f 14309/7/6 14334/7/6 14365/7/6
f 14337/14/6 14338/14/6 14366/14/6
f 14365/7/6 14334/7/6 14366/7/6
f 14335/14/6 14336/14/6 14366/14/6
f 14334/14/6 14335/14/6 14366/14/6
f 14336/14/6 14337/14/6 14366/14/6
f 14366/14/6 14338/14/6 14367/14/6
f 14338/1/6 14339/1/6 14368/1/6
f 14367/14/6 14338/14/6 14368/14/6
f 14368/1/6 14339/1/6 14369/1/6
f 14340/14/6 14341/14/6 14370/14/6
f 14369/1/6 14339/1/6 14370/1/6
f 14339/14/6 14340/14/6 14370/14/6
f 14370/14/6 14341/14/6 14371/14/6
f 14341/7/6 14342/7/6 14372/7/6
f 14371/14/6 14341/14/6 14372/14/6
f 14264/7/6 14223/7/6 14373/7/6
f 14344/14/6 14345/14/6 14373/14/6
f 14223/14/6 14265/14/6 14373/14/6
f 14265/14/6 14343/14/6 14373/14/6
f 14343/14/6 14344/14/6 14373/14/6
f 14373/14/6 14345/14/6 14374/14/6
f 14374/14/6 14345/14/6 14375/14/6
f 14375/14/6 14345/14/6 14376/14/6
f 14376/14/6 14345/14/6 14377/14/6
f 14345/7/6 14346/7/6 14378/7/6
f 14377/14/6 14345/14/6 14378/14/6
f 14346/7/6 14347/7/6 14378/7/6
f 14378/7/6 14347/7/6 14379/7/6
f 14348/14/6 14349/14/6 14380/14/6
f 14379/7/6 14347/7/6 14380/7/6
f 14347/14/6 14348/14/6 14380/14/6
f 14380/14/6 14349/14/6 14381/14/6
f 14349/7/6 14350/7/6 14382/7/6
f 14381/14/6 14349/14/6 14382/14/6
f 14350/14/6 14351/14/6 14383/14/6
f 14382/7/6 14350/7/6 14383/7/6
f 14351/14/6 14352/14/6 14383/14/6
f 14383/14/6 14352/14/6 14384/14/6
f 14352/7/6 13950/7/6 14385/7/6
f 14384/14/6 14352/14/6 14385/14/6
f 14385/7/6 13950/7/6 14386/7/6
f 14353/7/6 14354/7/6 14387/7/6
f 14356/7/6 14357/7/6 14389/7/6
f 14389/7/6 14357/7/6 14390/7/6
f 14390/7/6 14357/7/6 14391/7/6
f 14391/7/6 14357/7/6 14392/7/6
f 14392/7/6 14357/7/6 14393/7/6
f 14360/7/6 14361/7/6 14396/7/6
f 14361/11/6 14362/11/6 14397/11/6
f 14396/7/6 14361/7/6 14397/7/6
f 14363/7/6 14364/7/6 14398/7/6
f 14397/11/6 14362/11/6 14398/11/6
f 14362/7/6 14363/7/6 14398/7/6
f 14398/7/6 14364/7/6 14399/7/6
f 14364/11/6 14309/11/6 14400/11/6
f 14399/7/6 14364/7/6 14400/7/6
f 14400/11/6 14309/11/6 14401/11/6
f 14309/7/6 14365/7/6 14402/7/6
f 14366/14/6 14367/14/6 14403/14/6
f 14402/7/6 14365/7/6 14403/7/6
f 14365/14/6 14366/14/6 14403/14/6
f 14403/14/6 14367/14/6 14404/14/6
f 14368/1/6 14369/1/6 14405/1/6
f 14404/14/6 14367/14/6 14405/14/6
f 14367/1/6 14368/1/6 14405/1/6
f 14317/14/6 14264/14/6 14406/14/6
f 14264/7/6 14373/7/6 14406/7/6
f 14373/7/6 14374/7/6 14406/7/6
f 14406/7/6 14374/7/6 14407/7/6
f 14374/14/6 14375/14/6 14408/14/6
f 14407/7/6 14374/7/6 14408/7/6
f 14408/14/6 14375/14/6 14409/14/6
f 14409/14/6 14375/14/6 14410/14/6
f 14375/7/6 14376/7/6 14411/7/6
f 14410/14/6 14375/14/6 14411/14/6
f 14379/14/6 14380/14/6 14412/14/6
f 14380/14/6 14381/14/6 14412/14/6
f 14381/7/6 14382/7/6 14413/7/6
f 14412/14/6 14381/14/6 14413/14/6
f 14383/7/6 14384/7/6 14413/7/6
f 14382/7/6 14383/7/6 14413/7/6
f 14385/14/6 14386/14/6 14414/14/6
f 14413/7/6 14384/7/6 14414/7/6
f 14384/14/6 14385/14/6 14414/14/6
f 14414/14/6 14386/14/6 14415/14/6
f 14387/7/6 14388/7/6 14416/7/6
f 14390/7/6 14391/7/6 14418/7/6
f 14418/7/6 14391/7/6 14419/7/6
f 14419/7/6 14391/7/6 14420/7/6
f 14391/8/6 14392/8/6 14421/8/6
f 14420/7/6 14391/7/6 14421/7/6
f 14421/8/6 14392/8/6 14422/8/6
f 14394/8/6 14395/8/6 14423/8/6
f 14423/8/6 14395/8/6 14424/8/6
f 14424/8/6 14395/8/6 14425/8/6
f 14360/7/6 14396/7/6 14427/7/6
f 14427/7/6 14396/7/6 14428/7/6
f 14428/7/6 14396/7/6 14429/7/6
f 14396/11/6 14397/11/6 14430/11/6
f 14429/7/6 14396/7/6 14430/7/6
f 14398/11/6 14399/11/6 14430/11/6
f 14397/11/6 14398/11/6 14430/11/6
f 14400/7/6 14401/7/6 14431/7/6
f 14430/11/6 14399/11/6 14431/11/6
f 14399/7/6 14400/7/6 14431/7/6
f 14401/11/6 14309/11/6 14432/11/6
f 14431/7/6 14401/7/6 14432/7/6
f 14432/11/6 14309/11/6 14433/11/6
f 14309/7/6 14402/7/6 14434/7/6
f 14433/11/6 14309/11/6 14434/11/6
f 14434/7/6 14402/7/6 14435/7/6
f 14403/14/6 14404/14/6 14436/14/6
f 14435/7/6 14402/7/6 14436/7/6
f 14402/14/6 14403/14/6 14436/14/6
f 14436/14/6 14404/14/6 14437/14/6
f 14404/1/6 14405/1/6 14438/1/6
f 14437/14/6 14404/14/6 14438/14/6
f 14405/1/6 14369/1/6 14439/1/6
f 14438/1/6 14405/1/6 14439/1/6
f 14369/14/6 14370/14/6 14440/14/6
f 14439/1/6 14369/1/6 14440/1/6
f 14370/14/6 14371/14/6 14440/14/6
f 14440/14/6 14371/14/6 14441/14/6
f 14371/7/6 14372/7/6 14442/7/6
f 14441/14/6 14371/14/6 14442/14/6
f 14408/7/6 14409/7/6 14443/7/6
f 14407/7/6 14408/7/6 14443/7/6
f 14409/14/6 14410/14/6 14444/14/6
f 14443/7/6 14409/7/6 14444/7/6
f 14410/7/6 14411/7/6 14445/7/6
f 14444/14/6 14410/14/6 14445/14/6
f 14445/7/6 14411/7/6 14446/7/6
f 14412/7/6 14413/7/6 14447/7/6
f 14414/7/6 14415/7/6 14447/7/6
f 14413/7/6 14414/7/6 14447/7/6
f 14415/14/6 14386/14/6 14448/14/6
f 14447/7/6 14415/7/6 14448/7/6
f 14416/7/6 14417/7/6 14449/7/6
f 14327/9/6 14328/9/6 14451/9/6
f 14451/9/6 14328/9/6 14452/9/6
f 14419/7/6 14420/7/6 14453/7/6
f 14453/7/6 14420/7/6 14454/7/6
f 14454/7/6 14420/7/6 14455/7/6
f 14420/8/6 14421/8/6 14456/8/6
f 14455/7/6 14420/7/6 14456/7/6
f 14456/8/6 14421/8/6 14457/8/6
f 14457/8/6 14421/8/6 14458/8/6
f 14458/8/6 14421/8/6 14459/8/6
f 14422/8/6 14423/8/6 14460/8/6
f 14460/8/6 14423/8/6 14461/8/6
f 14425/8/6 14426/8/6 14462/8/6
f 14424/8/6 14425/8/6 14462/8/6
f 14462/8/6 14426/8/6 14463/8/6
f 14432/11/6 14433/11/6 14465/11/6
f 14429/11/6 14430/11/6 14465/11/6
f 14430/11/6 14431/11/6 14465/11/6
f 14428/7/6 14429/7/6 14465/7/6
f 14431/11/6 14432/11/6 14465/11/6
f 14465/11/6 14433/11/6 14466/11/6
f 14466/11/6 14433/11/6 14467/11/6
f 14434/7/6 14435/7/6 14468/7/6
f 14467/11/6 14433/11/6 14468/11/6
f 14433/7/6 14434/7/6 14468/7/6
f 14435/14/6 14436/14/6 14469/14/6
f 14436/14/6 14437/14/6 14469/14/6
f 14437/1/6 14438/1/6 14470/1/6
f 14469/14/6 14437/14/6 14470/14/6
f 14438/1/6 14439/1/6 14470/1/6
f 14470/1/6 14439/1/6 14471/1/6
f 14471/1/6 14439/1/6 14472/1/6
f 14440/14/6 14441/14/6 14473/14/6
f 14472/1/6 14439/1/6 14473/1/6
f 14439/14/6 14440/14/6 14473/14/6
f 14473/14/6 14441/14/6 14474/14/6
f 14441/7/6 14442/7/6 14475/7/6
f 14474/14/6 14441/14/6 14475/14/6
f 14372/7/6 14342/7/6 14476/7/6
f 14475/7/6 14442/7/6 14476/7/6
f 14342/7/6 14317/7/6 14476/7/6
f 14442/7/6 14372/7/6 14476/7/6
f 14476/7/6 14317/7/6 14477/7/6
f 14407/7/6 14443/7/6 14478/7/6
f 14443/14/6 14444/14/6 14479/14/6
f 14478/7/6 14443/7/6 14479/7/6
f 14445/14/6 14446/14/6 14479/14/6
f 14444/14/6 14445/14/6 14479/14/6
f 14446/7/6 14411/7/6 14480/7/6
f 14479/14/6 14446/14/6 14480/14/6
f 14480/7/6 14411/7/6 14481/7/6
f 14378/7/6 14379/7/6 14482/7/6
f 14377/7/6 14378/7/6 14482/7/6
f 14376/14/6 14377/14/6 14482/14/6
f 14482/7/6 14379/7/6 14483/7/6
f 14448/14/6 14386/14/6 14484/14/6
f 14447/14/6 14448/14/6 14484/14/6
f 14386/7/6 13950/7/6 14485/7/6
f 14484/14/6 14386/14/6 14485/14/6
f 14449/7/6 14450/7/6 14486/7/6
f 14454/7/6 14455/7/6 14488/7/6
f 14488/7/6 14455/7/6 14489/7/6
f 14489/7/6 14455/7/6 14490/7/6
f 14455/8/6 14456/8/6 14491/8/6
f 14490/7/6 14455/7/6 14491/7/6
f 14456/8/6 14457/8/6 14491/8/6
f 14457/7/6 14458/7/6 14492/7/6
f 14491/8/6 14457/8/6 14492/8/6
f 14492/7/6 14458/7/6 14493/7/6
f 14493/7/6 14458/7/6 14494/7/6
f 14463/8/6 14464/8/6 14495/8/6
f 14495/8/6 14464/8/6 14496/8/6
f 14496/8/6 14464/8/6 14497/8/6
f 14428/7/6 14465/7/6 14498/7/6
f 14465/7/6 14466/7/6 14498/7/6
f 14498/7/6 14466/7/6 14499/7/6
f 14466/11/6 14467/11/6 14500/11/6
f 14467/7/6 14468/7/6 14501/7/6
f 14500/11/6 14467/11/6 14501/11/6
f 14435/14/6 14469/14/6 14502/14/6
f 14501/7/6 14468/7/6 14502/7/6
f 14468/7/6 14435/7/6 14502/7/6
f 14502/14/6 14469/14/6 14503/14/6
f 14469/1/6 14470/1/6 14504/1/6
f 14503/14/6 14469/14/6 14504/14/6
f 14470/14/6 14471/14/6 14505/14/6
f 14504/1/6 14470/1/6 14505/1/6
f 14471/1/6 14472/1/6 14506/1/6
f 14505/14/6 14471/14/6 14506/14/6
f 14506/1/6 14472/1/6 14507/1/6
f 14507/1/6 14472/1/6 14508/1/6
f 14472/14/6 14473/14/6 14509/14/6
f 14508/1/6 14472/1/6 14509/1/6
f 14473/14/6 14474/14/6 14509/14/6
f 14509/14/6 14474/14/6 14510/14/6
f 14474/7/6 14475/7/6 14511/7/6
f 14510/14/6 14474/14/6 14511/14/6
f 14475/7/6 14476/7/6 14511/7/6
f 14511/7/6 14476/7/6 14512/7/6
f 14476/14/6 14477/14/6 14513/14/6
f 14512/7/6 14476/7/6 14513/7/6
f 14477/7/6 14317/7/6 14514/7/6
f 14513/14/6 14477/14/6 14514/14/6
f 14317/14/6 14406/14/6 14515/14/6
f 14514/7/6 14317/7/6 14515/7/6
f 14406/14/6 14407/14/6 14515/14/6
f 14481/7/6 14411/7/6 14516/7/6
f 14478/14/6 14479/14/6 14516/14/6
f 14480/14/6 14481/14/6 14516/14/6
f 14479/14/6 14480/14/6 14516/14/6
f 14516/7/6 14411/7/6 14517/7/6
f 14411/7/6 14376/7/6 14518/7/6
f 14517/7/6 14411/7/6 14518/7/6
f 14376/14/6 14482/14/6 14518/14/6
f 14482/14/6 14483/14/6 14518/14/6
f 14518/14/6 14483/14/6 14519/14/6
f 14412/7/6 14447/7/6 14520/7/6
f 14447/14/6 14484/14/6 14521/14/6
f 14520/7/6 14447/7/6 14521/7/6
f 14484/7/6 14485/7/6 14522/7/6
f 14521/14/6 14484/14/6 14522/14/6
f 14486/7/6 14487/7/6 14523/7/6
f 14327/9/6 14451/9/6 14525/9/6
f 14525/9/6 14451/9/6 14526/9/6
f 14526/9/6 14451/9/6 14527/9/6
f 14527/9/6 14451/9/6 14528/9/6
f 14528/9/6 14451/9/6 14529/9/6
f 14529/9/6 14451/9/6 14530/9/6
f 14530/9/6 14451/9/6 14531/9/6
f 14531/9/6 14451/9/6 14532/9/6
f 14489/7/6 14490/7/6 14533/7/6
f 14533/7/6 14490/7/6 14534/7/6
f 14490/8/6 14491/8/6 14535/8/6
f 14534/7/6 14490/7/6 14535/7/6
f 14491/7/6 14492/7/6 14536/7/6
f 14535/8/6 14491/8/6 14536/8/6
f 14492/7/6 14493/7/6 14536/7/6
f 14536/7/6 14493/7/6 14537/7/6
f 14537/7/6 14493/7/6 14538/7/6
f 14496/8/6 14497/8/6 14539/8/6
f 14497/8/6 14498/8/6 14539/8/6
f 14498/13/6 14499/13/6 14540/13/6
f 14539/8/6 14498/8/6 14540/8/6
f 14499/7/6 14466/7/6 14541/7/6
f 14540/13/6 14499/13/6 14541/13/6
f 14541/7/6 14466/7/6 14542/7/6
f 14542/7/6 14466/7/6 14543/7/6
f 14543/7/6 14466/7/6 14544/7/6
f 14500/7/6 14501/7/6 14545/7/6
f 14502/7/6 14503/7/6 14545/7/6
f 14501/7/6 14502/7/6 14545/7/6
f 14504/14/6 14505/14/6 14546/14/6
f 14545/7/6 14503/7/6 14546/7/6
f 14505/14/6 14506/14/6 14546/14/6
f 14506/14/6 14507/14/6 14546/14/6
f 14503/14/6 14504/14/6 14546/14/6
f 14507/1/6 14508/1/6 14547/1/6
f 14546/14/6 14507/14/6 14547/14/6
f 14547/1/6 14508/1/6 14548/1/6
f 14548/1/6 14508/1/6 14549/1/6
f 14509/14/6 14510/14/6 14550/14/6
f 14549/1/6 14508/1/6 14550/1/6
f 14508/14/6 14509/14/6 14550/14/6
f 14511/7/6 14512/7/6 14551/7/6
f 14550/14/6 14510/14/6 14551/14/6
f 14510/7/6 14511/7/6 14551/7/6
f 14551/7/6 14512/7/6 14552/7/6
f 14514/14/6 14515/14/6 14553/14/6
f 14552/7/6 14512/7/6 14553/7/6
f 14513/14/6 14514/14/6 14553/14/6
f 14512/14/6 14513/14/6 14553/14/6
f 14407/7/6 14478/7/6 14554/7/6
f 14516/14/6 14517/14/6 14555/14/6
f 14554/7/6 14478/7/6 14555/7/6
f 14478/14/6 14516/14/6 14555/14/6
f 14412/7/6 14520/7/6 14556/7/6
f 14520/14/6 14521/14/6 14557/14/6
f 14556/7/6 14520/7/6 14557/7/6
f 14521/7/6 14522/7/6 14558/7/6
f 14557/14/6 14521/14/6 14558/14/6
f 14523/7/6 14524/7/6 14559/7/6
f 14327/9/6 14525/9/6 14560/9/6
f 14560/9/6 14525/9/6 14561/9/6
f 14525/1/6 14526/1/6 14562/1/6
f 14561/9/6 14525/9/6 14562/9/6
f 14526/9/6 14527/9/6 14563/9/6
f 14563/9/6 14527/9/6 14564/9/6
f 14527/7/6 14528/7/6 14565/7/6
f 14564/9/6 14527/9/6 14565/9/6
f 14528/9/6 14529/9/6 14566/9/6
f 14565/7/6 14528/7/6 14566/7/6
f 14566/9/6 14529/9/6 14567/9/6
f 14567/9/6 14529/9/6 14568/9/6
f 14568/9/6 14529/9/6 14569/9/6
f 14530/9/6 14531/9/6 14570/9/6
f 14570/9/6 14531/9/6 14571/9/6
f 14571/9/6 14531/9/6 14572/9/6
f 14572/9/6 14531/9/6 14573/9/6
f 14534/8/6 14535/8/6 14575/8/6
f 14575/8/6 14535/8/6 14576/8/6
f 14536/7/6 14537/7/6 14577/7/6
f 14576/8/6 14535/8/6 14577/8/6
f 14535/7/6 14536/7/6 14577/7/6
f 14577/7/6 14537/7/6 14578/7/6
f 14541/8/6 14542/8/6 14579/8/6
f 14540/8/6 14541/8/6 14579/8/6
f 14579/8/6 14542/8/6 14580/8/6
f 14542/7/6 14543/7/6 14581/7/6
f 14580/8/6 14542/8/6 14581/8/6
f 14581/7/6 14543/7/6 14582/7/6
f 14544/7/6 14466/7/6 14583/7/6
f 14543/11/6 14544/11/6 14583/11/6
f 14583/7/6 14466/7/6 14584/7/6
f 14466/11/6 14500/11/6 14585/11/6
f 14584/7/6 14466/7/6 14585/7/6
f 14585/11/6 14500/11/6 14586/11/6
f 14500/7/6 14545/7/6 14587/7/6
f 14545/14/6 14546/14/6 14587/14/6
f 14546/14/6 14547/14/6 14587/14/6
f 14547/14/6 14548/14/6 14587/14/6
f 14587/14/6 14548/14/6 14588/14/6
f 14548/1/6 14549/1/6 14589/1/6
f 14588/14/6 14548/14/6 14589/14/6
f 14589/1/6 14549/1/6 14590/1/6
f 14590/1/6 14549/1/6 14591/1/6
f 14549/14/6 14550/14/6 14592/14/6
f 14591/1/6 14549/1/6 14592/1/6
f 14592/14/6 14550/14/6 14593/14/6
f 14551/7/6 14552/7/6 14594/7/6
f 14593/14/6 14550/14/6 14594/14/6
f 14550/7/6 14551/7/6 14594/7/6
f 14552/14/6 14553/14/6 14595/14/6
f 14594/7/6 14552/7/6 14595/7/6
f 14595/14/6 14553/14/6 14596/14/6
f 14555/14/6 14517/14/6 14597/14/6
f 14554/14/6 14555/14/6 14597/14/6
f 14597/14/6 14517/14/6 14598/14/6
f 14518/7/6 14519/7/6 14599/7/6
f 14598/14/6 14517/14/6 14599/14/6
f 14517/7/6 14518/7/6 14599/7/6
f 14599/7/6 14519/7/6 14600/7/6
f 14412/7/6 14556/7/6 14601/7/6
f 14556/14/6 14557/14/6 14602/14/6
f 14601/7/6 14556/7/6 14602/7/6
f 14557/7/6 14558/7/6 14603/7/6
f 14602/14/6 14557/14/6 14603/14/6
f 14562/1/6 14526/1/6 14604/1/6
f 14561/1/6 14562/1/6 14604/1/6
f 14526/9/6 14563/9/6 14604/9/6
f 14563/1/6 14564/1/6 14605/1/6
f 14604/9/6 14563/9/6 14605/9/6
f 14564/9/6 14565/9/6 14606/9/6
f 14605/1/6 14564/1/6 14606/1/6
f 14565/9/6 14566/9/6 14606/9/6
f 14566/1/6 14567/1/6 14607/1/6
f 14606/9/6 14566/9/6 14607/9/6
f 14607/1/6 14567/1/6 14608/1/6
f 14567/9/6 14568/9/6 14609/9/6
f 14608/1/6 14567/1/6 14609/1/6
f 14609/9/6 14568/9/6 14610/9/6
f 14571/9/6 14572/9/6 14612/9/6
f 14612/9/6 14572/9/6 14613/9/6
f 14575/8/6 14576/8/6 14614/8/6
f 14574/8/6 14575/8/6 14614/8/6
f 14614/8/6 14576/8/6 14615/8/6
f 14580/7/6 14581/7/6 14616/7/6
f 14581/8/6 14582/8/6 14617/8/6
f 14616/7/6 14581/7/6 14617/7/6
f 14582/7/6 14543/7/6 14618/7/6
f 14617/8/6 14582/8/6 14618/8/6
f 14618/7/6 14543/7/6 14619/7/6
f 14586/11/6 14500/11/6 14620/11/6
f 14585/7/6 14586/7/6 14620/7/6
f 14584/7/6 14585/7/6 14620/7/6
f 14620/11/6 14500/11/6 14621/11/6
f 14587/7/6 14588/7/6 14622/7/6
f 14589/14/6 14590/14/6 14622/14/6
f 14588/14/6 14589/14/6 14622/14/6
f 14622/14/6 14590/14/6 14623/14/6
f 14590/1/6 14591/1/6 14624/1/6
f 14623/14/6 14590/14/6 14624/14/6
f 14592/14/6 14593/14/6 14625/14/6
f 14624/1/6 14591/1/6 14625/1/6
f 14591/14/6 14592/14/6 14625/14/6
f 14595/7/6 14596/7/6 14626/7/6
f 14625/14/6 14593/14/6 14626/14/6
f 14593/7/6 14594/7/6 14626/7/6
f 14594/7/6 14595/7/6 14626/7/6
f 14626/7/6 14596/7/6 14627/7/6
f 14596/14/6 14553/14/6 14628/14/6
f 14627/7/6 14596/7/6 14628/7/6
f 14515/14/6 14407/14/6 14629/14/6
f 14628/14/6 14553/14/6 14629/14/6
f 14553/14/6 14515/14/6 14629/14/6
f 14554/14/6 14597/14/6 14630/14/6
f 14597/1/6 14598/1/6 14631/1/6
f 14630/14/6 14597/14/6 14631/14/6
f 14519/14/6 14483/14/6 14632/14/6
f 14483/7/6 14379/7/6 14632/7/6
f 14632/7/6 14379/7/6 14633/7/6
f 14379/14/6 14412/14/6 14634/14/6
f 14633/7/6 14379/7/6 14634/7/6
f 14412/7/6 14601/7/6 14635/7/6
f 14634/14/6 14412/14/6 14635/14/6
f 14635/7/6 14601/7/6 14636/7/6
f 14601/14/6 14602/14/6 14637/14/6
f 14636/7/6 14601/7/6 14637/7/6
f 14602/7/6 14603/7/6 14638/7/6
f 14637/14/6 14602/14/6 14638/14/6
f 14560/9/6 14561/9/6 14639/9/6
f 14604/1/6 14605/1/6 14640/1/6
f 14639/9/6 14561/9/6 14640/9/6
f 14561/1/6 14604/1/6 14640/1/6
f 14605/1/6 14606/1/6 14640/1/6
f 14607/1/6 14608/1/6 14640/1/6
f 14606/1/6 14607/1/6 14640/1/6
f 14640/1/6 14608/1/6 14641/1/6
f 14608/9/6 14609/9/6 14642/9/6
f 14641/1/6 14608/1/6 14642/1/6
f 14609/7/6 14610/7/6 14643/7/6
f 14642/9/6 14609/9/6 14643/9/6
f 14610/7/6 14611/7/6 14643/7/6
f 14643/7/6 14611/7/6 14644/7/6
f 14613/8/6 14614/8/6 14647/8/6
f 14647/8/6 14614/8/6 14648/8/6
f 14648/8/6 14614/8/6 14649/8/6
f 14618/8/6 14619/8/6 14650/8/6
f 14619/7/6 14543/7/6 14651/7/6
f 14650/8/6 14619/8/6 14651/8/6
f 14583/11/6 14584/11/6 14652/11/6
f 14651/7/6 14543/7/6 14652/7/6
f 14543/11/6 14583/11/6 14652/11/6
f 14652/11/6 14584/11/6 14653/11/6
f 14653/11/6 14584/11/6 14654/11/6
f 14620/7/6 14621/7/6 14655/7/6
f 14654/11/6 14584/11/6 14655/11/6
f 14584/7/6 14620/7/6 14655/7/6
f 14621/11/6 14500/11/6 14656/11/6
f 14655/7/6 14621/7/6 14656/7/6
f 14656/11/6 14500/11/6 14657/11/6
f 14657/11/6 14500/11/6 14658/11/6
f 14658/11/6 14500/11/6 14659/11/6
f 14659/11/6 14500/11/6 14660/11/6
f 14587/7/6 14622/7/6 14661/7/6
f 14660/11/6 14500/11/6 14661/11/6
f 14622/7/6 14623/7/6 14661/7/6
f 14500/7/6 14587/7/6 14661/7/6
f 14626/14/6 14627/14/6 14662/14/6
f 14661/7/6 14623/7/6 14662/7/6
f 14624/14/6 14625/14/6 14662/14/6
f 14625/14/6 14626/14/6 14662/14/6
f 14623/14/6 14624/14/6 14662/14/6
f 14662/14/6 14627/14/6 14663/14/6
f 14627/7/6 14628/7/6 14664/7/6
f 14663/14/6 14627/14/6 14664/14/6
f 14628/7/6 14629/7/6 14664/7/6
f 14664/7/6 14629/7/6 14665/7/6
f 14631/1/6 14598/1/6 14666/1/6
f 14630/1/6 14631/1/6 14666/1/6
f 14599/14/6 14600/14/6 14666/14/6
f 14598/14/6 14599/14/6 14666/14/6
f 14666/14/6 14600/14/6 14667/14/6
f 14635/7/6 14636/7/6 14668/7/6
f 14633/7/6 14634/7/6 14668/7/6
f 14634/7/6 14635/7/6 14668/7/6
f 14668/7/6 14636/7/6 14669/7/6
f 14522/7/6 14485/7/6 14670/7/6
f 14638/7/6 14603/7/6 14670/7/6
f 14558/7/6 14522/7/6 14670/7/6
f 14485/7/6 13950/7/6 14670/7/6
f 14603/7/6 14558/7/6 14670/7/6
f 14637/7/6 14638/7/6 14670/7/6
f 14670/7/6 13950/7/6 14671/7/6
f 14560/9/6 14639/9/6 14672/9/6
f 14640/1/6 14641/1/6 14673/1/6
f 14672/9/6 14639/9/6 14673/9/6
f 14639/1/6 14640/1/6 14673/1/6
f 14673/1/6 14641/1/6 14674/1/6
f 14641/9/6 14642/9/6 14675/9/6
f 14674/1/6 14641/1/6 14675/1/6
f 14643/7/6 14644/7/6 14676/7/6
f 14675/9/6 14642/9/6 14676/9/6
f 14644/7/6 14645/7/6 14676/7/6
f 14642/7/6 14643/7/6 14676/7/6
f 14676/7/6 14645/7/6 14677/7/6
f 14646/8/6 14647/8/6 14679/8/6
f 14647/8/6 14648/8/6 14679/8/6
f 14679/8/6 14648/8/6 14680/8/6
f 14680/8/6 14648/8/6 14681/8/6
f 14651/8/6 14652/8/6 14682/8/6
f 14652/7/6 14653/7/6 14683/7/6
f 14682/8/6 14652/8/6 14683/8/6
f 14653/11/6 14654/11/6 14684/11/6
f 14683/7/6 14653/7/6 14684/7/6
f 14684/11/6 14654/11/6 14685/11/6
f 14654/7/6 14655/7/6 14686/7/6
f 14685/11/6 14654/11/6 14686/11/6
f 14656/7/6 14657/7/6 14686/7/6
f 14655/7/6 14656/7/6 14686/7/6
f 14657/11/6 14658/11/6 14687/11/6
f 14686/7/6 14657/7/6 14687/7/6
f 14658/7/6 14659/7/6 14688/7/6
f 14687/11/6 14658/11/6 14688/11/6
f 14688/7/6 14659/7/6 14689/7/6
f 14659/11/6 14660/11/6 14690/11/6
f 14689/7/6 14659/7/6 14690/7/6
f 14662/7/6 14663/7/6 14691/7/6
f 14690/11/6 14660/11/6 14691/11/6
f 14660/7/6 14661/7/6 14691/7/6
f 14661/7/6 14662/7/6 14691/7/6
f 14665/7/6 14629/7/6 14692/7/6
f 14664/14/6 14665/14/6 14692/14/6
f 14663/14/6 14664/14/6 14692/14/6
f 14692/7/6 14629/7/6 14693/7/6
f 14407/7/6 14554/7/6 14694/7/6
f 14554/14/6 14630/14/6 14695/14/6
f 14694/7/6 14554/7/6 14695/7/6
f 14633/7/6 14668/7/6 14696/7/6
f 14632/14/6 14633/14/6 14696/14/6
f 14668/14/6 14669/14/6 14697/14/6
f 14696/7/6 14668/7/6 14697/7/6
f 14697/14/6 14669/14/6 14698/14/6
f 14669/7/6 14636/7/6 14699/7/6
f 14698/14/6 14669/14/6 14699/14/6
f 14560/9/6 14672/9/6 14700/9/6
f 14672/1/6 14673/1/6 14701/1/6
f 14700/9/6 14672/9/6 14701/9/6
f 14673/1/6 14674/1/6 14701/1/6
f 14701/1/6 14674/1/6 14702/1/6
f 14674/9/6 14675/9/6 14703/9/6
f 14702/1/6 14674/1/6 14703/1/6
f 14703/9/6 14675/9/6 14704/9/6
f 14677/7/6 14678/7/6 14705/7/6
f 14704/9/6 14675/9/6 14705/9/6
f 14676/7/6 14677/7/6 14705/7/6
f 14675/7/6 14676/7/6 14705/7/6
f 14705/7/6 14678/7/6 14706/7/6
f 14679/8/6 14680/8/6 14707/8/6
f 14706/7/6 14678/7/6 14707/7/6
f 14678/8/6 14679/8/6 14707/8/6
f 14707/8/6 14680/8/6 14708/8/6
f 14684/8/6 14685/8/6 14709/8/6
f 14683/8/6 14684/8/6 14709/8/6
f 14687/7/6 14688/7/6 14710/7/6
f 14709/8/6 14685/8/6 14710/8/6
f 14686/7/6 14687/7/6 14710/7/6
f 14685/7/6 14686/7/6 14710/7/6
f 14710/7/6 14688/7/6 14711/7/6
f 14688/11/6 14689/11/6 14712/11/6
f 14711/7/6 14688/7/6 14712/7/6
f 14689/7/6 14690/7/6 14713/7/6
f 14712/11/6 14689/11/6 14713/11/6
f 14690/7/6 14691/7/6 14713/7/6
f 14693/7/6 14629/7/6 14714/7/6
f 14692/14/6 14693/14/6 14714/14/6
f 14714/7/6 14629/7/6 14715/7/6
f 14694/14/6 14695/14/6 14716/14/6
f 14407/7/6 14694/7/6 14716/7/6
f 14695/14/6 14630/14/6 14717/14/6
f 14716/14/6 14695/14/6 14717/14/6
f 14666/1/6 14667/1/6 14718/1/6
f 14717/14/6 14630/14/6 14718/14/6
f 14630/1/6 14666/1/6 14718/1/6
f 14718/1/6 14667/1/6 14719/1/6
f 14667/14/6 14600/14/6 14720/14/6
f 14719/1/6 14667/1/6 14720/1/6
f 14720/14/6 14600/14/6 14721/14/6
f 14697/14/6 14698/14/6 14722/14/6
f 14632/14/6 14696/14/6 14722/14/6
f 14696/14/6 14697/14/6 14722/14/6
f 14722/14/6 14698/14/6 14723/14/6
f 14723/14/6 14698/14/6 14724/14/6
f 14698/7/6 14699/7/6 14725/7/6
f 14724/14/6 14698/14/6 14725/14/6
f 14560/9/6 14700/9/6 14726/9/6
f 14559/7/6 14560/7/6 14726/7/6
f 14726/9/6 14700/9/6 14727/9/6
f 14727/9/6 14700/9/6 14728/9/6
f 14701/1/6 14702/1/6 14729/1/6
f 14728/9/6 14700/9/6 14729/9/6
f 14700/1/6 14701/1/6 14729/1/6
f 14729/1/6 14702/1/6 14730/1/6
f 14703/9/6 14704/9/6 14731/9/6
f 14730/1/6 14702/1/6 14731/1/6
f 14702/9/6 14703/9/6 14731/9/6
f 14705/7/6 14706/7/6 14732/7/6
f 14731/9/6 14704/9/6 14732/9/6
f 14704/7/6 14705/7/6 14732/7/6
f 14710/8/6 14711/8/6 14735/8/6
f 14711/7/6 14712/7/6 14736/7/6
f 14735/8/6 14711/8/6 14736/8/6
f 14712/7/6 14713/7/6 14736/7/6
f 14736/7/6 14713/7/6 14737/7/6
f 14691/7/6 14663/7/6 14738/7/6
f 14737/7/6 14713/7/6 14738/7/6
f 14713/7/6 14691/7/6 14738/7/6
f 14663/14/6 14692/14/6 14739/14/6
f 14738/7/6 14663/7/6 14739/7/6
f 14692/14/6 14714/14/6 14739/14/6
f 14714/14/6 14715/14/6 14739/14/6
f 14715/7/6 14629/7/6 14740/7/6
f 14739/14/6 14715/14/6 14740/14/6
f 14740/7/6 14629/7/6 14741/7/6
f 14720/1/6 14721/1/6 14742/1/6
f 14719/1/6 14720/1/6 14742/1/6
f 14721/14/6 14600/14/6 14743/14/6
f 14742/1/6 14721/1/6 14743/1/6
f 14743/14/6 14600/14/6 14744/14/6
f 14600/7/6 14519/7/6 14745/7/6
f 14744/14/6 14600/14/6 14745/14/6
f 14722/7/6 14723/7/6 14746/7/6
f 14723/14/6 14724/14/6 14746/14/6
f 14724/7/6 14725/7/6 14747/7/6
f 14746/14/6 14724/14/6 14747/14/6
f 14636/14/6 14637/14/6 14748/14/6
f 14637/7/6 14670/7/6 14748/7/6
f 14748/7/6 14670/7/6 14749/7/6
f 14749/7/6 14670/7/6 14750/7/6
f 14670/14/6 14671/14/6 14751/14/6
f 14750/7/6 14670/7/6 14751/7/6
f 14671/7/6 13950/7/6 14752/7/6
f 14751/14/6 14671/14/6 14752/14/6
f 14729/1/6 14730/1/6 14753/1/6
f 14728/1/6 14729/1/6 14753/1/6
f 14730/9/6 14731/9/6 14754/9/6
f 14753/1/6 14730/1/6 14754/1/6
f 14731/7/6 14732/7/6 14755/7/6
f 14754/9/6 14731/9/6 14755/9/6
f 14732/7/6 14706/7/6 14756/7/6
f 14755/7/6 14732/7/6 14756/7/6
f 14706/8/6 14707/8/6 14757/8/6
f 14756/7/6 14706/7/6 14757/7/6
f 14757/8/6 14707/8/6 14758/8/6
f 14733/14/6 14734/14/6 14760/14/6
f 14760/14/6 14734/14/6 14761/14/6
f 14736/8/6 14737/8/6 14763/8/6
f 14737/7/6 14738/7/6 14764/7/6
f 14763/8/6 14737/8/6 14764/8/6
f 14764/7/6 14738/7/6 14765/7/6
f 14765/7/6 14738/7/6 14766/7/6
f 14738/14/6 14739/14/6 14767/14/6
f 14766/7/6 14738/7/6 14767/7/6
f 14740/14/6 14741/14/6 14767/14/6
f 14739/14/6 14740/14/6 14767/14/6
f 14741/7/6 14629/7/6 14768/7/6
f 14767/14/6 14741/14/6 14768/14/6
f 14768/7/6 14629/7/6 14769/7/6
f 14629/14/6 14407/14/6 14770/14/6
f 14407/7/6 14716/7/6 14771/7/6
f 14770/14/6 14407/14/6 14771/14/6
f 14716/7/6 14717/7/6 14771/7/6
f 14719/1/6 14742/1/6 14772/1/6
f 14718/14/6 14719/14/6 14772/14/6
f 14717/14/6 14718/14/6 14772/14/6
f 14772/1/6 14742/1/6 14773/1/6
f 14773/1/6 14742/1/6 14774/1/6
f 14743/14/6 14744/14/6 14775/14/6
f 14774/1/6 14742/1/6 14775/1/6
f 14742/14/6 14743/14/6 14775/14/6
f 14745/7/6 14519/7/6 14776/7/6
f 14519/14/6 14632/14/6 14776/14/6
f 14744/7/6 14745/7/6 14776/7/6
f 14632/14/6 14722/14/6 14776/14/6
f 14776/14/6 14722/14/6 14777/14/6
f 14725/7/6 14699/7/6 14778/7/6
f 14699/7/6 14636/7/6 14778/7/6
f 14747/7/6 14725/7/6 14778/7/6
f 14748/14/6 14749/14/6 14778/14/6
f 14746/7/6 14747/7/6 14778/7/6
f 14636/14/6 14748/14/6 14778/14/6
f 14749/7/6 14750/7/6 14779/7/6
f 14778/14/6 14749/14/6 14779/14/6
f 14750/14/6 14751/14/6 14780/14/6
f 14779/7/6 14750/7/6 14780/7/6
f 14751/7/6 14752/7/6 14781/7/6
f 14780/14/6 14751/14/6 14781/14/6
f 14298/7/6 14324/7/6 14782/7/6
f 14559/7/6 14726/7/6 14782/7/6
f 14324/7/6 14353/7/6 14782/7/6
f 14353/7/6 14387/7/6 14782/7/6
f 14387/7/6 14416/7/6 14782/7/6
f 14416/7/6 14449/7/6 14782/7/6
f 14449/7/6 14486/7/6 14782/7/6
f 14486/7/6 14523/7/6 14782/7/6
f 14726/7/6 14727/7/6 14782/7/6
f 14523/7/6 14559/7/6 14782/7/6
f 14782/7/6 14727/7/6 14783/7/6
f 14727/9/6 14728/9/6 14784/9/6
f 14783/7/6 14727/7/6 14784/7/6
f 14784/9/6 14728/9/6 14785/9/6
f 14785/9/6 14728/9/6 14786/9/6
f 14728/1/6 14753/1/6 14787/1/6
f 14786/9/6 14728/9/6 14787/9/6
f 14787/1/6 14753/1/6 14788/1/6
f 14753/9/6 14754/9/6 14789/9/6
f 14788/1/6 14753/1/6 14789/1/6
f 14755/7/6 14756/7/6 14790/7/6
f 14789/9/6 14754/9/6 14790/9/6
f 14754/7/6 14755/7/6 14790/7/6
f 14790/7/6 14756/7/6 14791/7/6
f 14756/8/6 14757/8/6 14792/8/6
f 14791/7/6 14756/7/6 14792/7/6
f 14792/8/6 14757/8/6 14793/8/6
f 14761/14/6 14762/14/6 14794/14/6
f 14759/14/6 14760/14/6 14794/14/6
f 14760/14/6 14761/14/6 14794/14/6
f 14794/14/6 14762/14/6 14795/14/6
f 14795/14/6 14762/14/6 14796/14/6
f 14764/8/6 14765/8/6 14798/8/6
f 14765/7/6 14766/7/6 14799/7/6
f 14798/8/6 14765/8/6 14799/8/6
f 14799/7/6 14766/7/6 14800/7/6
f 14766/14/6 14767/14/6 14801/14/6
f 14800/7/6 14766/7/6 14801/7/6
f 14768/14/6 14769/14/6 14801/14/6
f 14767/14/6 14768/14/6 14801/14/6
f 14801/14/6 14769/14/6 14802/14/6
f 14771/7/6 14717/7/6 14803/7/6
f 14770/7/6 14771/7/6 14803/7/6
f 14772/14/6 14773/14/6 14803/14/6
f 14717/14/6 14772/14/6 14803/14/6
f 14803/14/6 14773/14/6 14804/14/6
f 14804/14/6 14773/14/6 14805/14/6
f 14805/14/6 14773/14/6 14806/14/6
f 14773/1/6 14774/1/6 14807/1/6
f 14806/14/6 14773/14/6 14807/14/6
f 14774/14/6 14775/14/6 14808/14/6
f 14807/1/6 14774/1/6 14808/1/6
f 14778/7/6 14779/7/6 14809/7/6
f 14779/14/6 14780/14/6 14809/14/6
f 14780/7/6 14781/7/6 14810/7/6
f 14809/14/6 14780/14/6 14810/14/6
f 14298/7/6 14782/7/6 14811/7/6
f 14782/11/6 14783/11/6 14812/11/6
f 14811/7/6 14782/7/6 14812/7/6
f 14783/7/6 14784/7/6 14813/7/6
f 14812/11/6 14783/11/6 14813/11/6
f 14784/7/6 14785/7/6 14813/7/6
f 14813/7/6 14785/7/6 14814/7/6
f 14785/9/6 14786/9/6 14815/9/6
f 14814/7/6 14785/7/6 14815/7/6
f 14815/9/6 14786/9/6 14816/9/6
f 14787/1/6 14788/1/6 14817/1/6
f 14816/9/6 14786/9/6 14817/9/6
f 14786/1/6 14787/1/6 14817/1/6
f 14788/9/6 14789/9/6 14818/9/6
f 14817/1/6 14788/1/6 14818/1/6
f 14790/7/6 14791/7/6 14819/7/6
f 14818/9/6 14789/9/6 14819/9/6
f 14789/7/6 14790/7/6 14819/7/6
f 14819/7/6 14791/7/6 14820/7/6
f 14791/8/6 14792/8/6 14821/8/6
f 14820/7/6 14791/7/6 14821/7/6
f 14821/8/6 14792/8/6 14822/8/6
f 14759/14/6 14794/14/6 14823/14/6
f 14823/14/6 14794/14/6 14824/14/6
f 14795/14/6 14796/14/6 14825/14/6
f 14796/14/6 14797/14/6 14825/14/6
f 14825/14/6 14797/14/6 14826/14/6
f 14799/8/6 14800/8/6 14827/8/6
f 14801/7/6 14802/7/6 14828/7/6
f 14827/8/6 14800/8/6 14828/8/6
f 14800/7/6 14801/7/6 14828/7/6
f 14828/7/6 14802/7/6 14829/7/6
f 14802/14/6 14769/14/6 14830/14/6
f 14829/7/6 14802/7/6 14830/7/6
f 14830/14/6 14769/14/6 14831/14/6
f 14831/14/6 14769/14/6 14832/14/6
f 14769/7/6 14629/7/6 14833/7/6
f 14832/14/6 14769/14/6 14833/14/6
f 14833/7/6 14629/7/6 14834/7/6
f 14629/14/6 14770/14/6 14835/14/6
f 14834/7/6 14629/7/6 14835/7/6
f 14804/14/6 14805/14/6 14836/14/6
f 14803/7/6 14804/7/6 14836/7/6
f 14805/7/6 14806/7/6 14837/7/6
f 14836/14/6 14805/14/6 14837/14/6
f 14807/14/6 14808/14/6 14838/14/6
f 14837/7/6 14806/7/6 14838/7/6
f 14806/14/6 14807/14/6 14838/14/6
f 14838/14/6 14808/14/6 14839/14/6
f 14813/11/6 14814/11/6 14840/11/6
f 14815/7/6 14816/7/6 14840/7/6
f 14814/7/6 14815/7/6 14840/7/6
f 14812/11/6 14813/11/6 14840/11/6
f 14811/11/6 14812/11/6 14840/11/6
f 14840/7/6 14816/7/6 14841/7/6
f 14816/9/6 14817/9/6 14842/9/6
f 14841/7/6 14816/7/6 14842/7/6
f 14817/9/6 14818/9/6 14842/9/6
f 14842/9/6 14818/9/6 14843/9/6
f 14843/9/6 14818/9/6 14844/9/6
f 14819/7/6 14820/7/6 14845/7/6
f 14844/9/6 14818/9/6 14845/9/6
f 14818/7/6 14819/7/6 14845/7/6
f 14845/7/6 14820/7/6 14846/7/6
f 14846/7/6 14820/7/6 14847/7/6
f 14847/7/6 14820/7/6 14848/7/6
f 14820/8/6 14821/8/6 14849/8/6
f 14848/7/6 14820/7/6 14849/7/6
f 14826/14/6 14797/14/6 14853/14/6
f 14853/14/6 14797/14/6 14854/14/6
f 14854/14/6 14797/14/6 14855/14/6
f 14828/8/6 14829/8/6 14856/8/6
f 14830/7/6 14831/7/6 14857/7/6
f 14856/8/6 14829/8/6 14857/8/6
f 14829/7/6 14830/7/6 14857/7/6
f 14857/7/6 14831/7/6 14858/7/6
f 14831/14/6 14832/14/6 14859/14/6
f 14858/7/6 14831/7/6 14859/7/6
f 14833/7/6 14834/7/6 14860/7/6
f 14859/14/6 14832/14/6 14860/14/6
f 14832/7/6 14833/7/6 14860/7/6
f 14839/14/6 14808/14/6 14861/14/6
f 14838/7/6 14839/7/6 14861/7/6
f 14836/7/6 14837/7/6 14861/7/6
f 14837/7/6 14838/7/6 14861/7/6
f 14861/14/6 14808/14/6 14862/14/6
f 14808/14/6 14775/14/6 14863/14/6
f 14862/14/6 14808/14/6 14863/14/6
f 14775/14/6 14744/14/6 14863/14/6
f 14776/7/6 14777/7/6 14864/7/6
f 14863/14/6 14744/14/6 14864/14/6
f 14744/7/6 14776/7/6 14864/7/6
f 14840/11/6 14841/11/6 14865/11/6
f 14298/7/6 14811/7/6 14865/7/6
f 14811/11/6 14840/11/6 14865/11/6
f 14865/11/6 14841/11/6 14866/11/6
f 14842/7/6 14843/7/6 14867/7/6
f 14866/11/6 14841/11/6 14867/11/6
f 14841/7/6 14842/7/6 14867/7/6
f 14867/7/6 14843/7/6 14868/7/6
f 14843/9/6 14844/9/6 14869/9/6
f 14868/7/6 14843/7/6 14869/7/6
f 14845/7/6 14846/7/6 14870/7/6
f 14869/9/6 14844/9/6 14870/9/6
f 14844/7/6 14845/7/6 14870/7/6
f 14870/7/6 14846/7/6 14871/7/6
f 14846/11/6 14847/11/6 14872/11/6
f 14871/7/6 14846/7/6 14872/7/6
f 14848/8/6 14849/8/6 14873/8/6
f 14849/8/6 14821/8/6 14873/8/6
f 14873/8/6 14821/8/6 14874/8/6
f 14850/14/6 14851/14/6 14875/14/6
f 14852/14/6 14853/14/6 14876/14/6
f 14853/14/6 14854/14/6 14876/14/6
f 14876/14/6 14854/14/6 14877/14/6
f 14877/14/6 14854/14/6 14878/14/6
f 14857/8/6 14858/8/6 14879/8/6
f 14858/7/6 14859/7/6 14880/7/6
f 14879/8/6 14858/8/6 14880/8/6
f 14859/7/6 14860/7/6 14880/7/6
f 14880/7/6 14860/7/6 14881/7/6
f 14881/7/6 14860/7/6 14882/7/6
f 14882/7/6 14860/7/6 14883/7/6
f 14860/7/6 14834/7/6 14884/7/6
f 14883/7/6 14860/7/6 14884/7/6
f 14834/14/6 14835/14/6 14885/14/6
f 14884/7/6 14834/7/6 14885/7/6
f 14835/14/6 14770/14/6 14886/14/6
f 14885/14/6 14835/14/6 14886/14/6
f 14861/7/6 14862/7/6 14887/7/6
f 14862/14/6 14863/14/6 14887/14/6
f 14863/7/6 14864/7/6 14888/7/6
f 14887/14/6 14863/14/6 14888/14/6
f 14778/7/6 14809/7/6 14889/7/6
f 14809/7/6 14810/7/6 14889/7/6
f 14746/7/6 14778/7/6 14889/7/6
f 14889/7/6 14810/7/6 14890/7/6
f 14867/11/6 14868/11/6 14891/11/6
f 14865/7/6 14866/7/6 14891/7/6
f 14866/11/6 14867/11/6 14891/11/6
f 14891/11/6 14868/11/6 14892/11/6
f 14870/7/6 14871/7/6 14893/7/6
f 14892/11/6 14868/11/6 14893/11/6
f 14868/7/6 14869/7/6 14893/7/6
f 14869/7/6 14870/7/6 14893/7/6
f 14893/7/6 14871/7/6 14894/7/6
f 14894/7/6 14871/7/6 14895/7/6
f 14871/11/6 14872/11/6 14896/11/6
f 14895/7/6 14871/7/6 14896/7/6
f 14872/11/6 14847/11/6 14897/11/6
f 14896/11/6 14872/11/6 14897/11/6
f 14847/7/6 14848/7/6 14897/7/6
f 14897/7/6 14848/7/6 14898/7/6
f 14898/7/6 14848/7/6 14899/7/6
f 14848/8/6 14873/8/6 14900/8/6
f 14899/7/6 14848/7/6 14900/7/6
f 14900/8/6 14873/8/6 14901/8/6
f 14876/14/6 14877/14/6 14902/14/6
f 14875/14/6 14876/14/6 14902/14/6
f 14902/14/6 14877/14/6 14903/14/6
f 14880/8/6 14881/8/6 14904/8/6
f 14881/7/6 14882/7/6 14905/7/6
f 14904/8/6 14881/8/6 14905/8/6
f 14905/7/6 14882/7/6 14906/7/6
f 14906/7/6 14882/7/6 14907/7/6
f 14882/9/6 14883/9/6 14908/9/6
f 14907/7/6 14882/7/6 14908/7/6
f 14883/7/6 14884/7/6 14909/7/6
f 14908/9/6 14883/9/6 14909/9/6
f 14909/7/6 14884/7/6 14910/7/6
f 14864/7/6 14777/7/6 14911/7/6
f 14888/7/6 14864/7/6 14911/7/6
f 14887/7/6 14888/7/6 14911/7/6
f 14777/14/6 14722/14/6 14912/14/6
f 14911/7/6 14777/7/6 14912/7/6
f 14890/7/6 14810/7/6 14913/7/6
f 14889/11/6 14890/11/6 14913/11/6
f 14810/7/6 14781/7/6 14914/7/6
f 14913/7/6 14810/7/6 14914/7/6
f 14752/7/6 13950/7/6 14914/7/6
f 14781/7/6 14752/7/6 14914/7/6
f 14891/7/6 14892/7/6 14915/7/6
f 14893/11/6 14894/11/6 14915/11/6
f 14892/11/6 14893/11/6 14915/11/6
f 14915/11/6 14894/11/6 14916/11/6
f 14894/7/6 14895/7/6 14917/7/6
f 14916/11/6 14894/11/6 14917/11/6
f 14917/7/6 14895/7/6 14918/7/6
f 14918/7/6 14895/7/6 14919/7/6
f 14895/11/6 14896/11/6 14920/11/6
f 14919/7/6 14895/7/6 14920/7/6
f 14897/11/6 14898/11/6 14920/11/6
f 14896/11/6 14897/11/6 14920/11/6
f 14875/14/6 14902/14/6 14921/14/6
f 14850/14/6 14875/14/6 14921/14/6
f 14921/14/6 14902/14/6 14922/14/6
f 14922/14/6 14902/14/6 14923/14/6
f 14905/8/6 14906/8/6 14925/8/6
f 14906/7/6 14907/7/6 14926/7/6
f 14925/8/6 14906/8/6 14926/8/6
f 14926/7/6 14907/7/6 14927/7/6
f 14927/7/6 14907/7/6 14928/7/6
f 14909/9/6 14910/9/6 14929/9/6
f 14928/7/6 14907/7/6 14929/7/6
f 14908/9/6 14909/9/6 14929/9/6
f 14907/9/6 14908/9/6 14929/9/6
f 14910/7/6 14884/7/6 14930/7/6
f 14929/9/6 14910/9/6 14930/9/6
f 14930/7/6 14884/7/6 14931/7/6
f 14884/14/6 14885/14/6 14932/14/6
f 14931/7/6 14884/7/6 14932/7/6
f 14885/7/6 14886/7/6 14933/7/6
f 14932/14/6 14885/14/6 14933/14/6
f 14886/14/6 14770/14/6 14934/14/6
f 14933/7/6 14886/7/6 14934/7/6
f 14887/7/6 14911/7/6 14935/7/6
f 14934/14/6 14770/14/6 14935/14/6
f 14803/7/6 14836/7/6 14935/7/6
f 14861/7/6 14887/7/6 14935/7/6
f 14836/7/6 14861/7/6 14935/7/6
f 14770/7/6 14803/7/6 14935/7/6
f 14889/11/6 14913/11/6 14936/11/6
f 14913/11/6 14914/11/6 14936/11/6
f 14746/7/6 14889/7/6 14936/7/6
f 14936/11/6 14914/11/6 14937/11/6
f 14914/7/6 13950/7/6 14938/7/6
f 14937/11/6 14914/11/6 14938/11/6
f 14938/7/6 13950/7/6 14939/7/6
f 14915/7/6 14916/7/6 14940/7/6
f 14917/11/6 14918/11/6 14940/11/6
f 14916/11/6 14917/11/6 14940/11/6
f 14940/11/6 14918/11/6 14941/11/6
f 14918/7/6 14919/7/6 14942/7/6
f 14941/11/6 14918/11/6 14942/11/6
f 14942/7/6 14919/7/6 14943/7/6
f 14943/7/6 14919/7/6 14944/7/6
f 14919/11/6 14920/11/6 14945/11/6
f 14944/7/6 14919/7/6 14945/7/6
f 14898/7/6 14899/7/6 14946/7/6
f 14899/8/6 14900/8/6 14947/8/6
f 14946/7/6 14899/7/6 14947/7/6
f 14947/8/6 14900/8/6 14948/8/6
f 14923/14/6 14924/14/6 14949/14/6
f 14922/14/6 14923/14/6 14949/14/6
f 14949/14/6 14924/14/6 14950/14/6
f 14950/14/6 14924/14/6 14951/14/6
f 14926/8/6 14927/8/6 14953/8/6
f 14927/7/6 14928/7/6 14954/7/6
f 14953/8/6 14927/8/6 14954/8/6
f 14954/7/6 14928/7/6 14955/7/6
f 14955/7/6 14928/7/6 14956/7/6
f 14928/9/6 14929/9/6 14957/9/6
f 14956/7/6 14928/7/6 14957/7/6
f 14929/9/6 14930/9/6 14957/9/6
f 14930/9/6 14931/9/6 14957/9/6
f 14933/7/6 14934/7/6 14958/7/6
f 14957/9/6 14931/9/6 14958/9/6
f 14932/7/6 14933/7/6 14958/7/6
f 14931/7/6 14932/7/6 14958/7/6
f 14934/7/6 14935/7/6 14958/7/6
f 14958/7/6 14935/7/6 14959/7/6
f 14935/7/6 14911/7/6 14960/7/6
f 14959/7/6 14935/7/6 14960/7/6
f 14911/14/6 14912/14/6 14960/14/6
f 14912/14/6 14722/14/6 14961/14/6
f 14960/14/6 14912/14/6 14961/14/6
f 14722/7/6 14746/7/6 14961/7/6
f 14936/7/6 14937/7/6 14961/7/6
f 14746/7/6 14936/7/6 14961/7/6
f 14942/11/6 14943/11/6 14962/11/6
f 14940/7/6 14941/7/6 14962/7/6
f 14941/11/6 14942/11/6 14962/11/6
f 14962/11/6 14943/11/6 14963/11/6
f 14943/7/6 14944/7/6 14964/7/6
f 14963/11/6 14943/11/6 14964/11/6
f 14964/7/6 14944/7/6 14965/7/6
f 14965/7/6 14944/7/6 14966/7/6
f 14944/11/6 14945/11/6 14967/11/6
f 14966/7/6 14944/7/6 14967/7/6
f 14898/7/6 14946/7/6 14968/7/6
f 14946/8/6 14947/8/6 14969/8/6
f 14968/7/6 14946/7/6 14969/7/6
f 14969/8/6 14947/8/6 14970/8/6
f 14950/14/6 14951/14/6 14971/14/6
f 14951/14/6 14952/14/6 14971/14/6
f 14971/14/6 14952/14/6 14972/14/6
f 14972/14/6 14952/14/6 14973/14/6
f 14954/8/6 14955/8/6 14975/8/6
f 14955/7/6 14956/7/6 14976/7/6
f 14975/8/6 14955/8/6 14976/8/6
f 14976/7/6 14956/7/6 14977/7/6
f 14977/7/6 14956/7/6 14978/7/6
f 14956/9/6 14957/9/6 14979/9/6
f 14978/7/6 14956/7/6 14979/7/6
f 14958/9/6 14959/9/6 14979/9/6
f 14957/9/6 14958/9/6 14979/9/6
f 14959/7/6 14960/7/6 14980/7/6
f 14979/9/6 14959/9/6 14980/9/6
f 14960/7/6 14961/7/6 14980/7/6
f 14980/7/6 14961/7/6 14981/7/6
f 14961/7/6 14937/7/6 14982/7/6
f 14981/7/6 14961/7/6 14982/7/6
f 14938/11/6 14939/11/6 14983/11/6
f 14982/7/6 14937/7/6 14983/7/6
f 14937/11/6 14938/11/6 14983/11/6
f 14939/7/6 13950/7/6 14984/7/6
f 14983/11/6 14939/11/6 14984/11/6
f 14984/7/6 13950/7/6 14985/7/6
f 14965/7/6 14966/7/6 14986/7/6
f 14963/11/6 14964/11/6 14986/11/6
f 14964/11/6 14965/11/6 14986/11/6
f 14966/11/6 14967/11/6 14987/11/6
f 14986/7/6 14966/7/6 14987/7/6
f 14973/14/6 14974/14/6 14988/14/6
f 14972/14/6 14973/14/6 14988/14/6
f 14988/14/6 14974/14/6 14989/14/6
f 14989/14/6 14974/14/6 14990/14/6
f 14976/8/6 14977/8/6 14992/8/6
f 14977/7/6 14978/7/6 14993/7/6
f 14992/8/6 14977/8/6 14993/8/6
f 14978/9/6 14979/9/6 14994/9/6
f 14993/7/6 14978/7/6 14994/7/6
f 14980/9/6 14981/9/6 14994/9/6
f 14979/9/6 14980/9/6 14994/9/6
f 14981/7/6 14982/7/6 14995/7/6
f 14994/9/6 14981/9/6 14995/9/6
f 14995/7/6 14982/7/6 14996/7/6
f 14984/11/6 14985/11/6 14997/11/6
f 14996/7/6 14982/7/6 14997/7/6
f 14982/11/6 14983/11/6 14997/11/6
f 14983/11/6 14984/11/6 14997/11/6
f 14997/11/6 14985/11/6 14998/11/6
f 14987/11/6 14967/11/6 14999/11/6
f 14986/11/6 14987/11/6 14999/11/6
f 14967/11/6 14945/11/6 14999/11/6
f 14920/11/6 14898/11/6 14999/11/6
f 14945/11/6 14920/11/6 14999/11/6
f 14898/7/6 14968/7/6 15000/7/6
f 14999/11/6 14898/11/6 15000/11/6
f 14968/8/6 14969/8/6 15001/8/6
f 15000/7/6 14968/7/6 15001/7/6
f 15001/8/6 14969/8/6 15002/8/6
f 14972/14/6 14988/14/6 15003/14/6
f 15003/14/6 14988/14/6 15004/14/6
f 15004/14/6 14988/14/6 15005/14/6
f 15005/14/6 14988/14/6 15006/14/6
f 14990/14/6 14991/14/6 15007/14/6
f 14989/14/6 14990/14/6 15007/14/6
f 15007/14/6 14991/14/6 15008/14/6
f 14995/9/6 14996/9/6 15009/9/6
f 14994/9/6 14995/9/6 15009/9/6
f 14993/9/6 14994/9/6 15009/9/6
f 15009/9/6 14996/9/6 15010/9/6
f 15010/9/6 14996/9/6 15011/9/6
f 15011/9/6 14996/9/6 15012/9/6
f 14997/7/6 14998/7/6 15013/7/6
f 15012/9/6 14996/9/6 15013/9/6
f 14996/7/6 14997/7/6 15013/7/6
f 15013/7/6 14998/7/6 15014/7/6
f 14998/11/6 14985/11/6 15015/11/6
f 15014/7/6 14998/7/6 15015/7/6
f 15015/11/6 14985/11/6 15016/11/6
f 14986/11/6 14999/11/6 15017/11/6
f 14963/11/6 14986/11/6 15017/11/6
f 14962/7/6 14963/7/6 15017/7/6
f 15017/11/6 14999/11/6 15018/11/6
f 15004/14/6 15005/14/6 15019/14/6
f 15019/14/6 15005/14/6 15020/14/6
f 15010/9/6 15011/9/6 15021/9/6
f 15011/14/6 15012/14/6 15022/14/6
f 15021/9/6 15011/9/6 15022/9/6
f 15013/9/6 15014/9/6 15023/9/6
f 15022/14/6 15012/14/6 15023/14/6
f 15012/9/6 15013/9/6 15023/9/6
f 15023/9/6 15014/9/6 15024/9/6
f 15015/7/6 15016/7/6 15025/7/6
f 15024/9/6 15014/9/6 15025/9/6
f 15014/7/6 15015/7/6 15025/7/6
f 15025/7/6 15016/7/6 15026/7/6
f 15026/7/6 15016/7/6 15027/7/6
f 15027/7/6 15016/7/6 15028/7/6
f 15018/11/6 14999/11/6 15029/11/6
f 15017/7/6 15018/7/6 15029/7/6
f 15029/11/6 14999/11/6 15030/11/6
f 15030/11/6 14999/11/6 15031/11/6
f 14999/7/6 15000/7/6 15032/7/6
f 15031/11/6 14999/11/6 15032/11/6
f 15000/8/6 15001/8/6 15033/8/6
f 15032/7/6 15000/7/6 15033/7/6
f 15033/8/6 15001/8/6 15034/8/6
f 15004/14/6 15019/14/6 15035/14/6
f 15035/14/6 15019/14/6 15036/14/6
f 15010/9/6 15021/9/6 15037/9/6
f 15037/9/6 15021/9/6 15038/9/6
f 15038/9/6 15021/9/6 15039/9/6
f 15039/9/6 15021/9/6 15040/9/6
f 15040/9/6 15021/9/6 15041/9/6
f 15021/14/6 15022/14/6 15042/14/6
f 15041/9/6 15021/9/6 15042/9/6
f 15023/14/6 15024/14/6 15042/14/6
f 15022/14/6 15023/14/6 15042/14/6
f 15024/9/6 15025/9/6 15043/9/6
f 15042/14/6 15024/14/6 15043/14/6
f 15025/9/6 15026/9/6 15043/9/6
f 15043/9/6 15026/9/6 15044/9/6
f 15026/7/6 15027/7/6 15045/7/6
f 15044/9/6 15026/9/6 15045/9/6
f 15045/7/6 15027/7/6 15046/7/6
f 15046/7/6 15027/7/6 15047/7/6
f 15027/11/6 15028/11/6 15048/11/6
f 15047/7/6 15027/7/6 15048/7/6
f 15028/7/6 15016/7/6 15049/7/6
f 15048/11/6 15028/11/6 15049/11/6
f 15016/11/6 14985/11/6 15050/11/6
f 15049/7/6 15016/7/6 15050/7/6
f 15030/11/6 15031/11/6 15051/11/6
f 15029/7/6 15030/7/6 15051/7/6
f 15051/11/6 15031/11/6 15052/11/6
f 15052/11/6 15031/11/6 15053/11/6
f 15031/7/6 15032/7/6 15054/7/6
f 15053/11/6 15031/11/6 15054/11/6
f 15004/14/6 15035/14/6 15055/14/6
f 15055/14/6 15035/14/6 15056/14/6
f 15038/9/6 15039/9/6 15057/9/6
f 15039/14/6 15040/14/6 15058/14/6
f 15057/9/6 15039/9/6 15058/9/6
f 15040/9/6 15041/9/6 15059/9/6
f 15058/14/6 15040/14/6 15059/14/6
f 15059/9/6 15041/9/6 15060/9/6
f 15060/9/6 15041/9/6 15061/9/6
f 15043/14/6 15044/14/6 15062/14/6
f 15061/9/6 15041/9/6 15062/9/6
f 15041/14/6 15042/14/6 15062/14/6
f 15042/14/6 15043/14/6 15062/14/6
f 15045/9/6 15046/9/6 15063/9/6
f 15062/14/6 15044/14/6 15063/14/6
f 15044/9/6 15045/9/6 15063/9/6
f 15063/9/6 15046/9/6 15064/9/6
f 15046/7/6 15047/7/6 15065/7/6
f 15064/9/6 15046/9/6 15065/9/6
f 15065/7/6 15047/7/6 15066/7/6
f 15066/7/6 15047/7/6 15067/7/6
f 15048/11/6 15049/11/6 15068/11/6
f 15067/7/6 15047/7/6 15068/7/6
f 15047/11/6 15048/11/6 15068/11/6
f 15049/11/6 15050/11/6 15068/11/6
f 15050/11/6 14985/11/6 15069/11/6
f 15068/11/6 15050/11/6 15069/11/6
f 15069/11/6 14985/11/6 15070/11/6
f 15070/11/6 14985/11/6 15071/11/6
f 14985/7/6 13950/7/6 15072/7/6
f 15071/11/6 14985/11/6 15072/11/6
f 15017/7/6 15029/7/6 15073/7/6
f 15029/7/6 15051/7/6 15073/7/6
f 15051/7/6 15052/7/6 15073/7/6
f 15052/11/6 15053/11/6 15074/11/6
f 15073/7/6 15052/7/6 15074/7/6
f 15074/11/6 15053/11/6 15075/11/6
f 15053/7/6 15054/7/6 15076/7/6
f 15075/11/6 15053/11/6 15076/11/6
f 15054/7/6 15032/7/6 15077/7/6
f 15076/7/6 15054/7/6 15077/7/6
f 15032/8/6 15033/8/6 15078/8/6
f 15077/7/6 15032/7/6 15078/7/6
f 15078/8/6 15033/8/6 15079/8/6
f 15038/9/6 15057/9/6 15080/9/6
f 15080/9/6 15057/9/6 15081/9/6
f 15057/14/6 15058/14/6 15082/14/6
f 15060/9/6 15061/9/6 15082/9/6
f 15059/14/6 15060/14/6 15082/14/6
f 15058/14/6 15059/14/6 15082/14/6
f 15082/9/6 15061/9/6 15083/9/6
f 15083/9/6 15061/9/6 15084/9/6
f 15063/14/6 15064/14/6 15085/14/6
f 15084/9/6 15061/9/6 15085/9/6
f 15061/14/6 15062/14/6 15085/14/6
f 15062/14/6 15063/14/6 15085/14/6
f 15066/7/6 15067/7/6 15086/7/6
f 15065/9/6 15066/9/6 15086/9/6
f 15064/9/6 15065/9/6 15086/9/6
f 15086/7/6 15067/7/6 15087/7/6
f 15087/7/6 15067/7/6 15088/7/6
f 15067/11/6 15068/11/6 15089/11/6
f 15088/7/6 15067/7/6 15089/7/6
f 15068/11/6 15069/11/6 15089/11/6
f 15069/7/6 15070/7/6 15090/7/6
f 15089/11/6 15069/11/6 15090/11/6
f 15090/7/6 15070/7/6 15091/7/6
f 15070/11/6 15071/11/6 15092/11/6
f 15091/7/6 15070/7/6 15092/7/6
f 15071/7/6 15072/7/6 15093/7/6
f 15092/11/6 15071/11/6 15093/11/6
f 15017/7/6 15073/7/6 15094/7/6
f 14962/7/6 15017/7/6 15094/7/6
f 15073/11/6 15074/11/6 15095/11/6
f 15094/7/6 15073/7/6 15095/7/6
f 15074/11/6 15075/11/6 15095/11/6
f 15095/11/6 15075/11/6 15096/11/6
f 15076/7/6 15077/7/6 15097/7/6
f 15096/11/6 15075/11/6 15097/11/6
f 15075/7/6 15076/7/6 15097/7/6
f 15004/14/6 15055/14/6 15098/14/6
f 15083/9/6 15084/9/6 15104/9/6
f 15082/14/6 15083/14/6 15104/14/6
f 15084/14/6 15085/14/6 15105/14/6
f 15104/9/6 15084/9/6 15105/9/6
f 15085/14/6 15064/14/6 15106/14/6
f 15105/14/6 15085/14/6 15106/14/6
f 15064/9/6 15086/9/6 15106/9/6
f 15086/9/6 15087/9/6 15106/9/6
f 15106/9/6 15087/9/6 15107/9/6
f 15087/7/6 15088/7/6 15108/7/6
f 15107/9/6 15087/9/6 15108/9/6
f 15108/7/6 15088/7/6 15109/7/6
f 15090/11/6 15091/11/6 15110/11/6
f 15109/7/6 15088/7/6 15110/7/6
f 15089/11/6 15090/11/6 15110/11/6
f 15088/11/6 15089/11/6 15110/11/6
f 15110/11/6 15091/11/6 15111/11/6
f 15095/11/6 15096/11/6 15112/11/6
f 15094/11/6 15095/11/6 15112/11/6
f 15096/7/6 15097/7/6 15112/7/6
f 15097/7/6 15077/7/6 15113/7/6
f 15112/7/6 15097/7/6 15113/7/6
f 15098/14/6 15099/14/6 15114/14/6
f 15114/14/6 15099/14/6 15115/14/6
f 15100/14/6 15101/14/6 15116/14/6
f 15116/14/6 15101/14/6 15117/14/6
f 15117/14/6 15101/14/6 15118/14/6
f 15118/14/6 15101/14/6 15119/14/6
f 15119/14/6 15101/14/6 15120/14/6
f 15102/14/6 15103/14/6 15121/14/6
f 15121/14/6 15103/14/6 15122/14/6
f 15081/9/6 15057/9/6 15124/9/6
f 15124/9/6 15057/9/6 15125/9/6
f 15106/14/6 15107/14/6 15126/14/6
f 15125/9/6 15057/9/6 15126/9/6
f 15104/14/6 15105/14/6 15126/14/6
f 15082/14/6 15104/14/6 15126/14/6
f 15105/14/6 15106/14/6 15126/14/6
f 15057/14/6 15082/14/6 15126/14/6
f 15126/14/6 15107/14/6 15127/14/6
f 15108/9/6 15109/9/6 15128/9/6
f 15107/9/6 15108/9/6 15128/9/6
f 15110/7/6 15111/7/6 15128/7/6
f 15109/7/6 15110/7/6 15128/7/6
f 15128/7/6 15111/7/6 15129/7/6
f 15111/11/6 15091/11/6 15130/11/6
f 15129/7/6 15111/7/6 15130/7/6
f 15130/11/6 15091/11/6 15131/11/6
f 15131/11/6 15091/11/6 15132/11/6
f 15092/7/6 15093/7/6 15133/7/6
f 15132/11/6 15091/11/6 15133/11/6
f 15091/7/6 15092/7/6 15133/7/6
f 14962/7/6 15094/7/6 15134/7/6
f 15094/11/6 15112/11/6 15134/11/6
f 15112/11/6 15113/11/6 15134/11/6
f 15134/11/6 15113/11/6 15135/11/6
f 15004/14/6 15098/14/6 15136/14/6
f 15098/14/6 15114/14/6 15136/14/6
f 15136/14/6 15114/14/6 15137/14/6
f 15117/14/6 15118/14/6 15138/14/6
f 15138/14/6 15118/14/6 15139/14/6
f 15118/4/6 15119/4/6 15140/4/6
f 15139/14/6 15118/14/6 15140/14/6
f 15122/14/6 15123/14/6 15141/14/6
f 15140/4/6 15119/4/6 15141/4/6
f 15121/14/6 15122/14/6 15141/14/6
f 15119/14/6 15120/14/6 15141/14/6
f 15120/14/6 15121/14/6 15141/14/6
f 15141/14/6 15123/14/6 15142/14/6
f 15142/14/6 15123/14/6 15143/14/6
f 15126/9/6 15127/9/6 15144/9/6
f 15125/9/6 15126/9/6 15144/9/6
f 15144/9/6 15127/9/6 15145/9/6
f 15129/7/6 15130/7/6 15146/7/6
f 15130/7/6 15131/7/6 15146/7/6
f 15128/9/6 15129/9/6 15146/9/6
f 15146/7/6 15131/7/6 15147/7/6
f 15131/11/6 15132/11/6 15148/11/6
f 15147/7/6 15131/7/6 15148/7/6
f 15148/11/6 15132/11/6 15149/11/6
f 15149/11/6 15132/11/6 15150/11/6
f 15132/7/6 15133/7/6 15151/7/6
f 15150/11/6 15132/11/6 15151/11/6
f 15135/11/6 15113/11/6 15152/11/6
f 15134/7/6 15135/7/6 15152/7/6
f 15152/11/6 15113/11/6 15153/11/6
f 15004/14/6 15136/14/6 15154/14/6
f 15154/14/6 15136/14/6 15155/14/6
f 15139/14/6 15140/14/6 15156/14/6
f 15141/14/6 15142/14/6 15156/14/6
f 15140/14/6 15141/14/6 15156/14/6
f 15156/14/6 15142/14/6 15157/14/6
f 15157/14/6 15142/14/6 15158/14/6
f 15127/14/6 15107/14/6 15160/14/6
f 15145/9/6 15127/9/6 15160/9/6
f 15160/14/6 15107/14/6 15161/14/6
f 15146/9/6 15147/9/6 15162/9/6
f 15148/7/6 15149/7/6 15162/7/6
f 15147/7/6 15148/7/6 15162/7/6
f 15162/7/6 15149/7/6 15163/7/6
f 15149/11/6 15150/11/6 15164/11/6
f 15163/7/6 15149/7/6 15164/7/6
f 15164/11/6 15150/11/6 15165/11/6
f 15133/7/6 15093/7/6 15166/7/6
f 15151/7/6 15133/7/6 15166/7/6
f 15150/7/6 15151/7/6 15166/7/6
f 15093/7/6 15072/7/6 15167/7/6
f 15166/7/6 15093/7/6 15167/7/6
f 15153/11/6 15113/11/6 15168/11/6
f 15113/7/6 15077/7/6 15169/7/6
f 15168/11/6 15113/11/6 15169/11/6
f 15169/7/6 15077/7/6 15170/7/6
f 15077/8/6 15078/8/6 15171/8/6
f 15170/7/6 15077/7/6 15171/7/6
f 15171/8/6 15078/8/6 15172/8/6
f 15158/14/6 15159/14/6 15176/14/6
f 15157/14/6 15158/14/6 15176/14/6
f 15176/14/6 15159/14/6 15177/14/6
f 15177/14/6 15159/14/6 15178/14/6
f 15178/14/6 15159/14/6 15179/14/6
f 15160/9/6 15161/9/6 15180/9/6
f 15145/9/6 15160/9/6 15180/9/6
f 15180/9/6 15161/9/6 15181/9/6
f 15161/14/6 15107/14/6 15182/14/6
f 15162/9/6 15163/9/6 15183/9/6
f 15182/14/6 15107/14/6 15183/14/6
f 15107/9/6 15128/9/6 15183/9/6
f 15128/9/6 15146/9/6 15183/9/6
f 15146/9/6 15162/9/6 15183/9/6
f 15165/11/6 15150/11/6 15184/11/6
f 15164/7/6 15165/7/6 15184/7/6
f 15163/7/6 15164/7/6 15184/7/6
f 15184/11/6 15150/11/6 15185/11/6
f 15185/11/6 15150/11/6 15186/11/6
f 15150/7/6 15166/7/6 15187/7/6
f 15186/11/6 15150/11/6 15187/11/6
f 15187/7/6 15166/7/6 15188/7/6
f 15166/11/6 15167/11/6 15189/11/6
f 15188/7/6 15166/7/6 15189/7/6
f 15167/7/6 15072/7/6 15190/7/6
f 15189/11/6 15167/11/6 15190/11/6
f 15072/7/6 13950/7/6 15191/7/6
f 15190/7/6 15072/7/6 15191/7/6
f 15153/11/6 15168/11/6 15192/11/6
f 15152/7/6 15153/7/6 15192/7/6
f 15192/11/6 15168/11/6 15193/11/6
f 15173/14/6 15174/14/6 15194/14/6
f 15194/14/6 15174/14/6 15195/14/6
f 15195/14/6 15174/14/6 15196/14/6
f 15175/14/6 15176/14/6 15197/14/6
f 15176/4/6 15177/4/6 15198/4/6
f 15197/14/6 15176/14/6 15198/14/6
f 15177/14/6 15178/14/6 15199/14/6
f 15198/4/6 15177/4/6 15199/4/6
f 15199/14/6 15178/14/6 15200/14/6
f 15200/14/6 15178/14/6 15201/14/6
f 15161/14/6 15182/14/6 15202/14/6
f 15181/9/6 15161/9/6 15202/9/6
f 15202/14/6 15182/14/6 15203/14/6
f 15203/14/6 15182/14/6 15204/14/6
f 15182/9/6 15183/9/6 15205/9/6
f 15204/14/6 15182/14/6 15205/14/6
f 15183/9/6 15163/9/6 15206/9/6
f 15205/9/6 15183/9/6 15206/9/6
f 15184/7/6 15185/7/6 15206/7/6
f 15163/7/6 15184/7/6 15206/7/6
f 15206/7/6 15185/7/6 15207/7/6
f 15185/11/6 15186/11/6 15208/11/6
f 15207/7/6 15185/7/6 15208/7/6
f 15187/7/6 15188/7/6 15209/7/6
f 15208/11/6 15186/11/6 15209/11/6
f 15186/7/6 15187/7/6 15209/7/6
f 15188/11/6 15189/11/6 15210/11/6
f 15189/11/6 15190/11/6 15210/11/6
f 15191/7/6 13950/7/6 15210/7/6
f 15190/11/6 15191/11/6 15210/11/6
f 15210/7/6 13950/7/6 15211/7/6
f 15193/11/6 15168/11/6 15212/11/6
f 15192/7/6 15193/7/6 15212/7/6
f 15212/11/6 15168/11/6 15213/11/6
f 15213/11/6 15168/11/6 15214/11/6
f 15169/7/6 15170/7/6 15215/7/6
f 15214/11/6 15168/11/6 15215/11/6
f 15168/7/6 15169/7/6 15215/7/6
f 15215/7/6 15170/7/6 15216/7/6
f 15170/8/6 15171/8/6 15217/8/6
f 15216/7/6 15170/7/6 15217/7/6
f 15217/8/6 15171/8/6 15218/8/6
f 15198/14/6 15199/14/6 15219/14/6
f 15199/14/6 15200/14/6 15219/14/6
f 15195/14/6 15196/14/6 15219/14/6
f 15197/14/6 15198/14/6 15219/14/6
f 15196/14/6 15197/14/6 15219/14/6
f 15219/14/6 15200/14/6 15220/14/6
f 15220/14/6 15200/14/6 15221/14/6
f 15203/14/6 15204/14/6 15223/14/6
f 15202/9/6 15203/9/6 15223/9/6
f 15223/14/6 15204/14/6 15224/14/6
f 15224/14/6 15204/14/6 15225/14/6
f 15204/9/6 15205/9/6 15226/9/6
f 15225/14/6 15204/14/6 15226/14/6
f 15206/9/6 15207/9/6 15226/9/6
f 15205/9/6 15206/9/6 15226/9/6
f 15213/11/6 15214/11/6 15227/11/6
f 15212/7/6 15213/7/6 15227/7/6
f 15227/11/6 15214/11/6 15228/11/6
f 15228/11/6 15214/11/6 15229/11/6
f 15214/7/6 15215/7/6 15230/7/6
f 15229/11/6 15214/11/6 15230/11/6
f 15215/7/6 15216/7/6 15230/7/6
f 15230/7/6 15216/7/6 15231/7/6
f 15216/8/6 15217/8/6 15232/8/6
f 15231/7/6 15216/7/6 15232/7/6
f 15232/8/6 15217/8/6 15233/8/6
f 15221/14/6 15222/14/6 15236/14/6
f 15220/14/6 15221/14/6 15236/14/6
f 15236/14/6 15222/14/6 15237/14/6
f 15237/14/6 15222/14/6 15238/14/6
f 15238/14/6 15222/14/6 15239/14/6
f 15224/14/6 15225/14/6 15240/14/6
f 15223/9/6 15224/9/6 15240/9/6
f 15240/14/6 15225/14/6 15241/14/6
f 15241/14/6 15225/14/6 15242/14/6
f 15225/9/6 15226/9/6 15243/9/6
f 15242/14/6 15225/14/6 15243/14/6
f 15209/7/6 15188/7/6 15244/7/6
f 15207/7/6 15208/7/6 15244/7/6
f 15208/7/6 15209/7/6 15244/7/6
f 15210/11/6 15211/11/6 15244/11/6
f 15188/11/6 15210/11/6 15244/11/6
f 15244/11/6 15211/11/6 15245/11/6
f 15245/11/6 15211/11/6 15246/11/6
f 15211/7/6 13950/7/6 15247/7/6
f 15246/11/6 15211/11/6 15247/11/6
f 15192/7/6 15212/7/6 15248/7/6
f 15227/7/6 15228/7/6 15248/7/6
f 15212/7/6 15227/7/6 15248/7/6
f 15228/11/6 15229/11/6 15249/11/6
f 15248/7/6 15228/7/6 15249/7/6
f 15249/11/6 15229/11/6 15250/11/6
f 15230/7/6 15231/7/6 15251/7/6
f 15250/11/6 15229/11/6 15251/11/6
f 15229/7/6 15230/7/6 15251/7/6
f 15234/14/6 15235/14/6 15252/14/6
f 15252/14/6 15235/14/6 15253/14/6
f 15237/14/6 15238/14/6 15254/14/6
f 15254/14/6 15238/14/6 15255/14/6
f 15240/9/6 15241/9/6 15257/9/6
f 15241/14/6 15242/14/6 15257/14/6
f 15242/9/6 15243/9/6 15258/9/6
f 15257/14/6 15242/14/6 15258/14/6
f 15245/11/6 15246/11/6 15259/11/6
f 15246/7/6 15247/7/6 15260/7/6
f 15259/11/6 15246/11/6 15260/11/6
f 15192/7/6 15248/7/6 15261/7/6
f 15152/7/6 15192/7/6 15261/7/6
f 15249/11/6 15250/11/6 15262/11/6
f 15261/7/6 15248/7/6 15262/7/6
f 15248/11/6 15249/11/6 15262/11/6
f 15262/11/6 15250/11/6 15263/11/6
f 15250/7/6 15251/7/6 15264/7/6
f 15263/11/6 15250/11/6 15264/11/6
f 15255/14/6 15256/14/6 15265/14/6
f 15254/14/6 15255/14/6 15265/14/6
f 15253/14/6 15254/14/6 15265/14/6
f 15265/14/6 15256/14/6 15266/14/6
f 15240/9/6 15257/9/6 15267/9/6
f 15223/9/6 15240/9/6 15267/9/6
f 15202/9/6 15223/9/6 15267/9/6
f 15181/9/6 15202/9/6 15267/9/6
f 15257/9/6 15258/9/6 15267/9/6
f 15267/9/6 15258/9/6 15268/9/6
f 15243/9/6 15226/9/6 15269/9/6
f 15268/9/6 15258/9/6 15269/9/6
f 15258/9/6 15243/9/6 15269/9/6
f 15226/9/6 15207/9/6 15269/9/6
f 15269/9/6 15207/9/6 15270/9/6
f 15270/9/6 15207/9/6 15271/9/6
f 15244/7/6 15245/7/6 15272/7/6
f 15271/9/6 15207/9/6 15272/9/6
f 15207/7/6 15244/7/6 15272/7/6
f 15272/7/6 15245/7/6 15273/7/6
f 15245/11/6 15259/11/6 15274/11/6
f 15273/7/6 15245/7/6 15274/7/6
f 15274/11/6 15259/11/6 15275/11/6
f 15275/11/6 15259/11/6 15276/11/6
f 15259/7/6 15260/7/6 15277/7/6
f 15276/11/6 15259/11/6 15277/11/6
f 15262/11/6 15263/11/6 15278/11/6
f 15152/7/6 15261/7/6 15278/7/6
f 15261/11/6 15262/11/6 15278/11/6
f 15278/11/6 15263/11/6 15279/11/6
f 15279/11/6 15263/11/6 15280/11/6
f 15263/7/6 15264/7/6 15281/7/6
f 15280/11/6 15263/11/6 15281/11/6
f 15266/14/6 15256/14/6 15284/14/6
f 15284/14/6 15256/14/6 15285/14/6
f 15285/14/6 15256/14/6 15286/14/6
f 15270/9/6 15271/9/6 15288/9/6
f 15269/7/6 15270/7/6 15288/7/6
f 15271/4/6 15272/4/6 15289/4/6
f 15288/9/6 15271/9/6 15289/9/6
f 15272/8/6 15273/8/6 15290/8/6
f 15289/4/6 15272/4/6 15290/4/6
f 15274/7/6 15275/7/6 15291/7/6
f 15290/8/6 15273/8/6 15291/8/6
f 15273/7/6 15274/7/6 15291/7/6
f 15291/7/6 15275/7/6 15292/7/6
f 15275/11/6 15276/11/6 15293/11/6
f 15292/7/6 15275/7/6 15293/7/6
f 15276/7/6 15277/7/6 15294/7/6
f 15293/11/6 15276/11/6 15294/11/6
f 15152/7/6 15278/7/6 15295/7/6
f 15278/7/6 15279/7/6 15295/7/6
f 15279/11/6 15280/11/6 15296/11/6
f 15295/7/6 15279/7/6 15296/7/6
f 15296/11/6 15280/11/6 15297/11/6
f 15280/7/6 15281/7/6 15298/7/6
f 15297/11/6 15280/11/6 15298/11/6
f 15282/14/6 15283/14/6 15300/14/6
f 15286/14/6 15287/14/6 15301/14/6
f 15285/14/6 15286/14/6 15301/14/6
f 15268/9/6 15269/9/6 15303/9/6
f 15303/9/6 15269/9/6 15304/9/6
f 15269/7/6 15288/7/6 15305/7/6
f 15304/9/6 15269/9/6 15305/9/6
f 15289/4/6 15290/4/6 15306/4/6
f 15305/7/6 15288/7/6 15306/7/6
f 15288/4/6 15289/4/6 15306/4/6
f 15291/8/6 15292/8/6 15307/8/6
f 15292/7/6 15293/7/6 15308/7/6
f 15307/8/6 15292/8/6 15308/8/6
f 15293/7/6 15294/7/6 15308/7/6
f 15308/7/6 15294/7/6 15309/7/6
f 15277/7/6 15260/7/6 15310/7/6
f 15309/7/6 15294/7/6 15310/7/6
f 15294/7/6 15277/7/6 15310/7/6
f 15247/7/6 13950/7/6 15311/7/6
f 15310/7/6 15260/7/6 15311/7/6
f 15260/7/6 15247/7/6 15311/7/6
f 15296/11/6 15297/11/6 15312/11/6
f 15295/11/6 15296/11/6 15312/11/6
f 15297/7/6 15298/7/6 15313/7/6
f 15312/11/6 15297/11/6 15313/11/6
f 15298/7/6 15281/7/6 15314/7/6
f 15313/7/6 15298/7/6 15314/7/6
f 15264/7/6 15251/7/6 15314/7/6
f 15251/7/6 15231/7/6 15314/7/6
f 15281/7/6 15264/7/6 15314/7/6
f 15231/8/6 15232/8/6 15315/8/6
f 15314/7/6 15231/7/6 15315/7/6
f 15315/8/6 15232/8/6 15316/8/6
f 15299/14/6 15300/14/6 15317/14/6
f 15300/14/6 15283/14/6 15318/14/6
f 15317/14/6 15300/14/6 15318/14/6
f 15318/14/6 15283/14/6 15319/14/6
f 15319/14/6 15283/14/6 15320/14/6
f 15301/14/6 15302/14/6 15321/14/6
f 15268/9/6 15303/9/6 15323/9/6
f 15303/7/6 15304/7/6 15324/7/6
f 15323/9/6 15303/9/6 15324/9/6
f 15304/4/6 15305/4/6 15325/4/6
f 15324/7/6 15304/7/6 15325/7/6
f 15305/4/6 15306/4/6 15325/4/6
f 15306/4/6 15290/4/6 15326/4/6
f 15325/4/6 15306/4/6 15326/4/6
f 15308/8/6 15309/8/6 15327/8/6
f 15309/7/6 15310/7/6 15328/7/6
f 15327/8/6 15309/8/6 15328/8/6
f 15328/7/6 15310/7/6 15329/7/6
f 15329/7/6 15310/7/6 15330/7/6
f 15310/11/6 15311/11/6 15331/11/6
f 15330/7/6 15310/7/6 15331/7/6
f 15311/7/6 13950/7/6 15332/7/6
f 15331/11/6 15311/11/6 15332/11/6
f 13950/7/6 13924/7/6 15333/7/6
f 15332/7/6 13950/7/6 15333/7/6
f 15295/11/6 15312/11/6 15334/11/6
f 15152/7/6 15295/7/6 15334/7/6
f 15334/11/6 15312/11/6 15335/11/6
f 15335/11/6 15312/11/6 15336/11/6
f 15312/7/6 15313/7/6 15337/7/6
f 15336/11/6 15312/11/6 15337/11/6
f 15313/7/6 15314/7/6 15337/7/6
f 15318/14/6 15319/14/6 15338/14/6
f 15338/14/6 15319/14/6 15339/14/6
f 15285/14/6 15301/14/6 15340/14/6
f 15321/14/6 15322/14/6 15340/14/6
f 15301/14/6 15321/14/6 15340/14/6
f 15340/14/6 15322/14/6 15341/14/6
f 15341/14/6 15322/14/6 15342/14/6
f 15342/14/6 15322/14/6 15343/14/6
f 15268/9/6 15323/9/6 15344/9/6
f 15323/7/6 15324/7/6 15345/7/6
f 15344/9/6 15323/9/6 15345/9/6
f 15324/4/6 15325/4/6 15346/4/6
f 15345/7/6 15324/7/6 15346/7/6
f 15346/4/6 15325/4/6 15347/4/6
f 15328/8/6 15329/8/6 15348/8/6
f 15329/7/6 15330/7/6 15349/7/6
f 15348/8/6 15329/8/6 15349/8/6
f 15349/7/6 15330/7/6 15350/7/6
f 15331/11/6 15332/11/6 15351/11/6
f 15330/11/6 15331/11/6 15351/11/6
f 15332/11/6 15333/11/6 15351/11/6
f 15333/7/6 13924/7/6 15352/7/6
f 15351/11/6 15333/11/6 15352/11/6
f 15335/11/6 15336/11/6 15353/11/6
f 15334/7/6 15335/7/6 15353/7/6
f 15353/11/6 15336/11/6 15354/11/6
f 15354/11/6 15336/11/6 15355/11/6
f 15336/7/6 15337/7/6 15356/7/6
f 15355/11/6 15336/11/6 15356/11/6
f 15339/14/6 15319/14/6 15357/14/6
f 15357/14/6 15319/14/6 15358/14/6
f 15341/14/6 15342/14/6 15359/14/6
f 15359/14/6 15342/14/6 15360/14/6
f 15360/14/6 15342/14/6 15361/14/6
f 15268/9/6 15344/9/6 15363/9/6
f 15344/4/6 15345/4/6 15364/4/6
f 15363/9/6 15344/9/6 15364/9/6
f 15345/4/6 15346/4/6 15364/4/6
f 15364/4/6 15346/4/6 15365/4/6
f 15349/8/6 15350/8/6 15366/8/6
f 15350/7/6 15330/7/6 15367/7/6
f 15366/8/6 15350/8/6 15367/8/6
f 15367/7/6 15330/7/6 15368/7/6
f 15330/11/6 15351/11/6 15369/11/6
f 15368/7/6 15330/7/6 15369/7/6
f 15351/7/6 15352/7/6 15370/7/6
f 15369/11/6 15351/11/6 15370/11/6
f 15354/11/6 15355/11/6 15371/11/6
f 15353/7/6 15354/7/6 15371/7/6
f 15371/11/6 15355/11/6 15372/11/6
f 15372/11/6 15355/11/6 15373/11/6
f 15355/7/6 15356/7/6 15374/7/6
f 15373/11/6 15355/11/6 15374/11/6
f 15356/7/6 15337/7/6 15375/7/6
f 15374/7/6 15356/7/6 15375/7/6
f 15337/7/6 15314/7/6 15375/7/6
f 15314/8/6 15315/8/6 15376/8/6
f 15375/7/6 15314/7/6 15376/7/6
f 15376/8/6 15315/8/6 15377/8/6
f 15361/14/6 15362/14/6 15379/14/6
f 15360/14/6 15361/14/6 15379/14/6
f 15379/14/6 15362/14/6 15380/14/6
f 15268/9/6 15363/9/6 15382/9/6
f 15382/9/6 15363/9/6 15383/9/6
f 15367/8/6 15368/8/6 15384/8/6
f 15384/8/6 15368/8/6 15385/8/6
f 15368/7/6 15369/7/6 15386/7/6
f 15385/8/6 15368/8/6 15386/8/6
f 15369/7/6 15370/7/6 15386/7/6
f 15386/7/6 15370/7/6 15387/7/6
f 15371/7/6 15372/7/6 15388/7/6
f 15334/7/6 15353/7/6 15388/7/6
f 15353/7/6 15371/7/6 15388/7/6
f 15372/11/6 15373/11/6 15389/11/6
f 15388/7/6 15372/7/6 15389/7/6
f 15389/11/6 15373/11/6 15390/11/6
f 15373/7/6 15374/7/6 15391/7/6
f 15390/11/6 15373/11/6 15391/11/6
f 15374/7/6 15375/7/6 15391/7/6
f 15380/14/6 15381/14/6 15392/14/6
f 15379/14/6 15380/14/6 15392/14/6
f 15378/14/6 15379/14/6 15392/14/6
f 15392/14/6 15381/14/6 15393/14/6
f 15393/14/6 15381/14/6 15394/14/6
f 15268/9/6 15382/9/6 15396/9/6
f 15396/9/6 15382/9/6 15397/9/6
f 15386/8/6 15387/8/6 15398/8/6
f 15385/8/6 15386/8/6 15398/8/6
f 15387/7/6 15370/7/6 15399/7/6
f 15398/8/6 15387/8/6 15399/8/6
f 15399/7/6 15370/7/6 15400/7/6
f 15134/7/6 15152/7/6 15401/7/6
f 15152/7/6 15334/7/6 15401/7/6
f 15334/7/6 15388/7/6 15401/7/6
f 15389/11/6 15390/11/6 15402/11/6
f 15401/7/6 15388/7/6 15402/7/6
f 15388/11/6 15389/11/6 15402/11/6
f 15394/14/6 15395/14/6 15403/14/6
f 15393/14/6 15394/14/6 15403/14/6
f 15403/14/6 15395/14/6 15404/14/6
f 15404/14/6 15395/14/6 15405/14/6
f 15405/14/6 15395/14/6 15406/14/6
f 15268/9/6 15396/9/6 15407/9/6
f 15407/9/6 15396/9/6 15408/9/6
f 15399/8/6 15400/8/6 15409/8/6
f 15400/7/6 15370/7/6 15410/7/6
f 15409/8/6 15400/8/6 15410/8/6
f 15410/7/6 15370/7/6 15411/7/6
f 15134/7/6 15401/7/6 15412/7/6
f 15401/11/6 15402/11/6 15413/11/6
f 15412/7/6 15401/7/6 15413/7/6
f 15402/11/6 15390/11/6 15414/11/6
f 15413/11/6 15402/11/6 15414/11/6
f 15390/7/6 15391/7/6 15415/7/6
f 15414/11/6 15390/11/6 15415/11/6
f 15404/14/6 15405/14/6 15416/14/6
f 15416/14/6 15405/14/6 15417/14/6
f 15417/14/6 15405/14/6 15418/14/6
f 15418/14/6 15405/14/6 15419/14/6
f 15268/9/6 15407/9/6 15420/9/6
f 15420/9/6 15407/9/6 15421/9/6
f 15410/8/6 15411/8/6 15422/8/6
f 15411/7/6 15370/7/6 15423/7/6
f 15422/8/6 15411/8/6 15423/8/6
f 15423/7/6 15370/7/6 15424/7/6
f 15412/11/6 15413/11/6 15425/11/6
f 15413/11/6 15414/11/6 15425/11/6
f 15414/7/6 15415/7/6 15426/7/6
f 15425/11/6 15414/11/6 15426/11/6
f 15417/14/6 15418/14/6 15431/14/6
f 15431/14/6 15418/14/6 15432/14/6
f 15268/9/6 15420/9/6 15434/9/6
f 15423/8/6 15424/8/6 15435/8/6
f 15424/7/6 15370/7/6 15436/7/6
f 15435/8/6 15424/8/6 15436/8/6
f 15436/7/6 15370/7/6 15437/7/6
f 15134/7/6 15412/7/6 15438/7/6
f 15412/11/6 15425/11/6 15438/11/6
f 15425/7/6 15426/7/6 15439/7/6
f 15438/11/6 15425/11/6 15439/11/6
f 15427/14/6 15428/14/6 15441/14/6
f 15441/14/6 15428/14/6 15442/14/6
f 15429/14/6 15430/14/6 15444/14/6
f 15444/14/6 15430/14/6 15445/14/6
f 15436/8/6 15437/8/6 15449/8/6
f 15437/7/6 15370/7/6 15450/7/6
f 15449/8/6 15437/8/6 15450/8/6
f 15450/7/6 15370/7/6 15451/7/6
f 15442/14/6 15443/14/6 15452/14/6
f 15440/14/6 15441/14/6 15452/14/6
f 15441/14/6 15442/14/6 15452/14/6
f 15452/14/6 15443/14/6 15453/14/6
f 15453/14/6 15443/14/6 15454/14/6
f 15445/14/6 15446/14/6 15455/14/6
f 15455/14/6 15446/14/6 15456/14/6
f 15447/14/6 15448/14/6 15457/14/6
f 15457/14/6 15448/14/6 15458/14/6
f 15433/9/6 15434/9/6 15460/9/6
f 15434/9/6 15420/9/6 15460/9/6
f 15460/9/6 15420/9/6 15461/9/6
f 15326/4/6 15290/4/6 15462/4/6
f 15450/8/6 15451/8/6 15464/8/6
f 15451/7/6 15370/7/6 15465/7/6
f 15464/8/6 15451/8/6 15465/8/6
f 15352/7/6 13924/7/6 15466/7/6
f 15465/7/6 15370/7/6 15466/7/6
f 15370/7/6 15352/7/6 15466/7/6
f 15458/14/6 15459/14/6 15467/14/6
f 15455/14/6 15456/14/6 15467/14/6
f 15456/14/6 15457/14/6 15467/14/6
f 15457/14/6 15458/14/6 15467/14/6
f 15454/14/6 15455/14/6 15467/14/6
f 15453/14/6 15454/14/6 15467/14/6
f 15467/14/6 15459/14/6 15468/14/6
f 15468/14/6 15459/14/6 15469/14/6
f 15469/14/6 15459/14/6 15470/14/6
f 15465/8/6 15466/8/6 15471/8/6
f 15466/7/6 13924/7/6 15472/7/6
f 15471/8/6 15466/8/6 15472/8/6
f 15472/7/6 13924/7/6 15473/7/6
f 15468/14/6 15469/14/6 15474/14/6
f 15474/14/6 15469/14/6 15475/14/6
f 15475/14/6 15469/14/6 15476/14/6
f 15472/8/6 15473/8/6 15478/8/6
f 15478/8/6 15473/8/6 15479/8/6
f 15426/7/6 15415/7/6 15480/7/6
f 15439/7/6 15426/7/6 15480/7/6
f 15438/7/6 15439/7/6 15480/7/6
f 15391/7/6 15375/7/6 15481/7/6
f 15480/7/6 15415/7/6 15481/7/6
f 15415/7/6 15391/7/6 15481/7/6
f 15475/14/6 15476/14/6 15482/14/6
f 15476/14/6 15477/14/6 15482/14/6
f 15482/14/6 15477/14/6 15483/14/6
f 15483/14/6 15477/14/6 15484/14/6
f 15433/9/6 15460/9/6 15486/9/6
f 15438/7/6 15480/7/6 15488/7/6
f 15480/11/6 15481/11/6 15489/11/6
f 15488/7/6 15480/7/6 15489/7/6
f 15481/7/6 15375/7/6 15490/7/6
f 15489/11/6 15481/11/6 15490/11/6
f 15490/7/6 15375/7/6 15491/7/6
f 15484/14/6 15485/14/6 15492/14/6
f 15483/14/6 15484/14/6 15492/14/6
f 15492/14/6 15485/14/6 15493/14/6
f 15493/14/6 15485/14/6 15494/14/6
f 15486/9/6 15487/9/6 15497/9/6
f 15433/9/6 15486/9/6 15497/9/6
f 15438/7/6 15488/7/6 15498/7/6
f 15488/11/6 15489/11/6 15499/11/6
f 15498/7/6 15488/7/6 15499/7/6
f 15490/11/6 15491/11/6 15499/11/6
f 15489/11/6 15490/11/6 15499/11/6
f 15491/7/6 15375/7/6 15500/7/6
f 15499/11/6 15491/11/6 15500/11/6
f 15500/7/6 15375/7/6 15501/7/6
f 15375/8/6 15376/8/6 15502/8/6
f 15501/7/6 15375/7/6 15502/7/6
f 15502/8/6 15376/8/6 15503/8/6
f 15494/14/6 15495/14/6 15505/14/6
f 15493/14/6 15494/14/6 15505/14/6
f 15505/14/6 15495/14/6 15506/14/6
f 15438/7/6 15498/7/6 15507/7/6
f 15500/11/6 15501/11/6 15508/11/6
f 15507/7/6 15498/7/6 15508/7/6
f 15498/11/6 15499/11/6 15508/11/6
f 15499/11/6 15500/11/6 15508/11/6
f 15502/7/6 15503/7/6 15509/7/6
f 15508/11/6 15501/11/6 15509/11/6
f 15501/7/6 15502/7/6 15509/7/6
f 15509/7/6 15503/7/6 15510/7/6
f 15496/9/6 15497/9/6 15511/9/6
f 15497/9/6 15487/9/6 15511/9/6
f 15438/7/6 15507/7/6 15513/7/6
f 15134/7/6 15438/7/6 15513/7/6
f 15509/11/6 15510/11/6 15514/11/6
f 15513/7/6 15507/7/6 15514/7/6
f 15507/11/6 15508/11/6 15514/11/6
f 15508/11/6 15509/11/6 15514/11/6
f 15511/9/6 15512/9/6 15516/9/6
f 15496/9/6 15511/9/6 15516/9/6
f 15513/11/6 15514/11/6 15517/11/6
f 15134/7/6 15513/7/6 15517/7/6
f 15514/11/6 15510/11/6 15518/11/6
f 15517/11/6 15514/11/6 15518/11/6
f 15515/9/6 15516/9/6 15519/9/6
f 15516/9/6 15512/9/6 15519/9/6
f 15503/8/6 15504/8/6 15521/8/6
f 15510/7/6 15503/7/6 15521/7/6
f 15521/8/6 15504/8/6 15522/8/6
f 15519/9/6 15520/9/6 15525/9/6
f 15515/9/6 15519/9/6 15525/9/6
f 15462/4/6 15463/4/6 15526/4/6
f 15518/11/6 15510/11/6 15528/11/6
f 15517/7/6 15518/7/6 15528/7/6
f 15528/11/6 15510/11/6 15529/11/6
f 15529/11/6 15510/11/6 15530/11/6
f 15521/7/6 15522/7/6 15531/7/6
f 15530/11/6 15510/11/6 15531/11/6
f 15510/7/6 15521/7/6 15531/7/6
f 15524/9/6 15525/9/6 15534/9/6
f 15525/9/6 15520/9/6 15534/9/6
f 15326/4/6 15462/4/6 15537/4/6
f 15526/4/6 15527/4/6 15537/4/6
f 15462/4/6 15526/4/6 15537/4/6
f 15537/4/6 15527/4/6 15538/4/6
f 15529/11/6 15530/11/6 15540/11/6
f 15528/7/6 15529/7/6 15540/7/6
f 15540/11/6 15530/11/6 15541/11/6
f 15541/11/6 15530/11/6 15542/11/6
f 15530/7/6 15531/7/6 15543/7/6
f 15542/11/6 15530/11/6 15543/11/6
f 15532/14/6 15533/14/6 15544/14/6
f 15544/14/6 15533/14/6 15545/14/6
f 15545/14/6 15533/14/6 15546/14/6
f 15534/9/6 15535/9/6 15549/9/6
f 15524/9/6 15534/9/6 15549/9/6
f 15541/11/6 15542/11/6 15552/11/6
f 15540/7/6 15541/7/6 15552/7/6
f 15552/11/6 15542/11/6 15553/11/6
f 15553/11/6 15542/11/6 15554/11/6
f 15542/7/6 15543/7/6 15555/7/6
f 15554/11/6 15542/11/6 15555/11/6
f 15522/8/6 15523/8/6 15556/8/6
f 15555/7/6 15543/7/6 15556/7/6
f 15543/7/6 15531/7/6 15556/7/6
f 15531/7/6 15522/7/6 15556/7/6
f 15556/8/6 15523/8/6 15557/8/6
f 15546/14/6 15547/14/6 15559/14/6
f 15545/14/6 15546/14/6 15559/14/6
f 15559/14/6 15547/14/6 15560/14/6
f 15560/14/6 15547/14/6 15561/14/6
f 15548/9/6 15549/9/6 15565/9/6
f 15549/9/6 15535/9/6 15565/9/6
f 15538/4/6 15539/4/6 15567/4/6
f 15537/4/6 15538/4/6 15567/4/6
f 15536/4/6 15537/4/6 15567/4/6
f 15550/4/6 15551/4/6 15572/4/6
f 15552/7/6 15553/7/6 15573/7/6
f 15553/11/6 15554/11/6 15574/11/6
f 15573/7/6 15553/7/6 15574/7/6
f 15574/11/6 15554/11/6 15575/11/6
f 15554/7/6 15555/7/6 15576/7/6
f 15575/11/6 15554/11/6 15576/11/6
f 15556/7/6 15557/7/6 15576/7/6
f 15555/7/6 15556/7/6 15576/7/6
f 15557/8/6 15558/8/6 15577/8/6
f 15576/7/6 15557/7/6 15577/7/6
f 15577/8/6 15558/8/6 15578/8/6
f 15560/14/6 15561/14/6 15580/14/6
f 15561/14/6 15562/14/6 15580/14/6
f 15580/14/6 15562/14/6 15581/14/6
f 15563/14/6 15564/14/6 15584/14/6
f 15584/14/6 15564/14/6 15585/14/6
f 15585/14/6 15564/14/6 15586/14/6
f 15565/9/6 15566/9/6 15589/9/6
f 15548/9/6 15565/9/6 15589/9/6
f 15589/9/6 15566/9/6 15590/9/6
f 15567/4/6 15568/4/6 15593/4/6
f 15569/4/6 15570/4/6 15594/4/6
f 15594/4/6 15570/4/6 15595/4/6
f 15571/4/6 15572/4/6 15600/4/6
f 15540/7/6 15552/7/6 15601/7/6
f 15552/7/6 15573/7/6 15601/7/6
f 15574/11/6 15575/11/6 15602/11/6
f 15601/7/6 15573/7/6 15602/7/6
f 15573/11/6 15574/11/6 15602/11/6
f 15602/11/6 15575/11/6 15603/11/6
f 15575/7/6 15576/7/6 15604/7/6
f 15603/11/6 15575/11/6 15604/11/6
f 15577/7/6 15578/7/6 15604/7/6
f 15576/7/6 15577/7/6 15604/7/6
f 15604/7/6 15578/7/6 15605/7/6
f 15578/8/6 15579/8/6 15606/8/6
f 15605/7/6 15578/7/6 15606/7/6
f 15581/14/6 15562/14/6 15607/14/6
f 15607/14/6 15562/14/6 15608/14/6
f 15582/14/6 15583/14/6 15609/14/6
f 15586/14/6 15587/14/6 15610/14/6
f 15585/14/6 15586/14/6 15610/14/6
f 15591/4/6 15592/4/6 15611/4/6
f 15594/4/6 15595/4/6 15613/4/6
f 15593/4/6 15594/4/6 15613/4/6
f 15595/4/6 15596/4/6 15613/4/6
f 15597/4/6 15598/4/6 15616/4/6
f 15616/4/6 15598/4/6 15617/4/6
f 15599/4/6 15600/4/6 15618/4/6
f 15540/7/6 15601/7/6 15619/7/6
f 15134/7/6 15517/7/6 15619/7/6
f 15517/7/6 15528/7/6 15619/7/6
f 15528/7/6 15540/7/6 15619/7/6
f 15619/7/6 15601/7/6 15620/7/6
f 15620/7/6 15601/7/6 15621/7/6
f 15602/11/6 15603/11/6 15622/11/6
f 15621/7/6 15601/7/6 15622/7/6
f 15601/11/6 15602/11/6 15622/11/6
f 15622/11/6 15603/11/6 15623/11/6
f 15604/7/6 15605/7/6 15624/7/6
f 15623/11/6 15603/11/6 15624/11/6
f 15603/7/6 15604/7/6 15624/7/6
f 15624/7/6 15605/7/6 15625/7/6
f 15605/9/6 15606/9/6 15626/9/6
f 15625/7/6 15605/7/6 15626/7/6
f 15608/14/6 15562/14/6 15627/14/6
f 15627/14/6 15562/14/6 15628/14/6
f 15628/14/6 15562/14/6 15629/14/6
f 15629/14/6 15562/14/6 15630/14/6
f 15582/14/6 15609/14/6 15631/14/6
f 15609/14/6 15610/14/6 15631/14/6
f 15631/14/6 15610/14/6 15632/14/6
f 15588/9/6 15589/9/6 15634/9/6
f 15589/9/6 15590/9/6 15634/9/6
f 15634/9/6 15590/9/6 15635/9/6
f 15590/7/6 15591/7/6 15636/7/6
f 15635/9/6 15590/9/6 15636/9/6
f 15611/4/6 15612/4/6 15637/4/6
f 15636/7/6 15591/7/6 15637/7/6
f 15591/4/6 15611/4/6 15637/4/6
f 15637/4/6 15612/4/6 15638/4/6
f 15638/4/6 15612/4/6 15639/4/6
f 15613/4/6 15614/4/6 15641/4/6
f 15617/4/6 15618/4/6 15644/4/6
f 15616/4/6 15617/4/6 15644/4/6
f 15615/4/6 15616/4/6 15644/4/6
f 15619/11/6 15620/11/6 15645/11/6
f 15134/7/6 15619/7/6 15645/7/6
f 15620/7/6 15621/7/6 15646/7/6
f 15645/11/6 15620/11/6 15646/11/6
f 15622/11/6 15623/11/6 15647/11/6
f 15646/7/6 15621/7/6 15647/7/6
f 15621/11/6 15622/11/6 15647/11/6
f 15647/11/6 15623/11/6 15648/11/6
f 15624/7/6 15625/7/6 15649/7/6
f 15648/11/6 15623/11/6 15649/11/6
f 15623/7/6 15624/7/6 15649/7/6
f 15626/9/6 15606/9/6 15650/9/6
f 15606/8/6 15579/8/6 15650/8/6
f 15625/9/6 15626/9/6 15650/9/6
f 15650/8/6 15579/8/6 15651/8/6
f 15628/14/6 15629/14/6 15653/14/6
f 15653/14/6 15629/14/6 15654/14/6
f 15654/14/6 15629/14/6 15655/14/6
f 15655/14/6 15629/14/6 15656/14/6
f 15632/14/6 15610/14/6 15657/14/6
f 15657/14/6 15610/14/6 15658/14/6
f 15610/14/6 15587/14/6 15659/14/6
f 15658/14/6 15610/14/6 15659/14/6
f 15659/14/6 15587/14/6 15660/14/6
f 15633/9/6 15634/9/6 15662/9/6
f 15634/9/6 15635/9/6 15662/9/6
f 15635/7/6 15636/7/6 15663/7/6
f 15639/4/6 15640/4/6 15663/4/6
f 15638/4/6 15639/4/6 15663/4/6
f 15637/7/6 15638/7/6 15663/7/6
f 15636/7/6 15637/7/6 15663/7/6
f 15663/4/6 15640/4/6 15664/4/6
f 15664/4/6 15640/4/6 15665/4/6
f 15641/4/6 15642/4/6 15667/4/6
f 15643/4/6 15644/4/6 15668/4/6
f 15645/7/6 15646/7/6 15669/7/6
f 15647/11/6 15648/11/6 15669/11/6
f 15646/11/6 15647/11/6 15669/11/6
f 15648/7/6 15649/7/6 15670/7/6
f 15669/11/6 15648/11/6 15670/11/6
f 15649/7/6 15625/7/6 15671/7/6
f 15670/7/6 15649/7/6 15671/7/6
f 15625/9/6 15650/9/6 15672/9/6
f 15671/7/6 15625/7/6 15672/7/6
f 15650/9/6 15651/9/6 15672/9/6
f 15654/14/6 15655/14/6 15674/14/6
f 15674/14/6 15655/14/6 15675/14/6
f 15675/14/6 15655/14/6 15676/14/6
f 15658/14/6 15659/14/6 15677/14/6
f 15677/14/6 15659/14/6 15678/14/6
f 15678/14/6 15659/14/6 15679/14/6
f 15679/14/6 15659/14/6 15680/14/6
f 15661/9/6 15662/9/6 15682/9/6
f 15665/4/6 15666/4/6 15683/4/6
f 15664/4/6 15665/4/6 15683/4/6
f 15663/7/6 15664/7/6 15683/7/6
f 15683/4/6 15666/4/6 15684/4/6
f 15684/4/6 15666/4/6 15685/4/6
f 15641/4/6 15667/4/6 15688/4/6
f 15567/4/6 15593/4/6 15688/4/6
f 15613/4/6 15641/4/6 15688/4/6
f 15667/4/6 15668/4/6 15688/4/6
f 15536/4/6 15567/4/6 15688/4/6
f 15593/4/6 15613/4/6 15688/4/6
f 15669/7/6 15670/7/6 15689/7/6
f 15670/7/6 15671/7/6 15689/7/6
f 15671/9/6 15672/9/6 15690/9/6
f 15689/7/6 15671/7/6 15690/7/6
f 15651/8/6 15652/8/6 15691/8/6
f 15690/9/6 15672/9/6 15691/9/6
f 15672/9/6 15651/9/6 15691/9/6
f 15691/8/6 15652/8/6 15692/8/6
f 15673/14/6 15674/14/6 15695/14/6
f 15674/14/6 15675/14/6 15695/14/6
f 15678/14/6 15679/14/6 15696/14/6
f 15696/14/6 15679/14/6 15697/14/6
f 15681/9/6 15682/9/6 15700/9/6
f 15662/9/6 15635/9/6 15701/9/6
f 15682/9/6 15662/9/6 15701/9/6
f 15700/9/6 15682/9/6 15701/9/6
f 15683/7/6 15684/7/6 15702/7/6
f 15701/9/6 15635/9/6 15702/9/6
f 15663/7/6 15683/7/6 15702/7/6
f 15635/7/6 15663/7/6 15702/7/6
f 15685/4/6 15686/4/6 15703/4/6
f 15702/7/6 15684/7/6 15703/7/6
f 15684/4/6 15685/4/6 15703/4/6
f 15703/4/6 15686/4/6 15704/4/6
f 15669/7/6 15689/7/6 15706/7/6
f 15689/9/6 15690/9/6 15707/9/6
f 15706/7/6 15689/7/6 15707/7/6
f 15691/9/6 15692/9/6 15707/9/6
f 15690/9/6 15691/9/6 15707/9/6
f 15692/8/6 15693/8/6 15708/8/6
f 15707/9/6 15692/9/6 15708/9/6
f 15708/8/6 15693/8/6 15709/8/6
f 15694/14/6 15695/14/6 15712/14/6
f 15695/14/6 15675/14/6 15713/14/6
f 15712/14/6 15695/14/6 15713/14/6
f 15698/8/6 15699/8/6 15716/8/6
f 15699/9/6 15700/9/6 15717/9/6
f 15700/9/6 15701/9/6 15717/9/6
f 15716/8/6 15699/8/6 15717/8/6
f 15701/7/6 15702/7/6 15718/7/6
f 15704/4/6 15705/4/6 15718/4/6
f 15702/7/6 15703/7/6 15718/7/6
f 15703/7/6 15704/7/6 15718/7/6
f 15718/4/6 15705/4/6 15719/4/6
f 15719/4/6 15705/4/6 15720/4/6
f 15669/7/6 15706/7/6 15722/7/6
f 15706/9/6 15707/9/6 15723/9/6
f 15722/7/6 15706/7/6 15723/7/6
f 15707/9/6 15708/9/6 15723/9/6
f 15708/9/6 15709/9/6 15723/9/6
f 15709/8/6 15710/8/6 15724/8/6
f 15723/9/6 15709/9/6 15724/9/6
f 15724/8/6 15710/8/6 15725/8/6
f 15713/14/6 15714/14/6 15727/14/6
f 15711/14/6 15712/14/6 15727/14/6
f 15712/14/6 15713/14/6 15727/14/6
f 15715/8/6 15716/8/6 15730/8/6
f 15716/9/6 15717/9/6 15731/9/6
f 15730/8/6 15716/8/6 15731/8/6
f 15720/4/6 15721/4/6 15732/4/6
f 15719/4/6 15720/4/6 15732/4/6
f 15718/7/6 15719/7/6 15732/7/6
f 15732/4/6 15721/4/6 15733/4/6
f 15687/4/6 15688/4/6 15734/4/6
f 15669/7/6 15722/7/6 15735/7/6
f 15724/9/6 15725/9/6 15736/9/6
f 15735/7/6 15722/7/6 15736/7/6
f 15722/9/6 15723/9/6 15736/9/6
f 15723/9/6 15724/9/6 15736/9/6
f 15725/8/6 15726/8/6 15737/8/6
f 15736/9/6 15725/9/6 15737/9/6
f 15737/8/6 15726/8/6 15738/8/6
f 15727/14/6 15728/14/6 15740/14/6
f 15729/8/6 15730/8/6 15743/8/6
f 15730/9/6 15731/9/6 15744/9/6
f 15743/8/6 15730/8/6 15744/8/6
f 15717/9/6 15701/9/6 15745/9/6
f 15744/9/6 15731/9/6 15745/9/6
f 15731/9/6 15717/9/6 15745/9/6
f 15732/7/6 15733/7/6 15746/7/6
f 15745/9/6 15701/9/6 15746/9/6
f 15701/7/6 15718/7/6 15746/7/6
f 15718/7/6 15732/7/6 15746/7/6
f 15733/4/6 15734/4/6 15747/4/6
f 15746/7/6 15733/7/6 15747/7/6
f 15747/4/6 15734/4/6 15748/4/6
f 15734/4/6 15688/4/6 15749/4/6
f 15748/4/6 15734/4/6 15749/4/6
f 15669/7/6 15735/7/6 15750/7/6
f 15735/9/6 15736/9/6 15751/9/6
f 15750/7/6 15735/7/6 15751/7/6
f 15737/9/6 15738/9/6 15751/9/6
f 15736/9/6 15737/9/6 15751/9/6
f 15738/8/6 15739/8/6 15752/8/6
f 15751/9/6 15738/9/6 15752/9/6
f 15752/8/6 15739/8/6 15753/8/6
f 15740/14/6 15741/14/6 15755/14/6
f 15742/8/6 15743/8/6 15758/8/6
f 15744/9/6 15745/9/6 15759/9/6
f 15743/9/6 15744/9/6 15759/9/6
f 15758/8/6 15743/8/6 15759/8/6
f 15749/4/6 15688/4/6 15760/4/6
f 15688/4/6 15668/4/6 15761/4/6
f 15760/4/6 15688/4/6 15761/4/6
f 15669/7/6 15750/7/6 15762/7/6
f 15750/9/6 15751/9/6 15763/9/6
f 15762/7/6 15750/7/6 15763/7/6
f 15751/9/6 15752/9/6 15763/9/6
f 15752/9/6 15753/9/6 15763/9/6
f 15753/8/6 15754/8/6 15764/8/6
f 15763/9/6 15753/9/6 15764/9/6
f 15764/8/6 15754/8/6 15765/8/6
f 15755/14/6 15756/14/6 15767/14/6
f 15727/14/6 15740/14/6 15767/14/6
f 15711/14/6 15727/14/6 15767/14/6
f 15740/14/6 15755/14/6 15767/14/6
f 15767/14/6 15756/14/6 15768/14/6
f 15768/14/6 15756/14/6 15769/14/6
f 15757/8/6 15758/8/6 15772/8/6
f 15758/9/6 15759/9/6 15773/9/6
f 15772/8/6 15758/8/6 15773/8/6
f 15761/4/6 15668/4/6 15774/4/6
f 15774/4/6 15668/4/6 15775/4/6
f 15669/7/6 15762/7/6 15776/7/6
f 15762/9/6 15763/9/6 15777/9/6
f 15776/7/6 15762/7/6 15777/7/6
f 15764/9/6 15765/9/6 15777/9/6
f 15763/9/6 15764/9/6 15777/9/6
f 15765/8/6 15766/8/6 15778/8/6
f 15777/9/6 15765/9/6 15778/9/6
f 15778/8/6 15766/8/6 15779/8/6
f 15769/14/6 15770/14/6 15781/14/6
f 15768/14/6 15769/14/6 15781/14/6
f 15781/14/6 15770/14/6 15782/14/6
f 15782/14/6 15770/14/6 15783/14/6
f 15783/14/6 15770/14/6 15784/14/6
f 15771/8/6 15772/8/6 15786/8/6
f 15772/9/6 15773/9/6 15787/9/6
f 15786/8/6 15772/8/6 15787/8/6
f 15775/4/6 15668/4/6 15788/4/6
f 15788/4/6 15668/4/6 15789/4/6
f 15669/7/6 15776/7/6 15790/7/6
f 15776/9/6 15777/9/6 15791/9/6
f 15790/7/6 15776/7/6 15791/7/6
f 15778/9/6 15779/9/6 15791/9/6
f 15777/9/6 15778/9/6 15791/9/6
f 15782/14/6 15783/14/6 15792/14/6
f 15792/14/6 15783/14/6 15793/14/6
f 15785/8/6 15786/8/6 15795/8/6
f 15786/9/6 15787/9/6 15796/9/6
f 15795/8/6 15786/8/6 15796/8/6
f 15789/4/6 15668/4/6 15797/4/6
f 15797/4/6 15668/4/6 15798/4/6
f 15669/7/6 15790/7/6 15799/7/6
f 15790/9/6 15791/9/6 15800/9/6
f 15799/7/6 15790/7/6 15800/7/6
f 15779/8/6 15780/8/6 15801/8/6
f 15800/9/6 15791/9/6 15801/9/6
f 15791/9/6 15779/9/6 15801/9/6
f 15801/8/6 15780/8/6 15802/8/6
f 15794/8/6 15795/8/6 15805/8/6
f 15795/9/6 15796/9/6 15806/9/6
f 15805/8/6 15795/8/6 15806/8/6
f 15747/7/6 15748/7/6 15807/7/6
f 15745/7/6 15746/7/6 15807/7/6
f 15746/7/6 15747/7/6 15807/7/6
f 15807/7/6 15748/7/6 15808/7/6
f 15798/4/6 15668/4/6 15809/4/6
f 15809/4/6 15668/4/6 15810/4/6
f 15669/7/6 15799/7/6 15811/7/6
f 15799/9/6 15800/9/6 15812/9/6
f 15811/7/6 15799/7/6 15812/7/6
f 15800/9/6 15801/9/6 15812/9/6
f 15801/9/6 15802/9/6 15812/9/6
f 15802/8/6 15803/8/6 15813/8/6
f 15812/9/6 15802/9/6 15813/9/6
f 15813/8/6 15803/8/6 15814/8/6
f 15804/8/6 15805/8/6 15817/8/6
f 15805/9/6 15806/9/6 15818/9/6
f 15817/8/6 15805/8/6 15818/8/6
f 15773/9/6 15759/9/6 15819/9/6
f 15818/9/6 15806/9/6 15819/9/6
f 15787/9/6 15773/9/6 15819/9/6
f 15759/9/6 15745/9/6 15819/9/6
f 15796/9/6 15787/9/6 15819/9/6
f 15806/9/6 15796/9/6 15819/9/6
f 15745/7/6 15807/7/6 15820/7/6
f 15819/9/6 15745/9/6 15820/9/6
f 15810/4/6 15668/4/6 15821/4/6
f 15821/4/6 15668/4/6 15822/4/6
f 15669/7/6 15811/7/6 15823/7/6
f 15813/9/6 15814/9/6 15824/9/6
f 15823/7/6 15811/7/6 15824/7/6
f 15812/9/6 15813/9/6 15824/9/6
f 15811/9/6 15812/9/6 15824/9/6
f 15814/8/6 15815/8/6 15825/8/6
f 15824/9/6 15814/9/6 15825/9/6
f 15825/8/6 15815/8/6 15826/8/6
f 15816/8/6 15817/8/6 15829/8/6
f 15817/9/6 15818/9/6 15830/9/6
f 15818/9/6 15819/9/6 15830/9/6
f 15829/8/6 15817/8/6 15830/8/6
f 15822/4/6 15668/4/6 15831/4/6
f 15831/4/6 15668/4/6 15832/4/6
f 15669/7/6 15823/7/6 15833/7/6
f 15823/9/6 15824/9/6 15834/9/6
f 15833/7/6 15823/7/6 15834/7/6
f 15824/9/6 15825/9/6 15834/9/6
f 15825/9/6 15826/9/6 15834/9/6
f 15826/8/6 15827/8/6 15835/8/6
f 15834/9/6 15826/9/6 15835/9/6
f 15835/8/6 15827/8/6 15836/8/6
f 15828/8/6 15829/8/6 15839/8/6
f 15829/9/6 15830/9/6 15840/9/6
f 15839/8/6 15829/8/6 15840/8/6
f 15832/4/6 15668/4/6 15841/4/6
f 15841/4/6 15668/4/6 15842/4/6
f 15669/7/6 15833/7/6 15843/7/6
f 15833/9/6 15834/9/6 15844/9/6
f 15843/7/6 15833/7/6 15844/7/6
f 15834/9/6 15835/9/6 15844/9/6
f 15835/9/6 15836/9/6 15844/9/6
f 15836/8/6 15837/8/6 15845/8/6
f 15844/9/6 15836/9/6 15845/9/6
f 15845/8/6 15837/8/6 15846/8/6
f 15838/8/6 15839/8/6 15849/8/6
f 15839/9/6 15840/9/6 15850/9/6
f 15849/8/6 15839/8/6 15850/8/6
f 15830/9/6 15819/9/6 15851/9/6
f 15850/9/6 15840/9/6 15851/9/6
f 15840/9/6 15830/9/6 15851/9/6
f 15819/7/6 15820/7/6 15852/7/6
f 15851/9/6 15819/9/6 15852/9/6
f 15842/4/6 15668/4/6 15853/4/6
f 15853/4/6 15668/4/6 15854/4/6
f 15669/7/6 15843/7/6 15855/7/6
f 15843/9/6 15844/9/6 15856/9/6
f 15855/7/6 15843/7/6 15856/7/6
f 15844/9/6 15845/9/6 15856/9/6
f 15845/9/6 15846/9/6 15856/9/6
f 15846/8/6 15847/8/6 15857/8/6
f 15856/9/6 15846/9/6 15857/9/6
f 15857/8/6 15847/8/6 15858/8/6
f 15848/8/6 15849/8/6 15861/8/6
f 15849/9/6 15850/9/6 15862/9/6
f 15850/9/6 15851/9/6 15862/9/6
f 15861/8/6 15849/8/6 15862/8/6
f 15854/4/6 15668/4/6 15863/4/6
f 15863/4/6 15668/4/6 15864/4/6
f 14915/7/6 14940/7/6 15865/7/6
f 15134/7/6 15645/7/6 15865/7/6
f 14891/7/6 14915/7/6 15865/7/6
f 14940/7/6 14962/7/6 15865/7/6
f 14865/7/6 14891/7/6 15865/7/6
f 14298/7/6 14865/7/6 15865/7/6
f 15669/7/6 15855/7/6 15865/7/6
f 14962/7/6 15134/7/6 15865/7/6
f 15645/7/6 15669/7/6 15865/7/6
f 15857/9/6 15858/9/6 15866/9/6
f 15865/7/6 15855/7/6 15866/7/6
f 15856/9/6 15857/9/6 15866/9/6
f 15855/9/6 15856/9/6 15866/9/6
f 15858/8/6 15859/8/6 15867/8/6
f 15866/9/6 15858/9/6 15867/9/6
f 15867/8/6 15859/8/6 15868/8/6
f 15860/8/6 15861/8/6 15871/8/6
f 15861/9/6 15862/9/6 15872/9/6
f 15871/8/6 15861/8/6 15872/8/6
f 15864/4/6 15668/4/6 15873/4/6
f 15873/4/6 15668/4/6 15874/4/6
f 15618/4/6 15600/4/6 15875/4/6
f 15874/4/6 15668/4/6 15875/4/6
f 15644/4/6 15618/4/6 15875/4/6
f 15668/4/6 15644/4/6 15875/4/6
f 15600/4/6 15572/4/6 15876/4/6
f 15875/4/6 15600/4/6 15876/4/6
f 15868/8/6 15869/8/6 15877/8/6
f 15865/9/6 15866/9/6 15877/9/6
f 15867/9/6 15868/9/6 15877/9/6
f 15866/9/6 15867/9/6 15877/9/6
f 15877/8/6 15869/8/6 15878/8/6
f 15870/8/6 15871/8/6 15883/8/6
f 15871/9/6 15872/9/6 15884/9/6
f 15883/8/6 15871/8/6 15884/8/6
f 15874/4/6 15875/4/6 15887/4/6
f 15887/4/6 15875/4/6 15888/4/6
f 15888/4/6 15875/4/6 15889/4/6
f 15889/4/6 15875/4/6 15890/4/6
f 15876/4/6 15572/4/6 15891/4/6
f 15572/4/6 15551/4/6 15892/4/6
f 15891/4/6 15572/4/6 15892/4/6
f 15877/9/6 15878/9/6 15893/9/6
f 15878/8/6 15879/8/6 15893/8/6
f 15893/8/6 15879/8/6 15894/8/6
f 15894/8/6 15879/8/6 15895/8/6
f 15880/8/6 15881/8/6 15896/8/6
f 15896/8/6 15881/8/6 15897/8/6
f 15882/8/6 15883/8/6 15900/8/6
f 15900/8/6 15883/8/6 15901/8/6
f 15883/9/6 15884/9/6 15902/9/6
f 15901/8/6 15883/8/6 15902/8/6
f 15872/9/6 15862/9/6 15903/9/6
f 15902/9/6 15884/9/6 15903/9/6
f 15862/9/6 15851/9/6 15903/9/6
f 15884/9/6 15872/9/6 15903/9/6
f 15851/7/6 15852/7/6 15904/7/6
f 15903/9/6 15851/9/6 15904/9/6
f 15885/7/6 15886/7/6 15905/7/6
f 15888/4/6 15889/4/6 15909/4/6
f 15909/4/6 15889/4/6 15910/4/6
f 15894/8/6 15895/8/6 15911/8/6
f 15897/8/6 15898/8/6 15911/8/6
f 15893/9/6 15894/9/6 15911/9/6
f 15895/8/6 15896/8/6 15911/8/6
f 15896/8/6 15897/8/6 15911/8/6
f 15911/8/6 15898/8/6 15912/8/6
f 15912/8/6 15898/8/6 15913/8/6
f 15899/8/6 15900/8/6 15916/8/6
f 15900/8/6 15901/8/6 15916/8/6
f 15916/8/6 15901/8/6 15917/8/6
f 15901/9/6 15902/9/6 15918/9/6
f 15917/8/6 15901/8/6 15918/8/6
f 15902/9/6 15903/9/6 15918/9/6
f 15918/9/6 15903/9/6 15919/9/6
f 15903/7/6 15904/7/6 15920/7/6
f 15919/9/6 15903/9/6 15920/9/6
f 15907/7/6 15908/7/6 15922/7/6
f 15922/7/6 15908/7/6 15923/7/6
f 15892/4/6 15551/4/6 15925/4/6
f 15925/4/6 15551/4/6 15926/4/6
f 15865/9/6 15877/9/6 15927/9/6
f 15877/9/6 15893/9/6 15927/9/6
f 15893/9/6 15911/9/6 15927/9/6
f 15911/9/6 15912/9/6 15927/9/6
f 15927/9/6 15912/9/6 15928/9/6
f 15913/8/6 15914/8/6 15929/8/6
f 15928/9/6 15912/9/6 15929/9/6
f 15912/8/6 15913/8/6 15929/8/6
f 15929/8/6 15914/8/6 15930/8/6
f 15930/8/6 15914/8/6 15931/8/6
f 15916/8/6 15917/8/6 15932/8/6
f 15915/8/6 15916/8/6 15932/8/6
f 15932/8/6 15917/8/6 15933/8/6
f 15918/9/6 15919/9/6 15934/9/6
f 15933/8/6 15917/8/6 15934/8/6
f 15917/9/6 15918/9/6 15934/9/6
f 15923/7/6 15924/7/6 15936/7/6
f 15922/7/6 15923/7/6 15936/7/6
f 15921/7/6 15922/7/6 15936/7/6
f 15865/9/6 15927/9/6 15941/9/6
f 15927/7/6 15928/7/6 15942/7/6
f 15941/9/6 15927/9/6 15942/9/6
f 15929/9/6 15930/9/6 15943/9/6
f 15942/7/6 15928/7/6 15943/7/6
f 15928/9/6 15929/9/6 15943/9/6
f 15943/9/6 15930/9/6 15944/9/6
f 15930/8/6 15931/8/6 15945/8/6
f 15944/9/6 15930/9/6 15945/9/6
f 15932/8/6 15933/8/6 15945/8/6
f 15931/8/6 15932/8/6 15945/8/6
f 15933/9/6 15934/9/6 15946/9/6
f 15945/8/6 15933/8/6 15946/8/6
f 15904/7/6 15852/7/6 15947/7/6
f 15820/7/6 15807/7/6 15947/7/6
f 15852/7/6 15820/7/6 15947/7/6
f 15920/7/6 15904/7/6 15947/7/6
f 15919/7/6 15920/7/6 15947/7/6
f 15947/7/6 15807/7/6 15948/7/6
f 15936/7/6 15924/7/6 15949/7/6
f 15935/7/6 15936/7/6 15949/7/6
f 15865/9/6 15941/9/6 15951/9/6
f 15943/7/6 15944/7/6 15952/7/6
f 15951/9/6 15941/9/6 15952/9/6
f 15941/7/6 15942/7/6 15952/7/6
f 15942/7/6 15943/7/6 15952/7/6
f 15944/9/6 15945/9/6 15953/9/6
f 15952/7/6 15944/7/6 15953/7/6
f 15945/9/6 15946/9/6 15953/9/6
f 15953/9/6 15946/9/6 15954/9/6
f 15934/9/6 15919/9/6 15955/9/6
f 15954/9/6 15946/9/6 15955/9/6
f 15946/9/6 15934/9/6 15955/9/6
f 15919/7/6 15947/7/6 15956/7/6
f 15955/9/6 15919/9/6 15956/9/6
f 15905/7/6 15906/7/6 15957/7/6
f 15949/7/6 15950/7/6 15959/7/6
f 15935/7/6 15949/7/6 15959/7/6
f 15959/7/6 15950/7/6 15960/7/6
f 15937/7/6 15938/7/6 15964/7/6
f 15964/7/6 15938/7/6 15965/7/6
f 15865/9/6 15951/9/6 15967/9/6
f 15953/7/6 15954/7/6 15968/7/6
f 15967/9/6 15951/9/6 15968/9/6
f 15951/7/6 15952/7/6 15968/7/6
f 15952/7/6 15953/7/6 15968/7/6
f 15954/9/6 15955/9/6 15969/9/6
f 15968/7/6 15954/7/6 15969/7/6
f 15969/9/6 15955/9/6 15970/9/6
f 15970/9/6 15955/9/6 15971/9/6
f 15955/7/6 15956/7/6 15972/7/6
f 15971/9/6 15955/9/6 15972/9/6
f 15960/7/6 15950/7/6 15973/7/6
f 15961/7/6 15962/7/6 15975/7/6
f 15965/7/6 15966/7/6 15976/7/6
f 15963/7/6 15964/7/6 15976/7/6
f 15964/7/6 15965/7/6 15976/7/6
f 15976/7/6 15966/7/6 15977/7/6
f 15939/4/6 15940/4/6 15980/4/6
f 15865/9/6 15967/9/6 15981/9/6
f 15967/7/6 15968/7/6 15982/7/6
f 15981/9/6 15967/9/6 15982/9/6
f 15968/7/6 15969/7/6 15982/7/6
f 15969/7/6 15970/7/6 15982/7/6
f 15970/9/6 15971/9/6 15983/9/6
f 15982/7/6 15970/7/6 15983/7/6
f 15983/9/6 15971/9/6 15984/9/6
f 15957/7/6 15958/7/6 15985/7/6
f 15977/7/6 15978/7/6 15987/7/6
f 15975/7/6 15976/7/6 15987/7/6
f 15976/7/6 15977/7/6 15987/7/6
f 15979/7/6 15980/7/6 15989/7/6
f 15980/4/6 15940/4/6 15989/4/6
f 15989/4/6 15940/4/6 15990/4/6
f 15865/9/6 15981/9/6 15991/9/6
f 15981/7/6 15982/7/6 15992/7/6
f 15991/9/6 15981/9/6 15992/9/6
f 15983/7/6 15984/7/6 15992/7/6
f 15982/7/6 15983/7/6 15992/7/6
f 15984/9/6 15971/9/6 15993/9/6
f 15992/7/6 15984/7/6 15993/7/6
f 15993/9/6 15971/9/6 15994/9/6
f 15994/9/6 15971/9/6 15995/9/6
f 15971/7/6 15972/7/6 15996/7/6
f 15995/9/6 15971/9/6 15996/9/6
f 15905/7/6 15957/7/6 15997/7/6
f 15985/7/6 15986/7/6 15997/7/6
f 15885/7/6 15905/7/6 15997/7/6
f 15957/7/6 15985/7/6 15997/7/6
f 15997/7/6 15986/7/6 15998/7/6
f 15987/7/6 15988/7/6 15999/7/6
f 15865/9/6 15991/9/6 16001/9/6
f 15991/7/6 15992/7/6 16002/7/6
f 16001/9/6 15991/9/6 16002/9/6
f 15993/7/6 15994/7/6 16002/7/6
f 15992/7/6 15993/7/6 16002/7/6
f 15994/9/6 15995/9/6 16003/9/6
f 16002/7/6 15994/7/6 16003/7/6
f 16003/9/6 15995/9/6 16004/9/6
f 16004/9/6 15995/9/6 16005/9/6
f 16005/9/6 15995/9/6 16006/9/6
f 15996/7/6 15972/7/6 16007/7/6
f 15995/7/6 15996/7/6 16007/7/6
f 15956/7/6 15947/7/6 16007/7/6
f 15972/7/6 15956/7/6 16007/7/6
f 16007/7/6 15947/7/6 16008/7/6
f 15998/7/6 15986/7/6 16009/7/6
f 15973/7/6 15974/7/6 16011/7/6
f 15961/7/6 15975/7/6 16013/7/6
f 15987/7/6 15999/7/6 16013/7/6
f 15999/7/6 16000/7/6 16013/7/6
f 15975/7/6 15987/7/6 16013/7/6
f 16013/7/6 16000/7/6 16014/7/6
f 15865/9/6 16001/9/6 16015/9/6
f 16015/9/6 16001/9/6 16016/9/6
f 16001/7/6 16002/7/6 16017/7/6
f 16016/9/6 16001/9/6 16017/9/6
f 16003/7/6 16004/7/6 16017/7/6
f 16002/7/6 16003/7/6 16017/7/6
f 16004/9/6 16005/9/6 16018/9/6
f 16017/7/6 16004/7/6 16018/7/6
f 16018/9/6 16005/9/6 16019/9/6
f 16019/9/6 16005/9/6 16020/9/6
f 16005/7/6 16006/7/6 16021/7/6
f 16020/9/6 16005/9/6 16021/9/6
f 16006/9/6 15995/9/6 16022/9/6
f 16021/7/6 16006/7/6 16022/7/6
f 15995/7/6 16007/7/6 16023/7/6
f 16022/9/6 15995/9/6 16023/9/6
f 16009/7/6 16010/7/6 16024/7/6
f 16011/7/6 16012/7/6 16027/7/6
f 15960/7/6 15973/7/6 16027/7/6
f 15973/7/6 16011/7/6 16027/7/6
f 16027/7/6 16012/7/6 16028/7/6
f 16014/7/6 16000/7/6 16031/7/6
f 16031/7/6 16000/7/6 16032/7/6
f 15989/7/6 15990/7/6 16034/7/6
f 15979/7/6 15989/7/6 16034/7/6
f 16034/7/6 15990/7/6 16035/7/6
f 16016/7/6 16017/7/6 16036/7/6
f 16017/7/6 16018/7/6 16036/7/6
f 16018/7/6 16019/7/6 16036/7/6
f 16019/9/6 16020/9/6 16037/9/6
f 16036/7/6 16019/7/6 16037/7/6
f 16020/7/6 16021/7/6 16038/7/6
f 16037/9/6 16020/9/6 16038/9/6
f 16022/7/6 16023/7/6 16038/7/6
f 16021/7/6 16022/7/6 16038/7/6
f 16023/7/6 16007/7/6 16039/7/6
f 16038/7/6 16023/7/6 16039/7/6
f 16024/7/6 16025/7/6 16040/7/6
f 16009/7/6 16024/7/6 16040/7/6
f 15998/7/6 16009/7/6 16040/7/6
f 16040/7/6 16025/7/6 16041/7/6
f 16028/7/6 16029/7/6 16042/7/6
f 16027/7/6 16028/7/6 16042/7/6
f 16026/7/6 16027/7/6 16042/7/6
f 16042/7/6 16029/7/6 16043/7/6
f 16030/7/6 16031/7/6 16044/7/6
f 16032/7/6 16033/7/6 16044/7/6
f 16031/7/6 16032/7/6 16044/7/6
f 16044/7/6 16033/7/6 16045/7/6
f 15979/7/6 16034/7/6 16046/7/6
f 16046/7/6 16034/7/6 16047/7/6
