# MagicaVoxel @ Ephtracy

# group
o 

# material
mtllib Car0.mtl
usemtl palette

# normals
vn -1 0 0
vn 1 0 0
vn 0 0 1
vn 0 0 -1
vn 0 -1 0
vn 0 1 0

# texcoords
vt 0.939453 0.5
vt 0.943359 0.5
vt 0.974609 0.5
vt 0.978516 0.5
vt 0.982422 0.5
vt 0.986328 0.5
vt 0.990234 0.5
vt 0.994141 0.5

# verts
v -3.4 0.7 1.3
v -3.4 0.7 -1.3
v -3.4 0.8 1.3
v -3.4 0.8 1.2
v -3.4 0.9 -1.2
v -3.4 0.9 -1.3
v -3.4 1 1.2
v -3.4 1 1.1
v -3.4 1 -1.1
v -3.4 1 -1.2
v -3.4 1.1 1.1
v -3.4 1.1 -1.1
v -3.4 1.3 1.9
v -3.4 1.3 1.6
v -3.4 1.3 -1.6
v -3.4 1.3 -1.9
v -3.4 1.4 1.1
v -3.4 1.4 1
v -3.4 1.6 -1
v -3.4 1.6 -1.1
v -3.4 1.8 1.9
v -3.4 1.8 1.6
v -3.4 1.8 1
v -3.4 1.8 0.9
v -3.4 1.8 -1.6
v -3.4 1.8 -1.9
v -3.4 2.1 0.9
v -3.4 2.1 -1
v -3.3 0.7 1.8
v -3.3 0.7 1.3
v -3.3 0.7 -1.3
v -3.3 0.7 -1.8
v -3.3 0.8 1.3
v -3.3 0.8 1.2
v -3.3 0.9 -1.2
v -3.3 0.9 -1.3
v -3.3 1 1.2
v -3.3 1 1.1
v -3.3 1 -1.1
v -3.3 1 -1.2
v -3.3 1.1 1.1
v -3.3 1.1 -1.1
v -3.3 1.3 1.8
v -3.3 1.3 1.6
v -3.3 1.3 -1.6
v -3.3 1.3 -1.8
v -3.3 1.4 1.1
v -3.3 1.4 1
v -3.3 1.6 -1
v -3.3 1.6 -1.1
v -3.3 1.8 1.8
v -3.3 1.8 1.6
v -3.3 1.8 1
v -3.3 1.8 0.9
v -3.3 1.8 -1.6
v -3.3 1.8 -1.8
v -3.3 2 -1.7
v -3.3 2 -1.8
v -3.3 2.1 1.8
v -3.3 2.1 1
v -3.3 2.1 0.9
v -3.3 2.1 -1
v -3.3 2.1 -1.7
v -3.3 2.2 1
v -3.3 2.2 -1
v -3.2 0.6 1.8
v -3.2 0.6 1.4
v -3.2 0.6 -1.4
v -3.2 0.6 -1.8
v -3.2 0.7 1.8
v -3.2 0.7 1.4
v -3.2 0.7 1.3
v -3.2 0.7 -1.3
v -3.2 0.7 -1.4
v -3.2 0.7 -1.8
v -3.2 2.1 1.7
v -3.2 2.1 1
v -3.2 2.1 -1
v -3.2 2.1 -1.6
v -3.2 2.2 1.7
v -3.2 2.2 1
v -3.2 2.2 0.9
v -3.2 2.2 -1
v -3.2 2.2 -1.6
v -3.2 2.3 0.9
v -3.2 2.3 -1
v -3.1 0.5 1.9
v -3.1 0.5 1.8
v -3.1 0.6 1.8
v -3.1 1 2.1
v -3.1 1 1.9
v -3.1 1 1.8
v -3.1 1.2 2.1
v -3.1 1.2 1.8
v -3.1 2.1 1.8
v -3.1 2.1 1.7
v -3.1 2.1 -1.6
v -3.1 2.1 -1.7
v -3.1 2.2 1.8
v -3.1 2.2 1.7
v -3.1 2.2 0.9
v -3.1 2.2 -1
v -3.1 2.2 -1.6
v -3.1 2.2 -1.7
v -3.1 2.3 1.7
v -3.1 2.3 0.9
v -3.1 2.3 -1
v -3.1 2.3 -1.6
v -3.1 2.4 0.9
v -3.1 2.4 -1
v -3 0.3 1.9
v -3 0.3 1.8
v -3 0.5 1.9
v -3 0.5 1.8
v -3 0.5 -1.8
v -3 0.5 -1.9
v -3 0.6 -1.8
v -3 1 -1.8
v -3 1 -1.9
v -3 1 -2.1
v -3 1.2 2.1
v -3 1.2 1.8
v -3 1.2 -1.8
v -3 1.2 -2.1
v -3 1.3 2.1
v -3 1.3 1.8
v -3 2 -1.7
v -3 2 -1.8
v -3 2.1 -1.7
v -3 2.1 -1.8
v -3 2.2 1.8
v -3 2.2 1.7
v -3 2.2 -1.6
v -3 2.2 -1.7
v -3 2.3 1.8
v -3 2.3 1.7
v -3 2.3 0.9
v -3 2.3 -1
v -3 2.3 -1.6
v -3 2.3 -1.7
v -3 2.4 1.7
v -3 2.4 0.9
v -3 2.4 -1
v -3 2.4 -1.6
v -3 2.5 0.9
v -3 2.5 -1
v -2.9 0.2 1.9
v -2.9 0.2 1.8
v -2.9 0.3 1.9
v -2.9 0.3 1.8
v -2.9 0.3 -1.8
v -2.9 0.3 -1.9
v -2.9 0.4 2
v -2.9 0.4 1.9
v -2.9 0.5 -1.8
v -2.9 0.5 -1.9
v -2.9 0.9 2
v -2.9 0.9 1.9
v -2.9 1.2 -1.8
v -2.9 1.2 -2.1
v -2.9 1.3 2.1
v -2.9 1.3 1.8
v -2.9 1.3 -1.8
v -2.9 1.3 -2.1
v -2.9 1.4 2.1
v -2.9 1.4 1.8
v -2.9 2.1 -1.7
v -2.9 2.1 -1.8
v -2.9 2.2 -1.7
v -2.9 2.2 -1.8
v -2.9 2.3 1.8
v -2.9 2.3 1.7
v -2.9 2.3 -1.6
v -2.9 2.3 -1.7
v -2.9 2.4 1.8
v -2.9 2.4 1.7
v -2.9 2.4 0.9
v -2.9 2.4 -1
v -2.9 2.4 -1.6
v -2.9 2.5 1.7
v -2.9 2.5 0.9
v -2.9 2.5 -1
v -2.9 2.5 -1.7
v -2.9 2.6 0.9
v -2.9 2.6 -1
v -2.8 0.2 -1.8
v -2.8 0.2 -1.9
v -2.8 0.3 2
v -2.8 0.3 1.9
v -2.8 0.3 -1.8
v -2.8 0.3 -1.9
v -2.8 0.4 2
v -2.8 0.4 1.9
v -2.8 0.5 -1.9
v -2.8 0.5 -2
v -2.8 0.9 2
v -2.8 0.9 1.9
v -2.8 1 2
v -2.8 1 1.9
v -2.8 1 -1.9
v -2.8 1 -2
v -2.8 1.3 -1.8
v -2.8 1.3 -2.1
v -2.8 1.4 -1.8
v -2.8 1.4 -2.1
v -2.8 2.2 -1.7
v -2.8 2.2 -1.8
v -2.8 2.3 -1.7
v -2.8 2.3 -1.8
v -2.7 0.1 1.9
v -2.7 0.1 1.8
v -2.7 0.2 2
v -2.7 0.2 1.9
v -2.7 0.2 1.8
v -2.7 0.3 2
v -2.7 0.3 1.9
v -2.7 0.4 -1.9
v -2.7 0.4 -2
v -2.7 0.5 -1.9
v -2.7 0.5 -2
v -2.7 1 2
v -2.7 1 1.9
v -2.7 1 -1.9
v -2.7 1 -2
v -2.7 1.1 2
v -2.7 1.1 1.9
v -2.7 1.1 -1.9
v -2.7 1.1 -2
v -2.7 1.4 2.1
v -2.7 1.4 1.8
v -2.7 1.5 2.1
v -2.7 1.5 1.8
v -2.7 2.3 -1.7
v -2.7 2.3 -1.8
v -2.7 2.4 -1.7
v -2.7 2.4 -1.8
v -2.6 0.1 -1.8
v -2.6 0.1 -1.9
v -2.6 0.2 -1.8
v -2.6 0.2 -1.9
v -2.6 0.3 -1.9
v -2.6 0.3 -2
v -2.6 0.4 -1.9
v -2.6 0.4 -2
v -2.6 1.1 -1.9
v -2.6 1.1 -2
v -2.6 1.2 -1.9
v -2.6 1.2 -2
v -2.6 1.4 -1.8
v -2.6 1.4 -2.1
v -2.6 1.5 -1.8
v -2.6 1.5 -2.1
v -2.4 2.5 1
v -2.4 2.5 0.9
v -2.4 2.6 1
v -2.4 2.6 0.9
v -2.3 2.5 -1
v -2.3 2.5 -1.1
v -2.3 2.6 -1
v -2.3 2.6 -1.1
v -2.2 1.2 2
v -2.2 1.2 1.9
v -2.2 1.3 2.1
v -2.2 1.3 2
v -2.2 1.3 1.9
v -2.2 1.4 2.1
v -2.2 1.4 2
v -2.1 1.2 -1.9
v -2.1 1.2 -2
v -2.1 1.3 -1.9
v -2.1 1.3 -2
v -2.1 1.3 -2.1
v -2.1 1.4 -2
v -2.1 1.4 -2.1
v -2 1 2
v -2 1 1.9
v -2 1.2 2.1
v -2 1.2 2
v -2 1.2 1.9
v -2 1.3 2.1
v -2 1.3 2
v -1.9 1 2.1
v -1.9 1 2
v -1.9 1 -1.9
v -1.9 1 -2
v -1.9 1.2 2.1
v -1.9 1.2 2
v -1.9 1.2 -1.9
v -1.9 1.2 -2
v -1.9 1.2 -2.1
v -1.9 1.3 -2
v -1.9 1.3 -2.1
v -1.8 1 -2
v -1.8 1 -2.1
v -1.8 1.2 -2
v -1.8 1.2 -2.1
v -1.8 2.4 1.8
v -1.8 2.4 1.7
v -1.8 2.4 -1.7
v -1.8 2.4 -1.8
v -1.8 2.5 1.8
v -1.8 2.5 1.7
v -1.8 2.5 1
v -1.8 2.5 -1.1
v -1.8 2.5 -1.7
v -1.8 2.5 -1.8
v -1.8 2.6 1
v -1.8 2.6 -1.1
v -1.8 3.9 1.8
v -1.8 3.9 -1.8
v -1.7 0.9 1.9
v -1.7 0.9 1.8
v -1.7 2.3 1.9
v -1.7 2.3 1.8
v -1.7 3.9 1.8
v -1.7 3.9 -1.8
v -1.7 4 1.8
v -1.7 4 -1.8
v -1.6 2.3 1.9
v -1.6 2.3 1.8
v -1.6 3.1 1.9
v -1.6 3.1 1.8
v -1.5 3.1 1.9
v -1.5 3.1 1.8
v -1.5 3.8 1.9
v -1.5 3.8 1.8
v -1.4 1.1 -1.8
v -1.4 1.1 -1.9
v -1.4 3.1 -1.8
v -1.4 3.1 -1.9
v -1.4 3.8 1.9
v -1.4 3.8 1.8
v -1.4 3.9 1.9
v -1.4 3.9 1.8
v -1.3 3.1 -1.8
v -1.3 3.1 -1.9
v -1.3 3.7 -1.8
v -1.3 3.7 -1.9
v -1.2 3.7 -1.8
v -1.2 3.7 -1.9
v -1.2 3.8 -1.8
v -1.2 3.8 -1.9
v 0.2 0.9 1.9
v 0.2 0.9 1.8
v 0.2 1.2 -1.8
v 0.2 1.2 -1.9
v 0.2 2.4 -1.8
v 0.2 2.4 -1.9
v 0.2 3.7 1.9
v 0.2 3.7 1.8
v 0.3 1.1 -1.8
v 0.3 1.1 -1.9
v 0.3 1.2 -1.8
v 0.3 1.2 -1.9
v 0.3 2.4 -1.8
v 0.3 2.4 -1.9
v 0.3 3.7 1.9
v 0.3 3.7 1.8
v 0.3 3.7 -1.8
v 0.3 3.7 -1.9
v 0.3 3.8 1.9
v 0.3 3.8 1.8
v 0.4 3.7 -1.8
v 0.4 3.7 -1.9
v 0.4 3.8 -1.8
v 0.4 3.8 -1.9
v 1.6 0.5 -1.8
v 1.6 0.5 -1.9
v 1.6 0.6 -1.8
v 1.6 1 -1.8
v 1.6 1 -1.9
v 1.6 1 -2.1
v 1.6 1.2 -1.8
v 1.6 1.2 -1.9
v 1.6 1.2 -2.1
v 1.7 0.3 -1.8
v 1.7 0.3 -1.9
v 1.7 0.5 -1.8
v 1.7 0.5 -1.9
v 1.7 0.7 1.9
v 1.7 0.7 1.8
v 1.7 1.2 2.1
v 1.7 1.2 1.9
v 1.7 1.2 1.8
v 1.7 1.2 -1.8
v 1.7 1.2 -2.1
v 1.7 1.3 -1.8
v 1.7 1.3 -2.1
v 1.7 1.4 2.1
v 1.7 1.4 1.8
v 1.8 0.2 -1.8
v 1.8 0.2 -1.9
v 1.8 0.3 -1.8
v 1.8 0.3 -1.9
v 1.8 0.5 1.9
v 1.8 0.5 1.8
v 1.8 0.5 -1.9
v 1.8 0.5 -2
v 1.8 0.6 1.8
v 1.8 0.7 1.9
v 1.8 0.7 1.8
v 1.8 1 -1.9
v 1.8 1 -2
v 1.8 1.3 -1.8
v 1.8 1.3 -2.1
v 1.8 1.4 2.1
v 1.8 1.4 1.8
v 1.8 1.4 -1.8
v 1.8 1.4 -2.1
v 1.8 1.5 2.1
v 1.8 1.5 1.8
v 1.9 0.4 1.9
v 1.9 0.4 1.8
v 1.9 0.4 -1.9
v 1.9 0.4 -2
v 1.9 0.5 1.9
v 1.9 0.5 1.8
v 1.9 0.5 -1.9
v 1.9 0.5 -2
v 1.9 0.6 2
v 1.9 0.6 1.9
v 1.9 1 -1.9
v 1.9 1 -2
v 1.9 1.1 2
v 1.9 1.1 1.9
v 1.9 1.1 -1.9
v 1.9 1.1 -2
v 1.9 1.5 2.1
v 1.9 1.5 1.8
v 1.9 1.6 2.1
v 1.9 1.6 1.8
v 2 0.1 -1.8
v 2 0.1 -1.9
v 2 0.2 -1.8
v 2 0.2 -1.9
v 2 0.3 1.9
v 2 0.3 1.8
v 2 0.3 -1.9
v 2 0.3 -2
v 2 0.4 1.9
v 2 0.4 1.8
v 2 0.4 -1.9
v 2 0.4 -2
v 2 0.5 2
v 2 0.5 1.9
v 2 0.6 2
v 2 0.6 1.9
v 2 1.1 2
v 2 1.1 1.9
v 2 1.1 -1.9
v 2 1.1 -2
v 2 1.2 2
v 2 1.2 1.9
v 2 1.2 -1.9
v 2 1.2 -2
v 2 1.4 -1.8
v 2 1.4 -2.1
v 2 1.5 -1.8
v 2 1.5 -2.1
v 2 1.6 2.1
v 2 1.6 1.8
v 2 1.7 2.1
v 2 1.7 1.8
v 2.1 0.4 2
v 2.1 0.4 1.9
v 2.1 0.5 2
v 2.1 0.5 1.9
v 2.1 1.2 2
v 2.1 1.2 1.9
v 2.1 1.3 2
v 2.1 1.3 1.9
v 2.2 0.2 1.9
v 2.2 0.2 1.8
v 2.2 0.3 2
v 2.2 0.3 1.9
v 2.2 0.3 1.8
v 2.2 0.4 2
v 2.2 0.4 1.9
v 2.2 1.3 2
v 2.2 1.3 1.9
v 2.2 1.4 2
v 2.2 1.4 1.9
v 2.2 1.7 2.1
v 2.2 1.7 1.8
v 2.2 1.8 2.1
v 2.2 1.8 1.8
v 2.5 1.2 -1.9
v 2.5 1.2 -2
v 2.5 1.3 -1.9
v 2.5 1.3 -2
v 2.5 1.3 -2.1
v 2.5 1.4 -2
v 2.5 1.4 -2.1
v 2.7 1 -1.9
v 2.7 1 -2
v 2.7 1.2 -1.9
v 2.7 1.2 -2
v 2.7 1.2 -2.1
v 2.7 1.3 -2
v 2.7 1.3 -2.1
v 2.7 1.5 2
v 2.7 1.5 1.9
v 2.7 1.6 2.1
v 2.7 1.6 2
v 2.7 1.6 1.9
v 2.7 1.7 2.1
v 2.7 1.7 2
v 2.8 1 -2
v 2.8 1 -2.1
v 2.8 1.2 -2
v 2.8 1.2 -2.1
v 2.9 1.4 2
v 2.9 1.4 1.9
v 2.9 1.5 2.1
v 2.9 1.5 2
v 2.9 1.5 1.9
v 2.9 1.6 2.1
v 2.9 1.6 2
v 3 1.2 2
v 3 1.2 1.9
v 3 1.4 2.1
v 3 1.4 2
v 3 1.4 1.9
v 3 1.5 2.1
v 3 1.5 2
v 3.1 1.2 2.1
v 3.1 1.2 2
v 3.1 1.4 2.1
v 3.1 1.4 2
v 3.2 0.5 0.3
v 3.2 0.5 -0.0999999
v 3.2 0.6 0.5
v 3.2 0.6 0.3
v 3.2 0.6 -0.0999999
v 3.2 0.6 -0.2
v 3.2 0.6 -0.4
v 3.2 0.7 0.7
v 3.2 0.7 0.5
v 3.2 0.7 0.3
v 3.2 0.7 -0.2
v 3.2 0.7 -0.4
v 3.2 0.7 -0.6
v 3.2 0.8 0.8
v 3.2 0.8 0.7
v 3.2 0.8 0.5
v 3.2 0.8 -0.4
v 3.2 0.8 -0.6
v 3.2 0.8 -0.7
v 3.2 1 0.9
v 3.2 1 0.8
v 3.2 1 0.7
v 3.2 1 -0.6
v 3.2 1 -0.7
v 3.2 1 -0.8
v 3.2 1.1 0.9
v 3.2 1.1 0.8
v 3.2 1.1 -0.7
v 3.2 1.1 -0.8
v -3.1 1.3 1.9
v -3.1 1.3 1.8
v -3.1 1.3 -1.8
v -3.1 1.3 -1.9
v -3.1 1.8 1.9
v -3.1 1.8 1.8
v -3.1 1.8 -1.8
v -3.1 1.8 -1.9
v -3 1 2.1
v -3 1 1.9
v -3 1.1 2
v -3 1.1 1.9
v -3 1.2 2.1
v -3 1.2 2
v -2.9 1 -2
v -2.9 1 -2.1
v -2.9 1.1 2
v -2.9 1.1 1.9
v -2.9 1.2 2.1
v -2.9 1.2 2
v -2.9 1.2 1.9
v -2.9 1.2 -2
v -2.9 1.2 -2.1
v -2.9 1.3 2.1
v -2.9 1.3 2
v -2.8 1 -1.9
v -2.8 1 -2
v -2.8 1.2 -1.9
v -2.8 1.2 -2
v -2.8 1.2 -2.1
v -2.8 1.3 -2
v -2.8 1.3 -2.1
v -2.7 1.2 2
v -2.7 1.2 1.9
v -2.7 1.3 2.1
v -2.7 1.3 2
v -2.7 1.3 1.9
v -2.7 1.4 2.1
v -2.7 1.4 2
v -2.6 1.2 -1.9
v -2.6 1.2 -2
v -2.6 1.3 -1.9
v -2.6 1.3 -2
v -2.6 1.3 -2.1
v -2.6 1.4 -2
v -2.6 1.4 -2.1
v -2.2 0.1 1.9
v -2.2 0.1 1.8
v -2.2 0.2 2
v -2.2 0.2 1.9
v -2.2 0.2 1.8
v -2.2 0.3 2
v -2.2 0.3 1.9
v -2.2 1 2
v -2.2 1 1.9
v -2.2 1.1 2
v -2.2 1.1 1.9
v -2.2 1.4 2.1
v -2.2 1.4 1.8
v -2.2 1.5 2.1
v -2.2 1.5 1.8
v -2.1 0.1 -1.8
v -2.1 0.1 -1.9
v -2.1 0.2 -1.8
v -2.1 0.2 -1.9
v -2.1 0.3 2
v -2.1 0.3 1.9
v -2.1 0.3 -1.9
v -2.1 0.3 -2
v -2.1 0.4 2
v -2.1 0.4 1.9
v -2.1 0.4 -1.9
v -2.1 0.4 -2
v -2.1 0.9 2
v -2.1 0.9 1.9
v -2.1 1 2
v -2.1 1 1.9
v -2.1 1.1 -1.9
v -2.1 1.1 -2
v -2.1 1.2 -1.9
v -2.1 1.2 -2
v -2.1 1.4 -1.8
v -2.1 1.4 -2.1
v -2.1 1.5 -1.8
v -2.1 1.5 -2.1
v -2 0.2 1.9
v -2 0.2 1.8
v -2 0.3 1.9
v -2 0.3 1.8
v -2 0.4 2
v -2 0.4 1.9
v -2 0.4 -1.9
v -2 0.4 -2
v -2 0.5 -1.9
v -2 0.5 -2
v -2 0.9 2
v -2 0.9 1.9
v -2 1 -1.9
v -2 1 -2
v -2 1.1 -1.9
v -2 1.1 -2
v -2 1.3 2.1
v -2 1.3 1.8
v -2 1.4 2.1
v -2 1.4 1.8
v -1.9 0.2 -1.8
v -1.9 0.2 -1.9
v -1.9 0.3 1.9
v -1.9 0.3 1.8
v -1.9 0.3 -1.8
v -1.9 0.3 -1.9
v -1.9 0.5 1.9
v -1.9 0.5 1.8
v -1.9 0.5 -1.9
v -1.9 0.5 -2
v -1.9 1 -1.9
v -1.9 1 -2
v -1.9 1.2 2.1
v -1.9 1.2 1.8
v -1.9 1.3 2.1
v -1.9 1.3 1.8
v -1.9 1.3 -1.8
v -1.9 1.3 -2.1
v -1.9 1.4 -1.8
v -1.9 1.4 -2.1
v -1.8 0.3 -1.8
v -1.8 0.3 -1.9
v -1.8 0.5 1.9
v -1.8 0.5 1.8
v -1.8 0.5 -1.8
v -1.8 0.5 -1.9
v -1.8 0.6 1.8
v -1.8 1 2.1
v -1.8 1 1.9
v -1.8 1 1.8
v -1.8 1.2 2.1
v -1.8 1.2 1.8
v -1.8 1.2 -1.8
v -1.8 1.2 -2.1
v -1.8 1.3 -1.8
v -1.8 1.3 -2.1
v -1.7 0.5 -1.8
v -1.7 0.5 -1.9
v -1.7 0.6 -1.8
v -1.7 1 -1.8
v -1.7 1 -1.9
v -1.7 1 -2.1
v -1.7 1.2 -1.8
v -1.7 1.2 -2.1
v -0.5 3.8 1.9
v -0.5 3.8 1.8
v -0.5 3.9 1.9
v -0.5 3.9 1.8
v -0.4 2.7 1.9
v -0.4 2.7 1.8
v -0.4 3.8 1.9
v -0.4 3.8 1.8
v -0.3 2.6 1.9
v -0.3 2.6 1.8
v -0.3 2.7 1.9
v -0.3 2.7 1.8
v -0.3 3.7 -1.8
v -0.3 3.7 -1.9
v -0.3 3.8 -1.8
v -0.3 3.8 -1.9
v -0.2 2.9 -1.8
v -0.2 2.9 -1.9
v -0.2 3.7 -1.8
v -0.2 3.7 -1.9
v -0.0999999 1.1 -1.8
v -0.0999999 1.1 -1.9
v -0.0999999 1.2 -1.8
v -0.0999999 1.2 -1.9
v -0.0999999 2.1 -1.8
v -0.0999999 2.1 -1.9
v -0.0999999 2.5 1.9
v -0.0999999 2.5 1.8
v -0.0999999 2.6 1.9
v -0.0999999 2.6 1.8
v -0.0999999 2.9 -1.8
v -0.0999999 2.9 -1.9
v 0 0.9 1.9
v 0 0.9 1.8
v 0 1.2 -1.8
v 0 1.2 -1.9
v 0 2.1 -1.8
v 0 2.1 -1.9
v 0 2.5 1.9
v 0 2.5 1.8
v 1.2 3.7 1.9
v 1.2 3.7 1.8
v 1.2 3.8 1.9
v 1.2 3.8 1.8
v 1.3 3.1 1.9
v 1.3 3.1 1.8
v 1.3 3.7 1.9
v 1.3 3.7 1.8
v 1.3 3.7 -1.8
v 1.3 3.7 -1.9
v 1.3 3.8 -1.8
v 1.3 3.8 -1.9
v 1.4 2.5 1.9
v 1.4 2.5 1.8
v 1.4 3.1 1.9
v 1.4 3.1 1.8
v 1.4 3.1 -1.8
v 1.4 3.1 -1.9
v 1.4 3.7 -1.8
v 1.4 3.7 -1.9
v 1.5 1.1 -1.8
v 1.5 1.1 -1.9
v 1.5 1.2 -1.8
v 1.5 1.2 -1.9
v 1.5 2.4 1.9
v 1.5 2.4 1.8
v 1.5 2.4 -1.8
v 1.5 2.4 -1.9
v 1.5 2.5 1.9
v 1.5 2.5 1.8
v 1.5 3.1 -1.8
v 1.5 3.1 -1.9
v 1.6 0.9 1.9
v 1.6 0.9 1.8
v 1.6 1.2 -1.8
v 1.6 1.2 -1.9
v 1.6 2.4 1.9
v 1.6 2.4 1.8
v 1.6 2.4 1.7
v 1.6 2.4 -1.7
v 1.6 2.4 -1.8
v 1.6 2.4 -1.9
v 1.6 3.9 1.7
v 1.6 3.9 -1.7
v 1.6 4 1.8
v 1.6 4 -1.8
v 1.7 1 -2
v 1.7 1 -2.1
v 1.7 1.2 -2
v 1.7 1.2 -2.1
v 1.7 2.5 1.7
v 1.7 2.5 1.6
v 1.7 3.9 1.7
v 1.7 3.9 1.6
v 1.8 1 -1.9
v 1.8 1 -2
v 1.8 1.2 2.1
v 1.8 1.2 2
v 1.8 1.2 -1.9
v 1.8 1.2 -2
v 1.8 1.2 -2.1
v 1.8 1.3 -2
v 1.8 1.3 -2.1
v 1.8 1.4 2.1
v 1.8 1.4 2
v 1.8 2.6 1.6
v 1.8 2.6 1.5
v 1.8 2.6 -1.6
v 1.8 2.6 -1.7
v 1.8 2.7 1.5
v 1.8 2.7 1.4
v 1.8 2.7 -1.5
v 1.8 2.7 -1.6
v 1.8 2.8 1.4
v 1.8 2.8 1.3
v 1.8 2.8 -1.4
v 1.8 2.8 -1.5
v 1.8 2.9 1.3
v 1.8 2.9 -1.4
v 1.8 3.9 1.6
v 1.8 3.9 -1.7
v 1.9 1.2 2
v 1.9 1.2 1.9
v 1.9 1.4 2.1
v 1.9 1.4 2
v 1.9 1.4 1.9
v 1.9 1.5 2.1
v 1.9 1.5 2
v 2 1.2 -1.9
v 2 1.2 -2
v 2 1.3 -1.9
v 2 1.3 -2
v 2 1.3 -2.1
v 2 1.4 2
v 2 1.4 1.9
v 2 1.4 -2
v 2 1.4 -2.1
v 2 1.5 2.1
v 2 1.5 2
v 2 1.5 1.9
v 2 1.6 2.1
v 2 1.6 2
v 2.2 1.5 2
v 2.2 1.5 1.9
v 2.2 1.6 2.1
v 2.2 1.6 2
v 2.2 1.6 1.9
v 2.2 1.7 2.1
v 2.2 1.7 2
v 2.5 0.1 -1.8
v 2.5 0.1 -1.9
v 2.5 0.2 -1.8
v 2.5 0.2 -1.9
v 2.5 0.3 -1.9
v 2.5 0.3 -2
v 2.5 0.4 -1.9
v 2.5 0.4 -2
v 2.5 1.1 -1.9
v 2.5 1.1 -2
v 2.5 1.2 -1.9
v 2.5 1.2 -2
v 2.5 1.4 -1.8
v 2.5 1.4 -2.1
v 2.5 1.5 -1.8
v 2.5 1.5 -2.1
v 2.6 0.4 -1.9
v 2.6 0.4 -2
v 2.6 0.5 -1.9
v 2.6 0.5 -2
v 2.6 1 -1.9
v 2.6 1 -2
v 2.6 1.1 -1.9
v 2.6 1.1 -2
v 2.7 0.2 1.9
v 2.7 0.2 1.8
v 2.7 0.2 -1.8
v 2.7 0.2 -1.9
v 2.7 0.3 2
v 2.7 0.3 1.9
v 2.7 0.3 1.8
v 2.7 0.3 -1.8
v 2.7 0.3 -1.9
v 2.7 0.4 2
v 2.7 0.4 1.9
v 2.7 0.5 -1.9
v 2.7 0.5 -2
v 2.7 1 -1.9
v 2.7 1 -2
v 2.7 1.3 2
v 2.7 1.3 1.9
v 2.7 1.3 -1.8
v 2.7 1.3 -2.1
v 2.7 1.4 2
v 2.7 1.4 1.9
v 2.7 1.4 -1.8
v 2.7 1.4 -2.1
v 2.7 1.7 2.1
v 2.7 1.7 1.8
v 2.7 1.8 2.1
v 2.7 1.8 1.8
v 2.8 0.3 -1.8
v 2.8 0.3 -1.9
v 2.8 0.4 2
v 2.8 0.4 1.9
v 2.8 0.5 2
v 2.8 0.5 1.9
v 2.8 0.5 -1.8
v 2.8 0.5 -1.9
v 2.8 0.6 1.8
v 2.8 0.6 -1.8
v 2.8 0.7 1.8
v 2.8 0.7 -1.8
v 2.8 1.2 2
v 2.8 1.2 1.9
v 2.8 1.2 -1.8
v 2.8 1.2 -2.1
v 2.8 1.3 2
v 2.8 1.3 1.9
v 2.8 1.3 -1.8
v 2.8 1.3 -2.1
v 2.8 2.4 1.7
v 2.8 2.4 1.6
v 2.8 2.5 1.7
v 2.8 2.5 1.6
v 2.8 2.5 1.5
v 2.8 2.5 -1.6
v 2.8 2.5 -1.7
v 2.8 2.6 1.6
v 2.8 2.6 1.5
v 2.8 2.6 1.4
v 2.8 2.6 -1.4
v 2.8 2.6 -1.6
v 2.8 2.6 -1.7
v 2.8 2.7 1.5
v 2.8 2.7 1.4
v 2.8 2.7 1.3
v 2.8 2.7 -1.3
v 2.8 2.7 -1.4
v 2.8 2.7 -1.5
v 2.8 2.7 -1.6
v 2.8 2.8 1.4
v 2.8 2.8 1.3
v 2.8 2.8 -1.3
v 2.8 2.8 -1.4
v 2.8 2.8 -1.5
v 2.8 2.9 1.3
v 2.8 2.9 -1.4
v 2.9 0.3 1.9
v 2.9 0.3 1.8
v 2.9 0.4 1.9
v 2.9 0.4 1.8
v 2.9 0.5 2
v 2.9 0.5 1.9
v 2.9 0.5 -1.8
v 2.9 0.5 -1.9
v 2.9 0.6 2
v 2.9 0.6 1.9
v 2.9 0.7 1.8
v 2.9 0.7 -1.8
v 2.9 0.8 1.8
v 2.9 0.8 -1.8
v 2.9 1 -1.8
v 2.9 1 -1.9
v 2.9 1 -2.1
v 2.9 1.1 2
v 2.9 1.1 1.9
v 2.9 1.2 2
v 2.9 1.2 1.9
v 2.9 1.2 -1.8
v 2.9 1.2 -2.1
v 2.9 1.6 2.1
v 2.9 1.6 1.8
v 2.9 1.7 2.1
v 2.9 1.7 1.8
v 2.9 2.3 1.8
v 2.9 2.3 1.6
v 2.9 2.3 -1.7
v 2.9 2.3 -1.8
v 2.9 2.4 1.8
v 2.9 2.4 1.6
v 2.9 2.4 -1.7
v 2.9 2.4 -1.8
v 2.9 2.5 1.5
v 2.9 2.5 1.4
v 2.9 2.5 -1.4
v 2.9 2.5 -1.6
v 2.9 2.6 1.5
v 2.9 2.6 1.4
v 2.9 2.6 1.3
v 2.9 2.6 -1.3
v 2.9 2.6 -1.4
v 2.9 2.6 -1.6
v 2.9 2.7 1.4
v 2.9 2.7 1.3
v 2.9 2.7 -1.3
v 2.9 2.7 -1.4
v 2.9 2.8 1.3
v 2.9 2.8 -1.3
v 3 0.4 1.9
v 3 0.4 1.8
v 3 0.5 1.9
v 3 0.5 1.8
v 3 0.6 2
v 3 0.6 1.9
v 3 0.8 1.8
v 3 0.8 -1.8
v 3 0.9 1.8
v 3 0.9 -1.8
v 3 1.1 2
v 3 1.1 1.9
v 3 1.5 2.1
v 3 1.5 1.8
v 3 1.6 2.1
v 3 1.6 1.8
v 3 2.2 1.8
v 3 2.2 1.6
v 3 2.2 -1.7
v 3 2.2 -1.8
v 3 2.3 1.8
v 3 2.3 1.6
v 3 2.3 1.4
v 3 2.3 -1.4
v 3 2.3 -1.7
v 3 2.3 -1.8
v 3 2.4 1.4
v 3 2.4 1.3
v 3 2.4 -1.3
v 3 2.4 -1.4
v 3 2.5 1.6
v 3 2.5 1.4
v 3 2.5 1.3
v 3 2.5 1.2
v 3 2.5 -1.2
v 3 2.5 -1.3
v 3 2.5 -1.4
v 3 2.5 -1.7
v 3 2.6 1.4
v 3 2.6 1.3
v 3 2.6 1.2
v 3 2.6 -1.2
v 3 2.6 -1.3
v 3 2.6 -1.4
v 3 2.7 1.3
v 3 2.7 -1.3
v 3.1 0.5 1.9
v 3.1 0.5 1.8
v 3.1 0.7 1.9
v 3.1 0.7 1.8
v 3.1 0.9 1.8
v 3.1 0.9 -1.8
v 3.1 1.1 1.6
v 3.1 1.1 -1.7
v 3.1 1.2 1.8
v 3.1 1.4 2.1
v 3.1 1.4 1.8
v 3.1 1.5 2.1
v 3.1 1.5 1.8
v 3.1 2.2 1.8
v 3.1 2.2 1.6
v 3.1 2.2 1.3
v 3.1 2.2 -1.3
v 3.1 2.2 -1.7
v 3.1 2.2 -1.8
v 3.1 2.3 1.6
v 3.1 2.3 1.4
v 3.1 2.3 1.3
v 3.1 2.3 1.2
v 3.1 2.3 -1.2
v 3.1 2.3 -1.3
v 3.1 2.3 -1.4
v 3.1 2.3 -1.7
v 3.1 2.4 1.4
v 3.1 2.4 1.3
v 3.1 2.4 1.2
v 3.1 2.4 1.1
v 3.1 2.4 -1.1
v 3.1 2.4 -1.2
v 3.1 2.4 -1.3
v 3.1 2.4 -1.4
v 3.1 2.5 1.3
v 3.1 2.5 1.2
v 3.1 2.5 1.1
v 3.1 2.5 -1.1
v 3.1 2.5 -1.2
v 3.1 2.5 -1.3
v 3.1 2.6 1.2
v 3.1 2.6 -1.2
v 3.2 0.7 1.9
v 3.2 0.7 1.8
v 3.2 1.1 1.6
v 3.2 1.1 1
v 3.2 1.1 -0.8
v 3.2 1.1 -1.6
v 3.2 1.2 2.1
v 3.2 1.2 1.9
v 3.2 1.2 1.8
v 3.2 1.2 -0.8
v 3.2 1.2 -0.9
v 3.2 1.2 -1.6
v 3.2 1.2 -1.7
v 3.2 1.4 2.1
v 3.2 1.4 1.8
v 3.2 1.7 1
v 3.2 1.7 0.9
v 3.2 1.7 -0.8
v 3.2 1.7 -0.9
v 3.2 1.9 0.9
v 3.2 1.9 0.8
v 3.2 2 -0.7
v 3.2 2 -0.8
v 3.2 2.1 0.8
v 3.2 2.1 0.7
v 3.2 2.1 -0.6
v 3.2 2.1 -0.7
v 3.2 2.2 1.6
v 3.2 2.2 1.3
v 3.2 2.2 0.7
v 3.2 2.2 0.5
v 3.2 2.2 -0.4
v 3.2 2.2 -0.6
v 3.2 2.2 -1.3
v 3.2 2.2 -1.7
v 3.2 2.3 1.3
v 3.2 2.3 1.2
v 3.2 2.3 0.5
v 3.2 2.3 0.3
v 3.2 2.3 -0.2
v 3.2 2.3 -0.4
v 3.2 2.3 -1.2
v 3.2 2.3 -1.3
v 3.2 2.4 1.2
v 3.2 2.4 1.1
v 3.2 2.4 0.3
v 3.2 2.4 -0.2
v 3.2 2.4 -1.1
v 3.2 2.4 -1.2
v 3.2 2.5 1.1
v 3.2 2.5 -1.1
v 3.3 0.5 0.3
v 3.3 0.5 -0.0999999
v 3.3 0.6 0.5
v 3.3 0.6 0.3
v 3.3 0.6 -0.0999999
v 3.3 0.6 -0.2
v 3.3 0.6 -0.4
v 3.3 0.7 0.7
v 3.3 0.7 0.5
v 3.3 0.7 0.3
v 3.3 0.7 -0.0999999
v 3.3 0.7 -0.2
v 3.3 0.7 -0.4
v 3.3 0.7 -0.6
v 3.3 0.8 0.8
v 3.3 0.8 0.7
v 3.3 0.8 0.5
v 3.3 0.8 0.3
v 3.3 0.8 -0.0999999
v 3.3 0.8 -0.2
v 3.3 0.8 -0.4
v 3.3 0.8 -0.6
v 3.3 0.8 -0.7
v 3.3 0.9 0.6
v 3.3 0.9 0.5
v 3.3 0.9 -0.4
v 3.3 0.9 -0.5
v 3.3 1 0.9
v 3.3 1 0.8
v 3.3 1 0.7
v 3.3 1 0.6
v 3.3 1 -0.5
v 3.3 1 -0.6
v 3.3 1 -0.7
v 3.3 1 -0.8
v 3.3 1.1 1
v 3.3 1.1 0.9
v 3.3 1.1 0.8
v 3.3 1.1 0.7
v 3.3 1.1 -1.6
v 3.3 1.1 -1.7
v 3.3 1.2 0.9
v 3.3 1.2 0.8
v 3.3 1.2 0.7
v 3.3 1.2 0.6
v 3.3 1.2 -0.6
v 3.3 1.2 -0.7
v 3.3 1.2 -0.8
v 3.3 1.2 -0.9
v 3.3 1.2 -1.6
v 3.3 1.2 -1.7
v 3.3 1.7 1
v 3.3 1.7 0.9
v 3.3 1.7 0.8
v 3.3 1.7 0.7
v 3.3 1.7 0.6
v 3.3 1.7 -0.6
v 3.3 1.7 -0.7
v 3.3 1.7 -0.8
v 3.3 1.7 -0.9
v 3.3 1.9 0.9
v 3.3 1.9 0.8
v 3.3 1.9 0.7
v 3.3 1.9 0.6
v 3.3 1.9 0.5
v 3.3 1.9 -0.5
v 3.3 1.9 -0.6
v 3.3 1.9 -0.7
v 3.3 2 0.5
v 3.3 2 0.3
v 3.3 2 -0.4
v 3.3 2 -0.5
v 3.3 2 -0.7
v 3.3 2 -0.8
v 3.3 2.1 0.8
v 3.3 2.1 0.7
v 3.3 2.1 0.5
v 3.3 2.1 0.3
v 3.3 2.1 -0.2
v 3.3 2.1 -0.4
v 3.3 2.1 -0.6
v 3.3 2.1 -0.7
v 3.3 2.2 0.7
v 3.3 2.2 0.5
v 3.3 2.2 0.3
v 3.3 2.2 -0.2
v 3.3 2.2 -0.4
v 3.3 2.2 -0.6
v 3.3 2.3 0.5
v 3.3 2.3 0.3
v 3.3 2.3 -0.2
v 3.3 2.3 -0.4
v 3.3 2.4 0.3
v 3.3 2.4 -0.2
v 3.4 0.7 0.3
v 3.4 0.7 -0.0999999
v 3.4 0.8 0.5
v 3.4 0.8 0.3
v 3.4 0.8 -0.0999999
v 3.4 0.8 -0.2
v 3.4 0.8 -0.4
v 3.4 0.9 0.6
v 3.4 0.9 0.5
v 3.4 0.9 0.3
v 3.4 0.9 -0.2
v 3.4 0.9 -0.4
v 3.4 0.9 -0.5
v 3.4 1 0.8
v 3.4 1 0.7
v 3.4 1 0.6
v 3.4 1 0.5
v 3.4 1 0.3
v 3.4 1 -0.2
v 3.4 1 -0.4
v 3.4 1 -0.5
v 3.4 1 -0.6
v 3.4 1.1 0.8
v 3.4 1.1 0.7
v 3.4 1.1 0.5
v 3.4 1.1 0.4
v 3.4 1.1 0.3
v 3.4 1.1 -0.2
v 3.4 1.1 -0.3
v 3.4 1.2 0.7
v 3.4 1.2 0.6
v 3.4 1.2 0.5
v 3.4 1.2 -0.3
v 3.4 1.2 -0.4
v 3.4 1.2 -0.5
v 3.4 1.2 -0.6
v 3.4 1.2 -0.7
v 3.4 1.7 0.7
v 3.4 1.7 0.6
v 3.4 1.7 0.5
v 3.4 1.7 -0.3
v 3.4 1.7 -0.4
v 3.4 1.7 -0.5
v 3.4 1.7 -0.6
v 3.4 1.7 -0.7
v 3.4 1.8 0.5
v 3.4 1.8 0.4
v 3.4 1.8 -0.2
v 3.4 1.8 -0.3
v 3.4 1.9 0.6
v 3.4 1.9 0.5
v 3.4 1.9 0.4
v 3.4 1.9 0.3
v 3.4 1.9 -0.2
v 3.4 1.9 -0.4
v 3.4 1.9 -0.5
v 3.4 1.9 -0.6
v 3.4 2 0.5
v 3.4 2 0.3
v 3.4 2 -0.2
v 3.4 2 -0.4
v 3.4 2 -0.5
v 3.4 2.1 0.3
v 3.4 2.1 -0.2
v 3.4 2.1 -0.4
v 3.4 2.2 0.3
v 3.4 2.2 -0.2
v 3.5 1 0.3
v 3.5 1 -0.2
v 3.5 1.1 0.5
v 3.5 1.1 0.4
v 3.5 1.1 0.3
v 3.5 1.1 -0.2
v 3.5 1.1 -0.3
v 3.5 1.2 0.6
v 3.5 1.2 0.5
v 3.5 1.2 0.4
v 3.5 1.2 -0.3
v 3.5 1.2 -0.4
v 3.5 1.7 0.6
v 3.5 1.7 0.5
v 3.5 1.7 0.4
v 3.5 1.7 -0.3
v 3.5 1.7 -0.4
v 3.5 1.8 0.5
v 3.5 1.8 0.4
v 3.5 1.8 0.3
v 3.5 1.8 -0.2
v 3.5 1.8 -0.3
v 3.5 1.9 0.4
v 3.5 1.9 0.3
v 3.5 1.9 -0.2
v -3.1 1 2.1
v -3.1 1.2 2.1
v -3 1 2.1
v -3 1.2 2.1
v -3 1.3 2.1
v -2.9 1.2 2.1
v -2.9 1.3 2.1
v -2.9 1.4 2.1
v -2.7 1.3 2.1
v -2.7 1.4 2.1
v -2.7 1.5 2.1
v -2.2 1.3 2.1
v -2.2 1.4 2.1
v -2.2 1.5 2.1
v -2 1.2 2.1
v -2 1.3 2.1
v -2 1.4 2.1
v -1.9 1 2.1
v -1.9 1.2 2.1
v -1.9 1.3 2.1
v -1.8 1 2.1
v -1.8 1.2 2.1
v 1.7 1.2 2.1
v 1.7 1.4 2.1
v 1.8 1.2 2.1
v 1.8 1.4 2.1
v 1.8 1.5 2.1
v 1.9 1.4 2.1
v 1.9 1.5 2.1
v 1.9 1.6 2.1
v 2 1.5 2.1
v 2 1.6 2.1
v 2 1.7 2.1
v 2.2 1.6 2.1
v 2.2 1.7 2.1
v 2.2 1.8 2.1
v 2.7 1.6 2.1
v 2.7 1.7 2.1
v 2.7 1.8 2.1
v 2.9 1.5 2.1
v 2.9 1.6 2.1
v 2.9 1.7 2.1
v 3 1.4 2.1
v 3 1.5 2.1
v 3 1.6 2.1
v 3.1 1.2 2.1
v 3.1 1.4 2.1
v 3.1 1.5 2.1
v 3.2 1.2 2.1
v 3.2 1.4 2.1
v -3 1.1 2
v -3 1.2 2
v -2.9 0.4 2
v -2.9 0.9 2
v -2.9 1.1 2
v -2.9 1.2 2
v -2.9 1.3 2
v -2.8 0.3 2
v -2.8 0.4 2
v -2.8 0.9 2
v -2.8 1 2
v -2.7 0.2 2
v -2.7 0.3 2
v -2.7 1 2
v -2.7 1.1 2
v -2.7 1.2 2
v -2.7 1.3 2
v -2.7 1.4 2
v -2.2 0.2 2
v -2.2 0.3 2
v -2.2 1 2
v -2.2 1.1 2
v -2.2 1.2 2
v -2.2 1.3 2
v -2.2 1.4 2
v -2.1 0.3 2
v -2.1 0.4 2
v -2.1 0.9 2
v -2.1 1 2
v -2 0.4 2
v -2 0.9 2
v -2 1 2
v -2 1.2 2
v -2 1.3 2
v -1.9 1 2
v -1.9 1.2 2
v 1.8 1.2 2
v 1.8 1.4 2
v 1.9 0.6 2
v 1.9 1.1 2
v 1.9 1.2 2
v 1.9 1.4 2
v 1.9 1.5 2
v 2 0.5 2
v 2 0.6 2
v 2 1.1 2
v 2 1.2 2
v 2 1.4 2
v 2 1.5 2
v 2 1.6 2
v 2.1 0.4 2
v 2.1 0.5 2
v 2.1 1.2 2
v 2.1 1.3 2
v 2.2 0.3 2
v 2.2 0.4 2
v 2.2 1.3 2
v 2.2 1.4 2
v 2.2 1.5 2
v 2.2 1.6 2
v 2.2 1.7 2
v 2.7 0.3 2
v 2.7 0.4 2
v 2.7 1.3 2
v 2.7 1.4 2
v 2.7 1.5 2
v 2.7 1.6 2
v 2.7 1.7 2
v 2.8 0.4 2
v 2.8 0.5 2
v 2.8 1.2 2
v 2.8 1.3 2
v 2.9 0.5 2
v 2.9 0.6 2
v 2.9 1.1 2
v 2.9 1.2 2
v 2.9 1.4 2
v 2.9 1.5 2
v 2.9 1.6 2
v 3 0.6 2
v 3 1.1 2
v 3 1.2 2
v 3 1.4 2
v 3 1.5 2
v 3.1 1.2 2
v 3.1 1.4 2
v -3.4 1.3 1.9
v -3.4 1.8 1.9
v -3.1 0.5 1.9
v -3.1 1 1.9
v -3.1 1.3 1.9
v -3.1 1.8 1.9
v -3 0.3 1.9
v -3 0.5 1.9
v -3 1 1.9
v -3 1.1 1.9
v -2.9 0.2 1.9
v -2.9 0.3 1.9
v -2.9 0.4 1.9
v -2.9 0.9 1.9
v -2.9 1.1 1.9
v -2.9 1.2 1.9
v -2.8 0.3 1.9
v -2.8 0.4 1.9
v -2.8 0.9 1.9
v -2.8 1 1.9
v -2.7 0.1 1.9
v -2.7 0.2 1.9
v -2.7 0.3 1.9
v -2.7 1 1.9
v -2.7 1.1 1.9
v -2.7 1.2 1.9
v -2.7 1.3 1.9
v -2.2 0.1 1.9
v -2.2 0.2 1.9
v -2.2 0.3 1.9
v -2.2 1 1.9
v -2.2 1.1 1.9
v -2.2 1.2 1.9
v -2.2 1.3 1.9
v -2.1 0.3 1.9
v -2.1 0.4 1.9
v -2.1 0.9 1.9
v -2.1 1 1.9
v -2 0.2 1.9
v -2 0.3 1.9
v -2 0.4 1.9
v -2 0.9 1.9
v -2 1 1.9
v -2 1.2 1.9
v -1.9 0.3 1.9
v -1.9 0.5 1.9
v -1.8 0.5 1.9
v -1.8 1 1.9
v -1.7 0.9 1.9
v -1.7 2.3 1.9
v -1.6 2.3 1.9
v -1.6 3.1 1.9
v -1.5 2.6 1.9
v -1.5 3.1 1.9
v -1.5 3.8 1.9
v -1.4 3.1 1.9
v -1.4 3.8 1.9
v -1.4 3.9 1.9
v -0.6 1.6 1.9
v -0.6 1.7 1.9
v -0.5 1.5 1.9
v -0.5 1.6 1.9
v -0.5 1.7 1.9
v -0.5 1.8 1.9
v -0.5 2.7 1.9
v -0.5 3.8 1.9
v -0.5 3.9 1.9
v -0.4 1.4 1.9
v -0.4 1.5 1.9
v -0.4 1.8 1.9
v -0.4 1.9 1.9
v -0.4 2.6 1.9
v -0.4 2.7 1.9
v -0.4 3.8 1.9
v -0.3 1.3 1.9
v -0.3 1.4 1.9
v -0.3 1.9 1.9
v -0.3 2 1.9
v -0.3 2.6 1.9
v -0.3 2.7 1.9
v -0.2 1.3 1.9
v -0.2 2 1.9
v -0.0999999 2.5 1.9
v -0.0999999 2.6 1.9
v 0 0.9 1.9
v 0 2.5 1.9
v 0.2 0.9 1.9
v 0.2 3.7 1.9
v 0.3 2.5 1.9
v 0.3 3.7 1.9
v 0.3 3.8 1.9
v 1.1 1.5 1.9
v 1.1 1.7 1.9
v 1.2 1.4 1.9
v 1.2 1.5 1.9
v 1.2 1.7 1.9
v 1.2 1.8 1.9
v 1.2 3.1 1.9
v 1.2 3.7 1.9
v 1.2 3.8 1.9
v 1.3 1.3 1.9
v 1.3 1.4 1.9
v 1.3 1.8 1.9
v 1.3 1.9 1.9
v 1.3 2.5 1.9
v 1.3 3.1 1.9
v 1.3 3.7 1.9
v 1.4 1.3 1.9
v 1.4 1.9 1.9
v 1.4 2.5 1.9
v 1.4 3.1 1.9
v 1.5 2.4 1.9
v 1.5 2.5 1.9
v 1.6 0.9 1.9
v 1.6 2.4 1.9
v 1.7 0.7 1.9
v 1.7 1.2 1.9
v 1.8 0.5 1.9
v 1.8 0.7 1.9
v 1.9 0.4 1.9
v 1.9 0.5 1.9
v 1.9 0.6 1.9
v 1.9 1.1 1.9
v 1.9 1.2 1.9
v 1.9 1.4 1.9
v 2 0.3 1.9
v 2 0.4 1.9
v 2 0.5 1.9
v 2 0.6 1.9
v 2 1.1 1.9
v 2 1.2 1.9
v 2 1.4 1.9
v 2 1.5 1.9
v 2.1 0.4 1.9
v 2.1 0.5 1.9
v 2.1 1.2 1.9
v 2.1 1.3 1.9
v 2.2 0.2 1.9
v 2.2 0.3 1.9
v 2.2 0.4 1.9
v 2.2 1.3 1.9
v 2.2 1.4 1.9
v 2.2 1.5 1.9
v 2.2 1.6 1.9
v 2.7 0.2 1.9
v 2.7 0.3 1.9
v 2.7 0.4 1.9
v 2.7 1.3 1.9
v 2.7 1.4 1.9
v 2.7 1.5 1.9
v 2.7 1.6 1.9
v 2.8 0.4 1.9
v 2.8 0.5 1.9
v 2.8 1.2 1.9
v 2.8 1.3 1.9
v 2.9 0.3 1.9
v 2.9 0.4 1.9
v 2.9 0.5 1.9
v 2.9 0.6 1.9
v 2.9 1.1 1.9
v 2.9 1.2 1.9
v 2.9 1.4 1.9
v 2.9 1.5 1.9
v 3 0.4 1.9
v 3 0.5 1.9
v 3 0.6 1.9
v 3 1.1 1.9
v 3 1.2 1.9
v 3 1.4 1.9
v 3.1 0.5 1.9
v 3.1 0.7 1.9
v 3.2 0.7 1.9
v 3.2 1.2 1.9
v -3.3 0.7 1.8
v -3.3 1.3 1.8
v -3.3 1.8 1.8
v -3.3 2.1 1.8
v -3.2 0.6 1.8
v -3.2 0.7 1.8
v -3.1 0.6 1.8
v -3.1 1 1.8
v -3.1 1.2 1.8
v -3.1 1.3 1.8
v -3.1 1.8 1.8
v -3.1 2.1 1.8
v -3.1 2.2 1.8
v -3 1.2 1.8
v -3 1.3 1.8
v -3 2.2 1.8
v -3 2.3 1.8
v -2.9 1.3 1.8
v -2.9 1.4 1.8
v -2.9 2.3 1.8
v -2.9 2.4 1.8
v -2.7 1.4 1.8
v -2.7 1.5 1.8
v -2.2 1.4 1.8
v -2.2 1.5 1.8
v -2 1.3 1.8
v -2 1.4 1.8
v -1.9 1.2 1.8
v -1.9 1.3 1.8
v -1.8 0.6 1.8
v -1.8 1 1.8
v -1.8 1.2 1.8
v -1.8 2.4 1.8
v -1.8 2.5 1.8
v -1.8 3.9 1.8
v -1.7 0.9 1.8
v -1.7 2.3 1.8
v -1.7 2.5 1.8
v -1.7 3.9 1.8
v -1.7 4 1.8
v -1.6 2.3 1.8
v -1.6 3.1 1.8
v -1.5 3.1 1.8
v -1.5 3.8 1.8
v -1.4 3.8 1.8
v -1.4 3.9 1.8
v -0.5 3.8 1.8
v -0.5 3.9 1.8
v -0.4 2.7 1.8
v -0.4 3.8 1.8
v -0.3 2.6 1.8
v -0.3 2.7 1.8
v -0.0999999 2.5 1.8
v -0.0999999 2.6 1.8
v 0 0.9 1.8
v 0 2.5 1.8
v 0.2 0.9 1.8
v 0.2 3.7 1.8
v 0.3 3.7 1.8
v 0.3 3.8 1.8
v 1.2 3.7 1.8
v 1.2 3.8 1.8
v 1.3 3.1 1.8
v 1.3 3.7 1.8
v 1.4 2.5 1.8
v 1.4 3.1 1.8
v 1.5 2.4 1.8
v 1.5 2.5 1.8
v 1.6 0.9 1.8
v 1.6 2.4 1.8
v 1.6 4 1.8
v 1.7 0.7 1.8
v 1.7 1.2 1.8
v 1.7 1.4 1.8
v 1.8 0.6 1.8
v 1.8 0.7 1.8
v 1.8 1.4 1.8
v 1.8 1.5 1.8
v 1.9 1.5 1.8
v 1.9 1.6 1.8
v 2 1.6 1.8
v 2 1.7 1.8
v 2.2 1.7 1.8
v 2.2 1.8 1.8
v 2.7 1.7 1.8
v 2.7 1.8 1.8
v 2.9 1.6 1.8
v 2.9 1.7 1.8
v 2.9 2.3 1.8
v 2.9 2.4 1.8
v 3 1.5 1.8
v 3 1.6 1.8
v 3 2.2 1.8
v 3 2.3 1.8
v 3.1 1.5 1.8
v 3.1 2.2 1.8
v -3.2 2.1 1.7
v -3.2 2.2 1.7
v -3.1 2.1 1.7
v -3.1 2.2 1.7
v -3.1 2.3 1.7
v -3 2.2 1.7
v -3 2.3 1.7
v -3 2.4 1.7
v -2.9 2.3 1.7
v -2.9 2.4 1.7
v -2.9 2.5 1.7
v -1.8 2.4 1.7
v -1.8 2.5 1.7
v 1.6 2.4 1.7
v 1.6 3.9 1.7
v 1.7 2.5 1.7
v 1.7 3.9 1.7
v 2.8 2.4 1.7
v 2.8 2.5 1.7
v 1.7 2.5 1.6
v 1.7 3.9 1.6
v 1.8 2.5 1.6
v 1.8 2.6 1.6
v 1.8 3.9 1.6
v 2.8 2.4 1.6
v 2.8 2.5 1.6
v 2.8 2.6 1.6
v 2.9 2.3 1.6
v 2.9 2.4 1.6
v 3 2.2 1.6
v 3 2.3 1.6
v 3 2.5 1.6
v 3.1 1.1 1.6
v 3.1 2.2 1.6
v 3.1 2.3 1.6
v 3.2 1.1 1.6
v 3.2 2.2 1.6
v 1.8 2.6 1.5
v 1.8 2.7 1.5
v 2.8 2.5 1.5
v 2.8 2.6 1.5
v 2.8 2.7 1.5
v 2.9 2.5 1.5
v 2.9 2.6 1.5
v 1.8 2.7 1.4
v 1.8 2.8 1.4
v 2.8 2.6 1.4
v 2.8 2.7 1.4
v 2.8 2.8 1.4
v 2.9 2.5 1.4
v 2.9 2.6 1.4
v 2.9 2.7 1.4
v 3 2.3 1.4
v 3 2.4 1.4
v 3 2.5 1.4
v 3 2.6 1.4
v 3.1 2.3 1.4
v 3.1 2.4 1.4
v -3.4 0.7 1.3
v -3.4 0.8 1.3
v -3.3 0.7 1.3
v -3.3 0.8 1.3
v 1.8 2.8 1.3
v 1.8 2.9 1.3
v 2.8 2.7 1.3
v 2.8 2.8 1.3
v 2.8 2.9 1.3
v 2.9 2.6 1.3
v 2.9 2.7 1.3
v 2.9 2.8 1.3
v 3 2.4 1.3
v 3 2.5 1.3
v 3 2.6 1.3
v 3 2.7 1.3
v 3.1 2.2 1.3
v 3.1 2.3 1.3
v 3.1 2.4 1.3
v 3.1 2.5 1.3
v 3.2 2.2 1.3
v 3.2 2.3 1.3
v -3.4 0.8 1.2
v -3.4 1 1.2
v -3.3 0.8 1.2
v -3.3 1 1.2
v 3 2.5 1.2
v 3 2.6 1.2
v 3.1 2.3 1.2
v 3.1 2.4 1.2
v 3.1 2.5 1.2
v 3.1 2.6 1.2
v 3.2 2.3 1.2
v 3.2 2.4 1.2
v -3.4 1 1.1
v -3.4 1.1 1.1
v -3.4 1.4 1.1
v -3.3 1 1.1
v -3.3 1.1 1.1
v -3.3 1.4 1.1
v 3.1 2.4 1.1
v 3.1 2.5 1.1
v 3.2 2.4 1.1
v 3.2 2.5 1.1
v -3.4 1.4 1
v -3.4 1.8 1
v -3.3 1.4 1
v -3.3 1.8 1
v -3.3 2.1 1
v -3.3 2.2 1
v -3.2 2.1 1
v -3.2 2.2 1
v -2.4 2.5 1
v -2.4 2.6 1
v -1.8 2.5 1
v -1.8 2.6 1
v 3.2 1.1 1
v 3.2 1.7 1
v 3.3 1.1 1
v 3.3 1.7 1
v -3.4 1.8 0.9
v -3.4 2.1 0.9
v -3.3 1.8 0.9
v -3.3 2.1 0.9
v -3.2 2.2 0.9
v -3.2 2.3 0.9
v -3.1 2.2 0.9
v -3.1 2.3 0.9
v -3.1 2.4 0.9
v -3 2.3 0.9
v -3 2.4 0.9
v -3 2.5 0.9
v -2.9 2.4 0.9
v -2.9 2.5 0.9
v -2.9 2.6 0.9
v -2.4 2.5 0.9
v -2.4 2.6 0.9
v 3.2 1 0.9
v 3.2 1.1 0.9
v 3.2 1.7 0.9
v 3.2 1.9 0.9
v 3.3 1 0.9
v 3.3 1.1 0.9
v 3.3 1.7 0.9
v 3.3 1.9 0.9
v 3.2 0.8 0.8
v 3.2 1 0.8
v 3.2 1.9 0.8
v 3.2 2.1 0.8
v 3.3 0.8 0.8
v 3.3 1 0.8
v 3.3 1.1 0.8
v 3.3 1.9 0.8
v 3.3 2.1 0.8
v 3.4 1 0.8
v 3.4 1.1 0.8
v 3.2 0.7 0.7
v 3.2 0.8 0.7
v 3.2 2.1 0.7
v 3.2 2.2 0.7
v 3.3 0.7 0.7
v 3.3 0.8 0.7
v 3.3 1.2 0.7
v 3.3 1.7 0.7
v 3.3 2.1 0.7
v 3.3 2.2 0.7
v 3.4 1.2 0.7
v 3.4 1.7 0.7
v 3.3 0.9 0.6
v 3.3 1 0.6
v 3.3 1.2 0.6
v 3.3 1.7 0.6
v 3.3 1.9 0.6
v 3.4 0.9 0.6
v 3.4 1 0.6
v 3.4 1.2 0.6
v 3.4 1.7 0.6
v 3.4 1.9 0.6
v 3.5 1.2 0.6
v 3.5 1.7 0.6
v 3.2 0.6 0.5
v 3.2 0.7 0.5
v 3.2 2.2 0.5
v 3.2 2.3 0.5
v 3.3 0.6 0.5
v 3.3 0.7 0.5
v 3.3 0.8 0.5
v 3.3 0.9 0.5
v 3.3 1.9 0.5
v 3.3 2 0.5
v 3.3 2.2 0.5
v 3.3 2.3 0.5
v 3.4 0.8 0.5
v 3.4 0.9 0.5
v 3.4 1.1 0.5
v 3.4 1.2 0.5
v 3.4 1.7 0.5
v 3.4 1.8 0.5
v 3.4 1.9 0.5
v 3.4 2 0.5
v 3.5 1.1 0.5
v 3.5 1.2 0.5
v 3.5 1.7 0.5
v 3.5 1.8 0.5
v 3.4 1.8 0.4
v 3.4 1.9 0.4
v 3.5 1.8 0.4
v 3.5 1.9 0.4
v 3.2 0.5 0.3
v 3.2 0.6 0.3
v 3.2 2.3 0.3
v 3.2 2.4 0.3
v 3.3 0.5 0.3
v 3.3 0.6 0.3
v 3.3 0.7 0.3
v 3.3 0.8 0.3
v 3.3 2 0.3
v 3.3 2.1 0.3
v 3.3 2.2 0.3
v 3.3 2.3 0.3
v 3.3 2.4 0.3
v 3.4 0.7 0.3
v 3.4 0.8 0.3
v 3.4 1 0.3
v 3.4 1.1 0.3
v 3.4 2 0.3
v 3.4 2.1 0.3
v 3.4 2.2 0.3
v 3.5 1 0.3
v 3.5 1.1 0.3
v -3.4 1.3 -1.6
v -3.4 1.8 -1.6
v -3.3 1.3 -1.6
v -3.3 1.8 -1.6
v 3.2 1.1 -1.6
v 3.2 1.2 -1.6
v 3.3 1.1 -1.6
v 3.3 1.2 -1.6
v -3 0.5 -1.8
v -3 0.6 -1.8
v -2.9 0.3 -1.8
v -2.9 0.5 -1.8
v -2.8 0.2 -1.8
v -2.8 0.3 -1.8
v -2.6 0.1 -1.8
v -2.6 0.2 -1.8
v -2.1 0.1 -1.8
v -2.1 0.2 -1.8
v -1.9 0.2 -1.8
v -1.9 0.3 -1.8
v -1.8 0.3 -1.8
v -1.8 0.5 -1.8
v -1.7 0.5 -1.8
v -1.7 0.6 -1.8
v 1.6 0.5 -1.8
v 1.6 0.6 -1.8
v 1.7 0.3 -1.8
v 1.7 0.5 -1.8
v 1.8 0.2 -1.8
v 1.8 0.3 -1.8
v 2 0.1 -1.8
v 2 0.2 -1.8
v 2.5 0.1 -1.8
v 2.5 0.2 -1.8
v 2.7 0.2 -1.8
v 2.7 0.3 -1.8
v 2.8 0.3 -1.8
v 2.8 0.5 -1.8
v 2.8 0.6 -1.8
v 2.8 0.7 -1.8
v 2.9 0.5 -1.8
v 2.9 0.7 -1.8
v -3.1 0.5 1.8
v -3.1 0.6 1.8
v -3 0.3 1.8
v -3 0.5 1.8
v -2.9 0.2 1.8
v -2.9 0.3 1.8
v -2.7 0.1 1.8
v -2.7 0.2 1.8
v -2.2 0.1 1.8
v -2.2 0.2 1.8
v -2 0.2 1.8
v -2 0.3 1.8
v -1.9 0.3 1.8
v -1.9 0.5 1.8
v -1.8 0.5 1.8
v -1.8 0.6 1.8
v 1.8 0.5 1.8
v 1.8 0.6 1.8
v 1.9 0.4 1.8
v 1.9 0.5 1.8
v 2 0.3 1.8
v 2 0.4 1.8
v 2.2 0.2 1.8
v 2.2 0.3 1.8
v 2.7 0.2 1.8
v 2.7 0.3 1.8
v 2.8 0.6 1.8
v 2.8 0.7 1.8
v 2.9 0.3 1.8
v 2.9 0.4 1.8
v 2.9 0.7 1.8
v 2.9 0.8 1.8
v 3 0.4 1.8
v 3 0.5 1.8
v 3 0.8 1.8
v 3 0.9 1.8
v 3.1 0.5 1.8
v 3.1 0.7 1.8
v 3.1 0.9 1.8
v 3.1 1.2 1.8
v 3.1 1.4 1.8
v 3.2 0.7 1.8
v 3.2 1.2 1.8
v 3.2 1.4 1.8
v -3.4 1.3 1.6
v -3.4 1.8 1.6
v -3.3 1.3 1.6
v -3.3 1.8 1.6
v 3.3 1 0.7
v 3.3 1.1 0.7
v 3.4 1 0.7
v 3.4 1.1 0.7
v 3.2 0.5 -0.0999999
v 3.2 0.6 -0.0999999
v 3.3 0.5 -0.0999999
v 3.3 0.6 -0.0999999
v 3.3 0.7 -0.0999999
v 3.3 0.8 -0.0999999
v 3.4 0.7 -0.0999999
v 3.4 0.8 -0.0999999
v 3.2 2.3 -0.2
v 3.2 2.4 -0.2
v 3.3 2.1 -0.2
v 3.3 2.2 -0.2
v 3.3 2.3 -0.2
v 3.3 2.4 -0.2
v 3.4 1 -0.2
v 3.4 1.1 -0.2
v 3.4 1.8 -0.2
v 3.4 1.9 -0.2
v 3.4 2.1 -0.2
v 3.4 2.2 -0.2
v 3.5 1 -0.2
v 3.5 1.1 -0.2
v 3.5 1.8 -0.2
v 3.5 1.9 -0.2
v 3.4 1.1 -0.3
v 3.4 1.2 -0.3
v 3.4 1.7 -0.3
v 3.4 1.8 -0.3
v 3.5 1.1 -0.3
v 3.5 1.2 -0.3
v 3.5 1.7 -0.3
v 3.5 1.8 -0.3
v 3.2 0.6 -0.4
v 3.2 0.7 -0.4
v 3.2 2.2 -0.4
v 3.2 2.3 -0.4
v 3.3 0.6 -0.4
v 3.3 0.7 -0.4
v 3.3 0.8 -0.4
v 3.3 0.9 -0.4
v 3.3 2 -0.4
v 3.3 2.1 -0.4
v 3.3 2.2 -0.4
v 3.3 2.3 -0.4
v 3.4 0.8 -0.4
v 3.4 0.9 -0.4
v 3.4 1.2 -0.4
v 3.4 1.7 -0.4
v 3.4 2 -0.4
v 3.4 2.1 -0.4
v 3.5 1.2 -0.4
v 3.5 1.7 -0.4
v 3.3 0.9 -0.5
v 3.3 1 -0.5
v 3.3 1.9 -0.5
v 3.3 2 -0.5
v 3.4 0.9 -0.5
v 3.4 1 -0.5
v 3.4 1.9 -0.5
v 3.4 2 -0.5
v 3.2 0.7 -0.6
v 3.2 0.8 -0.6
v 3.2 2.1 -0.6
v 3.2 2.2 -0.6
v 3.3 0.7 -0.6
v 3.3 0.8 -0.6
v 3.3 1 -0.6
v 3.3 1.2 -0.6
v 3.3 1.7 -0.6
v 3.3 1.9 -0.6
v 3.3 2.1 -0.6
v 3.3 2.2 -0.6
v 3.4 1 -0.6
v 3.4 1.2 -0.6
v 3.4 1.7 -0.6
v 3.4 1.9 -0.6
v 3.2 0.8 -0.7
v 3.2 1 -0.7
v 3.2 2 -0.7
v 3.2 2.1 -0.7
v 3.3 0.8 -0.7
v 3.3 1 -0.7
v 3.3 1.2 -0.7
v 3.3 1.7 -0.7
v 3.3 2 -0.7
v 3.3 2.1 -0.7
v 3.4 1.2 -0.7
v 3.4 1.7 -0.7
v 3.2 1 -0.8
v 3.2 1.1 -0.8
v 3.2 1.2 -0.8
v 3.2 1.7 -0.8
v 3.2 2 -0.8
v 3.3 1 -0.8
v 3.3 1.2 -0.8
v 3.3 1.7 -0.8
v 3.3 2 -0.8
v 3.2 1.2 -0.9
v 3.2 1.7 -0.9
v 3.3 1.2 -0.9
v 3.3 1.7 -0.9
v -3.4 1.6 -1
v -3.4 2.1 -1
v -3.3 1.6 -1
v -3.3 2.1 -1
v -3.3 2.2 -1
v -3.2 2.1 -1
v -3.2 2.2 -1
v -3.2 2.3 -1
v -3.1 2.2 -1
v -3.1 2.3 -1
v -3.1 2.4 -1
v -3 2.3 -1
v -3 2.4 -1
v -3 2.5 -1
v -2.9 2.4 -1
v -2.9 2.5 -1
v -2.9 2.6 -1
v -2.3 2.5 -1
v -2.3 2.6 -1
v -3.4 1 -1.1
v -3.4 1.1 -1.1
v -3.4 1.6 -1.1
v -3.3 1 -1.1
v -3.3 1.1 -1.1
v -3.3 1.6 -1.1
v -2.3 2.5 -1.1
v -2.3 2.6 -1.1
v -1.8 2.5 -1.1
v -1.8 2.6 -1.1
v 3.1 2.4 -1.1
v 3.1 2.5 -1.1
v 3.2 2.4 -1.1
v 3.2 2.5 -1.1
v -3.4 0.9 -1.2
v -3.4 1 -1.2
v -3.3 0.9 -1.2
v -3.3 1 -1.2
v 3 2.5 -1.2
v 3 2.6 -1.2
v 3.1 2.3 -1.2
v 3.1 2.4 -1.2
v 3.1 2.5 -1.2
v 3.1 2.6 -1.2
v 3.2 2.3 -1.2
v 3.2 2.4 -1.2
v -3.4 0.7 -1.3
v -3.4 0.9 -1.3
v -3.3 0.7 -1.3
v -3.3 0.9 -1.3
v 2.8 2.7 -1.3
v 2.8 2.8 -1.3
v 2.9 2.6 -1.3
v 2.9 2.7 -1.3
v 2.9 2.8 -1.3
v 3 2.4 -1.3
v 3 2.5 -1.3
v 3 2.6 -1.3
v 3 2.7 -1.3
v 3.1 2.2 -1.3
v 3.1 2.3 -1.3
v 3.1 2.4 -1.3
v 3.1 2.5 -1.3
v 3.2 2.2 -1.3
v 3.2 2.3 -1.3
v 1.8 2.8 -1.4
v 1.8 2.9 -1.4
v 2.8 2.6 -1.4
v 2.8 2.7 -1.4
v 2.8 2.8 -1.4
v 2.8 2.9 -1.4
v 2.9 2.5 -1.4
v 2.9 2.6 -1.4
v 2.9 2.7 -1.4
v 3 2.3 -1.4
v 3 2.4 -1.4
v 3 2.5 -1.4
v 3 2.6 -1.4
v 3.1 2.3 -1.4
v 3.1 2.4 -1.4
v 1.8 2.7 -1.5
v 1.8 2.8 -1.5
v 2.8 2.7 -1.5
v 2.8 2.8 -1.5
v -3.2 2.1 -1.6
v -3.2 2.2 -1.6
v -3.1 2.1 -1.6
v -3.1 2.2 -1.6
v -3.1 2.3 -1.6
v -3 2.2 -1.6
v -3 2.3 -1.6
v -3 2.4 -1.6
v -2.9 2.3 -1.6
v -2.9 2.4 -1.6
v 1.8 2.6 -1.6
v 1.8 2.7 -1.6
v 2.8 2.5 -1.6
v 2.8 2.6 -1.6
v 2.8 2.7 -1.6
v 2.9 2.5 -1.6
v 2.9 2.6 -1.6
v -3.3 2 -1.7
v -3.3 2.1 -1.7
v -3.1 2.1 -1.7
v -3.1 2.2 -1.7
v -3 2 -1.7
v -3 2.1 -1.7
v -3 2.2 -1.7
v -3 2.3 -1.7
v -2.9 2.1 -1.7
v -2.9 2.2 -1.7
v -2.9 2.3 -1.7
v -2.9 2.5 -1.7
v -2.8 2.2 -1.7
v -2.8 2.3 -1.7
v -2.7 2.3 -1.7
v -2.7 2.4 -1.7
v -1.8 2.4 -1.7
v -1.8 2.5 -1.7
v 1.6 2.4 -1.7
v 1.6 3.9 -1.7
v 1.8 2.5 -1.7
v 1.8 2.6 -1.7
v 1.8 3.9 -1.7
v 2.8 2.4 -1.7
v 2.8 2.5 -1.7
v 2.8 2.6 -1.7
v 2.9 2.3 -1.7
v 2.9 2.4 -1.7
v 3 2.2 -1.7
v 3 2.3 -1.7
v 3 2.5 -1.7
v 3.1 1.1 -1.7
v 3.1 2.2 -1.7
v 3.1 2.3 -1.7
v 3.2 1.2 -1.7
v 3.2 2.2 -1.7
v 3.3 1.1 -1.7
v 3.3 1.2 -1.7
v -3.3 0.7 -1.8
v -3.3 1.3 -1.8
v -3.3 1.8 -1.8
v -3.3 2 -1.8
v -3.2 0.6 -1.8
v -3.2 0.7 -1.8
v -3.1 1.3 -1.8
v -3.1 1.8 -1.8
v -3 0.6 -1.8
v -3 1 -1.8
v -3 1.2 -1.8
v -3 2 -1.8
v -3 2.1 -1.8
v -2.9 1.2 -1.8
v -2.9 1.3 -1.8
v -2.9 2.1 -1.8
v -2.9 2.2 -1.8
v -2.8 1.3 -1.8
v -2.8 1.4 -1.8
v -2.8 2.2 -1.8
v -2.8 2.3 -1.8
v -2.7 2.3 -1.8
v -2.7 2.4 -1.8
v -2.6 1.4 -1.8
v -2.6 1.5 -1.8
v -2.1 1.4 -1.8
v -2.1 1.5 -1.8
v -1.9 1.3 -1.8
v -1.9 1.4 -1.8
v -1.8 1.2 -1.8
v -1.8 1.3 -1.8
v -1.8 2.4 -1.8
v -1.8 2.5 -1.8
v -1.8 3.9 -1.8
v -1.7 0.6 -1.8
v -1.7 1 -1.8
v -1.7 1.2 -1.8
v -1.7 2.5 -1.8
v -1.7 3.9 -1.8
v -1.7 4 -1.8
v -1.4 1.1 -1.8
v -1.4 3.1 -1.8
v -1.3 3.1 -1.8
v -1.3 3.7 -1.8
v -1.2 3.7 -1.8
v -1.2 3.8 -1.8
v -0.3 3.7 -1.8
v -0.3 3.8 -1.8
v -0.2 2.9 -1.8
v -0.2 3.7 -1.8
v -0.0999999 1.1 -1.8
v -0.0999999 1.2 -1.8
v -0.0999999 2.1 -1.8
v -0.0999999 2.9 -1.8
v 0 1.2 -1.8
v 0 2.1 -1.8
v 0.2 1.2 -1.8
v 0.2 2.4 -1.8
v 0.3 1.1 -1.8
v 0.3 1.2 -1.8
v 0.3 2.4 -1.8
v 0.3 3.7 -1.8
v 0.4 3.7 -1.8
v 0.4 3.8 -1.8
v 1.3 3.7 -1.8
v 1.3 3.8 -1.8
v 1.4 3.1 -1.8
v 1.4 3.7 -1.8
v 1.5 1.1 -1.8
v 1.5 1.2 -1.8
v 1.5 2.4 -1.8
v 1.5 3.1 -1.8
v 1.6 0.6 -1.8
v 1.6 1 -1.8
v 1.6 1.2 -1.8
v 1.6 2.4 -1.8
v 1.6 4 -1.8
v 1.7 1.2 -1.8
v 1.7 1.3 -1.8
v 1.8 1.3 -1.8
v 1.8 1.4 -1.8
v 2 1.4 -1.8
v 2 1.5 -1.8
v 2.5 1.4 -1.8
v 2.5 1.5 -1.8
v 2.7 1.3 -1.8
v 2.7 1.4 -1.8
v 2.8 1.2 -1.8
v 2.8 1.3 -1.8
v 2.9 0.8 -1.8
v 2.9 1 -1.8
v 2.9 1.2 -1.8
v 2.9 2.3 -1.8
v 2.9 2.4 -1.8
v 3 0.8 -1.8
v 3 0.9 -1.8
v 3 2.2 -1.8
v 3 2.3 -1.8
v 3.1 0.9 -1.8
v 3.1 2.2 -1.8
v -3.4 1.3 -1.9
v -3.4 1.8 -1.9
v -3.1 1.3 -1.9
v -3.1 1.8 -1.9
v -3 0.5 -1.9
v -3 1 -1.9
v -2.9 0.3 -1.9
v -2.9 0.5 -1.9
v -2.8 0.2 -1.9
v -2.8 0.3 -1.9
v -2.8 0.5 -1.9
v -2.8 1 -1.9
v -2.8 1.2 -1.9
v -2.7 0.4 -1.9
v -2.7 0.5 -1.9
v -2.7 1 -1.9
v -2.7 1.1 -1.9
v -2.6 0.1 -1.9
v -2.6 0.2 -1.9
v -2.6 0.3 -1.9
v -2.6 0.4 -1.9
v -2.6 1.1 -1.9
v -2.6 1.2 -1.9
v -2.6 1.3 -1.9
v -2.1 0.1 -1.9
v -2.1 0.2 -1.9
v -2.1 0.3 -1.9
v -2.1 0.4 -1.9
v -2.1 1.1 -1.9
v -2.1 1.2 -1.9
v -2.1 1.3 -1.9
v -2 0.4 -1.9
v -2 0.5 -1.9
v -2 1 -1.9
v -2 1.1 -1.9
v -1.9 0.2 -1.9
v -1.9 0.3 -1.9
v -1.9 0.5 -1.9
v -1.9 1 -1.9
v -1.9 1.2 -1.9
v -1.8 0.3 -1.9
v -1.8 0.5 -1.9
v -1.7 0.5 -1.9
v -1.7 1 -1.9
v -1.4 1.1 -1.9
v -1.4 3.1 -1.9
v -1.3 2.6 -1.9
v -1.3 3.1 -1.9
v -1.3 3.7 -1.9
v -1.2 3.1 -1.9
v -1.2 3.7 -1.9
v -1.2 3.8 -1.9
v -0.5 1.5 -1.9
v -0.5 1.8 -1.9
v -0.4 1.4 -1.9
v -0.4 1.5 -1.9
v -0.4 1.8 -1.9
v -0.4 1.9 -1.9
v -0.3 1.3 -1.9
v -0.3 1.4 -1.9
v -0.3 1.9 -1.9
v -0.3 2 -1.9
v -0.3 2.9 -1.9
v -0.3 3.7 -1.9
v -0.3 3.8 -1.9
v -0.2 1.3 -1.9
v -0.2 2 -1.9
v -0.2 2.6 -1.9
v -0.2 2.9 -1.9
v -0.2 3.7 -1.9
v -0.0999999 1.1 -1.9
v -0.0999999 1.2 -1.9
v -0.0999999 2.1 -1.9
v -0.0999999 2.9 -1.9
v 0 1.2 -1.9
v 0 2.1 -1.9
v 0.2 1.2 -1.9
v 0.2 2.4 -1.9
v 0.3 1.1 -1.9
v 0.3 1.2 -1.9
v 0.3 2.4 -1.9
v 0.3 3.7 -1.9
v 0.4 2.6 -1.9
v 0.4 3.7 -1.9
v 0.4 3.8 -1.9
v 1.2 1.5 -1.9
v 1.2 1.8 -1.9
v 1.3 1.4 -1.9
v 1.3 1.5 -1.9
v 1.3 1.8 -1.9
v 1.3 1.9 -1.9
v 1.3 3.1 -1.9
v 1.3 3.7 -1.9
v 1.3 3.8 -1.9
v 1.4 1.3 -1.9
v 1.4 1.4 -1.9
v 1.4 1.9 -1.9
v 1.4 2 -1.9
v 1.4 2.6 -1.9
v 1.4 3.1 -1.9
v 1.4 3.7 -1.9
v 1.5 1.1 -1.9
v 1.5 1.2 -1.9
v 1.5 1.3 -1.9
v 1.5 2 -1.9
v 1.5 2.4 -1.9
v 1.5 3.1 -1.9
v 1.6 0.5 -1.9
v 1.6 1 -1.9
v 1.6 1.2 -1.9
v 1.6 2.4 -1.9
v 1.7 0.3 -1.9
v 1.7 0.5 -1.9
v 1.8 0.2 -1.9
v 1.8 0.3 -1.9
v 1.8 0.5 -1.9
v 1.8 1 -1.9
v 1.8 1.2 -1.9
v 1.9 0.4 -1.9
v 1.9 0.5 -1.9
v 1.9 1 -1.9
v 1.9 1.1 -1.9
v 2 0.1 -1.9
v 2 0.2 -1.9
v 2 0.3 -1.9
v 2 0.4 -1.9
v 2 1.1 -1.9
v 2 1.2 -1.9
v 2 1.3 -1.9
v 2.5 0.1 -1.9
v 2.5 0.2 -1.9
v 2.5 0.3 -1.9
v 2.5 0.4 -1.9
v 2.5 1.1 -1.9
v 2.5 1.2 -1.9
v 2.5 1.3 -1.9
v 2.6 0.4 -1.9
v 2.6 0.5 -1.9
v 2.6 1 -1.9
v 2.6 1.1 -1.9
v 2.7 0.2 -1.9
v 2.7 0.3 -1.9
v 2.7 0.5 -1.9
v 2.7 1 -1.9
v 2.7 1.2 -1.9
v 2.8 0.3 -1.9
v 2.8 0.5 -1.9
v 2.9 0.5 -1.9
v 2.9 1 -1.9
v -2.9 1 -2
v -2.9 1.2 -2
v -2.8 0.5 -2
v -2.8 1 -2
v -2.8 1.2 -2
v -2.8 1.3 -2
v -2.7 0.4 -2
v -2.7 0.5 -2
v -2.7 1 -2
v -2.7 1.1 -2
v -2.6 0.3 -2
v -2.6 0.4 -2
v -2.6 1.1 -2
v -2.6 1.2 -2
v -2.6 1.3 -2
v -2.6 1.4 -2
v -2.1 0.3 -2
v -2.1 0.4 -2
v -2.1 1.1 -2
v -2.1 1.2 -2
v -2.1 1.3 -2
v -2.1 1.4 -2
v -2 0.4 -2
v -2 0.5 -2
v -2 1 -2
v -2 1.1 -2
v -1.9 0.5 -2
v -1.9 1 -2
v -1.9 1.2 -2
v -1.9 1.3 -2
v -1.8 1 -2
v -1.8 1.2 -2
v 1.7 1 -2
v 1.7 1.2 -2
v 1.8 0.5 -2
v 1.8 1 -2
v 1.8 1.2 -2
v 1.8 1.3 -2
v 1.9 0.4 -2
v 1.9 0.5 -2
v 1.9 1 -2
v 1.9 1.1 -2
v 2 0.3 -2
v 2 0.4 -2
v 2 1.1 -2
v 2 1.2 -2
v 2 1.3 -2
v 2 1.4 -2
v 2.5 0.3 -2
v 2.5 0.4 -2
v 2.5 1.1 -2
v 2.5 1.2 -2
v 2.5 1.3 -2
v 2.5 1.4 -2
v 2.6 0.4 -2
v 2.6 0.5 -2
v 2.6 1 -2
v 2.6 1.1 -2
v 2.7 0.5 -2
v 2.7 1 -2
v 2.7 1.2 -2
v 2.7 1.3 -2
v 2.8 1 -2
v 2.8 1.2 -2
v -3 1 -2.1
v -3 1.2 -2.1
v -2.9 1 -2.1
v -2.9 1.2 -2.1
v -2.9 1.3 -2.1
v -2.8 1.2 -2.1
v -2.8 1.3 -2.1
v -2.8 1.4 -2.1
v -2.6 1.3 -2.1
v -2.6 1.4 -2.1
v -2.6 1.5 -2.1
v -2.1 1.3 -2.1
v -2.1 1.4 -2.1
v -2.1 1.5 -2.1
v -1.9 1.2 -2.1
v -1.9 1.3 -2.1
v -1.9 1.4 -2.1
v -1.8 1 -2.1
v -1.8 1.2 -2.1
v -1.8 1.3 -2.1
v -1.7 1 -2.1
v -1.7 1.2 -2.1
v 1.6 1 -2.1
v 1.6 1.2 -2.1
v 1.7 1 -2.1
v 1.7 1.2 -2.1
v 1.7 1.3 -2.1
v 1.8 1.2 -2.1
v 1.8 1.3 -2.1
v 1.8 1.4 -2.1
v 2 1.3 -2.1
v 2 1.4 -2.1
v 2 1.5 -2.1
v 2.5 1.3 -2.1
v 2.5 1.4 -2.1
v 2.5 1.5 -2.1
v 2.7 1.2 -2.1
v 2.7 1.3 -2.1
v 2.7 1.4 -2.1
v 2.8 1 -2.1
v 2.8 1.2 -2.1
v 2.8 1.3 -2.1
v 2.9 1 -2.1
v 2.9 1.2 -2.1
v -2.7 0.1 1.9
v -2.2 0.1 1.9
v -2.7 0.1 1.8
v -2.2 0.1 1.8
v -2.6 0.1 -1.8
v -2.1 0.1 -1.8
v 2 0.1 -1.8
v 2.5 0.1 -1.8
v -2.6 0.1 -1.9
v -2.1 0.1 -1.9
v 2 0.1 -1.9
v 2.5 0.1 -1.9
v -2.7 0.2 2
v -2.2 0.2 2
v -2.9 0.2 1.9
v -2.7 0.2 1.9
v -2.2 0.2 1.9
v -2 0.2 1.9
v 2.2 0.2 1.9
v 2.7 0.2 1.9
v -2.9 0.2 1.8
v -2.7 0.2 1.8
v -2.2 0.2 1.8
v -2 0.2 1.8
v 2.2 0.2 1.8
v 2.7 0.2 1.8
v -2.8 0.2 -1.8
v -2.6 0.2 -1.8
v -2.1 0.2 -1.8
v -1.9 0.2 -1.8
v 1.8 0.2 -1.8
v 2 0.2 -1.8
v 2.5 0.2 -1.8
v 2.7 0.2 -1.8
v -2.8 0.2 -1.9
v -2.6 0.2 -1.9
v -2.1 0.2 -1.9
v -1.9 0.2 -1.9
v 1.8 0.2 -1.9
v 2 0.2 -1.9
v 2.5 0.2 -1.9
v 2.7 0.2 -1.9
v -2.8 0.3 2
v -2.7 0.3 2
v -2.2 0.3 2
v -2.1 0.3 2
v 2.2 0.3 2
v 2.7 0.3 2
v -3 0.3 1.9
v -2.9 0.3 1.9
v -2.8 0.3 1.9
v -2.7 0.3 1.9
v -2.2 0.3 1.9
v -2.1 0.3 1.9
v -2 0.3 1.9
v -1.9 0.3 1.9
v 2 0.3 1.9
v 2.2 0.3 1.9
v 2.7 0.3 1.9
v 2.9 0.3 1.9
v -3 0.3 1.8
v -2.9 0.3 1.8
v -2 0.3 1.8
v -1.9 0.3 1.8
v 2 0.3 1.8
v 2.2 0.3 1.8
v 2.7 0.3 1.8
v 2.9 0.3 1.8
v -2.9 0.3 -1.8
v -2.8 0.3 -1.8
v -1.9 0.3 -1.8
v -1.8 0.3 -1.8
v 1.7 0.3 -1.8
v 1.8 0.3 -1.8
v 2.7 0.3 -1.8
v 2.8 0.3 -1.8
v -2.9 0.3 -1.9
v -2.8 0.3 -1.9
v -2.6 0.3 -1.9
v -2.1 0.3 -1.9
v -1.9 0.3 -1.9
v -1.8 0.3 -1.9
v 1.7 0.3 -1.9
v 1.8 0.3 -1.9
v 2 0.3 -1.9
v 2.5 0.3 -1.9
v 2.7 0.3 -1.9
v 2.8 0.3 -1.9
v -2.6 0.3 -2
v -2.1 0.3 -2
v 2 0.3 -2
v 2.5 0.3 -2
v -2.9 0.4 2
v -2.8 0.4 2
v -2.1 0.4 2
v -2 0.4 2
v 2.1 0.4 2
v 2.2 0.4 2
v 2.7 0.4 2
v 2.8 0.4 2
v -2.9 0.4 1.9
v -2.8 0.4 1.9
v -2.1 0.4 1.9
v -2 0.4 1.9
v 1.9 0.4 1.9
v 2 0.4 1.9
v 2.1 0.4 1.9
v 2.2 0.4 1.9
v 2.7 0.4 1.9
v 2.8 0.4 1.9
v 2.9 0.4 1.9
v 3 0.4 1.9
v 1.9 0.4 1.8
v 2 0.4 1.8
v 2.9 0.4 1.8
v 3 0.4 1.8
v -2.7 0.4 -1.9
v -2.6 0.4 -1.9
v -2.1 0.4 -1.9
v -2 0.4 -1.9
v 1.9 0.4 -1.9
v 2 0.4 -1.9
v 2.5 0.4 -1.9
v 2.6 0.4 -1.9
v -2.7 0.4 -2
v -2.6 0.4 -2
v -2.1 0.4 -2
v -2 0.4 -2
v 1.9 0.4 -2
v 2 0.4 -2
v 2.5 0.4 -2
v 2.6 0.4 -2
v 2 0.5 2
v 2.1 0.5 2
v 2.8 0.5 2
v 2.9 0.5 2
v -3.1 0.5 1.9
v -3 0.5 1.9
v -1.9 0.5 1.9
v -1.8 0.5 1.9
v 1.8 0.5 1.9
v 1.9 0.5 1.9
v 2 0.5 1.9
v 2.1 0.5 1.9
v 2.8 0.5 1.9
v 2.9 0.5 1.9
v 3 0.5 1.9
v 3.1 0.5 1.9
v -3.1 0.5 1.8
v -3 0.5 1.8
v -1.9 0.5 1.8
v -1.8 0.5 1.8
v 1.8 0.5 1.8
v 1.9 0.5 1.8
v 3 0.5 1.8
v 3.1 0.5 1.8
v 3.2 0.5 0.3
v 3.3 0.5 0.3
v 3.2 0.5 -0.0999999
v 3.3 0.5 -0.0999999
v -3 0.5 -1.8
v -2.9 0.5 -1.8
v -1.8 0.5 -1.8
v -1.7 0.5 -1.8
v 1.6 0.5 -1.8
v 1.7 0.5 -1.8
v 2.8 0.5 -1.8
v 2.9 0.5 -1.8
v -3 0.5 -1.9
v -2.9 0.5 -1.9
v -2.8 0.5 -1.9
v -2.7 0.5 -1.9
v -2 0.5 -1.9
v -1.9 0.5 -1.9
v -1.8 0.5 -1.9
v -1.7 0.5 -1.9
v 1.6 0.5 -1.9
v 1.7 0.5 -1.9
v 1.8 0.5 -1.9
v 1.9 0.5 -1.9
v 2.6 0.5 -1.9
v 2.7 0.5 -1.9
v 2.8 0.5 -1.9
v 2.9 0.5 -1.9
v -2.8 0.5 -2
v -2.7 0.5 -2
v -2 0.5 -2
v -1.9 0.5 -2
v 1.8 0.5 -2
v 1.9 0.5 -2
v 2.6 0.5 -2
v 2.7 0.5 -2
v 1.9 0.6 2
v 2 0.6 2
v 2.9 0.6 2
v 3 0.6 2
v 1.9 0.6 1.9
v 2 0.6 1.9
v 2.9 0.6 1.9
v 3 0.6 1.9
v -3.2 0.6 1.8
v -3.1 0.6 1.8
v -1.8 0.6 1.8
v 1.8 0.6 1.8
v 2.8 0.6 1.8
v -3.2 0.6 1.4
v -3.1 0.6 1.4
v -3.1 0.6 1.3
v -3 0.6 1.3
v 3.2 0.6 0.5
v 3.3 0.6 0.5
v 3.2 0.6 0.3
v 3.3 0.6 0.3
v 3.2 0.6 -0.0999999
v 3.3 0.6 -0.0999999
v 3.2 0.6 -0.2
v 3.3 0.6 -0.2
v 3.2 0.6 -0.4
v 3.3 0.6 -0.4
v -3.1 0.6 -1.3
v -3 0.6 -1.3
v -3.2 0.6 -1.4
v -3.1 0.6 -1.4
v -3.2 0.6 -1.8
v -3 0.6 -1.8
v -1.7 0.6 -1.8
v 1.6 0.6 -1.8
v 2.8 0.6 -1.8
v 1.7 0.7 1.9
v 1.8 0.7 1.9
v 3.1 0.7 1.9
v 3.2 0.7 1.9
v -3.3 0.7 1.8
v -3.2 0.7 1.8
v 1.7 0.7 1.8
v 1.8 0.7 1.8
v 2.8 0.7 1.8
v 2.9 0.7 1.8
v 3.1 0.7 1.8
v 3.2 0.7 1.8
v -3.2 0.7 1.4
v -3.4 0.7 1.3
v -3.3 0.7 1.3
v -3.2 0.7 1.3
v 3.2 0.7 0.7
v 3.3 0.7 0.7
v 3.2 0.7 0.5
v 3.3 0.7 0.5
v 3.3 0.7 0.3
v 3.4 0.7 0.3
v 3.3 0.7 -0.0999999
v 3.4 0.7 -0.0999999
v 3.2 0.7 -0.4
v 3.3 0.7 -0.4
v 3.2 0.7 -0.6
v 3.3 0.7 -0.6
v -3.4 0.7 -1.3
v -3.3 0.7 -1.3
v -3.2 0.7 -1.3
v -3.2 0.7 -1.4
v -3.3 0.7 -1.8
v -3.2 0.7 -1.8
v 2.8 0.7 -1.8
v 2.9 0.7 -1.8
v 2.9 0.8 1.8
v 3 0.8 1.8
v 3.2 0.8 0.8
v 3.3 0.8 0.8
v 3.2 0.8 0.7
v 3.3 0.8 0.7
v 3.3 0.8 0.5
v 3.4 0.8 0.5
v 3.3 0.8 0.3
v 3.4 0.8 0.3
v 3.3 0.8 -0.0999999
v 3.4 0.8 -0.0999999
v 3.3 0.8 -0.2
v 3.4 0.8 -0.2
v 3.3 0.8 -0.4
v 3.4 0.8 -0.4
v 3.2 0.8 -0.6
v 3.3 0.8 -0.6
v 3.2 0.8 -0.7
v 3.3 0.8 -0.7
v 2.9 0.8 -1.8
v 3 0.8 -1.8
v -1.7 0.9 1.9
v 0 0.9 1.9
v 0.2 0.9 1.9
v 1.6 0.9 1.9
v -1.7 0.9 1.8
v 0 0.9 1.8
v 0.2 0.9 1.8
v 1.6 0.9 1.8
v 3 0.9 1.8
v 3.1 0.9 1.8
v 3.3 0.9 0.6
v 3.4 0.9 0.6
v 3.3 0.9 0.5
v 3.4 0.9 0.5
v 3.3 0.9 -0.4
v 3.4 0.9 -0.4
v 3.3 0.9 -0.5
v 3.4 0.9 -0.5
v 3 0.9 -1.8
v 3.1 0.9 -1.8
v -3.1 1 2.1
v -3 1 2.1
v -1.9 1 2.1
v -1.8 1 2.1
v -2 1 2
v -1.9 1 2
v -3.1 1 1.9
v -3 1 1.9
v -2 1 1.9
v -1.8 1 1.9
v 3.2 1 0.9
v 3.3 1 0.9
v 3.2 1 0.8
v 3.3 1 0.8
v 3.4 1 0.8
v 3.3 1 0.7
v 3.4 1 0.7
v 3.4 1 0.3
v 3.5 1 0.3
v 3.4 1 -0.2
v 3.5 1 -0.2
v 3.3 1 -0.5
v 3.4 1 -0.5
v 3.3 1 -0.6
v 3.4 1 -0.6
v 3.2 1 -0.7
v 3.3 1 -0.7
v 3.2 1 -0.8
v 3.3 1 -0.8
v -3 1 -1.9
v -2.8 1 -1.9
v -1.9 1 -1.9
v -1.7 1 -1.9
v 1.6 1 -1.9
v 1.8 1 -1.9
v 2.7 1 -1.9
v 2.9 1 -1.9
v -2.9 1 -2
v -2.8 1 -2
v -1.9 1 -2
v -1.8 1 -2
v 1.7 1 -2
v 1.8 1 -2
v 2.7 1 -2
v 2.8 1 -2
v -3 1 -2.1
v -2.9 1 -2.1
v -1.8 1 -2.1
v -1.7 1 -2.1
v 1.6 1 -2.1
v 1.7 1 -2.1
v 2.8 1 -2.1
v 2.9 1 -2.1
v -3 1.1 2
v -2.9 1.1 2
v -3 1.1 1.9
v -2.9 1.1 1.9
v 3.1 1.1 1.6
v 3.2 1.1 1.6
v 3.2 1.1 1
v 3.3 1.1 1
v 3.2 1.1 0.9
v 3.3 1.1 0.9
v 3.2 1.1 0.8
v 3.4 1.1 0.5
v 3.5 1.1 0.5
v 3.4 1.1 0.4
v 3.5 1.1 0.4
v 3.4 1.1 0.3
v 3.5 1.1 0.3
v 3.4 1.1 -0.2
v 3.5 1.1 -0.2
v 3.4 1.1 -0.3
v 3.5 1.1 -0.3
v 3.2 1.1 -0.7
v 3.2 1.1 -0.8
v 3.2 1.1 -1.6
v 3.3 1.1 -1.6
v 3.1 1.1 -1.7
v 3.3 1.1 -1.7
v -1.4 1.1 -1.8
v -0.0999999 1.1 -1.8
v 0.3 1.1 -1.8
v 1.5 1.1 -1.8
v -1.4 1.1 -1.9
v -0.0999999 1.1 -1.9
v 0.3 1.1 -1.9
v 1.5 1.1 -1.9
v -3 1.2 2.1
v -2.9 1.2 2.1
v -2 1.2 2.1
v -1.9 1.2 2.1
v 1.7 1.2 2.1
v 1.8 1.2 2.1
v 3.1 1.2 2.1
v 3.2 1.2 2.1
v -3 1.2 2
v -2.9 1.2 2
v -2.7 1.2 2
v -2.2 1.2 2
v -2 1.2 2
v -1.9 1.2 2
v 1.8 1.2 2
v 1.9 1.2 2
v 3 1.2 2
v 3.1 1.2 2
v -2.9 1.2 1.9
v -2.7 1.2 1.9
v -2.2 1.2 1.9
v -2 1.2 1.9
v 1.7 1.2 1.9
v 1.9 1.2 1.9
v 3 1.2 1.9
v 3.2 1.2 1.9
v 3.3 1.2 0.7
v 3.4 1.2 0.7
v 3.3 1.2 0.6
v 3.4 1.2 0.6
v 3.5 1.2 0.6
v 3.4 1.2 0.5
v 3.5 1.2 0.5
v 3.4 1.2 -0.3
v 3.5 1.2 -0.3
v 3.4 1.2 -0.4
v 3.5 1.2 -0.4
v 3.3 1.2 -0.6
v 3.4 1.2 -0.6
v 3.3 1.2 -0.7
v 3.4 1.2 -0.7
v 3.2 1.2 -0.8
v 3.3 1.2 -0.8
v 3.2 1.2 -0.9
v 3.3 1.2 -0.9
v -0.0999999 1.2 -1.8
v 0 1.2 -1.8
v 0.2 1.2 -1.8
v 0.3 1.2 -1.8
v 1.5 1.2 -1.8
v 1.6 1.2 -1.8
v -2.8 1.2 -1.9
v -2.6 1.2 -1.9
v -2.1 1.2 -1.9
v -1.9 1.2 -1.9
v -0.0999999 1.2 -1.9
v 0 1.2 -1.9
v 0.2 1.2 -1.9
v 0.3 1.2 -1.9
v 1.5 1.2 -1.9
v 1.6 1.2 -1.9
v 1.8 1.2 -1.9
v 2 1.2 -1.9
v 2.5 1.2 -1.9
v 2.7 1.2 -1.9
v -2.9 1.2 -2
v -2.8 1.2 -2
v -2.6 1.2 -2
v -2.1 1.2 -2
v -1.9 1.2 -2
v -1.8 1.2 -2
v 1.7 1.2 -2
v 1.8 1.2 -2
v 2 1.2 -2
v 2.5 1.2 -2
v 2.7 1.2 -2
v 2.8 1.2 -2
v -2.9 1.2 -2.1
v -2.8 1.2 -2.1
v -1.9 1.2 -2.1
v -1.8 1.2 -2.1
v 1.7 1.2 -2.1
v 1.8 1.2 -2.1
v 2.7 1.2 -2.1
v 2.8 1.2 -2.1
v -2.9 1.3 2.1
v -2.7 1.3 2.1
v -2.2 1.3 2.1
v -2 1.3 2.1
v -2.9 1.3 2
v -2.7 1.3 2
v -2.2 1.3 2
v -2 1.3 2
v -3.4 1.3 1.9
v -3.1 1.3 1.9
v -2.7 1.3 1.9
v -2.2 1.3 1.9
v -3.3 1.3 1.8
v -3.1 1.3 1.8
v -3.4 1.3 1.6
v -3.3 1.3 1.6
v -3.4 1.3 -1.6
v -3.3 1.3 -1.6
v -3.3 1.3 -1.8
v -3.1 1.3 -1.8
v -3.4 1.3 -1.9
v -3.1 1.3 -1.9
v -2.6 1.3 -1.9
v -2.1 1.3 -1.9
v 2 1.3 -1.9
v 2.5 1.3 -1.9
v -2.8 1.3 -2
v -2.6 1.3 -2
v -2.1 1.3 -2
v -1.9 1.3 -2
v 1.8 1.3 -2
v 2 1.3 -2
v 2.5 1.3 -2
v 2.7 1.3 -2
v -2.8 1.3 -2.1
v -2.6 1.3 -2.1
v -2.1 1.3 -2.1
v -1.9 1.3 -2.1
v 1.8 1.3 -2.1
v 2 1.3 -2.1
v 2.5 1.3 -2.1
v 2.7 1.3 -2.1
v -2.7 1.4 2.1
v -2.2 1.4 2.1
v 1.8 1.4 2.1
v 1.9 1.4 2.1
v 3 1.4 2.1
v 3.1 1.4 2.1
v -2.7 1.4 2
v -2.2 1.4 2
v 1.8 1.4 2
v 1.9 1.4 2
v 2 1.4 2
v 2.9 1.4 2
v 3 1.4 2
v 3.1 1.4 2
v 1.9 1.4 1.9
v 2 1.4 1.9
v 2.9 1.4 1.9
v 3 1.4 1.9
v -2.6 1.4 -2
v -2.1 1.4 -2
v 2 1.4 -2
v 2.5 1.4 -2
v -2.6 1.4 -2.1
v -2.1 1.4 -2.1
v 2 1.4 -2.1
v 2.5 1.4 -2.1
v 1.9 1.5 2.1
v 2 1.5 2.1
v 2.9 1.5 2.1
v 3 1.5 2.1
v 1.9 1.5 2
v 2 1.5 2
v 2.2 1.5 2
v 2.7 1.5 2
v 2.9 1.5 2
v 3 1.5 2
v 2 1.5 1.9
v 2.2 1.5 1.9
v 2.7 1.5 1.9
v 2.9 1.5 1.9
v 2 1.6 2.1
v 2.2 1.6 2.1
v 2.7 1.6 2.1
v 2.9 1.6 2.1
v 2 1.6 2
v 2.2 1.6 2
v 2.7 1.6 2
v 2.9 1.6 2
v 2.2 1.6 1.9
v 2.7 1.6 1.9
v 2.2 1.7 2.1
v 2.7 1.7 2.1
v 2.2 1.7 2
v 2.7 1.7 2
v -3.4 0.8 1.3
v -3.3 0.8 1.3
v -3.4 0.8 1.2
v -3.3 0.8 1.2
v -2.9 0.9 2
v -2.8 0.9 2
v -2.1 0.9 2
v -2 0.9 2
v -2.9 0.9 1.9
v -2.8 0.9 1.9
v -2.1 0.9 1.9
v -2 0.9 1.9
v -3.4 0.9 -1.2
v -3.3 0.9 -1.2
v -3.4 0.9 -1.3
v -3.3 0.9 -1.3
v -2.8 1 2
v -2.7 1 2
v -2.2 1 2
v -2.1 1 2
v -2.8 1 1.9
v -2.7 1 1.9
v -2.2 1 1.9
v -2.1 1 1.9
v -3.4 1 1.2
v -3.3 1 1.2
v -3.4 1 1.1
v -3.3 1 1.1
v -3.4 1 -1.1
v -3.3 1 -1.1
v -3.4 1 -1.2
v -3.3 1 -1.2
v -2.8 1 -1.9
v -2.7 1 -1.9
v -2 1 -1.9
v -1.9 1 -1.9
v 1.8 1 -1.9
v 1.9 1 -1.9
v 2.6 1 -1.9
v 2.7 1 -1.9
v -2.8 1 -2
v -2.7 1 -2
v -2 1 -2
v -1.9 1 -2
v 1.8 1 -2
v 1.9 1 -2
v 2.6 1 -2
v 2.7 1 -2
v -2.7 1.1 2
v -2.2 1.1 2
v 1.9 1.1 2
v 2 1.1 2
v 2.9 1.1 2
v 3 1.1 2
v -2.7 1.1 1.9
v -2.2 1.1 1.9
v 1.9 1.1 1.9
v 2 1.1 1.9
v 2.9 1.1 1.9
v 3 1.1 1.9
v 3.3 1.1 0.8
v 3.4 1.1 0.8
v 3.3 1.1 0.7
v 3.4 1.1 0.7
v -2.7 1.1 -1.9
v -2.6 1.1 -1.9
v -2.1 1.1 -1.9
v -2 1.1 -1.9
v 1.9 1.1 -1.9
v 2 1.1 -1.9
v 2.5 1.1 -1.9
v 2.6 1.1 -1.9
v -2.7 1.1 -2
v -2.6 1.1 -2
v -2.1 1.1 -2
v -2 1.1 -2
v 1.9 1.1 -2
v 2 1.1 -2
v 2.5 1.1 -2
v 2.6 1.1 -2
v -3.1 1.2 2.1
v -3 1.2 2.1
v -1.9 1.2 2.1
v -1.8 1.2 2.1
v 2 1.2 2
v 2.1 1.2 2
v 2.8 1.2 2
v 2.9 1.2 2
v 2 1.2 1.9
v 2.1 1.2 1.9
v 2.8 1.2 1.9
v 2.9 1.2 1.9
v -3.1 1.2 1.8
v -3 1.2 1.8
v -1.9 1.2 1.8
v -1.8 1.2 1.8
v 3.2 1.2 -1.6
v 3.3 1.2 -1.6
v 3.2 1.2 -1.7
v 3.3 1.2 -1.7
v -3 1.2 -1.8
v -2.9 1.2 -1.8
v -1.8 1.2 -1.8
v -1.7 1.2 -1.8
v 1.6 1.2 -1.8
v 1.7 1.2 -1.8
v 2.8 1.2 -1.8
v 2.9 1.2 -1.8
v -2.6 1.2 -1.9
v -2.1 1.2 -1.9
v 1.6 1.2 -1.9
v 2 1.2 -1.9
v 2.5 1.2 -1.9
v -2.6 1.2 -2
v -2.1 1.2 -2
v 2 1.2 -2
v 2.5 1.2 -2
v -3 1.2 -2.1
v -2.9 1.2 -2.1
v -1.8 1.2 -2.1
v -1.7 1.2 -2.1
v 1.6 1.2 -2.1
v 1.7 1.2 -2.1
v 2.8 1.2 -2.1
v 2.9 1.2 -2.1
v -3 1.3 2.1
v -2.9 1.3 2.1
v -2 1.3 2.1
v -1.9 1.3 2.1
v 2.1 1.3 2
v 2.2 1.3 2
v 2.7 1.3 2
v 2.8 1.3 2
v 2.1 1.3 1.9
v 2.2 1.3 1.9
v 2.7 1.3 1.9
v 2.8 1.3 1.9
v -3 1.3 1.8
v -2.9 1.3 1.8
v -2 1.3 1.8
v -1.9 1.3 1.8
v -2.9 1.3 -1.8
v -2.8 1.3 -1.8
v -1.9 1.3 -1.8
v -1.8 1.3 -1.8
v 1.7 1.3 -1.8
v 1.8 1.3 -1.8
v 2.7 1.3 -1.8
v 2.8 1.3 -1.8
v -2.9 1.3 -2.1
v -2.8 1.3 -2.1
v -1.9 1.3 -2.1
v -1.8 1.3 -2.1
v 1.7 1.3 -2.1
v 1.8 1.3 -2.1
v 2.7 1.3 -2.1
v 2.8 1.3 -2.1
v -2.9 1.4 2.1
v -2.7 1.4 2.1
v -2.2 1.4 2.1
v -2 1.4 2.1
v 1.7 1.4 2.1
v 1.8 1.4 2.1
v 3.1 1.4 2.1
v 3.2 1.4 2.1
v 2.2 1.4 2
v 2.7 1.4 2
v 2.2 1.4 1.9
v 2.7 1.4 1.9
v -2.9 1.4 1.8
v -2.7 1.4 1.8
v -2.2 1.4 1.8
v -2 1.4 1.8
v 1.7 1.4 1.8
v 1.8 1.4 1.8
v 3.1 1.4 1.8
v 3.2 1.4 1.8
v -3.4 1.4 1.1
v -3.3 1.4 1.1
v -3.4 1.4 1
v -3.3 1.4 1
v -2.8 1.4 -1.8
v -2.6 1.4 -1.8
v -2.1 1.4 -1.8
v -1.9 1.4 -1.8
v 1.8 1.4 -1.8
v 2 1.4 -1.8
v 2.5 1.4 -1.8
v 2.7 1.4 -1.8
v -2.8 1.4 -2.1
v -2.6 1.4 -2.1
v -2.1 1.4 -2.1
v -1.9 1.4 -2.1
v 1.8 1.4 -2.1
v 2 1.4 -2.1
v 2.5 1.4 -2.1
v 2.7 1.4 -2.1
v -2.7 1.5 2.1
v -2.2 1.5 2.1
v 1.8 1.5 2.1
v 1.9 1.5 2.1
v 3 1.5 2.1
v 3.1 1.5 2.1
v -2.7 1.5 1.8
v -2.2 1.5 1.8
v 1.8 1.5 1.8
v 1.9 1.5 1.8
v 3 1.5 1.8
v 3.1 1.5 1.8
v -2.6 1.5 -1.8
v -2.1 1.5 -1.8
v 2 1.5 -1.8
v 2.5 1.5 -1.8
v -2.6 1.5 -2.1
v -2.1 1.5 -2.1
v 2 1.5 -2.1
v 2.5 1.5 -2.1
v 1.9 1.6 2.1
v 2 1.6 2.1
v 2.9 1.6 2.1
v 3 1.6 2.1
v 1.9 1.6 1.8
v 2 1.6 1.8
v 2.9 1.6 1.8
v 3 1.6 1.8
v -3.4 1.6 -1
v -3.3 1.6 -1
v -3.4 1.6 -1.1
v -3.3 1.6 -1.1
v 2 1.7 2.1
v 2.2 1.7 2.1
v 2.7 1.7 2.1
v 2.9 1.7 2.1
v 2 1.7 1.8
v 2.2 1.7 1.8
v 2.7 1.7 1.8
v 2.9 1.7 1.8
v 3.2 1.7 1
v 3.3 1.7 1
v 3.2 1.7 0.9
v 3.3 1.7 0.9
v 3.3 1.7 0.7
v 3.4 1.7 0.7
v 3.3 1.7 0.6
v 3.4 1.7 0.6
v 3.5 1.7 0.6
v 3.4 1.7 0.5
v 3.5 1.7 0.5
v 3.4 1.7 -0.3
v 3.5 1.7 -0.3
v 3.4 1.7 -0.4
v 3.5 1.7 -0.4
v 3.3 1.7 -0.6
v 3.4 1.7 -0.6
v 3.3 1.7 -0.7
v 3.4 1.7 -0.7
v 3.2 1.7 -0.8
v 3.3 1.7 -0.8
v 3.2 1.7 -0.9
v 3.3 1.7 -0.9
v 2.2 1.8 2.1
v 2.7 1.8 2.1
v -3.4 1.8 1.9
v -3.1 1.8 1.9
v -3.3 1.8 1.8
v -3.1 1.8 1.8
v 2.2 1.8 1.8
v 2.7 1.8 1.8
v -3.4 1.8 1.6
v -3.3 1.8 1.6
v -3.4 1.8 1
v -3.3 1.8 1
v -3.4 1.8 0.9
v -3.3 1.8 0.9
v 3.4 1.8 0.5
v 3.5 1.8 0.5
v 3.4 1.8 0.4
v 3.5 1.8 0.4
v 3.4 1.8 -0.2
v 3.5 1.8 -0.2
v 3.4 1.8 -0.3
v 3.5 1.8 -0.3
v -3.4 1.8 -1.6
v -3.3 1.8 -1.6
v -3.3 1.8 -1.8
v -3.1 1.8 -1.8
v -3.4 1.8 -1.9
v -3.1 1.8 -1.9
v 3.2 1.9 0.9
v 3.3 1.9 0.9
v 3.2 1.9 0.8
v 3.3 1.9 0.8
v 3.3 1.9 0.6
v 3.4 1.9 0.6
v 3.3 1.9 0.5
v 3.4 1.9 0.5
v 3.4 1.9 0.4
v 3.5 1.9 0.4
v 3.4 1.9 0.3
v 3.5 1.9 0.3
v 3.4 1.9 -0.2
v 3.5 1.9 -0.2
v 3.3 1.9 -0.5
v 3.4 1.9 -0.5
v 3.3 1.9 -0.6
v 3.4 1.9 -0.6
v 3.3 2 0.5
v 3.4 2 0.5
v 3.3 2 0.3
v 3.4 2 0.3
v 3.3 2 -0.4
v 3.4 2 -0.4
v 3.3 2 -0.5
v 3.4 2 -0.5
v 3.2 2 -0.7
v 3.3 2 -0.7
v 3.2 2 -0.8
v 3.3 2 -0.8
v -3.3 2 -1.7
v -3 2 -1.7
v -3.3 2 -1.8
v -3 2 -1.8
v -3.3 2.1 1.8
v -3.1 2.1 1.8
v -3.2 2.1 1.7
v -3.1 2.1 1.7
v -3.3 2.1 1
v -3.2 2.1 1
v -3.4 2.1 0.9
v -3.3 2.1 0.9
v 3.2 2.1 0.8
v 3.3 2.1 0.8
v 3.2 2.1 0.7
v 3.3 2.1 0.7
v 3.3 2.1 -0.2
v 3.4 2.1 -0.2
v 3.3 2.1 -0.4
v 3.4 2.1 -0.4
v 3.2 2.1 -0.6
v 3.3 2.1 -0.6
v 3.2 2.1 -0.7
v 3.3 2.1 -0.7
v -3.4 2.1 -1
v -3.3 2.1 -1
v -3.2 2.1 -1
v -3.2 2.1 -1.6
v -3.1 2.1 -1.6
v -3.3 2.1 -1.7
v -3.1 2.1 -1.7
v -3 2.1 -1.7
v -2.9 2.1 -1.7
v -3 2.1 -1.8
v -2.9 2.1 -1.8
v -0.0999999 2.1 -1.8
v 0 2.1 -1.8
v -0.0999999 2.1 -1.9
v 0 2.1 -1.9
v -3.1 2.2 1.8
v -3 2.2 1.8
v 3 2.2 1.8
v 3.1 2.2 1.8
v -3.2 2.2 1.7
v -3.1 2.2 1.7
v -3 2.2 1.7
v 3 2.2 1.6
v 3.1 2.2 1.6
v 3.2 2.2 1.6
v 3.1 2.2 1.3
v 3.2 2.2 1.3
v -3.3 2.2 1
v -3.2 2.2 1
v -3.2 2.2 0.9
v -3.1 2.2 0.9
v 3.2 2.2 0.7
v 3.3 2.2 0.7
v 3.2 2.2 0.5
v 3.3 2.2 0.5
v 3.3 2.2 0.3
v 3.4 2.2 0.3
v 3.3 2.2 -0.2
v 3.4 2.2 -0.2
v 3.2 2.2 -0.4
v 3.3 2.2 -0.4
v 3.2 2.2 -0.6
v 3.3 2.2 -0.6
v -3.3 2.2 -1
v -3.2 2.2 -1
v -3.1 2.2 -1
v 3.1 2.2 -1.3
v 3.2 2.2 -1.3
v -3.2 2.2 -1.6
v -3.1 2.2 -1.6
v -3 2.2 -1.6
v -3.1 2.2 -1.7
v -3 2.2 -1.7
v -2.9 2.2 -1.7
v -2.8 2.2 -1.7
v 3 2.2 -1.7
v 3.1 2.2 -1.7
v 3.2 2.2 -1.7
v -2.9 2.2 -1.8
v -2.8 2.2 -1.8
v 3 2.2 -1.8
v 3.1 2.2 -1.8
v -1.7 2.3 1.9
v -1.6 2.3 1.9
v -3 2.3 1.8
v -2.9 2.3 1.8
v -1.7 2.3 1.8
v -1.6 2.3 1.8
v 2.9 2.3 1.8
v 3 2.3 1.8
v -3.1 2.3 1.7
v -3 2.3 1.7
v -2.9 2.3 1.7
v 2.9 2.3 1.6
v 3 2.3 1.6
v 3.1 2.3 1.6
v 3 2.3 1.4
v 3.1 2.3 1.4
v 3.1 2.3 1.3
v 3.2 2.3 1.3
v 3.1 2.3 1.2
v 3.2 2.3 1.2
v -3.2 2.3 0.9
v -3.1 2.3 0.9
v -3 2.3 0.9
v 3.2 2.3 0.5
v 3.3 2.3 0.5
v 3.2 2.3 0.3
v 3.3 2.3 0.3
v 3.2 2.3 -0.2
v 3.3 2.3 -0.2
v 3.2 2.3 -0.4
v 3.3 2.3 -0.4
v -3.2 2.3 -1
v -3.1 2.3 -1
v -3 2.3 -1
v 3.1 2.3 -1.2
v 3.2 2.3 -1.2
v 3.1 2.3 -1.3
v 3.2 2.3 -1.3
v 3 2.3 -1.4
v 3.1 2.3 -1.4
v -3.1 2.3 -1.6
v -3 2.3 -1.6
v -2.9 2.3 -1.6
v -3 2.3 -1.7
v -2.9 2.3 -1.7
v -2.8 2.3 -1.7
v -2.7 2.3 -1.7
v 2.9 2.3 -1.7
v 3 2.3 -1.7
v 3.1 2.3 -1.7
v -2.8 2.3 -1.8
v -2.7 2.3 -1.8
v 2.9 2.3 -1.8
v 3 2.3 -1.8
v 1.5 2.4 1.9
v 1.6 2.4 1.9
v -2.9 2.4 1.8
v -1.8 2.4 1.8
v 1.5 2.4 1.8
v 1.6 2.4 1.8
v 2.9 2.4 1.8
v -3 2.4 1.7
v -2.9 2.4 1.7
v -1.8 2.4 1.7
v 1.6 2.4 1.7
v 2.8 2.4 1.7
v 2.8 2.4 1.6
v 2.9 2.4 1.6
v 3 2.4 1.4
v 3.1 2.4 1.4
v 3 2.4 1.3
v 3.1 2.4 1.3
v 3.1 2.4 1.2
v 3.2 2.4 1.2
v 3.1 2.4 1.1
v 3.2 2.4 1.1
v -3.1 2.4 0.9
v -3 2.4 0.9
v -2.9 2.4 0.9
v 3.2 2.4 0.3
v 3.3 2.4 0.3
v 3.2 2.4 -0.2
v 3.3 2.4 -0.2
v -3.1 2.4 -1
v -3 2.4 -1
v -2.9 2.4 -1
v 3.1 2.4 -1.1
v 3.2 2.4 -1.1
v 3.1 2.4 -1.2
v 3.2 2.4 -1.2
v 3 2.4 -1.3
v 3.1 2.4 -1.3
v 3 2.4 -1.4
v 3.1 2.4 -1.4
v -3 2.4 -1.6
v -2.9 2.4 -1.6
v -2.7 2.4 -1.7
v -1.8 2.4 -1.7
v 1.6 2.4 -1.7
v 2.8 2.4 -1.7
v 2.9 2.4 -1.7
v -2.7 2.4 -1.8
v -1.8 2.4 -1.8
v 0.2 2.4 -1.8
v 0.3 2.4 -1.8
v 1.5 2.4 -1.8
v 1.6 2.4 -1.8
v 2.9 2.4 -1.8
v 0.2 2.4 -1.9
v 0.3 2.4 -1.9
v 1.5 2.4 -1.9
v 1.6 2.4 -1.9
v -0.0999999 2.5 1.9
v 0 2.5 1.9
v 1.4 2.5 1.9
v 1.5 2.5 1.9
v -0.0999999 2.5 1.8
v 0 2.5 1.8
v 1.4 2.5 1.8
v 1.5 2.5 1.8
v -2.9 2.5 1.7
v -1.8 2.5 1.7
v 1.7 2.5 1.7
v 2.8 2.5 1.7
v 1.7 2.5 1.6
v 1.8 2.5 1.6
v 2.8 2.5 1.6
v 3 2.5 1.6
v 2.8 2.5 1.5
v 2.9 2.5 1.5
v 2.9 2.5 1.4
v 3 2.5 1.4
v 3 2.5 1.3
v 3.1 2.5 1.3
v 3 2.5 1.2
v 3.1 2.5 1.2
v 3.1 2.5 1.1
v 3.2 2.5 1.1
v -2.4 2.5 1
v -1.8 2.5 1
v -3 2.5 0.9
v -2.9 2.5 0.9
v -2.4 2.5 0.9
v -3 2.5 -1
v -2.9 2.5 -1
v -2.3 2.5 -1
v -2.3 2.5 -1.1
v -1.8 2.5 -1.1
v 3.1 2.5 -1.1
v 3.2 2.5 -1.1
v 3 2.5 -1.2
v 3.1 2.5 -1.2
v 3 2.5 -1.3
v 3.1 2.5 -1.3
v 2.9 2.5 -1.4
v 3 2.5 -1.4
v 2.8 2.5 -1.6
v 2.9 2.5 -1.6
v -2.9 2.5 -1.7
v -1.8 2.5 -1.7
v 2.8 2.5 -1.7
v 3 2.5 -1.7
v -0.3 2.6 1.9
v -0.0999999 2.6 1.9
v -0.3 2.6 1.8
v -0.0999999 2.6 1.8
v 1.8 2.6 1.6
v 2.8 2.6 1.6
v 1.8 2.6 1.5
v 2.8 2.6 1.5
v 2.9 2.6 1.5
v 2.8 2.6 1.4
v 2.9 2.6 1.4
v 3 2.6 1.4
v 2.9 2.6 1.3
v 3 2.6 1.3
v 3 2.6 1.2
v 3.1 2.6 1.2
v -2.4 2.6 1
v -1.8 2.6 1
v -2.9 2.6 0.9
v -2.4 2.6 0.9
v -2.9 2.6 -1
v -2.3 2.6 -1
v -2.3 2.6 -1.1
v -1.8 2.6 -1.1
v 3 2.6 -1.2
v 3.1 2.6 -1.2
v 2.9 2.6 -1.3
v 3 2.6 -1.3
v 2.8 2.6 -1.4
v 2.9 2.6 -1.4
v 3 2.6 -1.4
v 1.8 2.6 -1.6
v 2.8 2.6 -1.6
v 2.9 2.6 -1.6
v 1.8 2.6 -1.7
v 2.8 2.6 -1.7
v -0.4 2.7 1.9
v -0.3 2.7 1.9
v -0.4 2.7 1.8
v -0.3 2.7 1.8
v 1.8 2.7 1.5
v 2.8 2.7 1.5
v 1.8 2.7 1.4
v 2.8 2.7 1.4
v 2.9 2.7 1.4
v 2.8 2.7 1.3
v 2.9 2.7 1.3
v 3 2.7 1.3
v 2.8 2.7 -1.3
v 2.9 2.7 -1.3
v 3 2.7 -1.3
v 2.8 2.7 -1.4
v 2.9 2.7 -1.4
v 1.8 2.7 -1.5
v 2.8 2.7 -1.5
v 1.8 2.7 -1.6
v 2.8 2.7 -1.6
v 1.8 2.8 1.4
v 2.8 2.8 1.4
v 1.8 2.8 1.3
v 2.8 2.8 1.3
v 2.9 2.8 1.3
v 2.8 2.8 -1.3
v 2.9 2.8 -1.3
v 1.8 2.8 -1.4
v 2.8 2.8 -1.4
v 1.8 2.8 -1.5
v 2.8 2.8 -1.5
v 1.8 2.9 1.3
v 2.8 2.9 1.3
v 1.8 2.9 -1.4
v 2.8 2.9 -1.4
v -0.2 2.9 -1.8
v -0.0999999 2.9 -1.8
v -0.2 2.9 -1.9
v -0.0999999 2.9 -1.9
v -1.6 3.1 1.9
v -1.5 3.1 1.9
v 1.3 3.1 1.9
v 1.4 3.1 1.9
v -1.6 3.1 1.8
v -1.5 3.1 1.8
v 1.3 3.1 1.8
v 1.4 3.1 1.8
v -1.4 3.1 -1.8
v -1.3 3.1 -1.8
v 1.4 3.1 -1.8
v 1.5 3.1 -1.8
v -1.4 3.1 -1.9
v -1.3 3.1 -1.9
v 1.4 3.1 -1.9
v 1.5 3.1 -1.9
v 0.2 3.7 1.9
v 0.3 3.7 1.9
v 1.2 3.7 1.9
v 1.3 3.7 1.9
v 0.2 3.7 1.8
v 0.3 3.7 1.8
v 1.2 3.7 1.8
v 1.3 3.7 1.8
v -1.3 3.7 -1.8
v -1.2 3.7 -1.8
v -0.3 3.7 -1.8
v -0.2 3.7 -1.8
v 0.3 3.7 -1.8
v 0.4 3.7 -1.8
v 1.3 3.7 -1.8
v 1.4 3.7 -1.8
v -1.3 3.7 -1.9
v -1.2 3.7 -1.9
v -0.3 3.7 -1.9
v -0.2 3.7 -1.9
v 0.3 3.7 -1.9
v 0.4 3.7 -1.9
v 1.3 3.7 -1.9
v 1.4 3.7 -1.9
v -1.5 3.8 1.9
v -1.4 3.8 1.9
v -0.5 3.8 1.9
v -0.4 3.8 1.9
v 0.3 3.8 1.9
v 1.2 3.8 1.9
v -1.5 3.8 1.8
v -1.4 3.8 1.8
v -0.5 3.8 1.8
v -0.4 3.8 1.8
v 0.3 3.8 1.8
v 1.2 3.8 1.8
v -1.2 3.8 -1.8
v -0.3 3.8 -1.8
v 0.4 3.8 -1.8
v 1.3 3.8 -1.8
v -1.2 3.8 -1.9
v -0.3 3.8 -1.9
v 0.4 3.8 -1.9
v 1.3 3.8 -1.9
v -1.4 3.9 1.9
v -0.5 3.9 1.9
v -1.8 3.9 1.8
v -1.7 3.9 1.8
v -1.4 3.9 1.8
v -0.5 3.9 1.8
v 1.6 3.9 1.7
v 1.7 3.9 1.7
v 1.7 3.9 1.6
v 1.8 3.9 1.6
v 1.6 3.9 -1.7
v 1.8 3.9 -1.7
v -1.8 3.9 -1.8
v -1.7 3.9 -1.8
v -1.7 4 1.8
v 1.6 4 1.8
v -1.7 4 -1.8
v 1.6 4 -1.8

# faces
f 3/7/1 2/7/1 1/7/1
f 4/7/1 2/7/1 3/7/1
f 5/7/1 2/7/1 4/7/1
f 6/7/1 2/7/1 5/7/1
f 7/7/1 5/7/1 4/7/1
f 8/7/1 5/7/1 7/7/1
f 9/7/1 5/7/1 8/7/1
f 10/7/1 5/7/1 9/7/1
f 11/7/1 9/7/1 8/7/1
f 12/7/1 9/7/1 11/7/1
f 17/8/1 12/8/1 11/8/1
f 18/8/1 12/8/1 17/8/1
f 19/8/1 12/8/1 18/8/1
f 20/8/1 12/8/1 19/8/1
f 21/6/1 14/6/1 13/6/1
f 22/6/1 14/6/1 21/6/1
f 23/8/1 19/8/1 18/8/1
f 24/8/1 19/8/1 23/8/1
f 25/6/1 16/6/1 15/6/1
f 26/6/1 16/6/1 25/6/1
f 27/8/1 19/8/1 24/8/1
f 28/8/1 19/8/1 27/8/1
f 33/4/1 30/4/1 29/4/1
f 36/4/1 32/4/1 31/4/1
f 37/4/1 34/4/1 33/4/1
f 40/4/1 36/4/1 35/4/1
f 41/4/1 38/4/1 37/4/1
f 42/4/1 40/4/1 39/4/1
f 43/4/1 41/4/1 37/4/1
f 43/4/1 33/4/1 29/4/1
f 43/4/1 37/4/1 33/4/1
f 44/4/1 41/4/1 43/4/1
f 45/4/1 40/4/1 42/4/1
f 45/4/1 32/4/1 36/4/1
f 45/4/1 36/4/1 40/4/1
f 46/4/1 32/4/1 45/4/1
f 47/4/1 41/4/1 44/4/1
f 50/4/1 45/4/1 42/4/1
f 52/4/1 48/4/1 47/4/1
f 52/4/1 47/4/1 44/4/1
f 53/4/1 48/4/1 52/4/1
f 55/4/1 50/4/1 49/4/1
f 55/4/1 45/4/1 50/4/1
f 57/4/1 56/4/1 55/4/1
f 58/4/1 56/4/1 57/4/1
f 59/4/1 54/4/1 53/4/1
f 59/4/1 53/4/1 52/4/1
f 59/4/1 52/4/1 51/4/1
f 60/4/1 54/4/1 59/4/1
f 61/4/1 54/4/1 60/4/1
f 62/4/1 57/4/1 55/4/1
f 62/4/1 55/4/1 49/4/1
f 63/4/1 57/4/1 62/4/1
f 64/8/1 61/8/1 60/8/1
f 64/8/1 62/8/1 61/8/1
f 65/8/1 62/8/1 64/8/1
f 70/4/1 67/4/1 66/4/1
f 71/7/1 68/7/1 67/7/1
f 71/4/1 67/4/1 70/4/1
f 72/7/1 68/7/1 71/7/1
f 73/7/1 68/7/1 72/7/1
f 74/4/1 69/4/1 68/4/1
f 74/7/1 68/7/1 73/7/1
f 75/4/1 69/4/1 74/4/1
f 80/4/1 77/4/1 76/4/1
f 81/4/1 77/4/1 80/4/1
f 83/4/1 79/4/1 78/4/1
f 84/4/1 79/4/1 83/4/1
f 85/8/1 83/8/1 82/8/1
f 86/8/1 83/8/1 85/8/1
f 89/7/1 88/7/1 87/7/1
f 91/7/1 89/7/1 87/7/1
f 92/7/1 89/7/1 91/7/1
f 93/4/1 91/4/1 90/4/1
f 93/4/1 92/4/1 91/4/1
f 94/4/1 92/4/1 93/4/1
f 99/4/1 96/4/1 95/4/1
f 100/4/1 96/4/1 99/4/1
f 103/4/1 98/4/1 97/4/1
f 104/4/1 98/4/1 103/4/1
f 105/4/1 101/4/1 100/4/1
f 106/4/1 101/4/1 105/4/1
f 107/4/1 103/4/1 102/4/1
f 108/4/1 103/4/1 107/4/1
f 109/8/1 107/8/1 106/8/1
f 110/8/1 107/8/1 109/8/1
f 113/7/1 112/7/1 111/7/1
f 114/7/1 112/7/1 113/7/1
f 117/7/1 116/7/1 115/7/1
f 118/7/1 116/7/1 117/7/1
f 119/7/1 116/7/1 118/7/1
f 123/4/1 119/4/1 118/4/1
f 123/4/1 120/4/1 119/4/1
f 124/4/1 120/4/1 123/4/1
f 125/4/1 122/4/1 121/4/1
f 126/4/1 122/4/1 125/4/1
f 129/4/1 128/4/1 127/4/1
f 130/4/1 128/4/1 129/4/1
f 135/4/1 132/4/1 131/4/1
f 136/4/1 132/4/1 135/4/1
f 139/4/1 134/4/1 133/4/1
f 140/4/1 134/4/1 139/4/1
f 141/4/1 137/4/1 136/4/1
f 142/4/1 137/4/1 141/4/1
f 143/4/1 139/4/1 138/4/1
f 144/4/1 139/4/1 143/4/1
f 145/8/1 143/8/1 142/8/1
f 146/8/1 143/8/1 145/8/1
f 149/7/1 148/7/1 147/7/1
f 150/7/1 148/7/1 149/7/1
f 155/7/1 152/7/1 151/7/1
f 156/7/1 152/7/1 155/7/1
f 157/2/1 154/2/1 153/2/1
f 158/2/1 154/2/1 157/2/1
f 163/4/1 160/4/1 159/4/1
f 164/4/1 160/4/1 163/4/1
f 165/4/1 162/4/1 161/4/1
f 166/4/1 162/4/1 165/4/1
f 169/4/1 168/4/1 167/4/1
f 170/4/1 168/4/1 169/4/1
f 175/4/1 172/4/1 171/4/1
f 176/4/1 172/4/1 175/4/1
f 179/4/1 174/4/1 173/4/1
f 180/4/1 177/4/1 176/4/1
f 181/4/1 177/4/1 180/4/1
f 182/4/1 179/4/1 178/4/1
f 183/4/1 174/4/1 179/4/1
f 183/4/1 179/4/1 182/4/1
f 184/8/1 182/8/1 181/8/1
f 185/8/1 182/8/1 184/8/1
f 190/7/1 187/7/1 186/7/1
f 191/7/1 187/7/1 190/7/1
f 192/2/1 189/2/1 188/2/1
f 193/2/1 189/2/1 192/2/1
f 198/2/1 197/2/1 196/2/1
f 199/2/1 197/2/1 198/2/1
f 200/2/1 195/2/1 194/2/1
f 201/2/1 195/2/1 200/2/1
f 204/4/1 203/4/1 202/4/1
f 205/4/1 203/4/1 204/4/1
f 208/4/1 207/4/1 206/4/1
f 209/4/1 207/4/1 208/4/1
f 213/7/1 211/7/1 210/7/1
f 214/7/1 211/7/1 213/7/1
f 215/2/1 213/2/1 212/2/1
f 216/2/1 213/2/1 215/2/1
f 219/2/1 218/2/1 217/2/1
f 220/2/1 218/2/1 219/2/1
f 225/2/1 222/2/1 221/2/1
f 226/2/1 222/2/1 225/2/1
f 227/2/1 224/2/1 223/2/1
f 228/2/1 224/2/1 227/2/1
f 231/4/1 230/4/1 229/4/1
f 232/4/1 230/4/1 231/4/1
f 235/4/1 234/4/1 233/4/1
f 236/4/1 234/4/1 235/4/1
f 239/7/1 238/7/1 237/7/1
f 240/7/1 238/7/1 239/7/1
f 243/2/1 242/2/1 241/2/1
f 244/2/1 242/2/1 243/2/1
f 247/2/1 246/2/1 245/2/1
f 248/2/1 246/2/1 247/2/1
f 251/4/1 250/4/1 249/4/1
f 252/4/1 250/4/1 251/4/1
f 255/8/1 254/8/1 253/8/1
f 256/8/1 254/8/1 255/8/1
f 259/8/1 258/8/1 257/8/1
f 260/8/1 258/8/1 259/8/1
f 264/4/1 262/4/1 261/4/1
f 265/4/1 262/4/1 264/4/1
f 266/4/1 264/4/1 263/4/1
f 267/4/1 264/4/1 266/4/1
f 270/4/1 269/4/1 268/4/1
f 271/4/1 269/4/1 270/4/1
f 273/4/1 272/4/1 271/4/1
f 274/4/1 272/4/1 273/4/1
f 278/4/1 276/4/1 275/4/1
f 279/4/1 276/4/1 278/4/1
f 280/4/1 278/4/1 277/4/1
f 281/4/1 278/4/1 280/4/1
f 286/4/1 283/4/1 282/4/1
f 287/4/1 283/4/1 286/4/1
f 288/4/1 285/4/1 284/4/1
f 289/4/1 285/4/1 288/4/1
f 291/4/1 290/4/1 289/4/1
f 292/4/1 290/4/1 291/4/1
f 295/4/1 294/4/1 293/4/1
f 296/4/1 294/4/1 295/4/1
f 301/4/1 298/4/1 297/4/1
f 302/4/1 298/4/1 301/4/1
f 305/4/1 300/4/1 299/4/1
f 306/4/1 300/4/1 305/4/1
f 307/5/1 303/5/1 302/5/1
f 307/5/1 302/5/1 301/5/1
f 308/5/1 306/5/1 305/5/1
f 308/5/1 305/5/1 304/5/1
f 309/5/1 307/5/1 301/5/1
f 309/5/1 308/5/1 307/5/1
f 310/5/1 306/5/1 308/5/1
f 310/5/1 308/5/1 309/5/1
f 313/3/1 312/3/1 311/3/1
f 314/3/1 312/3/1 313/3/1
f 317/4/1 316/4/1 315/4/1
f 318/4/1 316/4/1 317/4/1
f 321/3/1 320/3/1 319/3/1
f 322/3/1 320/3/1 321/3/1
f 325/3/1 324/3/1 323/3/1
f 326/3/1 324/3/1 325/3/1
f 329/3/1 328/3/1 327/3/1
f 330/3/1 328/3/1 329/3/1
f 333/3/1 332/3/1 331/3/1
f 334/3/1 332/3/1 333/3/1
f 337/3/1 336/3/1 335/3/1
f 338/3/1 336/3/1 337/3/1
f 341/3/1 340/3/1 339/3/1
f 342/3/1 340/3/1 341/3/1
f 347/3/1 346/3/1 345/3/1
f 348/3/1 346/3/1 347/3/1
f 349/3/1 344/3/1 343/3/1
f 350/3/1 344/3/1 349/3/1
f 353/3/1 352/3/1 351/3/1
f 354/3/1 352/3/1 353/3/1
f 359/3/1 356/3/1 355/3/1
f 360/3/1 356/3/1 359/3/1
f 361/3/1 358/3/1 357/3/1
f 362/3/1 358/3/1 361/3/1
f 365/3/1 364/3/1 363/3/1
f 366/3/1 364/3/1 365/3/1
f 369/7/1 368/7/1 367/7/1
f 370/7/1 368/7/1 369/7/1
f 371/7/1 368/7/1 370/7/1
f 373/4/1 371/4/1 370/4/1
f 373/4/1 372/4/1 371/4/1
f 374/4/1 372/4/1 373/4/1
f 375/4/1 372/4/1 374/4/1
f 378/7/1 377/7/1 376/7/1
f 379/7/1 377/7/1 378/7/1
f 383/7/1 381/7/1 380/7/1
f 384/7/1 381/7/1 383/7/1
f 387/4/1 386/4/1 385/4/1
f 388/4/1 386/4/1 387/4/1
f 389/4/1 384/4/1 383/4/1
f 389/4/1 383/4/1 382/4/1
f 390/4/1 384/4/1 389/4/1
f 393/7/1 392/7/1 391/7/1
f 394/7/1 392/7/1 393/7/1
f 399/7/1 396/7/1 395/7/1
f 400/7/1 399/7/1 395/7/1
f 401/7/1 399/7/1 400/7/1
f 402/2/1 398/2/1 397/2/1
f 403/2/1 398/2/1 402/2/1
f 408/4/1 405/4/1 404/4/1
f 409/4/1 405/4/1 408/4/1
f 410/4/1 407/4/1 406/4/1
f 411/4/1 407/4/1 410/4/1
f 416/7/1 413/7/1 412/7/1
f 417/7/1 413/7/1 416/7/1
f 418/2/1 415/2/1 414/2/1
f 419/2/1 415/2/1 418/2/1
f 424/2/1 421/2/1 420/2/1
f 425/2/1 421/2/1 424/2/1
f 426/2/1 423/2/1 422/2/1
f 427/2/1 423/2/1 426/2/1
f 430/4/1 429/4/1 428/4/1
f 431/4/1 429/4/1 430/4/1
f 434/7/1 433/7/1 432/7/1
f 435/7/1 433/7/1 434/7/1
f 440/7/1 437/7/1 436/7/1
f 441/7/1 437/7/1 440/7/1
f 442/2/1 439/2/1 438/2/1
f 443/2/1 439/2/1 442/2/1
f 446/2/1 445/2/1 444/2/1
f 447/2/1 445/2/1 446/2/1
f 452/2/1 449/2/1 448/2/1
f 453/2/1 449/2/1 452/2/1
f 454/2/1 451/2/1 450/2/1
f 455/2/1 451/2/1 454/2/1
f 458/4/1 457/4/1 456/4/1
f 459/4/1 457/4/1 458/4/1
f 462/4/1 461/4/1 460/4/1
f 463/4/1 461/4/1 462/4/1
f 466/2/1 465/2/1 464/2/1
f 467/2/1 465/2/1 466/2/1
f 470/2/1 469/2/1 468/2/1
f 471/2/1 469/2/1 470/2/1
f 475/7/1 473/7/1 472/7/1
f 476/7/1 473/7/1 475/7/1
f 477/2/1 475/2/1 474/2/1
f 478/2/1 475/2/1 477/2/1
f 481/2/1 480/2/1 479/2/1
f 482/2/1 480/2/1 481/2/1
f 485/4/1 484/4/1 483/4/1
f 486/4/1 484/4/1 485/4/1
f 489/4/1 488/4/1 487/4/1
f 490/4/1 488/4/1 489/4/1
f 492/4/1 491/4/1 490/4/1
f 493/4/1 491/4/1 492/4/1
f 496/4/1 495/4/1 494/4/1
f 497/4/1 495/4/1 496/4/1
f 499/4/1 498/4/1 497/4/1
f 500/4/1 498/4/1 499/4/1
f 504/4/1 502/4/1 501/4/1
f 505/4/1 502/4/1 504/4/1
f 506/4/1 504/4/1 503/4/1
f 507/4/1 504/4/1 506/4/1
f 510/4/1 509/4/1 508/4/1
f 511/4/1 509/4/1 510/4/1
f 515/4/1 513/4/1 512/4/1
f 516/4/1 513/4/1 515/4/1
f 517/4/1 515/4/1 514/4/1
f 518/4/1 515/4/1 517/4/1
f 522/4/1 520/4/1 519/4/1
f 523/4/1 520/4/1 522/4/1
f 524/4/1 522/4/1 521/4/1
f 525/4/1 522/4/1 524/4/1
f 528/4/1 527/4/1 526/4/1
f 529/4/1 527/4/1 528/4/1
f 533/1/1 531/1/1 530/1/1
f 534/1/1 531/1/1 533/1/1
f 538/1/1 533/1/1 532/1/1
f 539/8/1 534/8/1 533/8/1
f 539/8/1 535/8/1 534/8/1
f 539/1/1 533/1/1 538/1/1
f 540/1/1 536/1/1 535/1/1
f 540/8/1 535/8/1 539/8/1
f 541/1/1 536/1/1 540/1/1
f 544/1/1 538/1/1 537/1/1
f 545/8/1 539/8/1 538/8/1
f 545/8/1 540/8/1 539/8/1
f 545/1/1 538/1/1 544/1/1
f 545/8/1 541/8/1 540/8/1
f 546/1/1 542/1/1 541/1/1
f 546/8/1 541/8/1 545/8/1
f 547/1/1 542/1/1 546/1/1
f 550/1/1 544/1/1 543/1/1
f 551/8/1 545/8/1 544/8/1
f 551/8/1 546/8/1 545/8/1
f 551/1/1 544/1/1 550/1/1
f 551/8/1 547/8/1 546/8/1
f 552/1/1 548/1/1 547/1/1
f 552/8/1 547/8/1 551/8/1
f 553/1/1 548/1/1 552/1/1
f 555/1/1 550/1/1 549/1/1
f 556/8/1 551/8/1 550/8/1
f 556/1/1 550/1/1 555/1/1
f 556/8/1 552/8/1 551/8/1
f 556/8/1 553/8/1 552/8/1
f 557/1/1 554/1/1 553/1/1
f 557/8/1 553/8/1 556/8/1
f 558/1/1 554/1/1 557/1/1
f 559/6/2 560/6/2 563/6/2
f 563/6/2 560/6/2 564/6/2
f 561/6/2 562/6/2 565/6/2
f 565/6/2 562/6/2 566/6/2
f 567/4/2 568/4/2 569/4/2
f 569/4/2 568/4/2 570/4/2
f 567/4/2 569/4/2 571/4/2
f 571/4/2 569/4/2 572/4/2
f 575/4/2 576/4/2 578/4/2
f 578/4/2 576/4/2 579/4/2
f 573/4/2 574/4/2 580/4/2
f 580/4/2 574/4/2 581/4/2
f 577/4/2 578/4/2 582/4/2
f 582/4/2 578/4/2 583/4/2
f 584/4/2 585/4/2 586/4/2
f 586/4/2 585/4/2 587/4/2
f 587/4/2 588/4/2 589/4/2
f 589/4/2 588/4/2 590/4/2
f 591/4/2 592/4/2 594/4/2
f 594/4/2 592/4/2 595/4/2
f 593/4/2 594/4/2 596/4/2
f 596/4/2 594/4/2 597/4/2
f 598/4/2 599/4/2 600/4/2
f 600/4/2 599/4/2 601/4/2
f 601/4/2 602/4/2 603/4/2
f 603/4/2 602/4/2 604/4/2
f 605/7/2 606/7/2 608/7/2
f 608/7/2 606/7/2 609/7/2
f 607/2/2 608/2/2 610/2/2
f 610/2/2 608/2/2 611/2/2
f 612/2/2 613/2/2 614/2/2
f 614/2/2 613/2/2 615/2/2
f 616/4/2 617/4/2 618/4/2
f 618/4/2 617/4/2 619/4/2
f 620/7/2 621/7/2 622/7/2
f 622/7/2 621/7/2 623/7/2
f 624/2/2 625/2/2 628/2/2
f 628/2/2 625/2/2 629/2/2
f 626/2/2 627/2/2 630/2/2
f 630/2/2 627/2/2 631/2/2
f 632/2/2 633/2/2 634/2/2
f 634/2/2 633/2/2 635/2/2
f 636/2/2 637/2/2 638/2/2
f 638/2/2 637/2/2 639/2/2
f 640/4/2 641/4/2 642/4/2
f 642/4/2 641/4/2 643/4/2
f 644/7/2 645/7/2 646/7/2
f 646/7/2 645/7/2 647/7/2
f 650/2/2 651/2/2 652/2/2
f 652/2/2 651/2/2 653/2/2
f 648/2/2 649/2/2 654/2/2
f 654/2/2 649/2/2 655/2/2
f 656/2/2 657/2/2 658/2/2
f 658/2/2 657/2/2 659/2/2
f 660/4/2 661/4/2 662/4/2
f 662/4/2 661/4/2 663/4/2
f 664/7/2 665/7/2 668/7/2
f 668/7/2 665/7/2 669/7/2
f 666/7/2 667/7/2 670/7/2
f 670/7/2 667/7/2 671/7/2
f 672/2/2 673/2/2 674/2/2
f 674/2/2 673/2/2 675/2/2
f 676/4/2 677/4/2 678/4/2
f 678/4/2 677/4/2 679/4/2
f 680/4/2 681/4/2 682/4/2
f 682/4/2 681/4/2 683/4/2
f 684/7/2 685/7/2 688/7/2
f 688/7/2 685/7/2 689/7/2
f 686/7/2 687/7/2 690/7/2
f 686/7/2 690/7/2 692/7/2
f 692/7/2 690/7/2 693/7/2
f 691/4/2 692/4/2 694/4/2
f 692/4/2 693/4/2 694/4/2
f 694/4/2 693/4/2 695/4/2
f 696/4/2 697/4/2 698/4/2
f 698/4/2 697/4/2 699/4/2
f 700/7/2 701/7/2 702/7/2
f 702/7/2 701/7/2 703/7/2
f 703/7/2 701/7/2 704/7/2
f 703/4/2 704/4/2 706/4/2
f 704/4/2 705/4/2 706/4/2
f 706/4/2 705/4/2 707/4/2
f 708/3/2 709/3/2 710/3/2
f 710/3/2 709/3/2 711/3/2
f 712/3/2 713/3/2 714/3/2
f 714/3/2 713/3/2 715/3/2
f 716/3/2 717/3/2 718/3/2
f 718/3/2 717/3/2 719/3/2
f 720/3/2 721/3/2 722/3/2
f 722/3/2 721/3/2 723/3/2
f 724/3/2 725/3/2 726/3/2
f 726/3/2 725/3/2 727/3/2
f 728/3/2 729/3/2 730/3/2
f 730/3/2 729/3/2 731/3/2
f 734/3/2 735/3/2 736/3/2
f 736/3/2 735/3/2 737/3/2
f 732/3/2 733/3/2 738/3/2
f 738/3/2 733/3/2 739/3/2
f 742/3/2 743/3/2 744/3/2
f 744/3/2 743/3/2 745/3/2
f 740/3/2 741/3/2 746/3/2
f 746/3/2 741/3/2 747/3/2
f 748/3/2 749/3/2 750/3/2
f 750/3/2 749/3/2 751/3/2
f 752/3/2 753/3/2 754/3/2
f 754/3/2 753/3/2 755/3/2
f 756/3/2 757/3/2 758/3/2
f 758/3/2 757/3/2 759/3/2
f 760/3/2 761/3/2 762/3/2
f 762/3/2 761/3/2 763/3/2
f 764/3/2 765/3/2 766/3/2
f 766/3/2 765/3/2 767/3/2
f 768/3/2 769/3/2 770/3/2
f 770/3/2 769/3/2 771/3/2
f 772/3/2 773/3/2 776/3/2
f 776/3/2 773/3/2 777/3/2
f 774/3/2 775/3/2 778/3/2
f 778/3/2 775/3/2 779/3/2
f 780/3/2 781/3/2 784/3/2
f 784/3/2 781/3/2 785/3/2
f 782/3/2 783/3/2 788/3/2
f 788/3/2 783/3/2 789/3/2
f 785/4/2 786/4/2 790/4/2
f 787/4/2 788/4/2 791/4/2
f 785/4/2 790/4/2 792/4/2
f 790/4/2 791/4/2 792/4/2
f 791/4/2 788/4/2 793/4/2
f 792/4/2 791/4/2 793/4/2
f 794/4/2 795/4/2 796/4/2
f 796/4/2 795/4/2 797/4/2
f 798/4/2 799/4/2 800/4/2
f 800/4/2 799/4/2 801/4/2
f 802/4/2 803/4/2 806/4/2
f 806/4/2 803/4/2 807/4/2
f 807/4/2 808/4/2 809/4/2
f 809/4/2 808/4/2 810/4/2
f 804/4/2 805/4/2 811/4/2
f 811/4/2 805/4/2 812/4/2
f 813/4/2 814/4/2 817/4/2
f 815/4/2 816/4/2 820/4/2
f 817/4/2 818/4/2 821/4/2
f 819/4/2 820/4/2 824/4/2
f 821/4/2 822/4/2 825/4/2
f 823/4/2 824/4/2 826/4/2
f 821/4/2 825/4/2 827/4/2
f 825/4/2 826/4/2 827/4/2
f 813/4/2 817/4/2 827/4/2
f 817/4/2 821/4/2 827/4/2
f 826/4/2 824/4/2 828/4/2
f 827/4/2 826/4/2 828/4/2
f 820/4/2 816/4/2 828/4/2
f 824/4/2 820/4/2 828/4/2
f 829/4/2 830/4/2 832/4/2
f 832/4/2 830/4/2 833/4/2
f 831/4/2 832/4/2 834/4/2
f 834/4/2 832/4/2 835/4/2
f 836/4/2 837/4/2 838/4/2
f 838/4/2 837/4/2 839/4/2
f 839/4/2 840/4/2 843/4/2
f 843/4/2 840/4/2 844/4/2
f 841/4/2 842/4/2 846/4/2
f 846/4/2 842/4/2 847/4/2
f 845/4/2 846/4/2 848/4/2
f 848/4/2 846/4/2 849/4/2
f 850/4/2 851/4/2 853/4/2
f 853/4/2 851/4/2 854/4/2
f 852/4/2 853/4/2 855/4/2
f 855/4/2 853/4/2 856/4/2
f 857/7/2 858/7/2 859/7/2
f 859/7/2 858/7/2 860/7/2
f 861/2/2 862/2/2 863/2/2
f 863/2/2 862/2/2 864/2/2
f 865/2/2 866/2/2 867/2/2
f 867/2/2 866/2/2 868/2/2
f 869/4/2 870/4/2 871/4/2
f 871/4/2 870/4/2 872/4/2
f 873/2/2 874/2/2 875/2/2
f 875/2/2 874/2/2 876/2/2
f 877/2/2 878/2/2 879/2/2
f 879/2/2 878/2/2 880/2/2
f 881/7/2 882/7/2 886/7/2
f 886/7/2 882/7/2 887/7/2
f 883/7/2 884/7/2 888/7/2
f 888/7/2 884/7/2 889/7/2
f 885/2/2 886/2/2 890/2/2
f 890/2/2 886/2/2 891/2/2
f 892/2/2 893/2/2 894/2/2
f 894/2/2 893/2/2 895/2/2
f 896/2/2 897/2/2 900/2/2
f 900/2/2 897/2/2 901/2/2
f 898/4/2 899/4/2 902/4/2
f 902/4/2 899/4/2 903/4/2
f 904/4/2 905/4/2 906/4/2
f 906/4/2 905/4/2 907/4/2
f 910/2/2 911/2/2 912/2/2
f 912/2/2 911/2/2 913/2/2
f 908/7/2 909/7/2 914/7/2
f 914/7/2 909/7/2 915/7/2
f 916/4/2 917/4/2 918/4/2
f 918/4/2 917/4/2 919/4/2
f 920/2/2 921/2/2 924/2/2
f 924/2/2 921/2/2 925/2/2
f 922/4/2 923/4/2 926/4/2
f 926/4/2 923/4/2 927/4/2
f 928/4/2 929/4/2 930/4/2
f 930/4/2 929/4/2 931/4/2
f 931/8/2 932/8/2 935/8/2
f 935/8/2 932/8/2 936/8/2
f 933/8/2 934/8/2 939/8/2
f 939/8/2 934/8/2 940/8/2
f 936/8/2 937/8/2 941/8/2
f 941/8/2 937/8/2 942/8/2
f 938/8/2 939/8/2 945/8/2
f 945/8/2 939/8/2 946/8/2
f 946/8/2 939/8/2 947/8/2
f 942/8/2 943/8/2 948/8/2
f 948/8/2 943/8/2 949/8/2
f 945/8/2 946/8/2 950/8/2
f 944/8/2 945/8/2 950/8/2
f 950/8/2 946/8/2 951/8/2
f 951/8/2 946/8/2 952/8/2
f 949/8/2 950/8/2 953/8/2
f 950/8/2 951/8/2 953/8/2
f 953/8/2 951/8/2 954/8/2
f 955/7/2 956/7/2 957/7/2
f 957/7/2 956/7/2 958/7/2
f 959/2/2 960/2/2 963/2/2
f 963/2/2 960/2/2 964/2/2
f 961/7/2 962/7/2 966/7/2
f 965/4/2 966/4/2 967/4/2
f 966/7/2 962/7/2 968/7/2
f 967/4/2 966/4/2 968/4/2
f 968/7/2 962/7/2 969/7/2
f 969/7/2 962/7/2 970/7/2
f 972/2/2 973/2/2 974/2/2
f 974/2/2 973/2/2 975/2/2
f 969/4/2 970/4/2 976/4/2
f 970/4/2 971/4/2 976/4/2
f 976/4/2 971/4/2 977/4/2
f 978/4/2 979/4/2 980/4/2
f 980/4/2 979/4/2 981/4/2
f 982/4/2 983/4/2 986/4/2
f 986/4/2 983/4/2 987/4/2
f 984/4/2 985/4/2 988/4/2
f 988/4/2 985/4/2 989/4/2
f 990/8/2 991/8/2 994/8/2
f 994/8/2 991/8/2 995/8/2
f 992/8/2 993/8/2 998/8/2
f 998/8/2 993/8/2 999/8/2
f 995/8/2 996/8/2 1000/8/2
f 1000/8/2 996/8/2 1001/8/2
f 997/8/2 998/8/2 1002/8/2
f 1002/8/2 998/8/2 1003/8/2
f 1001/8/2 1002/8/2 1004/8/2
f 1004/8/2 1002/8/2 1005/8/2
f 1006/7/2 1007/7/2 1008/7/2
f 1008/7/2 1007/7/2 1009/7/2
f 1012/4/2 1013/4/2 1014/4/2
f 1014/4/2 1013/4/2 1015/4/2
f 1010/2/2 1011/2/2 1016/2/2
f 1016/2/2 1011/2/2 1017/2/2
f 1018/4/2 1019/4/2 1020/4/2
f 1020/4/2 1019/4/2 1021/4/2
f 1022/4/2 1023/4/2 1026/4/2
f 1026/4/2 1023/4/2 1027/4/2
f 1024/4/2 1025/4/2 1030/4/2
f 1030/4/2 1025/4/2 1031/4/2
f 1027/8/2 1028/8/2 1032/8/2
f 1029/8/2 1030/8/2 1035/8/2
f 1032/8/2 1033/8/2 1036/8/2
f 1027/8/2 1032/8/2 1036/8/2
f 1036/8/2 1033/8/2 1037/8/2
f 1037/8/2 1033/8/2 1038/8/2
f 1034/8/2 1035/8/2 1041/8/2
f 1035/8/2 1030/8/2 1042/8/2
f 1041/8/2 1035/8/2 1042/8/2
f 1042/8/2 1030/8/2 1043/8/2
f 1038/8/2 1039/8/2 1044/8/2
f 1037/8/2 1038/8/2 1044/8/2
f 1044/8/2 1039/8/2 1045/8/2
f 1045/8/2 1039/8/2 1046/8/2
f 1040/8/2 1041/8/2 1047/8/2
f 1041/8/2 1042/8/2 1047/8/2
f 1047/8/2 1042/8/2 1048/8/2
f 1048/8/2 1042/8/2 1049/8/2
f 1045/8/2 1046/8/2 1050/8/2
f 1047/8/2 1048/8/2 1050/8/2
f 1046/8/2 1047/8/2 1050/8/2
f 1050/8/2 1048/8/2 1051/8/2
f 1052/7/2 1053/7/2 1054/7/2
f 1054/7/2 1053/7/2 1055/7/2
f 1056/4/2 1057/4/2 1058/4/2
f 1058/4/2 1057/4/2 1059/4/2
f 1056/4/2 1058/4/2 1060/4/2
f 1060/4/2 1058/4/2 1062/4/2
f 1061/4/2 1062/4/2 1063/4/2
f 1062/4/2 1058/4/2 1064/4/2
f 1063/4/2 1062/4/2 1064/4/2
f 1064/4/2 1058/4/2 1065/4/2
f 1065/4/2 1058/4/2 1066/4/2
f 1059/4/2 1057/4/2 1069/4/2
f 1069/4/2 1057/4/2 1070/4/2
f 1066/8/2 1067/8/2 1071/8/2
f 1071/8/2 1067/8/2 1072/8/2
f 1072/8/2 1067/8/2 1073/8/2
f 1068/8/2 1069/8/2 1076/8/2
f 1076/8/2 1069/8/2 1077/8/2
f 1077/8/2 1069/8/2 1078/8/2
f 1073/8/2 1074/8/2 1079/8/2
f 1072/8/2 1073/8/2 1079/8/2
f 1079/8/2 1074/8/2 1080/8/2
f 1080/8/2 1074/8/2 1081/8/2
f 1076/8/2 1077/8/2 1084/8/2
f 1075/8/2 1076/8/2 1084/8/2
f 1084/8/2 1077/8/2 1085/8/2
f 1085/8/2 1077/8/2 1086/8/2
f 1081/8/2 1082/8/2 1087/8/2
f 1080/8/2 1081/8/2 1087/8/2
f 1087/8/2 1082/8/2 1088/8/2
f 1088/8/2 1082/8/2 1089/8/2
f 1084/8/2 1085/8/2 1090/8/2
f 1083/8/2 1084/8/2 1090/8/2
f 1090/8/2 1085/8/2 1091/8/2
f 1091/8/2 1085/8/2 1092/8/2
f 1088/8/2 1089/8/2 1093/8/2
f 1090/8/2 1091/8/2 1093/8/2
f 1089/8/2 1090/8/2 1093/8/2
f 1093/8/2 1091/8/2 1094/8/2
f 1095/7/2 1096/7/2 1102/7/2
f 1102/7/2 1096/7/2 1103/7/2
f 1099/8/2 1100/8/2 1104/8/2
f 1104/8/2 1100/8/2 1105/8/2
f 1105/8/2 1100/8/2 1106/8/2
f 1102/4/2 1103/4/2 1108/4/2
f 1101/4/2 1102/4/2 1108/4/2
f 1108/4/2 1103/4/2 1109/4/2
f 1097/8/2 1098/8/2 1110/8/2
f 1106/8/2 1107/8/2 1113/8/2
f 1105/8/2 1106/8/2 1113/8/2
f 1110/8/2 1111/8/2 1114/8/2
f 1112/8/2 1113/8/2 1117/8/2
f 1114/8/2 1115/8/2 1118/8/2
f 1116/8/2 1117/8/2 1121/8/2
f 1118/8/2 1119/8/2 1122/8/2
f 1097/8/2 1110/8/2 1122/8/2
f 1110/8/2 1114/8/2 1122/8/2
f 1114/8/2 1118/8/2 1122/8/2
f 1122/8/2 1119/8/2 1123/8/2
f 1123/8/2 1119/8/2 1124/8/2
f 1120/8/2 1121/8/2 1127/8/2
f 1121/8/2 1117/8/2 1128/8/2
f 1113/8/2 1107/8/2 1128/8/2
f 1127/8/2 1121/8/2 1128/8/2
f 1117/8/2 1113/8/2 1128/8/2
f 1128/8/2 1107/8/2 1129/8/2
f 1124/8/2 1125/8/2 1130/8/2
f 1123/8/2 1124/8/2 1130/8/2
f 1130/8/2 1125/8/2 1131/8/2
f 1131/8/2 1125/8/2 1132/8/2
f 1126/8/2 1127/8/2 1135/8/2
f 1127/8/2 1128/8/2 1135/8/2
f 1135/8/2 1128/8/2 1136/8/2
f 1136/8/2 1128/8/2 1137/8/2
f 1132/8/2 1133/8/2 1138/8/2
f 1131/8/2 1132/8/2 1138/8/2
f 1138/8/2 1133/8/2 1139/8/2
f 1139/8/2 1133/8/2 1140/8/2
f 1135/8/2 1136/8/2 1141/8/2
f 1134/8/2 1135/8/2 1141/8/2
f 1141/8/2 1136/8/2 1142/8/2
f 1142/8/2 1136/8/2 1143/8/2
f 1139/8/2 1140/8/2 1144/8/2
f 1141/8/2 1142/8/2 1144/8/2
f 1140/8/2 1141/8/2 1144/8/2
f 1144/8/2 1142/8/2 1145/8/2
f 1146/1/2 1147/1/2 1149/1/2
f 1149/1/2 1147/1/2 1150/1/2
f 1148/1/2 1149/1/2 1154/1/2
f 1149/8/2 1150/8/2 1155/8/2
f 1150/8/2 1151/8/2 1155/8/2
f 1154/1/2 1149/1/2 1155/1/2
f 1155/8/2 1151/8/2 1156/8/2
f 1151/1/2 1152/1/2 1157/1/2
f 1156/8/2 1151/8/2 1157/8/2
f 1157/1/2 1152/1/2 1158/1/2
f 1153/1/2 1154/1/2 1161/1/2
f 1154/8/2 1155/8/2 1162/8/2
f 1161/1/2 1154/1/2 1162/1/2
f 1162/8/2 1155/8/2 1163/8/2
f 1157/8/2 1158/8/2 1164/8/2
f 1156/8/2 1157/8/2 1164/8/2
f 1164/8/2 1158/8/2 1165/8/2
f 1158/1/2 1159/1/2 1166/1/2
f 1165/8/2 1158/8/2 1166/8/2
f 1166/1/2 1159/1/2 1167/1/2
f 1161/8/2 1162/8/2 1169/8/2
f 1169/8/2 1162/8/2 1170/8/2
f 1166/8/2 1167/8/2 1171/8/2
f 1171/8/2 1167/8/2 1172/8/2
f 1160/1/2 1161/1/2 1174/1/2
f 1161/8/2 1169/8/2 1175/8/2
f 1174/1/2 1161/1/2 1175/1/2
f 1175/8/2 1169/8/2 1176/8/2
f 1172/8/2 1167/8/2 1177/8/2
f 1167/1/2 1168/1/2 1178/1/2
f 1177/8/2 1167/8/2 1178/8/2
f 1178/1/2 1168/1/2 1179/1/2
f 1173/1/2 1174/1/2 1182/1/2
f 1182/1/2 1174/1/2 1183/1/2
f 1175/8/2 1176/8/2 1184/8/2
f 1182/1/2 1183/1/2 1187/1/2
f 1181/1/2 1182/1/2 1187/1/2
f 1183/8/2 1184/8/2 1188/8/2
f 1187/1/2 1183/1/2 1188/1/2
f 1184/8/2 1176/8/2 1189/8/2
f 1188/8/2 1184/8/2 1189/8/2
f 1189/8/2 1176/8/2 1190/8/2
f 1178/8/2 1179/8/2 1191/8/2
f 1179/1/2 1180/1/2 1192/1/2
f 1191/8/2 1179/8/2 1192/8/2
f 1192/1/2 1180/1/2 1193/1/2
f 1185/8/2 1186/8/2 1195/8/2
f 1195/8/2 1186/8/2 1196/8/2
f 1181/1/2 1187/1/2 1197/1/2
f 1187/8/2 1188/8/2 1198/8/2
f 1197/1/2 1187/1/2 1198/1/2
f 1188/8/2 1189/8/2 1198/8/2
f 1198/8/2 1189/8/2 1199/8/2
f 1199/8/2 1189/8/2 1200/8/2
f 1192/8/2 1193/8/2 1203/8/2
f 1193/1/2 1194/1/2 1204/1/2
f 1203/8/2 1193/8/2 1204/8/2
f 1204/1/2 1194/1/2 1205/1/2
f 1198/1/2 1199/1/2 1206/1/2
f 1200/8/2 1201/8/2 1207/8/2
f 1206/1/2 1199/1/2 1207/1/2
f 1199/8/2 1200/8/2 1207/8/2
f 1207/8/2 1201/8/2 1208/8/2
f 1208/8/2 1201/8/2 1209/8/2
f 1202/8/2 1203/8/2 1212/8/2
f 1203/1/2 1204/1/2 1213/1/2
f 1212/8/2 1203/8/2 1213/8/2
f 1209/8/2 1210/8/2 1214/8/2
f 1208/8/2 1209/8/2 1214/8/2
f 1211/8/2 1212/8/2 1217/8/2
f 1213/1/2 1204/1/2 1218/1/2
f 1212/1/2 1213/1/2 1218/1/2
f 1218/1/2 1204/1/2 1219/1/2
f 1207/1/2 1208/1/2 1220/1/2
f 1214/8/2 1215/8/2 1221/8/2
f 1220/1/2 1208/1/2 1221/1/2
f 1208/8/2 1214/8/2 1221/8/2
f 1221/8/2 1215/8/2 1222/8/2
f 1222/8/2 1215/8/2 1223/8/2
f 1216/8/2 1217/8/2 1225/8/2
f 1217/8/2 1212/8/2 1226/8/2
f 1212/1/2 1218/1/2 1226/1/2
f 1225/8/2 1217/8/2 1226/8/2
f 1226/1/2 1218/1/2 1227/1/2
f 1221/1/2 1222/1/2 1228/1/2
f 1222/8/2 1223/8/2 1229/8/2
f 1228/1/2 1222/1/2 1229/1/2
f 1229/8/2 1223/8/2 1230/8/2
f 1224/8/2 1225/8/2 1231/8/2
f 1225/1/2 1226/1/2 1232/1/2
f 1231/8/2 1225/8/2 1232/8/2
f 1232/1/2 1226/1/2 1233/1/2
f 1229/1/2 1230/1/2 1234/1/2
f 1230/8/2 1231/8/2 1235/8/2
f 1234/1/2 1230/1/2 1235/1/2
f 1231/1/2 1232/1/2 1236/1/2
f 1235/8/2 1231/8/2 1236/8/2
f 1236/1/2 1232/1/2 1237/1/2
f 1235/1/2 1236/1/2 1238/1/2
f 1238/1/2 1236/1/2 1239/1/2
f 1240/1/2 1241/1/2 1243/1/2
f 1243/1/2 1241/1/2 1244/1/2
f 1242/1/2 1243/1/2 1248/1/2
f 1243/8/2 1244/8/2 1249/8/2
f 1244/8/2 1245/8/2 1249/8/2
f 1248/1/2 1243/1/2 1249/1/2
f 1245/1/2 1246/1/2 1250/1/2
f 1249/8/2 1245/8/2 1250/8/2
f 1250/1/2 1246/1/2 1251/1/2
f 1247/1/2 1248/1/2 1255/1/2
f 1248/8/2 1249/8/2 1256/8/2
f 1255/1/2 1248/1/2 1256/1/2
f 1249/8/2 1250/8/2 1256/8/2
f 1250/8/2 1251/8/2 1256/8/2
f 1256/8/2 1251/8/2 1257/8/2
f 1257/8/2 1251/8/2 1258/8/2
f 1251/1/2 1252/1/2 1259/1/2
f 1258/8/2 1251/8/2 1259/8/2
f 1259/1/2 1252/1/2 1260/1/2
f 1253/1/2 1254/1/2 1262/1/2
f 1262/1/2 1254/1/2 1263/1/2
f 1255/8/2 1256/8/2 1264/8/2
f 1256/8/2 1257/8/2 1264/8/2
f 1264/8/2 1257/8/2 1265/8/2
f 1265/8/2 1257/8/2 1266/8/2
f 1259/8/2 1260/8/2 1267/8/2
f 1258/8/2 1259/8/2 1267/8/2
f 1267/8/2 1260/8/2 1268/8/2
f 1255/8/2 1264/8/2 1270/8/2
f 1270/8/2 1264/8/2 1271/8/2
f 1268/8/2 1260/8/2 1272/8/2
f 1272/8/2 1260/8/2 1273/8/2
f 1260/1/2 1261/1/2 1274/1/2
f 1273/8/2 1260/8/2 1274/8/2
f 1274/1/2 1261/1/2 1275/1/2
f 1269/8/2 1270/8/2 1277/8/2
f 1277/8/2 1270/8/2 1278/8/2
f 1274/8/2 1275/8/2 1281/8/2
f 1273/8/2 1274/8/2 1281/8/2
f 1281/8/2 1275/8/2 1282/8/2
f 1275/1/2 1276/1/2 1283/1/2
f 1282/8/2 1275/8/2 1283/8/2
f 1283/1/2 1276/1/2 1284/1/2
f 1278/8/2 1279/8/2 1285/8/2
f 1281/8/2 1282/8/2 1288/8/2
f 1280/8/2 1281/8/2 1288/8/2
f 1285/8/2 1286/8/2 1289/8/2
f 1278/8/2 1285/8/2 1289/8/2
f 1289/8/2 1286/8/2 1290/8/2
f 1290/8/2 1286/8/2 1291/8/2
f 1287/8/2 1288/8/2 1293/8/2
f 1288/8/2 1282/8/2 1294/8/2
f 1293/8/2 1288/8/2 1294/8/2
f 1282/1/2 1283/1/2 1295/1/2
f 1294/8/2 1282/8/2 1295/8/2
f 1295/1/2 1283/1/2 1296/1/2
f 1291/8/2 1292/8/2 1297/8/2
f 1293/8/2 1294/8/2 1297/8/2
f 1292/8/2 1293/8/2 1297/8/2
f 1290/8/2 1291/8/2 1297/8/2
f 1297/8/2 1294/8/2 1298/8/2
f 1298/8/2 1294/8/2 1299/8/2
f 1294/1/2 1295/1/2 1300/1/2
f 1299/8/2 1294/8/2 1300/8/2
f 1300/1/2 1295/1/2 1301/1/2
f 1298/8/2 1299/8/2 1302/8/2
f 1299/1/2 1300/1/2 1303/1/2
f 1302/8/2 1299/8/2 1303/8/2
f 1303/1/2 1300/1/2 1304/1/2
f 1302/1/2 1303/1/2 1305/1/2
f 1305/1/2 1303/1/2 1306/1/2
f 1307/8/2 1308/8/2 1311/8/2
f 1311/8/2 1308/8/2 1312/8/2
f 1309/1/2 1310/1/2 1315/1/2
f 1312/8/2 1313/8/2 1316/8/2
f 1310/8/2 1311/8/2 1316/8/2
f 1315/1/2 1310/1/2 1316/1/2
f 1311/8/2 1312/8/2 1316/8/2
f 1316/8/2 1313/8/2 1317/8/2
f 1314/1/2 1315/1/2 1319/1/2
f 1317/8/2 1318/8/2 1320/8/2
f 1319/1/2 1315/1/2 1320/1/2
f 1315/8/2 1316/8/2 1320/8/2
f 1316/8/2 1317/8/2 1320/8/2
f 1320/8/2 1318/8/2 1321/8/2
f 1321/8/2 1318/8/2 1322/8/2
f 1322/8/2 1318/8/2 1323/8/2
f 1320/1/2 1321/1/2 1324/1/2
f 1321/8/2 1322/8/2 1325/8/2
f 1324/1/2 1321/1/2 1325/1/2
f 1325/8/2 1322/8/2 1326/8/2
f 1326/8/2 1322/8/2 1327/8/2
f 1327/8/2 1322/8/2 1328/8/2
f 1325/1/2 1326/1/2 1329/1/2
f 1326/8/2 1327/8/2 1330/8/2
f 1329/1/2 1326/1/2 1330/1/2
f 1330/8/2 1327/8/2 1331/8/2
f 1334/4/3 1333/4/3 1332/4/3
f 1335/4/3 1333/4/3 1334/4/3
f 1337/4/3 1336/4/3 1335/4/3
f 1338/4/3 1336/4/3 1337/4/3
f 1340/4/3 1339/4/3 1338/4/3
f 1341/4/3 1339/4/3 1340/4/3
f 1344/4/3 1342/4/3 1341/4/3
f 1345/4/3 1342/4/3 1344/4/3
f 1347/4/3 1344/4/3 1343/4/3
f 1348/4/3 1344/4/3 1347/4/3
f 1350/4/3 1347/4/3 1346/4/3
f 1351/4/3 1347/4/3 1350/4/3
f 1352/4/3 1350/4/3 1349/4/3
f 1353/4/3 1350/4/3 1352/4/3
f 1356/4/3 1355/4/3 1354/4/3
f 1357/4/3 1355/4/3 1356/4/3
f 1359/4/3 1358/4/3 1357/4/3
f 1360/4/3 1358/4/3 1359/4/3
f 1362/4/3 1361/4/3 1360/4/3
f 1363/4/3 1361/4/3 1362/4/3
f 1365/4/3 1364/4/3 1363/4/3
f 1366/4/3 1364/4/3 1365/4/3
f 1369/4/3 1367/4/3 1366/4/3
f 1370/4/3 1367/4/3 1369/4/3
f 1372/4/3 1369/4/3 1368/4/3
f 1373/4/3 1369/4/3 1372/4/3
f 1375/4/3 1372/4/3 1371/4/3
f 1376/4/3 1372/4/3 1375/4/3
f 1378/4/3 1375/4/3 1374/4/3
f 1379/4/3 1375/4/3 1378/4/3
f 1380/4/3 1378/4/3 1377/4/3
f 1381/4/3 1378/4/3 1380/4/3
f 1386/4/3 1383/4/3 1382/4/3
f 1387/4/3 1383/4/3 1386/4/3
f 1390/2/3 1385/2/3 1384/2/3
f 1391/2/3 1385/2/3 1390/2/3
f 1394/2/3 1390/2/3 1389/2/3
f 1394/2/3 1392/2/3 1391/2/3
f 1394/2/3 1391/2/3 1390/2/3
f 1395/2/3 1392/2/3 1394/2/3
f 1397/4/3 1388/4/3 1387/4/3
f 1398/4/3 1388/4/3 1397/4/3
f 1400/2/3 1396/2/3 1395/2/3
f 1400/2/3 1394/2/3 1393/2/3
f 1400/2/3 1395/2/3 1394/2/3
f 1401/2/3 1396/2/3 1400/2/3
f 1402/2/3 1396/2/3 1401/2/3
f 1403/2/3 1396/2/3 1402/2/3
f 1405/4/3 1399/4/3 1398/4/3
f 1406/4/3 1399/4/3 1405/4/3
f 1407/2/3 1402/2/3 1401/2/3
f 1408/2/3 1402/2/3 1407/2/3
f 1409/2/3 1402/2/3 1408/2/3
f 1410/2/3 1402/2/3 1409/2/3
f 1411/2/3 1409/2/3 1408/2/3
f 1412/2/3 1409/2/3 1411/2/3
f 1414/4/3 1405/4/3 1404/4/3
f 1415/4/3 1405/4/3 1414/4/3
f 1416/4/3 1414/4/3 1413/4/3
f 1417/4/3 1414/4/3 1416/4/3
f 1422/4/3 1419/4/3 1418/4/3
f 1423/4/3 1419/4/3 1422/4/3
f 1426/2/3 1421/2/3 1420/2/3
f 1427/2/3 1421/2/3 1426/2/3
f 1429/4/3 1424/4/3 1423/4/3
f 1430/4/3 1424/4/3 1429/4/3
f 1433/2/3 1428/2/3 1427/2/3
f 1433/2/3 1426/2/3 1425/2/3
f 1433/2/3 1427/2/3 1426/2/3
f 1434/2/3 1428/2/3 1433/2/3
f 1437/2/3 1433/2/3 1432/2/3
f 1437/2/3 1435/2/3 1434/2/3
f 1437/2/3 1434/2/3 1433/2/3
f 1438/2/3 1435/2/3 1437/2/3
f 1440/4/3 1431/4/3 1430/4/3
f 1441/4/3 1431/4/3 1440/4/3
f 1443/2/3 1439/2/3 1438/2/3
f 1443/2/3 1437/2/3 1436/2/3
f 1443/2/3 1438/2/3 1437/2/3
f 1444/2/3 1439/2/3 1443/2/3
f 1445/2/3 1439/2/3 1444/2/3
f 1446/2/3 1439/2/3 1445/2/3
f 1448/4/3 1442/4/3 1441/4/3
f 1449/4/3 1442/4/3 1448/4/3
f 1450/2/3 1445/2/3 1444/2/3
f 1451/2/3 1445/2/3 1450/2/3
f 1452/2/3 1445/2/3 1451/2/3
f 1453/2/3 1445/2/3 1452/2/3
f 1454/2/3 1452/2/3 1451/2/3
f 1455/2/3 1452/2/3 1454/2/3
f 1456/2/3 1452/2/3 1455/2/3
f 1457/2/3 1452/2/3 1456/2/3
f 1459/4/3 1448/4/3 1447/4/3
f 1460/4/3 1448/4/3 1459/4/3
f 1461/2/3 1456/2/3 1455/2/3
f 1462/2/3 1456/2/3 1461/2/3
f 1464/4/3 1459/4/3 1458/4/3
f 1465/4/3 1459/4/3 1464/4/3
f 1466/4/3 1464/4/3 1463/4/3
f 1467/4/3 1464/4/3 1466/4/3
f 1472/6/3 1469/6/3 1468/6/3
f 1473/6/3 1469/6/3 1472/6/3
f 1475/7/3 1471/7/3 1470/7/3
f 1476/7/3 1471/7/3 1475/7/3
f 1479/7/3 1475/7/3 1474/7/3
f 1479/7/3 1477/7/3 1476/7/3
f 1479/7/3 1476/7/3 1475/7/3
f 1480/7/3 1477/7/3 1479/7/3
f 1481/7/3 1477/7/3 1480/7/3
f 1482/7/3 1477/7/3 1481/7/3
f 1484/7/3 1479/7/3 1478/7/3
f 1484/7/3 1480/7/3 1479/7/3
f 1485/7/3 1480/7/3 1484/7/3
f 1486/7/3 1483/7/3 1482/7/3
f 1486/7/3 1482/7/3 1481/7/3
f 1487/7/3 1483/7/3 1486/7/3
f 1489/7/3 1484/7/3 1478/7/3
f 1490/7/3 1484/7/3 1489/7/3
f 1491/7/3 1483/7/3 1487/7/3
f 1492/7/3 1483/7/3 1491/7/3
f 1493/7/3 1483/7/3 1492/7/3
f 1495/7/3 1489/7/3 1488/7/3
f 1496/7/3 1489/7/3 1495/7/3
f 1499/7/3 1494/7/3 1493/7/3
f 1499/7/3 1493/7/3 1492/7/3
f 1500/7/3 1494/7/3 1499/7/3
f 1501/7/3 1494/7/3 1500/7/3
f 1502/7/3 1497/7/3 1496/7/3
f 1505/7/3 1500/7/3 1499/7/3
f 1505/7/3 1499/7/3 1498/7/3
f 1506/7/3 1503/7/3 1502/7/3
f 1506/7/3 1502/7/3 1496/7/3
f 1507/7/3 1503/7/3 1506/7/3
f 1508/7/3 1503/7/3 1507/7/3
f 1509/7/3 1505/7/3 1504/7/3
f 1510/7/3 1500/7/3 1505/7/3
f 1510/7/3 1505/7/3 1509/7/3
f 1511/7/3 1500/7/3 1510/7/3
f 1512/7/3 1508/7/3 1507/7/3
f 1512/7/3 1509/7/3 1508/7/3
f 1512/7/3 1510/7/3 1509/7/3
f 1513/7/3 1510/7/3 1512/7/3
f 1514/7/3 1510/7/3 1513/7/3
f 1515/7/3 1510/7/3 1514/7/3
f 1518/3/3 1517/3/3 1516/3/3
f 1520/3/3 1519/3/3 1518/3/3
f 1521/3/3 1519/3/3 1520/3/3
f 1523/5/3 1521/5/3 1520/5/3
f 1523/3/3 1522/3/3 1521/3/3
f 1524/3/3 1522/3/3 1523/3/3
f 1526/3/3 1518/3/3 1516/3/3
f 1526/3/3 1520/3/3 1518/3/3
f 1527/3/3 1520/3/3 1526/3/3
f 1528/3/3 1526/3/3 1516/3/3
f 1529/8/3 1527/8/3 1526/8/3
f 1529/3/3 1526/3/3 1528/3/3
f 1530/3/3 1520/3/3 1527/3/3
f 1530/8/3 1527/8/3 1529/8/3
f 1531/3/3 1520/3/3 1530/3/3
f 1532/5/3 1524/5/3 1523/5/3
f 1532/5/3 1523/5/3 1520/5/3
f 1533/3/3 1525/3/3 1524/3/3
f 1533/5/3 1524/5/3 1532/5/3
f 1534/3/3 1525/3/3 1533/3/3
f 1535/3/3 1528/3/3 1516/3/3
f 1536/8/3 1531/8/3 1530/8/3
f 1536/3/3 1528/3/3 1535/3/3
f 1536/8/3 1529/8/3 1528/8/3
f 1536/8/3 1530/8/3 1529/8/3
f 1537/3/3 1520/3/3 1531/3/3
f 1537/8/3 1531/8/3 1536/8/3
f 1538/3/3 1520/3/3 1537/3/3
f 1539/5/3 1532/5/3 1520/5/3
f 1539/3/3 1520/3/3 1538/3/3
f 1540/3/3 1533/3/3 1532/3/3
f 1540/5/3 1532/5/3 1539/5/3
f 1541/3/3 1533/3/3 1540/3/3
f 1542/3/3 1535/3/3 1516/3/3
f 1543/8/3 1538/8/3 1537/8/3
f 1543/3/3 1535/3/3 1542/3/3
f 1543/8/3 1536/8/3 1535/8/3
f 1543/8/3 1537/8/3 1536/8/3
f 1544/3/3 1540/3/3 1539/3/3
f 1544/8/3 1538/8/3 1543/8/3
f 1544/3/3 1539/3/3 1538/3/3
f 1545/3/3 1540/3/3 1544/3/3
f 1546/3/3 1540/3/3 1545/3/3
f 1547/3/3 1540/3/3 1546/3/3
f 1548/3/3 1542/3/3 1516/3/3
f 1548/8/3 1543/8/3 1542/8/3
f 1548/8/3 1544/8/3 1543/8/3
f 1548/8/3 1545/8/3 1544/8/3
f 1549/3/3 1546/3/3 1545/3/3
f 1549/8/3 1545/8/3 1548/8/3
f 1550/3/3 1549/3/3 1548/3/3
f 1550/3/3 1546/3/3 1549/3/3
f 1551/3/3 1546/3/3 1550/3/3
f 1552/3/3 1548/3/3 1516/3/3
f 1552/3/3 1550/3/3 1548/3/3
f 1553/3/3 1550/3/3 1552/3/3
f 1556/3/3 1555/3/3 1554/3/3
f 1557/3/3 1555/3/3 1556/3/3
f 1559/3/3 1556/3/3 1554/3/3
f 1560/3/3 1556/3/3 1559/3/3
f 1561/3/3 1559/3/3 1554/3/3
f 1562/8/3 1560/8/3 1559/8/3
f 1562/3/3 1559/3/3 1561/3/3
f 1563/3/3 1556/3/3 1560/3/3
f 1563/8/3 1560/8/3 1562/8/3
f 1564/3/3 1556/3/3 1563/3/3
f 1565/5/3 1557/5/3 1556/5/3
f 1566/3/3 1558/3/3 1557/3/3
f 1566/5/3 1557/5/3 1565/5/3
f 1567/3/3 1558/3/3 1566/3/3
f 1568/3/3 1561/3/3 1554/3/3
f 1569/8/3 1562/8/3 1561/8/3
f 1569/3/3 1561/3/3 1568/3/3
f 1569/8/3 1563/8/3 1562/8/3
f 1569/8/3 1564/8/3 1563/8/3
f 1570/3/3 1556/3/3 1564/3/3
f 1570/8/3 1564/8/3 1569/8/3
f 1571/3/3 1556/3/3 1570/3/3
f 1572/5/3 1565/5/3 1556/5/3
f 1572/3/3 1556/3/3 1571/3/3
f 1573/3/3 1566/3/3 1565/3/3
f 1573/5/3 1565/5/3 1572/5/3
f 1574/3/3 1566/3/3 1573/3/3
f 1575/8/3 1571/8/3 1570/8/3
f 1575/8/3 1569/8/3 1568/8/3
f 1575/3/3 1568/3/3 1554/3/3
f 1575/8/3 1570/8/3 1569/8/3
f 1576/3/3 1573/3/3 1572/3/3
f 1576/8/3 1571/8/3 1575/8/3
f 1576/3/3 1572/3/3 1571/3/3
f 1577/3/3 1573/3/3 1576/3/3
f 1578/3/3 1573/3/3 1577/3/3
f 1579/3/3 1576/3/3 1575/3/3
f 1579/3/3 1577/3/3 1576/3/3
f 1580/3/3 1577/3/3 1579/3/3
f 1581/3/3 1575/3/3 1554/3/3
f 1581/3/3 1579/3/3 1575/3/3
f 1582/3/3 1579/3/3 1581/3/3
f 1586/7/3 1584/7/3 1583/7/3
f 1588/7/3 1586/7/3 1585/7/3
f 1589/7/3 1586/7/3 1588/7/3
f 1590/7/3 1584/7/3 1586/7/3
f 1590/7/3 1586/7/3 1589/7/3
f 1591/7/3 1584/7/3 1590/7/3
f 1594/7/3 1589/7/3 1588/7/3
f 1594/7/3 1588/7/3 1587/7/3
f 1595/7/3 1589/7/3 1594/7/3
f 1596/7/3 1589/7/3 1595/7/3
f 1597/7/3 1591/7/3 1590/7/3
f 1597/7/3 1592/7/3 1591/7/3
f 1598/7/3 1592/7/3 1597/7/3
f 1599/7/3 1592/7/3 1598/7/3
f 1601/7/3 1595/7/3 1594/7/3
f 1601/7/3 1594/7/3 1593/7/3
f 1602/7/3 1595/7/3 1601/7/3
f 1603/7/3 1600/7/3 1599/7/3
f 1603/7/3 1599/7/3 1598/7/3
f 1604/7/3 1600/7/3 1603/7/3
f 1606/7/3 1601/7/3 1593/7/3
f 1607/7/3 1601/7/3 1606/7/3
f 1608/7/3 1600/7/3 1604/7/3
f 1609/7/3 1600/7/3 1608/7/3
f 1610/7/3 1600/7/3 1609/7/3
f 1612/7/3 1606/7/3 1605/7/3
f 1613/7/3 1606/7/3 1612/7/3
f 1616/7/3 1611/7/3 1610/7/3
f 1616/7/3 1610/7/3 1609/7/3
f 1617/7/3 1611/7/3 1616/7/3
f 1618/7/3 1611/7/3 1617/7/3
f 1619/7/3 1614/7/3 1613/7/3
f 1622/7/3 1617/7/3 1616/7/3
f 1622/7/3 1616/7/3 1615/7/3
f 1623/7/3 1620/7/3 1619/7/3
f 1623/7/3 1619/7/3 1613/7/3
f 1624/7/3 1620/7/3 1623/7/3
f 1625/7/3 1620/7/3 1624/7/3
f 1628/7/3 1622/7/3 1621/7/3
f 1629/7/3 1617/7/3 1622/7/3
f 1629/7/3 1622/7/3 1628/7/3
f 1630/7/3 1617/7/3 1629/7/3
f 1631/7/3 1626/7/3 1625/7/3
f 1631/7/3 1625/7/3 1624/7/3
f 1632/7/3 1626/7/3 1631/7/3
f 1633/7/3 1626/7/3 1632/7/3
f 1634/7/3 1628/7/3 1627/7/3
f 1634/7/3 1629/7/3 1628/7/3
f 1635/7/3 1629/7/3 1634/7/3
f 1636/7/3 1629/7/3 1635/7/3
f 1637/7/3 1633/7/3 1632/7/3
f 1637/7/3 1635/7/3 1634/7/3
f 1637/7/3 1634/7/3 1633/7/3
f 1638/7/3 1635/7/3 1637/7/3
f 1639/7/3 1635/7/3 1638/7/3
f 1640/7/3 1635/7/3 1639/7/3
f 1646/4/3 1642/4/3 1641/4/3
f 1647/4/3 1646/4/3 1645/4/3
f 1648/4/3 1642/4/3 1646/4/3
f 1648/4/3 1646/4/3 1647/4/3
f 1649/4/3 1642/4/3 1648/4/3
f 1650/4/3 1642/4/3 1649/4/3
f 1651/4/3 1644/4/3 1643/4/3
f 1652/4/3 1644/4/3 1651/4/3
f 1654/4/3 1650/4/3 1649/4/3
f 1654/4/3 1653/4/3 1652/4/3
f 1654/4/3 1652/4/3 1651/4/3
f 1654/4/3 1651/4/3 1650/4/3
f 1655/4/3 1653/4/3 1654/4/3
f 1656/4/3 1653/4/3 1655/4/3
f 1658/4/3 1657/4/3 1656/4/3
f 1658/4/3 1656/4/3 1655/4/3
f 1659/4/3 1657/4/3 1658/4/3
f 1660/4/3 1657/4/3 1659/4/3
f 1662/4/3 1661/4/3 1660/4/3
f 1662/4/3 1660/4/3 1659/4/3
f 1663/4/3 1661/4/3 1662/4/3
f 1665/4/3 1661/4/3 1663/4/3
f 1667/4/3 1665/4/3 1664/4/3
f 1669/4/3 1667/4/3 1666/4/3
f 1672/4/3 1669/4/3 1668/4/3
f 1673/4/3 1661/4/3 1665/4/3
f 1673/4/3 1665/4/3 1667/4/3
f 1673/4/3 1669/4/3 1672/4/3
f 1673/4/3 1667/4/3 1669/4/3
f 1676/4/3 1672/4/3 1671/4/3
f 1676/4/3 1671/4/3 1670/4/3
f 1676/4/3 1674/4/3 1673/4/3
f 1676/4/3 1673/4/3 1672/4/3
f 1677/4/3 1674/4/3 1676/4/3
f 1678/5/3 1675/5/3 1674/5/3
f 1678/4/3 1674/4/3 1677/4/3
f 1679/5/3 1675/5/3 1678/5/3
f 1681/4/3 1680/4/3 1679/4/3
f 1681/4/3 1679/4/3 1678/4/3
f 1681/4/3 1678/4/3 1677/4/3
f 1682/4/3 1680/4/3 1681/4/3
f 1683/4/3 1680/4/3 1682/4/3
f 1684/4/3 1680/4/3 1683/4/3
f 1685/4/3 1680/4/3 1684/4/3
f 1686/4/3 1680/4/3 1685/4/3
f 1688/4/3 1680/4/3 1686/4/3
f 1690/4/3 1688/4/3 1687/4/3
f 1692/4/3 1690/4/3 1689/4/3
f 1694/4/3 1692/4/3 1691/4/3
f 1695/4/3 1676/4/3 1670/4/3
f 1696/4/3 1694/4/3 1693/4/3
f 1697/4/3 1695/4/3 1670/4/3
f 1697/4/3 1696/4/3 1695/4/3
f 1698/4/3 1694/4/3 1696/4/3
f 1698/4/3 1696/4/3 1697/4/3
f 1698/4/3 1690/4/3 1692/4/3
f 1698/4/3 1692/4/3 1694/4/3
f 1699/4/3 1690/4/3 1698/4/3
f 1700/4/3 1688/4/3 1690/4/3
f 1700/4/3 1690/4/3 1699/4/3
f 1702/4/3 1688/4/3 1700/4/3
f 1704/4/3 1702/4/3 1701/4/3
f 1706/4/3 1704/4/3 1703/4/3
f 1708/4/3 1706/4/3 1705/4/3
f 1709/4/3 1697/4/3 1670/4/3
f 1710/4/3 1708/4/3 1707/4/3
f 1711/4/3 1680/4/3 1688/4/3
f 1711/4/3 1688/4/3 1702/4/3
f 1711/4/3 1708/4/3 1710/4/3
f 1711/4/3 1702/4/3 1704/4/3
f 1711/4/3 1706/4/3 1708/4/3
f 1711/4/3 1704/4/3 1706/4/3
f 1712/4/3 1709/4/3 1670/4/3
f 1712/4/3 1710/4/3 1709/4/3
f 1713/4/3 1710/4/3 1712/4/3
f 1714/4/3 1710/4/3 1713/4/3
f 1715/4/3 1712/4/3 1670/4/3
f 1716/4/3 1712/4/3 1715/4/3
f 1717/4/3 1710/4/3 1714/4/3
f 1718/4/3 1710/4/3 1717/4/3
f 1719/4/3 1710/4/3 1718/4/3
f 1720/4/3 1710/4/3 1719/4/3
f 1721/4/3 1710/4/3 1720/4/3
f 1722/4/3 1710/4/3 1721/4/3
f 1723/4/3 1710/4/3 1722/4/3
f 1724/4/3 1710/4/3 1723/4/3
f 1726/4/3 1710/4/3 1724/4/3
f 1728/4/3 1726/4/3 1725/4/3
f 1729/4/3 1710/4/3 1726/4/3
f 1729/4/3 1726/4/3 1728/4/3
f 1730/4/3 1710/4/3 1729/4/3
f 1732/4/3 1728/4/3 1727/4/3
f 1732/4/3 1729/4/3 1728/4/3
f 1733/4/3 1729/4/3 1732/4/3
f 1734/4/3 1729/4/3 1733/4/3
f 1735/4/3 1732/4/3 1731/4/3
f 1735/4/3 1733/4/3 1732/4/3
f 1736/4/3 1733/4/3 1735/4/3
f 1739/4/3 1738/4/3 1737/4/3
f 1740/4/3 1738/4/3 1739/4/3
f 1742/4/3 1741/4/3 1740/4/3
f 1743/4/3 1741/4/3 1742/4/3
f 1745/4/3 1744/4/3 1743/4/3
f 1746/4/3 1744/4/3 1745/4/3
f 1748/4/3 1747/4/3 1746/4/3
f 1749/4/3 1747/4/3 1748/4/3
f 1752/4/3 1751/4/3 1750/4/3
f 1753/4/3 1751/4/3 1752/4/3
f 1754/4/3 1752/4/3 1750/4/3
f 1755/4/3 1752/4/3 1754/4/3
f 1758/4/3 1757/4/3 1756/4/3
f 1759/4/3 1757/4/3 1758/4/3
f 1760/4/3 1757/4/3 1759/4/3
f 1762/8/3 1759/8/3 1758/8/3
f 1763/8/3 1759/8/3 1762/8/3
f 1765/8/3 1762/8/3 1761/8/3
f 1767/8/3 1765/8/3 1764/8/3
f 1768/8/3 1762/8/3 1765/8/3
f 1768/8/3 1765/8/3 1767/8/3
f 1770/8/3 1767/8/3 1766/8/3
f 1771/8/3 1767/8/3 1770/8/3
f 1772/8/3 1770/8/3 1769/8/3
f 1773/8/3 1770/8/3 1772/8/3
f 1777/8/3 1775/8/3 1774/8/3
f 1778/8/3 1775/8/3 1777/8/3
f 1779/8/3 1777/8/3 1776/8/3
f 1780/8/3 1777/8/3 1779/8/3
f 1784/8/3 1782/8/3 1781/8/3
f 1785/8/3 1782/8/3 1784/8/3
f 1787/8/3 1784/8/3 1783/8/3
f 1788/8/3 1784/8/3 1787/8/3
f 1791/8/3 1787/8/3 1786/8/3
f 1792/8/3 1787/8/3 1791/8/3
f 1793/8/3 1790/8/3 1789/8/3
f 1794/8/3 1790/8/3 1793/8/3
f 1797/7/3 1796/7/3 1795/7/3
f 1798/7/3 1796/7/3 1797/7/3
f 1802/8/3 1800/8/3 1799/8/3
f 1803/8/3 1800/8/3 1802/8/3
f 1805/8/3 1802/8/3 1801/8/3
f 1806/8/3 1802/8/3 1805/8/3
f 1809/8/3 1805/8/3 1804/8/3
f 1810/8/3 1805/8/3 1809/8/3
f 1813/8/3 1808/8/3 1807/8/3
f 1814/8/3 1808/8/3 1813/8/3
f 1815/8/3 1812/8/3 1811/8/3
f 1816/8/3 1812/8/3 1815/8/3
f 1819/7/3 1818/7/3 1817/7/3
f 1820/7/3 1818/7/3 1819/7/3
f 1825/8/3 1822/8/3 1821/8/3
f 1826/8/3 1822/8/3 1825/8/3
f 1827/8/3 1824/8/3 1823/8/3
f 1828/8/3 1824/8/3 1827/8/3
f 1832/7/3 1830/7/3 1829/7/3
f 1833/8/3 1831/8/3 1830/8/3
f 1833/7/3 1830/7/3 1832/7/3
f 1834/8/3 1831/8/3 1833/8/3
f 1837/8/3 1836/8/3 1835/8/3
f 1838/8/3 1836/8/3 1837/8/3
f 1841/8/3 1840/8/3 1839/8/3
f 1842/8/3 1840/8/3 1841/8/3
f 1845/8/3 1844/8/3 1843/8/3
f 1846/8/3 1844/8/3 1845/8/3
f 1849/8/3 1848/8/3 1847/8/3
f 1850/8/3 1848/8/3 1849/8/3
f 1853/1/3 1852/1/3 1851/1/3
f 1854/1/3 1852/1/3 1853/1/3
f 1857/8/3 1856/8/3 1855/8/3
f 1858/8/3 1856/8/3 1857/8/3
f 1861/8/3 1860/8/3 1859/8/3
f 1862/8/3 1860/8/3 1861/8/3
f 1864/8/3 1863/8/3 1862/8/3
f 1865/8/3 1863/8/3 1864/8/3
f 1867/8/3 1866/8/3 1865/8/3
f 1868/8/3 1866/8/3 1867/8/3
f 1870/8/3 1869/8/3 1868/8/3
f 1871/8/3 1869/8/3 1870/8/3
f 1876/1/3 1873/1/3 1872/1/3
f 1877/1/3 1873/1/3 1876/1/3
f 1878/1/3 1875/1/3 1874/1/3
f 1879/1/3 1875/1/3 1878/1/3
f 1884/1/3 1881/1/3 1880/1/3
f 1885/1/3 1881/1/3 1884/1/3
f 1887/1/3 1883/1/3 1882/1/3
f 1888/1/3 1883/1/3 1887/1/3
f 1889/1/3 1886/1/3 1885/1/3
f 1890/1/3 1886/1/3 1889/1/3
f 1895/1/3 1892/1/3 1891/1/3
f 1896/1/3 1892/1/3 1895/1/3
f 1899/1/3 1894/1/3 1893/1/3
f 1900/1/3 1894/1/3 1899/1/3
f 1901/8/3 1898/8/3 1897/8/3
f 1902/8/3 1898/8/3 1901/8/3
f 1908/1/3 1904/1/3 1903/1/3
f 1909/8/3 1905/8/3 1904/8/3
f 1909/1/3 1904/1/3 1908/1/3
f 1910/8/3 1905/8/3 1909/8/3
f 1911/8/3 1907/8/3 1906/8/3
f 1912/8/3 1907/8/3 1911/8/3
f 1913/1/3 1911/1/3 1910/1/3
f 1914/1/3 1911/1/3 1913/1/3
f 1919/1/3 1916/1/3 1915/1/3
f 1920/1/3 1916/1/3 1919/1/3
f 1925/1/3 1918/1/3 1917/1/3
f 1926/1/3 1918/1/3 1925/1/3
f 1927/1/3 1922/1/3 1921/1/3
f 1928/1/3 1922/1/3 1927/1/3
f 1933/8/3 1924/8/3 1923/8/3
f 1934/8/3 1924/8/3 1933/8/3
f 1935/1/3 1930/1/3 1929/1/3
f 1936/1/3 1930/1/3 1935/1/3
f 1937/1/3 1932/1/3 1931/1/3
f 1938/1/3 1932/1/3 1937/1/3
f 1941/1/3 1940/1/3 1939/1/3
f 1942/1/3 1940/1/3 1941/1/3
f 1947/1/3 1944/1/3 1943/1/3
f 1948/1/3 1944/1/3 1947/1/3
f 1954/1/3 1946/1/3 1945/1/3
f 1955/1/3 1946/1/3 1954/1/3
f 1956/1/3 1950/1/3 1949/1/3
f 1957/1/3 1950/1/3 1956/1/3
f 1960/8/3 1952/8/3 1951/8/3
f 1961/1/3 1953/1/3 1952/1/3
f 1961/8/3 1952/8/3 1960/8/3
f 1962/1/3 1953/1/3 1961/1/3
f 1963/8/3 1959/8/3 1958/8/3
f 1964/8/3 1959/8/3 1963/8/3
f 1967/6/3 1966/6/3 1965/6/3
f 1968/6/3 1966/6/3 1967/6/3
f 1971/8/3 1970/8/3 1969/8/3
f 1972/8/3 1970/8/3 1971/8/3
f 1976/7/3 1974/7/3 1973/7/3
f 1978/7/3 1976/7/3 1975/7/3
f 1980/7/3 1978/7/3 1977/7/3
f 1981/7/3 1980/7/3 1979/7/3
f 1982/7/3 1978/7/3 1980/7/3
f 1982/7/3 1980/7/3 1981/7/3
f 1983/7/3 1978/7/3 1982/7/3
f 1984/7/3 1976/7/3 1978/7/3
f 1984/7/3 1978/7/3 1983/7/3
f 1985/7/3 1976/7/3 1984/7/3
f 1986/7/3 1974/7/3 1976/7/3
f 1986/7/3 1976/7/3 1985/7/3
f 1987/7/3 1974/7/3 1986/7/3
f 1988/7/3 1974/7/3 1987/7/3
f 1992/7/3 1990/7/3 1989/7/3
f 1994/7/3 1992/7/3 1991/7/3
f 1996/7/3 1994/7/3 1993/7/3
f 1997/7/3 1996/7/3 1995/7/3
f 1998/7/3 1994/7/3 1996/7/3
f 1998/7/3 1996/7/3 1997/7/3
f 1999/7/3 1994/7/3 1998/7/3
f 2000/7/3 1992/7/3 1994/7/3
f 2000/7/3 1994/7/3 1999/7/3
f 2001/7/3 1992/7/3 2000/7/3
f 2002/7/3 1990/7/3 1992/7/3
f 2002/7/3 1992/7/3 2001/7/3
f 2003/7/3 1990/7/3 2002/7/3
f 2005/7/3 2003/7/3 2002/7/3
f 2005/7/3 2004/7/3 2003/7/3
f 2006/7/3 2004/7/3 2005/7/3
f 2007/7/4 2008/7/4 2010/7/4
f 2009/7/4 2010/7/4 2012/7/4
f 2011/7/4 2012/7/4 2014/7/4
f 2013/7/4 2014/7/4 2015/7/4
f 2014/7/4 2012/7/4 2016/7/4
f 2015/7/4 2014/7/4 2016/7/4
f 2016/7/4 2012/7/4 2017/7/4
f 2012/7/4 2010/7/4 2018/7/4
f 2017/7/4 2012/7/4 2018/7/4
f 2018/7/4 2010/7/4 2019/7/4
f 2010/7/4 2008/7/4 2020/7/4
f 2019/7/4 2010/7/4 2020/7/4
f 2020/7/4 2008/7/4 2021/7/4
f 2021/7/4 2008/7/4 2022/7/4
f 2023/7/4 2024/7/4 2026/7/4
f 2025/7/4 2026/7/4 2028/7/4
f 2027/7/4 2028/7/4 2030/7/4
f 2029/7/4 2030/7/4 2031/7/4
f 2030/7/4 2028/7/4 2032/7/4
f 2031/7/4 2030/7/4 2032/7/4
f 2026/7/4 2024/7/4 2033/7/4
f 2032/7/4 2028/7/4 2033/7/4
f 2028/7/4 2026/7/4 2033/7/4
f 2032/7/4 2033/7/4 2035/7/4
f 2033/7/4 2034/7/4 2035/7/4
f 2035/7/4 2034/7/4 2036/7/4
f 2036/7/4 2034/7/4 2037/7/4
f 2037/7/4 2038/7/4 2039/7/4
f 2036/7/4 2037/7/4 2039/7/4
f 2039/7/4 2038/7/4 2040/7/4
f 2040/7/4 2038/7/4 2041/7/4
f 2041/7/4 2042/7/4 2043/7/4
f 2040/7/4 2041/7/4 2043/7/4
f 2043/7/4 2042/7/4 2044/7/4
f 2044/7/4 2042/7/4 2045/7/4
f 2044/7/4 2045/7/4 2048/7/4
f 2045/7/4 2046/7/4 2048/7/4
f 2046/4/4 2047/4/4 2049/4/4
f 2048/7/4 2046/7/4 2049/7/4
f 2049/4/4 2047/4/4 2050/4/4
f 2051/6/4 2052/6/4 2053/6/4
f 2053/6/4 2052/6/4 2054/6/4
f 2055/1/4 2056/1/4 2057/1/4
f 2057/1/4 2056/1/4 2058/1/4
f 2059/1/4 2060/1/4 2061/1/4
f 2061/1/4 2060/1/4 2062/1/4
f 2063/1/4 2064/1/4 2065/1/4
f 2065/1/4 2064/1/4 2066/1/4
f 2067/1/4 2068/1/4 2071/1/4
f 2071/1/4 2068/1/4 2072/1/4
f 2069/1/4 2070/1/4 2077/1/4
f 2077/1/4 2070/1/4 2078/1/4
f 2073/8/4 2074/8/4 2079/8/4
f 2079/8/4 2074/8/4 2080/8/4
f 2075/8/4 2076/8/4 2081/8/4
f 2081/8/4 2076/8/4 2082/8/4
f 2083/8/4 2084/8/4 2087/8/4
f 2087/8/4 2084/8/4 2088/8/4
f 2085/8/4 2086/8/4 2089/8/4
f 2089/8/4 2086/8/4 2090/8/4
f 2091/1/4 2092/1/4 2095/1/4
f 2095/1/4 2092/1/4 2096/1/4
f 2093/1/4 2094/1/4 2101/1/4
f 2101/1/4 2094/1/4 2102/1/4
f 2097/1/4 2098/1/4 2103/1/4
f 2103/1/4 2098/1/4 2104/1/4
f 2099/1/4 2100/1/4 2107/1/4
f 2107/1/4 2100/1/4 2108/1/4
f 2105/8/4 2106/8/4 2109/8/4
f 2109/8/4 2106/8/4 2110/8/4
f 2111/1/4 2112/1/4 2115/1/4
f 2115/1/4 2112/1/4 2116/1/4
f 2113/1/4 2114/1/4 2117/1/4
f 2117/1/4 2114/1/4 2118/1/4
f 2119/1/4 2120/1/4 2123/1/4
f 2123/1/4 2120/1/4 2124/1/4
f 2121/1/4 2122/1/4 2129/1/4
f 2129/1/4 2122/1/4 2130/1/4
f 2125/1/4 2126/1/4 2131/1/4
f 2131/1/4 2126/1/4 2132/1/4
f 2127/1/4 2128/1/4 2133/1/4
f 2133/1/4 2128/1/4 2134/1/4
f 2135/1/4 2136/1/4 2139/1/4
f 2139/1/4 2136/1/4 2140/1/4
f 2137/1/4 2138/1/4 2143/1/4
f 2143/1/4 2138/1/4 2144/1/4
f 2141/1/4 2142/1/4 2145/1/4
f 2145/1/4 2142/1/4 2146/1/4
f 2147/1/4 2148/1/4 2152/1/4
f 2148/1/4 2149/1/4 2152/1/4
f 2152/1/4 2149/1/4 2153/1/4
f 2150/1/4 2151/1/4 2154/1/4
f 2154/1/4 2151/1/4 2155/1/4
f 2156/1/4 2157/1/4 2158/1/4
f 2158/1/4 2157/1/4 2159/1/4
f 2160/8/4 2161/8/4 2162/8/4
f 2162/8/4 2161/8/4 2163/8/4
f 2163/8/4 2164/8/4 2165/8/4
f 2165/8/4 2164/8/4 2166/8/4
f 2166/8/4 2167/8/4 2168/8/4
f 2168/8/4 2167/8/4 2169/8/4
f 2169/8/4 2170/8/4 2171/8/4
f 2171/8/4 2170/8/4 2172/8/4
f 2172/8/4 2173/8/4 2174/8/4
f 2174/8/4 2173/8/4 2175/8/4
f 2175/8/4 2176/8/4 2177/8/4
f 2177/8/4 2176/8/4 2178/8/4
f 2179/7/4 2180/7/4 2182/7/4
f 2180/8/4 2181/8/4 2183/8/4
f 2182/7/4 2180/7/4 2183/7/4
f 2183/8/4 2181/8/4 2184/8/4
f 2185/8/4 2186/8/4 2187/8/4
f 2187/8/4 2186/8/4 2188/8/4
f 2189/8/4 2190/8/4 2191/8/4
f 2191/8/4 2190/8/4 2192/8/4
f 2193/7/4 2194/7/4 2195/7/4
f 2195/7/4 2194/7/4 2196/7/4
f 2197/8/4 2198/8/4 2201/8/4
f 2201/8/4 2198/8/4 2202/8/4
f 2199/8/4 2200/8/4 2203/8/4
f 2203/8/4 2200/8/4 2204/8/4
f 2205/7/4 2206/7/4 2207/7/4
f 2207/7/4 2206/7/4 2208/7/4
f 2209/8/4 2210/8/4 2212/8/4
f 2212/8/4 2210/8/4 2213/8/4
f 2211/8/4 2212/8/4 2216/8/4
f 2216/8/4 2212/8/4 2217/8/4
f 2214/8/4 2215/8/4 2220/8/4
f 2220/8/4 2215/8/4 2221/8/4
f 2218/8/4 2219/8/4 2222/8/4
f 2222/8/4 2219/8/4 2223/8/4
f 2224/8/4 2225/8/4 2228/8/4
f 2228/8/4 2225/8/4 2229/8/4
f 2226/8/4 2227/8/4 2231/8/4
f 2231/8/4 2227/8/4 2232/8/4
f 2230/8/4 2231/8/4 2235/8/4
f 2235/8/4 2231/8/4 2236/8/4
f 2233/8/4 2234/8/4 2237/8/4
f 2237/8/4 2234/8/4 2238/8/4
f 2239/8/4 2240/8/4 2241/8/4
f 2241/8/4 2240/8/4 2242/8/4
f 2243/4/4 2244/4/4 2245/4/4
f 2245/4/4 2244/4/4 2246/4/4
f 2246/4/4 2247/4/4 2248/4/4
f 2248/4/4 2247/4/4 2249/4/4
f 2249/4/4 2250/4/4 2251/4/4
f 2251/4/4 2250/4/4 2252/4/4
f 2253/8/4 2254/8/4 2256/8/4
f 2256/8/4 2254/8/4 2257/8/4
f 2255/8/4 2256/8/4 2258/8/4
f 2258/8/4 2256/8/4 2259/8/4
f 2260/4/4 2261/4/4 2262/4/4
f 2260/4/4 2262/4/4 2264/4/4
f 2262/4/4 2263/4/4 2264/4/4
f 2264/4/4 2263/4/4 2265/4/4
f 2265/4/4 2263/4/4 2266/4/4
f 2266/4/4 2267/4/4 2268/4/4
f 2265/4/4 2266/4/4 2268/4/4
f 2268/4/4 2267/4/4 2269/4/4
f 2269/4/4 2267/4/4 2270/4/4
f 2270/4/4 2271/4/4 2272/4/4
f 2269/4/4 2270/4/4 2272/4/4
f 2272/4/4 2271/4/4 2273/4/4
f 2273/4/4 2271/4/4 2274/4/4
f 2274/4/4 2271/4/4 2275/4/4
f 2275/4/4 2271/4/4 2276/4/4
f 2276/4/4 2271/4/4 2277/4/4
f 2278/4/4 2279/4/4 2280/4/4
f 2280/4/4 2279/4/4 2281/4/4
f 2281/4/4 2279/4/4 2282/4/4
f 2278/4/4 2280/4/4 2283/4/4
f 2280/8/4 2281/8/4 2284/8/4
f 2283/4/4 2280/4/4 2284/4/4
f 2284/8/4 2281/8/4 2285/8/4
f 2283/8/4 2284/8/4 2287/8/4
f 2286/8/4 2287/8/4 2289/8/4
f 2287/8/4 2284/8/4 2290/8/4
f 2289/8/4 2287/8/4 2290/8/4
f 2288/8/4 2289/8/4 2292/8/4
f 2292/8/4 2289/8/4 2293/8/4
f 2291/8/4 2292/8/4 2294/8/4
f 2294/8/4 2292/8/4 2295/8/4
f 2291/8/4 2294/8/4 2296/8/4
f 2296/8/4 2294/8/4 2297/8/4
f 2298/4/4 2299/4/4 2303/4/4
f 2303/4/4 2299/4/4 2304/4/4
f 2302/4/4 2303/4/4 2304/4/4
f 2300/4/4 2301/4/4 2305/4/4
f 2302/4/4 2304/4/4 2306/4/4
f 2304/4/4 2305/4/4 2306/4/4
f 2306/4/4 2305/4/4 2307/4/4
f 2307/4/4 2305/4/4 2308/4/4
f 2305/4/4 2301/4/4 2309/4/4
f 2308/4/4 2305/4/4 2309/4/4
f 2309/4/4 2310/4/4 2311/4/4
f 2308/4/4 2309/4/4 2311/4/4
f 2311/4/4 2310/4/4 2312/4/4
f 2312/4/4 2310/4/4 2313/4/4
f 2313/4/4 2314/4/4 2315/4/4
f 2312/4/4 2313/4/4 2315/4/4
f 2315/4/4 2314/4/4 2316/4/4
f 2316/4/4 2314/4/4 2317/4/4
f 2317/4/4 2318/4/4 2319/4/4
f 2316/4/4 2317/4/4 2319/4/4
f 2316/4/4 2319/4/4 2321/4/4
f 2319/4/4 2320/4/4 2321/4/4
f 2321/4/4 2320/4/4 2322/4/4
f 2322/4/4 2320/4/4 2324/4/4
f 2323/4/4 2324/4/4 2326/4/4
f 2325/4/4 2326/4/4 2328/4/4
f 2324/4/4 2320/4/4 2329/4/4
f 2326/4/4 2324/4/4 2329/4/4
f 2328/4/4 2326/4/4 2329/4/4
f 2327/4/4 2328/4/4 2334/4/4
f 2328/4/4 2329/4/4 2334/4/4
f 2329/4/4 2330/4/4 2334/4/4
f 2330/5/4 2331/5/4 2335/5/4
f 2334/4/4 2330/4/4 2335/4/4
f 2335/5/4 2331/5/4 2336/5/4
f 2332/4/4 2333/4/4 2338/4/4
f 2336/4/4 2337/4/4 2338/4/4
f 2335/4/4 2336/4/4 2338/4/4
f 2334/4/4 2335/4/4 2338/4/4
f 2333/4/4 2334/4/4 2338/4/4
f 2338/4/4 2337/4/4 2339/4/4
f 2339/4/4 2337/4/4 2340/4/4
f 2340/4/4 2337/4/4 2341/4/4
f 2341/4/4 2337/4/4 2342/4/4
f 2342/4/4 2337/4/4 2343/4/4
f 2343/4/4 2337/4/4 2345/4/4
f 2344/4/4 2345/4/4 2347/4/4
f 2332/4/4 2338/4/4 2348/4/4
f 2346/4/4 2347/4/4 2351/4/4
f 2348/4/4 2349/4/4 2352/4/4
f 2350/4/4 2351/4/4 2353/4/4
f 2348/4/4 2352/4/4 2354/4/4
f 2352/4/4 2353/4/4 2354/4/4
f 2353/4/4 2351/4/4 2355/4/4
f 2354/4/4 2353/4/4 2355/4/4
f 2348/4/4 2354/4/4 2356/4/4
f 2332/4/4 2348/4/4 2356/4/4
f 2356/4/4 2354/4/4 2357/4/4
f 2355/4/4 2351/4/4 2358/4/4
f 2347/4/4 2345/4/4 2359/4/4
f 2358/4/4 2351/4/4 2359/4/4
f 2351/4/4 2347/4/4 2359/4/4
f 2359/4/4 2345/4/4 2360/4/4
f 2345/4/4 2337/4/4 2361/4/4
f 2360/4/4 2345/4/4 2361/4/4
f 2361/4/4 2337/4/4 2363/4/4
f 2362/4/4 2363/4/4 2365/4/4
f 2332/4/4 2356/4/4 2366/4/4
f 2364/4/4 2365/4/4 2369/4/4
f 2366/4/4 2367/4/4 2370/4/4
f 2332/4/4 2366/4/4 2370/4/4
f 2370/4/4 2367/4/4 2371/4/4
f 2371/4/4 2367/4/4 2372/4/4
f 2368/4/4 2369/4/4 2373/4/4
f 2363/4/4 2337/4/4 2374/4/4
f 2365/4/4 2363/4/4 2374/4/4
f 2373/4/4 2369/4/4 2374/4/4
f 2369/4/4 2365/4/4 2374/4/4
f 2372/4/4 2373/4/4 2375/4/4
f 2375/4/4 2373/4/4 2376/4/4
f 2376/4/4 2373/4/4 2377/4/4
f 2377/4/4 2373/4/4 2378/4/4
f 2378/4/4 2373/4/4 2379/4/4
f 2379/4/4 2373/4/4 2380/4/4
f 2380/4/4 2373/4/4 2382/4/4
f 2381/4/4 2382/4/4 2384/4/4
f 2383/4/4 2384/4/4 2386/4/4
f 2385/4/4 2386/4/4 2389/4/4
f 2382/4/4 2373/4/4 2390/4/4
f 2384/4/4 2382/4/4 2390/4/4
f 2389/4/4 2386/4/4 2390/4/4
f 2386/4/4 2384/4/4 2390/4/4
f 2390/4/4 2373/4/4 2391/4/4
f 2388/4/4 2389/4/4 2392/4/4
f 2387/4/4 2388/4/4 2392/4/4
f 2389/4/4 2390/4/4 2392/4/4
f 2392/4/4 2390/4/4 2393/4/4
f 2393/4/4 2390/4/4 2394/4/4
f 2394/4/4 2390/4/4 2395/4/4
f 2393/4/4 2394/4/4 2396/4/4
f 2396/4/4 2394/4/4 2397/4/4
f 2398/6/4 2399/6/4 2400/6/4
f 2400/6/4 2399/6/4 2401/6/4
f 2402/7/4 2403/7/4 2405/7/4
f 2404/7/4 2405/7/4 2407/7/4
f 2405/7/4 2403/7/4 2408/7/4
f 2407/7/4 2405/7/4 2408/7/4
f 2408/7/4 2403/7/4 2409/7/4
f 2406/7/4 2407/7/4 2411/7/4
f 2407/7/4 2408/7/4 2411/7/4
f 2411/7/4 2408/7/4 2412/7/4
f 2409/7/4 2410/7/4 2413/7/4
f 2413/7/4 2410/7/4 2414/7/4
f 2406/7/4 2411/7/4 2416/7/4
f 2416/7/4 2411/7/4 2417/7/4
f 2417/7/4 2411/7/4 2418/7/4
f 2414/7/4 2410/7/4 2419/7/4
f 2419/7/4 2410/7/4 2420/7/4
f 2415/7/4 2416/7/4 2422/7/4
f 2416/7/4 2417/7/4 2422/7/4
f 2422/7/4 2417/7/4 2423/7/4
f 2423/7/4 2417/7/4 2424/7/4
f 2420/7/4 2421/7/4 2427/7/4
f 2427/7/4 2421/7/4 2428/7/4
f 2424/7/4 2425/7/4 2429/7/4
f 2423/7/4 2424/7/4 2429/7/4
f 2426/7/4 2427/7/4 2432/7/4
f 2429/7/4 2430/7/4 2433/7/4
f 2423/7/4 2429/7/4 2433/7/4
f 2433/7/4 2430/7/4 2434/7/4
f 2434/7/4 2430/7/4 2435/7/4
f 2431/7/4 2432/7/4 2436/7/4
f 2432/7/4 2427/7/4 2437/7/4
f 2436/7/4 2432/7/4 2437/7/4
f 2434/7/4 2435/7/4 2438/7/4
f 2435/7/4 2436/7/4 2438/7/4
f 2438/7/4 2436/7/4 2439/7/4
f 2439/7/4 2436/7/4 2440/7/4
f 2440/7/4 2436/7/4 2441/7/4
f 2442/3/4 2443/3/4 2444/3/4
f 2444/3/4 2443/3/4 2445/3/4
f 2444/5/4 2445/5/4 2447/5/4
f 2445/3/4 2446/3/4 2447/3/4
f 2447/3/4 2446/3/4 2448/3/4
f 2442/3/4 2444/3/4 2450/3/4
f 2450/3/4 2444/3/4 2451/3/4
f 2442/3/4 2450/3/4 2452/3/4
f 2450/8/4 2451/8/4 2453/8/4
f 2452/3/4 2450/3/4 2453/3/4
f 2451/3/4 2444/3/4 2454/3/4
f 2453/8/4 2451/8/4 2454/8/4
f 2454/3/4 2444/3/4 2455/3/4
f 2442/3/4 2452/3/4 2456/3/4
f 2452/8/4 2453/8/4 2457/8/4
f 2456/3/4 2452/3/4 2457/3/4
f 2453/8/4 2454/8/4 2457/8/4
f 2454/8/4 2455/8/4 2457/8/4
f 2455/3/4 2444/3/4 2458/3/4
f 2457/8/4 2455/8/4 2458/8/4
f 2458/3/4 2444/3/4 2459/3/4
f 2444/5/4 2447/5/4 2460/5/4
f 2447/5/4 2448/5/4 2460/5/4
f 2448/3/4 2449/3/4 2461/3/4
f 2460/5/4 2448/5/4 2461/5/4
f 2461/3/4 2449/3/4 2462/3/4
f 2458/8/4 2459/8/4 2463/8/4
f 2442/3/4 2456/3/4 2463/3/4
f 2456/8/4 2457/8/4 2463/8/4
f 2457/8/4 2458/8/4 2463/8/4
f 2459/3/4 2444/3/4 2464/3/4
f 2463/8/4 2459/8/4 2464/8/4
f 2444/5/4 2460/5/4 2465/5/4
f 2464/3/4 2444/3/4 2465/3/4
f 2460/3/4 2461/3/4 2466/3/4
f 2465/5/4 2460/5/4 2466/5/4
f 2466/3/4 2461/3/4 2467/3/4
f 2463/3/4 2464/3/4 2468/3/4
f 2442/3/4 2463/3/4 2468/3/4
f 2465/3/4 2466/3/4 2468/3/4
f 2464/3/4 2465/3/4 2468/3/4
f 2468/3/4 2466/3/4 2469/3/4
f 2469/3/4 2466/3/4 2470/3/4
f 2470/3/4 2466/3/4 2471/3/4
f 2469/3/4 2470/3/4 2472/3/4
f 2472/3/4 2470/3/4 2473/3/4
f 2474/3/4 2475/3/4 2477/3/4
f 2477/3/4 2475/3/4 2478/3/4
f 2477/3/4 2478/3/4 2480/3/4
f 2478/3/4 2479/3/4 2480/3/4
f 2476/3/4 2477/3/4 2480/3/4
f 2480/3/4 2479/3/4 2481/3/4
f 2476/3/4 2480/3/4 2483/3/4
f 2483/3/4 2480/3/4 2484/3/4
f 2476/3/4 2483/3/4 2485/3/4
f 2483/8/4 2484/8/4 2486/8/4
f 2485/3/4 2483/3/4 2486/3/4
f 2484/3/4 2480/3/4 2487/3/4
f 2486/8/4 2484/8/4 2487/8/4
f 2487/3/4 2480/3/4 2488/3/4
f 2480/5/4 2481/5/4 2489/5/4
f 2481/3/4 2482/3/4 2490/3/4
f 2489/5/4 2481/5/4 2490/5/4
f 2490/3/4 2482/3/4 2491/3/4
f 2476/3/4 2485/3/4 2492/3/4
f 2485/8/4 2486/8/4 2493/8/4
f 2492/3/4 2485/3/4 2493/3/4
f 2486/8/4 2487/8/4 2493/8/4
f 2487/8/4 2488/8/4 2493/8/4
f 2488/3/4 2480/3/4 2494/3/4
f 2493/8/4 2488/8/4 2494/8/4
f 2494/3/4 2480/3/4 2495/3/4
f 2480/5/4 2489/5/4 2496/5/4
f 2495/3/4 2480/3/4 2496/3/4
f 2489/3/4 2490/3/4 2497/3/4
f 2496/5/4 2489/5/4 2497/5/4
f 2497/3/4 2490/3/4 2498/3/4
f 2476/3/4 2492/3/4 2499/3/4
f 2499/3/4 2492/3/4 2500/3/4
f 2492/8/4 2493/8/4 2501/8/4
f 2500/3/4 2492/3/4 2501/3/4
f 2494/8/4 2495/8/4 2501/8/4
f 2493/8/4 2494/8/4 2501/8/4
f 2495/3/4 2496/3/4 2502/3/4
f 2501/8/4 2495/8/4 2502/8/4
f 2496/3/4 2497/3/4 2502/3/4
f 2502/3/4 2497/3/4 2503/3/4
f 2503/3/4 2497/3/4 2504/3/4
f 2500/3/4 2501/3/4 2507/3/4
f 2501/3/4 2502/3/4 2507/3/4
f 2502/3/4 2503/3/4 2507/3/4
f 2507/3/4 2503/3/4 2508/3/4
f 2505/7/4 2506/7/4 2510/7/4
f 2509/7/4 2510/7/4 2512/7/4
f 2510/7/4 2506/7/4 2513/7/4
f 2512/7/4 2510/7/4 2513/7/4
f 2513/7/4 2506/7/4 2514/7/4
f 2511/7/4 2512/7/4 2516/7/4
f 2512/7/4 2513/7/4 2516/7/4
f 2516/7/4 2513/7/4 2517/7/4
f 2514/7/4 2515/7/4 2518/7/4
f 2518/7/4 2515/7/4 2519/7/4
f 2511/7/4 2516/7/4 2521/7/4
f 2521/7/4 2516/7/4 2522/7/4
f 2522/7/4 2516/7/4 2523/7/4
f 2519/7/4 2515/7/4 2524/7/4
f 2524/7/4 2515/7/4 2525/7/4
f 2520/7/4 2521/7/4 2527/7/4
f 2521/7/4 2522/7/4 2527/7/4
f 2527/7/4 2522/7/4 2528/7/4
f 2528/7/4 2522/7/4 2529/7/4
f 2525/7/4 2526/7/4 2532/7/4
f 2532/7/4 2526/7/4 2533/7/4
f 2529/7/4 2530/7/4 2534/7/4
f 2528/7/4 2529/7/4 2534/7/4
f 2531/7/4 2532/7/4 2537/7/4
f 2534/7/4 2535/7/4 2538/7/4
f 2528/7/4 2534/7/4 2538/7/4
f 2538/7/4 2535/7/4 2539/7/4
f 2539/7/4 2535/7/4 2540/7/4
f 2536/7/4 2537/7/4 2541/7/4
f 2537/7/4 2532/7/4 2542/7/4
f 2541/7/4 2537/7/4 2542/7/4
f 2539/7/4 2540/7/4 2543/7/4
f 2540/7/4 2541/7/4 2543/7/4
f 2543/7/4 2541/7/4 2544/7/4
f 2544/7/4 2541/7/4 2545/7/4
f 2545/7/4 2541/7/4 2546/7/4
f 2547/4/4 2548/4/4 2550/4/4
f 2550/4/4 2548/4/4 2551/4/4
f 2549/2/4 2550/2/4 2554/2/4
f 2554/2/4 2550/2/4 2555/2/4
f 2553/2/4 2554/2/4 2558/2/4
f 2555/2/4 2556/2/4 2558/2/4
f 2554/2/4 2555/2/4 2558/2/4
f 2558/2/4 2556/2/4 2559/2/4
f 2551/4/4 2552/4/4 2560/4/4
f 2560/4/4 2552/4/4 2561/4/4
f 2558/2/4 2559/2/4 2563/2/4
f 2557/2/4 2558/2/4 2563/2/4
f 2559/2/4 2560/2/4 2563/2/4
f 2563/2/4 2560/2/4 2564/2/4
f 2564/2/4 2560/2/4 2565/2/4
f 2565/2/4 2560/2/4 2566/2/4
f 2561/4/4 2562/4/4 2567/4/4
f 2567/4/4 2562/4/4 2568/4/4
f 2564/2/4 2565/2/4 2569/2/4
f 2569/2/4 2565/2/4 2570/2/4
f 2570/2/4 2565/2/4 2571/2/4
f 2571/2/4 2565/2/4 2572/2/4
f 2570/2/4 2571/2/4 2573/2/4
f 2573/2/4 2571/2/4 2574/2/4
f 2566/4/4 2567/4/4 2575/4/4
f 2575/4/4 2567/4/4 2576/4/4
f 2574/4/4 2575/4/4 2577/4/4
f 2577/4/4 2575/4/4 2578/4/4
f 2579/4/4 2580/4/4 2582/4/4
f 2582/4/4 2580/4/4 2583/4/4
f 2581/2/4 2582/2/4 2586/2/4
f 2586/2/4 2582/2/4 2587/2/4
f 2585/2/4 2586/2/4 2590/2/4
f 2587/2/4 2588/2/4 2590/2/4
f 2586/2/4 2587/2/4 2590/2/4
f 2590/2/4 2588/2/4 2591/2/4
f 2583/4/4 2584/4/4 2592/4/4
f 2592/4/4 2584/4/4 2593/4/4
f 2590/2/4 2591/2/4 2595/2/4
f 2591/2/4 2592/2/4 2595/2/4
f 2589/2/4 2590/2/4 2595/2/4
f 2595/2/4 2592/2/4 2596/2/4
f 2596/2/4 2592/2/4 2597/2/4
f 2597/2/4 2592/2/4 2598/2/4
f 2593/4/4 2594/4/4 2599/4/4
f 2599/4/4 2594/4/4 2600/4/4
f 2596/2/4 2597/2/4 2601/2/4
f 2601/2/4 2597/2/4 2602/2/4
f 2602/2/4 2597/2/4 2603/2/4
f 2603/2/4 2597/2/4 2604/2/4
f 2602/2/4 2603/2/4 2605/2/4
f 2605/2/4 2603/2/4 2606/2/4
f 2598/4/4 2599/4/4 2607/4/4
f 2607/4/4 2599/4/4 2608/4/4
f 2606/4/4 2607/4/4 2609/4/4
f 2609/4/4 2607/4/4 2610/4/4
f 2611/4/4 2612/4/4 2613/4/4
f 2613/4/4 2612/4/4 2614/4/4
f 2614/4/4 2615/4/4 2616/4/4
f 2616/4/4 2615/4/4 2617/4/4
f 2617/4/4 2618/4/4 2619/4/4
f 2619/4/4 2618/4/4 2620/4/4
f 2620/4/4 2621/4/4 2623/4/4
f 2623/4/4 2621/4/4 2624/4/4
f 2622/4/4 2623/4/4 2626/4/4
f 2626/4/4 2623/4/4 2627/4/4
f 2625/4/4 2626/4/4 2629/4/4
f 2629/4/4 2626/4/4 2630/4/4
f 2628/4/4 2629/4/4 2631/4/4
f 2631/4/4 2629/4/4 2632/4/4
f 2633/4/4 2634/4/4 2635/4/4
f 2635/4/4 2634/4/4 2636/4/4
f 2636/4/4 2637/4/4 2638/4/4
f 2638/4/4 2637/4/4 2639/4/4
f 2639/4/4 2640/4/4 2641/4/4
f 2641/4/4 2640/4/4 2642/4/4
f 2642/4/4 2643/4/4 2645/4/4
f 2645/4/4 2643/4/4 2646/4/4
f 2644/4/4 2645/4/4 2648/4/4
f 2648/4/4 2645/4/4 2649/4/4
f 2647/4/4 2648/4/4 2651/4/4
f 2651/4/4 2648/4/4 2652/4/4
f 2650/4/4 2651/4/4 2653/4/4
f 2653/4/4 2651/4/4 2654/4/4
f 2657/7/5 2656/7/5 2655/7/5
f 2658/7/5 2656/7/5 2657/7/5
f 2663/7/5 2660/7/5 2659/7/5
f 2664/7/5 2660/7/5 2663/7/5
f 2665/7/5 2662/7/5 2661/7/5
f 2666/7/5 2662/7/5 2665/7/5
f 2670/2/5 2668/2/5 2667/2/5
f 2671/2/5 2668/2/5 2670/2/5
f 2675/7/5 2670/7/5 2669/7/5
f 2676/7/5 2670/7/5 2675/7/5
f 2677/7/5 2672/7/5 2671/7/5
f 2678/7/5 2672/7/5 2677/7/5
f 2679/7/5 2674/7/5 2673/7/5
f 2680/7/5 2674/7/5 2679/7/5
f 2689/7/5 2682/7/5 2681/7/5
f 2690/7/5 2682/7/5 2689/7/5
f 2691/7/5 2684/7/5 2683/7/5
f 2692/7/5 2684/7/5 2691/7/5
f 2693/7/5 2686/7/5 2685/7/5
f 2694/7/5 2686/7/5 2693/7/5
f 2695/7/5 2688/7/5 2687/7/5
f 2696/7/5 2688/7/5 2695/7/5
f 2705/2/5 2698/2/5 2697/2/5
f 2706/2/5 2698/2/5 2705/2/5
f 2707/2/5 2700/2/5 2699/2/5
f 2708/2/5 2700/2/5 2707/2/5
f 2712/2/5 2702/2/5 2701/2/5
f 2713/2/5 2702/2/5 2712/2/5
f 2715/7/5 2704/7/5 2703/7/5
f 2716/7/5 2704/7/5 2715/7/5
f 2717/7/5 2710/7/5 2709/7/5
f 2718/7/5 2710/7/5 2717/7/5
f 2719/7/5 2712/7/5 2711/7/5
f 2720/7/5 2712/7/5 2719/7/5
f 2721/7/5 2714/7/5 2713/7/5
f 2722/7/5 2714/7/5 2721/7/5
f 2731/7/5 2724/7/5 2723/7/5
f 2732/7/5 2724/7/5 2731/7/5
f 2735/7/5 2726/7/5 2725/7/5
f 2736/7/5 2726/7/5 2735/7/5
f 2737/7/5 2728/7/5 2727/7/5
f 2738/7/5 2728/7/5 2737/7/5
f 2741/7/5 2730/7/5 2729/7/5
f 2742/7/5 2730/7/5 2741/7/5
f 2743/2/5 2734/2/5 2733/2/5
f 2744/2/5 2734/2/5 2743/2/5
f 2745/2/5 2740/2/5 2739/2/5
f 2746/2/5 2740/2/5 2745/2/5
f 2755/2/5 2748/2/5 2747/2/5
f 2756/2/5 2748/2/5 2755/2/5
f 2757/2/5 2750/2/5 2749/2/5
f 2758/2/5 2750/2/5 2757/2/5
f 2761/2/5 2752/2/5 2751/2/5
f 2762/2/5 2752/2/5 2761/2/5
f 2763/2/5 2754/2/5 2753/2/5
f 2764/2/5 2754/2/5 2763/2/5
f 2767/7/5 2760/7/5 2759/7/5
f 2768/7/5 2760/7/5 2767/7/5
f 2769/7/5 2766/7/5 2765/7/5
f 2770/7/5 2766/7/5 2769/7/5
f 2779/2/5 2772/2/5 2771/2/5
f 2780/2/5 2772/2/5 2779/2/5
f 2781/2/5 2774/2/5 2773/2/5
f 2782/2/5 2774/2/5 2781/2/5
f 2783/2/5 2776/2/5 2775/2/5
f 2784/2/5 2776/2/5 2783/2/5
f 2785/2/5 2778/2/5 2777/2/5
f 2786/2/5 2778/2/5 2785/2/5
f 2797/2/5 2788/2/5 2787/2/5
f 2798/2/5 2788/2/5 2797/2/5
f 2799/2/5 2790/2/5 2789/2/5
f 2800/2/5 2790/2/5 2799/2/5
f 2803/7/5 2792/7/5 2791/7/5
f 2804/7/5 2792/7/5 2803/7/5
f 2805/7/5 2794/7/5 2793/7/5
f 2806/7/5 2794/7/5 2805/7/5
f 2807/7/5 2796/7/5 2795/7/5
f 2808/7/5 2796/7/5 2807/7/5
f 2809/7/5 2802/7/5 2801/7/5
f 2810/7/5 2802/7/5 2809/7/5
f 2813/1/5 2812/1/5 2811/1/5
f 2814/1/5 2812/1/5 2813/1/5
f 2823/7/5 2816/7/5 2815/7/5
f 2824/7/5 2816/7/5 2823/7/5
f 2829/7/5 2818/7/5 2817/7/5
f 2830/7/5 2818/7/5 2829/7/5
f 2831/7/5 2820/7/5 2819/7/5
f 2832/7/5 2820/7/5 2831/7/5
f 2837/7/5 2822/7/5 2821/7/5
f 2838/7/5 2822/7/5 2837/7/5
f 2839/2/5 2826/2/5 2825/2/5
f 2840/2/5 2826/2/5 2839/2/5
f 2841/2/5 2828/2/5 2827/2/5
f 2842/2/5 2828/2/5 2841/2/5
f 2843/2/5 2834/2/5 2833/2/5
f 2844/2/5 2834/2/5 2843/2/5
f 2845/2/5 2836/2/5 2835/2/5
f 2846/2/5 2836/2/5 2845/2/5
f 2851/2/5 2848/2/5 2847/2/5
f 2852/2/5 2848/2/5 2851/2/5
f 2853/2/5 2850/2/5 2849/2/5
f 2854/2/5 2850/2/5 2853/2/5
f 2860/4/5 2856/4/5 2855/4/5
f 2860/4/5 2859/4/5 2858/4/5
f 2860/4/5 2858/4/5 2857/4/5
f 2860/4/5 2857/4/5 2856/4/5
f 2861/4/5 2859/4/5 2860/4/5
f 2862/7/5 2861/7/5 2860/7/5
f 2862/4/5 2859/4/5 2861/4/5
f 2863/4/5 2859/4/5 2862/4/5
f 2866/1/5 2865/1/5 2864/1/5
f 2867/1/5 2865/1/5 2866/1/5
f 2870/8/5 2869/8/5 2868/8/5
f 2871/8/5 2869/8/5 2870/8/5
f 2872/1/5 2871/1/5 2870/1/5
f 2873/1/5 2871/1/5 2872/1/5
f 2874/7/5 2862/7/5 2860/7/5
f 2874/7/5 2863/7/5 2862/7/5
f 2875/4/5 2859/4/5 2863/4/5
f 2875/7/5 2863/7/5 2874/7/5
f 2876/7/5 2874/7/5 2860/7/5
f 2877/4/5 2875/4/5 2874/4/5
f 2877/7/5 2874/7/5 2876/7/5
f 2878/4/5 2877/4/5 2876/4/5
f 2879/4/5 2859/4/5 2875/4/5
f 2879/4/5 2877/4/5 2878/4/5
f 2879/4/5 2875/4/5 2877/4/5
f 2880/4/5 2859/4/5 2879/4/5
f 2881/4/5 2859/4/5 2880/4/5
f 2882/4/5 2859/4/5 2881/4/5
f 2889/7/5 2884/7/5 2883/7/5
f 2890/7/5 2884/7/5 2889/7/5
f 2893/7/5 2886/7/5 2885/7/5
f 2894/7/5 2886/7/5 2893/7/5
f 2895/4/5 2888/4/5 2887/4/5
f 2897/4/5 2895/4/5 2887/4/5
f 2898/4/5 2895/4/5 2897/4/5
f 2901/1/5 2900/1/5 2899/1/5
f 2902/1/5 2900/1/5 2901/1/5
f 2905/1/5 2904/1/5 2903/1/5
f 2906/1/5 2904/1/5 2905/1/5
f 2909/1/5 2908/1/5 2907/1/5
f 2910/1/5 2908/1/5 2909/1/5
f 2911/7/5 2897/7/5 2896/7/5
f 2911/7/5 2898/7/5 2897/7/5
f 2912/7/5 2898/7/5 2911/7/5
f 2913/7/5 2898/7/5 2912/7/5
f 2914/4/5 2913/4/5 2912/4/5
f 2915/4/5 2914/4/5 2912/4/5
f 2916/4/5 2914/4/5 2915/4/5
f 2917/4/5 2892/4/5 2891/4/5
f 2918/4/5 2892/4/5 2917/4/5
f 2923/1/5 2922/1/5 2921/1/5
f 2924/1/5 2922/1/5 2923/1/5
f 2927/1/5 2926/1/5 2925/1/5
f 2928/1/5 2926/1/5 2927/1/5
f 2931/8/5 2930/8/5 2929/8/5
f 2932/8/5 2930/8/5 2931/8/5
f 2933/1/5 2932/1/5 2931/1/5
f 2934/1/5 2932/1/5 2933/1/5
f 2937/1/5 2936/1/5 2935/1/5
f 2938/1/5 2936/1/5 2937/1/5
f 2939/4/5 2920/4/5 2919/4/5
f 2940/4/5 2920/4/5 2939/4/5
f 2945/3/5 2942/3/5 2941/3/5
f 2946/3/5 2942/3/5 2945/3/5
f 2947/3/5 2944/3/5 2943/3/5
f 2948/3/5 2944/3/5 2947/3/5
f 2953/1/5 2952/1/5 2951/1/5
f 2954/1/5 2952/1/5 2953/1/5
f 2957/1/5 2956/1/5 2955/1/5
f 2958/1/5 2956/1/5 2957/1/5
f 2959/4/5 2950/4/5 2949/4/5
f 2960/4/5 2950/4/5 2959/4/5
f 2966/4/5 2964/4/5 2963/4/5
f 2967/4/5 2962/4/5 2961/4/5
f 2968/4/5 2962/4/5 2967/4/5
f 2969/4/5 2966/4/5 2965/4/5
f 2970/4/5 2964/4/5 2966/4/5
f 2970/4/5 2966/4/5 2969/4/5
f 2973/1/5 2972/1/5 2971/1/5
f 2974/1/5 2972/1/5 2973/1/5
f 2976/1/5 2975/1/5 2974/1/5
f 2977/1/5 2975/1/5 2976/1/5
f 2980/8/5 2979/8/5 2978/8/5
f 2981/8/5 2979/8/5 2980/8/5
f 2984/1/5 2983/1/5 2982/1/5
f 2985/1/5 2983/1/5 2984/1/5
f 2988/1/5 2987/1/5 2986/1/5
f 2989/1/5 2987/1/5 2988/1/5
f 2998/4/5 2991/4/5 2990/4/5
f 2999/4/5 2991/4/5 2998/4/5
f 3000/4/5 2993/4/5 2992/4/5
f 3001/4/5 2993/4/5 3000/4/5
f 3002/4/5 2995/4/5 2994/4/5
f 3003/4/5 2995/4/5 3002/4/5
f 3004/4/5 2997/4/5 2996/4/5
f 3005/4/5 2997/4/5 3004/4/5
f 3006/4/5 2998/4/5 2990/4/5
f 3007/4/5 2998/4/5 3006/4/5
f 3008/4/5 2993/4/5 3001/4/5
f 3009/4/5 2993/4/5 3008/4/5
f 3010/4/5 3002/4/5 2994/4/5
f 3011/4/5 3002/4/5 3010/4/5
f 3012/4/5 2997/4/5 3005/4/5
f 3013/4/5 2997/4/5 3012/4/5
f 3016/4/5 3015/4/5 3014/4/5
f 3017/4/5 3015/4/5 3016/4/5
f 3020/8/5 3019/8/5 3018/8/5
f 3022/8/5 3020/8/5 3018/8/5
f 3022/1/5 3021/1/5 3020/1/5
f 3023/1/5 3021/1/5 3022/1/5
f 3024/8/5 3022/8/5 3018/8/5
f 3027/1/5 3026/1/5 3025/1/5
f 3028/1/5 3026/1/5 3027/1/5
f 3029/8/5 3028/8/5 3027/8/5
f 3030/8/5 3028/8/5 3029/8/5
f 3033/8/5 3032/8/5 3031/8/5
f 3034/8/5 3032/8/5 3033/8/5
f 3035/8/5 3024/8/5 3018/8/5
f 3036/8/5 3035/8/5 3018/8/5
f 3037/8/5 3036/8/5 3018/8/5
f 3039/8/5 3037/8/5 3018/8/5
f 3039/8/5 3038/8/5 3037/8/5
f 3040/8/5 3038/8/5 3039/8/5
f 3045/3/5 3042/3/5 3041/3/5
f 3046/3/5 3042/3/5 3045/3/5
f 3047/3/5 3044/3/5 3043/3/5
f 3048/3/5 3044/3/5 3047/3/5
f 3057/4/5 3050/4/5 3049/4/5
f 3058/4/5 3050/4/5 3057/4/5
f 3061/4/5 3052/4/5 3051/4/5
f 3062/4/5 3052/4/5 3061/4/5
f 3063/4/5 3054/4/5 3053/4/5
f 3066/4/5 3056/4/5 3055/4/5
f 3067/4/5 3059/4/5 3058/4/5
f 3068/4/5 3059/4/5 3067/4/5
f 3069/4/5 3061/4/5 3060/4/5
f 3070/4/5 3061/4/5 3069/4/5
f 3071/4/5 3064/4/5 3063/4/5
f 3071/4/5 3063/4/5 3053/4/5
f 3072/4/5 3064/4/5 3071/4/5
f 3073/4/5 3066/4/5 3065/4/5
f 3074/4/5 3056/4/5 3066/4/5
f 3074/4/5 3066/4/5 3073/4/5
f 3077/8/5 3076/8/5 3075/8/5
f 3078/8/5 3076/8/5 3077/8/5
f 3080/1/5 3079/1/5 3078/1/5
f 3081/1/5 3079/1/5 3080/1/5
f 3084/8/5 3083/8/5 3082/8/5
f 3085/8/5 3083/8/5 3084/8/5
f 3088/1/5 3087/1/5 3086/1/5
f 3089/1/5 3087/1/5 3088/1/5
f 3092/1/5 3091/1/5 3090/1/5
f 3093/1/5 3091/1/5 3092/1/5
f 3104/3/5 3095/3/5 3094/3/5
f 3105/3/5 3095/3/5 3104/3/5
f 3106/3/5 3097/3/5 3096/3/5
f 3107/3/5 3097/3/5 3106/3/5
f 3108/3/5 3099/3/5 3098/3/5
f 3109/3/5 3099/3/5 3108/3/5
f 3115/4/5 3101/4/5 3100/4/5
f 3116/4/5 3101/4/5 3115/4/5
f 3117/4/5 3103/4/5 3102/4/5
f 3118/4/5 3103/4/5 3117/4/5
f 3121/4/5 3111/4/5 3110/4/5
f 3122/4/5 3111/4/5 3121/4/5
f 3123/4/5 3113/4/5 3112/4/5
f 3124/4/5 3113/4/5 3123/4/5
f 3126/4/5 3115/4/5 3114/4/5
f 3127/4/5 3115/4/5 3126/4/5
f 3128/4/5 3119/4/5 3118/4/5
f 3129/4/5 3119/4/5 3128/4/5
f 3130/4/5 3121/4/5 3120/4/5
f 3131/4/5 3121/4/5 3130/4/5
f 3132/4/5 3125/4/5 3124/4/5
f 3133/4/5 3125/4/5 3132/4/5
f 3138/4/5 3135/4/5 3134/4/5
f 3139/4/5 3135/4/5 3138/4/5
f 3140/4/5 3137/4/5 3136/4/5
f 3141/4/5 3137/4/5 3140/4/5
f 3144/4/5 3140/4/5 3139/4/5
f 3145/4/5 3140/4/5 3144/4/5
f 3146/6/5 3143/6/5 3142/6/5
f 3147/6/5 3143/6/5 3146/6/5
f 3148/6/5 3146/6/5 3142/6/5
f 3149/6/5 3146/6/5 3148/6/5
f 3152/6/5 3151/6/5 3150/6/5
f 3154/6/5 3152/6/5 3150/6/5
f 3154/6/5 3153/6/5 3152/6/5
f 3155/6/5 3153/6/5 3154/6/5
f 3161/4/5 3157/4/5 3156/4/5
f 3162/4/5 3157/4/5 3161/4/5
f 3165/4/5 3159/4/5 3158/4/5
f 3166/4/5 3159/4/5 3165/4/5
f 3168/4/5 3161/4/5 3160/4/5
f 3169/4/5 3161/4/5 3168/4/5
f 3170/4/5 3163/4/5 3162/4/5
f 3171/4/5 3163/4/5 3170/4/5
f 3172/4/5 3165/4/5 3164/4/5
f 3173/4/5 3165/4/5 3172/4/5
f 3174/4/5 3167/4/5 3166/4/5
f 3175/4/5 3167/4/5 3174/4/5
f 3182/4/5 3177/4/5 3176/4/5
f 3183/4/5 3177/4/5 3182/4/5
f 3184/4/5 3179/4/5 3178/4/5
f 3185/4/5 3179/4/5 3184/4/5
f 3188/4/5 3181/4/5 3180/4/5
f 3189/4/5 3181/4/5 3188/4/5
f 3190/4/5 3186/4/5 3185/4/5
f 3191/4/5 3186/4/5 3190/4/5
f 3192/4/5 3188/4/5 3187/4/5
f 3193/4/5 3188/4/5 3192/4/5
f 3198/4/5 3195/4/5 3194/4/5
f 3199/4/5 3195/4/5 3198/4/5
f 3200/4/5 3197/4/5 3196/4/5
f 3201/4/5 3197/4/5 3200/4/5
f 3206/4/5 3203/4/5 3202/4/5
f 3207/4/5 3203/4/5 3206/4/5
f 3210/4/5 3205/4/5 3204/4/5
f 3211/4/5 3205/4/5 3210/4/5
f 3212/4/5 3208/4/5 3207/4/5
f 3213/4/5 3208/4/5 3212/4/5
f 3214/4/5 3210/4/5 3209/4/5
f 3215/4/5 3210/4/5 3214/4/5
f 3220/4/5 3217/4/5 3216/4/5
f 3221/4/5 3217/4/5 3220/4/5
f 3222/4/5 3219/4/5 3218/4/5
f 3223/4/5 3219/4/5 3222/4/5
f 3224/4/5 3222/4/5 3221/4/5
f 3225/4/5 3222/4/5 3224/4/5
f 3228/4/5 3227/4/5 3226/4/5
f 3229/4/5 3227/4/5 3228/4/5
f 3230/7/6 3231/7/6 3232/7/6
f 3232/7/6 3231/7/6 3233/7/6
f 3234/2/6 3235/2/6 3238/2/6
f 3238/2/6 3235/2/6 3239/2/6
f 3236/2/6 3237/2/6 3240/2/6
f 3240/2/6 3237/2/6 3241/2/6
f 3242/7/6 3243/7/6 3244/7/6
f 3244/7/6 3243/7/6 3245/7/6
f 3246/2/6 3247/2/6 3250/2/6
f 3250/2/6 3247/2/6 3251/2/6
f 3248/2/6 3249/2/6 3252/2/6
f 3252/2/6 3249/2/6 3253/2/6
f 3254/7/6 3255/7/6 3256/7/6
f 3256/7/6 3255/7/6 3257/7/6
f 3258/7/6 3259/7/6 3260/7/6
f 3260/7/6 3259/7/6 3261/7/6
f 3262/2/6 3263/2/6 3270/2/6
f 3270/2/6 3263/2/6 3271/2/6
f 3264/2/6 3265/2/6 3272/2/6
f 3272/2/6 3265/2/6 3273/2/6
f 3266/2/6 3267/2/6 3274/2/6
f 3274/2/6 3267/2/6 3275/2/6
f 3268/2/6 3269/2/6 3276/2/6
f 3276/2/6 3269/2/6 3277/2/6
f 3278/2/6 3279/2/6 3284/2/6
f 3284/2/6 3279/2/6 3285/2/6
f 3280/2/6 3281/2/6 3286/2/6
f 3286/2/6 3281/2/6 3287/2/6
f 3282/2/6 3283/2/6 3288/2/6
f 3288/2/6 3283/2/6 3289/2/6
f 3290/1/6 3291/1/6 3292/1/6
f 3292/1/6 3291/1/6 3293/1/6
f 3294/2/6 3295/2/6 3302/2/6
f 3302/2/6 3295/2/6 3303/2/6
f 3296/2/6 3297/2/6 3304/2/6
f 3304/2/6 3297/2/6 3305/2/6
f 3298/2/6 3299/2/6 3306/2/6
f 3306/2/6 3299/2/6 3307/2/6
f 3300/2/6 3301/2/6 3308/2/6
f 3308/2/6 3301/2/6 3309/2/6
f 3314/2/6 3315/2/6 3318/2/6
f 3318/2/6 3315/2/6 3319/2/6
f 3316/2/6 3317/2/6 3320/2/6
f 3320/2/6 3317/2/6 3321/2/6
f 3310/4/6 3311/4/6 3322/4/6
f 3322/4/6 3311/4/6 3323/4/6
f 3312/4/6 3313/4/6 3324/4/6
f 3324/4/6 3313/4/6 3325/4/6
f 3326/8/6 3327/8/6 3328/8/6
f 3328/8/6 3327/8/6 3329/8/6
f 3334/4/6 3335/4/6 3340/4/6
f 3338/2/6 3339/2/6 3343/2/6
f 3343/2/6 3339/2/6 3344/2/6
f 3341/2/6 3342/2/6 3345/2/6
f 3345/2/6 3342/2/6 3346/2/6
f 3330/4/6 3331/4/6 3347/4/6
f 3347/4/6 3331/4/6 3348/4/6
f 3332/4/6 3333/4/6 3349/4/6
f 3349/4/6 3333/4/6 3350/4/6
f 3340/4/6 3335/4/6 3351/4/6
f 3351/4/6 3335/4/6 3352/4/6
f 3336/4/6 3337/4/6 3353/4/6
f 3353/4/6 3337/4/6 3354/4/6
f 3359/2/6 3360/2/6 3363/2/6
f 3363/2/6 3360/2/6 3364/2/6
f 3361/2/6 3362/2/6 3365/2/6
f 3365/2/6 3362/2/6 3366/2/6
f 3355/4/6 3356/4/6 3367/4/6
f 3367/4/6 3356/4/6 3368/4/6
f 3357/4/6 3358/4/6 3369/4/6
f 3369/4/6 3358/4/6 3370/4/6
f 3371/4/6 3372/4/6 3379/4/6
f 3379/4/6 3372/4/6 3380/4/6
f 3373/4/6 3374/4/6 3381/4/6
f 3381/4/6 3374/4/6 3382/4/6
f 3375/4/6 3376/4/6 3383/4/6
f 3383/4/6 3376/4/6 3384/4/6
f 3377/4/6 3378/4/6 3385/4/6
f 3385/4/6 3378/4/6 3386/4/6
f 3395/2/6 3396/2/6 3397/2/6
f 3397/2/6 3396/2/6 3398/2/6
f 3387/4/6 3388/4/6 3399/4/6
f 3399/4/6 3388/4/6 3400/4/6
f 3389/4/6 3390/4/6 3401/4/6
f 3401/4/6 3390/4/6 3402/4/6
f 3391/4/6 3392/4/6 3403/4/6
f 3403/4/6 3392/4/6 3404/4/6
f 3393/4/6 3394/4/6 3405/4/6
f 3405/4/6 3394/4/6 3406/4/6
f 3407/8/6 3408/8/6 3409/8/6
f 3409/8/6 3408/8/6 3410/8/6
f 3411/4/6 3412/4/6 3419/4/6
f 3419/4/6 3412/4/6 3420/4/6
f 3413/4/6 3414/4/6 3421/4/6
f 3421/4/6 3414/4/6 3422/4/6
f 3415/4/6 3416/4/6 3423/4/6
f 3423/4/6 3416/4/6 3424/4/6
f 3417/4/6 3418/4/6 3425/4/6
f 3425/4/6 3418/4/6 3426/4/6
f 3427/4/6 3428/4/6 3433/4/6
f 3433/4/6 3428/4/6 3434/4/6
f 3429/4/6 3430/4/6 3435/4/6
f 3435/4/6 3430/4/6 3436/4/6
f 3431/4/6 3432/4/6 3437/4/6
f 3437/4/6 3432/4/6 3438/4/6
f 3439/4/6 3440/4/6 3443/4/6
f 3443/4/6 3440/4/6 3444/4/6
f 3441/4/6 3442/4/6 3445/4/6
f 3445/4/6 3442/4/6 3446/4/6
f 3447/4/6 3448/4/6 3451/4/6
f 3451/4/6 3448/4/6 3452/4/6
f 3449/4/6 3450/4/6 3453/4/6
f 3453/4/6 3450/4/6 3454/4/6
f 3455/8/6 3456/8/6 3457/8/6
f 3457/8/6 3456/8/6 3458/8/6
f 3459/4/6 3460/4/6 3463/4/6
f 3463/4/6 3460/4/6 3464/4/6
f 3461/4/6 3462/4/6 3465/4/6
f 3465/4/6 3462/4/6 3466/4/6
f 3467/1/6 3468/1/6 3469/1/6
f 3469/1/6 3468/1/6 3470/1/6
f 3471/8/6 3472/8/6 3473/8/6
f 3473/8/6 3472/8/6 3474/8/6
f 3474/1/6 3475/1/6 3476/1/6
f 3476/1/6 3475/1/6 3477/1/6
f 3478/8/6 3479/8/6 3480/8/6
f 3480/8/6 3479/8/6 3481/8/6
f 3482/1/6 3483/1/6 3484/1/6
f 3484/1/6 3483/1/6 3485/1/6
f 3486/1/6 3487/1/6 3488/1/6
f 3488/1/6 3487/1/6 3489/1/6
f 3492/6/6 3493/6/6 3494/6/6
f 3494/6/6 3493/6/6 3495/6/6
f 3490/4/6 3491/4/6 3496/4/6
f 3496/4/6 3491/4/6 3497/4/6
f 3492/6/6 3494/6/6 3498/6/6
f 3498/6/6 3494/6/6 3499/6/6
f 3500/8/6 3501/8/6 3502/8/6
f 3502/8/6 3501/8/6 3503/8/6
f 3504/1/6 3505/1/6 3506/1/6
f 3506/1/6 3505/1/6 3507/1/6
f 3508/8/6 3509/8/6 3510/8/6
f 3510/8/6 3509/8/6 3511/8/6
f 3512/6/6 3513/6/6 3514/6/6
f 3512/6/6 3514/6/6 3516/6/6
f 3514/6/6 3515/6/6 3516/6/6
f 3516/6/6 3515/6/6 3517/6/6
f 3518/1/6 3519/1/6 3520/1/6
f 3520/1/6 3519/1/6 3521/1/6
f 3522/8/6 3523/8/6 3524/8/6
f 3524/8/6 3523/8/6 3525/8/6
f 3526/1/6 3527/1/6 3528/1/6
f 3528/1/6 3527/1/6 3529/1/6
f 3528/8/6 3529/8/6 3530/8/6
f 3530/8/6 3529/8/6 3531/8/6
f 3532/1/6 3533/1/6 3534/1/6
f 3534/1/6 3533/1/6 3535/1/6
f 3536/8/6 3537/8/6 3538/8/6
f 3538/8/6 3537/8/6 3539/8/6
f 3540/1/6 3541/1/6 3542/1/6
f 3542/1/6 3541/1/6 3543/1/6
f 3544/1/6 3545/1/6 3546/1/6
f 3546/1/6 3545/1/6 3547/1/6
f 3548/4/6 3549/4/6 3550/4/6
f 3550/4/6 3549/4/6 3551/4/6
f 3552/4/6 3553/4/6 3554/4/6
f 3554/4/6 3553/4/6 3555/4/6
f 3552/4/6 3554/4/6 3556/4/6
f 3556/4/6 3554/4/6 3557/4/6
f 3560/1/6 3561/1/6 3562/1/6
f 3562/1/6 3561/1/6 3563/1/6
f 3564/1/6 3565/1/6 3566/1/6
f 3566/1/6 3565/1/6 3567/1/6
f 3568/1/6 3569/1/6 3570/1/6
f 3570/1/6 3569/1/6 3571/1/6
f 3558/8/6 3559/8/6 3572/8/6
f 3572/8/6 3559/8/6 3573/8/6
f 3573/4/6 3574/4/6 3575/4/6
f 3573/4/6 3575/4/6 3577/4/6
f 3575/4/6 3576/4/6 3577/4/6
f 3577/4/6 3576/4/6 3578/4/6
f 3579/4/6 3580/4/6 3581/4/6
f 3581/4/6 3580/4/6 3582/4/6
f 3583/3/6 3584/3/6 3585/3/6
f 3585/3/6 3584/3/6 3586/3/6
f 3587/4/6 3588/4/6 3592/4/6
f 3592/4/6 3588/4/6 3593/4/6
f 3589/4/6 3590/4/6 3594/4/6
f 3594/4/6 3590/4/6 3595/4/6
f 3595/8/6 3596/8/6 3597/8/6
f 3597/8/6 3596/8/6 3598/8/6
f 3591/4/6 3592/4/6 3600/4/6
f 3600/4/6 3592/4/6 3601/4/6
f 3599/8/6 3600/8/6 3601/8/6
f 3601/4/6 3592/4/6 3602/4/6
f 3603/1/6 3604/1/6 3605/1/6
f 3605/1/6 3604/1/6 3606/1/6
f 3607/1/6 3608/1/6 3609/1/6
f 3609/1/6 3608/1/6 3610/1/6
f 3611/1/6 3612/1/6 3613/1/6
f 3613/1/6 3612/1/6 3614/1/6
f 3599/8/6 3601/8/6 3615/8/6
f 3615/8/6 3601/8/6 3616/8/6
f 3616/4/6 3617/4/6 3620/4/6
f 3620/4/6 3617/4/6 3621/4/6
f 3621/4/6 3622/4/6 3623/4/6
f 3623/4/6 3622/4/6 3624/4/6
f 3618/8/6 3619/8/6 3628/8/6
f 3628/8/6 3619/8/6 3629/8/6
f 3625/4/6 3626/4/6 3630/4/6
f 3630/4/6 3626/4/6 3631/4/6
f 3627/4/6 3628/4/6 3632/4/6
f 3632/4/6 3628/4/6 3633/4/6
f 3634/3/6 3635/3/6 3638/3/6
f 3638/3/6 3635/3/6 3639/3/6
f 3636/4/6 3637/4/6 3643/4/6
f 3643/4/6 3637/4/6 3644/4/6
f 3640/4/6 3641/4/6 3645/4/6
f 3645/4/6 3641/4/6 3646/4/6
f 3646/8/6 3647/8/6 3648/8/6
f 3648/8/6 3647/8/6 3649/8/6
f 3650/8/6 3651/8/6 3652/8/6
f 3652/8/6 3651/8/6 3653/8/6
f 3642/4/6 3643/4/6 3655/4/6
f 3655/4/6 3643/4/6 3656/4/6
f 3657/1/6 3658/1/6 3659/1/6
f 3659/1/6 3658/1/6 3660/1/6
f 3661/1/6 3662/1/6 3663/1/6
f 3663/1/6 3662/1/6 3664/1/6
f 3654/8/6 3655/8/6 3665/8/6
f 3665/8/6 3655/8/6 3666/8/6
f 3668/8/6 3669/8/6 3670/8/6
f 3670/8/6 3669/8/6 3671/8/6
f 3666/4/6 3667/4/6 3674/4/6
f 3674/4/6 3667/4/6 3675/4/6
f 3675/4/6 3676/4/6 3677/4/6
f 3677/4/6 3676/4/6 3678/4/6
f 3672/8/6 3673/8/6 3682/8/6
f 3682/8/6 3673/8/6 3683/8/6
f 3679/4/6 3680/4/6 3684/4/6
f 3684/4/6 3680/4/6 3685/4/6
f 3681/4/6 3682/4/6 3686/4/6
f 3686/4/6 3682/4/6 3687/4/6
f 3688/3/6 3689/3/6 3692/3/6
f 3692/3/6 3689/3/6 3693/3/6
f 3690/4/6 3691/4/6 3696/4/6
f 3696/4/6 3691/4/6 3697/4/6
f 3693/4/6 3694/4/6 3698/4/6
f 3698/4/6 3694/4/6 3699/4/6
f 3699/4/6 3694/4/6 3700/4/6
f 3700/4/6 3694/4/6 3701/4/6
f 3702/8/6 3703/8/6 3704/8/6
f 3704/8/6 3703/8/6 3705/8/6
f 3706/8/6 3707/8/6 3708/8/6
f 3708/8/6 3707/8/6 3709/8/6
f 3695/4/6 3696/4/6 3711/4/6
f 3711/4/6 3696/4/6 3712/4/6
f 3713/1/6 3714/1/6 3715/1/6
f 3715/1/6 3714/1/6 3716/1/6
f 3710/8/6 3711/8/6 3717/8/6
f 3717/8/6 3711/8/6 3718/8/6
f 3720/8/6 3721/8/6 3722/8/6
f 3722/8/6 3721/8/6 3723/8/6
f 3724/8/6 3725/8/6 3726/8/6
f 3726/8/6 3725/8/6 3727/8/6
f 3718/4/6 3719/4/6 3728/4/6
f 3728/4/6 3719/4/6 3729/4/6
f 3730/4/6 3731/4/6 3735/4/6
f 3735/4/6 3731/4/6 3736/4/6
f 3733/4/6 3734/4/6 3740/4/6
f 3732/4/6 3733/4/6 3740/4/6
f 3740/4/6 3734/4/6 3741/4/6
f 3737/3/6 3738/3/6 3742/3/6
f 3742/3/6 3738/3/6 3743/3/6
f 3739/3/6 3740/3/6 3744/3/6
f 3744/3/6 3740/3/6 3745/3/6
f 3746/3/6 3747/3/6 3750/3/6
f 3750/3/6 3747/3/6 3751/3/6
f 3748/3/6 3749/3/6 3752/3/6
f 3752/3/6 3749/3/6 3753/3/6
f 3756/4/6 3757/4/6 3758/4/6
f 3758/4/6 3757/4/6 3759/4/6
f 3759/4/6 3757/4/6 3760/4/6
f 3760/8/6 3761/8/6 3762/8/6
f 3762/8/6 3761/8/6 3763/8/6
f 3763/8/6 3761/8/6 3764/8/6
f 3764/8/6 3761/8/6 3765/8/6
f 3766/8/6 3767/8/6 3768/8/6
f 3768/8/6 3767/8/6 3769/8/6
f 3754/4/6 3755/4/6 3772/4/6
f 3772/4/6 3755/4/6 3773/4/6
f 3754/4/6 3772/4/6 3775/4/6
f 3775/4/6 3772/4/6 3776/4/6
f 3774/8/6 3775/8/6 3777/8/6
f 3777/8/6 3775/8/6 3778/8/6
f 3778/4/6 3779/4/6 3780/4/6
f 3770/8/6 3771/8/6 3782/8/6
f 3782/8/6 3771/8/6 3783/8/6
f 3784/8/6 3785/8/6 3786/8/6
f 3786/8/6 3785/8/6 3787/8/6
f 3788/8/6 3789/8/6 3791/8/6
f 3780/4/6 3781/4/6 3792/4/6
f 3778/4/6 3780/4/6 3792/4/6
f 3792/4/6 3781/4/6 3793/4/6
f 3790/8/6 3791/8/6 3794/8/6
f 3791/8/6 3789/8/6 3795/8/6
f 3794/8/6 3791/8/6 3795/8/6
f 3796/3/6 3797/3/6 3798/3/6
f 3798/3/6 3797/3/6 3799/3/6
f 3800/8/6 3801/8/6 3802/8/6
f 3802/8/6 3801/8/6 3803/8/6
f 3803/8/6 3804/8/6 3805/8/6
f 3805/8/6 3804/8/6 3806/8/6
f 3806/8/6 3807/8/6 3808/8/6
f 3808/8/6 3807/8/6 3809/8/6
f 3812/8/6 3813/8/6 3815/8/6
f 3814/8/6 3815/8/6 3816/8/6
f 3815/8/6 3813/8/6 3817/8/6
f 3816/8/6 3815/8/6 3817/8/6
f 3817/8/6 3813/8/6 3818/8/6
f 3818/8/6 3813/8/6 3819/8/6
f 3810/8/6 3811/8/6 3820/8/6
f 3820/8/6 3811/8/6 3821/8/6
f 3822/8/6 3823/8/6 3825/8/6
f 3825/8/6 3823/8/6 3826/8/6
f 3824/8/6 3825/8/6 3828/8/6
f 3828/8/6 3825/8/6 3829/8/6
f 3827/8/6 3828/8/6 3830/8/6
f 3830/8/6 3828/8/6 3831/8/6
f 3832/3/6 3833/3/6 3834/3/6
f 3834/3/6 3833/3/6 3835/3/6
f 3836/8/6 3837/8/6 3838/8/6
f 3838/8/6 3837/8/6 3839/8/6
f 3839/8/6 3840/8/6 3841/8/6
f 3841/8/6 3840/8/6 3842/8/6
f 3842/8/6 3843/8/6 3845/8/6
f 3845/8/6 3843/8/6 3846/8/6
f 3844/8/6 3845/8/6 3847/8/6
f 3847/8/6 3845/8/6 3848/8/6
f 3849/8/6 3850/8/6 3851/8/6
f 3851/8/6 3850/8/6 3852/8/6
f 3853/8/6 3854/8/6 3855/8/6
f 3855/8/6 3854/8/6 3856/8/6
f 3856/8/6 3857/8/6 3858/8/6
f 3858/8/6 3857/8/6 3859/8/6
f 3860/8/6 3861/8/6 3862/8/6
f 3862/8/6 3861/8/6 3863/8/6
f 3864/8/6 3865/8/6 3866/8/6
f 3866/8/6 3865/8/6 3867/8/6
f 3868/3/6 3869/3/6 3870/3/6
f 3870/3/6 3869/3/6 3871/3/6
f 3872/3/6 3873/3/6 3876/3/6
f 3876/3/6 3873/3/6 3877/3/6
f 3874/3/6 3875/3/6 3878/3/6
f 3878/3/6 3875/3/6 3879/3/6
f 3880/3/6 3881/3/6 3884/3/6
f 3884/3/6 3881/3/6 3885/3/6
f 3882/3/6 3883/3/6 3886/3/6
f 3886/3/6 3883/3/6 3887/3/6
f 3888/3/6 3889/3/6 3892/3/6
f 3892/3/6 3889/3/6 3893/3/6
f 3890/3/6 3891/3/6 3894/3/6
f 3894/3/6 3891/3/6 3895/3/6
f 3896/3/6 3897/3/6 3904/3/6
f 3904/3/6 3897/3/6 3905/3/6
f 3898/3/6 3899/3/6 3906/3/6
f 3906/3/6 3899/3/6 3907/3/6
f 3900/3/6 3901/3/6 3908/3/6
f 3908/3/6 3901/3/6 3909/3/6
f 3902/3/6 3903/3/6 3910/3/6
f 3910/3/6 3903/3/6 3911/3/6
f 3912/3/6 3913/3/6 3918/3/6
f 3918/3/6 3913/3/6 3919/3/6
f 3914/3/6 3915/3/6 3920/3/6
f 3920/3/6 3915/3/6 3921/3/6
f 3916/3/6 3917/3/6 3922/3/6
f 3922/3/6 3917/3/6 3923/3/6
f 3924/3/6 3925/3/6 3928/3/6
f 3928/3/6 3925/3/6 3929/3/6
f 3926/3/6 3927/3/6 3930/3/6
f 3930/3/6 3927/3/6 3931/3/6
f 3932/3/6 3933/3/6 3936/3/6
f 3936/3/6 3933/3/6 3937/3/6
f 3938/4/6 3939/4/6 3940/4/6
f 3938/4/6 3940/4/6 3942/4/6
f 3940/4/6 3941/4/6 3942/4/6
f 3942/4/6 3941/4/6 3943/4/6
f 3934/5/6 3935/5/6 3944/5/6
f 3944/5/6 3935/5/6 3945/5/6
f 3946/4/6 3947/4/6 3948/4/6
f 3948/4/6 3947/4/6 3949/4/6
