# MagicaVoxel @ Ephtracy

# group
o 

# material
mtllib Car1.mtl
usemtl palette

# normals
vn -1 0 0
vn 1 0 0
vn 0 0 1
vn 0 0 -1
vn 0 -1 0
vn 0 1 0

# texcoords
vt 0.939453 0.5
vt 0.943359 0.5
vt 0.947266 0.5
vt 0.962891 0.5
vt 0.974609 0.5
vt 0.978516 0.5
vt 0.982422 0.5
vt 0.986328 0.5
vt 0.990234 0.5
vt 0.994141 0.5

# verts
v -3.4 0.7 1.3
v -3.4 0.7 -1.3
v -3.4 0.8 1.3
v -3.4 0.8 1.2
v -3.4 0.9 -1.2
v -3.4 0.9 -1.3
v -3.4 1 1.2
v -3.4 1 1.1
v -3.4 1 -1.1
v -3.4 1 -1.2
v -3.4 1.1 1.1
v -3.4 1.1 -1.1
v -3.4 1.3 1.9
v -3.4 1.3 1.6
v -3.4 1.3 -1.6
v -3.4 1.3 -1.9
v -3.4 1.4 1.1
v -3.4 1.4 1
v -3.4 1.6 -1
v -3.4 1.6 -1.1
v -3.4 1.8 1.9
v -3.4 1.8 1.6
v -3.4 1.8 1
v -3.4 1.8 0.9
v -3.4 1.8 -1.6
v -3.4 1.8 -1.9
v -3.4 2.1 0.9
v -3.4 2.1 -1
v -3.3 0.7 1.8
v -3.3 0.7 1.3
v -3.3 0.7 -1.3
v -3.3 0.7 -1.8
v -3.3 0.8 1.3
v -3.3 0.8 1.2
v -3.3 0.9 -1.2
v -3.3 0.9 -1.3
v -3.3 1 1.2
v -3.3 1 1.1
v -3.3 1 -1.1
v -3.3 1 -1.2
v -3.3 1.1 1.1
v -3.3 1.1 -1.1
v -3.3 1.3 1.8
v -3.3 1.3 1.6
v -3.3 1.3 -1.6
v -3.3 1.3 -1.8
v -3.3 1.4 1.1
v -3.3 1.4 1
v -3.3 1.6 -1
v -3.3 1.6 -1.1
v -3.3 1.8 1.8
v -3.3 1.8 1.6
v -3.3 1.8 1
v -3.3 1.8 0.9
v -3.3 1.8 -1.6
v -3.3 1.8 -1.8
v -3.3 2 -1.7
v -3.3 2 -1.8
v -3.3 2.1 1.8
v -3.3 2.1 1
v -3.3 2.1 0.9
v -3.3 2.1 -1
v -3.3 2.1 -1.7
v -3.3 2.2 1
v -3.3 2.2 -1
v -3.2 0.6 1.8
v -3.2 0.6 1.4
v -3.2 0.6 -1.4
v -3.2 0.6 -1.8
v -3.2 0.7 1.8
v -3.2 0.7 1.4
v -3.2 0.7 1.3
v -3.2 0.7 -1.3
v -3.2 0.7 -1.4
v -3.2 0.7 -1.8
v -3.2 2.1 1.7
v -3.2 2.1 1
v -3.2 2.1 -1
v -3.2 2.1 -1.6
v -3.2 2.2 1.7
v -3.2 2.2 1
v -3.2 2.2 0.9
v -3.2 2.2 -1
v -3.2 2.2 -1.6
v -3.2 2.3 0.9
v -3.2 2.3 -1
v -3.1 0.5 1.9
v -3.1 0.5 1.8
v -3.1 0.6 1.8
v -3.1 1 2.1
v -3.1 1 1.9
v -3.1 1 1.8
v -3.1 1.2 2.1
v -3.1 1.2 1.8
v -3.1 2.1 1.8
v -3.1 2.1 1.7
v -3.1 2.1 -1.6
v -3.1 2.1 -1.7
v -3.1 2.2 1.8
v -3.1 2.2 1.7
v -3.1 2.2 0.9
v -3.1 2.2 -1
v -3.1 2.2 -1.6
v -3.1 2.2 -1.7
v -3.1 2.3 1.7
v -3.1 2.3 0.9
v -3.1 2.3 -1
v -3.1 2.3 -1.6
v -3.1 2.4 0.9
v -3.1 2.4 -1
v -3 0.3 1.9
v -3 0.3 1.8
v -3 0.5 1.9
v -3 0.5 1.8
v -3 0.5 -1.8
v -3 0.5 -1.9
v -3 0.6 -1.8
v -3 1 -1.8
v -3 1 -1.9
v -3 1 -2.1
v -3 1.2 2.1
v -3 1.2 1.8
v -3 1.2 -1.8
v -3 1.2 -2.1
v -3 1.3 2.1
v -3 1.3 1.8
v -3 2 -1.7
v -3 2 -1.8
v -3 2.1 -1.7
v -3 2.1 -1.8
v -3 2.2 1.8
v -3 2.2 1.7
v -3 2.2 -1.6
v -3 2.2 -1.7
v -3 2.3 1.8
v -3 2.3 1.7
v -3 2.3 1.5
v -3 2.3 1.4
v -3 2.3 0.9
v -3 2.3 -1
v -3 2.3 -1.6
v -3 2.3 -1.7
v -3 2.4 1.7
v -3 2.4 1.5
v -3 2.4 1.4
v -3 2.4 0.9
v -3 2.4 -1
v -3 2.4 -1.6
v -3 2.5 0.9
v -3 2.5 -1
v -2.9 0.2 1.9
v -2.9 0.2 1.8
v -2.9 0.3 1.9
v -2.9 0.3 1.8
v -2.9 0.3 -1.8
v -2.9 0.3 -1.9
v -2.9 0.4 2
v -2.9 0.4 1.9
v -2.9 0.5 -1.8
v -2.9 0.5 -1.9
v -2.9 0.9 2
v -2.9 0.9 1.9
v -2.9 1.2 -1.8
v -2.9 1.2 -2.1
v -2.9 1.3 2.1
v -2.9 1.3 1.8
v -2.9 1.3 -1.8
v -2.9 1.3 -2.1
v -2.9 1.4 2.1
v -2.9 1.4 1.8
v -2.9 2.1 -1.7
v -2.9 2.1 -1.8
v -2.9 2.2 -1.7
v -2.9 2.2 -1.8
v -2.9 2.3 1.8
v -2.9 2.3 1.7
v -2.9 2.3 -1.6
v -2.9 2.3 -1.7
v -2.9 2.4 1.8
v -2.9 2.4 1.7
v -2.9 2.4 1.5
v -2.9 2.4 1.4
v -2.9 2.4 0.9
v -2.9 2.4 -1
v -2.9 2.4 -1.6
v -2.9 2.5 1.7
v -2.9 2.5 1.5
v -2.9 2.5 1.4
v -2.9 2.5 0.9
v -2.9 2.5 -1
v -2.9 2.5 -1.7
v -2.9 2.6 0.9
v -2.9 2.6 -1
v -2.8 0.2 -1.8
v -2.8 0.2 -1.9
v -2.8 0.3 2
v -2.8 0.3 1.9
v -2.8 0.3 -1.8
v -2.8 0.3 -1.9
v -2.8 0.4 2
v -2.8 0.4 1.9
v -2.8 0.5 -1.9
v -2.8 0.5 -2
v -2.8 0.9 2
v -2.8 0.9 1.9
v -2.8 1 2
v -2.8 1 1.9
v -2.8 1 -1.9
v -2.8 1 -2
v -2.8 1.3 -1.8
v -2.8 1.3 -2.1
v -2.8 1.4 -1.8
v -2.8 1.4 -2.1
v -2.8 2.2 -1.7
v -2.8 2.2 -1.8
v -2.8 2.3 -1.7
v -2.8 2.3 -1.8
v -2.7 0.1 1.9
v -2.7 0.1 1.8
v -2.7 0.2 2
v -2.7 0.2 1.9
v -2.7 0.2 1.8
v -2.7 0.3 2
v -2.7 0.3 1.9
v -2.7 0.4 -1.9
v -2.7 0.4 -2
v -2.7 0.5 -1.9
v -2.7 0.5 -2
v -2.7 1 2
v -2.7 1 1.9
v -2.7 1 -1.9
v -2.7 1 -2
v -2.7 1.1 2
v -2.7 1.1 1.9
v -2.7 1.1 -1.9
v -2.7 1.1 -2
v -2.7 1.4 2.1
v -2.7 1.4 1.8
v -2.7 1.5 2.1
v -2.7 1.5 1.8
v -2.7 2.3 -1.7
v -2.7 2.3 -1.8
v -2.7 2.4 -1.7
v -2.7 2.4 -1.8
v -2.6 0.1 -1.8
v -2.6 0.1 -1.9
v -2.6 0.2 -1.8
v -2.6 0.2 -1.9
v -2.6 0.3 -1.9
v -2.6 0.3 -2
v -2.6 0.4 -1.9
v -2.6 0.4 -2
v -2.6 1.1 -1.9
v -2.6 1.1 -2
v -2.6 1.2 -1.9
v -2.6 1.2 -2
v -2.6 1.4 -1.8
v -2.6 1.4 -2.1
v -2.6 1.5 -1.8
v -2.6 1.5 -2.1
v -2.4 2.5 1
v -2.4 2.5 0.9
v -2.4 2.6 1
v -2.4 2.6 0.9
v -2.3 2.5 -1
v -2.3 2.5 -1.1
v -2.3 2.6 -1
v -2.3 2.6 -1.1
v -2.2 1.2 2
v -2.2 1.2 1.9
v -2.2 1.3 2.1
v -2.2 1.3 2
v -2.2 1.3 1.9
v -2.2 1.4 2.1
v -2.2 1.4 2
v -2.1 1.2 -1.9
v -2.1 1.2 -2
v -2.1 1.3 -1.9
v -2.1 1.3 -2
v -2.1 1.3 -2.1
v -2.1 1.4 -2
v -2.1 1.4 -2.1
v -2 1 2
v -2 1 1.9
v -2 1.2 2.1
v -2 1.2 2
v -2 1.2 1.9
v -2 1.3 2.1
v -2 1.3 2
v -1.9 1 2.1
v -1.9 1 2
v -1.9 1 -1.9
v -1.9 1 -2
v -1.9 1.2 2.1
v -1.9 1.2 2
v -1.9 1.2 -1.9
v -1.9 1.2 -2
v -1.9 1.2 -2.1
v -1.9 1.3 -2
v -1.9 1.3 -2.1
v -1.8 1 -2
v -1.8 1 -2.1
v -1.8 1.2 -2
v -1.8 1.2 -2.1
v -1.8 2.4 1.8
v -1.8 2.4 1.7
v -1.8 2.4 -1.7
v -1.8 2.4 -1.8
v -1.8 2.5 1.8
v -1.8 2.5 1.7
v -1.8 2.5 1.6
v -1.8 2.5 1.4
v -1.8 2.5 1.1
v -1.8 2.5 1
v -1.8 2.5 -1.4
v -1.8 2.5 -1.7
v -1.8 2.5 -1.8
v -1.8 2.6 1.3
v -1.8 2.6 1.1
v -1.8 2.6 1
v -1.8 2.6 0.9
v -1.8 2.6 0.7
v -1.8 2.6 0.2
v -1.8 2.6 -0.3
v -1.8 2.6 -0.5
v -1.8 2.6 -0.8
v -1.8 2.7 1.4
v -1.8 2.7 1.3
v -1.8 2.7 1.1
v -1.8 2.7 0.8
v -1.8 2.7 0.7
v -1.8 2.7 -0.2
v -1.8 2.7 -0.3
v -1.8 2.7 -0.5
v -1.8 2.7 -0.6
v -1.8 2.7 -0.8
v -1.8 2.7 -0.9
v -1.8 2.7 -1.3
v -1.8 2.7 -1.4
v -1.8 2.7 -1.5
v -1.8 2.8 1.4
v -1.8 2.8 1.3
v -1.8 2.8 0.3
v -1.8 2.8 0.2
v -1.8 2.8 0
v -1.8 2.8 -0.2
v -1.8 2.8 -0.5
v -1.8 2.8 -0.6
v -1.8 2.8 -0.9
v -1.8 2.8 -1.3
v -1.8 2.9 1.1
v -1.8 2.9 1
v -1.8 2.9 0.9
v -1.8 2.9 0.8
v -1.8 2.9 0.7
v -1.8 2.9 0.4
v -1.8 2.9 0.3
v -1.8 2.9 0.0999999
v -1.8 2.9 0
v -1.8 2.9 -0.2
v -1.8 3 1.2
v -1.8 3 1.1
v -1.8 3 1
v -1.8 3 0.7
v -1.8 3 0.6
v -1.8 3 0.4
v -1.8 3 0.3
v -1.8 3 0.2
v -1.8 3 0.0999999
v -1.8 3 0
v -1.8 3 -1.4
v -1.8 3 -1.5
v -1.8 3.1 1.2
v -1.8 3.1 1.1
v -1.8 3.1 0.8
v -1.8 3.1 0.7
v -1.8 3.1 0.6
v -1.8 3.1 0.4
v -1.8 3.1 0.3
v -1.8 3.1 0.2
v -1.8 3.1 0.0999999
v -1.8 3.1 -0.2
v -1.8 3.1 -0.3
v -1.8 3.1 -0.4
v -1.8 3.2 0.9
v -1.8 3.2 0.8
v -1.8 3.2 0.7
v -1.8 3.2 0.6
v -1.8 3.2 0.3
v -1.8 3.2 0.2
v -1.8 3.2 0.0999999
v -1.8 3.2 -0.3
v -1.8 3.2 -0.4
v -1.8 3.2 -0.5
v -1.8 3.3 1
v -1.8 3.3 0.9
v -1.8 3.3 0.8
v -1.8 3.3 0.7
v -1.8 3.3 0.6
v -1.8 3.3 0.5
v -1.8 3.3 -0.4
v -1.8 3.3 -0.5
v -1.8 3.3 -0.6
v -1.8 3.3 -1.4
v -1.8 3.3 -1.5
v -1.8 3.4 -0.5
v -1.8 3.4 -0.6
v -1.8 3.4 -0.9
v -1.8 3.4 -1
v -1.8 3.4 -1.3
v -1.8 3.4 -1.4
v -1.8 3.4 -1.5
v -1.8 3.5 0.6
v -1.8 3.5 0.5
v -1.8 3.5 -0.8
v -1.8 3.5 -0.9
v -1.8 3.5 -1
v -1.8 3.5 -1.3
v -1.8 3.5 -1.4
v -1.8 3.6 0.2
v -1.8 3.6 0.0999999
v -1.8 3.6 -0.7
v -1.8 3.6 -0.8
v -1.8 3.6 -0.9
v -1.8 3.7 -0.7
v -1.8 3.7 -0.8
v -1.8 3.8 1.6
v -1.8 3.8 1.4
v -1.8 3.9 1.8
v -1.8 3.9 1
v -1.8 3.9 0.9
v -1.8 3.9 -1.8
v -1.7 0.9 1.9
v -1.7 0.9 1.8
v -1.7 1.2 1.9
v -1.7 1.2 1.8
v -1.7 1.9 1.9
v -1.7 1.9 1.8
v -1.7 2.3 2.1
v -1.7 2.3 1.9
v -1.7 2.3 1.8
v -1.7 2.3 -1.8
v -1.7 2.3 -2.1
v -1.7 2.4 2.1
v -1.7 2.4 2
v -1.7 2.4 -1.9
v -1.7 2.4 -2
v -1.7 2.5 1.8
v -1.7 2.5 -1.8
v -1.7 2.5 -1.9
v -1.7 2.5 -2
v -1.7 2.6 2.1
v -1.7 2.6 2
v -1.7 2.6 1.9
v -1.7 2.6 -1.8
v -1.7 2.6 -1.9
v -1.7 2.6 -2
v -1.7 2.6 -2.1
v -1.7 2.7 -1.9
v -1.7 2.7 -2
v -1.7 2.7 -2.1
v -1.7 2.8 2.1
v -1.7 2.8 2
v -1.7 2.8 1.9
v -1.7 2.8 1.8
v -1.7 2.8 -1.8
v -1.7 2.8 -1.9
v -1.7 2.8 -2
v -1.7 2.8 -2.1
v -1.7 3.9 1.8
v -1.7 3.9 1
v -1.7 3.9 0.9
v -1.7 3.9 -1.8
v -1.7 4 1.8
v -1.7 4 -1.8
v -1.6 2.8 1.9
v -1.6 2.8 1.8
v -1.6 3.1 1.9
v -1.6 3.1 1.8
v -1.5 1.8 1.8
v -1.5 1.8 1.7
v -1.5 1.9 1.8
v -1.5 1.9 1.7
v -1.5 3.1 1.9
v -1.5 3.1 1.8
v -1.5 3.8 1.9
v -1.5 3.8 1.8
v -1.4 1.1 -1.8
v -1.4 1.1 -1.9
v -1.4 1.8 1.9
v -1.4 1.8 1.8
v -1.4 1.9 1.9
v -1.4 1.9 1.8
v -1.4 2.1 -0.9
v -1.4 2.1 -1
v -1.4 2.1 -1.2
v -1.4 2.1 -1.3
v -1.4 2.2 -0.9
v -1.4 2.2 -1
v -1.4 2.2 -1.2
v -1.4 2.2 -1.3
v -1.4 2.6 -1.4
v -1.4 2.6 -1.5
v -1.4 2.7 -1.4
v -1.4 2.7 -1.5
v -1.4 3.1 -1.8
v -1.4 3.1 -1.9
v -1.4 3.8 1.9
v -1.4 3.8 1.8
v -1.4 3.9 1.9
v -1.4 3.9 1.8
v -1.3 1.2 1.8
v -1.3 1.2 1.7
v -1.3 1.2 1.6
v -1.3 1.2 1.5
v -1.3 1.3 1.8
v -1.3 1.3 1.7
v -1.3 1.3 1.6
v -1.3 1.3 1.5
v -1.3 2.1 -1
v -1.3 2.1 -1.2
v -1.3 2.2 -0.8
v -1.3 2.2 -0.9
v -1.3 2.2 -1
v -1.3 2.2 -1.2
v -1.3 2.3 -0.8
v -1.3 2.3 -0.9
v -1.2 1.2 1.9
v -1.2 1.2 1.8
v -1.2 1.2 1.7
v -1.2 1.2 1.6
v -1.2 1.3 1.9
v -1.2 1.3 1.8
v -1.2 1.3 1.7
v -1.2 1.3 1.6
v -1.2 1.3 1.5
v -1.2 1.4 1.8
v -1.2 1.4 1.7
v -1.2 1.4 1.6
v -1.2 1.4 1.5
v -1.2 1.7 1.8
v -1.2 1.7 1.7
v -1.2 1.7 1.6
v -1.2 1.7 1.5
v -1.2 1.8 1.8
v -1.2 1.8 1.7
v -1.2 1.8 1.6
v -1.2 1.8 1.5
v -1.2 2.2 -1
v -1.2 2.2 -1.3
v -1.2 2.3 -1
v -1.2 2.3 -1.3
v -1.2 3.2 0.7
v -1.2 3.2 0.6
v -1.2 3.2 -1.1
v -1.2 3.2 -1.2
v -1.2 3.3 0.7
v -1.2 3.3 0.6
v -1.2 3.3 -1.1
v -1.2 3.3 -1.2
v -1.1 0.6 0.2
v -1.1 0.6 0.0999999
v -1.1 0.7 0.2
v -1.1 0.7 0.0999999
v -1.1 0.8 0
v -1.1 0.8 -0.0999999
v -1.1 0.9 0
v -1.1 0.9 -0.0999999
v -1.1 1.3 1.9
v -1.1 1.3 1.8
v -1.1 1.3 1.7
v -1.1 1.3 1.6
v -1.1 1.4 1.8
v -1.1 1.4 1.7
v -1.1 1.4 1.6
v -1.1 1.4 1.5
v -1.1 1.7 1.9
v -1.1 1.7 1.8
v -1.1 1.7 1.7
v -1.1 1.7 1.6
v -1.1 1.7 1.5
v -1.1 1.8 1.9
v -1.1 1.8 1.8
v -1.1 1.8 1.7
v -1.1 1.8 1.6
v -1.1 2.1 -0.3
v -1.1 2.1 -0.4
v -1.1 2.2 -0.3
v -1.1 2.2 -0.4
v -1.1 3.2 -1
v -1.1 3.2 -1.1
v -1.1 3.3 0.5
v -1.1 3.3 0.4
v -1.1 3.3 0.2
v -1.1 3.3 0.0999999
v -1.1 3.3 -1
v -1.1 3.3 -1.1
v -1.1 3.4 0.5
v -1.1 3.4 0.4
v -1.1 3.4 0.2
v -1.1 3.4 0.0999999
v -1 0.6 0.5
v -1 0.6 0.2
v -1 0.7 1.4
v -1 0.7 1.3
v -1 0.7 0.5
v -1 0.7 0.2
v -1 0.7 0.0999999
v -1 0.7 0
v -1 0.8 1.4
v -1 0.8 1.3
v -1 0.8 0.0999999
v -1 0.8 0
v -1 0.9 0
v -1 0.9 -0.0999999
v -1 1 1.4
v -1 1 1.3
v -1 1.1 1.4
v -1 1.1 1.3
v -1 1.2 0
v -1 1.2 -0.0999999
v -1 2.1 -0.4
v -1 2.1 -0.5
v -1 2.2 1.6
v -1 2.2 1.5
v -1 2.2 -0.2
v -1 2.2 -0.3
v -1 2.2 -0.4
v -1 2.2 -0.5
v -1 2.3 1.6
v -1 2.3 1.5
v -1 2.3 -0.2
v -1 2.3 -0.3
v -0.9 0.6 1.3
v -0.9 0.6 1.2
v -0.9 0.6 0.8
v -0.9 0.6 0.5
v -0.9 0.7 1.3
v -0.9 0.7 1.2
v -0.9 0.7 0.8
v -0.9 0.7 0.7
v -0.9 0.7 0.5
v -0.9 0.7 0.0999999
v -0.9 0.8 1.4
v -0.9 0.8 1.3
v -0.9 0.8 0.4
v -0.9 0.8 0.2
v -0.9 0.8 0.0999999
v -0.9 0.8 0
v -0.9 0.9 0.7
v -0.9 0.9 0.4
v -0.9 0.9 0.2
v -0.9 0.9 0.0999999
v -0.9 1 1.4
v -0.9 1 1.3
v -0.9 1.1 0.0999999
v -0.9 1.1 0
v -0.9 2.2 -0.3
v -0.9 2.2 -0.5
v -0.9 2.3 1.6
v -0.9 2.3 1.5
v -0.9 2.3 -0.3
v -0.9 2.3 -0.4
v -0.9 2.3 -0.5
v -0.9 2.4 1.6
v -0.9 2.4 1.5
v -0.9 2.4 -0.3
v -0.9 2.4 -0.4
v -0.9 3.3 -0.8
v -0.9 3.3 -0.9
v -0.9 3.4 -0.8
v -0.9 3.4 -0.9
v -0.8 0.6 1.2
v -0.8 0.6 0.8
v -0.8 0.7 1.3
v -0.8 0.7 1.2
v -0.8 0.7 1.1
v -0.8 0.7 0.9
v -0.8 0.7 0.8
v -0.8 0.7 0.7
v -0.8 0.8 1.2
v -0.8 0.8 1.1
v -0.8 0.8 0.9
v -0.8 0.8 0.8
v -0.8 0.8 0.4
v -0.8 0.8 0.2
v -0.8 0.9 0.7
v -0.8 0.9 0.4
v -0.8 0.9 0.2
v -0.8 0.9 0.0999999
v -0.8 1 1.3
v -0.8 1 1.2
v -0.8 1 0.8
v -0.8 1 0.6
v -0.8 1.1 0.6
v -0.8 1.1 0.5
v -0.8 1.1 0.4
v -0.8 1.1 0.0999999
v -0.8 1.1 0
v -0.8 1.2 0.5
v -0.8 1.2 0.4
v -0.8 1.2 0.0999999
v -0.8 1.2 0
v -0.8 1.3 -0.0999999
v -0.8 1.3 -0.2
v -0.8 1.4 -0.0999999
v -0.8 1.4 -0.2
v -0.8 1.5 -1.7
v -0.8 1.5 -1.8
v -0.8 1.6 -1.7
v -0.8 1.6 -1.8
v -0.8 1.7 -1.5
v -0.8 1.7 -1.6
v -0.8 1.8 1.5
v -0.8 1.8 1.4
v -0.8 1.8 -1.5
v -0.8 1.8 -1.6
v -0.8 1.9 1.5
v -0.8 1.9 1.4
v -0.8 2 -1.4
v -0.8 2 -1.5
v -0.8 2.1 -1.4
v -0.8 2.1 -1.5
v -0.8 2.2 1.5
v -0.8 2.2 1.4
v -0.8 2.3 1.5
v -0.8 2.3 1.4
v -0.8 2.3 -0.4
v -0.8 2.3 -0.5
v -0.8 2.4 1.6
v -0.8 2.4 1.5
v -0.8 2.4 -0.4
v -0.8 2.4 -0.5
v -0.8 2.5 1.6
v -0.8 2.5 1.5
v -0.8 3.2 -0.9
v -0.8 3.2 -1
v -0.8 3.3 -0.9
v -0.8 3.3 -1
v -0.8 3.7 -1.1
v -0.8 3.7 -1.2
v -0.8 3.8 -1.1
v -0.8 3.8 -1.2
v -0.7 0.7 1.1
v -0.7 0.7 0.9
v -0.7 0.8 1.2
v -0.7 0.8 1.1
v -0.7 0.8 0.9
v -0.7 0.8 0.8
v -0.7 0.9 1.2
v -0.7 0.9 0.8
v -0.7 1 0.7
v -0.7 1 0.6
v -0.7 1.1 0.7
v -0.7 1.1 0.6
v -0.7 1.1 0.5
v -0.7 1.1 0.4
v -0.7 1.1 0.0999999
v -0.7 1.2 0.6
v -0.7 1.2 0.5
v -0.7 1.2 0.4
v -0.7 1.2 0.0999999
v -0.7 1.2 0
v -0.7 1.2 -0.0999999
v -0.7 1.3 0
v -0.7 1.3 -0.0999999
v -0.7 1.5 -1.8
v -0.7 1.5 -1.9
v -0.7 1.6 -1.6
v -0.7 1.6 -1.7
v -0.7 1.6 -1.8
v -0.7 1.6 -1.9
v -0.7 1.7 1.4
v -0.7 1.7 1.3
v -0.7 1.7 -0.7
v -0.7 1.7 -0.8
v -0.7 1.7 -1
v -0.7 1.7 -1.1
v -0.7 1.7 -1.6
v -0.7 1.7 -1.7
v -0.7 1.8 1.4
v -0.7 1.8 1.3
v -0.7 1.8 -0.7
v -0.7 1.8 -0.8
v -0.7 1.8 -1
v -0.7 1.8 -1.1
v -0.7 1.8 -1.5
v -0.7 1.8 -1.6
v -0.7 1.9 1.5
v -0.7 1.9 1.4
v -0.7 1.9 -0.5
v -0.7 1.9 -0.6
v -0.7 1.9 -1.2
v -0.7 1.9 -1.3
v -0.7 2 -0.5
v -0.7 2 -0.6
v -0.7 2 -1.2
v -0.7 2 -1.3
v -0.7 2.1 -1.3
v -0.7 2.1 -1.4
v -0.7 2.1 -1.5
v -0.7 2.1 -1.6
v -0.7 2.2 1.5
v -0.7 2.2 1.4
v -0.7 2.2 -0.2
v -0.7 2.2 -0.3
v -0.7 2.2 -0.5
v -0.7 2.2 -0.6
v -0.7 2.2 -1.2
v -0.7 2.2 -1.3
v -0.7 2.2 -1.4
v -0.7 2.3 1.5
v -0.7 2.3 1.4
v -0.7 2.3 -0.2
v -0.7 2.3 -0.3
v -0.7 2.4 1.5
v -0.7 2.4 1.4
v -0.7 2.4 -0.3
v -0.7 2.4 -0.5
v -0.7 2.4 -0.6
v -0.7 2.4 -1.2
v -0.7 2.4 -1.3
v -0.7 2.5 1.6
v -0.7 2.5 1.5
v -0.7 2.5 -0.3
v -0.7 2.5 -0.5
v -0.7 2.6 1.6
v -0.7 2.6 1.5
v -0.7 3 1.4
v -0.7 3 1.3
v -0.7 3.1 1.4
v -0.7 3.1 1.3
v -0.7 3.1 -0.8
v -0.7 3.1 -0.9
v -0.7 3.2 -0.8
v -0.7 3.2 -0.9
v -0.7 3.3 -0.7
v -0.7 3.3 -0.8
v -0.7 3.3 -0.9
v -0.7 3.4 -0.7
v -0.7 3.4 -0.8
v -0.7 3.5 -0.2
v -0.7 3.5 -0.3
v -0.7 3.5 -0.5
v -0.7 3.5 -0.6
v -0.7 3.6 -0.2
v -0.7 3.6 -0.3
v -0.7 3.6 -0.5
v -0.7 3.6 -0.6
v -0.6 1.2 0.3
v -0.6 1.2 0
v -0.6 1.3 0.3
v -0.6 1.3 0
v -0.6 1.6 -1.7
v -0.6 1.6 -1.8
v -0.6 1.6 -1.9
v -0.6 1.7 -0.8
v -0.6 1.7 -1
v -0.6 1.7 -1.6
v -0.6 1.7 -1.7
v -0.6 1.7 -1.8
v -0.6 1.7 -1.9
v -0.6 1.8 1.4
v -0.6 1.8 1.3
v -0.6 1.8 1.2
v -0.6 1.8 -0.6
v -0.6 1.8 -0.7
v -0.6 1.8 -0.8
v -0.6 1.8 -1
v -0.6 1.8 -1.1
v -0.6 1.8 -1.2
v -0.6 1.8 -1.7
v -0.6 1.8 -1.8
v -0.6 1.9 1.3
v -0.6 1.9 1.2
v -0.6 1.9 -0.6
v -0.6 1.9 -0.7
v -0.6 1.9 -1.1
v -0.6 1.9 -1.2
v -0.6 2 -0.5
v -0.6 2 -0.6
v -0.6 2 -1.2
v -0.6 2 -1.3
v -0.6 2 -1.7
v -0.6 2 -1.8
v -0.6 2.1 -1.4
v -0.6 2.1 -1.6
v -0.6 2.1 -1.8
v -0.6 2.1 -1.9
v -0.6 2.2 1.4
v -0.6 2.2 1.3
v -0.6 2.2 -0.5
v -0.6 2.2 -0.6
v -0.6 2.2 -1.2
v -0.6 2.2 -1.3
v -0.6 2.2 -1.4
v -0.6 2.2 -1.5
v -0.6 2.2 -1.7
v -0.6 2.3 -0.2
v -0.6 2.3 -0.3
v -0.6 2.3 -1.4
v -0.6 2.3 -1.5
v -0.6 2.3 -1.7
v -0.6 2.3 -1.8
v -0.6 2.4 1.5
v -0.6 2.4 1.4
v -0.6 2.4 -0.2
v -0.6 2.4 -0.3
v -0.6 2.4 -0.5
v -0.6 2.4 -0.6
v -0.6 2.4 -1.2
v -0.6 2.4 -1.3
v -0.6 2.5 1.5
v -0.6 2.5 1.4
v -0.6 2.5 -0.5
v -0.6 2.5 -1.2
v -0.6 2.5 -1.4
v -0.6 2.5 -1.5
v -0.6 2.5 -1.7
v -0.6 2.5 -1.8
v -0.6 2.6 -0.5
v -0.6 2.6 -0.6
v -0.6 2.6 -1.4
v -0.6 2.6 -1.5
v -0.6 2.6 -1.8
v -0.6 2.6 -1.9
v -0.6 2.7 -1.7
v -0.6 2.7 -1.8
v -0.6 2.7 -1.9
v -0.6 2.8 -0.8
v -0.6 2.8 -0.9
v -0.6 2.9 1.5
v -0.6 2.9 1.4
v -0.6 3 1.5
v -0.6 3 1.4
v -0.6 3.1 -0.8
v -0.6 3.1 -0.9
v -0.6 3.1 -1
v -0.6 3.2 -0.7
v -0.6 3.2 -0.8
v -0.6 3.2 -0.9
v -0.6 3.2 -1
v -0.6 3.3 -0.7
v -0.6 3.3 -0.8
v -0.6 3.4 -0.6
v -0.6 3.4 -0.7
v -0.6 3.5 -0.3
v -0.6 3.5 -0.5
v -0.6 3.5 -0.6
v -0.6 3.5 -0.7
v -0.6 3.6 -0.3
v -0.6 3.6 -0.5
v -0.5 0.9 1.2
v -0.5 0.9 1.1
v -0.5 0.9 0.9
v -0.5 0.9 0.8
v -0.5 1 1.2
v -0.5 1 1.1
v -0.5 1 0.9
v -0.5 1 0.8
v -0.5 1.1 0.7
v -0.5 1.1 0.6
v -0.5 1.2 0.7
v -0.5 1.2 0.6
v -0.5 1.7 -1.8
v -0.5 1.7 -1.9
v -0.5 1.8 1.2
v -0.5 1.8 1.1
v -0.5 1.8 -0.7
v -0.5 1.8 -1.1
v -0.5 1.8 -1.7
v -0.5 1.8 -1.8
v -0.5 1.8 -1.9
v -0.5 1.9 1.3
v -0.5 1.9 1.2
v -0.5 1.9 1.1
v -0.5 1.9 -0.6
v -0.5 1.9 -0.7
v -0.5 1.9 -0.8
v -0.5 1.9 -1
v -0.5 1.9 -1.1
v -0.5 1.9 -1.2
v -0.5 2 -0.7
v -0.5 2 -0.8
v -0.5 2 -1
v -0.5 2 -1.1
v -0.5 2 -1.7
v -0.5 2 -1.8
v -0.5 2.1 1.3
v -0.5 2.1 1.2
v -0.5 2.1 -1.8
v -0.5 2.1 -1.9
v -0.5 2.2 -0.7
v -0.5 2.2 -0.8
v -0.5 2.2 -1
v -0.5 2.2 -1.1
v -0.5 2.2 -1.5
v -0.5 2.2 -1.7
v -0.5 2.3 -1.4
v -0.5 2.3 -1.5
v -0.5 2.3 -1.7
v -0.5 2.3 -1.8
v -0.5 2.4 -0.7
v -0.5 2.4 -0.8
v -0.5 2.4 -1
v -0.5 2.4 -1.1
v -0.5 2.5 1.5
v -0.5 2.5 1.4
v -0.5 2.5 -1.2
v -0.5 2.5 -1.4
v -0.5 2.5 -1.5
v -0.5 2.5 -1.7
v -0.5 2.5 -1.8
v -0.5 2.6 1.5
v -0.5 2.6 1.4
v -0.5 2.6 -0.6
v -0.5 2.6 -0.7
v -0.5 2.6 -0.8
v -0.5 2.6 -1
v -0.5 2.6 -1.1
v -0.5 2.6 -1.3
v -0.5 2.6 -1.4
v -0.5 2.6 -1.5
v -0.5 2.7 -0.7
v -0.5 2.7 -0.8
v -0.5 2.7 -1
v -0.5 2.7 -1.1
v -0.5 2.7 -1.3
v -0.5 2.7 -1.4
v -0.5 2.7 -1.7
v -0.5 2.7 -1.8
v -0.5 2.7 -1.9
v -0.5 2.8 -0.8
v -0.5 2.8 -0.9
v -0.5 2.8 -1.6
v -0.5 2.8 -1.8
v -0.5 2.8 -1.9
v -0.5 2.9 -1.5
v -0.5 2.9 -1.6
v -0.5 3 -1
v -0.5 3 -1.1
v -0.5 3 -1.4
v -0.5 3 -1.5
v -0.5 3.1 -0.9
v -0.5 3.1 -1
v -0.5 3.3 -1
v -0.5 3.3 -1.1
v -0.5 3.5 -1
v -0.5 3.5 -1.1
v -0.5 3.6 -1
v -0.5 3.6 -1.1
v -0.4 0.9 1.1
v -0.4 0.9 0.9
v -0.4 1 1.3
v -0.4 1 1.2
v -0.4 1 1.1
v -0.4 1 0.9
v -0.4 1 0.8
v -0.4 1 0.7
v -0.4 1.1 1.3
v -0.4 1.1 1.2
v -0.4 1.1 0.8
v -0.4 1.1 0.7
v -0.4 1.2 1.5
v -0.4 1.2 1.4
v -0.4 1.2 0.6
v -0.4 1.2 0.3
v -0.4 1.3 1.5
v -0.4 1.3 1.4
v -0.4 1.3 0.6
v -0.4 1.3 0.3
v -0.4 1.3 0.2
v -0.4 1.4 0.3
v -0.4 1.4 0.2
v -0.4 1.5 1.5
v -0.4 1.5 1.4
v -0.4 1.6 1.5
v -0.4 1.6 1.4
v -0.4 1.7 1.3
v -0.4 1.7 1.2
v -0.4 1.8 1.3
v -0.4 1.8 1.2
v -0.4 1.9 -0.8
v -0.4 1.9 -1
v -0.4 2 -0.7
v -0.4 2 -0.8
v -0.4 2 -1
v -0.4 2 -1.1
v -0.4 2.2 1.4
v -0.4 2.2 1.3
v -0.4 2.2 -0.7
v -0.4 2.2 -0.8
v -0.4 2.2 -1
v -0.4 2.2 -1.1
v -0.4 2.3 1.4
v -0.4 2.3 1.3
v -0.4 2.4 -0.7
v -0.4 2.4 -0.8
v -0.4 2.4 -1
v -0.4 2.4 -1.1
v -0.4 2.6 -0.7
v -0.4 2.6 -0.8
v -0.4 2.6 -1
v -0.4 2.6 -1.1
v -0.4 2.6 -1.3
v -0.4 2.7 -0.8
v -0.4 2.7 -1
v -0.4 2.7 -1.1
v -0.4 2.7 -1.3
v -0.4 2.7 -1.4
v -0.4 2.8 -1.6
v -0.4 2.8 -1.8
v -0.4 2.8 -1.9
v -0.4 2.9 -1.5
v -0.4 2.9 -1.6
v -0.4 2.9 -1.7
v -0.4 2.9 -1.8
v -0.4 2.9 -1.9
v -0.4 3 -1
v -0.4 3 -1.1
v -0.4 3 -1.4
v -0.4 3 -1.5
v -0.4 3 -1.6
v -0.4 3 -1.7
v -0.4 3.1 1.6
v -0.4 3.1 1.5
v -0.4 3.1 -1.2
v -0.4 3.1 -1.6
v -0.4 3.2 1.8
v -0.4 3.2 1.7
v -0.4 3.2 1.6
v -0.4 3.2 1.5
v -0.4 3.2 -1.1
v -0.4 3.2 -1.2
v -0.4 3.3 1.8
v -0.4 3.3 1.7
v -0.4 3.3 -1
v -0.4 3.3 -1.1
v -0.4 3.5 -1
v -0.4 3.5 -1.1
v -0.4 3.6 -1.1
v -0.4 3.6 -1.2
v -0.4 3.7 -1.1
v -0.4 3.7 -1.2
v -0.4 3.9 -1.2
v -0.4 3.9 -1.3
v -0.4 4 -1.2
v -0.4 4 -1.3
v -0.3 1 1.2
v -0.3 1 1.1
v -0.3 1 0.9
v -0.3 1 0.8
v -0.3 1.1 1.4
v -0.3 1.1 1.3
v -0.3 1.1 1.2
v -0.3 1.1 1.1
v -0.3 1.1 0.9
v -0.3 1.1 0.8
v -0.3 1.2 1.4
v -0.3 1.2 1.3
v -0.3 1.2 0.7
v -0.3 1.2 0.6
v -0.3 1.3 1.5
v -0.3 1.3 1.4
v -0.3 1.3 0.7
v -0.3 1.3 0.6
v -0.3 1.3 0.3
v -0.3 1.3 0.2
v -0.3 1.3 0.0999999
v -0.3 1.4 0.3
v -0.3 1.4 0.2
v -0.3 1.4 0.0999999
v -0.3 1.5 1.5
v -0.3 1.5 1.4
v -0.3 1.6 1.4
v -0.3 1.6 1.3
v -0.3 1.6 0.6
v -0.3 1.6 0.3
v -0.3 1.7 1.4
v -0.3 1.7 1.3
v -0.3 2.6 1.7
v -0.3 2.6 1.6
v -0.3 2.7 1.7
v -0.3 2.7 1.6
v -0.3 2.9 1.7
v -0.3 2.9 1.6
v -0.3 2.9 -1.7
v -0.3 2.9 -1.8
v -0.3 2.9 -1.9
v -0.3 3 1.8
v -0.3 3 1.7
v -0.3 3 1.6
v -0.3 3 1.5
v -0.3 3 -1.6
v -0.3 3 -1.7
v -0.3 3.1 1.6
v -0.3 3.1 1.5
v -0.3 3.1 -1.2
v -0.3 3.1 -1.6
v -0.3 3.2 1.8
v -0.3 3.2 1.6
v -0.3 3.2 -1.1
v -0.3 3.2 -1.2
v -0.3 3.2 -1.3
v -0.3 3.2 -1.5
v -0.3 3.3 -1.2
v -0.3 3.3 -1.3
v -0.3 3.3 -1.5
v -0.3 3.3 -1.6
v -0.3 3.5 -1.2
v -0.3 3.5 -1.3
v -0.3 3.5 -1.6
v -0.3 3.5 -1.8
v -0.3 3.6 -1.1
v -0.3 3.6 -1.2
v -0.3 3.6 -1.8
v -0.3 3.6 -1.9
v -0.3 3.9 -1.2
v -0.3 3.9 -1.3
v -0.2 1 1.1
v -0.2 1 0.9
v -0.2 1.1 1.3
v -0.2 1.1 1.2
v -0.2 1.1 1.1
v -0.2 1.1 0.9
v -0.2 1.1 0.8
v -0.2 1.1 0.7
v -0.2 1.2 1.4
v -0.2 1.2 1.3
v -0.2 1.2 1.2
v -0.2 1.2 0.8
v -0.2 1.2 0.7
v -0.2 1.3 0.7
v -0.2 1.3 0.6
v -0.2 1.3 0.0999999
v -0.2 1.3 0
v -0.2 1.3 -0.2
v -0.2 1.3 -0.3
v -0.2 1.4 0.3
v -0.2 1.4 0.2
v -0.2 1.4 0.0999999
v -0.2 1.4 0
v -0.2 1.4 -0.2
v -0.2 1.4 -0.3
v -0.2 1.5 0.7
v -0.2 1.5 0.6
v -0.2 1.5 0.3
v -0.2 1.5 0.2
v -0.2 1.5 -0.4
v -0.2 1.5 -0.5
v -0.2 1.6 1.4
v -0.2 1.6 1.3
v -0.2 1.6 1.2
v -0.2 1.6 0.6
v -0.2 1.6 0.3
v -0.2 1.6 -0.4
v -0.2 1.6 -0.5
v -0.2 1.7 1.3
v -0.2 1.7 1.2
v -0.2 1.7 0.6
v -0.2 1.7 0.3
v -0.2 2.5 -0.5
v -0.2 2.5 -0.6
v -0.2 2.6 1.8
v -0.2 2.6 1.7
v -0.2 2.6 -0.5
v -0.2 2.6 -0.6
v -0.2 2.7 1.7
v -0.2 2.7 1.6
v -0.2 2.8 1.6
v -0.2 2.8 1.4
v -0.2 2.8 -0.8
v -0.2 2.8 -0.9
v -0.2 2.9 1.7
v -0.2 2.9 1.6
v -0.2 2.9 1.5
v -0.2 2.9 1.4
v -0.2 2.9 -0.8
v -0.2 2.9 -0.9
v -0.2 3 1.8
v -0.2 3 1.7
v -0.2 3 1.6
v -0.2 3 1.5
v -0.2 3.1 -0.8
v -0.2 3.1 -0.9
v -0.2 3.2 -0.8
v -0.2 3.2 -0.9
v -0.2 3.2 -1.3
v -0.2 3.2 -1.5
v -0.2 3.3 -1.2
v -0.2 3.3 -1.3
v -0.2 3.3 -1.5
v -0.2 3.3 -1.6
v -0.2 3.5 -1.2
v -0.2 3.5 -1.3
v -0.2 3.5 -1.6
v -0.2 3.5 -1.8
v -0.2 3.6 -1.5
v -0.2 3.6 -1.7
v -0.2 3.6 -1.8
v -0.2 3.7 -1.4
v -0.2 3.7 -1.5
v -0.2 3.7 -1.7
v -0.2 3.7 -1.8
v -0.2 3.9 -1.4
v -0.2 3.9 -1.5
v -0.2 3.9 -1.7
v -0.2 3.9 -1.8
v -0.2 4 -1.3
v -0.2 4 -1.5
v -0.2 4 -1.7
v -0.2 4 -1.8
v -0.0999999 1.1 1.2
v -0.0999999 1.1 0.8
v -0.0999999 1.2 1.3
v -0.0999999 1.2 1.2
v -0.0999999 1.2 1.1
v -0.0999999 1.2 0.9
v -0.0999999 1.2 0.8
v -0.0999999 1.2 0.7
v -0.0999999 1.3 1.2
v -0.0999999 1.3 1.1
v -0.0999999 1.3 0.9
v -0.0999999 1.3 0.8
v -0.0999999 1.3 0
v -0.0999999 1.3 -0.2
v -0.0999999 1.4 0.2
v -0.0999999 1.4 0.0999999
v -0.0999999 1.4 0
v -0.0999999 1.4 -0.2
v -0.0999999 1.4 -0.3
v -0.0999999 1.4 -0.4
v -0.0999999 1.5 1.2
v -0.0999999 1.5 1.1
v -0.0999999 1.5 0.8
v -0.0999999 1.5 0.7
v -0.0999999 1.5 0.6
v -0.0999999 1.5 0.3
v -0.0999999 1.5 0.2
v -0.0999999 1.5 0.0999999
v -0.0999999 1.5 -0.3
v -0.0999999 1.5 -0.4
v -0.0999999 1.6 1.3
v -0.0999999 1.6 1.2
v -0.0999999 1.6 0.7
v -0.0999999 1.6 0.6
v -0.0999999 1.6 0.3
v -0.0999999 1.6 0.2
v -0.0999999 1.6 -0.4
v -0.0999999 1.6 -0.5
v -0.0999999 1.7 1.2
v -0.0999999 1.7 1.1
v -0.0999999 1.7 -0.4
v -0.0999999 1.7 -0.5
v -0.0999999 2.7 -0.7
v -0.0999999 2.7 -0.8
v -0.0999999 2.8 -0.7
v -0.0999999 2.8 -0.8
v -0.0999999 2.9 1.5
v -0.0999999 2.9 1.4
v -0.0999999 2.9 -0.8
v -0.0999999 2.9 -0.9
v -0.0999999 3 1.5
v -0.0999999 3 1.4
v -0.0999999 3.1 -0.8
v -0.0999999 3.1 -0.9
v -0.0999999 3.2 -0.7
v -0.0999999 3.2 -0.8
v -0.0999999 3.3 -0.7
v -0.0999999 3.3 -0.8
v -0.0999999 3.4 1.5
v -0.0999999 3.4 1.4
v -0.0999999 3.5 1.5
v -0.0999999 3.5 1.4
v -0.0999999 3.6 1.3
v -0.0999999 3.6 1.2
v -0.0999999 3.6 -1.5
v -0.0999999 3.6 -1.7
v -0.0999999 3.7 1.3
v -0.0999999 3.7 1.2
v -0.0999999 3.7 -1.4
v -0.0999999 3.7 -1.5
v -0.0999999 3.7 -1.7
v -0.0999999 3.7 -1.8
v -0.0999999 3.9 -1.4
v -0.0999999 3.9 -1.5
v -0.0999999 3.9 -1.7
v -0.0999999 3.9 -1.8
v -0.0999999 4 -1.5
v -0.0999999 4 -1.7
v 0 1.2 1.1
v 0 1.2 0.9
v 0 1.3 1.2
v 0 1.3 1.1
v 0 1.3 0.9
v 0 1.3 0.8
v 0 1.4 0.0999999
v 0 1.4 -0.3
v 0 1.5 1.2
v 0 1.5 1.1
v 0 1.5 0.8
v 0 1.5 0.7
v 0 1.5 0.0999999
v 0 1.5 -0.3
v 0 1.5 -0.4
v 0 1.6 1.1
v 0 1.6 0.7
v 0 1.6 -0.3
v 0 1.6 -0.4
v 0 1.7 -0.4
v 0 1.7 -0.5
v 0 1.8 1.3
v 0 1.8 1.2
v 0 1.8 -0.4
v 0 1.8 -0.5
v 0 1.9 1.4
v 0 1.9 1.3
v 0 1.9 1.2
v 0 2.1 1.4
v 0 2.1 1.3
v 0 2.1 -0.3
v 0 2.1 -0.5
v 0 2.2 0
v 0 2.2 -0.3
v 0 2.4 -0.4
v 0 2.4 -0.5
v 0 2.5 -0.4
v 0 2.5 -0.5
v 0 2.5 -0.6
v 0 2.6 -0.6
v 0 2.7 0
v 0 2.7 -0.0999999
v 0 2.9 -0.0999999
v 0 2.9 -0.3
v 0 2.9 -0.7
v 0 2.9 -0.8
v 0 3 -0.3
v 0 3 -0.4
v 0 3 -0.7
v 0 3 -0.8
v 0 3.1 -0.4
v 0 3.1 -0.5
v 0 3.2 1.5
v 0 3.2 1.4
v 0 3.2 -0.5
v 0 3.2 -0.6
v 0 3.4 1.5
v 0 3.4 1.4
v 0 3.5 1.4
v 0 3.5 1.3
v 0 3.6 1.4
v 0 3.6 1.3
v 0 3.6 1.2
v 0 3.6 1.1
v 0 3.7 1.2
v 0 3.7 1.1
v 0.1 1.5 0
v 0.1 1.5 -0.3
v 0.1 1.6 0
v 0.1 1.6 -0.3
v 0.1 1.6 -0.4
v 0.1 1.7 -0.3
v 0.1 1.7 -0.4
v 0.1 1.8 -0.4
v 0.1 1.8 -0.5
v 0.1 1.9 1.3
v 0.1 1.9 1.2
v 0.1 2 -0.4
v 0.1 2 -0.5
v 0.1 2.1 1.4
v 0.1 2.1 1.3
v 0.1 2.1 1.2
v 0.1 2.1 -0.2
v 0.1 2.1 -0.3
v 0.1 2.2 1.6
v 0.1 2.2 1.5
v 0.1 2.2 1.4
v 0.1 2.2 1.3
v 0.1 2.2 -0.2
v 0.1 2.2 -0.3
v 0.1 2.3 1.7
v 0.1 2.3 1.6
v 0.1 2.3 1.5
v 0.1 2.7 1.7
v 0.1 2.7 1.6
v 0.1 2.7 1.5
v 0.1 2.8 1.6
v 0.1 2.8 1.5
v 0.1 3.5 1.3
v 0.1 3.5 1.2
v 0.1 3.6 1.3
v 0.1 3.6 1.2
v 0.1 3.7 0
v 0.1 3.7 -0.0999999
v 0.1 3.8 0
v 0.1 3.8 -0.0999999
v 0.2 0.9 1.9
v 0.2 0.9 1.8
v 0.2 1.2 -1.8
v 0.2 1.2 -1.9
v 0.2 1.4 1.9
v 0.2 1.4 1.8
v 0.2 1.6 1.1
v 0.2 1.6 0.8
v 0.2 1.6 -0.0999999
v 0.2 1.6 -0.3
v 0.2 1.7 1.2
v 0.2 1.7 1.1
v 0.2 1.7 0.8
v 0.2 1.7 -0.0999999
v 0.2 1.7 -0.2
v 0.2 1.7 -0.3
v 0.2 1.7 -0.4
v 0.2 1.8 1.9
v 0.2 1.8 1.8
v 0.2 1.8 1.2
v 0.2 1.8 1.1
v 0.2 1.8 -0.2
v 0.2 1.8 -0.3
v 0.2 1.9 -0.3
v 0.2 1.9 -0.4
v 0.2 2 -0.4
v 0.2 2 -0.5
v 0.2 2.1 -0.4
v 0.2 2.1 -0.5
v 0.2 2.2 1.9
v 0.2 2.2 1.8
v 0.2 2.3 1.9
v 0.2 2.3 1.8
v 0.2 2.4 -1.8
v 0.2 2.4 -1.9
v 0.2 3.7 1.9
v 0.2 3.7 1.8
v 0.3 1.1 -1.8
v 0.3 1.1 -1.9
v 0.3 1.2 -1.8
v 0.3 1.2 -1.9
v 0.3 1.5 0.7
v 0.3 1.5 0.6
v 0.3 1.6 0.7
v 0.3 1.6 0.6
v 0.3 1.7 1.1
v 0.3 1.7 0.8
v 0.3 1.8 1.2
v 0.3 1.8 1.1
v 0.3 1.8 0.8
v 0.3 1.8 -0.2
v 0.3 1.8 -0.3
v 0.3 1.9 -0.2
v 0.3 1.9 -0.3
v 0.3 1.9 -0.4
v 0.3 2 1.2
v 0.3 2 1.1
v 0.3 2 -0.3
v 0.3 2 -0.4
v 0.3 2.4 -1.8
v 0.3 2.4 -1.9
v 0.3 3.7 1.9
v 0.3 3.7 1.8
v 0.3 3.7 -1.8
v 0.3 3.7 -1.9
v 0.3 3.8 1.9
v 0.3 3.8 1.8
v 0.4 1.5 0.6
v 0.4 1.5 0.3
v 0.4 1.5 0.0999999
v 0.4 1.5 0
v 0.4 1.6 0.8
v 0.4 1.6 0.7
v 0.4 1.6 0.6
v 0.4 1.6 0.3
v 0.4 1.6 0.0999999
v 0.4 1.6 0
v 0.4 1.7 0.8
v 0.4 1.7 0.7
v 0.4 1.7 -0.0999999
v 0.4 1.7 -0.2
v 0.4 1.8 1.1
v 0.4 1.8 0.8
v 0.4 1.8 -0.0999999
v 0.4 1.8 -0.2
v 0.4 1.9 -0.2
v 0.4 1.9 -0.3
v 0.4 2 1.2
v 0.4 2 1.1
v 0.4 2 -0.2
v 0.4 2 -0.3
v 0.4 2 -0.4
v 0.4 2.1 1.2
v 0.4 2.1 0.8
v 0.4 2.1 -0.3
v 0.4 2.1 -0.4
v 0.4 2.8 1.6
v 0.4 2.8 1.5
v 0.4 3.1 1.6
v 0.4 3.1 1.5
v 0.4 3.7 -1.8
v 0.4 3.7 -1.9
v 0.4 3.8 -1.8
v 0.4 3.8 -1.9
v 0.5 1.5 0.3
v 0.5 1.5 0.0999999
v 0.5 1.6 0.7
v 0.5 1.6 0.4
v 0.5 1.6 0.3
v 0.5 1.6 0.0999999
v 0.5 1.6 0
v 0.5 1.6 -0.0999999
v 0.5 1.7 0.8
v 0.5 1.7 0.7
v 0.5 1.7 0.6
v 0.5 1.7 0.4
v 0.5 1.7 0
v 0.5 1.7 -0.0999999
v 0.5 1.8 0.7
v 0.5 1.8 0.6
v 0.5 1.8 -0.0999999
v 0.5 1.8 -0.2
v 0.5 1.9 -0.0999999
v 0.5 1.9 -0.2
v 0.5 2 0.8
v 0.5 2 0.7
v 0.5 2 -0.2
v 0.5 2 -0.3
v 0.5 2.1 1.5
v 0.5 2.1 0.9
v 0.5 2.1 -0.2
v 0.5 2.1 -0.3
v 0.5 2.2 1.6
v 0.5 2.2 1.5
v 0.5 2.2 0.9
v 0.5 2.3 1.6
v 0.5 2.3 1.5
v 0.5 2.4 1.6
v 0.5 2.4 1.5
v 0.5 2.5 -0.6
v 0.5 2.5 -0.7
v 0.5 2.6 -0.6
v 0.5 2.6 -0.7
v 0.5 2.7 -0.8
v 0.5 2.7 -0.9
v 0.5 2.8 -0.8
v 0.5 2.8 -0.9
v 0.5 3.1 -0.9
v 0.5 3.1 -1
v 0.5 3.2 -0.9
v 0.5 3.2 -1
v 0.5 3.4 -0.9
v 0.5 3.4 -1
v 0.5 3.5 -0.9
v 0.5 3.5 -1
v 0.5 3.6 -0.7
v 0.5 3.6 -0.8
v 0.5 3.7 -0.7
v 0.5 3.7 -0.8
v 0.6 1.6 0.4
v 0.6 1.6 0
v 0.6 1.7 0.6
v 0.6 1.7 0.4
v 0.6 1.7 0
v 0.6 1.7 -0.0999999
v 0.6 1.8 1.8
v 0.6 1.8 1.7
v 0.6 1.8 0.7
v 0.6 1.8 0.6
v 0.6 1.8 0.5
v 0.6 1.8 0.4
v 0.6 1.8 0
v 0.6 1.8 -0.0999999
v 0.6 1.9 1.8
v 0.6 1.9 1.7
v 0.6 1.9 0.7
v 0.6 1.9 0.5
v 0.6 1.9 -0.0999999
v 0.6 1.9 -0.2
v 0.6 2 -0.0999999
v 0.6 2 -0.2
v 0.6 2.2 1.5
v 0.6 2.2 1
v 0.6 2.3 1.5
v 0.6 2.3 1
v 0.6 2.3 -0.5
v 0.6 2.3 -0.6
v 0.6 2.4 -0.5
v 0.6 2.4 -0.6
v 0.6 2.6 -0.7
v 0.6 2.6 -0.8
v 0.6 2.7 -0.7
v 0.6 2.7 -0.8
v 0.6 2.8 -0.8
v 0.6 2.8 -0.9
v 0.6 3.1 1.6
v 0.6 3.1 1.5
v 0.6 3.1 -0.8
v 0.6 3.1 -0.9
v 0.6 3.2 -0.9
v 0.6 3.2 -1
v 0.6 3.3 1.6
v 0.6 3.3 1.5
v 0.6 3.4 -0.9
v 0.6 3.4 -1
v 0.6 3.5 -0.8
v 0.6 3.5 -0.9
v 0.6 3.6 -0.8
v 0.6 3.6 -0.9
v 0.7 1.1 1.8
v 0.7 1.1 1.7
v 0.7 1.2 1.8
v 0.7 1.2 1.7
v 0.7 1.7 1.8
v 0.7 1.7 1.7
v 0.7 1.7 0.4
v 0.7 1.7 0
v 0.7 1.8 1.9
v 0.7 1.8 1.8
v 0.7 1.8 1.7
v 0.7 1.8 0.5
v 0.7 1.8 0.4
v 0.7 1.8 0.3
v 0.7 1.8 0.0999999
v 0.7 1.8 0
v 0.7 1.8 -0.0999999
v 0.7 1.9 1.9
v 0.7 1.9 1.8
v 0.7 1.9 0.7
v 0.7 1.9 0.6
v 0.7 1.9 0.5
v 0.7 1.9 0.3
v 0.7 1.9 0.0999999
v 0.7 1.9 0
v 0.7 2 0.7
v 0.7 2 0.6
v 0.7 2 0
v 0.7 2 -0.0999999
v 0.7 2.2 1
v 0.7 2.2 0.9
v 0.7 2.3 1.5
v 0.7 2.3 1
v 0.7 2.3 0.9
v 0.7 2.4 1.6
v 0.7 2.4 1.5
v 0.7 2.4 1.2
v 0.7 2.4 -0.5
v 0.7 2.4 -0.6
v 0.7 2.5 1.1
v 0.7 2.5 1
v 0.7 2.6 1.2
v 0.7 2.6 1.1
v 0.7 2.6 -0.6
v 0.7 2.6 -0.7
v 0.7 2.7 1.6
v 0.7 2.7 1.5
v 0.7 2.7 -0.5
v 0.7 2.7 -0.6
v 0.7 2.7 -0.7
v 0.7 2.7 -0.8
v 0.7 2.8 -0.6
v 0.7 2.8 -0.7
v 0.7 3 -0.7
v 0.7 3 -0.8
v 0.7 3.1 -0.8
v 0.7 3.1 -0.9
v 0.7 3.5 -0.8
v 0.7 3.5 -0.9
v 0.8 1.1 1.9
v 0.8 1.1 1.8
v 0.8 1.2 1.8
v 0.8 1.2 1.7
v 0.8 1.7 1.8
v 0.8 1.7 1.7
v 0.8 1.8 1.9
v 0.8 1.8 1.8
v 0.8 1.8 0.3
v 0.8 1.8 0.0999999
v 0.8 1.9 0.6
v 0.8 1.9 0.3
v 0.8 1.9 0.0999999
v 0.8 1.9 0
v 0.8 2 0.8
v 0.8 2 0.7
v 0.8 2 0.6
v 0.8 2 0
v 0.8 2 -0.2
v 0.8 2 -0.3
v 0.8 2.1 0.9
v 0.8 2.1 0.8
v 0.8 2.1 0.7
v 0.8 2.1 -0.2
v 0.8 2.1 -0.3
v 0.8 2.2 0.9
v 0.8 2.2 0.8
v 0.8 2.2 -0.4
v 0.8 2.2 -0.5
v 0.8 2.3 1
v 0.8 2.3 0.9
v 0.8 2.3 -0.4
v 0.8 2.3 -0.5
v 0.8 2.4 1.5
v 0.8 2.4 1.2
v 0.8 2.4 1
v 0.8 2.4 0.9
v 0.8 2.5 1.1
v 0.8 2.5 1
v 0.8 2.6 1.2
v 0.8 2.6 1.1
v 0.8 2.6 1
v 0.8 2.7 1.5
v 0.8 2.7 1.1
v 0.9 1 -1.5
v 0.9 1 -1.6
v 0.9 1.1 -1.5
v 0.9 1.1 -1.6
v 0.9 1.7 -1.5
v 0.9 1.7 -1.6
v 0.9 1.7 -1.8
v 0.9 1.7 -1.9
v 0.9 1.8 -1.5
v 0.9 1.8 -1.6
v 0.9 1.8 -1.8
v 0.9 1.8 -1.9
v 0.9 2 0.7
v 0.9 2 -0.2
v 0.9 2.1 0.8
v 0.9 2.1 0.7
v 0.9 2.1 0.6
v 0.9 2.1 -0.2
v 0.9 2.1 -0.3
v 0.9 2.1 -0.4
v 0.9 2.2 0.9
v 0.9 2.2 0.8
v 0.9 2.2 0.7
v 0.9 2.2 0.6
v 0.9 2.2 -0.3
v 0.9 2.2 -0.4
v 0.9 2.3 0.9
v 0.9 2.3 0.8
v 0.9 2.3 0.7
v 0.9 2.3 -0.4
v 0.9 2.3 -0.5
v 0.9 2.4 1
v 0.9 2.4 0.9
v 0.9 2.4 0.8
v 0.9 2.4 -0.4
v 0.9 2.4 -0.5
v 0.9 2.5 1
v 0.9 2.5 0.9
v 1 1 -1.6
v 1 1 -1.8
v 1 1.1 -1.6
v 1 1.1 -1.8
v 1 1.7 -1.6
v 1 1.7 -1.8
v 1 1.8 -1.6
v 1 1.8 -1.8
v 1 2.1 0.6
v 1 2.1 -0.3
v 1 2.2 0.7
v 1 2.2 0.6
v 1 2.2 0.5
v 1 2.2 -0.3
v 1 2.2 -0.4
v 1 2.3 0.8
v 1 2.3 0.7
v 1 2.3 0.6
v 1 2.3 0.5
v 1 2.3 -0.3
v 1 2.3 -0.4
v 1 2.4 0.8
v 1 2.4 0.7
v 1 2.4 -0.4
v 1 2.4 -0.5
v 1 2.5 0.7
v 1 2.5 0.6
v 1 2.5 -0.4
v 1 2.5 -0.5
v 1.1 1 -1
v 1.1 1 -1.1
v 1.1 1 -1.4
v 1.1 1 -1.5
v 1.1 1.1 -1
v 1.1 1.1 -1.1
v 1.1 1.1 -1.4
v 1.1 1.1 -1.5
v 1.1 1.1 -1.6
v 1.1 1.1 -1.8
v 1.1 1.1 -1.9
v 1.1 1.2 -1.6
v 1.1 1.2 -1.8
v 1.1 1.3 -1.8
v 1.1 1.3 -1.9
v 1.1 1.5 -1.8
v 1.1 1.5 -1.9
v 1.1 1.6 -1.6
v 1.1 1.6 -1.8
v 1.1 1.7 -1.6
v 1.1 1.7 -1.8
v 1.1 1.7 -1.9
v 1.1 2.2 0.5
v 1.1 2.2 -0.3
v 1.1 2.3 0.6
v 1.1 2.3 0.5
v 1.1 2.3 0.2
v 1.1 2.3 -0.2
v 1.1 2.3 -0.3
v 1.1 2.3 -0.4
v 1.1 2.4 0.5
v 1.1 2.4 0.2
v 1.1 2.4 -0.2
v 1.1 2.4 -0.3
v 1.1 2.5 0.6
v 1.1 2.5 0.5
v 1.1 2.5 -0.3
v 1.1 2.5 -0.4
v 1.1 2.7 1.5
v 1.1 2.7 1.2
v 1.1 2.8 1.6
v 1.1 2.8 1.5
v 1.1 2.8 1.2
v 1.1 2.9 1.6
v 1.1 2.9 1.5
v 1.2 1.2 -1.6
v 1.2 1.2 -1.8
v 1.2 1.3 -1.8
v 1.2 1.3 -1.9
v 1.2 1.4 -0.4
v 1.2 1.4 -0.5
v 1.2 1.5 -0.4
v 1.2 1.5 -0.5
v 1.2 1.5 -1.8
v 1.2 1.5 -1.9
v 1.2 1.6 -1.6
v 1.2 1.6 -1.8
v 1.2 2.3 0.2
v 1.2 2.3 -0.2
v 1.2 2.4 0.5
v 1.2 2.4 0.2
v 1.2 2.4 0.0999999
v 1.2 2.4 -0.0999999
v 1.2 2.4 -0.2
v 1.2 2.4 -0.3
v 1.2 2.5 0.5
v 1.2 2.5 0.0999999
v 1.2 2.5 -0.0999999
v 1.2 2.5 -0.3
v 1.2 2.5 -0.4
v 1.2 2.5 -0.5
v 1.2 2.6 -0.4
v 1.2 2.6 -0.5
v 1.2 2.6 -0.6
v 1.2 2.7 -0.5
v 1.2 2.7 -0.6
v 1.2 2.8 1.5
v 1.2 2.8 1.2
v 1.2 2.8 -0.7
v 1.2 2.8 -0.8
v 1.2 2.9 1.6
v 1.2 2.9 1.5
v 1.2 2.9 1.2
v 1.2 2.9 -0.2
v 1.2 2.9 -0.5
v 1.2 2.9 -0.7
v 1.2 2.9 -0.8
v 1.2 3 -0.3
v 1.2 3 -0.4
v 1.2 3.1 1.6
v 1.2 3.1 1.5
v 1.2 3.1 -0.2
v 1.2 3.1 -0.3
v 1.2 3.1 -0.4
v 1.2 3.1 -0.5
v 1.3 1.1 -0.7
v 1.3 1.1 -0.8
v 1.3 1.2 -0.7
v 1.3 1.2 -0.8
v 1.3 1.3 -0.5
v 1.3 1.3 -0.6
v 1.3 1.4 -0.5
v 1.3 1.4 -0.6
v 1.3 2.4 1.1
v 1.3 2.4 0.9
v 1.3 2.4 0.0999999
v 1.3 2.4 -0.0999999
v 1.3 2.5 1.2
v 1.3 2.5 1.1
v 1.3 2.5 0.9
v 1.3 2.5 0.5
v 1.3 2.5 0.0999999
v 1.3 2.5 -0.0999999
v 1.3 2.5 -0.4
v 1.3 2.6 0.5
v 1.3 2.6 0.3
v 1.3 2.6 0
v 1.3 2.6 -0.3
v 1.3 2.6 -0.4
v 1.3 2.6 -0.5
v 1.3 2.7 1.2
v 1.3 2.7 1.1
v 1.3 2.7 0.3
v 1.3 2.7 0
v 1.3 2.7 -0.3
v 1.3 2.7 -0.5
v 1.3 2.7 -0.6
v 1.3 2.7 -0.7
v 1.3 2.8 -0.6
v 1.3 2.8 -0.7
v 1.3 2.9 1.5
v 1.3 2.9 1.2
v 1.3 2.9 -0.7
v 1.3 2.9 -0.8
v 1.3 3 1.5
v 1.3 3 1.2
v 1.3 3.1 -0.7
v 1.3 3.1 -0.8
v 1.3 3.2 1.7
v 1.3 3.2 1.6
v 1.3 3.4 1.7
v 1.3 3.4 1.6
v 1.4 1.1 -0.8
v 1.4 1.1 -0.9
v 1.4 1.2 -0.6
v 1.4 1.2 -0.7
v 1.4 1.2 -0.8
v 1.4 1.2 -0.9
v 1.4 1.3 -0.6
v 1.4 1.3 -0.7
v 1.4 1.7 -1.5
v 1.4 1.7 -1.6
v 1.4 1.8 -1.5
v 1.4 1.8 -1.6
v 1.4 2.4 0.9
v 1.4 2.4 0.6
v 1.4 2.5 1.1
v 1.4 2.5 0.9
v 1.4 2.5 0.6
v 1.4 2.6 1.1
v 1.4 2.6 0.9
v 1.4 2.6 0.4
v 1.4 2.6 0.3
v 1.4 2.6 0
v 1.4 2.6 -0.3
v 1.4 2.7 0.3
v 1.4 2.7 0.0999999
v 1.4 2.7 0
v 1.4 2.7 -0.0999999
v 1.4 2.7 -0.3
v 1.4 2.7 -0.4
v 1.4 2.7 -0.6
v 1.4 2.8 0.3
v 1.4 2.8 0.0999999
v 1.4 2.8 -0.0999999
v 1.4 2.8 -0.3
v 1.4 2.8 -0.4
v 1.4 2.8 -0.5
v 1.4 2.8 -0.6
v 1.4 2.8 -0.7
v 1.4 2.9 0.4
v 1.4 2.9 0.3
v 1.4 2.9 -0.3
v 1.4 2.9 -0.4
v 1.4 2.9 -0.5
v 1.4 2.9 -0.6
v 1.4 3 -0.6
v 1.4 3 -0.7
v 1.4 3.1 -0.6
v 1.4 3.1 -0.7
v 1.4 3.4 -1
v 1.4 3.4 -1.1
v 1.4 3.5 -1
v 1.4 3.5 -1.1
v 1.4 3.7 -1
v 1.4 3.7 -1.1
v 1.4 3.8 -1
v 1.4 3.8 -1.1
v 1.5 1.2 -0.7
v 1.5 1.2 -0.9
v 1.5 1.3 -0.7
v 1.5 1.3 -0.9
v 1.5 1.6 -1.5
v 1.5 1.6 -1.6
v 1.5 1.7 -1.5
v 1.5 1.7 -1.6
v 1.5 2.5 0.9
v 1.5 2.5 0.5
v 1.5 2.6 1.1
v 1.5 2.6 0.9
v 1.5 2.6 0.8
v 1.5 2.6 0.5
v 1.5 2.6 0.4
v 1.5 2.7 1.2
v 1.5 2.7 1.1
v 1.5 2.7 0.8
v 1.5 2.7 0.0999999
v 1.5 2.7 -0.0999999
v 1.5 2.8 0.5
v 1.5 2.8 0.4
v 1.5 2.8 0.3
v 1.5 2.8 0.2
v 1.5 2.8 0.0999999
v 1.5 2.8 -0.0999999
v 1.5 2.8 -0.2
v 1.5 2.8 -0.3
v 1.5 2.8 -0.4
v 1.5 2.8 -0.5
v 1.5 2.9 1.2
v 1.5 2.9 1.1
v 1.5 2.9 0.4
v 1.5 2.9 0.3
v 1.5 2.9 0.2
v 1.5 2.9 -0.2
v 1.5 2.9 -0.3
v 1.5 2.9 -0.4
v 1.5 2.9 -0.5
v 1.5 2.9 -0.6
v 1.5 3 0.4
v 1.5 3 0.3
v 1.5 3 -0.3
v 1.5 3 -0.5
v 1.5 3 -0.6
v 1.5 3.1 -0.5
v 1.5 3.1 -0.6
v 1.5 3.1 -0.7
v 1.5 3.1 -0.8
v 1.5 3.2 -0.7
v 1.5 3.2 -0.8
v 1.5 3.3 -0.9
v 1.5 3.3 -1
v 1.5 3.4 -0.9
v 1.5 3.4 -1
v 1.5 3.5 -1
v 1.5 3.5 -1.1
v 1.5 3.7 -1
v 1.5 3.7 -1.1
v 1.6 0.5 -1.8
v 1.6 0.5 -1.9
v 1.6 0.6 -1.8
v 1.6 0.9 -1.1
v 1.6 0.9 -1.2
v 1.6 0.9 -1.4
v 1.6 0.9 -1.5
v 1.6 1 -1.1
v 1.6 1 -1.2
v 1.6 1 -1.4
v 1.6 1 -1.5
v 1.6 1 -1.8
v 1.6 1 -1.9
v 1.6 1 -2.1
v 1.6 1.1 -0.9
v 1.6 1.1 -1
v 1.6 1.1 -1.6
v 1.6 1.1 -1.7
v 1.6 1.2 -0.9
v 1.6 1.2 -1
v 1.6 1.2 -1.6
v 1.6 1.2 -1.7
v 1.6 1.2 -1.8
v 1.6 1.2 -1.9
v 1.6 1.2 -2.1
v 1.6 1.4 -1.6
v 1.6 1.4 -1.7
v 1.6 1.5 -1.6
v 1.6 1.5 -1.7
v 1.6 2.6 0.8
v 1.6 2.6 0.5
v 1.6 2.7 1.1
v 1.6 2.7 0.8
v 1.6 2.7 0.5
v 1.6 2.8 0.9
v 1.6 2.8 0.8
v 1.6 2.8 0.2
v 1.6 2.8 -0.2
v 1.6 2.9 1.1
v 1.6 2.9 0.9
v 1.6 2.9 0.3
v 1.6 2.9 0.2
v 1.6 2.9 0.0999999
v 1.6 2.9 -0.0999999
v 1.6 2.9 -0.2
v 1.6 2.9 -0.3
v 1.6 3 0.4
v 1.6 3 0.3
v 1.6 3 0.2
v 1.6 3 0.0999999
v 1.6 3 -0.0999999
v 1.6 3 -0.2
v 1.6 3 -0.3
v 1.6 3 -0.5
v 1.6 3.1 0.4
v 1.6 3.1 0.2
v 1.6 3.1 -0.2
v 1.6 3.1 -0.5
v 1.6 3.1 -0.6
v 1.6 3.1 -0.7
v 1.6 3.2 -0.6
v 1.6 3.2 -0.7
v 1.6 3.2 -0.8
v 1.6 3.2 -0.9
v 1.6 3.3 -0.8
v 1.6 3.3 -0.9
v 1.6 3.4 -0.9
v 1.6 3.4 -1
v 1.6 3.6 -0.9
v 1.6 3.6 -1
v 1.7 0.3 -1.8
v 1.7 0.3 -1.9
v 1.7 0.5 -1.8
v 1.7 0.5 -1.9
v 1.7 0.7 1.9
v 1.7 0.7 1.8
v 1.7 0.9 -1.2
v 1.7 0.9 -1.4
v 1.7 1 -1
v 1.7 1 -1.1
v 1.7 1 -1.2
v 1.7 1 -1.4
v 1.7 1 -1.5
v 1.7 1 -1.6
v 1.7 1.1 -1
v 1.7 1.1 -1.1
v 1.7 1.1 -1.5
v 1.7 1.1 -1.6
v 1.7 1.2 2.1
v 1.7 1.2 1.9
v 1.7 1.2 1.8
v 1.7 1.2 -0.3
v 1.7 1.2 -0.4
v 1.7 1.2 -0.9
v 1.7 1.2 -1
v 1.7 1.2 -1.6
v 1.7 1.2 -1.7
v 1.7 1.2 -1.8
v 1.7 1.2 -2.1
v 1.7 1.3 -0.3
v 1.7 1.3 -0.4
v 1.7 1.3 -0.9
v 1.7 1.3 -1
v 1.7 1.3 -1.8
v 1.7 1.3 -2.1
v 1.7 1.4 2.1
v 1.7 1.4 1.8
v 1.7 1.4 -1.6
v 1.7 1.4 -1.7
v 1.7 1.5 -1.5
v 1.7 1.5 -1.6
v 1.7 1.6 -1.5
v 1.7 1.6 -1.6
v 1.7 2 -0.8
v 1.7 2 -0.9
v 1.7 2.1 -0.8
v 1.7 2.1 -0.9
v 1.7 2.2 -0.0999999
v 1.7 2.2 -0.2
v 1.7 2.2 -0.4
v 1.7 2.2 -0.5
v 1.7 2.3 -0.0999999
v 1.7 2.3 -0.2
v 1.7 2.3 -0.4
v 1.7 2.3 -0.5
v 1.7 2.7 0.8
v 1.7 2.7 0.5
v 1.7 2.8 0.9
v 1.7 2.8 0.8
v 1.7 2.8 0.5
v 1.7 2.8 0.4
v 1.7 2.9 1.6
v 1.7 2.9 0.9
v 1.7 2.9 0.8
v 1.7 2.9 0.5
v 1.7 2.9 0.4
v 1.7 2.9 0.0999999
v 1.7 2.9 0
v 1.7 2.9 -0.0999999
v 1.7 3 1.6
v 1.7 3 0.9
v 1.7 3 0.2
v 1.7 3 0.0999999
v 1.7 3 0
v 1.7 3 -0.0999999
v 1.7 3 -0.2
v 1.7 3.1 0.4
v 1.7 3.1 0.2
v 1.7 3.1 0.0999999
v 1.7 3.1 0
v 1.7 3.1 -0.0999999
v 1.7 3.1 -0.2
v 1.7 3.1 -0.6
v 1.7 3.2 0.4
v 1.7 3.2 0.2
v 1.7 3.2 0.0999999
v 1.7 3.2 0
v 1.7 3.2 -0.0999999
v 1.7 3.2 -0.2
v 1.7 3.2 -0.3
v 1.7 3.2 -0.5
v 1.7 3.2 -0.6
v 1.7 3.2 -0.8
v 1.7 3.3 0.2
v 1.7 3.3 0
v 1.7 3.3 -0.0999999
v 1.7 3.3 -0.3
v 1.7 3.3 -0.5
v 1.7 3.3 -0.7
v 1.7 3.3 -0.8
v 1.7 3.3 -0.9
v 1.7 3.4 -0.7
v 1.7 3.4 -0.8
v 1.7 3.5 -0.8
v 1.7 3.5 -0.9
v 1.7 3.7 -1
v 1.7 3.7 -1.1
v 1.7 3.8 -1
v 1.7 3.8 -1.1
v 1.8 0.2 -1.8
v 1.8 0.2 -1.9
v 1.8 0.3 -1.8
v 1.8 0.3 -1.9
v 1.8 0.5 1.9
v 1.8 0.5 1.8
v 1.8 0.5 -1.9
v 1.8 0.5 -2
v 1.8 0.6 1.8
v 1.8 0.7 1.9
v 1.8 0.7 1.8
v 1.8 1 -1.1
v 1.8 1 -1.5
v 1.8 1 -1.9
v 1.8 1 -2
v 1.8 1.1 -1
v 1.8 1.1 -1.1
v 1.8 1.1 -1.2
v 1.8 1.1 -1.4
v 1.8 1.1 -1.5
v 1.8 1.1 -1.6
v 1.8 1.2 -1.1
v 1.8 1.2 -1.2
v 1.8 1.2 -1.4
v 1.8 1.2 -1.5
v 1.8 1.3 -0.9
v 1.8 1.3 -1
v 1.8 1.3 -1.1
v 1.8 1.3 -1.8
v 1.8 1.3 -2.1
v 1.8 1.4 2.1
v 1.8 1.4 1.8
v 1.8 1.4 -0.9
v 1.8 1.4 -1
v 1.8 1.4 -1.4
v 1.8 1.4 -1.5
v 1.8 1.4 -1.8
v 1.8 1.4 -2.1
v 1.8 1.5 2.1
v 1.8 1.5 1.8
v 1.8 1.5 -1.5
v 1.8 1.5 -1.6
v 1.8 1.6 -1.4
v 1.8 1.6 -1.5
v 1.8 1.8 -1.4
v 1.8 1.8 -1.5
v 1.8 1.9 -1.4
v 1.8 1.9 -1.5
v 1.8 2 -0.6
v 1.8 2 -0.8
v 1.8 2 -0.9
v 1.8 2 -1
v 1.8 2 -1.2
v 1.8 2 -1.3
v 1.8 2.1 -0.5
v 1.8 2.1 -0.6
v 1.8 2.1 -0.8
v 1.8 2.1 -0.9
v 1.8 2.1 -1
v 1.8 2.1 -1.2
v 1.8 2.1 -1.3
v 1.8 2.2 -0.3
v 1.8 2.2 -0.4
v 1.8 2.2 -0.5
v 1.8 2.2 -0.6
v 1.8 2.3 -0.3
v 1.8 2.3 -0.4
v 1.8 2.8 0.8
v 1.8 2.8 0.5
v 1.8 2.9 0.8
v 1.8 2.9 0.5
v 1.9 0.4 1.9
v 1.9 0.4 1.8
v 1.9 0.4 -1.9
v 1.9 0.4 -2
v 1.9 0.5 1.9
v 1.9 0.5 1.8
v 1.9 0.5 -1.9
v 1.9 0.5 -2
v 1.9 0.6 2
v 1.9 0.6 1.9
v 1.9 1 -1.9
v 1.9 1 -2
v 1.9 1.1 2
v 1.9 1.1 1.9
v 1.9 1.1 -1.2
v 1.9 1.1 -1.4
v 1.9 1.1 -1.9
v 1.9 1.1 -2
v 1.9 1.2 -1.1
v 1.9 1.2 -1.2
v 1.9 1.2 -1.4
v 1.9 1.2 -1.5
v 1.9 1.3 -1
v 1.9 1.3 -1.1
v 1.9 1.4 -1
v 1.9 1.4 -1.3
v 1.9 1.4 -1.4
v 1.9 1.4 -1.5
v 1.9 1.5 2.1
v 1.9 1.5 1.8
v 1.9 1.5 -1.3
v 1.9 1.5 -1.4
v 1.9 1.6 2.1
v 1.9 1.6 1.8
v 1.9 1.6 -1.4
v 1.9 1.6 -1.5
v 1.9 1.8 -1.4
v 1.9 1.8 -1.5
v 1.9 1.9 -0.7
v 1.9 1.9 -0.9
v 1.9 1.9 -1.3
v 1.9 1.9 -1.4
v 1.9 2 -0.7
v 1.9 2 -0.9
v 1.9 2 -1
v 1.9 2 -1.2
v 1.9 2 -1.3
v 1.9 2 -1.4
v 1.9 2.1 -1
v 1.9 2.1 -1.2
v 2 0.1 -1.8
v 2 0.1 -1.9
v 2 0.2 -1.8
v 2 0.2 -1.9
v 2 0.3 1.9
v 2 0.3 1.8
v 2 0.3 -1.9
v 2 0.3 -2
v 2 0.4 1.9
v 2 0.4 1.8
v 2 0.4 -1.9
v 2 0.4 -2
v 2 0.5 2
v 2 0.5 1.9
v 2 0.6 2
v 2 0.6 1.9
v 2 1.1 2
v 2 1.1 1.9
v 2 1.1 -1.9
v 2 1.1 -2
v 2 1.2 2
v 2 1.2 1.9
v 2 1.2 -1.9
v 2 1.2 -2
v 2 1.4 -1
v 2 1.4 -1.3
v 2 1.4 -1.8
v 2 1.4 -2.1
v 2 1.5 -1
v 2 1.5 -1.2
v 2 1.5 -1.3
v 2 1.5 -1.4
v 2 1.5 -1.8
v 2 1.5 -2.1
v 2 1.6 2.1
v 2 1.6 1.8
v 2 1.6 -1.2
v 2 1.6 -1.3
v 2 1.7 2.1
v 2 1.7 1.8
v 2 1.8 -0.8
v 2 1.8 -1
v 2 1.8 -1.2
v 2 1.8 -1.3
v 2 1.9 -0.6
v 2 1.9 -0.7
v 2 1.9 -0.8
v 2 1.9 -0.9
v 2 1.9 -1
v 2 1.9 -1.2
v 2 1.9 -1.3
v 2 1.9 -1.4
v 2 2 -0.6
v 2 2 -0.7
v 2 2 -0.9
v 2 2 -1.3
v 2.1 0.4 2
v 2.1 0.4 1.9
v 2.1 0.5 2
v 2.1 0.5 1.9
v 2.1 1.1 -0.4
v 2.1 1.1 -0.5
v 2.1 1.1 -0.7
v 2.1 1.1 -0.8
v 2.1 1.2 2
v 2.1 1.2 1.9
v 2.1 1.2 -0.2
v 2.1 1.2 -0.3
v 2.1 1.2 -0.4
v 2.1 1.2 -0.5
v 2.1 1.2 -0.7
v 2.1 1.2 -0.8
v 2.1 1.3 2
v 2.1 1.3 1.9
v 2.1 1.3 -0.2
v 2.1 1.3 -0.3
v 2.1 1.3 -0.9
v 2.1 1.3 -1
v 2.1 1.4 -0.9
v 2.1 1.4 -1
v 2.1 1.5 -1
v 2.1 1.5 -1.2
v 2.1 1.6 -0.9
v 2.1 1.6 -1
v 2.1 1.6 -1.2
v 2.1 1.6 -1.3
v 2.1 1.7 0.9
v 2.1 1.7 0.8
v 2.1 1.8 0.9
v 2.1 1.8 0.8
v 2.1 1.8 -0.7
v 2.1 1.8 -0.8
v 2.1 1.8 -0.9
v 2.1 1.8 -1
v 2.1 1.8 -1.2
v 2.1 1.8 -1.3
v 2.1 1.9 -0.7
v 2.1 1.9 -0.8
v 2.1 1.9 -1
v 2.1 1.9 -1.2
v 2.1 2 -0.5
v 2.1 2 -0.6
v 2.1 2.1 -0.5
v 2.1 2.1 -0.6
v 2.1 2.2 -0.3
v 2.1 2.2 -0.4
v 2.1 2.3 -0.3
v 2.1 2.3 -0.4
v 2.2 0.2 1.9
v 2.2 0.2 1.8
v 2.2 0.3 2
v 2.2 0.3 1.9
v 2.2 0.3 1.8
v 2.2 0.4 2
v 2.2 0.4 1.9
v 2.2 1.1 -0.5
v 2.2 1.1 -0.7
v 2.2 1.2 -0.3
v 2.2 1.2 -0.4
v 2.2 1.2 -0.5
v 2.2 1.2 -0.7
v 2.2 1.2 -0.8
v 2.2 1.2 -0.9
v 2.2 1.3 2
v 2.2 1.3 1.9
v 2.2 1.3 -0.3
v 2.2 1.3 -0.4
v 2.2 1.3 -0.8
v 2.2 1.3 -0.9
v 2.2 1.4 2
v 2.2 1.4 1.9
v 2.2 1.4 -0.9
v 2.2 1.4 -1
v 2.2 1.5 0.5
v 2.2 1.5 0.4
v 2.2 1.6 0.5
v 2.2 1.6 0.4
v 2.2 1.6 -0.9
v 2.2 1.6 -1
v 2.2 1.7 2.1
v 2.2 1.7 1.8
v 2.2 1.7 0.8
v 2.2 1.7 0.7
v 2.2 1.7 -0.8
v 2.2 1.7 -0.9
v 2.2 1.8 2.1
v 2.2 1.8 1.8
v 2.2 1.8 0.8
v 2.2 1.8 0.7
v 2.2 1.8 -0.5
v 2.2 1.8 -0.7
v 2.2 1.8 -0.8
v 2.2 1.8 -0.9
v 2.2 1.9 -0.6
v 2.2 1.9 -0.7
v 2.2 2 -0.5
v 2.2 2 -0.6
v 2.2 2.1 -0.4
v 2.2 2.1 -0.5
v 2.2 2.2 0.2
v 2.2 2.2 0.0999999
v 2.2 2.2 -0.4
v 2.2 2.2 -0.5
v 2.2 2.3 0.2
v 2.2 2.3 0.0999999
v 2.3 1.2 0.2
v 2.3 1.2 0.0999999
v 2.3 1.2 -0.0999999
v 2.3 1.2 -0.2
v 2.3 1.2 -0.4
v 2.3 1.2 -0.8
v 2.3 1.3 0.2
v 2.3 1.3 0.0999999
v 2.3 1.3 -0.0999999
v 2.3 1.3 -0.2
v 2.3 1.3 -0.3
v 2.3 1.3 -0.4
v 2.3 1.3 -0.5
v 2.3 1.3 -0.7
v 2.3 1.3 -0.8
v 2.3 1.3 -0.9
v 2.3 1.4 0.4
v 2.3 1.4 0.3
v 2.3 1.4 -0.4
v 2.3 1.4 -0.5
v 2.3 1.4 -0.7
v 2.3 1.4 -0.8
v 2.3 1.5 0.4
v 2.3 1.5 0.3
v 2.3 1.5 -0.3
v 2.3 1.5 -0.4
v 2.3 1.6 0.6
v 2.3 1.6 0.5
v 2.3 1.6 -0.4
v 2.3 1.6 -0.5
v 2.3 1.6 -0.7
v 2.3 1.6 -0.8
v 2.3 1.7 0.6
v 2.3 1.7 0.5
v 2.3 1.7 -0.4
v 2.3 1.7 -0.5
v 2.3 1.7 -0.7
v 2.3 1.7 -0.8
v 2.3 1.7 -0.9
v 2.3 1.8 -0.5
v 2.3 1.8 -0.8
v 2.3 2 -0.4
v 2.3 2 -0.5
v 2.3 2.1 -0.4
v 2.3 2.1 -0.5
v 2.3 2.2 0.0999999
v 2.3 2.2 0
v 2.3 2.2 -0.2
v 2.3 2.2 -0.3
v 2.3 2.3 0.0999999
v 2.3 2.3 0
v 2.3 2.3 -0.2
v 2.3 2.3 -0.3
v 2.3 2.4 0.4
v 2.3 2.4 0.3
v 2.3 2.5 0.4
v 2.3 2.5 0.3
v 2.4 1.2 0.0999999
v 2.4 1.2 -0.0999999
v 2.4 1.3 0.3
v 2.4 1.3 0.2
v 2.4 1.3 0.0999999
v 2.4 1.3 -0.0999999
v 2.4 1.3 -0.2
v 2.4 1.3 -0.3
v 2.4 1.3 -0.5
v 2.4 1.3 -0.7
v 2.4 1.4 0.3
v 2.4 1.4 0.2
v 2.4 1.4 -0.2
v 2.4 1.4 -0.3
v 2.4 1.4 -0.4
v 2.4 1.4 -0.5
v 2.4 1.4 -0.7
v 2.4 1.4 -0.8
v 2.4 1.5 0.4
v 2.4 1.5 0.3
v 2.4 1.5 -0.3
v 2.4 1.5 -0.4
v 2.4 1.6 0.5
v 2.4 1.6 0.4
v 2.4 1.6 -0.3
v 2.4 1.6 -0.4
v 2.4 1.6 -0.5
v 2.4 1.6 -0.7
v 2.4 1.6 -0.8
v 2.4 1.7 0.5
v 2.4 1.7 0.3
v 2.4 1.7 -0.4
v 2.4 1.7 -0.5
v 2.4 1.7 -0.7
v 2.4 1.8 1.2
v 2.4 1.8 1.1
v 2.4 1.9 1.4
v 2.4 1.9 1.3
v 2.4 1.9 1.2
v 2.4 1.9 1.1
v 2.4 2 1.4
v 2.4 2 1.3
v 2.4 2 -0.4
v 2.4 2 -0.5
v 2.4 2.1 0.2
v 2.4 2.1 0.0999999
v 2.4 2.1 -0.3
v 2.4 2.1 -0.4
v 2.4 2.2 0.2
v 2.4 2.2 0.0999999
v 2.4 2.2 0
v 2.4 2.2 -0.2
v 2.4 2.2 -0.3
v 2.4 2.2 -0.4
v 2.4 2.3 0
v 2.4 2.3 -0.2
v 2.4 2.5 0.4
v 2.4 2.5 0.3
v 2.4 2.6 0.4
v 2.4 2.6 0.3
v 2.4 2.8 0.4
v 2.4 2.8 0.3
v 2.4 2.9 0.4
v 2.4 2.9 0.3
v 2.5 1.2 -1.9
v 2.5 1.2 -2
v 2.5 1.3 0.2
v 2.5 1.3 -0.2
v 2.5 1.3 -1.9
v 2.5 1.3 -2
v 2.5 1.3 -2.1
v 2.5 1.4 0.3
v 2.5 1.4 0.2
v 2.5 1.4 0.0999999
v 2.5 1.4 -0.0999999
v 2.5 1.4 -0.2
v 2.5 1.4 -0.3
v 2.5 1.4 -2
v 2.5 1.4 -2.1
v 2.5 1.5 0.2
v 2.5 1.5 0.0999999
v 2.5 1.5 -0.0999999
v 2.5 1.5 -0.2
v 2.5 1.6 -0.3
v 2.5 1.6 -0.4
v 2.5 1.7 0.8
v 2.5 1.7 0.7
v 2.5 1.7 0.5
v 2.5 1.7 0.3
v 2.5 1.7 -0.2
v 2.5 1.7 -0.3
v 2.5 1.8 1.1
v 2.5 1.8 0.9
v 2.5 1.8 0.8
v 2.5 1.8 0.7
v 2.5 1.8 0.5
v 2.5 1.8 0.3
v 2.5 1.8 0.2
v 2.5 1.8 0.0999999
v 2.5 1.9 1.3
v 2.5 1.9 1.2
v 2.5 1.9 1.1
v 2.5 1.9 0.9
v 2.5 2 1.3
v 2.5 2 1.2
v 2.5 2 0.3
v 2.5 2 0.2
v 2.5 2 0.0999999
v 2.5 2 0
v 2.5 2 -0.2
v 2.5 2 -0.3
v 2.5 2.1 0.2
v 2.5 2.1 0.0999999
v 2.5 2.1 0
v 2.5 2.1 -0.2
v 2.5 2.1 -0.3
v 2.5 2.1 -0.4
v 2.5 2.2 0.3
v 2.5 2.2 0.2
v 2.5 2.2 0.0999999
v 2.5 2.2 -0.3
v 2.5 2.3 0.3
v 2.5 2.3 0.2
v 2.5 2.4 0.5
v 2.5 2.4 0.4
v 2.5 2.5 0.5
v 2.5 2.5 0.4
v 2.5 2.6 0.4
v 2.5 2.6 0.3
v 2.5 2.8 0.4
v 2.5 2.8 0.3
v 2.6 1.4 0.0999999
v 2.6 1.4 -0.0999999
v 2.6 1.5 0.2
v 2.6 1.5 0.0999999
v 2.6 1.5 -0.0999999
v 2.6 1.5 -0.2
v 2.6 1.7 0.7
v 2.6 1.7 0.5
v 2.6 1.7 -0.2
v 2.6 1.7 -0.3
v 2.6 1.8 0.7
v 2.6 1.8 0.5
v 2.6 1.8 0.4
v 2.6 1.8 0.3
v 2.6 1.8 0.2
v 2.6 1.8 0.0999999
v 2.6 1.9 0.4
v 2.6 1.9 0.3
v 2.6 2 0.3
v 2.6 2 0.2
v 2.6 2 0.0999999
v 2.6 2 0
v 2.6 2 -0.2
v 2.6 2 -0.3
v 2.6 2.1 0
v 2.6 2.1 -0.2
v 2.6 2.2 0.3
v 2.6 2.2 0.2
v 2.6 2.3 0.4
v 2.6 2.3 0.3
v 2.6 2.4 0.6
v 2.6 2.4 0.5
v 2.6 2.4 0.4
v 2.6 2.4 0.3
v 2.6 2.5 0.6
v 2.6 2.5 0.5
v 2.6 2.5 0.4
v 2.6 2.7 0.5
v 2.6 2.7 0.4
v 2.7 1 -1.9
v 2.7 1 -2
v 2.7 1.2 -1.9
v 2.7 1.2 -2
v 2.7 1.2 -2.1
v 2.7 1.3 -2
v 2.7 1.3 -2.1
v 2.7 1.5 2
v 2.7 1.5 1.9
v 2.7 1.6 2.1
v 2.7 1.6 2
v 2.7 1.6 1.9
v 2.7 1.7 2.1
v 2.7 1.7 2
v 2.7 1.8 0.7
v 2.7 1.8 0.4
v 2.7 1.9 0.7
v 2.7 1.9 0.5
v 2.7 1.9 0.4
v 2.7 1.9 0.3
v 2.7 2 0.5
v 2.7 2 0.4
v 2.7 2.2 0.5
v 2.7 2.2 0.4
v 2.7 2.3 0.4
v 2.7 2.3 0.3
v 2.7 2.4 0.5
v 2.7 2.4 0.4
v 2.7 2.5 0.6
v 2.7 2.5 0.5
v 2.7 2.6 0.6
v 2.7 2.6 0.5
v 2.7 2.7 0.5
v 2.7 2.7 0.4
v 2.7 2.9 0.5
v 2.7 2.9 0.4
v 2.8 1 -2
v 2.8 1 -2.1
v 2.8 1.2 -2
v 2.8 1.2 -2.1
v 2.8 1.9 0.6
v 2.8 1.9 0.5
v 2.8 2 0.6
v 2.8 2 0.5
v 2.8 2 0.4
v 2.8 2.2 0.5
v 2.8 2.2 0.4
v 2.9 1.4 2
v 2.9 1.4 1.9
v 2.9 1.5 2.1
v 2.9 1.5 2
v 2.9 1.5 1.9
v 2.9 1.6 2.1
v 2.9 1.6 2
v 2.9 1.8 1.1
v 2.9 1.8 1
v 2.9 1.8 0.8
v 2.9 1.8 0.7
v 2.9 1.9 1.1
v 2.9 1.9 1
v 2.9 1.9 0.8
v 2.9 1.9 0.7
v 2.9 2 0.6
v 2.9 2 0.5
v 2.9 2.1 0.6
v 2.9 2.1 0.5
v 2.9 2.3 0.6
v 2.9 2.3 0.5
v 2.9 2.4 0.6
v 2.9 2.4 0.5
v 3 1.2 2
v 3 1.2 1.9
v 3 1.4 2.1
v 3 1.4 2
v 3 1.4 1.9
v 3 1.5 2.1
v 3 1.5 2
v 3 1.8 1
v 3 1.8 0.8
v 3 1.9 1
v 3 1.9 0.8
v 3 1.9 0.7
v 3 1.9 0.6
v 3 2 0.7
v 3 2 0.6
v 3 2.1 0.6
v 3 2.1 0.5
v 3 2.2 0.6
v 3 2.2 0.5
v 3 2.3 0.6
v 3 2.3 0.5
v 3.1 1.2 2.1
v 3.1 1.2 2
v 3.1 1.4 2.1
v 3.1 1.4 2
v 3.1 1.9 0.9
v 3.1 1.9 0.7
v 3.1 2 0.9
v 3.1 2 0.8
v 3.1 2 0.7
v 3.1 2 0.6
v 3.1 2.1 0.8
v 3.1 2.1 0.7
v 3.1 2.2 0.6
v 3.1 2.3 0.7
v 3.1 2.3 0.6
v 3.1 2.4 0.6
v 3.1 2.4 0.5
v 3.1 2.5 0.6
v 3.1 2.5 0.5
v 3.2 0.5 0.3
v 3.2 0.5 -0.0999999
v 3.2 0.6 0.5
v 3.2 0.6 0.3
v 3.2 0.6 -0.0999999
v 3.2 0.6 -0.2
v 3.2 0.6 -0.4
v 3.2 0.7 0.7
v 3.2 0.7 0.5
v 3.2 0.7 0.3
v 3.2 0.7 -0.2
v 3.2 0.7 -0.4
v 3.2 0.7 -0.6
v 3.2 0.8 0.8
v 3.2 0.8 0.7
v 3.2 0.8 0.5
v 3.2 0.8 -0.4
v 3.2 0.8 -0.6
v 3.2 0.8 -0.7
v 3.2 1 0.9
v 3.2 1 0.8
v 3.2 1 0.7
v 3.2 1 -0.6
v 3.2 1 -0.7
v 3.2 1 -0.8
v 3.2 1.1 0.9
v 3.2 1.1 0.8
v 3.2 1.1 -0.7
v 3.2 1.1 -0.8
v -3.1 1.3 1.9
v -3.1 1.3 1.8
v -3.1 1.3 -1.8
v -3.1 1.3 -1.9
v -3.1 1.8 1.9
v -3.1 1.8 1.8
v -3.1 1.8 -1.8
v -3.1 1.8 -1.9
v -3 1 2.1
v -3 1 1.9
v -3 1.1 2
v -3 1.1 1.9
v -3 1.2 2.1
v -3 1.2 2
v -2.9 1 -2
v -2.9 1 -2.1
v -2.9 1.1 2
v -2.9 1.1 1.9
v -2.9 1.2 2.1
v -2.9 1.2 2
v -2.9 1.2 1.9
v -2.9 1.2 -2
v -2.9 1.2 -2.1
v -2.9 1.3 2.1
v -2.9 1.3 2
v -2.8 1 -1.9
v -2.8 1 -2
v -2.8 1.2 -1.9
v -2.8 1.2 -2
v -2.8 1.2 -2.1
v -2.8 1.3 -2
v -2.8 1.3 -2.1
v -2.7 1.2 2
v -2.7 1.2 1.9
v -2.7 1.3 2.1
v -2.7 1.3 2
v -2.7 1.3 1.9
v -2.7 1.4 2.1
v -2.7 1.4 2
v -2.6 1.2 -1.9
v -2.6 1.2 -2
v -2.6 1.3 -1.9
v -2.6 1.3 -2
v -2.6 1.3 -2.1
v -2.6 1.4 -2
v -2.6 1.4 -2.1
v -2.2 0.1 1.9
v -2.2 0.1 1.8
v -2.2 0.2 2
v -2.2 0.2 1.9
v -2.2 0.2 1.8
v -2.2 0.3 2
v -2.2 0.3 1.9
v -2.2 1 2
v -2.2 1 1.9
v -2.2 1.1 2
v -2.2 1.1 1.9
v -2.2 1.4 2.1
v -2.2 1.4 1.8
v -2.2 1.5 2.1
v -2.2 1.5 1.8
v -2.1 0.1 -1.8
v -2.1 0.1 -1.9
v -2.1 0.2 -1.8
v -2.1 0.2 -1.9
v -2.1 0.3 2
v -2.1 0.3 1.9
v -2.1 0.3 -1.9
v -2.1 0.3 -2
v -2.1 0.4 2
v -2.1 0.4 1.9
v -2.1 0.4 -1.9
v -2.1 0.4 -2
v -2.1 0.9 2
v -2.1 0.9 1.9
v -2.1 1 2
v -2.1 1 1.9
v -2.1 1.1 -1.9
v -2.1 1.1 -2
v -2.1 1.2 -1.9
v -2.1 1.2 -2
v -2.1 1.4 -1.8
v -2.1 1.4 -2.1
v -2.1 1.5 -1.8
v -2.1 1.5 -2.1
v -2 0.2 1.9
v -2 0.2 1.8
v -2 0.3 1.9
v -2 0.3 1.8
v -2 0.4 2
v -2 0.4 1.9
v -2 0.4 -1.9
v -2 0.4 -2
v -2 0.5 -1.9
v -2 0.5 -2
v -2 0.9 2
v -2 0.9 1.9
v -2 1 -1.9
v -2 1 -2
v -2 1.1 -1.9
v -2 1.1 -2
v -2 1.3 2.1
v -2 1.3 1.8
v -2 1.4 2.1
v -2 1.4 1.8
v -1.9 0.2 -1.8
v -1.9 0.2 -1.9
v -1.9 0.3 1.9
v -1.9 0.3 1.8
v -1.9 0.3 -1.8
v -1.9 0.3 -1.9
v -1.9 0.5 1.9
v -1.9 0.5 1.8
v -1.9 0.5 -1.9
v -1.9 0.5 -2
v -1.9 1 -1.9
v -1.9 1 -2
v -1.9 1.2 2.1
v -1.9 1.2 1.8
v -1.9 1.3 2.1
v -1.9 1.3 1.8
v -1.9 1.3 -1.8
v -1.9 1.3 -2.1
v -1.9 1.4 -1.8
v -1.9 1.4 -2.1
v -1.9 2.3 -1
v -1.9 2.3 -1.2
v -1.9 2.4 -0.9
v -1.9 2.4 -1
v -1.9 2.4 -1.2
v -1.9 2.4 -1.3
v -1.9 2.5 -0.9
v -1.9 2.5 -1.1
v -1.9 2.5 -1.3
v -1.9 2.6 -0.9
v -1.9 2.6 -1.1
v -1.8 0.3 -1.8
v -1.8 0.3 -1.9
v -1.8 0.5 1.9
v -1.8 0.5 1.8
v -1.8 0.5 -1.8
v -1.8 0.5 -1.9
v -1.8 0.6 1.8
v -1.8 0.7 0.8
v -1.8 0.7 0.5
v -1.8 0.8 0.9
v -1.8 0.8 0.8
v -1.8 0.8 0.5
v -1.8 0.8 0.4
v -1.8 0.9 0.4
v -1.8 0.9 0.3
v -1.8 1 2.1
v -1.8 1 1.9
v -1.8 1 1.8
v -1.8 1 0.9
v -1.8 1 0.8
v -1.8 1.1 0.8
v -1.8 1.1 0.6
v -1.8 1.1 0.4
v -1.8 1.1 0.3
v -1.8 1.2 2.1
v -1.8 1.2 1.8
v -1.8 1.2 0.6
v -1.8 1.2 0.4
v -1.8 1.2 -1.8
v -1.8 1.2 -2.1
v -1.8 1.3 -1.8
v -1.8 1.3 -2.1
v -1.8 1.4 1.8
v -1.8 1.4 1.7
v -1.8 1.7 1.8
v -1.8 1.7 1.7
v -1.8 1.8 1.8
v -1.8 1.8 1.7
v -1.8 2.2 -0.9
v -1.8 2.2 -1.3
v -1.8 2.3 -0.8
v -1.8 2.3 -0.9
v -1.8 2.3 -1
v -1.8 2.3 -1.2
v -1.8 2.3 -1.3
v -1.8 2.3 -1.4
v -1.8 2.4 -0.9
v -1.8 2.4 -1
v -1.8 2.4 -1.2
v -1.8 2.4 -1.3
v -1.8 2.5 0.6
v -1.8 2.5 0.3
v -1.8 2.5 -0.8
v -1.8 2.5 -0.9
v -1.8 2.5 -1.3
v -1.8 2.5 -1.4
v -1.8 2.6 0.6
v -1.8 2.6 0.3
v -1.8 2.6 -0.8
v -1.8 2.6 -0.9
v -1.7 0.5 -1.8
v -1.7 0.5 -1.9
v -1.7 0.6 0.9
v -1.7 0.6 0.4
v -1.7 0.6 -1.8
v -1.7 0.7 1
v -1.7 0.7 0.9
v -1.7 0.7 0.8
v -1.7 0.7 0.5
v -1.7 0.7 0.4
v -1.7 0.7 0.3
v -1.7 0.8 0.9
v -1.7 0.8 0.8
v -1.7 0.8 0.5
v -1.7 0.8 0.4
v -1.7 0.8 0.3
v -1.7 0.8 0.2
v -1.7 0.9 0.4
v -1.7 0.9 0.3
v -1.7 0.9 0.2
v -1.7 0.9 0.0999999
v -1.7 1 0.9
v -1.7 1 0.8
v -1.7 1 -1.8
v -1.7 1 -1.9
v -1.7 1 -2.1
v -1.7 1.1 1
v -1.7 1.1 0.9
v -1.7 1.1 0.8
v -1.7 1.1 0.6
v -1.7 1.1 0.4
v -1.7 1.1 0.3
v -1.7 1.2 1.7
v -1.7 1.2 1.6
v -1.7 1.2 0.9
v -1.7 1.2 0.7
v -1.7 1.2 0.6
v -1.7 1.2 0.4
v -1.7 1.2 0.2
v -1.7 1.2 0.0999999
v -1.7 1.2 -1.8
v -1.7 1.2 -2.1
v -1.7 1.3 1.8
v -1.7 1.3 1.7
v -1.7 1.3 1.6
v -1.7 1.3 1.5
v -1.7 1.3 0.7
v -1.7 1.3 0.2
v -1.7 1.4 1.8
v -1.7 1.4 1.7
v -1.7 1.6 1.6
v -1.7 1.6 1.5
v -1.7 1.7 1.7
v -1.7 1.7 1.6
v -1.7 1.8 1.8
v -1.7 1.8 1.7
v -1.7 1.9 1.8
v -1.7 1.9 1.7
v -1.7 2.1 -1
v -1.7 2.1 -1.2
v -1.7 2.2 -0.8
v -1.7 2.2 -0.9
v -1.7 2.2 -1
v -1.7 2.2 -1.2
v -1.7 2.2 -1.3
v -1.7 2.2 -1.4
v -1.7 2.3 -0.8
v -1.7 2.3 -0.9
v -1.7 2.3 -1.3
v -1.7 2.3 -1.4
v -1.7 2.4 0.7
v -1.7 2.4 0.5
v -1.7 2.4 0.2
v -1.7 2.4 -0.7
v -1.7 2.4 -0.8
v -1.7 2.4 -1.4
v -1.7 2.4 -1.5
v -1.7 2.5 0.8
v -1.7 2.5 0.7
v -1.7 2.5 0.6
v -1.7 2.5 0.3
v -1.7 2.5 0.2
v -1.7 2.5 0.0999999
v -1.7 2.5 -0.7
v -1.7 2.5 -0.8
v -1.7 2.5 -1.4
v -1.7 2.5 -1.5
v -1.7 2.6 0.9
v -1.7 2.6 0.8
v -1.7 2.6 0.7
v -1.7 2.6 0.6
v -1.7 2.6 0.3
v -1.7 2.6 0.2
v -1.7 2.6 0.0999999
v -1.7 2.6 0
v -1.7 2.6 -0.7
v -1.7 2.6 -0.8
v -1.7 2.6 -1.4
v -1.7 2.6 -1.5
v -1.7 2.7 0.8
v -1.7 2.7 0.7
v -1.7 2.7 -0.8
v -1.7 2.7 -0.9
v -1.7 2.7 -1.3
v -1.7 2.7 -1.4
v -1.7 2.8 0.3
v -1.7 2.8 0.2
v -1.7 2.8 0.0999999
v -1.7 2.8 0
v -1.7 2.8 -0.9
v -1.7 2.8 -1.2
v -1.7 2.8 -1.3
v -1.7 2.8 -1.4
v -1.7 2.9 0.8
v -1.7 2.9 0.7
v -1.7 2.9 0.4
v -1.7 2.9 0.3
v -1.7 2.9 0.2
v -1.7 2.9 0.0999999
v -1.7 3 0.9
v -1.7 3 0.8
v -1.7 3 0.7
v -1.7 3 0.6
v -1.7 3 0.4
v -1.7 3 0.3
v -1.7 3 0.2
v -1.7 3 -0.8
v -1.7 3 -0.9
v -1.7 3 -1.1
v -1.7 3 -1.2
v -1.7 3.1 0.8
v -1.7 3.1 0.7
v -1.7 3.1 0.6
v -1.7 3.1 0.4
v -1.7 3.1 0.3
v -1.7 3.1 -0.9
v -1.7 3.1 -1.1
v -1.6 0.6 1.1
v -1.6 0.6 0.9
v -1.6 0.6 0.4
v -1.6 0.6 0.3
v -1.6 0.7 1
v -1.6 0.7 0.9
v -1.6 0.7 0.4
v -1.6 0.7 0.3
v -1.6 0.7 0.0999999
v -1.6 0.8 0.3
v -1.6 0.8 0.2
v -1.6 0.8 0.0999999
v -1.6 0.8 0
v -1.6 0.9 0.2
v -1.6 0.9 0.0999999
v -1.6 1 1.1
v -1.6 1 1
v -1.6 1.1 1
v -1.6 1.1 0.9
v -1.6 1.2 1.8
v -1.6 1.2 1.7
v -1.6 1.2 1.6
v -1.6 1.2 1.5
v -1.6 1.2 1
v -1.6 1.2 0.9
v -1.6 1.2 0.7
v -1.6 1.2 0.2
v -1.6 1.2 0.0999999
v -1.6 1.3 1.8
v -1.6 1.3 1.7
v -1.6 1.3 1.6
v -1.6 1.3 1.5
v -1.6 1.3 0.7
v -1.6 1.3 0.2
v -1.6 1.3 0.0999999
v -1.6 1.3 0
v -1.6 1.4 0.9
v -1.6 1.4 0.8
v -1.6 1.4 0.6
v -1.6 1.4 0.0999999
v -1.6 1.5 0.8
v -1.6 1.5 0.6
v -1.6 1.6 1.6
v -1.6 1.6 1.5
v -1.6 1.7 1.7
v -1.6 1.7 1.6
v -1.6 1.7 1.5
v -1.6 1.8 1.7
v -1.6 1.8 1.6
v -1.6 2 1
v -1.6 2 0.8
v -1.6 2.1 1.2
v -1.6 2.1 1
v -1.6 2.1 0.8
v -1.6 2.1 0.7
v -1.6 2.1 -0.9
v -1.6 2.1 -1
v -1.6 2.1 -1.2
v -1.6 2.1 -1.3
v -1.6 2.2 1.3
v -1.6 2.2 1.2
v -1.6 2.2 -0.9
v -1.6 2.2 -1
v -1.6 2.2 -1.2
v -1.6 2.2 -1.3
v -1.6 2.3 2.1
v -1.6 2.3 1.9
v -1.6 2.3 1.3
v -1.6 2.3 0.8
v -1.6 2.3 0.7
v -1.6 2.3 0.6
v -1.6 2.3 0.5
v -1.6 2.3 0.3
v -1.6 2.3 -0.4
v -1.6 2.3 -0.6
v -1.6 2.3 -0.7
v -1.6 2.3 -0.8
v -1.6 2.3 -1.4
v -1.6 2.3 -1.5
v -1.6 2.3 -1.8
v -1.6 2.3 -2.1
v -1.6 2.4 2.1
v -1.6 2.4 2
v -1.6 2.4 1.3
v -1.6 2.4 1.2
v -1.6 2.4 0.9
v -1.6 2.4 0.8
v -1.6 2.4 0.7
v -1.6 2.4 0.6
v -1.6 2.4 0.5
v -1.6 2.4 0.3
v -1.6 2.4 0.2
v -1.6 2.4 0
v -1.6 2.4 -0.3
v -1.6 2.4 -0.4
v -1.6 2.4 -0.6
v -1.6 2.4 -0.7
v -1.6 2.4 -0.8
v -1.6 2.4 -1.4
v -1.6 2.4 -1.5
v -1.6 2.4 -1.9
v -1.6 2.4 -2
v -1.6 2.5 1.2
v -1.6 2.5 0.9
v -1.6 2.5 0.8
v -1.6 2.5 0.7
v -1.6 2.5 0.2
v -1.6 2.5 0.0999999
v -1.6 2.5 0
v -1.6 2.5 -0.0999999
v -1.6 2.5 -1.8
v -1.6 2.5 -1.9
v -1.6 2.5 -2
v -1.6 2.6 2.1
v -1.6 2.6 2
v -1.6 2.6 1.9
v -1.6 2.6 0.9
v -1.6 2.6 0.8
v -1.6 2.6 0.0999999
v -1.6 2.6 0
v -1.6 2.6 -0.3
v -1.6 2.6 -0.4
v -1.6 2.6 -0.6
v -1.6 2.6 -0.7
v -1.6 2.6 -0.8
v -1.6 2.6 -1.4
v -1.6 2.6 -1.5
v -1.6 2.6 -1.8
v -1.6 2.6 -1.9
v -1.6 2.6 -2
v -1.6 2.6 -2.1
v -1.6 2.7 1
v -1.6 2.7 0.9
v -1.6 2.7 -0.4
v -1.6 2.7 -0.6
v -1.6 2.7 -1.4
v -1.6 2.7 -1.5
v -1.6 2.7 -1.9
v -1.6 2.7 -2
v -1.6 2.7 -2.1
v -1.6 2.8 2.1
v -1.6 2.8 2
v -1.6 2.8 1.9
v -1.6 2.8 0.0999999
v -1.6 2.8 0
v -1.6 2.8 -1.2
v -1.6 2.8 -1.3
v -1.6 2.8 -1.8
v -1.6 2.8 -1.9
v -1.6 2.8 -2
v -1.6 2.8 -2.1
v -1.6 2.9 1
v -1.6 2.9 0.9
v -1.6 2.9 0.2
v -1.6 2.9 0.0999999
v -1.6 2.9 0
v -1.6 2.9 -0.0999999
v -1.6 3 0.9
v -1.6 3 0.8
v -1.6 3 0.3
v -1.6 3 0.2
v -1.6 3 0.0999999
v -1.6 3 0
v -1.6 3 -0.8
v -1.6 3 -0.9
v -1.6 3 -1.1
v -1.6 3 -1.2
v -1.6 3.1 0.9
v -1.6 3.1 0.8
v -1.6 3.1 0.7
v -1.6 3.1 0.3
v -1.6 3.1 0.2
v -1.6 3.1 0.0999999
v -1.6 3.1 -0.7
v -1.6 3.1 -0.8
v -1.6 3.1 -0.9
v -1.6 3.1 -1.1
v -1.6 3.1 -1.2
v -1.6 3.1 -1.3
v -1.6 3.2 0.7
v -1.6 3.2 0.2
v -1.6 3.2 -0.8
v -1.6 3.2 -1.2
v -1.6 3.6 -1.7
v -1.6 3.6 -1.8
v -1.6 3.7 -1.6
v -1.6 3.7 -1.7
v -1.6 3.9 -1.6
v -1.6 3.9 -1.7
v -1.6 4 -1.7
v -1.6 4 -1.8
v -1.5 0.6 1.2
v -1.5 0.6 1.1
v -1.5 0.6 0.3
v -1.5 0.6 0.2
v -1.5 0.7 0.3
v -1.5 0.7 0.2
v -1.5 0.7 0.0999999
v -1.5 0.7 0
v -1.5 0.8 0.0999999
v -1.5 0.8 0
v -1.5 0.9 0
v -1.5 0.9 -0.0999999
v -1.5 1 1.2
v -1.5 1 1.1
v -1.5 1 1
v -1.5 1.1 1.1
v -1.5 1.1 1
v -1.5 1.2 1
v -1.5 1.2 0.9
v -1.5 1.2 0
v -1.5 1.2 -0.0999999
v -1.5 1.3 0.0999999
v -1.5 1.3 0
v -1.5 1.4 0.9
v -1.5 1.4 0.8
v -1.5 1.4 0.6
v -1.5 1.4 0.2
v -1.5 1.4 0.0999999
v -1.5 1.4 0
v -1.5 1.5 1
v -1.5 1.5 0.9
v -1.5 1.5 0.8
v -1.5 1.5 0.6
v -1.5 1.5 0.5
v -1.5 1.5 0.2
v -1.5 1.6 0.9
v -1.5 1.6 0.5
v -1.5 1.7 1.6
v -1.5 1.7 1.5
v -1.5 1.8 1.6
v -1.5 1.8 1.5
v -1.5 1.9 1.1
v -1.5 1.9 0.7
v -1.5 2 1.3
v -1.5 2 1.1
v -1.5 2 1
v -1.5 2 0.8
v -1.5 2 0.7
v -1.5 2 0.6
v -1.5 2.1 1.4
v -1.5 2.1 1.3
v -1.5 2.1 1.2
v -1.5 2.1 1
v -1.5 2.1 0.8
v -1.5 2.1 0.7
v -1.5 2.2 1.4
v -1.5 2.2 1.3
v -1.5 2.2 1.2
v -1.5 2.2 0.6
v -1.5 2.2 0.5
v -1.5 2.2 -0.3
v -1.5 2.2 -0.7
v -1.5 2.3 1.4
v -1.5 2.3 1.3
v -1.5 2.3 0.8
v -1.5 2.3 0.7
v -1.5 2.3 0.6
v -1.5 2.3 0.5
v -1.5 2.3 0.3
v -1.5 2.3 0.0999999
v -1.5 2.3 -0.2
v -1.5 2.3 -0.3
v -1.5 2.3 -0.4
v -1.5 2.3 -0.6
v -1.5 2.3 -0.7
v -1.5 2.4 1.3
v -1.5 2.4 1.2
v -1.5 2.4 0.9
v -1.5 2.4 0.8
v -1.5 2.4 0.6
v -1.5 2.4 0.3
v -1.5 2.4 0.0999999
v -1.5 2.4 0
v -1.5 2.4 -0.0999999
v -1.5 2.4 -0.3
v -1.5 2.4 -0.4
v -1.5 2.4 -0.6
v -1.5 2.4 -0.7
v -1.5 2.5 1.4
v -1.5 2.5 1.3
v -1.5 2.5 1.2
v -1.5 2.5 0.9
v -1.5 2.5 0.8
v -1.5 2.5 0
v -1.5 2.5 -0.0999999
v -1.5 2.5 -0.2
v -1.5 2.6 1.3
v -1.5 2.6 1.2
v -1.5 2.6 -0.3
v -1.5 2.6 -0.4
v -1.5 2.6 -0.6
v -1.5 2.6 -0.7
v -1.5 2.7 1.2
v -1.5 2.7 1
v -1.5 2.7 0.9
v -1.5 2.7 -0.2
v -1.5 2.7 -0.3
v -1.5 2.7 -0.4
v -1.5 2.7 -0.6
v -1.5 2.8 -0.3
v -1.5 2.8 -0.6
v -1.5 2.8 -1.3
v -1.5 2.8 -1.4
v -1.5 2.9 1
v -1.5 2.9 0.9
v -1.5 2.9 0
v -1.5 2.9 -0.0999999
v -1.5 2.9 -0.2
v -1.5 3 1
v -1.5 3 0.9
v -1.5 3 0.0999999
v -1.5 3 0
v -1.5 3 -0.0999999
v -1.5 3 -0.6
v -1.5 3 -0.7
v -1.5 3 -1.3
v -1.5 3 -1.4
v -1.5 3.1 0.8
v -1.5 3.1 0.7
v -1.5 3.1 0.2
v -1.5 3.1 0.0999999
v -1.5 3.1 -0.7
v -1.5 3.1 -0.8
v -1.5 3.1 -1.2
v -1.5 3.1 -1.3
v -1.5 3.2 0.8
v -1.5 3.2 0.7
v -1.5 3.2 0.6
v -1.5 3.2 0.2
v -1.5 3.2 0.0999999
v -1.5 3.2 0
v -1.5 3.2 -0.7
v -1.5 3.2 -0.8
v -1.5 3.2 -0.9
v -1.5 3.2 -1.1
v -1.5 3.2 -1.2
v -1.5 3.2 -1.3
v -1.5 3.3 0.6
v -1.5 3.3 0.0999999
v -1.5 3.3 -0.9
v -1.5 3.3 -1.1
v -1.5 3.5 -1.6
v -1.5 3.5 -1.8
v -1.5 3.6 -1.5
v -1.5 3.6 -1.6
v -1.5 3.6 -1.7
v -1.5 3.6 -1.8
v -1.5 3.7 -1.6
v -1.5 3.7 -1.7
v -1.5 3.9 -1.6
v -1.5 3.9 -1.7
v -1.5 4 -1.5
v -1.5 4 -1.7
v -1.4 0.6 0.2
v -1.4 0.6 0.0999999
v -1.4 0.7 1.3
v -1.4 0.7 1.2
v -1.4 0.7 0.2
v -1.4 0.7 0.0999999
v -1.4 0.8 0
v -1.4 0.8 -0.0999999
v -1.4 0.9 0
v -1.4 0.9 -0.0999999
v -1.4 1 1.2
v -1.4 1 1.1
v -1.4 1.1 1.3
v -1.4 1.1 1.2
v -1.4 1.1 1.1
v -1.4 1.1 1
v -1.4 1.2 1.2
v -1.4 1.2 1.1
v -1.4 1.2 0
v -1.4 1.2 -0.0999999
v -1.4 1.3 0
v -1.4 1.3 -0.0999999
v -1.4 1.4 1.1
v -1.4 1.4 1
v -1.4 1.4 0.2
v -1.4 1.4 0.0999999
v -1.4 1.5 1
v -1.4 1.5 0.9
v -1.4 1.5 0.5
v -1.4 1.5 0.2
v -1.4 1.6 1
v -1.4 1.6 0.9
v -1.4 1.6 0.8
v -1.4 1.6 0.6
v -1.4 1.6 0.5
v -1.4 1.6 0.4
v -1.4 1.6 0.2
v -1.4 1.6 0.0999999
v -1.4 1.7 0.8
v -1.4 1.7 0.6
v -1.4 1.7 0.4
v -1.4 1.7 0.2
v -1.4 1.8 1
v -1.4 1.8 0.8
v -1.4 1.9 1.2
v -1.4 1.9 1.1
v -1.4 1.9 1
v -1.4 1.9 0.8
v -1.4 1.9 0.7
v -1.4 1.9 0.6
v -1.4 2 1.4
v -1.4 2 1.3
v -1.4 2 1.2
v -1.4 2 1.1
v -1.4 2 0.7
v -1.4 2 0.6
v -1.4 2 0.5
v -1.4 2.1 1.4
v -1.4 2.1 1.3
v -1.4 2.1 0.5
v -1.4 2.1 0.4
v -1.4 2.1 -0.4
v -1.4 2.1 -0.6
v -1.4 2.2 1.5
v -1.4 2.2 1.4
v -1.4 2.2 0.6
v -1.4 2.2 0.5
v -1.4 2.2 0.4
v -1.4 2.2 0.3
v -1.4 2.2 -0.2
v -1.4 2.2 -0.3
v -1.4 2.2 -0.4
v -1.4 2.2 -0.6
v -1.4 2.2 -0.7
v -1.4 2.2 -0.8
v -1.4 2.2 -1.5
v -1.4 2.2 -1.7
v -1.4 2.3 0.5
v -1.4 2.3 0.3
v -1.4 2.3 0.0999999
v -1.4 2.3 0
v -1.4 2.3 -0.2
v -1.4 2.3 -0.3
v -1.4 2.3 -0.7
v -1.4 2.3 -0.8
v -1.4 2.3 -1.5
v -1.4 2.3 -1.7
v -1.4 2.3 -1.8
v -1.4 2.4 0.0999999
v -1.4 2.4 0
v -1.4 2.4 -0.0999999
v -1.4 2.4 -0.2
v -1.4 2.5 1.4
v -1.4 2.5 1.3
v -1.4 2.5 -0.0999999
v -1.4 2.5 -0.2
v -1.4 2.5 -1.7
v -1.4 2.5 -1.8
v -1.4 2.6 1.5
v -1.4 2.6 1.4
v -1.4 2.6 1.3
v -1.4 2.6 1.2
v -1.4 2.6 -1.5
v -1.4 2.6 -1.7
v -1.4 2.7 1.4
v -1.4 2.7 1.3
v -1.4 2.7 1.2
v -1.4 2.7 1
v -1.4 2.7 -0.2
v -1.4 2.7 -0.3
v -1.4 2.8 1.3
v -1.4 2.8 1
v -1.4 2.8 -0.3
v -1.4 2.8 -0.4
v -1.4 2.8 -0.6
v -1.4 2.9 -0.0999999
v -1.4 2.9 -0.2
v -1.4 2.9 -0.3
v -1.4 2.9 -0.4
v -1.4 2.9 -0.5
v -1.4 3 0
v -1.4 3 -0.0999999
v -1.4 3 -0.2
v -1.4 3 -0.6
v -1.4 3 -0.7
v -1.4 3 -1.3
v -1.4 3 -1.4
v -1.4 3 -1.5
v -1.4 3 -1.7
v -1.4 3.1 0
v -1.4 3.1 -0.0999999
v -1.4 3.1 -0.5
v -1.4 3.1 -0.6
v -1.4 3.1 -1.3
v -1.4 3.1 -1.4
v -1.4 3.1 -1.5
v -1.4 3.1 -1.7
v -1.4 3.1 -1.8
v -1.4 3.2 0.7
v -1.4 3.2 0.6
v -1.4 3.2 0.0999999
v -1.4 3.2 0
v -1.4 3.2 -0.6
v -1.4 3.2 -0.7
v -1.4 3.2 -0.8
v -1.4 3.2 -0.9
v -1.4 3.2 -1.1
v -1.4 3.2 -1.2
v -1.4 3.3 0.7
v -1.4 3.3 0.6
v -1.4 3.3 0.4
v -1.4 3.3 0.2
v -1.4 3.3 0.0999999
v -1.4 3.3 0
v -1.4 3.3 -0.8
v -1.4 3.3 -0.9
v -1.4 3.3 -1.1
v -1.4 3.3 -1.2
v -1.4 3.3 -1.4
v -1.4 3.3 -1.5
v -1.4 3.3 -1.7
v -1.4 3.3 -1.8
v -1.4 3.4 0.4
v -1.4 3.4 0.2
v -1.4 3.4 -1.5
v -1.4 3.4 -1.7
v -1.4 3.4 -1.8
v -1.4 3.5 -1.5
v -1.4 3.5 -1.6
v -1.4 3.5 -1.7
v -1.4 3.5 -1.8
v -1.4 3.6 -1.5
v -1.4 3.6 -1.6
v -1.4 3.7 -1.4
v -1.4 3.7 -1.5
v -1.4 3.9 -1.4
v -1.4 3.9 -1.5
v -1.3 0.6 1.3
v -1.3 0.6 1.2
v -1.3 0.7 1.3
v -1.3 0.7 1.2
v -1.3 0.8 1.4
v -1.3 0.8 1.3
v -1.3 1 1.4
v -1.3 1 1.3
v -1.3 1.1 1.3
v -1.3 1.1 1.2
v -1.3 1.2 1.3
v -1.3 1.2 1.2
v -1.3 1.4 1.1
v -1.3 1.4 1
v -1.3 1.4 0.0999999
v -1.3 1.4 0
v -1.3 1.5 1.1
v -1.3 1.5 1
v -1.3 1.6 0.9
v -1.3 1.6 0.8
v -1.3 1.6 0.6
v -1.3 1.6 0.4
v -1.3 1.6 0.2
v -1.3 1.6 0.0999999
v -1.3 1.7 1.1
v -1.3 1.7 0.9
v -1.3 1.7 0.8
v -1.3 1.7 0.6
v -1.3 1.7 0.5
v -1.3 1.7 0.4
v -1.3 1.7 0.2
v -1.3 1.7 0.0999999
v -1.3 1.7 0
v -1.3 1.7 -1.8
v -1.3 1.7 -1.9
v -1.3 1.8 1.2
v -1.3 1.8 1.1
v -1.3 1.8 1
v -1.3 1.8 0.9
v -1.3 1.8 0.8
v -1.3 1.8 0.7
v -1.3 1.8 0.5
v -1.3 1.8 0.0999999
v -1.3 1.8 -1.7
v -1.3 1.8 -1.8
v -1.3 1.9 1.3
v -1.3 1.9 1.2
v -1.3 1.9 1
v -1.3 1.9 0.8
v -1.3 1.9 0.7
v -1.3 2 1.3
v -1.3 2 1.2
v -1.3 2 0.5
v -1.3 2 0.3
v -1.3 2 -1.7
v -1.3 2 -1.8
v -1.3 2.1 1.5
v -1.3 2.1 1.4
v -1.3 2.1 0.5
v -1.3 2.1 0.4
v -1.3 2.1 0.3
v -1.3 2.1 0.2
v -1.3 2.1 -0.3
v -1.3 2.1 -0.4
v -1.3 2.1 -0.6
v -1.3 2.1 -0.7
v -1.3 2.1 -1.4
v -1.3 2.1 -1.8
v -1.3 2.1 -1.9
v -1.3 2.2 1.5
v -1.3 2.2 1.4
v -1.3 2.2 0.4
v -1.3 2.2 0.3
v -1.3 2.2 0.2
v -1.3 2.2 0.0999999
v -1.3 2.2 -0.3
v -1.3 2.2 -0.4
v -1.3 2.2 -0.6
v -1.3 2.2 -0.7
v -1.3 2.2 -1.4
v -1.3 2.2 -1.5
v -1.3 2.2 -1.7
v -1.3 2.2 -1.8
v -1.3 2.2 -1.9
v -1.3 2.3 1.6
v -1.3 2.3 1.5
v -1.3 2.3 0.3
v -1.3 2.3 0.0999999
v -1.3 2.3 0
v -1.3 2.3 -0.0999999
v -1.3 2.3 -0.2
v -1.3 2.3 -1.4
v -1.3 2.3 -1.5
v -1.3 2.3 -1.7
v -1.3 2.3 -1.8
v -1.3 2.4 0
v -1.3 2.4 -0.2
v -1.3 2.5 1.6
v -1.3 2.5 1.5
v -1.3 2.5 -1.7
v -1.3 2.5 -1.8
v -1.3 2.6 1.5
v -1.3 2.6 1.4
v -1.3 2.6 -1.4
v -1.3 2.6 -1.7
v -1.3 2.6 -1.8
v -1.3 2.6 -1.9
v -1.3 2.7 1.4
v -1.3 2.7 1.3
v -1.3 2.8 1.5
v -1.3 2.8 1.4
v -1.3 2.8 1.3
v -1.3 2.8 1
v -1.3 2.8 -0.3
v -1.3 2.8 -0.4
v -1.3 2.9 1.4
v -1.3 2.9 1.1
v -1.3 2.9 -0.2
v -1.3 2.9 -0.3
v -1.3 2.9 -0.4
v -1.3 2.9 -0.5
v -1.3 3 1.1
v -1.3 3 1
v -1.3 3 -0.0999999
v -1.3 3 -0.2
v -1.3 3 -0.4
v -1.3 3 -1.5
v -1.3 3 -1.7
v -1.3 3 -1.8
v -1.3 3 -1.9
v -1.3 3.1 0
v -1.3 3.1 -0.0999999
v -1.3 3.1 -0.2
v -1.3 3.1 -0.5
v -1.3 3.1 -0.6
v -1.3 3.1 -1.3
v -1.3 3.1 -1.4
v -1.3 3.1 -1.5
v -1.3 3.1 -1.7
v -1.3 3.1 -1.8
v -1.3 3.1 -1.9
v -1.3 3.2 0
v -1.3 3.2 -0.0999999
v -1.3 3.2 -0.4
v -1.3 3.2 -0.5
v -1.3 3.2 -0.6
v -1.3 3.2 -0.8
v -1.3 3.2 -1.3
v -1.3 3.3 0.5
v -1.3 3.3 0.4
v -1.3 3.3 0.2
v -1.3 3.3 0.0999999
v -1.3 3.3 -0.5
v -1.3 3.3 -0.8
v -1.3 3.3 -1.4
v -1.3 3.3 -1.5
v -1.3 3.3 -1.7
v -1.3 3.3 -1.8
v -1.3 3.4 0.5
v -1.3 3.4 0.4
v -1.3 3.4 0.2
v -1.3 3.4 0.0999999
v -1.3 3.4 -1.3
v -1.3 3.4 -1.4
v -1.3 3.4 -1.5
v -1.3 3.4 -1.7
v -1.3 3.4 -1.8
v -1.3 3.5 -1.3
v -1.3 3.5 -1.4
v -1.3 3.5 -1.5
v -1.3 3.5 -1.7
v -1.3 3.7 -1.3
v -1.3 3.7 -1.4
v -1.3 3.7 -1.5
v -1.3 3.9 -1.4
v -1.3 3.9 -1.5
v -1.3 4 -1.4
v -1.3 4 -1.5
v -1.2 0.7 1.4
v -1.2 0.7 1.3
v -1.2 0.8 1.4
v -1.2 0.8 1.3
v -1.2 1 1.4
v -1.2 1 1.3
v -1.2 1.1 1.4
v -1.2 1.1 1.3
v -1.2 1.2 1.2
v -1.2 1.2 1.1
v -1.2 1.3 0
v -1.2 1.3 -0.0999999
v -1.2 1.4 1.2
v -1.2 1.4 1.1
v -1.2 1.4 0
v -1.2 1.4 -0.0999999
v -1.2 1.6 1.2
v -1.2 1.6 1
v -1.2 1.6 0.9
v -1.2 1.6 -1.7
v -1.2 1.6 -1.8
v -1.2 1.6 -1.9
v -1.2 1.7 1.3
v -1.2 1.7 1.2
v -1.2 1.7 1.1
v -1.2 1.7 0.9
v -1.2 1.7 0.7
v -1.2 1.7 0.6
v -1.2 1.7 0.5
v -1.2 1.7 0.0999999
v -1.2 1.7 0
v -1.2 1.7 -1.6
v -1.2 1.7 -1.7
v -1.2 1.7 -1.8
v -1.2 1.7 -1.9
v -1.2 1.8 1.4
v -1.2 1.8 1.3
v -1.2 1.8 1.2
v -1.2 1.8 1.1
v -1.2 1.8 0.9
v -1.2 1.8 0.7
v -1.2 1.8 0.6
v -1.2 1.8 0.5
v -1.2 1.8 0.4
v -1.2 1.8 0.0999999
v -1.2 1.8 -1.7
v -1.2 1.8 -1.8
v -1.2 1.9 1.3
v -1.2 1.9 1.2
v -1.2 1.9 0.6
v -1.2 1.9 0.4
v -1.2 1.9 0.2
v -1.2 1.9 0
v -1.2 1.9 -0.0999999
v -1.2 1.9 -0.8
v -1.2 1.9 -1
v -1.2 2 1.4
v -1.2 2 1.3
v -1.2 2 0.6
v -1.2 2 0.4
v -1.2 2 0.3
v -1.2 2 0.2
v -1.2 2 0
v -1.2 2 -0.7
v -1.2 2 -0.8
v -1.2 2 -1
v -1.2 2 -1.1
v -1.2 2 -1.5
v -1.2 2 -1.6
v -1.2 2 -1.7
v -1.2 2 -1.8
v -1.2 2.1 0.3
v -1.2 2.1 0.2
v -1.2 2.1 0
v -1.2 2.1 -0.7
v -1.2 2.1 -1.3
v -1.2 2.1 -1.4
v -1.2 2.1 -1.5
v -1.2 2.1 -1.8
v -1.2 2.1 -1.9
v -1.2 2.2 1.6
v -1.2 2.2 1.5
v -1.2 2.2 0.2
v -1.2 2.2 0.0999999
v -1.2 2.2 0
v -1.2 2.2 -0.0999999
v -1.2 2.2 -0.7
v -1.2 2.2 -0.8
v -1.2 2.2 -0.9
v -1.2 2.2 -1
v -1.2 2.2 -1.1
v -1.2 2.2 -1.3
v -1.2 2.2 -1.4
v -1.2 2.2 -1.8
v -1.2 2.2 -1.9
v -1.2 2.3 1.6
v -1.2 2.3 1.5
v -1.2 2.3 0.0999999
v -1.2 2.3 -0.0999999
v -1.2 2.3 -0.8
v -1.2 2.3 -0.9
v -1.2 2.5 1.6
v -1.2 2.5 1.5
v -1.2 2.6 -1.8
v -1.2 2.6 -1.9
v -1.2 2.7 1.6
v -1.2 2.7 1.5
v -1.2 2.8 1.5
v -1.2 2.8 1.4
v -1.2 2.9 1.5
v -1.2 2.9 1.4
v -1.2 2.9 1.3
v -1.2 2.9 1.1
v -1.2 3 1.3
v -1.2 3 1.1
v -1.2 3 0.9
v -1.2 3 -0.2
v -1.2 3 -0.4
v -1.2 3 -1.8
v -1.2 3 -1.9
v -1.2 3.1 1.1
v -1.2 3.1 1
v -1.2 3.1 0.9
v -1.2 3.1 0.8
v -1.2 3.1 -0.2
v -1.2 3.2 1
v -1.2 3.2 0.8
v -1.2 3.2 -0.4
v -1.2 3.2 -0.5
v -1.2 3.2 -1.2
v -1.2 3.2 -1.3
v -1.2 3.3 -0.2
v -1.2 3.3 -0.3
v -1.2 3.3 -0.5
v -1.2 3.3 -0.6
v -1.2 3.3 -0.8
v -1.2 3.4 -0.3
v -1.2 3.4 -0.5
v -1.2 3.4 -0.6
v -1.2 3.4 -0.8
v -1.2 3.4 -1.3
v -1.2 3.4 -1.4
v -1.2 3.5 -1.3
v -1.2 3.5 -1.4
v -1.2 3.7 -1.3
v -1.2 3.7 -1.4
v -1.2 3.8 -1.2
v -1.2 3.8 -1.3
v -1.2 3.9 -1.3
v -1.2 3.9 -1.4
v -1.1 1.2 1.3
v -1.1 1.2 1.2
v -1.1 1.4 1.2
v -1.1 1.4 1.1
v -1.1 1.4 -0.0999999
v -1.1 1.4 -0.2
v -1.1 1.5 1.3
v -1.1 1.5 1.2
v -1.1 1.5 1.1
v -1.1 1.5 1
v -1.1 1.5 -1.8
v -1.1 1.5 -1.9
v -1.1 1.6 1.3
v -1.1 1.6 1.2
v -1.1 1.6 1
v -1.1 1.6 -1.6
v -1.1 1.6 -1.7
v -1.1 1.6 -1.8
v -1.1 1.6 -1.9
v -1.1 1.7 1.4
v -1.1 1.7 1.3
v -1.1 1.7 1.2
v -1.1 1.7 -1.6
v -1.1 1.7 -1.7
v -1.1 1.8 1.4
v -1.1 1.8 1.3
v -1.1 1.8 0.7
v -1.1 1.8 0.6
v -1.1 1.8 0.5
v -1.1 1.8 0.4
v -1.1 1.8 -0.7
v -1.1 1.8 -1.1
v -1.1 1.8 -1.5
v -1.1 1.8 -1.6
v -1.1 1.9 1.5
v -1.1 1.9 1.4
v -1.1 1.9 0.7
v -1.1 1.9 0.6
v -1.1 1.9 0.5
v -1.1 1.9 0.4
v -1.1 1.9 0.2
v -1.1 1.9 0
v -1.1 1.9 -0.0999999
v -1.1 1.9 -0.6
v -1.1 1.9 -0.7
v -1.1 1.9 -0.8
v -1.1 1.9 -1
v -1.1 1.9 -1.1
v -1.1 1.9 -1.2
v -1.1 2 0.4
v -1.1 2 0.2
v -1.1 2 0
v -1.1 2 -0.0999999
v -1.1 2 -0.2
v -1.1 2 -0.7
v -1.1 2 -0.8
v -1.1 2 -1
v -1.1 2 -1.1
v -1.1 2 -1.4
v -1.1 2 -1.5
v -1.1 2 -1.6
v -1.1 2.1 1.5
v -1.1 2.1 1.4
v -1.1 2.1 0.2
v -1.1 2.1 0
v -1.1 2.1 -0.6
v -1.1 2.1 -0.7
v -1.1 2.1 -1.4
v -1.1 2.1 -1.5
v -1.1 2.2 0
v -1.1 2.2 -0.0999999
v -1.1 2.2 -0.2
v -1.1 2.2 -1
v -1.1 2.2 -1.1
v -1.1 2.2 -1.2
v -1.1 2.2 -1.3
v -1.1 2.3 -0.0999999
v -1.1 2.3 -0.2
v -1.1 2.3 -1
v -1.1 2.3 -1.3
v -1.1 2.7 1.6
v -1.1 2.7 1.5
v -1.1 2.8 1.6
v -1.1 2.8 1.5
v -1.1 2.9 1.4
v -1.1 2.9 1.3
v -1.1 3 1.4
v -1.1 3 1.3
v -1.1 3 1.2
v -1.1 3 1.1
v -1.1 3.1 1.2
v -1.1 3.1 1.1
v -1.1 3.1 1
v -1.1 3.1 -0.0999999
v -1.1 3.1 -0.2
v -1.1 3.2 1.1
v -1.1 3.2 1
v -1.1 3.2 0.9
v -1.1 3.2 0.6
v -1.1 3.2 -0.0999999
v -1.1 3.2 -1.1
v -1.1 3.2 -1.2
v -1.1 3.3 0.9
v -1.1 3.3 0.6
v -1.1 3.3 -0.2
v -1.1 3.3 -0.3
v -1.1 3.3 -0.5
v -1.1 3.3 -0.6
v -1.1 3.3 -0.8
v -1.1 3.3 -0.9
v -1.1 3.3 -1.1
v -1.1 3.3 -1.2
v -1.1 3.4 -0.0999999
v -1.1 3.4 -0.2
v -1.1 3.4 -0.3
v -1.1 3.4 -0.5
v -1.1 3.4 -0.6
v -1.1 3.4 -0.8
v -1.1 3.4 -0.9
v -1.1 3.5 -0.2
v -1.1 3.5 -0.6
v -1.1 3.5 -1.1
v -1.1 3.5 -1.2
v -1.1 3.7 -1.1
v -1.1 3.7 -1.2
v -1.1 3.8 -1.2
v -1.1 3.8 -1.3
v -1.1 3.9 -1.2
v -1.1 3.9 -1.3
v -1 1.2 1.4
v -1 1.2 1.3
v -1 1.3 -0.0999999
v -1 1.3 -0.2
v -1 1.4 1.4
v -1 1.4 1.3
v -1 1.4 -0.0999999
v -1 1.4 -0.2
v -1 1.5 1.3
v -1 1.5 1.2
v -1 1.5 -1.7
v -1 1.5 -1.8
v -1 1.6 1.3
v -1 1.6 1.2
v -1 1.6 -0.2
v -1 1.6 -0.3
v -1 1.6 -1.7
v -1 1.6 -1.8
v -1 1.7 0.7
v -1 1.7 0.6
v -1 1.7 -0.8
v -1 1.7 -1
v -1 1.7 -1.5
v -1 1.7 -1.6
v -1 1.8 1.5
v -1 1.8 1.4
v -1 1.8 0.7
v -1 1.8 0.6
v -1 1.8 -0.6
v -1 1.8 -0.7
v -1 1.8 -0.8
v -1 1.8 -1
v -1 1.8 -1.1
v -1 1.8 -1.2
v -1 1.8 -1.5
v -1 1.8 -1.6
v -1 1.9 1.5
v -1 1.9 1.4
v -1 1.9 -0.6
v -1 1.9 -0.7
v -1 1.9 -1.1
v -1 1.9 -1.2
v -1 2 -0.0999999
v -1 2 -0.2
v -1 2 -0.3
v -1 2 -0.5
v -1 2 -0.6
v -1 2 -1.2
v -1 2 -1.3
v -1 2.1 -0.5
v -1 2.1 -0.6
v -1 2.1 -1.3
v -1 2.2 -0.0999999
v -1 2.2 -0.2
v -1 2.2 -1.2
v -1 2.2 -1.3
v -1 2.9 1.5
v -1 2.9 1.4
v -1 3 1.5
v -1 3 1.4
v -1 3 1.3
v -1 3 1.2
v -1 3.1 1.3
v -1 3.1 1.2
v -1 3.1 1.1
v -1 3.2 1.2
v -1 3.2 1.1
v -1 3.2 1
v -1 3.2 0.9
v -1 3.2 0
v -1 3.2 -0.0999999
v -1 3.3 1
v -1 3.3 0.9
v -1 3.3 0.5
v -1 3.3 0.4
v -1 3.3 0.2
v -1 3.3 0
v -1 3.3 -0.0999999
v -1 3.3 -1.1
v -1 3.3 -1.2
v -1 3.4 0.5
v -1 3.4 0.4
v -1 3.4 0.2
v -1 3.4 0
v -1 3.4 -0.0999999
v -1 3.4 -0.2
v -1 3.4 -0.6
v -1 3.4 -0.7
v -1 3.5 -0.0999999
v -1 3.5 -0.2
v -1 3.5 -0.3
v -1 3.5 -0.5
v -1 3.5 -0.6
v -1 3.5 -0.7
v -1 3.5 -1.1
v -1 3.5 -1.2
v -1 3.6 -0.3
v -1 3.6 -0.5
v -1 3.7 -1.1
v -1 3.7 -1.2
v -1 3.8 -1.1
v -1 3.8 -1.2
v -1 3.9 -1.3
v -1 3.9 -1.4
v -1 4 -1.3
v -1 4 -1.4
v -0.9 1.1 1.4
v -0.9 1.1 1.3
v -0.9 1.2 1.4
v -0.9 1.2 1.3
v -0.9 1.4 1.4
v -0.9 1.4 1.3
v -0.9 1.5 1.4
v -0.9 1.5 1.3
v -0.9 1.5 -0.2
v -0.9 1.5 -0.3
v -0.9 1.6 -0.2
v -0.9 1.6 -0.3
v -0.9 1.7 -0.3
v -0.9 1.7 -0.4
v -0.9 1.7 -0.7
v -0.9 1.7 -0.8
v -0.9 1.7 -1
v -0.9 1.7 -1.1
v -0.9 1.8 0.6
v -0.9 1.8 0.5
v -0.9 1.8 -0.7
v -0.9 1.8 -0.8
v -0.9 1.8 -1
v -0.9 1.8 -1.1
v -0.9 1.9 0.6
v -0.9 1.9 0.5
v -0.9 1.9 -0.3
v -0.9 1.9 -0.4
v -0.9 1.9 -0.5
v -0.9 1.9 -0.6
v -0.9 1.9 -1.2
v -0.9 1.9 -1.3
v -0.9 2 -0.2
v -0.9 2 -0.3
v -0.9 2 -0.5
v -0.9 2 -0.6
v -0.9 2 -1.2
v -0.9 2 -1.3
v -0.9 2.1 -0.2
v -0.9 2.1 -0.3
v -0.9 2.2 -0.2
v -0.9 2.2 -0.3
v -0.9 2.3 -0.2
v -0.9 2.3 -0.3
v -0.9 2.7 1.9
v -0.9 2.7 1.8
v -0.9 2.8 1.8
v -0.9 2.8 1.7
v -0.9 2.8 1.6
v -0.9 2.8 1.5
v -0.9 2.9 1.8
v -0.9 2.9 1.7
v -0.9 2.9 1.6
v -0.9 2.9 1.5
v -0.9 3 1.9
v -0.9 3 1.8
v -0.9 3 1.4
v -0.9 3 1.3
v -0.9 3.1 1.4
v -0.9 3.1 1.3
v -0.9 3.2 1.1
v -0.9 3.2 1
v -0.9 3.2 -1
v -0.9 3.2 -1.1
v -0.9 3.3 1.1
v -0.9 3.3 1
v -0.9 3.3 0.9
v -0.9 3.3 0.7
v -0.9 3.3 0.6
v -0.9 3.3 0.5
v -0.9 3.3 0
v -0.9 3.3 -0.0999999
v -0.9 3.3 -1
v -0.9 3.3 -1.1
v -0.9 3.4 0.9
v -0.9 3.4 0.7
v -0.9 3.4 0.6
v -0.9 3.4 0.5
v -0.9 3.4 0.4
v -0.9 3.4 0.0999999
v -0.9 3.4 0
v -0.9 3.4 -0.0999999
v -0.9 3.5 0.4
v -0.9 3.5 0.0999999
v -0.9 3.5 -0.2
v -0.9 3.5 -0.3
v -0.9 3.5 -0.5
v -0.9 3.5 -0.6
v -0.9 3.6 -0.2
v -0.9 3.6 -0.3
v -0.9 3.6 -0.5
v -0.9 3.6 -0.6
v -0.8 1.4 -0.2
v -0.8 1.4 -0.3
v -0.8 1.5 1.4
v -0.8 1.5 1.3
v -0.8 1.5 -0.2
v -0.8 1.5 -0.3
v -0.8 1.5 -0.4
v -0.8 1.6 1.4
v -0.8 1.6 1.3
v -0.8 1.7 -0.3
v -0.8 1.7 -0.4
v -0.8 1.9 -0.3
v -0.8 1.9 -0.4
v -0.8 2 -0.3
v -0.8 2 -0.4
v -0.8 2.6 1.9
v -0.8 2.6 1.8
v -0.8 2.7 1.9
v -0.8 2.7 1.8
v -0.8 2.7 1.7
v -0.8 2.8 1.8
v -0.8 2.8 1.7
v -0.8 2.9 1.8
v -0.8 2.9 1.7
v -0.8 3 1.9
v -0.8 3 1.8
v -0.8 3 1.7
v -0.8 3.1 1.9
v -0.8 3.1 1.8
v -0.8 3.2 1.2
v -0.8 3.2 1.1
v -0.8 3.3 1.2
v -0.8 3.3 1.1
v -0.8 3.3 0.9
v -0.8 3.3 0.7
v -0.8 3.3 0.6
v -0.8 3.3 -1
v -0.8 3.3 -1.1
v -0.8 3.4 1.1
v -0.8 3.4 0.9
v -0.8 3.4 0.7
v -0.8 3.4 0.6
v -0.8 3.4 0.5
v -0.8 3.4 0.4
v -0.8 3.4 0.0999999
v -0.8 3.4 -0.0999999
v -0.8 3.5 0.9
v -0.8 3.5 0.6
v -0.8 3.5 0.5
v -0.8 3.5 0.4
v -0.8 3.5 0.0999999
v -0.8 3.5 -0.0999999
v -0.8 3.5 -1
v -0.8 3.5 -1.1
v -0.7 1.3 1.5
v -0.7 1.3 1.4
v -0.7 1.3 -0.0999999
v -0.7 1.3 -0.2
v -0.7 1.4 -0.0999999
v -0.7 1.4 -0.2
v -0.7 1.4 -0.3
v -0.7 1.4 -0.4
v -0.7 1.5 1.5
v -0.7 1.5 1.4
v -0.7 1.5 -0.3
v -0.7 1.5 -0.4
v -0.7 1.6 1.4
v -0.7 1.6 1.3
v -0.7 1.6 -0.4
v -0.7 1.6 -0.5
v -0.7 1.7 1.4
v -0.7 1.7 1.3
v -0.7 1.8 -0.4
v -0.7 1.8 -0.5
v -0.7 2.6 1.8
v -0.7 2.6 1.7
v -0.7 2.7 1.8
v -0.7 2.7 1.7
v -0.7 2.7 1.6
v -0.7 2.9 1.6
v -0.7 2.9 1.5
v -0.7 3 1.8
v -0.7 3 1.7
v -0.7 3 1.6
v -0.7 3 1.5
v -0.7 3.1 1.9
v -0.7 3.1 1.8
v -0.7 3.1 1.7
v -0.7 3.1 1.6
v -0.7 3.1 1.3
v -0.7 3.1 1.2
v -0.7 3.2 1.8
v -0.7 3.2 1.7
v -0.7 3.3 1.9
v -0.7 3.3 1.8
v -0.7 3.3 1.2
v -0.7 3.3 1.1
v -0.7 3.4 1.3
v -0.7 3.4 1.2
v -0.7 3.4 1.1
v -0.7 3.4 0.9
v -0.7 3.4 0.6
v -0.7 3.4 0.5
v -0.7 3.5 1.2
v -0.7 3.5 1
v -0.7 3.5 0.9
v -0.7 3.5 0.6
v -0.7 3.5 0.5
v -0.7 3.5 0.3
v -0.7 3.5 -0.0999999
v -0.7 3.5 -1
v -0.7 3.5 -1.1
v -0.7 3.6 1
v -0.7 3.6 0.5
v -0.7 3.6 0.3
v -0.7 3.6 -0.0999999
v -0.7 3.6 -1
v -0.7 3.6 -1.1
v -0.6 1.2 1.5
v -0.6 1.2 1.4
v -0.6 1.3 1.5
v -0.6 1.3 1.4
v -0.6 1.3 -0.2
v -0.6 1.3 -0.3
v -0.6 1.4 -0.2
v -0.6 1.4 -0.3
v -0.6 1.5 1.5
v -0.6 1.5 1.4
v -0.6 1.5 -0.4
v -0.6 1.5 -0.5
v -0.6 1.6 1.5
v -0.6 1.6 1.4
v -0.6 1.6 -0.4
v -0.6 1.6 -0.5
v -0.6 1.8 -0.4
v -0.6 1.8 -0.5
v -0.6 1.9 -0.4
v -0.6 1.9 -0.5
v -0.6 2 -0.3
v -0.6 2 -0.4
v -0.6 2.1 -0.3
v -0.6 2.1 -0.4
v -0.6 3 1.6
v -0.6 3 1.5
v -0.6 3 1.4
v -0.6 3 1.3
v -0.6 3.1 1.7
v -0.6 3.1 1.6
v -0.6 3.1 1.5
v -0.6 3.1 1.4
v -0.6 3.1 1.3
v -0.6 3.2 1.8
v -0.6 3.2 1.7
v -0.6 3.2 1.6
v -0.6 3.3 1.8
v -0.6 3.3 1.7
v -0.6 3.4 1.3
v -0.6 3.4 1.2
v -0.6 3.5 1.4
v -0.6 3.5 1.3
v -0.6 3.5 1.2
v -0.6 3.5 1
v -0.6 3.5 0.5
v -0.6 3.5 0.3
v -0.6 3.5 -0.0999999
v -0.6 3.5 -0.3
v -0.6 3.6 1.3
v -0.6 3.6 1.2
v -0.6 3.6 1
v -0.6 3.6 0.9
v -0.6 3.6 0.6
v -0.6 3.6 0.5
v -0.6 3.6 0.3
v -0.6 3.6 -0.0999999
v -0.6 3.6 -0.3
v -0.6 3.7 0.9
v -0.6 3.7 0.6
v -0.6 3.9 -1.2
v -0.6 3.9 -1.3
v -0.6 4 -1.2
v -0.6 4 -1.3
v -0.5 1.9 -0.4
v -0.5 1.9 -0.5
v -0.5 2 -0.4
v -0.5 2 -0.5
v -0.5 2.1 -0.2
v -0.5 2.1 -0.3
v -0.5 2.4 -0.2
v -0.5 2.4 -0.3
v -0.5 2.5 -0.5
v -0.5 2.5 -0.6
v -0.5 2.6 1.7
v -0.5 2.6 1.6
v -0.5 2.6 -0.5
v -0.5 2.6 -0.6
v -0.5 2.7 1.7
v -0.5 2.7 1.6
v -0.5 2.9 1.5
v -0.5 2.9 1.4
v -0.5 2.9 -0.8
v -0.5 2.9 -0.9
v -0.5 3 1.5
v -0.5 3 1.4
v -0.5 3.1 1.6
v -0.5 3.1 1.5
v -0.5 3.1 -0.8
v -0.5 3.1 -0.9
v -0.5 3.2 1.6
v -0.5 3.2 1.5
v -0.5 3.2 1.4
v -0.5 3.2 -0.7
v -0.5 3.2 -0.8
v -0.5 3.3 -0.7
v -0.5 3.3 -0.8
v -0.5 3.4 1.5
v -0.5 3.4 1.4
v -0.5 3.5 1.4
v -0.5 3.5 1.3
v -0.5 3.5 -0.3
v -0.5 3.5 -0.4
v -0.5 3.6 1.4
v -0.5 3.6 1.3
v -0.5 3.6 1.2
v -0.5 3.6 0.9
v -0.5 3.6 0.6
v -0.5 3.6 0.5
v -0.5 3.6 -0.3
v -0.5 3.6 -0.4
v -0.5 3.7 1.2
v -0.5 3.7 0.9
v -0.5 3.7 0.6
v -0.5 3.7 0.5
v -0.5 3.8 1.9
v -0.5 3.8 1.8
v -0.5 3.9 1.9
v -0.5 3.9 1.8
v -0.4 1.9 1.3
v -0.4 1.9 1.2
v -0.4 2.1 1.3
v -0.4 2.1 1.2
v -0.4 2.1 -0.3
v -0.4 2.1 -0.4
v -0.4 2.5 -0.3
v -0.4 2.5 -0.4
v -0.4 2.8 -0.8
v -0.4 2.8 -0.9
v -0.4 2.9 -0.8
v -0.4 2.9 -0.9
v -0.4 3 1.5
v -0.4 3 1.4
v -0.4 3.1 1.5
v -0.4 3.1 -0.8
v -0.4 3.1 -0.9
v -0.4 3.2 1.5
v -0.4 3.2 1.4
v -0.4 3.2 -0.8
v -0.4 3.2 -0.9
v -0.4 3.3 1.9
v -0.4 3.3 1.8
v -0.4 3.4 1.5
v -0.4 3.4 1.4
v -0.4 3.5 1.5
v -0.4 3.5 1.4
v -0.4 3.5 -0.4
v -0.4 3.5 -0.5
v -0.4 3.6 1.3
v -0.4 3.6 1.2
v -0.4 3.6 0.5
v -0.4 3.6 0.4
v -0.4 3.6 -0.4
v -0.4 3.6 -0.5
v -0.4 3.7 1.3
v -0.4 3.7 1.2
v -0.4 3.7 0.5
v -0.4 3.7 0.4
v -0.4 3.8 1.9
v -0.4 3.8 1.8
v -0.3 1.8 1.3
v -0.3 1.8 1.2
v -0.3 1.8 1.1
v -0.3 1.9 1.4
v -0.3 1.9 1.3
v -0.3 1.9 1.1
v -0.3 2 -0.4
v -0.3 2 -0.5
v -0.3 2.2 1.4
v -0.3 2.2 1.3
v -0.3 2.3 1.6
v -0.3 2.3 1.4
v -0.3 2.3 1.3
v -0.3 2.3 -0.4
v -0.3 2.3 -0.5
v -0.3 2.6 1.6
v -0.3 2.6 1.4
v -0.3 3.6 0.4
v -0.3 3.6 -0.0999999
v -0.3 3.7 0.4
v -0.3 3.7 -0.0999999
v -0.2 2.2 1.6
v -0.2 2.2 1.4
v -0.2 2.3 1.7
v -0.2 2.3 1.6
v -0.2 2.3 1.4
v -0.2 2.3 -0.4
v -0.2 2.3 -0.5
v -0.2 2.4 -0.4
v -0.2 2.4 -0.5
v -0.2 2.6 1.7
v -0.2 2.7 1.7
v -0.2 2.7 1.6
v -0.2 2.9 -1.8
v -0.2 2.9 -1.9
v -0.2 3.6 -0.0999999
v -0.2 3.6 -0.2
v -0.2 3.6 -1.8
v -0.2 3.6 -1.9
v -0.2 3.7 0.6
v -0.2 3.7 0
v -0.2 3.7 -0.0999999
v -0.2 3.7 -0.2
v -0.2 3.8 0.6
v -0.2 3.8 0
v -0.0999999 1.1 -1.8
v -0.0999999 1.1 -1.9
v -0.0999999 1.2 -1.8
v -0.0999999 1.2 -1.9
v -0.0999999 1.6 0.6
v -0.0999999 1.6 0.3
v -0.0999999 1.7 0.6
v -0.0999999 1.7 0.3
v -0.0999999 2.1 -1.8
v -0.0999999 2.1 -1.9
v -0.0999999 2.5 1.9
v -0.0999999 2.5 1.8
v -0.0999999 2.5 -0.5
v -0.0999999 2.5 -0.6
v -0.0999999 2.6 1.9
v -0.0999999 2.6 1.8
v -0.0999999 2.6 -0.5
v -0.0999999 2.6 -0.6
v -0.0999999 2.9 -1.8
v -0.0999999 2.9 -1.9
v -0.0999999 3.4 -0.6
v -0.0999999 3.4 -0.7
v -0.0999999 3.5 -0.5
v -0.0999999 3.5 -0.6
v -0.0999999 3.5 -0.7
v -0.0999999 3.6 -0.2
v -0.0999999 3.6 -0.4
v -0.0999999 3.6 -0.5
v -0.0999999 3.6 -0.6
v -0.0999999 3.7 0.8
v -0.0999999 3.7 0.6
v -0.0999999 3.7 0
v -0.0999999 3.7 -0.0999999
v -0.0999999 3.7 -0.2
v -0.0999999 3.7 -0.4
v -0.0999999 3.8 0.8
v -0.0999999 3.8 0.7
v -0.0999999 3.8 0.6
v -0.0999999 3.8 0.5
v -0.0999999 3.8 0
v -0.0999999 3.8 -0.0999999
v -0.0999999 3.9 0.7
v -0.0999999 3.9 0.5
v 0 0.9 1.9
v 0 0.9 1.8
v 0 1.2 -1.8
v 0 1.2 -1.9
v 0 1.5 0.6
v 0 1.5 0.2
v 0 1.6 0.6
v 0 1.6 0.2
v 0 2.1 -1.8
v 0 2.1 -1.9
v 0 2.2 1.9
v 0 2.2 1.8
v 0 2.3 1.9
v 0 2.3 1.8
v 0 2.5 1.9
v 0 2.5 1.8
v 0 2.5 -0.6
v 0 2.5 -0.7
v 0 2.6 -0.6
v 0 2.6 -0.7
v 0 2.7 -0.7
v 0 2.7 -0.8
v 0 2.8 1.5
v 0 2.8 1.4
v 0 2.8 -0.7
v 0 2.8 -0.8
v 0 3 1.5
v 0 3 1.4
v 0 3.2 -0.7
v 0 3.2 -0.8
v 0 3.5 -0.6
v 0 3.5 -0.7
v 0 3.5 -0.8
v 0 3.6 -0.4
v 0 3.6 -0.5
v 0 3.6 -0.6
v 0 3.6 -0.7
v 0 3.7 1
v 0 3.7 0.8
v 0 3.7 -0.4
v 0 3.7 -0.5
v 0 3.8 1
v 0 3.8 0.9
v 0 3.8 0.8
v 0 3.8 0.7
v 0 3.8 0.5
v 0 3.8 0.3
v 0 3.9 0.9
v 0 3.9 0.8
v 0 3.9 0.7
v 0 3.9 0.5
v 0 3.9 0.4
v 0 3.9 0.3
v 0 4 0.8
v 0 4 0.4
v 0.1 1.5 0.7
v 0.1 1.5 0.6
v 0.1 1.6 1.8
v 0.1 1.6 1.7
v 0.1 1.6 0.7
v 0.1 1.6 0.6
v 0.1 1.7 1.8
v 0.1 1.7 1.7
v 0.1 2.3 0
v 0.1 2.3 -0.4
v 0.1 2.4 -0.4
v 0.1 2.4 -0.5
v 0.1 2.5 -0.5
v 0.1 2.5 -0.6
v 0.1 2.6 -0.7
v 0.1 2.6 -0.8
v 0.1 2.7 0
v 0.1 2.7 -0.0999999
v 0.1 2.7 -0.7
v 0.1 2.7 -0.8
v 0.1 2.8 1.6
v 0.1 2.8 1.5
v 0.1 2.9 -0.0999999
v 0.1 2.9 -0.3
v 0.1 2.9 -0.7
v 0.1 2.9 -0.8
v 0.1 3 -0.3
v 0.1 3 -0.4
v 0.1 3 -0.7
v 0.1 3 -0.8
v 0.1 3.1 1.6
v 0.1 3.1 1.5
v 0.1 3.1 -0.4
v 0.1 3.1 -0.5
v 0.1 3.1 -0.8
v 0.1 3.1 -0.9
v 0.1 3.2 1.5
v 0.1 3.2 1.4
v 0.1 3.2 -0.5
v 0.1 3.2 -0.6
v 0.1 3.5 1.5
v 0.1 3.5 1.4
v 0.1 3.5 -0.7
v 0.1 3.5 -0.8
v 0.1 3.5 -0.9
v 0.1 3.6 1.3
v 0.1 3.6 1.2
v 0.1 3.6 1.1
v 0.1 3.6 -0.5
v 0.1 3.6 -0.6
v 0.1 3.6 -0.7
v 0.1 3.6 -0.8
v 0.1 3.7 1.1
v 0.1 3.7 1
v 0.1 3.7 -0.5
v 0.1 3.7 -0.6
v 0.1 3.8 1
v 0.1 3.8 0.3
v 0.1 3.8 0.2
v 0.1 3.9 1.3
v 0.1 3.9 1
v 0.1 3.9 0.9
v 0.1 3.9 0.8
v 0.1 3.9 0.4
v 0.1 3.9 0.3
v 0.1 4 0.9
v 0.1 4 0.8
v 0.1 4 0.4
v 0.1 4 0.2
v 0.2 1.5 1.8
v 0.2 1.5 1.7
v 0.2 1.6 1.8
v 0.2 1.6 1.7
v 0.2 1.7 1.8
v 0.2 1.7 1.7
v 0.2 1.8 1.8
v 0.2 1.8 1.7
v 0.2 2.1 1.5
v 0.2 2.1 1.4
v 0.2 2.1 1.3
v 0.2 2.1 -0.2
v 0.2 2.1 -0.3
v 0.2 2.2 1.6
v 0.2 2.2 1.5
v 0.2 2.2 1.4
v 0.2 2.2 1.3
v 0.2 2.2 -0.2
v 0.2 2.2 -0.3
v 0.2 2.3 1.6
v 0.2 2.3 1.5
v 0.2 2.8 -0.8
v 0.2 2.8 -0.9
v 0.2 3.1 -0.8
v 0.2 3.1 -0.9
v 0.2 3.2 1.6
v 0.2 3.2 1.5
v 0.2 3.2 -0.9
v 0.2 3.2 -1
v 0.2 3.4 -0.9
v 0.2 3.4 -1
v 0.2 3.5 1.6
v 0.2 3.5 1.5
v 0.2 3.5 1.2
v 0.2 3.5 -0.8
v 0.2 3.5 -0.9
v 0.2 3.6 1.5
v 0.2 3.6 1.4
v 0.2 3.6 1.3
v 0.2 3.6 1.2
v 0.2 3.6 -0.6
v 0.2 3.6 -0.7
v 0.2 3.6 -0.8
v 0.2 3.6 -0.9
v 0.2 3.7 0
v 0.2 3.7 -0.4
v 0.2 3.7 -0.6
v 0.2 3.7 -0.7
v 0.2 3.8 1
v 0.2 3.8 0.9
v 0.2 3.8 0.2
v 0.2 3.8 0
v 0.2 3.8 -0.4
v 0.2 3.9 1.4
v 0.2 3.9 1.3
v 0.2 3.9 1
v 0.2 3.9 0.9
v 0.2 3.9 0
v 0.2 3.9 -0.0999999
v 0.2 4 1.3
v 0.2 4 1
v 0.2 4 0.2
v 0.2 4 -0.0999999
v 0.3 1.2 1.9
v 0.3 1.2 1.8
v 0.3 1.3 1.8
v 0.3 1.3 1.7
v 0.3 1.4 1.9
v 0.3 1.4 1.8
v 0.3 1.5 1.8
v 0.3 1.5 1.7
v 0.3 2.1 -0.3
v 0.3 2.1 -0.4
v 0.3 2.2 -0.3
v 0.3 2.2 -0.4
v 0.3 2.3 -0.4
v 0.3 2.3 -0.5
v 0.3 2.4 -0.4
v 0.3 2.4 -0.5
v 0.3 2.4 -0.6
v 0.3 2.5 -0.5
v 0.3 2.5 -0.6
v 0.3 2.7 -0.8
v 0.3 2.7 -0.9
v 0.3 2.8 -0.8
v 0.3 2.8 -0.9
v 0.3 3.1 1.6
v 0.3 3.1 1.5
v 0.3 3.1 -0.9
v 0.3 3.1 -1
v 0.3 3.2 1.6
v 0.3 3.2 1.5
v 0.3 3.2 -0.9
v 0.3 3.2 -1
v 0.3 3.4 -0.9
v 0.3 3.4 -1
v 0.3 3.5 -0.9
v 0.3 3.5 -1
v 0.3 3.6 -0.7
v 0.3 3.6 -0.8
v 0.3 3.7 -0.4
v 0.3 3.7 -0.6
v 0.3 3.7 -0.7
v 0.3 3.7 -0.8
v 0.3 3.8 0
v 0.3 3.8 -0.4
v 0.3 3.8 -0.5
v 0.3 3.8 -0.6
v 0.3 3.9 1
v 0.3 3.9 0.9
v 0.3 3.9 0
v 0.3 3.9 -0.0999999
v 0.3 3.9 -0.3
v 0.3 3.9 -0.5
v 0.3 4 1
v 0.3 4 0.9
v 0.3 4 -0.0999999
v 0.3 4 -0.3
v 0.4 1.1 1.9
v 0.4 1.1 1.8
v 0.4 1.2 1.9
v 0.4 1.2 1.8
v 0.4 1.2 1.7
v 0.4 1.2 -1.6
v 0.4 1.2 -1.8
v 0.4 1.3 1.8
v 0.4 1.3 1.7
v 0.4 1.3 -1.5
v 0.4 1.3 -1.6
v 0.4 1.3 -1.8
v 0.4 1.3 -1.9
v 0.4 1.5 -1.5
v 0.4 1.5 -1.6
v 0.4 1.5 -1.8
v 0.4 1.5 -1.9
v 0.4 1.6 -1.6
v 0.4 1.6 -1.8
v 0.4 1.8 1.9
v 0.4 1.8 1.8
v 0.4 1.9 1.9
v 0.4 1.9 1.8
v 0.4 2.2 0
v 0.4 2.2 -0.4
v 0.4 2.2 -0.5
v 0.4 2.3 0
v 0.4 2.3 -0.5
v 0.4 2.3 -0.6
v 0.4 2.4 -0.5
v 0.4 2.4 -0.6
v 0.4 3.8 -0.5
v 0.4 3.8 -0.6
v 0.4 3.9 -0.3
v 0.4 3.9 -0.4
v 0.4 3.9 -0.5
v 0.4 3.9 -0.6
v 0.4 4 -0.3
v 0.4 4 -0.4
v 0.5 1.1 1.8
v 0.5 1.1 1.7
v 0.5 1.1 -1.5
v 0.5 1.1 -1.8
v 0.5 1.1 -1.9
v 0.5 1.2 1.8
v 0.5 1.2 1.7
v 0.5 1.2 -1.4
v 0.5 1.2 -1.5
v 0.5 1.2 -1.6
v 0.5 1.2 -1.8
v 0.5 1.3 -1.5
v 0.5 1.3 -1.6
v 0.5 1.3 -1.8
v 0.5 1.3 -1.9
v 0.5 1.5 -1.5
v 0.5 1.5 -1.6
v 0.5 1.5 -1.8
v 0.5 1.5 -1.9
v 0.5 1.6 -1.4
v 0.5 1.6 -1.5
v 0.5 1.6 -1.6
v 0.5 1.6 -1.8
v 0.5 1.7 -1.5
v 0.5 1.7 -1.8
v 0.5 1.7 -1.9
v 0.5 1.8 1.8
v 0.5 1.8 1.7
v 0.5 1.9 1.8
v 0.5 1.9 1.7
v 0.5 3.5 1.6
v 0.5 3.5 1.5
v 0.5 3.6 1.6
v 0.5 3.6 1.5
v 0.5 3.6 1.4
v 0.5 3.7 1.5
v 0.5 3.7 1.4
v 0.5 3.7 -0.6
v 0.5 3.7 -0.7
v 0.5 3.8 -0.6
v 0.5 3.8 -0.7
v 0.5 3.9 -0.4
v 0.5 3.9 -0.5
v 0.5 4 -0.4
v 0.5 4 -0.5
v 0.6 1 -1.6
v 0.6 1 -1.8
v 0.6 1.1 -1.4
v 0.6 1.1 -1.5
v 0.6 1.1 -1.6
v 0.6 1.1 -1.8
v 0.6 1.2 -1.1
v 0.6 1.2 -1.4
v 0.6 1.2 -1.5
v 0.6 1.3 -1
v 0.6 1.3 -1.1
v 0.6 1.5 -1
v 0.6 1.5 -1.1
v 0.6 1.6 -1.1
v 0.6 1.6 -1.4
v 0.6 1.6 -1.5
v 0.6 1.7 -1.4
v 0.6 1.7 -1.5
v 0.6 1.7 -1.6
v 0.6 1.7 -1.8
v 0.6 1.8 -1.6
v 0.6 1.8 -1.8
v 0.6 2 -0.2
v 0.6 2 -0.3
v 0.6 2.1 -0.2
v 0.6 2.1 -0.3
v 0.6 3.9 -0.5
v 0.6 3.9 -0.6
v 0.6 4 -0.5
v 0.6 4 -0.6
v 0.7 1 -1.5
v 0.7 1 -1.6
v 0.7 1.1 -1
v 0.7 1.1 -1.4
v 0.7 1.1 -1.5
v 0.7 1.1 -1.6
v 0.7 1.2 -0.9
v 0.7 1.2 -1
v 0.7 1.2 -1.1
v 0.7 1.2 -1.4
v 0.7 1.3 -1
v 0.7 1.3 -1.1
v 0.7 1.4 -0.7
v 0.7 1.4 -0.9
v 0.7 1.5 -0.6
v 0.7 1.5 -0.7
v 0.7 1.5 -1
v 0.7 1.5 -1.1
v 0.7 1.6 -1.1
v 0.7 1.6 -1.4
v 0.7 1.7 -0.6
v 0.7 1.7 -0.7
v 0.7 1.7 -0.9
v 0.7 1.7 -1.4
v 0.7 1.7 -1.5
v 0.7 1.7 -1.6
v 0.7 1.7 -1.8
v 0.7 1.7 -1.9
v 0.7 1.8 -0.7
v 0.7 1.8 -0.9
v 0.7 1.8 -1.5
v 0.7 1.8 -1.6
v 0.7 1.8 -1.8
v 0.7 1.8 -1.9
v 0.7 3.6 -0.7
v 0.7 3.6 -0.8
v 0.7 3.8 -0.6
v 0.7 3.8 -0.7
v 0.7 3.8 -0.8
v 0.7 3.9 1.4
v 0.7 3.9 1.3
v 0.7 4 1.4
v 0.7 4 1.3
v 0.7 4 -0.6
v 0.7 4 -0.7
v 0.8 1 -1.1
v 0.8 1 -1.4
v 0.8 1.1 -0.9
v 0.8 1.1 -1
v 0.8 1.1 -1.1
v 0.8 1.1 -1.4
v 0.8 1.2 -0.9
v 0.8 1.2 -1
v 0.8 1.3 -0.6
v 0.8 1.3 -0.9
v 0.8 1.4 -0.5
v 0.8 1.4 -0.6
v 0.8 1.4 -0.7
v 0.8 1.4 -0.9
v 0.8 1.5 -0.6
v 0.8 1.5 -0.7
v 0.8 1.7 -0.6
v 0.8 1.7 -0.7
v 0.8 1.7 -0.9
v 0.8 1.7 -1.4
v 0.8 1.8 -0.5
v 0.8 1.8 -0.6
v 0.8 1.8 -0.7
v 0.8 1.8 -0.9
v 0.8 1.8 -1
v 0.8 1.8 -1.4
v 0.8 1.9 -0.6
v 0.8 1.9 -0.7
v 0.8 1.9 -1
v 0.8 2.6 -0.5
v 0.8 2.6 -0.6
v 0.8 2.7 -0.5
v 0.8 2.7 -0.6
v 0.8 2.8 1.6
v 0.8 2.8 1.5
v 0.8 2.9 -0.7
v 0.8 2.9 -0.8
v 0.8 3 -0.7
v 0.8 3 -0.8
v 0.8 3.1 1.6
v 0.8 3.1 1.5
v 0.8 3.2 1.6
v 0.8 3.2 1.5
v 0.8 3.3 1.6
v 0.8 3.3 1.5
v 0.8 3.4 -0.8
v 0.8 3.4 -0.9
v 0.8 3.6 1.6
v 0.8 3.6 1.5
v 0.8 3.7 1.5
v 0.8 3.7 1.4
v 0.8 3.8 -0.7
v 0.8 3.8 -0.8
v 0.8 3.8 -0.9
v 0.8 4 1.6
v 0.8 4 1.4
v 0.8 4 -0.7
v 0.8 4 -0.8
v 0.9 1 -1
v 0.9 1 -1.1
v 0.9 1 -1.4
v 0.9 1 -1.5
v 0.9 1.1 -1
v 0.9 1.1 -1.1
v 0.9 1.1 -1.4
v 0.9 1.1 -1.5
v 0.9 1.2 -0.7
v 0.9 1.2 -0.9
v 0.9 1.3 -0.5
v 0.9 1.3 -0.6
v 0.9 1.3 -0.7
v 0.9 1.3 -0.9
v 0.9 1.4 -0.5
v 0.9 1.4 -0.6
v 0.9 1.5 -0.4
v 0.9 1.5 -0.5
v 0.9 1.7 -0.4
v 0.9 1.7 -0.5
v 0.9 1.7 -1.4
v 0.9 1.7 -1.5
v 0.9 1.8 -0.5
v 0.9 1.8 -0.6
v 0.9 1.8 -1
v 0.9 1.8 -1.1
v 0.9 1.8 -1.4
v 0.9 1.8 -1.5
v 0.9 1.9 -0.5
v 0.9 1.9 -0.6
v 0.9 1.9 -0.7
v 0.9 1.9 -0.9
v 0.9 1.9 -1
v 0.9 1.9 -1.1
v 0.9 2 -0.7
v 0.9 2 -0.9
v 0.9 2.5 1.1
v 0.9 2.5 1
v 0.9 2.6 1.2
v 0.9 2.6 1.1
v 0.9 2.6 1
v 0.9 2.7 1.2
v 0.9 2.7 1.1
v 0.9 2.7 -0.6
v 0.9 2.7 -0.7
v 0.9 2.8 -0.6
v 0.9 2.8 -0.7
v 0.9 3.1 1.6
v 0.9 3.1 1.5
v 0.9 3.2 1.7
v 0.9 3.2 1.6
v 0.9 3.2 1.5
v 0.9 3.3 -0.8
v 0.9 3.3 -0.9
v 0.9 3.4 -0.8
v 0.9 3.4 -0.9
v 0.9 3.4 -1
v 0.9 3.8 -0.8
v 0.9 3.8 -0.9
v 0.9 3.8 -1
v 0.9 4 1.7
v 0.9 4 1.6
v 0.9 4 -0.8
v 0.9 4 -0.9
v 1 1.1 -0.8
v 1 1.1 -0.9
v 1 1.2 -0.6
v 1 1.2 -0.7
v 1 1.2 -0.8
v 1 1.2 -0.9
v 1 1.3 -0.6
v 1 1.3 -0.7
v 1 1.4 -0.4
v 1 1.4 -0.5
v 1 1.5 -0.4
v 1 1.5 -0.5
v 1 1.7 -0.4
v 1 1.7 -0.5
v 1 1.8 -0.4
v 1 1.8 -0.5
v 1 1.8 -1.1
v 1 1.8 -1.4
v 1 1.9 -0.6
v 1 1.9 -0.7
v 1 1.9 -0.9
v 1 1.9 -1
v 1 1.9 -1.1
v 1 1.9 -1.4
v 1 2 -0.6
v 1 2 -0.7
v 1 2 -0.9
v 1 2 -1
v 1 2.4 1.1
v 1 2.4 0.9
v 1 2.5 1.2
v 1 2.5 1.1
v 1 2.5 0.9
v 1 2.6 1.2
v 1 2.6 1.1
v 1 2.8 -0.7
v 1 2.8 -0.8
v 1 2.9 -0.7
v 1 2.9 -0.8
v 1 3.3 -0.9
v 1 3.3 -1
v 1 3.4 -0.9
v 1 3.4 -1
v 1 3.5 -1
v 1 3.5 -1.1
v 1 3.7 -1
v 1 3.7 -1.1
v 1 3.8 -0.9
v 1 3.8 -1
v 1 4 -0.9
v 1 4 -1
v 1.1 1.1 -0.7
v 1.1 1.1 -0.8
v 1.1 1.2 -0.7
v 1.1 1.2 -0.8
v 1.1 1.5 0
v 1.1 1.5 -0.3
v 1.1 1.6 0.0999999
v 1.1 1.6 0
v 1.1 1.6 -0.3
v 1.1 1.6 -0.4
v 1.1 1.8 0.0999999
v 1.1 1.8 0
v 1.1 1.8 -0.4
v 1.1 1.8 -1.4
v 1.1 1.8 -1.5
v 1.1 1.9 0
v 1.1 1.9 -0.0999999
v 1.1 1.9 -0.3
v 1.1 1.9 -0.4
v 1.1 1.9 -1
v 1.1 1.9 -1.3
v 1.1 1.9 -1.4
v 1.1 1.9 -1.5
v 1.1 2 -0.0999999
v 1.1 2 -0.3
v 1.1 2 -1
v 1.1 2 -1.3
v 1.1 2.4 0.7
v 1.1 2.4 0.6
v 1.1 2.5 0.7
v 1.1 2.5 0.6
v 1.1 3.2 -0.8
v 1.1 3.2 -0.9
v 1.1 3.3 -0.8
v 1.1 3.3 -0.9
v 1.1 3.4 -1
v 1.1 3.4 -1.1
v 1.1 3.5 -1
v 1.1 3.5 -1.1
v 1.1 3.7 -1
v 1.1 3.7 -1.1
v 1.1 3.8 -1
v 1.1 3.8 -1.1
v 1.1 3.9 -1
v 1.1 3.9 -1.1
v 1.1 4 -1
v 1.1 4 -1.1
v 1.2 1 -1.4
v 1.2 1 -1.5
v 1.2 1.1 -1.4
v 1.2 1.1 -1.5
v 1.2 1.4 0.0999999
v 1.2 1.4 -0.4
v 1.2 1.5 0.2
v 1.2 1.5 0.0999999
v 1.2 1.5 0
v 1.2 1.5 -0.3
v 1.2 1.5 -0.4
v 1.2 1.6 0.0999999
v 1.2 1.6 0
v 1.2 1.6 -0.3
v 1.2 1.6 -0.4
v 1.2 1.7 -1.5
v 1.2 1.7 -1.6
v 1.2 1.8 0.0999999
v 1.2 1.8 0
v 1.2 1.8 -0.4
v 1.2 1.8 -0.5
v 1.2 1.8 -1.5
v 1.2 1.8 -1.6
v 1.2 1.9 0.2
v 1.2 1.9 0.0999999
v 1.2 1.9 0
v 1.2 1.9 -0.0999999
v 1.2 1.9 -0.3
v 1.2 1.9 -0.4
v 1.2 1.9 -0.5
v 1.2 1.9 -0.6
v 1.2 1.9 -1.3
v 1.2 1.9 -1.4
v 1.2 2 0.0999999
v 1.2 2 0
v 1.2 2 -0.0999999
v 1.2 2 -0.3
v 1.2 2 -0.4
v 1.2 2 -0.5
v 1.2 2 -0.6
v 1.2 2 -1
v 1.2 2 -1.2
v 1.2 2 -1.3
v 1.2 2 -1.4
v 1.2 2.1 0
v 1.2 2.1 -0.4
v 1.2 2.1 -1
v 1.2 2.1 -1.2
v 1.2 3.7 1.9
v 1.2 3.7 1.8
v 1.2 3.8 1.9
v 1.2 3.8 1.8
v 1.2 3.8 -1
v 1.2 3.8 -1.1
v 1.2 3.9 -1
v 1.2 3.9 -1.1
v 1.3 0.9 -1.2
v 1.3 0.9 -1.4
v 1.3 1 -1
v 1.3 1 -1.1
v 1.3 1 -1.2
v 1.3 1 -1.4
v 1.3 1 -1.5
v 1.3 1 -1.6
v 1.3 1.1 -1
v 1.3 1.1 -1.1
v 1.3 1.1 -1.5
v 1.3 1.1 -1.6
v 1.3 1.2 -1.6
v 1.3 1.2 -1.7
v 1.3 1.3 0.0999999
v 1.3 1.3 -0.4
v 1.3 1.4 0.2
v 1.3 1.4 0.0999999
v 1.3 1.4 -0.4
v 1.3 1.4 -0.5
v 1.3 1.4 -1.6
v 1.3 1.4 -1.7
v 1.3 1.5 0.2
v 1.3 1.5 0.0999999
v 1.3 1.5 -0.4
v 1.3 1.5 -0.5
v 1.3 1.6 0.3
v 1.3 1.6 0.2
v 1.3 1.8 0.3
v 1.3 1.8 0.2
v 1.3 1.9 0.2
v 1.3 1.9 0.0999999
v 1.3 2 0.2
v 1.3 2 0.0999999
v 1.3 2 0
v 1.3 2 -0.4
v 1.3 2 -0.8
v 1.3 2 -0.9
v 1.3 2 -1
v 1.3 2 -1.2
v 1.3 2 -1.3
v 1.3 2.1 0.0999999
v 1.3 2.1 0
v 1.3 2.1 -0.0999999
v 1.3 2.1 -0.4
v 1.3 2.1 -0.5
v 1.3 2.1 -0.8
v 1.3 2.1 -0.9
v 1.3 2.1 -1
v 1.3 2.1 -1.2
v 1.3 2.1 -1.3
v 1.3 2.2 -0.0999999
v 1.3 2.2 -0.5
v 1.3 2.9 -0.2
v 1.3 2.9 -0.3
v 1.3 2.9 -0.4
v 1.3 2.9 -0.5
v 1.3 3 1.6
v 1.3 3 1.5
v 1.3 3 -0.3
v 1.3 3 -0.4
v 1.3 3.1 1.9
v 1.3 3.1 1.8
v 1.3 3.1 1.6
v 1.3 3.1 1.5
v 1.3 3.1 -0.2
v 1.3 3.1 -0.3
v 1.3 3.1 -0.4
v 1.3 3.1 -0.5
v 1.3 3.4 1.8
v 1.3 3.4 1.7
v 1.3 3.7 1.9
v 1.3 3.7 1.8
v 1.3 3.7 -1.8
v 1.3 3.7 -1.9
v 1.3 3.8 -1.8
v 1.3 3.8 -1.9
v 1.3 4 1.8
v 1.3 4 1.7
v 1.4 0.9 -1.1
v 1.4 0.9 -1.2
v 1.4 0.9 -1.4
v 1.4 0.9 -1.5
v 1.4 1 -1.1
v 1.4 1 -1.2
v 1.4 1 -1.4
v 1.4 1 -1.5
v 1.4 1.1 -1.6
v 1.4 1.1 -1.7
v 1.4 1.2 0
v 1.4 1.2 -0.3
v 1.4 1.2 -1.6
v 1.4 1.2 -1.7
v 1.4 1.3 0.2
v 1.4 1.3 0.0999999
v 1.4 1.3 0
v 1.4 1.3 -0.3
v 1.4 1.3 -0.4
v 1.4 1.3 -0.6
v 1.4 1.4 0.2
v 1.4 1.4 0.0999999
v 1.4 1.4 -0.4
v 1.4 1.4 -0.6
v 1.4 1.4 -1.6
v 1.4 1.4 -1.7
v 1.4 1.5 0.3
v 1.4 1.5 0.2
v 1.4 1.5 -1.6
v 1.4 1.5 -1.7
v 1.4 1.6 0.3
v 1.4 1.6 0.2
v 1.4 1.8 0.3
v 1.4 1.8 0.2
v 1.4 2 0.3
v 1.4 2 0.2
v 1.4 2 0.0999999
v 1.4 2 -0.8
v 1.4 2 -0.9
v 1.4 2.1 0.2
v 1.4 2.1 0.0999999
v 1.4 2.1 0
v 1.4 2.1 -0.0999999
v 1.4 2.1 -0.5
v 1.4 2.1 -0.6
v 1.4 2.1 -0.8
v 1.4 2.1 -0.9
v 1.4 2.2 0
v 1.4 2.2 -0.0999999
v 1.4 2.2 -0.2
v 1.4 2.2 -0.4
v 1.4 2.2 -0.5
v 1.4 2.2 -0.6
v 1.4 2.3 -0.2
v 1.4 2.3 -0.4
v 1.4 2.5 1.9
v 1.4 2.5 1.8
v 1.4 2.9 1.6
v 1.4 2.9 1.2
v 1.4 2.9 -0.3
v 1.4 2.9 -0.4
v 1.4 3 1.7
v 1.4 3 1.6
v 1.4 3 1.2
v 1.4 3 -0.3
v 1.4 3 -0.4
v 1.4 3.1 1.9
v 1.4 3.1 1.8
v 1.4 3.1 -1.8
v 1.4 3.1 -1.9
v 1.4 3.3 1.8
v 1.4 3.3 1.7
v 1.4 3.4 1.8
v 1.4 3.4 1.6
v 1.4 3.7 -1.8
v 1.4 3.7 -1.9
v 1.5 1.1 -1.8
v 1.5 1.1 -1.9
v 1.5 1.2 0.0999999
v 1.5 1.2 0
v 1.5 1.2 -0.3
v 1.5 1.2 -0.4
v 1.5 1.2 -1.8
v 1.5 1.2 -1.9
v 1.5 1.3 0.0999999
v 1.5 1.3 0
v 1.5 1.3 -0.3
v 1.5 1.3 -0.4
v 1.5 1.4 0.3
v 1.5 1.4 0.2
v 1.5 1.5 0.3
v 1.5 1.5 0.2
v 1.5 1.7 0.4
v 1.5 1.7 0.3
v 1.5 2 0.3
v 1.5 2 0.2
v 1.5 2.1 0.4
v 1.5 2.1 0.3
v 1.5 2.1 0.2
v 1.5 2.1 0
v 1.5 2.2 0.3
v 1.5 2.2 0
v 1.5 2.2 -0.0999999
v 1.5 2.2 -0.2
v 1.5 2.2 -0.4
v 1.5 2.2 -0.5
v 1.5 2.3 -0.0999999
v 1.5 2.3 -0.2
v 1.5 2.3 -0.4
v 1.5 2.3 -0.5
v 1.5 2.4 1.9
v 1.5 2.4 1.8
v 1.5 2.4 -1.8
v 1.5 2.4 -1.9
v 1.5 2.5 1.9
v 1.5 2.5 1.8
v 1.5 3.1 -1.8
v 1.5 3.1 -1.9
v 1.5 3.2 1.8
v 1.5 3.2 1.7
v 1.5 3.3 1.8
v 1.5 3.3 1.7
v 1.5 3.7 -1
v 1.5 3.7 -1.1
v 1.5 3.8 -1
v 1.5 3.8 -1.1
v 1.6 0.9 1.9
v 1.6 0.9 1.8
v 1.6 1.2 -1.8
v 1.6 1.2 -1.9
v 1.6 1.6 0.4
v 1.6 1.6 0.3
v 1.6 1.7 0.4
v 1.6 1.7 0.3
v 1.6 1.8 0.5
v 1.6 1.8 0.4
v 1.6 1.9 0.8
v 1.6 1.9 0.6
v 1.6 2 0.9
v 1.6 2 0.8
v 1.6 2 0.6
v 1.6 2 0.5
v 1.6 2 0.4
v 1.6 2.1 0.4
v 1.6 2.1 0.3
v 1.6 2.2 0.9
v 1.6 2.2 0.8
v 1.6 2.2 0.6
v 1.6 2.2 0.5
v 1.6 2.2 0.4
v 1.6 2.2 0.3
v 1.6 2.2 0.2
v 1.6 2.2 0
v 1.6 2.3 0.8
v 1.6 2.3 0.6
v 1.6 2.3 0.2
v 1.6 2.3 0
v 1.6 2.4 1.9
v 1.6 2.4 1.8
v 1.6 2.4 1.7
v 1.6 2.4 -1.7
v 1.6 2.4 -1.8
v 1.6 2.4 -1.9
v 1.6 3 1.7
v 1.6 3.2 1.8
v 1.6 3.2 1.7
v 1.6 3.9 -1.1
v 1.6 3.9 -1.3
v 1.6 3.9 -1.7
v 1.6 4 -1.1
v 1.6 4 -1.8
v 1.7 1 -2
v 1.7 1 -2.1
v 1.7 1.2 -0.4
v 1.7 1.2 -0.8
v 1.7 1.2 -2
v 1.7 1.2 -2.1
v 1.7 1.3 0.3
v 1.7 1.3 0.2
v 1.7 1.3 -0.4
v 1.7 1.3 -0.8
v 1.7 1.4 0.3
v 1.7 1.4 0.2
v 1.7 1.5 0.4
v 1.7 1.5 0.3
v 1.7 1.6 0.4
v 1.7 1.6 0.3
v 1.7 1.7 0.5
v 1.7 1.7 0.4
v 1.7 1.8 0.9
v 1.7 1.8 0.5
v 1.7 1.8 0.4
v 1.7 1.9 1
v 1.7 1.9 0.9
v 1.7 1.9 0.8
v 1.7 1.9 0.6
v 1.7 2 0.9
v 1.7 2 0.8
v 1.7 2 0.6
v 1.7 2 0.5
v 1.7 2 0.4
v 1.7 2.2 1.1
v 1.7 2.2 1
v 1.7 2.2 0.9
v 1.7 2.2 0.8
v 1.7 2.2 0.6
v 1.7 2.2 0.5
v 1.7 2.2 0.4
v 1.7 2.2 0.3
v 1.7 2.2 0.2
v 1.7 2.2 0
v 1.7 2.2 -0.0999999
v 1.7 2.3 1.2
v 1.7 2.3 1.1
v 1.7 2.3 0.8
v 1.7 2.3 0.6
v 1.7 2.3 0.5
v 1.7 2.3 0.4
v 1.7 2.3 0.3
v 1.7 2.3 0.2
v 1.7 2.3 0
v 1.7 2.3 -0.0999999
v 1.7 2.4 0.6
v 1.7 2.4 0.5
v 1.7 2.5 1.7
v 1.7 2.5 1.6
v 1.7 2.5 1.2
v 1.7 2.5 1.1
v 1.7 2.6 1.1
v 1.7 2.6 1
v 1.7 2.6 0.7
v 1.7 2.6 0.6
v 1.7 2.7 1
v 1.7 2.7 0.7
v 1.7 3 1.7
v 1.7 3 1.6
v 1.8 1 -1.9
v 1.8 1 -2
v 1.8 1.1 -0.5
v 1.8 1.1 -0.7
v 1.8 1.2 2.1
v 1.8 1.2 2
v 1.8 1.2 0.2
v 1.8 1.2 0.0999999
v 1.8 1.2 -0.3
v 1.8 1.2 -0.4
v 1.8 1.2 -0.5
v 1.8 1.2 -0.7
v 1.8 1.2 -0.8
v 1.8 1.2 -0.9
v 1.8 1.2 -1.9
v 1.8 1.2 -2
v 1.8 1.2 -2.1
v 1.8 1.3 0.2
v 1.8 1.3 0.0999999
v 1.8 1.3 -0.3
v 1.8 1.3 -0.4
v 1.8 1.3 -0.8
v 1.8 1.3 -0.9
v 1.8 1.3 -2
v 1.8 1.3 -2.1
v 1.8 1.4 2.1
v 1.8 1.4 2
v 1.8 1.4 0.4
v 1.8 1.4 0.3
v 1.8 1.5 0.4
v 1.8 1.5 0.3
v 1.8 1.6 0.5
v 1.8 1.6 0.4
v 1.8 1.7 0.8
v 1.8 1.7 0.5
v 1.8 1.7 0.4
v 1.8 1.8 1
v 1.8 1.8 0.9
v 1.8 1.8 0.8
v 1.8 1.8 0.5
v 1.8 1.9 1
v 1.8 1.9 0.9
v 1.8 2 1.1
v 1.8 2 1
v 1.8 2.1 1.2
v 1.8 2.1 1.1
v 1.8 2.2 1.3
v 1.8 2.2 1.2
v 1.8 2.2 1.1
v 1.8 2.2 1
v 1.8 2.2 -0.0999999
v 1.8 2.2 -0.2
v 1.8 2.3 1.2
v 1.8 2.3 1.1
v 1.8 2.3 0.5
v 1.8 2.3 0.4
v 1.8 2.3 -0.0999999
v 1.8 2.3 -0.2
v 1.8 2.4 0.6
v 1.8 2.4 0.5
v 1.8 2.4 0.4
v 1.8 2.5 1.3
v 1.8 2.5 1.2
v 1.8 2.5 1.1
v 1.8 2.5 0.5
v 1.8 2.6 1.6
v 1.8 2.6 1.5
v 1.8 2.6 1.3
v 1.8 2.6 1.2
v 1.8 2.6 1.1
v 1.8 2.6 1
v 1.8 2.6 0.7
v 1.8 2.6 0.6
v 1.8 2.6 -1.6
v 1.8 2.6 -1.7
v 1.8 2.7 1.5
v 1.8 2.7 1.4
v 1.8 2.7 1.2
v 1.8 2.7 1.1
v 1.8 2.7 1
v 1.8 2.7 0.7
v 1.8 2.7 0.6
v 1.8 2.7 0.5
v 1.8 2.7 -1.5
v 1.8 2.7 -1.6
v 1.8 2.8 1.4
v 1.8 2.8 1.3
v 1.8 2.8 1.1
v 1.8 2.8 0.6
v 1.8 2.8 -1.4
v 1.8 2.8 -1.5
v 1.8 2.9 1.3
v 1.8 2.9 0.9
v 1.8 2.9 0.4
v 1.8 2.9 0
v 1.8 2.9 -0.0999999
v 1.8 2.9 -0.5
v 1.8 2.9 -0.6
v 1.8 2.9 -1.2
v 1.8 2.9 -1.4
v 1.8 3 1.6
v 1.8 3 0.9
v 1.8 3 0.0999999
v 1.8 3 0
v 1.8 3 -0.0999999
v 1.8 3 -0.5
v 1.8 3 -0.6
v 1.8 3 -0.7
v 1.8 3 -0.9
v 1.8 3 -1
v 1.8 3 -1.2
v 1.8 3 -1.3
v 1.8 3.1 0.2
v 1.8 3.1 0.0999999
v 1.8 3.1 0
v 1.8 3.1 -0.0999999
v 1.8 3.1 -0.2
v 1.8 3.1 -0.7
v 1.8 3.1 -0.9
v 1.8 3.1 -1
v 1.8 3.1 -1.3
v 1.8 3.1 -1.4
v 1.8 3.2 0.4
v 1.8 3.2 0.2
v 1.8 3.2 0.0999999
v 1.8 3.2 0
v 1.8 3.2 -0.0999999
v 1.8 3.2 -0.2
v 1.8 3.2 -0.3
v 1.8 3.2 -0.5
v 1.8 3.2 -0.6
v 1.8 3.2 -0.9
v 1.8 3.2 -1
v 1.8 3.2 -1.1
v 1.8 3.2 -1.2
v 1.8 3.3 0.2
v 1.8 3.3 0
v 1.8 3.3 -0.0999999
v 1.8 3.3 -0.3
v 1.8 3.3 -0.5
v 1.8 3.3 -0.7
v 1.8 3.3 -1.1
v 1.8 3.3 -1.2
v 1.8 3.4 -0.7
v 1.8 3.4 -0.8
v 1.8 3.4 -1.2
v 1.8 3.4 -1.3
v 1.8 3.5 -0.8
v 1.8 3.5 -0.9
v 1.8 3.6 -0.9
v 1.8 3.6 -1
v 1.8 3.7 -1.2
v 1.8 3.7 -1.3
v 1.8 3.7 -1.4
v 1.8 3.8 -1
v 1.8 3.8 -1.1
v 1.8 3.8 -1.3
v 1.8 3.8 -1.4
v 1.8 3.9 -1.1
v 1.8 3.9 -1.3
v 1.8 3.9 -1.7
v 1.9 1.1 -0.4
v 1.9 1.1 -0.5
v 1.9 1.1 -0.7
v 1.9 1.1 -0.8
v 1.9 1.2 2
v 1.9 1.2 1.9
v 1.9 1.2 -0.4
v 1.9 1.2 -0.5
v 1.9 1.2 -0.7
v 1.9 1.2 -0.8
v 1.9 1.3 -0.9
v 1.9 1.3 -1
v 1.9 1.4 2.1
v 1.9 1.4 2
v 1.9 1.4 1.9
v 1.9 1.4 -0.9
v 1.9 1.4 -1
v 1.9 1.5 2.1
v 1.9 1.5 2
v 1.9 1.6 0.6
v 1.9 1.6 0.5
v 1.9 1.7 0.9
v 1.9 1.7 0.8
v 1.9 1.7 0.6
v 1.9 1.7 0.5
v 1.9 1.8 0.9
v 1.9 1.8 0.8
v 1.9 1.9 1.1
v 1.9 1.9 1
v 1.9 2 1.3
v 1.9 2 1.1
v 1.9 2 1
v 1.9 2.1 1.4
v 1.9 2.1 1.3
v 1.9 2.1 1.2
v 1.9 2.1 1.1
v 1.9 2.2 1.3
v 1.9 2.2 1.2
v 1.9 2.2 0.4
v 1.9 2.2 0.3
v 1.9 2.2 -0.3
v 1.9 2.2 -0.4
v 1.9 2.3 0.4
v 1.9 2.3 0.3
v 1.9 2.3 -0.3
v 1.9 2.3 -0.4
v 1.9 2.4 0.5
v 1.9 2.4 0.4
v 1.9 2.5 1.4
v 1.9 2.5 1.3
v 1.9 2.5 0.5
v 1.9 2.5 0.4
v 1.9 2.6 1.3
v 1.9 2.6 1.2
v 1.9 2.7 1.3
v 1.9 2.7 1.2
v 1.9 2.7 1.1
v 1.9 2.7 0.6
v 1.9 2.7 0.5
v 1.9 2.8 1.2
v 1.9 2.8 1.1
v 1.9 2.8 1
v 1.9 2.8 0.6
v 1.9 2.8 0.5
v 1.9 2.8 0.4
v 1.9 2.9 1
v 1.9 2.9 0.5
v 2 1.2 -1.9
v 2 1.2 -2
v 2 1.3 -1.9
v 2 1.3 -2
v 2 1.3 -2.1
v 2 1.4 2
v 2 1.4 1.9
v 2 1.4 -2
v 2 1.4 -2.1
v 2 1.5 2.1
v 2 1.5 2
v 2 1.5 1.9
v 2 1.5 0.5
v 2 1.5 0.4
v 2 1.6 2.1
v 2 1.6 2
v 2 1.6 0.5
v 2 1.6 0.4
v 2 1.9 1.2
v 2 1.9 1.1
v 2 2 1.4
v 2 2 1.3
v 2 2 1.2
v 2 2 1.1
v 2 2.1 1.5
v 2 2.1 1.4
v 2 2.1 1.3
v 2 2.5 1.5
v 2 2.5 1.4
v 2 2.5 1.3
v 2 2.5 0.4
v 2 2.5 0.3
v 2 2.7 1.4
v 2 2.7 1.3
v 2 2.7 1.2
v 2 2.7 0.4
v 2 2.7 0.3
v 2 2.8 1.4
v 2 2.8 1.3
v 2 2.8 1.2
v 2 2.8 1
v 2 2.8 0.5
v 2 2.8 0.4
v 2 2.9 1.3
v 2 2.9 1
v 2 2.9 0.5
v 2 2.9 0.4
v 2.1 1.8 1.1
v 2.1 1.8 1
v 2.1 1.9 1.3
v 2.1 1.9 1.2
v 2.1 1.9 1.1
v 2.1 1.9 1
v 2.1 2 1.5
v 2.1 2 1.4
v 2.1 2 1.3
v 2.1 2 1.2
v 2.1 2.1 1.5
v 2.1 2.1 1.4
v 2.1 2.2 1.6
v 2.1 2.2 1.5
v 2.1 2.4 1.7
v 2.1 2.4 1.6
v 2.1 2.4 0.4
v 2.1 2.4 0.3
v 2.1 2.5 1.7
v 2.1 2.5 1.6
v 2.1 2.5 1.5
v 2.1 2.5 1.4
v 2.1 2.5 0.4
v 2.1 2.5 0.3
v 2.1 2.6 1.6
v 2.1 2.6 1.5
v 2.1 2.7 1.5
v 2.1 2.7 1.4
v 2.1 2.7 0.4
v 2.1 2.7 0.3
v 2.1 2.8 0.4
v 2.1 2.8 0.3
v 2.2 1.5 2
v 2.2 1.5 1.9
v 2.2 1.6 2.1
v 2.2 1.6 2
v 2.2 1.6 1.9
v 2.2 1.7 2.1
v 2.2 1.7 2
v 2.2 1.8 1.2
v 2.2 1.8 1.1
v 2.2 1.9 1.4
v 2.2 1.9 1.3
v 2.2 1.9 1.2
v 2.2 1.9 1.1
v 2.2 2 1.4
v 2.2 2 1.3
v 2.2 2.1 1.6
v 2.2 2.1 1.5
v 2.2 2.2 1.7
v 2.2 2.2 1.6
v 2.2 2.2 1.5
v 2.2 2.3 1.8
v 2.2 2.3 1.7
v 2.2 2.3 0.4
v 2.2 2.3 0.3
v 2.2 2.4 1.8
v 2.2 2.4 1.6
v 2.2 2.4 0.4
v 2.2 2.4 0.3
v 2.2 2.8 0.4
v 2.2 2.8 0.3
v 2.2 2.9 0.4
v 2.2 2.9 0.3
v 2.3 1.7 0.8
v 2.3 1.7 0.7
v 2.3 1.8 0.8
v 2.3 1.8 0.7
v 2.3 2.1 1.7
v 2.3 2.1 1.6
v 2.3 2.2 1.8
v 2.3 2.2 1.7
v 2.3 2.2 1.6
v 2.3 2.3 1.8
v 2.3 2.3 1.7
v 2.4 2 1.6
v 2.4 2 1.5
v 2.4 2.1 1.6
v 2.4 2.1 1.5
v 2.5 0.1 -1.8
v 2.5 0.1 -1.9
v 2.5 0.2 -1.8
v 2.5 0.2 -1.9
v 2.5 0.3 -1.9
v 2.5 0.3 -2
v 2.5 0.4 -1.9
v 2.5 0.4 -2
v 2.5 1.1 -1.9
v 2.5 1.1 -2
v 2.5 1.2 -1.9
v 2.5 1.2 -2
v 2.5 1.4 -1.8
v 2.5 1.4 -2.1
v 2.5 1.5 -1.8
v 2.5 1.5 -2.1
v 2.5 2.1 1.8
v 2.5 2.1 1.7
v 2.5 2.2 1.8
v 2.5 2.2 1.7
v 2.6 0.4 -1.9
v 2.6 0.4 -2
v 2.6 0.5 -1.9
v 2.6 0.5 -2
v 2.6 1 -1.9
v 2.6 1 -2
v 2.6 1.1 -1.9
v 2.6 1.1 -2
v 2.6 1.8 1
v 2.6 1.8 0.9
v 2.6 1.9 1
v 2.6 1.9 0.9
v 2.7 0.2 1.9
v 2.7 0.2 1.8
v 2.7 0.2 -1.8
v 2.7 0.2 -1.9
v 2.7 0.3 2
v 2.7 0.3 1.9
v 2.7 0.3 1.8
v 2.7 0.3 -1.8
v 2.7 0.3 -1.9
v 2.7 0.4 2
v 2.7 0.4 1.9
v 2.7 0.5 -1.9
v 2.7 0.5 -2
v 2.7 1 -1.9
v 2.7 1 -2
v 2.7 1.3 2
v 2.7 1.3 1.9
v 2.7 1.3 -1.8
v 2.7 1.3 -2.1
v 2.7 1.4 2
v 2.7 1.4 1.9
v 2.7 1.4 -1.8
v 2.7 1.4 -2.1
v 2.7 1.7 2.1
v 2.7 1.7 1.8
v 2.7 1.8 2.1
v 2.7 1.8 1.8
v 2.7 1.8 1.1
v 2.7 1.8 1
v 2.7 1.9 1.1
v 2.7 1.9 1
v 2.7 2 1.8
v 2.7 2 1.6
v 2.7 2.1 1.8
v 2.7 2.1 1.6
v 2.8 0.3 -1.8
v 2.8 0.3 -1.9
v 2.8 0.4 2
v 2.8 0.4 1.9
v 2.8 0.5 2
v 2.8 0.5 1.9
v 2.8 0.5 -1.8
v 2.8 0.5 -1.9
v 2.8 0.6 1.8
v 2.8 0.6 -1.8
v 2.8 0.7 1.8
v 2.8 0.7 -1.8
v 2.8 1.2 2
v 2.8 1.2 1.9
v 2.8 1.2 -1.8
v 2.8 1.2 -2.1
v 2.8 1.3 2
v 2.8 1.3 1.9
v 2.8 1.3 -1.8
v 2.8 1.3 -2.1
v 2.8 1.9 1.7
v 2.8 1.9 1.2
v 2.8 2 1.7
v 2.8 2 1.2
v 2.8 2.5 0.6
v 2.8 2.5 0.5
v 2.8 2.5 -1.6
v 2.8 2.5 -1.7
v 2.8 2.6 0.6
v 2.8 2.6 0.5
v 2.8 2.6 -1.4
v 2.8 2.6 -1.6
v 2.8 2.6 -1.7
v 2.8 2.7 -1.3
v 2.8 2.7 -1.4
v 2.8 2.7 -1.5
v 2.8 2.7 -1.6
v 2.8 2.8 0.5
v 2.8 2.8 -1.3
v 2.8 2.8 -1.4
v 2.8 2.8 -1.5
v 2.8 2.9 0.5
v 2.8 2.9 -1.4
v 2.9 0.3 1.9
v 2.9 0.3 1.8
v 2.9 0.4 1.9
v 2.9 0.4 1.8
v 2.9 0.5 2
v 2.9 0.5 1.9
v 2.9 0.5 -1.8
v 2.9 0.5 -1.9
v 2.9 0.6 2
v 2.9 0.6 1.9
v 2.9 0.7 1.8
v 2.9 0.7 -1.8
v 2.9 0.8 1.8
v 2.9 0.8 -1.8
v 2.9 1 -1.8
v 2.9 1 -1.9
v 2.9 1 -2.1
v 2.9 1.1 2
v 2.9 1.1 1.9
v 2.9 1.2 2
v 2.9 1.2 1.9
v 2.9 1.2 -1.8
v 2.9 1.2 -2.1
v 2.9 1.6 2.1
v 2.9 1.6 1.8
v 2.9 1.7 2.1
v 2.9 1.7 1.8
v 2.9 1.8 1.5
v 2.9 1.8 1.2
v 2.9 1.9 1.8
v 2.9 1.9 1.7
v 2.9 1.9 1.5
v 2.9 1.9 1.2
v 2.9 2 1.8
v 2.9 2 1.7
v 2.9 2.3 -1.7
v 2.9 2.3 -1.8
v 2.9 2.4 0.6
v 2.9 2.4 0.5
v 2.9 2.4 -1.7
v 2.9 2.4 -1.8
v 2.9 2.5 0.6
v 2.9 2.5 0.5
v 2.9 2.5 -1.4
v 2.9 2.5 -1.6
v 2.9 2.6 -1.3
v 2.9 2.6 -1.4
v 2.9 2.6 -1.6
v 2.9 2.7 0.5
v 2.9 2.7 -1.3
v 2.9 2.7 -1.4
v 2.9 2.8 0.5
v 2.9 2.8 -1.3
v 3 0.4 1.9
v 3 0.4 1.8
v 3 0.5 1.9
v 3 0.5 1.8
v 3 0.6 2
v 3 0.6 1.9
v 3 0.8 1.8
v 3 0.8 -1.8
v 3 0.9 1.8
v 3 0.9 -1.8
v 3 1.1 2
v 3 1.1 1.9
v 3 1.5 2.1
v 3 1.5 1.8
v 3 1.6 2.1
v 3 1.6 1.8
v 3 1.8 1.6
v 3 1.8 1.5
v 3 1.8 1.2
v 3 1.8 1.1
v 3 1.9 1.6
v 3 1.9 1.5
v 3 1.9 1.2
v 3 1.9 1.1
v 3 2.2 -1.7
v 3 2.2 -1.8
v 3 2.3 -1.4
v 3 2.3 -1.7
v 3 2.3 -1.8
v 3 2.4 -1.3
v 3 2.4 -1.4
v 3 2.5 -1.2
v 3 2.5 -1.3
v 3 2.5 -1.4
v 3 2.5 -1.7
v 3 2.6 0.5
v 3 2.6 -1.2
v 3 2.6 -1.3
v 3 2.6 -1.4
v 3 2.7 0.5
v 3 2.7 -1.3
v 3.1 0.5 1.9
v 3.1 0.5 1.8
v 3.1 0.7 1.9
v 3.1 0.7 1.8
v 3.1 0.9 1.8
v 3.1 0.9 -1.8
v 3.1 1.1 1.6
v 3.1 1.1 -1.7
v 3.1 1.2 1.8
v 3.1 1.4 2.1
v 3.1 1.4 1.8
v 3.1 1.5 2.1
v 3.1 1.5 1.8
v 3.1 1.8 1.6
v 3.1 1.9 1.8
v 3.1 1.9 1.6
v 3.1 2.2 -1.3
v 3.1 2.2 -1.7
v 3.1 2.2 -1.8
v 3.1 2.3 -1.2
v 3.1 2.3 -1.3
v 3.1 2.3 -1.4
v 3.1 2.3 -1.7
v 3.1 2.4 -1.1
v 3.1 2.4 -1.2
v 3.1 2.4 -1.3
v 3.1 2.4 -1.4
v 3.1 2.5 0.5
v 3.1 2.5 -1.1
v 3.1 2.5 -1.2
v 3.1 2.5 -1.3
v 3.1 2.6 0.5
v 3.1 2.6 -1.2
v 3.2 0.7 1.9
v 3.2 0.7 1.8
v 3.2 1.1 1.6
v 3.2 1.1 1
v 3.2 1.1 -0.8
v 3.2 1.1 -1.6
v 3.2 1.2 2.1
v 3.2 1.2 1.9
v 3.2 1.2 1.8
v 3.2 1.2 -0.8
v 3.2 1.2 -0.9
v 3.2 1.2 -1.6
v 3.2 1.2 -1.7
v 3.2 1.4 2.1
v 3.2 1.4 1.8
v 3.2 1.7 1
v 3.2 1.7 0.9
v 3.2 1.7 -0.8
v 3.2 1.7 -0.9
v 3.2 1.8 1.6
v 3.2 1.8 1.1
v 3.2 1.9 1.1
v 3.2 1.9 0.9
v 3.2 1.9 0.8
v 3.2 2 0.9
v 3.2 2 0.8
v 3.2 2 -0.7
v 3.2 2 -0.8
v 3.2 2.1 -0.6
v 3.2 2.1 -0.7
v 3.2 2.2 0.7
v 3.2 2.2 0.5
v 3.2 2.2 -0.4
v 3.2 2.2 -0.6
v 3.2 2.2 -1.3
v 3.2 2.2 -1.7
v 3.2 2.3 0.7
v 3.2 2.3 0.6
v 3.2 2.3 0.5
v 3.2 2.3 0.3
v 3.2 2.3 -0.2
v 3.2 2.3 -0.4
v 3.2 2.3 -1.2
v 3.2 2.3 -1.3
v 3.2 2.4 0.3
v 3.2 2.4 -0.2
v 3.2 2.4 -1.1
v 3.2 2.4 -1.2
v 3.2 2.5 0.6
v 3.2 2.5 -1.1
v 3.3 0.5 0.3
v 3.3 0.5 -0.0999999
v 3.3 0.6 0.5
v 3.3 0.6 0.3
v 3.3 0.6 -0.0999999
v 3.3 0.6 -0.2
v 3.3 0.6 -0.4
v 3.3 0.7 0.7
v 3.3 0.7 0.5
v 3.3 0.7 0.3
v 3.3 0.7 -0.0999999
v 3.3 0.7 -0.2
v 3.3 0.7 -0.4
v 3.3 0.7 -0.6
v 3.3 0.8 0.8
v 3.3 0.8 0.7
v 3.3 0.8 0.5
v 3.3 0.8 0.3
v 3.3 0.8 -0.0999999
v 3.3 0.8 -0.2
v 3.3 0.8 -0.4
v 3.3 0.8 -0.6
v 3.3 0.8 -0.7
v 3.3 0.9 0.6
v 3.3 0.9 0.5
v 3.3 0.9 -0.4
v 3.3 0.9 -0.5
v 3.3 1 0.9
v 3.3 1 0.8
v 3.3 1 0.7
v 3.3 1 0.6
v 3.3 1 -0.5
v 3.3 1 -0.6
v 3.3 1 -0.7
v 3.3 1 -0.8
v 3.3 1.1 1
v 3.3 1.1 0.9
v 3.3 1.1 0.8
v 3.3 1.1 0.7
v 3.3 1.1 -1.6
v 3.3 1.1 -1.7
v 3.3 1.2 0.9
v 3.3 1.2 0.8
v 3.3 1.2 0.7
v 3.3 1.2 0.6
v 3.3 1.2 -0.6
v 3.3 1.2 -0.7
v 3.3 1.2 -0.8
v 3.3 1.2 -0.9
v 3.3 1.2 -1.6
v 3.3 1.2 -1.7
v 3.3 1.7 1
v 3.3 1.7 0.9
v 3.3 1.7 0.8
v 3.3 1.7 0.7
v 3.3 1.7 0.6
v 3.3 1.7 -0.6
v 3.3 1.7 -0.7
v 3.3 1.7 -0.8
v 3.3 1.7 -0.9
v 3.3 1.9 0.9
v 3.3 1.9 0.8
v 3.3 1.9 0.7
v 3.3 1.9 0.6
v 3.3 1.9 0.5
v 3.3 1.9 -0.5
v 3.3 1.9 -0.6
v 3.3 1.9 -0.7
v 3.3 2 0.5
v 3.3 2 0.3
v 3.3 2 -0.4
v 3.3 2 -0.5
v 3.3 2 -0.7
v 3.3 2 -0.8
v 3.3 2.1 0.8
v 3.3 2.1 0.7
v 3.3 2.1 0.5
v 3.3 2.1 0.3
v 3.3 2.1 -0.2
v 3.3 2.1 -0.4
v 3.3 2.1 -0.6
v 3.3 2.1 -0.7
v 3.3 2.2 0.7
v 3.3 2.2 0.5
v 3.3 2.2 0.3
v 3.3 2.2 -0.2
v 3.3 2.2 -0.4
v 3.3 2.2 -0.6
v 3.3 2.3 0.5
v 3.3 2.3 0.3
v 3.3 2.3 -0.2
v 3.3 2.3 -0.4
v 3.3 2.4 0.3
v 3.3 2.4 -0.2
v 3.4 0.7 0.3
v 3.4 0.7 -0.0999999
v 3.4 0.8 0.5
v 3.4 0.8 0.3
v 3.4 0.8 -0.0999999
v 3.4 0.8 -0.2
v 3.4 0.8 -0.4
v 3.4 0.9 0.6
v 3.4 0.9 0.5
v 3.4 0.9 0.3
v 3.4 0.9 -0.2
v 3.4 0.9 -0.4
v 3.4 0.9 -0.5
v 3.4 1 0.8
v 3.4 1 0.7
v 3.4 1 0.6
v 3.4 1 0.5
v 3.4 1 0.3
v 3.4 1 -0.2
v 3.4 1 -0.4
v 3.4 1 -0.5
v 3.4 1 -0.6
v 3.4 1.1 0.8
v 3.4 1.1 0.7
v 3.4 1.1 0.5
v 3.4 1.1 0.4
v 3.4 1.1 0.3
v 3.4 1.1 -0.2
v 3.4 1.1 -0.3
v 3.4 1.2 0.7
v 3.4 1.2 0.6
v 3.4 1.2 0.5
v 3.4 1.2 -0.3
v 3.4 1.2 -0.4
v 3.4 1.2 -0.5
v 3.4 1.2 -0.6
v 3.4 1.2 -0.7
v 3.4 1.7 0.7
v 3.4 1.7 0.6
v 3.4 1.7 0.5
v 3.4 1.7 -0.3
v 3.4 1.7 -0.4
v 3.4 1.7 -0.5
v 3.4 1.7 -0.6
v 3.4 1.7 -0.7
v 3.4 1.8 0.5
v 3.4 1.8 0.4
v 3.4 1.8 -0.2
v 3.4 1.8 -0.3
v 3.4 1.9 0.6
v 3.4 1.9 0.5
v 3.4 1.9 0.4
v 3.4 1.9 0.3
v 3.4 1.9 -0.2
v 3.4 1.9 -0.4
v 3.4 1.9 -0.5
v 3.4 1.9 -0.6
v 3.4 2 0.5
v 3.4 2 0.3
v 3.4 2 -0.2
v 3.4 2 -0.4
v 3.4 2 -0.5
v 3.4 2.1 0.3
v 3.4 2.1 -0.2
v 3.4 2.1 -0.4
v 3.4 2.2 0.3
v 3.4 2.2 -0.2
v 3.5 1 0.3
v 3.5 1 -0.2
v 3.5 1.1 0.5
v 3.5 1.1 0.4
v 3.5 1.1 0.3
v 3.5 1.1 -0.2
v 3.5 1.1 -0.3
v 3.5 1.2 0.6
v 3.5 1.2 0.5
v 3.5 1.2 0.4
v 3.5 1.2 -0.3
v 3.5 1.2 -0.4
v 3.5 1.7 0.6
v 3.5 1.7 0.5
v 3.5 1.7 0.4
v 3.5 1.7 -0.3
v 3.5 1.7 -0.4
v 3.5 1.8 0.5
v 3.5 1.8 0.4
v 3.5 1.8 0.3
v 3.5 1.8 -0.2
v 3.5 1.8 -0.3
v 3.5 1.9 0.4
v 3.5 1.9 0.3
v 3.5 1.9 -0.2
v -3.1 1 2.1
v -3.1 1.2 2.1
v -3 1 2.1
v -3 1.2 2.1
v -3 1.3 2.1
v -2.9 1.2 2.1
v -2.9 1.3 2.1
v -2.9 1.4 2.1
v -2.7 1.3 2.1
v -2.7 1.4 2.1
v -2.7 1.5 2.1
v -2.2 1.3 2.1
v -2.2 1.4 2.1
v -2.2 1.5 2.1
v -2 1.2 2.1
v -2 1.3 2.1
v -2 1.4 2.1
v -1.9 1 2.1
v -1.9 1.2 2.1
v -1.9 1.3 2.1
v -1.8 1 2.1
v -1.8 1.2 2.1
v -1.7 2.3 2.1
v -1.7 2.4 2.1
v -1.7 2.6 2.1
v -1.7 2.8 2.1
v -1.6 2.3 2.1
v -1.6 2.4 2.1
v -1.6 2.6 2.1
v -1.6 2.8 2.1
v 1.7 1.2 2.1
v 1.7 1.4 2.1
v 1.8 1.2 2.1
v 1.8 1.4 2.1
v 1.8 1.5 2.1
v 1.9 1.4 2.1
v 1.9 1.5 2.1
v 1.9 1.6 2.1
v 2 1.5 2.1
v 2 1.6 2.1
v 2 1.7 2.1
v 2.2 1.6 2.1
v 2.2 1.7 2.1
v 2.2 1.8 2.1
v 2.7 1.6 2.1
v 2.7 1.7 2.1
v 2.7 1.8 2.1
v 2.9 1.5 2.1
v 2.9 1.6 2.1
v 2.9 1.7 2.1
v 3 1.4 2.1
v 3 1.5 2.1
v 3 1.6 2.1
v 3.1 1.2 2.1
v 3.1 1.4 2.1
v 3.1 1.5 2.1
v 3.2 1.2 2.1
v 3.2 1.4 2.1
v -3 1.1 2
v -3 1.2 2
v -2.9 0.4 2
v -2.9 0.9 2
v -2.9 1.1 2
v -2.9 1.2 2
v -2.9 1.3 2
v -2.8 0.3 2
v -2.8 0.4 2
v -2.8 0.9 2
v -2.8 1 2
v -2.7 0.2 2
v -2.7 0.3 2
v -2.7 1 2
v -2.7 1.1 2
v -2.7 1.2 2
v -2.7 1.3 2
v -2.7 1.4 2
v -2.2 0.2 2
v -2.2 0.3 2
v -2.2 1 2
v -2.2 1.1 2
v -2.2 1.2 2
v -2.2 1.3 2
v -2.2 1.4 2
v -2.1 0.3 2
v -2.1 0.4 2
v -2.1 0.9 2
v -2.1 1 2
v -2 0.4 2
v -2 0.9 2
v -2 1 2
v -2 1.2 2
v -2 1.3 2
v -1.9 1 2
v -1.9 1.2 2
v 1.8 1.2 2
v 1.8 1.4 2
v 1.9 0.6 2
v 1.9 1.1 2
v 1.9 1.2 2
v 1.9 1.4 2
v 1.9 1.5 2
v 2 0.5 2
v 2 0.6 2
v 2 1.1 2
v 2 1.2 2
v 2 1.4 2
v 2 1.5 2
v 2 1.6 2
v 2.1 0.4 2
v 2.1 0.5 2
v 2.1 1.2 2
v 2.1 1.3 2
v 2.2 0.3 2
v 2.2 0.4 2
v 2.2 1.3 2
v 2.2 1.4 2
v 2.2 1.5 2
v 2.2 1.6 2
v 2.2 1.7 2
v 2.7 0.3 2
v 2.7 0.4 2
v 2.7 1.3 2
v 2.7 1.4 2
v 2.7 1.5 2
v 2.7 1.6 2
v 2.7 1.7 2
v 2.8 0.4 2
v 2.8 0.5 2
v 2.8 1.2 2
v 2.8 1.3 2
v 2.9 0.5 2
v 2.9 0.6 2
v 2.9 1.1 2
v 2.9 1.2 2
v 2.9 1.4 2
v 2.9 1.5 2
v 2.9 1.6 2
v 3 0.6 2
v 3 1.1 2
v 3 1.2 2
v 3 1.4 2
v 3 1.5 2
v 3.1 1.2 2
v 3.1 1.4 2
v -3.4 1.3 1.9
v -3.4 1.8 1.9
v -3.1 0.5 1.9
v -3.1 1 1.9
v -3.1 1.3 1.9
v -3.1 1.8 1.9
v -3 0.3 1.9
v -3 0.5 1.9
v -3 1 1.9
v -3 1.1 1.9
v -2.9 0.2 1.9
v -2.9 0.3 1.9
v -2.9 0.4 1.9
v -2.9 0.9 1.9
v -2.9 1.1 1.9
v -2.9 1.2 1.9
v -2.8 0.3 1.9
v -2.8 0.4 1.9
v -2.8 0.9 1.9
v -2.8 1 1.9
v -2.7 0.1 1.9
v -2.7 0.2 1.9
v -2.7 0.3 1.9
v -2.7 1 1.9
v -2.7 1.1 1.9
v -2.7 1.2 1.9
v -2.7 1.3 1.9
v -2.2 0.1 1.9
v -2.2 0.2 1.9
v -2.2 0.3 1.9
v -2.2 1 1.9
v -2.2 1.1 1.9
v -2.2 1.2 1.9
v -2.2 1.3 1.9
v -2.1 0.3 1.9
v -2.1 0.4 1.9
v -2.1 0.9 1.9
v -2.1 1 1.9
v -2 0.2 1.9
v -2 0.3 1.9
v -2 0.4 1.9
v -2 0.9 1.9
v -2 1 1.9
v -2 1.2 1.9
v -1.9 0.3 1.9
v -1.9 0.5 1.9
v -1.8 0.5 1.9
v -1.8 1 1.9
v -1.7 0.9 1.9
v -1.7 1.2 1.9
v -1.7 1.9 1.9
v -1.7 2.3 1.9
v -1.6 2.2 1.9
v -1.6 2.3 1.9
v -1.6 2.6 1.9
v -1.6 2.8 1.9
v -1.6 3.1 1.9
v -1.5 2.6 1.9
v -1.5 3.1 1.9
v -1.5 3.8 1.9
v -1.4 1.8 1.9
v -1.4 1.9 1.9
v -1.4 3.1 1.9
v -1.4 3.8 1.9
v -1.4 3.9 1.9
v -1.3 2.9 1.9
v -1.3 3 1.9
v -1.3 3.4 1.9
v -1.3 3.5 1.9
v -1.2 1.2 1.9
v -1.2 1.3 1.9
v -1.2 2.9 1.9
v -1.2 3 1.9
v -1.2 3.1 1.9
v -1.2 3.4 1.9
v -1.2 3.5 1.9
v -1.2 3.6 1.9
v -1.1 1.3 1.9
v -1.1 1.7 1.9
v -1.1 1.8 1.9
v -1.1 3 1.9
v -1.1 3.1 1.9
v -1.1 3.5 1.9
v -1.1 3.6 1.9
v -1 3.3 1.9
v -1 3.5 1.9
v -0.9 2.7 1.9
v -0.9 3 1.9
v -0.9 3.3 1.9
v -0.9 3.4 1.9
v -0.8 2.6 1.9
v -0.8 2.7 1.9
v -0.8 3 1.9
v -0.8 3.1 1.9
v -0.8 3.4 1.9
v -0.8 3.5 1.9
v -0.8 3.6 1.9
v -0.7 3.1 1.9
v -0.7 3.3 1.9
v -0.7 3.5 1.9
v -0.7 3.6 1.9
v -0.6 1.6 1.9
v -0.6 1.7 1.9
v -0.5 1.5 1.9
v -0.5 1.6 1.9
v -0.5 3.3 1.9
v -0.5 3.8 1.9
v -0.5 3.9 1.9
v -0.4 1.4 1.9
v -0.4 1.5 1.9
v -0.4 1.8 1.9
v -0.4 1.9 1.9
v -0.4 3.3 1.9
v -0.4 3.8 1.9
v -0.3 1.3 1.9
v -0.3 1.4 1.9
v -0.3 1.9 1.9
v -0.3 2 1.9
v -0.2 1.3 1.9
v -0.2 1.7 1.9
v -0.2 1.8 1.9
v -0.2 2 1.9
v -0.0999999 1.7 1.9
v -0.0999999 1.8 1.9
v -0.0999999 2.5 1.9
v -0.0999999 2.6 1.9
v 0 0.9 1.9
v 0 2.2 1.9
v 0 2.3 1.9
v 0 2.5 1.9
v 0.2 0.9 1.9
v 0.2 1.4 1.9
v 0.2 1.8 1.9
v 0.2 2.2 1.9
v 0.2 2.3 1.9
v 0.2 3.7 1.9
v 0.3 1.2 1.9
v 0.3 1.4 1.9
v 0.3 2.5 1.9
v 0.3 3.7 1.9
v 0.3 3.8 1.9
v 0.4 1.1 1.9
v 0.4 1.2 1.9
v 0.4 1.8 1.9
v 0.4 1.9 1.9
v 0.4 2.8 1.9
v 0.4 3.1 1.9
v 0.5 2.8 1.9
v 0.5 3.1 1.9
v 0.5 3.5 1.9
v 0.6 3.1 1.9
v 0.6 3.5 1.9
v 0.7 1.8 1.9
v 0.7 1.9 1.9
v 0.7 2.5 1.9
v 0.7 2.8 1.9
v 0.8 1.1 1.9
v 0.8 1.8 1.9
v 0.8 2.5 1.9
v 0.8 2.7 1.9
v 0.8 2.8 1.9
v 0.8 3.1 1.9
v 0.9 2.2 1.9
v 0.9 2.3 1.9
v 0.9 2.7 1.9
v 0.9 3 1.9
v 0.9 3.1 1.9
v 0.9 3.2 1.9
v 1 3 1.9
v 1 3.2 1.9
v 1 3.3 1.9
v 1 3.5 1.9
v 1.1 1.5 1.9
v 1.1 1.7 1.9
v 1.1 3.3 1.9
v 1.1 3.5 1.9
v 1.2 1.4 1.9
v 1.2 1.5 1.9
v 1.2 1.7 1.9
v 1.2 1.8 1.9
v 1.2 3.1 1.9
v 1.2 3.7 1.9
v 1.2 3.8 1.9
v 1.3 1.3 1.9
v 1.3 1.4 1.9
v 1.3 1.8 1.9
v 1.3 1.9 1.9
v 1.3 2.5 1.9
v 1.3 3.1 1.9
v 1.3 3.7 1.9
v 1.4 1.3 1.9
v 1.4 1.9 1.9
v 1.4 2.5 1.9
v 1.4 3.1 1.9
v 1.5 2.4 1.9
v 1.5 2.5 1.9
v 1.6 0.9 1.9
v 1.6 2.4 1.9
v 1.7 0.7 1.9
v 1.7 1.2 1.9
v 1.8 0.5 1.9
v 1.8 0.7 1.9
v 1.9 0.4 1.9
v 1.9 0.5 1.9
v 1.9 0.6 1.9
v 1.9 1.1 1.9
v 1.9 1.2 1.9
v 1.9 1.4 1.9
v 2 0.3 1.9
v 2 0.4 1.9
v 2 0.5 1.9
v 2 0.6 1.9
v 2 1.1 1.9
v 2 1.2 1.9
v 2 1.4 1.9
v 2 1.5 1.9
v 2.1 0.4 1.9
v 2.1 0.5 1.9
v 2.1 1.2 1.9
v 2.1 1.3 1.9
v 2.2 0.2 1.9
v 2.2 0.3 1.9
v 2.2 0.4 1.9
v 2.2 1.3 1.9
v 2.2 1.4 1.9
v 2.2 1.5 1.9
v 2.2 1.6 1.9
v 2.7 0.2 1.9
v 2.7 0.3 1.9
v 2.7 0.4 1.9
v 2.7 1.3 1.9
v 2.7 1.4 1.9
v 2.7 1.5 1.9
v 2.7 1.6 1.9
v 2.8 0.4 1.9
v 2.8 0.5 1.9
v 2.8 1.2 1.9
v 2.8 1.3 1.9
v 2.9 0.3 1.9
v 2.9 0.4 1.9
v 2.9 0.5 1.9
v 2.9 0.6 1.9
v 2.9 1.1 1.9
v 2.9 1.2 1.9
v 2.9 1.4 1.9
v 2.9 1.5 1.9
v 3 0.4 1.9
v 3 0.5 1.9
v 3 0.6 1.9
v 3 1.1 1.9
v 3 1.2 1.9
v 3 1.4 1.9
v 3.1 0.5 1.9
v 3.1 0.7 1.9
v 3.2 0.7 1.9
v 3.2 1.2 1.9
v -3.3 0.7 1.8
v -3.3 1.3 1.8
v -3.3 1.8 1.8
v -3.3 2.1 1.8
v -3.2 0.6 1.8
v -3.2 0.7 1.8
v -3.1 0.6 1.8
v -3.1 1 1.8
v -3.1 1.2 1.8
v -3.1 1.3 1.8
v -3.1 1.8 1.8
v -3.1 2.1 1.8
v -3.1 2.2 1.8
v -3 1.2 1.8
v -3 1.3 1.8
v -3 2.2 1.8
v -3 2.3 1.8
v -2.9 1.3 1.8
v -2.9 1.4 1.8
v -2.9 2.3 1.8
v -2.9 2.4 1.8
v -2.7 1.4 1.8
v -2.7 1.5 1.8
v -2.2 1.4 1.8
v -2.2 1.5 1.8
v -2 1.3 1.8
v -2 1.4 1.8
v -1.9 1.2 1.8
v -1.9 1.3 1.8
v -1.9 1.7 1.8
v -1.9 1.8 1.8
v -1.8 0.6 1.8
v -1.8 1 1.8
v -1.8 1.2 1.8
v -1.8 1.4 1.8
v -1.8 1.7 1.8
v -1.8 1.8 1.8
v -1.8 2.4 1.8
v -1.8 2.5 1.8
v -1.8 3.9 1.8
v -1.7 0.9 1.8
v -1.7 1.2 1.8
v -1.7 1.3 1.8
v -1.7 1.4 1.8
v -1.7 1.8 1.8
v -1.7 1.9 1.8
v -1.7 2.3 1.8
v -1.7 2.5 1.8
v -1.7 2.8 1.8
v -1.7 3.9 1.8
v -1.7 4 1.8
v -1.6 1.2 1.8
v -1.6 1.3 1.8
v -1.6 2.8 1.8
v -1.6 3.1 1.8
v -1.5 1.8 1.8
v -1.5 1.9 1.8
v -1.5 3.1 1.8
v -1.5 3.8 1.8
v -1.4 1.8 1.8
v -1.4 1.9 1.8
v -1.4 3.8 1.8
v -1.4 3.9 1.8
v -1.3 1.2 1.8
v -1.3 1.3 1.8
v -1.2 1.2 1.8
v -1.2 1.3 1.8
v -1.2 1.4 1.8
v -1.2 1.7 1.8
v -1.2 1.8 1.8
v -1.1 1.3 1.8
v -1.1 1.4 1.8
v -1.1 1.7 1.8
v -1.1 1.8 1.8
v -0.9 2.7 1.8
v -0.9 2.8 1.8
v -0.9 2.9 1.8
v -0.9 3 1.8
v -0.8 2.6 1.8
v -0.8 2.7 1.8
v -0.8 2.8 1.8
v -0.8 2.9 1.8
v -0.8 3 1.8
v -0.8 3.1 1.8
v -0.7 2.6 1.8
v -0.7 2.7 1.8
v -0.7 3 1.8
v -0.7 3.1 1.8
v -0.7 3.2 1.8
v -0.7 3.3 1.8
v -0.6 3.2 1.8
v -0.6 3.3 1.8
v -0.5 3.8 1.8
v -0.5 3.9 1.8
v -0.4 3.2 1.8
v -0.4 3.3 1.8
v -0.4 3.8 1.8
v -0.3 3 1.8
v -0.3 3.2 1.8
v -0.2 2.6 1.8
v -0.2 3 1.8
v -0.0999999 2.5 1.8
v -0.0999999 2.6 1.8
v 0 0.9 1.8
v 0 2.2 1.8
v 0 2.3 1.8
v 0 2.5 1.8
v 0.1 1.6 1.8
v 0.1 1.7 1.8
v 0.2 0.9 1.8
v 0.2 1.4 1.8
v 0.2 1.5 1.8
v 0.2 1.6 1.8
v 0.2 1.7 1.8
v 0.2 1.8 1.8
v 0.2 2.2 1.8
v 0.2 2.3 1.8
v 0.2 3.7 1.8
v 0.3 1.2 1.8
v 0.3 1.3 1.8
v 0.3 1.4 1.8
v 0.3 1.5 1.8
v 0.3 3.7 1.8
v 0.3 3.8 1.8
v 0.4 1.1 1.8
v 0.4 1.2 1.8
v 0.4 1.3 1.8
v 0.4 1.8 1.8
v 0.4 1.9 1.8
v 0.5 1.1 1.8
v 0.5 1.2 1.8
v 0.5 1.8 1.8
v 0.5 1.9 1.8
v 0.6 1.8 1.8
v 0.6 1.9 1.8
v 0.7 1.1 1.8
v 0.7 1.2 1.8
v 0.7 1.7 1.8
v 0.7 1.8 1.8
v 0.7 1.9 1.8
v 0.8 1.1 1.8
v 0.8 1.2 1.8
v 0.8 1.7 1.8
v 0.8 1.8 1.8
v 1.2 3.7 1.8
v 1.2 3.8 1.8
v 1.3 3.1 1.8
v 1.3 3.4 1.8
v 1.3 3.7 1.8
v 1.3 4 1.8
v 1.4 2.5 1.8
v 1.4 3.1 1.8
v 1.4 3.3 1.8
v 1.4 3.4 1.8
v 1.5 2.4 1.8
v 1.5 2.5 1.8
v 1.5 3.2 1.8
v 1.5 3.3 1.8
v 1.6 0.9 1.8
v 1.6 2.4 1.8
v 1.6 3.2 1.8
v 1.7 0.7 1.8
v 1.7 1.2 1.8
v 1.7 1.4 1.8
v 1.8 0.6 1.8
v 1.8 0.7 1.8
v 1.8 1.4 1.8
v 1.8 1.5 1.8
v 1.9 1.5 1.8
v 1.9 1.6 1.8
v 2 1.6 1.8
v 2 1.7 1.8
v 2.2 1.7 1.8
v 2.2 1.8 1.8
v 2.2 2.3 1.8
v 2.2 2.4 1.8
v 2.3 2.2 1.8
v 2.3 2.3 1.8
v 2.5 2.1 1.8
v 2.5 2.2 1.8
v 2.7 1.7 1.8
v 2.7 1.8 1.8
v 2.7 2 1.8
v 2.7 2.1 1.8
v 2.9 1.6 1.8
v 2.9 1.7 1.8
v 2.9 1.9 1.8
v 2.9 2 1.8
v 3 1.5 1.8
v 3 1.6 1.8
v 3.1 1.5 1.8
v 3.1 1.9 1.8
v -3.2 2.1 1.7
v -3.2 2.2 1.7
v -3.1 2.1 1.7
v -3.1 2.2 1.7
v -3.1 2.3 1.7
v -3 2.2 1.7
v -3 2.3 1.7
v -3 2.4 1.7
v -2.9 2.3 1.7
v -2.9 2.4 1.7
v -2.9 2.5 1.7
v -1.8 1.4 1.7
v -1.8 1.7 1.7
v -1.8 1.8 1.7
v -1.8 2.4 1.7
v -1.8 2.5 1.7
v -1.7 1.4 1.7
v -1.7 1.7 1.7
v -1.7 1.8 1.7
v -1.7 1.9 1.7
v -1.6 1.7 1.7
v -1.6 1.8 1.7
v -1.5 1.8 1.7
v -1.5 1.9 1.7
v -0.9 2.8 1.7
v -0.9 2.9 1.7
v -0.8 2.7 1.7
v -0.8 2.8 1.7
v -0.8 2.9 1.7
v -0.8 3 1.7
v -0.7 2.6 1.7
v -0.7 2.7 1.7
v -0.7 3 1.7
v -0.7 3.1 1.7
v -0.7 3.2 1.7
v -0.6 3.1 1.7
v -0.6 3.2 1.7
v -0.6 3.3 1.7
v -0.5 2.6 1.7
v -0.5 2.7 1.7
v -0.5 3.3 1.7
v -0.4 3.2 1.7
v -0.4 3.3 1.7
v -0.3 2.6 1.7
v -0.3 2.7 1.7
v -0.3 2.9 1.7
v -0.3 3 1.7
v -0.2 2.6 1.7
v -0.2 2.7 1.7
v -0.2 2.9 1.7
v -0.2 3 1.7
v 0.1 1.6 1.7
v 0.1 1.7 1.7
v 0.2 1.5 1.7
v 0.2 1.6 1.7
v 0.2 1.7 1.7
v 0.2 1.8 1.7
v 0.3 1.3 1.7
v 0.3 1.5 1.7
v 0.4 1.2 1.7
v 0.4 1.3 1.7
v 0.5 1.1 1.7
v 0.5 1.2 1.7
v 0.5 1.8 1.7
v 0.5 1.9 1.7
v 0.6 1.8 1.7
v 0.6 1.9 1.7
v 0.7 1.1 1.7
v 0.7 1.2 1.7
v 0.7 1.7 1.7
v 0.7 1.8 1.7
v 0.8 1.2 1.7
v 0.8 1.7 1.7
v 1.6 2.4 1.7
v 1.6 3 1.7
v 1.7 2.5 1.7
v 1.7 3 1.7
v 2.1 2.4 1.7
v 2.1 2.5 1.7
v -1.7 1.2 1.6
v -1.7 1.3 1.6
v -1.7 1.6 1.6
v -1.7 1.7 1.6
v -1.6 1.2 1.6
v -1.6 1.3 1.6
v -1.6 1.6 1.6
v -1.6 1.7 1.6
v -1.6 1.8 1.6
v -1.5 1.7 1.6
v -1.5 1.8 1.6
v -1.3 1.2 1.6
v -1.3 1.3 1.6
v -1.2 1.2 1.6
v -1.2 1.3 1.6
v -1.2 1.4 1.6
v -1.2 1.7 1.6
v -1.2 1.8 1.6
v -1.1 1.3 1.6
v -1.1 1.4 1.6
v -1.1 1.7 1.6
v -1.1 1.8 1.6
v -0.7 3 1.6
v -0.7 3.1 1.6
v -0.6 3 1.6
v -0.6 3.1 1.6
v -0.6 3.2 1.6
v -0.5 3.1 1.6
v -0.5 3.2 1.6
v -0.4 3.1 1.6
v -0.4 3.2 1.6
v -0.3 3.1 1.6
v -0.3 3.2 1.6
v 1.7 2.5 1.6
v 1.7 3 1.6
v 1.8 2.5 1.6
v 1.8 2.6 1.6
v 1.8 3 1.6
v 2.1 2.5 1.6
v 2.1 2.6 1.6
v 3.1 1.1 1.6
v 3.1 1.8 1.6
v 3.2 1.1 1.6
v 3.2 1.8 1.6
v -1.7 1.3 1.5
v -1.7 1.6 1.5
v -1.6 1.2 1.5
v -1.6 1.3 1.5
v -1.6 1.6 1.5
v -1.6 1.7 1.5
v -1.5 1.7 1.5
v -1.5 1.8 1.5
v -1.3 1.2 1.5
v -1.3 1.3 1.5
v -1.2 1.3 1.5
v -1.2 1.4 1.5
v -1.2 1.7 1.5
v -1.2 1.8 1.5
v -1.1 1.4 1.5
v -1.1 1.7 1.5
v -0.6 2.9 1.5
v -0.6 3 1.5
v -0.6 3.1 1.5
v -0.5 2.9 1.5
v -0.5 3 1.5
v -0.5 3.1 1.5
v -0.5 3.2 1.5
v -0.4 3 1.5
v -0.4 3.1 1.5
v -0.4 3.2 1.5
v 1.8 2.6 1.5
v 1.8 2.7 1.5
v 2.1 2.6 1.5
v 2.1 2.7 1.5
v 1.8 2.7 1.4
v 1.8 2.8 1.4
v 2 2.7 1.4
v 2 2.8 1.4
v -3.4 0.7 1.3
v -3.4 0.8 1.3
v -3.3 0.7 1.3
v -3.3 0.8 1.3
v 1.8 2.8 1.3
v 1.8 2.9 1.3
v 2 2.8 1.3
v 2 2.9 1.3
v -3.4 0.8 1.2
v -3.4 1 1.2
v -3.3 0.8 1.2
v -3.3 1 1.2
v 0.7 2.4 1.2
v 0.7 2.6 1.2
v 0.8 2.4 1.2
v 0.8 2.6 1.2
v 2.9 1.8 1.2
v 2.9 1.9 1.2
v 3 1.8 1.2
v 3 1.9 1.2
v -3.4 1 1.1
v -3.4 1.1 1.1
v -3.4 1.4 1.1
v -3.3 1 1.1
v -3.3 1.1 1.1
v -3.3 1.4 1.1
v 3 1.8 1.1
v 3 1.9 1.1
v 3.1 1.8 1.1
v 3.1 1.9 1.1
v 3.2 1.8 1.1
v 3.2 1.9 1.1
v -3.4 1.4 1
v -3.4 1.8 1
v -3.3 1.4 1
v -3.3 1.8 1
v -3.3 2.1 1
v -3.3 2.2 1
v -3.2 2.1 1
v -3.2 2.2 1
v -2.4 2.5 1
v -2.4 2.6 1
v -1.8 2.5 1
v -1.8 2.6 1
v 0.1 3.8 1
v 0.1 3.9 1
v 0.2 3.8 1
v 0.2 3.9 1
v 0.2 4 1
v 0.3 3.9 1
v 0.3 4 1
v 3.2 1.1 1
v 3.2 1.7 1
v 3.3 1.1 1
v 3.3 1.7 1
v -3.4 1.8 0.9
v -3.4 2.1 0.9
v -3.3 1.8 0.9
v -3.3 2.1 0.9
v -3.2 2.2 0.9
v -3.2 2.3 0.9
v -3.1 2.2 0.9
v -3.1 2.3 0.9
v -3.1 2.4 0.9
v -3 2.3 0.9
v -3 2.4 0.9
v -3 2.5 0.9
v -2.9 2.4 0.9
v -2.9 2.5 0.9
v -2.9 2.6 0.9
v -2.4 2.5 0.9
v -2.4 2.6 0.9
v -1.6 2.4 0.9
v -1.6 2.5 0.9
v -1.5 2.4 0.9
v -1.5 2.5 0.9
v -1.3 1.7 0.9
v -1.3 1.8 0.9
v -1.2 1.7 0.9
v -1.2 1.8 0.9
v -0.8 0.7 0.9
v -0.8 0.8 0.9
v -0.7 0.7 0.9
v -0.7 0.8 0.9
v -0.5 0.9 0.9
v -0.5 1 0.9
v -0.4 0.9 0.9
v -0.4 1 0.9
v -0.3 1 0.9
v -0.3 1.1 0.9
v -0.2 1 0.9
v -0.2 1.1 0.9
v -0.0999999 1.2 0.9
v -0.0999999 1.3 0.9
v 0 1.2 0.9
v 0 1.3 0.9
v 3.1 1.9 0.9
v 3.1 2 0.9
v 3.2 1 0.9
v 3.2 1.1 0.9
v 3.2 1.7 0.9
v 3.2 1.9 0.9
v 3.2 2 0.9
v 3.3 1 0.9
v 3.3 1.1 0.9
v 3.3 1.7 0.9
v 3.3 1.9 0.9
v -1.6 2 0.8
v -1.6 2.1 0.8
v -1.6 2.3 0.8
v -1.6 2.4 0.8
v -1.5 2 0.8
v -1.5 2.1 0.8
v -1.5 2.3 0.8
v -1.5 2.4 0.8
v -1.4 1.8 0.8
v -1.4 1.9 0.8
v -1.3 1.8 0.8
v -1.3 1.9 0.8
v -0.9 0.6 0.8
v -0.9 0.7 0.8
v -0.8 0.6 0.8
v -0.8 0.7 0.8
v -0.8 0.8 0.8
v -0.8 1 0.8
v -0.7 0.8 0.8
v -0.7 0.9 0.8
v -0.5 0.9 0.8
v -0.5 1 0.8
v -0.4 1 0.8
v -0.4 1.1 0.8
v -0.3 1 0.8
v -0.3 1.1 0.8
v -0.2 1.1 0.8
v -0.2 1.2 0.8
v -0.0999999 1.1 0.8
v -0.0999999 1.2 0.8
v -0.0999999 1.3 0.8
v -0.0999999 1.5 0.8
v 0 1.3 0.8
v 0 1.5 0.8
v 2.9 1.8 0.8
v 2.9 1.9 0.8
v 3 1.8 0.8
v 3 1.9 0.8
v 3.1 2 0.8
v 3.1 2.1 0.8
v 3.2 0.8 0.8
v 3.2 1 0.8
v 3.2 1.9 0.8
v 3.2 2 0.8
v 3.2 2.1 0.8
v 3.3 0.8 0.8
v 3.3 1 0.8
v 3.3 1.1 0.8
v 3.3 1.9 0.8
v 3.3 2.1 0.8
v 3.4 1 0.8
v 3.4 1.1 0.8
v -1.6 2.1 0.7
v -1.6 2.3 0.7
v -1.5 1.9 0.7
v -1.5 2 0.7
v -1.5 2.1 0.7
v -1.5 2.3 0.7
v -1.4 1.9 0.7
v -1.4 2 0.7
v -1.3 1.8 0.7
v -1.3 1.9 0.7
v -1.2 1.7 0.7
v -1.2 1.8 0.7
v -1.1 1.8 0.7
v -1.1 1.9 0.7
v -1 1.7 0.7
v -1 1.8 0.7
v -0.9 0.7 0.7
v -0.9 0.9 0.7
v -0.9 3.3 0.7
v -0.9 3.4 0.7
v -0.8 0.7 0.7
v -0.8 0.9 0.7
v -0.8 3.3 0.7
v -0.8 3.4 0.7
v -0.7 1 0.7
v -0.7 1.1 0.7
v -0.5 1.1 0.7
v -0.5 1.2 0.7
v -0.4 1 0.7
v -0.4 1.1 0.7
v -0.3 1.2 0.7
v -0.3 1.3 0.7
v -0.2 1.1 0.7
v -0.2 1.2 0.7
v -0.2 1.3 0.7
v -0.2 1.5 0.7
v -0.0999999 1.2 0.7
v -0.0999999 1.5 0.7
v -0.0999999 1.6 0.7
v 0 1.5 0.7
v 0 1.6 0.7
v 1 2.4 0.7
v 1 2.5 0.7
v 1.1 2.4 0.7
v 1.1 2.5 0.7
v 1.7 2.6 0.7
v 1.7 2.7 0.7
v 1.8 2.6 0.7
v 1.8 2.7 0.7
v 2.7 1.8 0.7
v 2.7 1.9 0.7
v 2.9 1.8 0.7
v 2.9 1.9 0.7
v 3 1.9 0.7
v 3 2 0.7
v 3.1 1.9 0.7
v 3.1 2 0.7
v 3.1 2.1 0.7
v 3.1 2.3 0.7
v 3.2 0.7 0.7
v 3.2 0.8 0.7
v 3.2 2.1 0.7
v 3.2 2.2 0.7
v 3.2 2.3 0.7
v 3.3 0.7 0.7
v 3.3 0.8 0.7
v 3.3 1.2 0.7
v 3.3 1.7 0.7
v 3.3 2.1 0.7
v 3.3 2.2 0.7
v 3.4 1.2 0.7
v 3.4 1.7 0.7
v -1.6 1.4 0.6
v -1.6 1.5 0.6
v -1.5 1.4 0.6
v -1.5 1.5 0.6
v -1.5 2 0.6
v -1.5 2.2 0.6
v -1.4 1.6 0.6
v -1.4 1.7 0.6
v -1.4 1.9 0.6
v -1.4 2 0.6
v -1.4 2.2 0.6
v -1.3 1.6 0.6
v -1.3 1.7 0.6
v -1.3 1.9 0.6
v -1.3 2 0.6
v -1.2 1.9 0.6
v -1.2 2 0.6
v -1.1 1.8 0.6
v -1.1 1.9 0.6
v -1 1.8 0.6
v -1 1.9 0.6
v -0.9 1.8 0.6
v -0.9 1.9 0.6
v -0.8 1 0.6
v -0.8 1.1 0.6
v -0.8 3.4 0.6
v -0.8 3.5 0.6
v -0.7 1 0.6
v -0.7 1.1 0.6
v -0.7 1.2 0.6
v -0.7 3.4 0.6
v -0.7 3.5 0.6
v -0.6 3.6 0.6
v -0.6 3.7 0.6
v -0.5 1.1 0.6
v -0.5 1.2 0.6
v -0.5 3.6 0.6
v -0.5 3.7 0.6
v -0.4 1.2 0.6
v -0.4 1.3 0.6
v -0.3 1.2 0.6
v -0.3 1.3 0.6
v -0.3 1.6 0.6
v -0.2 1.3 0.6
v -0.2 1.5 0.6
v -0.2 1.6 0.6
v -0.2 1.7 0.6
v -0.0999999 1.5 0.6
v -0.0999999 1.6 0.6
v -0.0999999 1.7 0.6
v 1.1 2.4 0.6
v 1.1 2.5 0.6
v 1.4 2.4 0.6
v 1.4 2.5 0.6
v 1.6 1.9 0.6
v 1.6 2 0.6
v 1.6 2.2 0.6
v 1.6 2.3 0.6
v 1.7 1.9 0.6
v 1.7 2 0.6
v 1.7 2.2 0.6
v 1.7 2.3 0.6
v 1.7 2.4 0.6
v 1.7 2.6 0.6
v 1.8 2.4 0.6
v 1.8 2.6 0.6
v 1.8 2.7 0.6
v 1.8 2.8 0.6
v 1.9 2.7 0.6
v 1.9 2.8 0.6
v 2.6 2.4 0.6
v 2.6 2.5 0.6
v 2.7 2.5 0.6
v 2.7 2.6 0.6
v 2.8 1.9 0.6
v 2.8 2 0.6
v 2.8 2.4 0.6
v 2.8 2.5 0.6
v 2.8 2.6 0.6
v 2.9 2 0.6
v 2.9 2.1 0.6
v 2.9 2.3 0.6
v 2.9 2.4 0.6
v 2.9 2.5 0.6
v 3 1.9 0.6
v 3 2 0.6
v 3 2.1 0.6
v 3 2.2 0.6
v 3 2.3 0.6
v 3.1 2 0.6
v 3.1 2.2 0.6
v 3.1 2.3 0.6
v 3.1 2.4 0.6
v 3.1 2.5 0.6
v 3.2 2.3 0.6
v 3.2 2.5 0.6
v 3.3 0.9 0.6
v 3.3 1 0.6
v 3.3 1.2 0.6
v 3.3 1.7 0.6
v 3.3 1.9 0.6
v 3.4 0.9 0.6
v 3.4 1 0.6
v 3.4 1.2 0.6
v 3.4 1.7 0.6
v 3.4 1.9 0.6
v 3.5 1.2 0.6
v 3.5 1.7 0.6
v -1.8 0.7 0.5
v -1.8 0.8 0.5
v -1.7 0.7 0.5
v -1.7 0.8 0.5
v -1.5 1.5 0.5
v -1.5 1.6 0.5
v -1.5 2.2 0.5
v -1.5 2.3 0.5
v -1.4 1.5 0.5
v -1.4 1.6 0.5
v -1.4 2 0.5
v -1.4 2.1 0.5
v -1.4 2.2 0.5
v -1.4 2.3 0.5
v -1.3 2 0.5
v -1.3 2.1 0.5
v -1 0.6 0.5
v -1 0.7 0.5
v -0.9 0.6 0.5
v -0.9 0.7 0.5
v -0.8 1.1 0.5
v -0.8 1.2 0.5
v -0.7 1.1 0.5
v -0.7 1.2 0.5
v -0.7 3.5 0.5
v -0.7 3.6 0.5
v -0.6 3.5 0.5
v -0.6 3.6 0.5
v -0.5 3.6 0.5
v -0.5 3.7 0.5
v -0.4 3.6 0.5
v -0.4 3.7 0.5
v -0.0999999 3.8 0.5
v -0.0999999 3.9 0.5
v 0 3.8 0.5
v 0 3.9 0.5
v 1.3 2.5 0.5
v 1.3 2.6 0.5
v 1.5 2.5 0.5
v 1.5 2.6 0.5
v 1.5 2.8 0.5
v 1.6 2 0.5
v 1.6 2.2 0.5
v 1.6 2.6 0.5
v 1.6 2.7 0.5
v 1.7 2 0.5
v 1.7 2.2 0.5
v 1.7 2.3 0.5
v 1.7 2.4 0.5
v 1.7 2.7 0.5
v 1.7 2.8 0.5
v 1.7 2.9 0.5
v 1.8 2.3 0.5
v 1.8 2.4 0.5
v 1.8 2.5 0.5
v 1.8 2.7 0.5
v 1.8 2.8 0.5
v 1.8 2.9 0.5
v 1.9 2.4 0.5
v 1.9 2.5 0.5
v 1.9 2.7 0.5
v 1.9 2.8 0.5
v 1.9 2.9 0.5
v 2 2.8 0.5
v 2 2.9 0.5
v 2.5 1.7 0.5
v 2.5 1.8 0.5
v 2.5 2.4 0.5
v 2.5 2.5 0.5
v 2.6 1.7 0.5
v 2.6 1.8 0.5
v 2.6 2.4 0.5
v 2.6 2.5 0.5
v 2.6 2.7 0.5
v 2.7 1.9 0.5
v 2.7 2 0.5
v 2.7 2.2 0.5
v 2.7 2.4 0.5
v 2.7 2.5 0.5
v 2.7 2.6 0.5
v 2.7 2.7 0.5
v 2.7 2.9 0.5
v 2.8 1.9 0.5
v 2.8 2 0.5
v 2.8 2.2 0.5
v 2.8 2.4 0.5
v 2.8 2.5 0.5
v 2.8 2.6 0.5
v 2.8 2.8 0.5
v 2.8 2.9 0.5
v 2.9 2 0.5
v 2.9 2.1 0.5
v 2.9 2.3 0.5
v 2.9 2.4 0.5
v 2.9 2.5 0.5
v 2.9 2.7 0.5
v 2.9 2.8 0.5
v 3 2.1 0.5
v 3 2.2 0.5
v 3 2.3 0.5
v 3 2.6 0.5
v 3 2.7 0.5
v 3.1 2.4 0.5
v 3.1 2.5 0.5
v 3.1 2.6 0.5
v 3.2 0.6 0.5
v 3.2 0.7 0.5
v 3.2 2.2 0.5
v 3.2 2.3 0.5
v 3.3 0.6 0.5
v 3.3 0.7 0.5
v 3.3 0.8 0.5
v 3.3 0.9 0.5
v 3.3 1.9 0.5
v 3.3 2 0.5
v 3.3 2.2 0.5
v 3.3 2.3 0.5
v 3.4 0.8 0.5
v 3.4 0.9 0.5
v 3.4 1.1 0.5
v 3.4 1.2 0.5
v 3.4 1.7 0.5
v 3.4 1.8 0.5
v 3.4 1.9 0.5
v 3.4 2 0.5
v 3.5 1.1 0.5
v 3.5 1.2 0.5
v 3.5 1.7 0.5
v 3.5 1.8 0.5
v -1.8 0.8 0.4
v -1.8 0.9 0.4
v -1.8 1.1 0.4
v -1.8 1.2 0.4
v -1.8 2.9 0.4
v -1.8 3 0.4
v -1.7 0.6 0.4
v -1.7 0.7 0.4
v -1.7 0.8 0.4
v -1.7 0.9 0.4
v -1.7 1.1 0.4
v -1.7 1.2 0.4
v -1.7 2.9 0.4
v -1.7 3 0.4
v -1.6 0.6 0.4
v -1.6 0.7 0.4
v -1.4 2.1 0.4
v -1.4 2.2 0.4
v -1.3 2.1 0.4
v -1.3 2.2 0.4
v -1.2 1.9 0.4
v -1.2 2 0.4
v -1.1 1.9 0.4
v -1.1 2 0.4
v -0.4 3.6 0.4
v -0.4 3.7 0.4
v -0.3 3.6 0.4
v -0.3 3.7 0.4
v 0 3.9 0.4
v 0 4 0.4
v 0.1 3.9 0.4
v 0.1 4 0.4
v 1.4 2.6 0.4
v 1.4 2.9 0.4
v 1.5 2.6 0.4
v 1.5 2.8 0.4
v 1.5 2.9 0.4
v 1.5 3 0.4
v 1.6 2.8 0.4
v 1.6 2.9 0.4
v 1.6 3 0.4
v 1.6 3.1 0.4
v 1.7 2.2 0.4
v 1.7 2.3 0.4
v 1.7 2.8 0.4
v 1.7 2.9 0.4
v 1.7 3.1 0.4
v 1.7 3.2 0.4
v 1.8 2.3 0.4
v 1.8 2.4 0.4
v 1.8 2.9 0.4
v 1.8 3.2 0.4
v 1.9 2.2 0.4
v 1.9 2.3 0.4
v 1.9 2.4 0.4
v 1.9 2.5 0.4
v 1.9 2.8 0.4
v 2 2.5 0.4
v 2 2.7 0.4
v 2 2.8 0.4
v 2 2.9 0.4
v 2.1 2.4 0.4
v 2.1 2.5 0.4
v 2.1 2.7 0.4
v 2.1 2.8 0.4
v 2.2 2.3 0.4
v 2.2 2.4 0.4
v 2.2 2.8 0.4
v 2.2 2.9 0.4
v 2.3 2.4 0.4
v 2.3 2.5 0.4
v 2.4 2.5 0.4
v 2.4 2.6 0.4
v 2.4 2.8 0.4
v 2.4 2.9 0.4
v 2.5 2.4 0.4
v 2.5 2.5 0.4
v 2.5 2.6 0.4
v 2.5 2.8 0.4
v 2.6 1.8 0.4
v 2.6 1.9 0.4
v 2.6 2.3 0.4
v 2.6 2.4 0.4
v 2.6 2.5 0.4
v 2.6 2.7 0.4
v 2.7 1.8 0.4
v 2.7 1.9 0.4
v 2.7 2 0.4
v 2.7 2.2 0.4
v 2.7 2.3 0.4
v 2.7 2.4 0.4
v 2.7 2.7 0.4
v 2.7 2.9 0.4
v 2.8 2 0.4
v 2.8 2.2 0.4
v 3.4 1.8 0.4
v 3.4 1.9 0.4
v 3.5 1.8 0.4
v 3.5 1.9 0.4
v -1.8 0.9 0.3
v -1.8 1.1 0.3
v -1.8 2.5 0.3
v -1.8 2.6 0.3
v -1.8 2.8 0.3
v -1.8 2.9 0.3
v -1.7 0.7 0.3
v -1.7 0.8 0.3
v -1.7 0.9 0.3
v -1.7 1.1 0.3
v -1.7 2.5 0.3
v -1.7 2.6 0.3
v -1.7 2.8 0.3
v -1.7 2.9 0.3
v -1.7 3 0.3
v -1.7 3.1 0.3
v -1.6 0.6 0.3
v -1.6 0.7 0.3
v -1.6 0.8 0.3
v -1.6 2.3 0.3
v -1.6 2.4 0.3
v -1.6 3 0.3
v -1.6 3.1 0.3
v -1.5 0.6 0.3
v -1.5 0.7 0.3
v -1.5 2.3 0.3
v -1.5 2.4 0.3
v -1.4 2.2 0.3
v -1.4 2.3 0.3
v -1.3 2 0.3
v -1.3 2.1 0.3
v -1.3 2.2 0.3
v -1.3 2.3 0.3
v -1.2 2 0.3
v -1.2 2.1 0.3
v -0.6 1.2 0.3
v -0.6 1.3 0.3
v -0.4 1.2 0.3
v -0.4 1.3 0.3
v -0.4 1.4 0.3
v -0.3 1.3 0.3
v -0.3 1.4 0.3
v 0 3.8 0.3
v 0 3.9 0.3
v 0.1 3.8 0.3
v 0.1 3.9 0.3
v 1.3 2.6 0.3
v 1.3 2.7 0.3
v 1.4 2.6 0.3
v 1.4 2.7 0.3
v 2 2.5 0.3
v 2 2.7 0.3
v 2.1 2.4 0.3
v 2.1 2.5 0.3
v 2.1 2.7 0.3
v 2.1 2.8 0.3
v 2.2 2.3 0.3
v 2.2 2.4 0.3
v 2.2 2.8 0.3
v 2.2 2.9 0.3
v 2.3 2.4 0.3
v 2.3 2.5 0.3
v 2.4 2.5 0.3
v 2.4 2.6 0.3
v 2.4 2.8 0.3
v 2.4 2.9 0.3
v 2.5 1.8 0.3
v 2.5 2 0.3
v 2.5 2.2 0.3
v 2.5 2.3 0.3
v 2.5 2.6 0.3
v 2.5 2.8 0.3
v 2.6 1.8 0.3
v 2.6 1.9 0.3
v 2.6 2 0.3
v 2.6 2.2 0.3
v 2.6 2.3 0.3
v 2.6 2.4 0.3
v 2.7 1.9 0.3
v 2.7 2.3 0.3
v 3.2 0.5 0.3
v 3.2 0.6 0.3
v 3.2 2.3 0.3
v 3.2 2.4 0.3
v 3.3 0.5 0.3
v 3.3 0.6 0.3
v 3.3 0.7 0.3
v 3.3 0.8 0.3
v 3.3 2 0.3
v 3.3 2.1 0.3
v 3.3 2.2 0.3
v 3.3 2.3 0.3
v 3.3 2.4 0.3
v 3.4 0.7 0.3
v 3.4 0.8 0.3
v 3.4 1 0.3
v 3.4 1.1 0.3
v 3.4 2 0.3
v 3.4 2.1 0.3
v 3.4 2.2 0.3
v 3.5 1 0.3
v 3.5 1.1 0.3
v -1.8 2.6 0.2
v -1.8 2.8 0.2
v -1.7 0.8 0.2
v -1.7 0.9 0.2
v -1.7 1.2 0.2
v -1.7 1.3 0.2
v -1.7 2.4 0.2
v -1.7 2.5 0.2
v -1.7 2.6 0.2
v -1.7 2.8 0.2
v -1.7 2.9 0.2
v -1.7 3 0.2
v -1.6 0.8 0.2
v -1.6 0.9 0.2
v -1.6 1.2 0.2
v -1.6 1.3 0.2
v -1.6 2.4 0.2
v -1.6 2.5 0.2
v -1.6 2.9 0.2
v -1.6 3 0.2
v -1.6 3.1 0.2
v -1.6 3.2 0.2
v -1.5 0.6 0.2
v -1.5 0.7 0.2
v -1.5 1.4 0.2
v -1.5 1.5 0.2
v -1.5 3.1 0.2
v -1.5 3.2 0.2
v -1.4 0.6 0.2
v -1.4 0.7 0.2
v -1.4 1.4 0.2
v -1.4 1.5 0.2
v -1.4 1.6 0.2
v -1.4 1.7 0.2
v -1.4 3.3 0.2
v -1.4 3.4 0.2
v -1.3 1.6 0.2
v -1.3 1.7 0.2
v -1.3 2.1 0.2
v -1.3 2.2 0.2
v -1.3 3.3 0.2
v -1.3 3.4 0.2
v -1.2 2 0.2
v -1.2 2.1 0.2
v -1.2 2.2 0.2
v -1.1 0.6 0.2
v -1.1 0.7 0.2
v -1.1 2 0.2
v -1.1 2.1 0.2
v -1.1 3.3 0.2
v -1.1 3.4 0.2
v -1 0.6 0.2
v -1 0.7 0.2
v -1 3.3 0.2
v -1 3.4 0.2
v -0.9 0.8 0.2
v -0.9 0.9 0.2
v -0.8 0.8 0.2
v -0.8 0.9 0.2
v 0.1 3.8 0.2
v 0.1 4 0.2
v 0.2 3.8 0.2
v 0.2 4 0.2
v 1.7 3.2 0.2
v 1.7 3.3 0.2
v 1.8 3.2 0.2
v 1.8 3.3 0.2
v 2.2 2.2 0.2
v 2.2 2.3 0.2
v 2.4 2.1 0.2
v 2.4 2.2 0.2
v 2.5 2 0.2
v 2.5 2.1 0.2
v 2.5 2.2 0.2
v 2.5 2.3 0.2
v 2.6 2 0.2
v 2.6 2.2 0.2
v -1.7 0.9 0.0999999
v -1.7 1.2 0.0999999
v -1.7 2.5 0.0999999
v -1.7 2.6 0.0999999
v -1.7 2.8 0.0999999
v -1.7 2.9 0.0999999
v -1.6 0.7 0.0999999
v -1.6 0.8 0.0999999
v -1.6 0.9 0.0999999
v -1.6 1.2 0.0999999
v -1.6 1.3 0.0999999
v -1.6 1.4 0.0999999
v -1.6 2.5 0.0999999
v -1.6 2.6 0.0999999
v -1.6 2.8 0.0999999
v -1.6 2.9 0.0999999
v -1.6 3 0.0999999
v -1.6 3.1 0.0999999
v -1.5 0.7 0.0999999
v -1.5 0.8 0.0999999
v -1.5 1.3 0.0999999
v -1.5 1.4 0.0999999
v -1.5 2.3 0.0999999
v -1.5 2.4 0.0999999
v -1.5 3 0.0999999
v -1.5 3.1 0.0999999
v -1.5 3.2 0.0999999
v -1.5 3.3 0.0999999
v -1.4 0.6 0.0999999
v -1.4 0.7 0.0999999
v -1.4 1.4 0.0999999
v -1.4 1.6 0.0999999
v -1.4 2.3 0.0999999
v -1.4 2.4 0.0999999
v -1.4 3.2 0.0999999
v -1.4 3.3 0.0999999
v -1.3 1.4 0.0999999
v -1.3 1.6 0.0999999
v -1.3 1.7 0.0999999
v -1.3 1.8 0.0999999
v -1.3 2.2 0.0999999
v -1.3 2.3 0.0999999
v -1.3 3.3 0.0999999
v -1.3 3.4 0.0999999
v -1.2 1.7 0.0999999
v -1.2 1.8 0.0999999
v -1.2 2.2 0.0999999
v -1.2 2.3 0.0999999
v -1.1 0.6 0.0999999
v -1.1 0.7 0.0999999
v -1.1 3.3 0.0999999
v -1.1 3.4 0.0999999
v -1 0.7 0.0999999
v -1 0.8 0.0999999
v -0.9 0.7 0.0999999
v -0.9 0.8 0.0999999
v -0.9 0.9 0.0999999
v -0.9 1.1 0.0999999
v -0.9 3.4 0.0999999
v -0.9 3.5 0.0999999
v -0.8 0.9 0.0999999
v -0.8 1.1 0.0999999
v -0.8 1.2 0.0999999
v -0.8 3.4 0.0999999
v -0.8 3.5 0.0999999
v -0.7 1.1 0.0999999
v -0.7 1.2 0.0999999
v 0.4 1.5 0.0999999
v 0.4 1.6 0.0999999
v 0.5 1.5 0.0999999
v 0.5 1.6 0.0999999
v 0.7 1.8 0.0999999
v 0.7 1.9 0.0999999
v 0.8 1.8 0.0999999
v 0.8 1.9 0.0999999
v -1.7 2.6 0
v -1.7 2.8 0
v -1.6 0.8 0
v -1.6 1.3 0
v -1.6 2.4 0
v -1.6 2.5 0
v -1.6 2.6 0
v -1.6 2.8 0
v -1.6 2.9 0
v -1.6 3 0
v -1.5 0.7 0
v -1.5 0.8 0
v -1.5 0.9 0
v -1.5 1.2 0
v -1.5 1.3 0
v -1.5 1.4 0
v -1.5 2.4 0
v -1.5 2.5 0
v -1.5 2.9 0
v -1.5 3 0
v -1.5 3.2 0
v -1.4 0.8 0
v -1.4 0.9 0
v -1.4 1.2 0
v -1.4 1.3 0
v -1.4 2.3 0
v -1.4 2.4 0
v -1.4 3 0
v -1.4 3.1 0
v -1.4 3.2 0
v -1.4 3.3 0
v -1.3 1.4 0
v -1.3 1.7 0
v -1.3 2.3 0
v -1.3 2.4 0
v -1.3 3.1 0
v -1.3 3.2 0
v -1.2 1.3 0
v -1.2 1.4 0
v -1.2 1.7 0
v -1.2 1.9 0
v -1.2 2 0
v -1.2 2.1 0
v -1.2 2.2 0
v -1.1 0.7 0
v -1.1 0.8 0
v -1.1 0.9 0
v -1.1 1.9 0
v -1.1 2 0
v -1.1 2.1 0
v -1.1 2.2 0
v -1 0.7 0
v -1 0.8 0
v -1 0.9 0
v -1 1.2 0
v -1 3.2 0
v -1 3.3 0
v -1 3.4 0
v -0.9 0.8 0
v -0.9 1.1 0
v -0.9 3.3 0
v -0.9 3.4 0
v -0.8 1.1 0
v -0.8 1.2 0
v -0.7 1.2 0
v -0.7 1.3 0
v -0.6 1.2 0
v -0.6 1.3 0
v -0.2 3.7 0
v -0.2 3.8 0
v -0.0999999 3.7 0
v -0.0999999 3.8 0
v 0 2.2 0
v 0 2.7 0
v 0.1 1.5 0
v 0.1 1.6 0
v 0.1 2.3 0
v 0.1 2.7 0
v 0.1 3.7 0
v 0.1 3.8 0
v 0.2 3.7 0
v 0.2 3.8 0
v 0.2 3.9 0
v 0.3 3.8 0
v 0.3 3.9 0
v 0.4 1.5 0
v 0.4 1.6 0
v 0.4 2.2 0
v 0.4 2.3 0
v 0.5 1.6 0
v 0.5 1.7 0
v 0.6 1.6 0
v 0.6 1.7 0
v 0.6 1.8 0
v 0.7 1.7 0
v 0.7 1.8 0
v 0.7 1.9 0
v 0.7 2 0
v 0.8 1.9 0
v 0.8 2 0
v 1.6 2.2 0
v 1.6 2.3 0
v 1.7 2.2 0
v 1.7 2.3 0
v -1.6 2.5 -0.0999999
v -1.6 2.9 -0.0999999
v -1.5 0.9 -0.0999999
v -1.5 1.2 -0.0999999
v -1.5 2.4 -0.0999999
v -1.5 2.5 -0.0999999
v -1.5 2.9 -0.0999999
v -1.5 3 -0.0999999
v -1.4 0.8 -0.0999999
v -1.4 0.9 -0.0999999
v -1.4 1.2 -0.0999999
v -1.4 1.3 -0.0999999
v -1.4 2.4 -0.0999999
v -1.4 2.5 -0.0999999
v -1.4 2.9 -0.0999999
v -1.4 3 -0.0999999
v -1.4 3.1 -0.0999999
v -1.3 3 -0.0999999
v -1.3 3.1 -0.0999999
v -1.3 3.2 -0.0999999
v -1.2 1.3 -0.0999999
v -1.2 1.4 -0.0999999
v -1.2 1.9 -0.0999999
v -1.2 2.2 -0.0999999
v -1.2 2.3 -0.0999999
v -1.1 0.8 -0.0999999
v -1.1 0.9 -0.0999999
v -1.1 1.4 -0.0999999
v -1.1 1.9 -0.0999999
v -1.1 2 -0.0999999
v -1.1 2.2 -0.0999999
v -1.1 2.3 -0.0999999
v -1.1 3.1 -0.0999999
v -1.1 3.2 -0.0999999
v -1 0.9 -0.0999999
v -1 1.2 -0.0999999
v -1 1.3 -0.0999999
v -1 1.4 -0.0999999
v -1 2 -0.0999999
v -1 2.2 -0.0999999
v -0.8 1.3 -0.0999999
v -0.8 1.4 -0.0999999
v -0.7 1.2 -0.0999999
v -0.7 1.3 -0.0999999
v -0.7 1.4 -0.0999999
v -0.7 3.5 -0.0999999
v -0.7 3.6 -0.0999999
v -0.6 3.5 -0.0999999
v -0.6 3.6 -0.0999999
v -0.3 3.6 -0.0999999
v -0.3 3.7 -0.0999999
v -0.2 3.6 -0.0999999
v -0.2 3.7 -0.0999999
v -0.0999999 3.7 -0.0999999
v -0.0999999 3.8 -0.0999999
v 0 2.7 -0.0999999
v 0 2.9 -0.0999999
v 0.1 2.7 -0.0999999
v 0.1 2.9 -0.0999999
v 0.1 3.7 -0.0999999
v 0.1 3.8 -0.0999999
v 0.2 1.6 -0.0999999
v 0.2 1.7 -0.0999999
v 0.2 3.9 -0.0999999
v 0.2 4 -0.0999999
v 0.3 3.9 -0.0999999
v 0.3 4 -0.0999999
v 0.4 1.7 -0.0999999
v 0.4 1.8 -0.0999999
v 0.5 1.6 -0.0999999
v 0.5 1.7 -0.0999999
v 0.5 1.8 -0.0999999
v 0.5 1.9 -0.0999999
v 0.6 1.7 -0.0999999
v 0.6 1.8 -0.0999999
v 0.6 1.9 -0.0999999
v 0.6 2 -0.0999999
v 0.7 1.8 -0.0999999
v 0.7 2 -0.0999999
v 1.2 2.4 -0.0999999
v 1.2 2.5 -0.0999999
v 1.3 2.4 -0.0999999
v 1.3 2.5 -0.0999999
v 1.4 2.7 -0.0999999
v 1.4 2.8 -0.0999999
v 1.5 2.7 -0.0999999
v 1.5 2.8 -0.0999999
v 1.6 2.9 -0.0999999
v 1.6 3 -0.0999999
v 1.7 2.2 -0.0999999
v 1.7 2.3 -0.0999999
v 1.7 2.9 -0.0999999
v 1.7 3 -0.0999999
v 1.8 2.2 -0.0999999
v 1.8 2.3 -0.0999999
v 2.3 1.2 -0.0999999
v 2.3 1.3 -0.0999999
v 2.4 1.2 -0.0999999
v 2.4 1.3 -0.0999999
v 2.5 1.4 -0.0999999
v 2.5 1.5 -0.0999999
v 2.6 1.4 -0.0999999
v 2.6 1.5 -0.0999999
v -1.5 2.7 -0.2
v -1.5 2.9 -0.2
v -1.4 2.7 -0.2
v -1.4 2.9 -0.2
v -1.4 3 -0.2
v -1.3 2.9 -0.2
v -1.3 3 -0.2
v -1.3 3.1 -0.2
v -1.2 3 -0.2
v -1.2 3.1 -0.2
v -1.1 1.4 -0.2
v -1.1 2 -0.2
v -1 1.3 -0.2
v -1 1.4 -0.2
v -1 1.6 -0.2
v -1 2 -0.2
v -1 2.2 -0.2
v -1 2.3 -0.2
v -0.9 1.3 -0.2
v -0.9 1.4 -0.2
v -0.9 1.5 -0.2
v -0.9 1.6 -0.2
v -0.9 2 -0.2
v -0.9 2.1 -0.2
v -0.9 2.2 -0.2
v -0.9 2.3 -0.2
v -0.8 1.3 -0.2
v -0.8 1.4 -0.2
v -0.8 1.5 -0.2
v -0.7 1.3 -0.2
v -0.7 1.4 -0.2
v -0.7 2.2 -0.2
v -0.7 2.3 -0.2
v -0.6 1.3 -0.2
v -0.6 1.4 -0.2
v -0.6 2.3 -0.2
v -0.6 2.4 -0.2
v -0.5 2.1 -0.2
v -0.5 2.4 -0.2
v -0.2 1.3 -0.2
v -0.2 1.4 -0.2
v -0.2 3.6 -0.2
v -0.2 3.7 -0.2
v -0.0999999 1.3 -0.2
v -0.0999999 1.4 -0.2
v -0.0999999 3.6 -0.2
v -0.0999999 3.7 -0.2
v 0.1 2.1 -0.2
v 0.1 2.2 -0.2
v 0.2 1.7 -0.2
v 0.2 1.8 -0.2
v 0.2 2.1 -0.2
v 0.2 2.2 -0.2
v 0.3 1.7 -0.2
v 0.3 1.8 -0.2
v 0.3 1.9 -0.2
v 0.4 1.7 -0.2
v 0.4 1.8 -0.2
v 0.4 1.9 -0.2
v 0.4 2 -0.2
v 0.5 1.8 -0.2
v 0.5 1.9 -0.2
v 0.5 2 -0.2
v 0.5 2.1 -0.2
v 0.6 1.9 -0.2
v 0.6 2 -0.2
v 0.6 2.1 -0.2
v 0.8 2 -0.2
v 0.8 2.1 -0.2
v 0.9 2 -0.2
v 0.9 2.1 -0.2
v 1.1 2.3 -0.2
v 1.1 2.4 -0.2
v 1.2 2.3 -0.2
v 1.2 2.4 -0.2
v 1.2 2.9 -0.2
v 1.2 3.1 -0.2
v 1.3 2.9 -0.2
v 1.3 3.1 -0.2
v 1.5 2.8 -0.2
v 1.5 2.9 -0.2
v 1.6 2.8 -0.2
v 1.6 2.9 -0.2
v 1.6 3 -0.2
v 1.6 3.1 -0.2
v 1.7 3 -0.2
v 1.7 3.1 -0.2
v 2.1 1.2 -0.2
v 2.1 1.3 -0.2
v 2.3 1.2 -0.2
v 2.3 1.3 -0.2
v 2.3 2.2 -0.2
v 2.3 2.3 -0.2
v 2.4 1.3 -0.2
v 2.4 1.4 -0.2
v 2.4 2.2 -0.2
v 2.4 2.3 -0.2
v 2.5 1.3 -0.2
v 2.5 1.4 -0.2
v 2.5 1.5 -0.2
v 2.5 1.7 -0.2
v 2.5 2 -0.2
v 2.5 2.1 -0.2
v 2.6 1.5 -0.2
v 2.6 1.7 -0.2
v 2.6 2 -0.2
v 2.6 2.1 -0.2
v -1.4 2.8 -0.3
v -1.4 2.9 -0.3
v -1.3 2.8 -0.3
v -1.3 2.9 -0.3
v -1 1.6 -0.3
v -1 2 -0.3
v -0.9 1.5 -0.3
v -0.9 1.6 -0.3
v -0.9 1.7 -0.3
v -0.9 1.9 -0.3
v -0.9 2 -0.3
v -0.9 2.1 -0.3
v -0.9 2.2 -0.3
v -0.9 2.3 -0.3
v -0.9 2.4 -0.3
v -0.8 1.4 -0.3
v -0.8 1.5 -0.3
v -0.8 1.7 -0.3
v -0.8 1.9 -0.3
v -0.8 2 -0.3
v -0.7 1.4 -0.3
v -0.7 1.5 -0.3
v -0.7 2 -0.3
v -0.7 2.1 -0.3
v -0.7 2.2 -0.3
v -0.7 2.3 -0.3
v -0.7 2.4 -0.3
v -0.7 2.5 -0.3
v -0.6 1.3 -0.3
v -0.6 1.4 -0.3
v -0.6 2 -0.3
v -0.6 2.1 -0.3
v -0.6 2.3 -0.3
v -0.6 2.4 -0.3
v -0.6 2.5 -0.3
v -0.6 3.5 -0.3
v -0.6 3.6 -0.3
v -0.5 2.1 -0.3
v -0.5 2.4 -0.3
v -0.5 3.5 -0.3
v -0.5 3.6 -0.3
v -0.4 2.1 -0.3
v -0.4 2.5 -0.3
v -0.2 1.3 -0.3
v -0.2 1.4 -0.3
v -0.0999999 1.4 -0.3
v -0.0999999 1.5 -0.3
v 0 1.4 -0.3
v 0 1.5 -0.3
v 0 1.6 -0.3
v 0 2.1 -0.3
v 0 2.2 -0.3
v 0 2.9 -0.3
v 0 3 -0.3
v 0.1 1.5 -0.3
v 0.1 1.6 -0.3
v 0.1 1.7 -0.3
v 0.1 2.1 -0.3
v 0.1 2.2 -0.3
v 0.1 2.9 -0.3
v 0.1 3 -0.3
v 0.2 1.6 -0.3
v 0.2 1.7 -0.3
v 0.2 1.8 -0.3
v 0.2 1.9 -0.3
v 0.2 2.1 -0.3
v 0.2 2.2 -0.3
v 0.3 1.8 -0.3
v 0.3 1.9 -0.3
v 0.3 2 -0.3
v 0.3 2.1 -0.3
v 0.3 2.2 -0.3
v 0.3 3.9 -0.3
v 0.3 4 -0.3
v 0.4 1.9 -0.3
v 0.4 2 -0.3
v 0.4 2.1 -0.3
v 0.4 3.9 -0.3
v 0.4 4 -0.3
v 0.5 2 -0.3
v 0.5 2.1 -0.3
v 0.6 2 -0.3
v 0.6 2.1 -0.3
v 0.8 2 -0.3
v 0.8 2.1 -0.3
v 0.9 2.1 -0.3
v 0.9 2.2 -0.3
v 1 2.1 -0.3
v 1 2.2 -0.3
v 1 2.3 -0.3
v 1.1 1.5 -0.3
v 1.1 1.6 -0.3
v 1.1 1.9 -0.3
v 1.1 2 -0.3
v 1.1 2.2 -0.3
v 1.1 2.3 -0.3
v 1.1 2.4 -0.3
v 1.1 2.5 -0.3
v 1.2 1.5 -0.3
v 1.2 1.6 -0.3
v 1.2 1.9 -0.3
v 1.2 2 -0.3
v 1.2 2.4 -0.3
v 1.2 2.5 -0.3
v 1.3 2.6 -0.3
v 1.3 2.7 -0.3
v 1.3 2.9 -0.3
v 1.3 3 -0.3
v 1.4 1.2 -0.3
v 1.4 1.3 -0.3
v 1.4 2.6 -0.3
v 1.4 2.7 -0.3
v 1.4 2.8 -0.3
v 1.4 2.9 -0.3
v 1.4 3 -0.3
v 1.5 1.2 -0.3
v 1.5 1.3 -0.3
v 1.5 2.8 -0.3
v 1.5 2.9 -0.3
v 1.5 3 -0.3
v 1.6 2.9 -0.3
v 1.6 3 -0.3
v 1.7 1.2 -0.3
v 1.7 1.3 -0.3
v 1.8 1.2 -0.3
v 1.8 1.3 -0.3
v 1.8 2.2 -0.3
v 1.8 2.3 -0.3
v 1.9 2.2 -0.3
v 1.9 2.3 -0.3
v 2.1 2.2 -0.3
v 2.1 2.3 -0.3
v 2.3 1.3 -0.3
v 2.3 1.5 -0.3
v 2.3 2.2 -0.3
v 2.3 2.3 -0.3
v 2.4 1.3 -0.3
v 2.4 1.4 -0.3
v 2.4 1.5 -0.3
v 2.4 1.6 -0.3
v 2.4 2.1 -0.3
v 2.4 2.2 -0.3
v 2.5 1.4 -0.3
v 2.5 1.6 -0.3
v 2.5 1.7 -0.3
v 2.5 2 -0.3
v 2.5 2.1 -0.3
v 2.5 2.2 -0.3
v 2.6 1.7 -0.3
v 2.6 2 -0.3
v -0.9 1.7 -0.4
v -0.9 1.9 -0.4
v -0.8 1.5 -0.4
v -0.8 1.7 -0.4
v -0.8 1.9 -0.4
v -0.8 2 -0.4
v -0.7 1.4 -0.4
v -0.7 1.5 -0.4
v -0.7 1.6 -0.4
v -0.7 1.8 -0.4
v -0.7 2 -0.4
v -0.6 1.5 -0.4
v -0.6 1.6 -0.4
v -0.6 1.8 -0.4
v -0.6 1.9 -0.4
v -0.6 2 -0.4
v -0.6 2.1 -0.4
v -0.5 1.9 -0.4
v -0.5 2 -0.4
v -0.5 3.5 -0.4
v -0.5 3.6 -0.4
v -0.4 2.1 -0.4
v -0.4 2.5 -0.4
v -0.4 3.5 -0.4
v -0.4 3.6 -0.4
v -0.3 2 -0.4
v -0.3 2.3 -0.4
v -0.2 1.5 -0.4
v -0.2 1.6 -0.4
v -0.2 2.3 -0.4
v -0.2 2.4 -0.4
v -0.0999999 1.4 -0.4
v -0.0999999 1.5 -0.4
v -0.0999999 1.6 -0.4
v -0.0999999 1.7 -0.4
v -0.0999999 3.6 -0.4
v -0.0999999 3.7 -0.4
v 0 1.5 -0.4
v 0 1.6 -0.4
v 0 1.7 -0.4
v 0 1.8 -0.4
v 0 2.4 -0.4
v 0 2.5 -0.4
v 0 3 -0.4
v 0 3.1 -0.4
v 0 3.6 -0.4
v 0 3.7 -0.4
v 0.1 1.6 -0.4
v 0.1 1.7 -0.4
v 0.1 1.8 -0.4
v 0.1 2 -0.4
v 0.1 2.3 -0.4
v 0.1 2.4 -0.4
v 0.1 3 -0.4
v 0.1 3.1 -0.4
v 0.2 1.7 -0.4
v 0.2 1.9 -0.4
v 0.2 2 -0.4
v 0.2 2.1 -0.4
v 0.2 3.7 -0.4
v 0.2 3.8 -0.4
v 0.3 1.9 -0.4
v 0.3 2 -0.4
v 0.3 2.1 -0.4
v 0.3 2.2 -0.4
v 0.3 2.3 -0.4
v 0.3 2.4 -0.4
v 0.3 3.7 -0.4
v 0.3 3.8 -0.4
v 0.4 2 -0.4
v 0.4 2.1 -0.4
v 0.4 2.2 -0.4
v 0.4 3.9 -0.4
v 0.4 4 -0.4
v 0.5 3.9 -0.4
v 0.5 4 -0.4
v 0.8 2.2 -0.4
v 0.8 2.3 -0.4
v 0.9 2.1 -0.4
v 0.9 2.2 -0.4
v 0.9 2.3 -0.4
v 0.9 2.4 -0.4
v 1 2.2 -0.4
v 1 2.3 -0.4
v 1 2.4 -0.4
v 1 2.5 -0.4
v 1.1 1.8 -0.4
v 1.1 1.9 -0.4
v 1.1 2.3 -0.4
v 1.1 2.5 -0.4
v 1.2 1.4 -0.4
v 1.2 1.5 -0.4
v 1.2 1.8 -0.4
v 1.2 1.9 -0.4
v 1.2 2 -0.4
v 1.2 2.1 -0.4
v 1.2 2.5 -0.4
v 1.2 2.6 -0.4
v 1.2 3 -0.4
v 1.2 3.1 -0.4
v 1.3 1.3 -0.4
v 1.3 1.4 -0.4
v 1.3 1.5 -0.4
v 1.3 2 -0.4
v 1.3 2.1 -0.4
v 1.3 2.5 -0.4
v 1.3 2.6 -0.4
v 1.3 3 -0.4
v 1.3 3.1 -0.4
v 1.4 1.3 -0.4
v 1.4 1.4 -0.4
v 1.4 2.2 -0.4
v 1.4 2.3 -0.4
v 1.5 1.2 -0.4
v 1.5 1.3 -0.4
v 1.5 2.2 -0.4
v 1.5 2.3 -0.4
v 1.7 1.2 -0.4
v 1.7 1.3 -0.4
v 1.7 2.2 -0.4
v 1.7 2.3 -0.4
v 1.8 2.2 -0.4
v 1.8 2.3 -0.4
v 1.9 2.2 -0.4
v 1.9 2.3 -0.4
v 2.1 2.2 -0.4
v 2.1 2.3 -0.4
v 2.2 2.1 -0.4
v 2.2 2.2 -0.4
v 2.3 1.6 -0.4
v 2.3 1.7 -0.4
v 2.3 2 -0.4
v 2.3 2.1 -0.4
v 2.4 1.6 -0.4
v 2.4 1.7 -0.4
v 2.4 2 -0.4
v 2.4 2.1 -0.4
v 2.4 2.2 -0.4
v 2.5 1.6 -0.4
v 2.5 2.1 -0.4
v -1.2 3.3 -0.5
v -1.2 3.4 -0.5
v -1.1 3.3 -0.5
v -1.1 3.4 -0.5
v -1 3.5 -0.5
v -1 3.6 -0.5
v -0.9 3.5 -0.5
v -0.9 3.6 -0.5
v -0.7 1.6 -0.5
v -0.7 1.8 -0.5
v -0.7 3.5 -0.5
v -0.7 3.6 -0.5
v -0.6 1.5 -0.5
v -0.6 1.6 -0.5
v -0.6 1.8 -0.5
v -0.6 1.9 -0.5
v -0.6 2.5 -0.5
v -0.6 2.6 -0.5
v -0.6 3.5 -0.5
v -0.6 3.6 -0.5
v -0.5 1.9 -0.5
v -0.5 2 -0.5
v -0.5 2.5 -0.5
v -0.5 2.6 -0.5
v -0.4 3.5 -0.5
v -0.4 3.6 -0.5
v -0.3 2 -0.5
v -0.3 2.3 -0.5
v -0.2 1.5 -0.5
v -0.2 1.6 -0.5
v -0.2 2.3 -0.5
v -0.2 2.4 -0.5
v -0.2 2.5 -0.5
v -0.2 2.6 -0.5
v -0.0999999 1.6 -0.5
v -0.0999999 1.7 -0.5
v -0.0999999 2.5 -0.5
v -0.0999999 2.6 -0.5
v -0.0999999 3.5 -0.5
v -0.0999999 3.6 -0.5
v 0 1.7 -0.5
v 0 1.8 -0.5
v 0 2.1 -0.5
v 0 2.4 -0.5
v 0 3.1 -0.5
v 0 3.2 -0.5
v 0 3.6 -0.5
v 0 3.7 -0.5
v 0.1 1.8 -0.5
v 0.1 2 -0.5
v 0.1 2.4 -0.5
v 0.1 2.5 -0.5
v 0.1 3.1 -0.5
v 0.1 3.2 -0.5
v 0.1 3.6 -0.5
v 0.1 3.7 -0.5
v 0.2 2 -0.5
v 0.2 2.1 -0.5
v 0.3 2.3 -0.5
v 0.3 2.4 -0.5
v 0.3 2.5 -0.5
v 0.3 3.8 -0.5
v 0.3 3.9 -0.5
v 0.4 2.2 -0.5
v 0.4 2.3 -0.5
v 0.4 2.4 -0.5
v 0.4 3.8 -0.5
v 0.4 3.9 -0.5
v 0.5 3.9 -0.5
v 0.5 4 -0.5
v 0.6 2.3 -0.5
v 0.6 2.4 -0.5
v 0.6 3.9 -0.5
v 0.6 4 -0.5
v 0.7 2.4 -0.5
v 0.7 2.7 -0.5
v 0.8 2.2 -0.5
v 0.8 2.3 -0.5
v 0.8 2.6 -0.5
v 0.8 2.7 -0.5
v 0.9 2.3 -0.5
v 0.9 2.4 -0.5
v 1 2.4 -0.5
v 1 2.5 -0.5
v 1.1 2.5 -0.5
v 1.1 2.6 -0.5
v 1.2 2.5 -0.5
v 1.2 2.6 -0.5
v 1.2 2.7 -0.5
v 1.3 2.1 -0.5
v 1.3 2.2 -0.5
v 1.3 2.6 -0.5
v 1.3 2.7 -0.5
v 1.4 2.1 -0.5
v 1.4 2.2 -0.5
v 1.4 2.8 -0.5
v 1.4 2.9 -0.5
v 1.5 2.2 -0.5
v 1.5 2.3 -0.5
v 1.5 2.8 -0.5
v 1.5 2.9 -0.5
v 1.5 3 -0.5
v 1.5 3.1 -0.5
v 1.6 3 -0.5
v 1.6 3.1 -0.5
v 1.7 2.2 -0.5
v 1.7 2.3 -0.5
v 1.7 3.2 -0.5
v 1.7 3.3 -0.5
v 1.8 2.1 -0.5
v 1.8 2.2 -0.5
v 1.8 3.2 -0.5
v 1.8 3.3 -0.5
v 2.1 2 -0.5
v 2.1 2.1 -0.5
v 2.2 1.8 -0.5
v 2.2 2 -0.5
v 2.2 2.1 -0.5
v 2.2 2.2 -0.5
v 2.3 1.7 -0.5
v 2.3 1.8 -0.5
v 2.3 2 -0.5
v 2.3 2.1 -0.5
v 2.4 1.7 -0.5
v 2.4 2 -0.5
v -1.6 2.3 -0.6
v -1.6 2.4 -0.6
v -1.6 2.6 -0.6
v -1.6 2.7 -0.6
v -1.5 2.3 -0.6
v -1.5 2.4 -0.6
v -1.5 2.6 -0.6
v -1.5 2.7 -0.6
v -1.4 2.1 -0.6
v -1.4 2.2 -0.6
v -1.3 2.1 -0.6
v -1.3 2.2 -0.6
v -1.1 3.4 -0.6
v -1.1 3.5 -0.6
v -1 3.4 -0.6
v -1 3.5 -0.6
v -0.9 3.5 -0.6
v -0.9 3.6 -0.6
v -0.7 3.5 -0.6
v -0.7 3.6 -0.6
v -0.6 3.4 -0.6
v -0.6 3.5 -0.6
v -0.5 2.5 -0.6
v -0.5 2.6 -0.6
v -0.3 2.5 -0.6
v -0.3 2.6 -0.6
v -0.2 2.5 -0.6
v -0.2 2.6 -0.6
v -0.0999999 2.5 -0.6
v -0.0999999 2.6 -0.6
v -0.0999999 3.4 -0.6
v -0.0999999 3.5 -0.6
v -0.0999999 3.6 -0.6
v 0 2.5 -0.6
v 0 2.6 -0.6
v 0 3.5 -0.6
v 0 3.6 -0.6
v 0.1 3.6 -0.6
v 0.1 3.7 -0.6
v 0.2 3.6 -0.6
v 0.2 3.7 -0.6
v 0.3 2.4 -0.6
v 0.3 2.5 -0.6
v 0.3 3.7 -0.6
v 0.3 3.8 -0.6
v 0.4 2.3 -0.6
v 0.4 2.4 -0.6
v 0.4 3.8 -0.6
v 0.4 3.9 -0.6
v 0.5 2.5 -0.6
v 0.5 2.6 -0.6
v 0.5 3.7 -0.6
v 0.5 3.8 -0.6
v 0.6 2.3 -0.6
v 0.6 2.4 -0.6
v 0.6 3.9 -0.6
v 0.6 4 -0.6
v 0.7 2.4 -0.6
v 0.7 2.6 -0.6
v 0.7 2.7 -0.6
v 0.7 2.8 -0.6
v 0.7 3.8 -0.6
v 0.7 4 -0.6
v 0.8 2.6 -0.6
v 0.8 2.7 -0.6
v 0.9 2.7 -0.6
v 0.9 2.8 -0.6
v 1.1 2.6 -0.6
v 1.2 2.6 -0.6
v 1.2 2.7 -0.6
v 1.3 2.7 -0.6
v 1.3 2.8 -0.6
v 1.4 2.1 -0.6
v 1.4 2.2 -0.6
v 1.4 2.7 -0.6
v 1.4 2.8 -0.6
v 1.4 2.9 -0.6
v 1.4 3 -0.6
v 1.4 3.1 -0.6
v 1.5 2.9 -0.6
v 1.5 3 -0.6
v 1.5 3.1 -0.6
v 1.6 3.1 -0.6
v 1.6 3.2 -0.6
v 1.7 3.1 -0.6
v 1.7 3.2 -0.6
v 1.8 2 -0.6
v 1.8 2.1 -0.6
v 1.8 2.2 -0.6
v 2 1.9 -0.6
v 2 2 -0.6
v 2.1 2 -0.6
v 2.1 2.1 -0.6
v 2.2 1.9 -0.6
v 2.2 2 -0.6
v -1.5 2.2 -0.7
v -1.5 2.3 -0.7
v -1.4 2.2 -0.7
v -1.4 2.3 -0.7
v -1.3 2.1 -0.7
v -1.3 2.2 -0.7
v -1.2 2.1 -0.7
v -1.2 2.2 -0.7
v -1 3.4 -0.7
v -1 3.5 -0.7
v -0.7 3.3 -0.7
v -0.7 3.4 -0.7
v -0.6 3.2 -0.7
v -0.6 3.3 -0.7
v -0.6 3.4 -0.7
v -0.6 3.5 -0.7
v -0.5 2.6 -0.7
v -0.5 2.7 -0.7
v -0.5 3.2 -0.7
v -0.5 3.3 -0.7
v -0.5 3.4 -0.7
v -0.3 2.6 -0.7
v -0.0999999 2.7 -0.7
v -0.0999999 2.8 -0.7
v -0.0999999 3.2 -0.7
v -0.0999999 3.3 -0.7
v -0.0999999 3.4 -0.7
v -0.0999999 3.5 -0.7
v 0 2.5 -0.7
v 0 2.6 -0.7
v 0 2.7 -0.7
v 0 2.8 -0.7
v 0 2.9 -0.7
v 0 3 -0.7
v 0 3.2 -0.7
v 0 3.5 -0.7
v 0 3.6 -0.7
v 0.1 2.6 -0.7
v 0.1 2.7 -0.7
v 0.1 2.9 -0.7
v 0.1 3 -0.7
v 0.1 3.5 -0.7
v 0.1 3.6 -0.7
v 0.2 3.6 -0.7
v 0.2 3.7 -0.7
v 0.3 3.6 -0.7
v 0.3 3.7 -0.7
v 0.5 2.5 -0.7
v 0.5 2.6 -0.7
v 0.5 3.6 -0.7
v 0.5 3.7 -0.7
v 0.5 3.8 -0.7
v 0.6 2.6 -0.7
v 0.6 2.7 -0.7
v 0.7 2.6 -0.7
v 0.7 2.7 -0.7
v 0.7 2.8 -0.7
v 0.7 3 -0.7
v 0.7 3.6 -0.7
v 0.7 3.8 -0.7
v 0.7 4 -0.7
v 0.8 2.9 -0.7
v 0.8 3 -0.7
v 0.8 3.8 -0.7
v 0.8 4 -0.7
v 0.9 2.7 -0.7
v 0.9 2.8 -0.7
v 1 2.8 -0.7
v 1 2.9 -0.7
v 1.2 2.7 -0.7
v 1.2 2.8 -0.7
v 1.2 2.9 -0.7
v 1.3 2.7 -0.7
v 1.3 2.8 -0.7
v 1.3 2.9 -0.7
v 1.3 3.1 -0.7
v 1.4 2.8 -0.7
v 1.4 3 -0.7
v 1.4 3.1 -0.7
v 1.5 3.1 -0.7
v 1.5 3.2 -0.7
v 1.6 3.1 -0.7
v 1.6 3.2 -0.7
v 1.7 3.3 -0.7
v 1.7 3.4 -0.7
v 1.8 1.1 -0.7
v 1.8 1.2 -0.7
v 1.8 3.3 -0.7
v 1.8 3.4 -0.7
v 1.9 1.1 -0.7
v 1.9 1.2 -0.7
v 1.9 1.9 -0.7
v 1.9 2 -0.7
v 2 1.9 -0.7
v 2 2 -0.7
v 2.1 1.1 -0.7
v 2.1 1.2 -0.7
v 2.1 1.8 -0.7
v 2.1 1.9 -0.7
v 2.2 1.1 -0.7
v 2.2 1.2 -0.7
v 2.2 1.8 -0.7
v 2.2 1.9 -0.7
v 2.3 1.3 -0.7
v 2.3 1.4 -0.7
v 2.3 1.6 -0.7
v 2.3 1.7 -0.7
v 2.4 1.3 -0.7
v 2.4 1.4 -0.7
v 2.4 1.6 -0.7
v 2.4 1.7 -0.7
v -1.3 2.2 -0.8
v -1.3 2.3 -0.8
v -1.2 2.2 -0.8
v -1.2 2.3 -0.8
v -1.2 3.3 -0.8
v -1.2 3.4 -0.8
v -1.1 3.3 -0.8
v -1.1 3.4 -0.8
v -0.9 3.3 -0.8
v -0.9 3.4 -0.8
v -0.7 3.1 -0.8
v -0.7 3.2 -0.8
v -0.7 3.3 -0.8
v -0.7 3.4 -0.8
v -0.6 2.8 -0.8
v -0.6 3.1 -0.8
v -0.6 3.2 -0.8
v -0.6 3.3 -0.8
v -0.5 2.7 -0.8
v -0.5 2.8 -0.8
v -0.5 2.9 -0.8
v -0.5 3.1 -0.8
v -0.5 3.2 -0.8
v -0.5 3.3 -0.8
v -0.4 2.8 -0.8
v -0.4 2.9 -0.8
v -0.4 3.1 -0.8
v -0.4 3.2 -0.8
v -0.2 2.8 -0.8
v -0.2 2.9 -0.8
v -0.2 3.1 -0.8
v -0.2 3.2 -0.8
v -0.0999999 2.7 -0.8
v -0.0999999 2.8 -0.8
v -0.0999999 2.9 -0.8
v -0.0999999 3.1 -0.8
v -0.0999999 3.2 -0.8
v -0.0999999 3.3 -0.8
v 0 2.7 -0.8
v 0 2.8 -0.8
v 0 2.9 -0.8
v 0 3 -0.8
v 0 3.2 -0.8
v 0 3.5 -0.8
v 0.1 2.6 -0.8
v 0.1 2.7 -0.8
v 0.1 2.9 -0.8
v 0.1 3 -0.8
v 0.1 3.1 -0.8
v 0.1 3.5 -0.8
v 0.1 3.6 -0.8
v 0.2 2.8 -0.8
v 0.2 3.1 -0.8
v 0.2 3.5 -0.8
v 0.2 3.6 -0.8
v 0.3 2.7 -0.8
v 0.3 2.8 -0.8
v 0.3 3.6 -0.8
v 0.3 3.7 -0.8
v 0.5 2.7 -0.8
v 0.5 2.8 -0.8
v 0.5 3.6 -0.8
v 0.5 3.7 -0.8
v 0.6 2.6 -0.8
v 0.6 2.7 -0.8
v 0.6 2.8 -0.8
v 0.6 3.1 -0.8
v 0.6 3.5 -0.8
v 0.6 3.6 -0.8
v 0.7 2.7 -0.8
v 0.7 3 -0.8
v 0.7 3.1 -0.8
v 0.7 3.5 -0.8
v 0.7 3.6 -0.8
v 0.7 3.8 -0.8
v 0.8 2.9 -0.8
v 0.8 3 -0.8
v 0.8 3.4 -0.8
v 0.8 3.8 -0.8
v 0.8 4 -0.8
v 0.9 3.3 -0.8
v 0.9 3.4 -0.8
v 0.9 3.8 -0.8
v 0.9 4 -0.8
v 1 2.8 -0.8
v 1 2.9 -0.8
v 1.1 3.2 -0.8
v 1.1 3.3 -0.8
v 1.2 2.8 -0.8
v 1.2 2.9 -0.8
v 1.3 2 -0.8
v 1.3 2.1 -0.8
v 1.3 2.9 -0.8
v 1.3 3.1 -0.8
v 1.4 2 -0.8
v 1.4 2.1 -0.8
v 1.4 3.1 -0.8
v 1.4 3.2 -0.8
v 1.5 3.1 -0.8
v 1.5 3.2 -0.8
v 1.6 3.2 -0.8
v 1.6 3.3 -0.8
v 1.7 1.2 -0.8
v 1.7 1.3 -0.8
v 1.7 2 -0.8
v 1.7 2.1 -0.8
v 1.7 3.2 -0.8
v 1.7 3.3 -0.8
v 1.7 3.4 -0.8
v 1.7 3.5 -0.8
v 1.8 1.2 -0.8
v 1.8 1.3 -0.8
v 1.8 2 -0.8
v 1.8 2.1 -0.8
v 1.8 3.4 -0.8
v 1.8 3.5 -0.8
v 1.9 1.1 -0.8
v 1.9 1.2 -0.8
v 2 1.8 -0.8
v 2 1.9 -0.8
v 2.1 1.1 -0.8
v 2.1 1.2 -0.8
v 2.1 1.8 -0.8
v 2.1 1.9 -0.8
v 2.2 1.2 -0.8
v 2.2 1.3 -0.8
v 2.2 1.7 -0.8
v 2.2 1.8 -0.8
v 2.3 1.2 -0.8
v 2.3 1.3 -0.8
v 2.3 1.4 -0.8
v 2.3 1.6 -0.8
v 2.3 1.7 -0.8
v 2.3 1.8 -0.8
v 2.4 1.4 -0.8
v 2.4 1.6 -0.8
v -1.1 3.3 -0.9
v -1.1 3.4 -0.9
v -0.9 3.3 -0.9
v -0.9 3.4 -0.9
v -0.8 3.2 -0.9
v -0.8 3.3 -0.9
v -0.7 3.2 -0.9
v -0.7 3.3 -0.9
v -0.5 2.9 -0.9
v -0.5 3.1 -0.9
v -0.4 2.8 -0.9
v -0.4 2.9 -0.9
v -0.4 3.1 -0.9
v -0.4 3.2 -0.9
v -0.2 2.8 -0.9
v -0.2 2.9 -0.9
v -0.2 3.1 -0.9
v -0.2 3.2 -0.9
v -0.0999999 2.9 -0.9
v -0.0999999 3.1 -0.9
v 0.1 3.1 -0.9
v 0.1 3.5 -0.9
v 0.2 2.8 -0.9
v 0.2 3.1 -0.9
v 0.2 3.2 -0.9
v 0.2 3.4 -0.9
v 0.2 3.5 -0.9
v 0.2 3.6 -0.9
v 0.3 2.7 -0.9
v 0.3 2.8 -0.9
v 0.3 3.1 -0.9
v 0.3 3.2 -0.9
v 0.3 3.4 -0.9
v 0.3 3.5 -0.9
v 0.5 2.7 -0.9
v 0.5 2.8 -0.9
v 0.5 3.1 -0.9
v 0.5 3.2 -0.9
v 0.5 3.4 -0.9
v 0.5 3.5 -0.9
v 0.6 2.8 -0.9
v 0.6 3.1 -0.9
v 0.6 3.2 -0.9
v 0.6 3.4 -0.9
v 0.6 3.5 -0.9
v 0.6 3.6 -0.9
v 0.7 1.7 -0.9
v 0.7 1.8 -0.9
v 0.7 3.1 -0.9
v 0.7 3.5 -0.9
v 0.8 1.7 -0.9
v 0.8 1.8 -0.9
v 0.8 3.4 -0.9
v 0.8 3.8 -0.9
v 0.9 1.9 -0.9
v 0.9 2 -0.9
v 0.9 3.3 -0.9
v 0.9 3.4 -0.9
v 0.9 3.8 -0.9
v 0.9 4 -0.9
v 1 1.9 -0.9
v 1 2 -0.9
v 1 3.3 -0.9
v 1 3.4 -0.9
v 1 3.8 -0.9
v 1 4 -0.9
v 1.1 3.2 -0.9
v 1.1 3.3 -0.9
v 1.4 3.2 -0.9
v 1.4 3.3 -0.9
v 1.5 3.3 -0.9
v 1.5 3.4 -0.9
v 1.6 3.2 -0.9
v 1.6 3.3 -0.9
v 1.6 3.4 -0.9
v 1.6 3.6 -0.9
v 1.7 3.3 -0.9
v 1.7 3.5 -0.9
v 1.7 3.6 -0.9
v 1.8 1.2 -0.9
v 1.8 1.3 -0.9
v 1.8 1.4 -0.9
v 1.8 3.5 -0.9
v 1.8 3.6 -0.9
v 1.9 1.3 -0.9
v 1.9 1.4 -0.9
v 2.1 1.3 -0.9
v 2.1 1.4 -0.9
v 2.1 1.6 -0.9
v 2.1 1.8 -0.9
v 2.2 1.2 -0.9
v 2.2 1.3 -0.9
v 2.2 1.4 -0.9
v 2.2 1.6 -0.9
v 2.2 1.7 -0.9
v 2.2 1.8 -0.9
v 2.3 1.3 -0.9
v 2.3 1.7 -0.9
v -1.2 1.9 -1
v -1.2 2 -1
v -1.2 2.2 -1
v -1.2 2.3 -1
v -1.1 1.9 -1
v -1.1 2 -1
v -1.1 2.2 -1
v -1.1 2.3 -1
v -1.1 3.2 -1
v -1.1 3.3 -1
v -1 1.7 -1
v -1 1.8 -1
v -0.9 1.7 -1
v -0.9 1.8 -1
v -0.9 3.2 -1
v -0.9 3.3 -1
v -0.7 1.7 -1
v -0.7 1.8 -1
v -0.6 1.7 -1
v -0.6 1.8 -1
v -0.5 1.9 -1
v -0.5 2 -1
v -0.5 2.2 -1
v -0.5 2.4 -1
v -0.5 2.6 -1
v -0.5 2.7 -1
v -0.4 1.9 -1
v -0.4 2 -1
v -0.4 2.2 -1
v -0.4 2.4 -1
v -0.4 2.6 -1
v -0.4 2.7 -1
v 0.2 3.2 -1
v 0.2 3.4 -1
v 0.3 3.1 -1
v 0.3 3.2 -1
v 0.3 3.4 -1
v 0.3 3.5 -1
v 0.5 3.1 -1
v 0.5 3.2 -1
v 0.5 3.4 -1
v 0.5 3.5 -1
v 0.6 3.2 -1
v 0.6 3.4 -1
v 0.8 1.8 -1
v 0.8 1.9 -1
v 0.9 1.8 -1
v 0.9 1.9 -1
v 0.9 3.4 -1
v 0.9 3.8 -1
v 1 1.9 -1
v 1 2 -1
v 1 3.3 -1
v 1 3.4 -1
v 1 3.5 -1
v 1 3.7 -1
v 1 3.8 -1
v 1 4 -1
v 1.1 1.9 -1
v 1.1 2 -1
v 1.1 3.4 -1
v 1.1 3.5 -1
v 1.1 3.7 -1
v 1.1 3.8 -1
v 1.1 3.9 -1
v 1.1 4 -1
v 1.2 3.8 -1
v 1.2 3.9 -1
v 1.4 3.3 -1
v 1.4 3.4 -1
v 1.4 3.5 -1
v 1.4 3.7 -1
v 1.4 3.8 -1
v 1.5 3.3 -1
v 1.5 3.4 -1
v 1.5 3.5 -1
v 1.5 3.7 -1
v 1.5 3.8 -1
v 1.6 3.4 -1
v 1.6 3.6 -1
v 1.6 3.7 -1
v 1.7 3.6 -1
v 1.7 3.7 -1
v 1.7 3.8 -1
v 1.8 3.6 -1
v 1.8 3.8 -1
v 1.9 1.3 -1
v 1.9 1.4 -1
v 2 1.4 -1
v 2 1.5 -1
v 2.1 1.3 -1
v 2.1 1.4 -1
v 2.1 1.5 -1
v 2.1 1.6 -1
v 2.2 1.4 -1
v 2.2 1.6 -1
v -1.7 3 -1.1
v -1.7 3.1 -1.1
v -1.6 3 -1.1
v -1.6 3.1 -1.1
v -1.5 3.2 -1.1
v -1.5 3.3 -1.1
v -1.4 3.2 -1.1
v -1.4 3.3 -1.1
v -1.2 2 -1.1
v -1.2 2.2 -1.1
v -1.2 3.2 -1.1
v -1.2 3.3 -1.1
v -1.1 1.8 -1.1
v -1.1 1.9 -1.1
v -1.1 2 -1.1
v -1.1 2.2 -1.1
v -1.1 3.2 -1.1
v -1.1 3.3 -1.1
v -1 1.8 -1.1
v -1 1.9 -1.1
v -0.9 1.7 -1.1
v -0.9 1.8 -1.1
v -0.7 1.7 -1.1
v -0.7 1.8 -1.1
v -0.6 1.8 -1.1
v -0.6 1.9 -1.1
v -0.5 1.8 -1.1
v -0.5 1.9 -1.1
v -0.5 2 -1.1
v -0.5 2.2 -1.1
v -0.5 2.4 -1.1
v -0.5 2.6 -1.1
v -0.4 2 -1.1
v -0.4 2.2 -1.1
v -0.4 2.4 -1.1
v -0.4 2.6 -1.1
v 0.9 1.8 -1.1
v 0.9 1.9 -1.1
v 1 1.8 -1.1
v 1 1.9 -1.1
v 1 3.5 -1.1
v 1 3.7 -1.1
v 1.1 3.4 -1.1
v 1.1 3.5 -1.1
v 1.1 3.7 -1.1
v 1.1 3.8 -1.1
v 1.1 3.9 -1.1
v 1.1 4 -1.1
v 1.2 3.8 -1.1
v 1.2 3.9 -1.1
v 1.4 3.4 -1.1
v 1.4 3.5 -1.1
v 1.4 3.7 -1.1
v 1.4 3.8 -1.1
v 1.4 3.9 -1.1
v 1.5 3.5 -1.1
v 1.5 3.7 -1.1
v 1.5 3.8 -1.1
v 1.6 3.7 -1.1
v 1.6 3.9 -1.1
v 1.6 4 -1.1
v 1.7 3.7 -1.1
v 1.7 3.8 -1.1
v 1.8 3.8 -1.1
v 1.8 3.9 -1.1
v -1.9 2.3 -1.2
v -1.9 2.4 -1.2
v -1.8 2.3 -1.2
v -1.8 2.4 -1.2
v -1.7 2.1 -1.2
v -1.7 2.2 -1.2
v -1.7 2.8 -1.2
v -1.7 3 -1.2
v -1.6 2.1 -1.2
v -1.6 2.2 -1.2
v -1.6 2.8 -1.2
v -1.6 3 -1.2
v -1.6 3.1 -1.2
v -1.6 3.2 -1.2
v -1.5 3.1 -1.2
v -1.5 3.2 -1.2
v -1.4 2.1 -1.2
v -1.4 2.2 -1.2
v -1.4 3.2 -1.2
v -1.4 3.3 -1.2
v -1.3 2.1 -1.2
v -1.3 2.2 -1.2
v -1.2 3.2 -1.2
v -1.2 3.3 -1.2
v -1.1 1.9 -1.2
v -1.1 2.2 -1.2
v -1 1.8 -1.2
v -1 1.9 -1.2
v -1 2 -1.2
v -1 2.2 -1.2
v -0.9 1.9 -1.2
v -0.9 2 -1.2
v -0.7 1.9 -1.2
v -0.7 2 -1.2
v -0.7 2.2 -1.2
v -0.7 2.4 -1.2
v -0.6 1.8 -1.2
v -0.6 1.9 -1.2
v -0.6 2 -1.2
v -0.6 2.2 -1.2
v -0.6 2.4 -1.2
v -0.6 2.5 -1.2
v -0.5 1.9 -1.2
v -0.5 2.5 -1.2
v 1.2 2 -1.2
v 1.2 2.1 -1.2
v 1.3 2 -1.2
v 1.3 2.1 -1.2
v 1.8 2 -1.2
v 1.8 2.1 -1.2
v 1.9 2 -1.2
v 1.9 2.1 -1.2
v 2 1.5 -1.2
v 2 1.6 -1.2
v 2 1.8 -1.2
v 2 1.9 -1.2
v 2.1 1.5 -1.2
v 2.1 1.6 -1.2
v 2.1 1.8 -1.2
v 2.1 1.9 -1.2
v -1.9 2.4 -1.3
v -1.9 2.5 -1.3
v -1.8 2.2 -1.3
v -1.8 2.3 -1.3
v -1.8 2.4 -1.3
v -1.8 2.5 -1.3
v -1.8 2.7 -1.3
v -1.8 2.8 -1.3
v -1.7 2.2 -1.3
v -1.7 2.3 -1.3
v -1.7 2.7 -1.3
v -1.7 2.8 -1.3
v -1.6 2.1 -1.3
v -1.6 2.2 -1.3
v -1.6 2.8 -1.3
v -1.6 3.1 -1.3
v -1.5 2.8 -1.3
v -1.5 3 -1.3
v -1.5 3.1 -1.3
v -1.5 3.2 -1.3
v -1.4 2.1 -1.3
v -1.4 2.2 -1.3
v -1.4 3 -1.3
v -1.4 3.1 -1.3
v -1.3 3.1 -1.3
v -1.3 3.2 -1.3
v -1 2 -1.3
v -1 2.1 -1.3
v -0.9 1.9 -1.3
v -0.9 2 -1.3
v -0.7 1.9 -1.3
v -0.7 2 -1.3
v -0.7 2.1 -1.3
v -0.7 2.2 -1.3
v -0.6 2 -1.3
v -0.6 2.2 -1.3
v -0.5 2.6 -1.3
v -0.5 2.7 -1.3
v -0.4 2.6 -1.3
v -0.4 2.7 -1.3
v 1.1 1.9 -1.3
v 1.1 2 -1.3
v 1.2 1.9 -1.3
v 1.2 2 -1.3
v 1.3 2 -1.3
v 1.3 2.1 -1.3
v 1.8 2 -1.3
v 1.8 2.1 -1.3
v 1.9 1.4 -1.3
v 1.9 1.5 -1.3
v 1.9 1.9 -1.3
v 1.9 2 -1.3
v 2 1.4 -1.3
v 2 1.5 -1.3
v 2 1.6 -1.3
v 2 1.8 -1.3
v 2 1.9 -1.3
v 2 2 -1.3
v 2.1 1.6 -1.3
v 2.1 1.8 -1.3
v -1.8 2.3 -1.4
v -1.8 2.5 -1.4
v -1.8 2.7 -1.4
v -1.7 2.2 -1.4
v -1.7 2.3 -1.4
v -1.7 2.4 -1.4
v -1.7 2.5 -1.4
v -1.7 2.6 -1.4
v -1.7 2.7 -1.4
v -1.7 2.8 -1.4
v -1.6 2.3 -1.4
v -1.6 2.4 -1.4
v -1.6 2.6 -1.4
v -1.6 2.7 -1.4
v -1.5 2.8 -1.4
v -1.5 3 -1.4
v -1.4 2.6 -1.4
v -1.4 2.7 -1.4
v -1.4 3 -1.4
v -1.4 3.1 -1.4
v -1.3 2.2 -1.4
v -1.3 2.3 -1.4
v -1.3 2.6 -1.4
v -1.3 3.1 -1.4
v -0.6 2.5 -1.4
v -0.6 2.6 -1.4
v -0.5 2.5 -1.4
v -0.5 2.6 -1.4
v -0.5 2.7 -1.4
v -0.5 3 -1.4
v -0.4 2.7 -1.4
v -0.4 3 -1.4
v 0.8 1 -1.4
v 0.8 1.1 -1.4
v 0.8 1.7 -1.4
v 0.8 1.8 -1.4
v 0.9 1 -1.4
v 0.9 1.1 -1.4
v 0.9 1.7 -1.4
v 0.9 1.8 -1.4
v 1 1.8 -1.4
v 1 1.9 -1.4
v 1.1 1 -1.4
v 1.1 1.1 -1.4
v 1.1 1.8 -1.4
v 1.1 1.9 -1.4
v 1.2 1 -1.4
v 1.2 1.1 -1.4
v 1.2 1.9 -1.4
v 1.2 2 -1.4
v 1.3 0.9 -1.4
v 1.3 1 -1.4
v 1.4 0.9 -1.4
v 1.4 1 -1.4
v 1.6 0.9 -1.4
v 1.6 1 -1.4
v 1.7 0.9 -1.4
v 1.7 1 -1.4
v 1.8 1.1 -1.4
v 1.8 1.2 -1.4
v 1.8 1.4 -1.4
v 1.8 1.6 -1.4
v 1.8 1.8 -1.4
v 1.8 1.9 -1.4
v 1.9 1.1 -1.4
v 1.9 1.2 -1.4
v 1.9 1.4 -1.4
v 1.9 1.5 -1.4
v 1.9 1.6 -1.4
v 1.9 1.8 -1.4
v 1.9 1.9 -1.4
v 1.9 2 -1.4
v 2 1.5 -1.4
v 2 1.9 -1.4
v -1.7 2.4 -1.5
v -1.7 2.5 -1.5
v -1.7 2.6 -1.5
v -1.6 2.3 -1.5
v -1.6 2.4 -1.5
v -1.6 2.6 -1.5
v -1.6 2.7 -1.5
v -1.4 2.3 -1.5
v -1.4 2.6 -1.5
v -1.4 2.7 -1.5
v -0.3 3.2 -1.5
v -0.3 3.3 -1.5
v -0.2 3.2 -1.5
v -0.2 3.3 -1.5
v 0.9 1 -1.5
v 0.9 1.1 -1.5
v 0.9 1.7 -1.5
v 0.9 1.8 -1.5
v 1.1 1 -1.5
v 1.1 1.1 -1.5
v 1.1 1.8 -1.5
v 1.1 1.9 -1.5
v 1.2 1 -1.5
v 1.2 1.1 -1.5
v 1.2 1.7 -1.5
v 1.2 1.8 -1.5
v 1.3 1 -1.5
v 1.3 1.1 -1.5
v 1.4 0.9 -1.5
v 1.4 1 -1.5
v 1.4 1.7 -1.5
v 1.4 1.8 -1.5
v 1.5 1.6 -1.5
v 1.5 1.7 -1.5
v 1.6 0.9 -1.5
v 1.6 1 -1.5
v 1.7 1 -1.5
v 1.7 1.1 -1.5
v 1.7 1.5 -1.5
v 1.7 1.6 -1.5
v 1.8 1 -1.5
v 1.8 1.1 -1.5
v 1.8 1.2 -1.5
v 1.8 1.4 -1.5
v 1.8 1.5 -1.5
v 1.8 1.6 -1.5
v 1.8 1.8 -1.5
v 1.8 1.9 -1.5
v 1.9 1.2 -1.5
v 1.9 1.4 -1.5
v 1.9 1.6 -1.5
v 1.9 1.8 -1.5
v -3.4 1.3 -1.6
v -3.4 1.8 -1.6
v -3.3 1.3 -1.6
v -3.3 1.8 -1.6
v -0.3 3.3 -1.6
v -0.3 3.5 -1.6
v -0.2 3.3 -1.6
v -0.2 3.5 -1.6
v 1.1 1.1 -1.6
v 1.1 1.2 -1.6
v 1.1 1.6 -1.6
v 1.1 1.7 -1.6
v 1.2 1.2 -1.6
v 1.2 1.6 -1.6
v 1.2 1.7 -1.6
v 1.2 1.8 -1.6
v 1.3 1 -1.6
v 1.3 1.1 -1.6
v 1.3 1.2 -1.6
v 1.3 1.4 -1.6
v 1.4 1.1 -1.6
v 1.4 1.2 -1.6
v 1.4 1.4 -1.6
v 1.4 1.5 -1.6
v 1.4 1.7 -1.6
v 1.4 1.8 -1.6
v 1.5 1.6 -1.6
v 1.5 1.7 -1.6
v 1.6 1.1 -1.6
v 1.6 1.2 -1.6
v 1.6 1.4 -1.6
v 1.6 1.5 -1.6
v 1.7 1 -1.6
v 1.7 1.1 -1.6
v 1.7 1.2 -1.6
v 1.7 1.4 -1.6
v 1.7 1.5 -1.6
v 1.7 1.6 -1.6
v 1.8 1.1 -1.6
v 1.8 1.5 -1.6
v 3.2 1.1 -1.6
v 3.2 1.2 -1.6
v 3.3 1.1 -1.6
v 3.3 1.2 -1.6
v -1.4 2.2 -1.7
v -1.4 2.3 -1.7
v -1.4 2.5 -1.7
v -1.4 2.6 -1.7
v -1.4 3 -1.7
v -1.4 3.1 -1.7
v -1.4 3.3 -1.7
v -1.4 3.4 -1.7
v -1.3 2.2 -1.7
v -1.3 2.3 -1.7
v -1.3 2.5 -1.7
v -1.3 2.6 -1.7
v -1.3 3 -1.7
v -1.3 3.1 -1.7
v -1.3 3.3 -1.7
v -1.3 3.4 -1.7
v -0.6 2.2 -1.7
v -0.6 2.3 -1.7
v -0.6 2.5 -1.7
v -0.6 2.7 -1.7
v -0.5 2.2 -1.7
v -0.5 2.3 -1.7
v -0.5 2.5 -1.7
v -0.5 2.7 -1.7
v -0.2 3.6 -1.7
v -0.2 3.7 -1.7
v -0.2 3.9 -1.7
v -0.2 4 -1.7
v -0.0999999 3.6 -1.7
v -0.0999999 3.7 -1.7
v -0.0999999 3.9 -1.7
v -0.0999999 4 -1.7
v 1.3 1.2 -1.7
v 1.3 1.4 -1.7
v 1.4 1.1 -1.7
v 1.4 1.2 -1.7
v 1.4 1.4 -1.7
v 1.4 1.5 -1.7
v 1.6 1.1 -1.7
v 1.6 1.2 -1.7
v 1.6 1.4 -1.7
v 1.6 1.5 -1.7
v 1.7 1.2 -1.7
v 1.7 1.4 -1.7
v -3 0.5 -1.8
v -3 0.6 -1.8
v -2.9 0.3 -1.8
v -2.9 0.5 -1.8
v -2.8 0.2 -1.8
v -2.8 0.3 -1.8
v -2.6 0.1 -1.8
v -2.6 0.2 -1.8
v -2.1 0.1 -1.8
v -2.1 0.2 -1.8
v -1.9 0.2 -1.8
v -1.9 0.3 -1.8
v -1.8 0.3 -1.8
v -1.8 0.5 -1.8
v -1.7 0.5 -1.8
v -1.7 0.6 -1.8
v -1.4 2.3 -1.8
v -1.4 2.5 -1.8
v -1.3 2.1 -1.8
v -1.3 2.2 -1.8
v -1.3 2.3 -1.8
v -1.3 2.5 -1.8
v -1.3 2.6 -1.8
v -1.3 3 -1.8
v -1.2 2.1 -1.8
v -1.2 2.2 -1.8
v -1.2 2.6 -1.8
v -1.2 3 -1.8
v -0.6 2.3 -1.8
v -0.6 2.5 -1.8
v -0.5 2.3 -1.8
v -0.5 2.5 -1.8
v -0.3 3.5 -1.8
v -0.3 3.6 -1.8
v -0.2 3.5 -1.8
v -0.2 3.6 -1.8
v 0.4 1.2 -1.8
v 0.4 1.3 -1.8
v 0.4 1.5 -1.8
v 0.4 1.6 -1.8
v 0.5 1.2 -1.8
v 0.5 1.3 -1.8
v 0.5 1.5 -1.8
v 0.5 1.6 -1.8
v 0.6 1.7 -1.8
v 0.6 1.8 -1.8
v 0.7 1.7 -1.8
v 0.7 1.8 -1.8
v 0.9 1.7 -1.8
v 0.9 1.8 -1.8
v 1 1.7 -1.8
v 1 1.8 -1.8
v 1.1 1.2 -1.8
v 1.1 1.3 -1.8
v 1.1 1.5 -1.8
v 1.1 1.6 -1.8
v 1.2 1.2 -1.8
v 1.2 1.3 -1.8
v 1.2 1.5 -1.8
v 1.2 1.6 -1.8
v 1.6 0.5 -1.8
v 1.6 0.6 -1.8
v 1.7 0.3 -1.8
v 1.7 0.5 -1.8
v 1.8 0.2 -1.8
v 1.8 0.3 -1.8
v 2 0.1 -1.8
v 2 0.2 -1.8
v 2.5 0.1 -1.8
v 2.5 0.2 -1.8
v 2.7 0.2 -1.8
v 2.7 0.3 -1.8
v 2.8 0.3 -1.8
v 2.8 0.5 -1.8
v 2.8 0.6 -1.8
v 2.8 0.7 -1.8
v 2.9 0.5 -1.8
v 2.9 0.7 -1.8
v -3.1 0.5 1.8
v -3.1 0.6 1.8
v -3 0.3 1.8
v -3 0.5 1.8
v -2.9 0.2 1.8
v -2.9 0.3 1.8
v -2.7 0.1 1.8
v -2.7 0.2 1.8
v -2.2 0.1 1.8
v -2.2 0.2 1.8
v -2 0.2 1.8
v -2 0.3 1.8
v -1.9 0.3 1.8
v -1.9 0.5 1.8
v -1.8 0.5 1.8
v -1.8 0.6 1.8
v 1.8 0.5 1.8
v 1.8 0.6 1.8
v 1.9 0.4 1.8
v 1.9 0.5 1.8
v 2 0.3 1.8
v 2 0.4 1.8
v 2.2 0.2 1.8
v 2.2 0.3 1.8
v 2.7 0.2 1.8
v 2.7 0.3 1.8
v 2.8 0.6 1.8
v 2.8 0.7 1.8
v 2.9 0.3 1.8
v 2.9 0.4 1.8
v 2.9 0.7 1.8
v 2.9 0.8 1.8
v 3 0.4 1.8
v 3 0.5 1.8
v 3 0.8 1.8
v 3 0.9 1.8
v 3.1 0.5 1.8
v 3.1 0.7 1.8
v 3.1 0.9 1.8
v 3.1 1.2 1.8
v 3.1 1.4 1.8
v 3.2 0.7 1.8
v 3.2 1.2 1.8
v 3.2 1.4 1.8
v -1.7 1.2 1.7
v -1.7 1.3 1.7
v -1.6 1.2 1.7
v -1.6 1.3 1.7
v -1.3 1.2 1.7
v -1.3 1.3 1.7
v -1.2 1.2 1.7
v -1.2 1.3 1.7
v -1.2 1.4 1.7
v -1.2 1.7 1.7
v -1.2 1.8 1.7
v -1.1 1.3 1.7
v -1.1 1.4 1.7
v -1.1 1.7 1.7
v -1.1 1.8 1.7
v -0.2 2.3 1.7
v -0.2 2.6 1.7
v -0.2 2.7 1.7
v -0.0999999 2.5 1.7
v -0.0999999 2.6 1.7
v 0 2.3 1.7
v 0 2.5 1.7
v 0.1 2.3 1.7
v 0.1 2.7 1.7
v 0.9 3.2 1.7
v 0.9 4 1.7
v 1.3 3.2 1.7
v 1.3 3.4 1.7
v 1.3 4 1.7
v 1.4 3 1.7
v 1.4 3.3 1.7
v 1.5 3.2 1.7
v 1.5 3.3 1.7
v 1.6 3 1.7
v 1.6 3.2 1.7
v 2.2 2.2 1.7
v 2.2 2.3 1.7
v 2.3 2.1 1.7
v 2.3 2.2 1.7
v 2.3 2.3 1.7
v 2.5 2.1 1.7
v 2.5 2.2 1.7
v 2.8 1.9 1.7
v 2.8 2 1.7
v 2.9 1.9 1.7
v 2.9 2 1.7
v -3.4 1.3 1.6
v -3.4 1.8 1.6
v -3.3 1.3 1.6
v -3.3 1.8 1.6
v -1.3 2.3 1.6
v -1.3 2.5 1.6
v -1.2 2.2 1.6
v -1.2 2.3 1.6
v -1.2 2.5 1.6
v -1.2 2.7 1.6
v -1.1 2.7 1.6
v -1.1 2.8 1.6
v -1 2.2 1.6
v -1 2.3 1.6
v -0.9 2.3 1.6
v -0.9 2.4 1.6
v -0.9 2.8 1.6
v -0.9 2.9 1.6
v -0.8 2.4 1.6
v -0.8 2.5 1.6
v -0.7 2.5 1.6
v -0.7 2.6 1.6
v -0.7 2.7 1.6
v -0.7 2.9 1.6
v -0.5 2.6 1.6
v -0.5 2.7 1.6
v -0.3 2.3 1.6
v -0.3 2.6 1.6
v -0.3 2.7 1.6
v -0.3 2.9 1.6
v -0.3 3 1.6
v -0.2 2.2 1.6
v -0.2 2.3 1.6
v -0.2 2.7 1.6
v -0.2 2.8 1.6
v -0.2 2.9 1.6
v -0.2 3 1.6
v -0.0999999 2.2 1.6
v 0.1 2.2 1.6
v 0.1 2.3 1.6
v 0.1 2.7 1.6
v 0.1 2.8 1.6
v 0.1 3.1 1.6
v 0.2 2.2 1.6
v 0.2 2.3 1.6
v 0.2 3.2 1.6
v 0.2 3.5 1.6
v 0.3 3.1 1.6
v 0.3 3.2 1.6
v 0.4 2.8 1.6
v 0.4 3.1 1.6
v 0.5 2.2 1.6
v 0.5 2.3 1.6
v 0.5 2.4 1.6
v 0.5 3.5 1.6
v 0.5 3.6 1.6
v 0.6 3.1 1.6
v 0.6 3.3 1.6
v 0.7 2.4 1.6
v 0.7 2.7 1.6
v 0.8 2.8 1.6
v 0.8 3.1 1.6
v 0.8 3.2 1.6
v 0.8 3.3 1.6
v 0.8 3.6 1.6
v 0.8 4 1.6
v 0.9 3.1 1.6
v 0.9 3.2 1.6
v 0.9 4 1.6
v 1.1 2.8 1.6
v 1.1 2.9 1.6
v 1.2 2.9 1.6
v 1.2 3.1 1.6
v 1.3 3 1.6
v 1.3 3.1 1.6
v 1.3 3.2 1.6
v 1.3 3.4 1.6
v 1.4 2.9 1.6
v 1.4 3 1.6
v 1.4 3.4 1.6
v 1.7 2.9 1.6
v 1.7 3 1.6
v 2.1 2.2 1.6
v 2.1 2.4 1.6
v 2.2 2.1 1.6
v 2.2 2.2 1.6
v 2.2 2.4 1.6
v 2.3 2.1 1.6
v 2.3 2.2 1.6
v 2.4 2 1.6
v 2.4 2.1 1.6
v 2.7 2 1.6
v 2.7 2.1 1.6
v 3 1.8 1.6
v 3 1.9 1.6
v 3.1 1.8 1.6
v 3.1 1.9 1.6
v -1.4 2.2 1.5
v -1.4 2.6 1.5
v -1.3 2.1 1.5
v -1.3 2.2 1.5
v -1.3 2.3 1.5
v -1.3 2.5 1.5
v -1.3 2.6 1.5
v -1.3 2.8 1.5
v -1.2 2.2 1.5
v -1.2 2.3 1.5
v -1.2 2.5 1.5
v -1.2 2.7 1.5
v -1.2 2.8 1.5
v -1.2 2.9 1.5
v -1.1 1.9 1.5
v -1.1 2.1 1.5
v -1.1 2.7 1.5
v -1.1 2.8 1.5
v -1 1.8 1.5
v -1 1.9 1.5
v -1 2.2 1.5
v -1 2.3 1.5
v -1 2.9 1.5
v -1 3 1.5
v -0.9 2.3 1.5
v -0.9 2.4 1.5
v -0.9 2.8 1.5
v -0.9 2.9 1.5
v -0.8 1.8 1.5
v -0.8 1.9 1.5
v -0.8 2.2 1.5
v -0.8 2.3 1.5
v -0.8 2.4 1.5
v -0.8 2.5 1.5
v -0.7 1.3 1.5
v -0.7 1.5 1.5
v -0.7 1.9 1.5
v -0.7 2.2 1.5
v -0.7 2.3 1.5
v -0.7 2.4 1.5
v -0.7 2.5 1.5
v -0.7 2.6 1.5
v -0.7 2.9 1.5
v -0.7 3 1.5
v -0.6 1.2 1.5
v -0.6 1.3 1.5
v -0.6 1.5 1.5
v -0.6 1.6 1.5
v -0.6 2.4 1.5
v -0.6 2.5 1.5
v -0.5 2.5 1.5
v -0.5 2.6 1.5
v -0.5 3.2 1.5
v -0.5 3.4 1.5
v -0.4 1.2 1.5
v -0.4 1.3 1.5
v -0.4 1.5 1.5
v -0.4 1.6 1.5
v -0.4 3.1 1.5
v -0.4 3.2 1.5
v -0.4 3.4 1.5
v -0.4 3.5 1.5
v -0.3 1.3 1.5
v -0.3 1.5 1.5
v -0.3 3 1.5
v -0.3 3.1 1.5
v -0.2 2.9 1.5
v -0.2 3 1.5
v -0.0999999 2.9 1.5
v -0.0999999 3 1.5
v -0.0999999 3.4 1.5
v -0.0999999 3.5 1.5
v 0 2.8 1.5
v 0 3 1.5
v 0 3.2 1.5
v 0 3.4 1.5
v 0.1 2.2 1.5
v 0.1 2.3 1.5
v 0.1 2.7 1.5
v 0.1 2.8 1.5
v 0.1 3.1 1.5
v 0.1 3.2 1.5
v 0.1 3.5 1.5
v 0.2 2.1 1.5
v 0.2 2.2 1.5
v 0.2 2.3 1.5
v 0.2 3.2 1.5
v 0.2 3.5 1.5
v 0.2 3.6 1.5
v 0.3 2.1 1.5
v 0.3 3.1 1.5
v 0.3 3.2 1.5
v 0.4 2.8 1.5
v 0.4 3.1 1.5
v 0.5 2.1 1.5
v 0.5 2.2 1.5
v 0.5 2.3 1.5
v 0.5 2.4 1.5
v 0.5 3.5 1.5
v 0.5 3.6 1.5
v 0.5 3.7 1.5
v 0.6 2.2 1.5
v 0.6 2.3 1.5
v 0.6 3.1 1.5
v 0.6 3.3 1.5
v 0.7 2.3 1.5
v 0.7 2.4 1.5
v 0.7 2.7 1.5
v 0.8 2.4 1.5
v 0.8 2.7 1.5
v 0.8 2.8 1.5
v 0.8 3.1 1.5
v 0.8 3.2 1.5
v 0.8 3.3 1.5
v 0.8 3.6 1.5
v 0.8 3.7 1.5
v 0.9 3.1 1.5
v 0.9 3.2 1.5
v 1.1 2.7 1.5
v 1.1 2.8 1.5
v 1.1 2.9 1.5
v 1.2 2.8 1.5
v 1.2 2.9 1.5
v 1.2 3.1 1.5
v 1.3 2.9 1.5
v 1.3 3 1.5
v 1.3 3.1 1.5
v 2 2.1 1.5
v 2 2.5 1.5
v 2.1 2 1.5
v 2.1 2.1 1.5
v 2.1 2.2 1.5
v 2.1 2.5 1.5
v 2.2 2.1 1.5
v 2.2 2.2 1.5
v 2.4 2 1.5
v 2.4 2.1 1.5
v 2.9 1.8 1.5
v 2.9 1.9 1.5
v 3 1.8 1.5
v 3 1.9 1.5
v -1.5 2.1 1.4
v -1.5 2.2 1.4
v -1.5 2.3 1.4
v -1.5 2.5 1.4
v -1.4 2 1.4
v -1.4 2.1 1.4
v -1.4 2.2 1.4
v -1.4 2.5 1.4
v -1.4 2.6 1.4
v -1.4 2.7 1.4
v -1.3 0.8 1.4
v -1.3 1 1.4
v -1.3 2.1 1.4
v -1.3 2.2 1.4
v -1.3 2.6 1.4
v -1.3 2.7 1.4
v -1.3 2.8 1.4
v -1.3 2.9 1.4
v -1.2 0.7 1.4
v -1.2 0.8 1.4
v -1.2 1 1.4
v -1.2 1.1 1.4
v -1.2 1.8 1.4
v -1.2 2 1.4
v -1.2 2.8 1.4
v -1.2 2.9 1.4
v -1.1 1.7 1.4
v -1.1 1.8 1.4
v -1.1 1.9 1.4
v -1.1 2.1 1.4
v -1.1 2.9 1.4
v -1.1 3 1.4
v -1 0.7 1.4
v -1 0.8 1.4
v -1 1 1.4
v -1 1.1 1.4
v -1 1.2 1.4
v -1 1.4 1.4
v -1 1.8 1.4
v -1 1.9 1.4
v -1 2.9 1.4
v -1 3 1.4
v -0.9 0.8 1.4
v -0.9 1 1.4
v -0.9 1.1 1.4
v -0.9 1.2 1.4
v -0.9 1.4 1.4
v -0.9 1.5 1.4
v -0.9 3 1.4
v -0.9 3.1 1.4
v -0.8 1.5 1.4
v -0.8 1.6 1.4
v -0.8 1.8 1.4
v -0.8 1.9 1.4
v -0.8 2.2 1.4
v -0.8 2.3 1.4
v -0.7 1.3 1.4
v -0.7 1.5 1.4
v -0.7 1.6 1.4
v -0.7 1.7 1.4
v -0.7 1.8 1.4
v -0.7 1.9 1.4
v -0.7 2.2 1.4
v -0.7 2.3 1.4
v -0.7 2.4 1.4
v -0.7 3 1.4
v -0.7 3.1 1.4
v -0.6 1.2 1.4
v -0.6 1.3 1.4
v -0.6 1.5 1.4
v -0.6 1.6 1.4
v -0.6 1.8 1.4
v -0.6 2.2 1.4
v -0.6 2.4 1.4
v -0.6 2.5 1.4
v -0.6 2.9 1.4
v -0.6 3 1.4
v -0.6 3.1 1.4
v -0.6 3.5 1.4
v -0.5 2.5 1.4
v -0.5 2.6 1.4
v -0.5 2.9 1.4
v -0.5 3 1.4
v -0.5 3.2 1.4
v -0.5 3.4 1.4
v -0.5 3.5 1.4
v -0.5 3.6 1.4
v -0.4 1.2 1.4
v -0.4 1.3 1.4
v -0.4 1.5 1.4
v -0.4 1.6 1.4
v -0.4 2.2 1.4
v -0.4 2.3 1.4
v -0.4 3 1.4
v -0.4 3.2 1.4
v -0.4 3.4 1.4
v -0.4 3.5 1.4
v -0.3 1.1 1.4
v -0.3 1.2 1.4
v -0.3 1.3 1.4
v -0.3 1.5 1.4
v -0.3 1.6 1.4
v -0.3 1.7 1.4
v -0.3 1.9 1.4
v -0.3 2.2 1.4
v -0.3 2.3 1.4
v -0.3 2.6 1.4
v -0.2 1.2 1.4
v -0.2 1.6 1.4
v -0.2 2.2 1.4
v -0.2 2.3 1.4
v -0.2 2.8 1.4
v -0.2 2.9 1.4
v -0.0999999 2.9 1.4
v -0.0999999 3 1.4
v -0.0999999 3.4 1.4
v -0.0999999 3.5 1.4
v 0 1.9 1.4
v 0 2.1 1.4
v 0 2.8 1.4
v 0 3 1.4
v 0 3.2 1.4
v 0 3.4 1.4
v 0 3.5 1.4
v 0 3.6 1.4
v 0.1 2.1 1.4
v 0.1 2.2 1.4
v 0.1 3.2 1.4
v 0.1 3.5 1.4
v 0.2 3.6 1.4
v 0.2 3.9 1.4
v 0.5 3.6 1.4
v 0.5 3.7 1.4
v 0.7 3.9 1.4
v 0.7 4 1.4
v 0.8 3.7 1.4
v 0.8 4 1.4
v 1.9 2.1 1.4
v 1.9 2.5 1.4
v 2 2 1.4
v 2 2.1 1.4
v 2 2.5 1.4
v 2 2.7 1.4
v 2.1 2 1.4
v 2.1 2.1 1.4
v 2.1 2.5 1.4
v 2.1 2.7 1.4
v 2.2 1.9 1.4
v 2.2 2 1.4
v 2.4 1.9 1.4
v 2.4 2 1.4
v -1.6 2.2 1.3
v -1.6 2.3 1.3
v -1.6 2.4 1.3
v -1.5 2 1.3
v -1.5 2.1 1.3
v -1.5 2.2 1.3
v -1.5 2.3 1.3
v -1.5 2.4 1.3
v -1.5 2.5 1.3
v -1.5 2.6 1.3
v -1.4 0.7 1.3
v -1.4 1.1 1.3
v -1.4 2 1.3
v -1.4 2.1 1.3
v -1.4 2.5 1.3
v -1.4 2.6 1.3
v -1.4 2.7 1.3
v -1.4 2.8 1.3
v -1.3 0.6 1.3
v -1.3 0.7 1.3
v -1.3 0.8 1.3
v -1.3 1 1.3
v -1.3 1.1 1.3
v -1.3 1.2 1.3
v -1.3 1.9 1.3
v -1.3 2 1.3
v -1.3 2.7 1.3
v -1.3 2.8 1.3
v -1.2 0.7 1.3
v -1.2 0.8 1.3
v -1.2 1 1.3
v -1.2 1.1 1.3
v -1.2 1.7 1.3
v -1.2 1.8 1.3
v -1.2 1.9 1.3
v -1.2 2 1.3
v -1.2 2.9 1.3
v -1.2 3 1.3
v -1.1 1.2 1.3
v -1.1 1.5 1.3
v -1.1 1.6 1.3
v -1.1 1.7 1.3
v -1.1 1.8 1.3
v -1.1 2.9 1.3
v -1.1 3 1.3
v -1 0.7 1.3
v -1 0.8 1.3
v -1 1 1.3
v -1 1.1 1.3
v -1 1.2 1.3
v -1 1.4 1.3
v -1 1.5 1.3
v -1 1.6 1.3
v -1 3 1.3
v -1 3.1 1.3
v -0.9 0.6 1.3
v -0.9 0.7 1.3
v -0.9 0.8 1.3
v -0.9 1 1.3
v -0.9 1.1 1.3
v -0.9 1.2 1.3
v -0.9 1.4 1.3
v -0.9 1.5 1.3
v -0.9 3 1.3
v -0.9 3.1 1.3
v -0.8 0.7 1.3
v -0.8 1 1.3
v -0.8 1.5 1.3
v -0.8 1.6 1.3
v -0.7 1.6 1.3
v -0.7 1.7 1.3
v -0.7 1.8 1.3
v -0.7 3 1.3
v -0.7 3.1 1.3
v -0.7 3.4 1.3
v -0.6 1.8 1.3
v -0.6 1.9 1.3
v -0.6 2.2 1.3
v -0.6 3 1.3
v -0.6 3.1 1.3
v -0.6 3.4 1.3
v -0.6 3.5 1.3
v -0.6 3.6 1.3
v -0.5 1.9 1.3
v -0.5 2.1 1.3
v -0.5 3.5 1.3
v -0.5 3.6 1.3
v -0.4 1 1.3
v -0.4 1.1 1.3
v -0.4 1.7 1.3
v -0.4 1.8 1.3
v -0.4 1.9 1.3
v -0.4 2.1 1.3
v -0.4 2.2 1.3
v -0.4 2.3 1.3
v -0.4 3.6 1.3
v -0.4 3.7 1.3
v -0.3 1.1 1.3
v -0.3 1.2 1.3
v -0.3 1.6 1.3
v -0.3 1.7 1.3
v -0.3 1.8 1.3
v -0.3 1.9 1.3
v -0.3 2.2 1.3
v -0.3 2.3 1.3
v -0.2 1.1 1.3
v -0.2 1.2 1.3
v -0.2 1.6 1.3
v -0.2 1.7 1.3
v -0.0999999 1.2 1.3
v -0.0999999 1.6 1.3
v -0.0999999 3.6 1.3
v -0.0999999 3.7 1.3
v 0 1.8 1.3
v 0 1.9 1.3
v 0 2.1 1.3
v 0 3.5 1.3
v 0 3.6 1.3
v 0.1 1.9 1.3
v 0.1 2.1 1.3
v 0.1 2.2 1.3
v 0.1 3.5 1.3
v 0.1 3.6 1.3
v 0.1 3.9 1.3
v 0.2 2.1 1.3
v 0.2 2.2 1.3
v 0.2 3.6 1.3
v 0.2 3.9 1.3
v 0.2 4 1.3
v 0.7 3.9 1.3
v 0.7 4 1.3
v 1.8 2.2 1.3
v 1.8 2.5 1.3
v 1.8 2.6 1.3
v 1.9 2 1.3
v 1.9 2.1 1.3
v 1.9 2.2 1.3
v 1.9 2.5 1.3
v 1.9 2.6 1.3
v 1.9 2.7 1.3
v 2 2 1.3
v 2 2.1 1.3
v 2 2.5 1.3
v 2 2.7 1.3
v 2.1 1.9 1.3
v 2.1 2 1.3
v 2.2 1.9 1.3
v 2.2 2 1.3
v 2.4 1.9 1.3
v 2.4 2 1.3
v 2.5 1.9 1.3
v 2.5 2 1.3
v -1.6 2.1 1.2
v -1.6 2.2 1.2
v -1.6 2.4 1.2
v -1.6 2.5 1.2
v -1.5 0.6 1.2
v -1.5 1 1.2
v -1.5 2.1 1.2
v -1.5 2.2 1.2
v -1.5 2.4 1.2
v -1.5 2.5 1.2
v -1.5 2.6 1.2
v -1.5 2.7 1.2
v -1.4 0.7 1.2
v -1.4 1 1.2
v -1.4 1.1 1.2
v -1.4 1.2 1.2
v -1.4 1.9 1.2
v -1.4 2 1.2
v -1.4 2.6 1.2
v -1.4 2.7 1.2
v -1.3 0.6 1.2
v -1.3 0.7 1.2
v -1.3 1.1 1.2
v -1.3 1.2 1.2
v -1.3 1.8 1.2
v -1.3 1.9 1.2
v -1.3 2 1.2
v -1.2 1.2 1.2
v -1.2 1.4 1.2
v -1.2 1.6 1.2
v -1.2 1.7 1.2
v -1.2 1.8 1.2
v -1.2 1.9 1.2
v -1.1 1.2 1.2
v -1.1 1.4 1.2
v -1.1 1.5 1.2
v -1.1 1.6 1.2
v -1.1 1.7 1.2
v -1.1 3 1.2
v -1.1 3.1 1.2
v -1 1.5 1.2
v -1 1.6 1.2
v -1 3 1.2
v -1 3.1 1.2
v -1 3.2 1.2
v -0.9 0.6 1.2
v -0.9 0.7 1.2
v -0.8 0.6 1.2
v -0.8 0.7 1.2
v -0.8 0.8 1.2
v -0.8 1 1.2
v -0.8 3.2 1.2
v -0.8 3.3 1.2
v -0.7 0.8 1.2
v -0.7 0.9 1.2
v -0.7 3.1 1.2
v -0.7 3.3 1.2
v -0.7 3.4 1.2
v -0.7 3.5 1.2
v -0.6 1.8 1.2
v -0.6 1.9 1.2
v -0.6 3.4 1.2
v -0.6 3.5 1.2
v -0.5 0.9 1.2
v -0.5 1 1.2
v -0.5 1.8 1.2
v -0.5 1.9 1.2
v -0.5 2.1 1.2
v -0.5 3.6 1.2
v -0.5 3.7 1.2
v -0.4 1 1.2
v -0.4 1.1 1.2
v -0.4 1.7 1.2
v -0.4 1.8 1.2
v -0.4 1.9 1.2
v -0.4 2.1 1.2
v -0.4 3.6 1.2
v -0.4 3.7 1.2
v -0.3 1 1.2
v -0.3 1.1 1.2
v -0.3 1.8 1.2
v -0.2 1.1 1.2
v -0.2 1.2 1.2
v -0.2 1.6 1.2
v -0.2 1.7 1.2
v -0.0999999 1.1 1.2
v -0.0999999 1.2 1.2
v -0.0999999 1.3 1.2
v -0.0999999 1.5 1.2
v -0.0999999 1.6 1.2
v -0.0999999 1.7 1.2
v -0.0999999 3.6 1.2
v -0.0999999 3.7 1.2
v 0 1.3 1.2
v 0 1.5 1.2
v 0 1.7 1.2
v 0 1.8 1.2
v 0 1.9 1.2
v 0 3.6 1.2
v 0 3.7 1.2
v 0.1 1.9 1.2
v 0.1 2.1 1.2
v 0.1 3.5 1.2
v 0.1 3.6 1.2
v 0.2 1.7 1.2
v 0.2 1.8 1.2
v 0.2 3.5 1.2
v 0.2 3.6 1.2
v 0.3 1.8 1.2
v 0.3 2 1.2
v 0.4 2 1.2
v 0.4 2.1 1.2
v 0.9 2.6 1.2
v 0.9 2.7 1.2
v 1 2.5 1.2
v 1 2.6 1.2
v 1.1 2.7 1.2
v 1.1 2.8 1.2
v 1.2 2.8 1.2
v 1.2 2.9 1.2
v 1.3 2.5 1.2
v 1.3 2.7 1.2
v 1.3 2.9 1.2
v 1.3 3 1.2
v 1.4 2.9 1.2
v 1.4 3 1.2
v 1.5 2.7 1.2
v 1.5 2.9 1.2
v 1.7 2.3 1.2
v 1.7 2.5 1.2
v 1.8 2.1 1.2
v 1.8 2.2 1.2
v 1.8 2.3 1.2
v 1.8 2.5 1.2
v 1.8 2.6 1.2
v 1.8 2.7 1.2
v 1.9 2.1 1.2
v 1.9 2.2 1.2
v 1.9 2.6 1.2
v 1.9 2.7 1.2
v 1.9 2.8 1.2
v 2 1.9 1.2
v 2 2 1.2
v 2 2.7 1.2
v 2 2.8 1.2
v 2.1 1.9 1.2
v 2.1 2 1.2
v 2.2 1.8 1.2
v 2.2 1.9 1.2
v 2.4 1.8 1.2
v 2.4 1.9 1.2
v 2.5 1.9 1.2
v 2.5 2 1.2
v 2.8 1.9 1.2
v 2.8 2 1.2
v -1.6 0.6 1.1
v -1.6 1 1.1
v -1.5 0.6 1.1
v -1.5 1 1.1
v -1.5 1.1 1.1
v -1.5 1.9 1.1
v -1.5 2 1.1
v -1.4 1 1.1
v -1.4 1.1 1.1
v -1.4 1.2 1.1
v -1.4 1.4 1.1
v -1.4 1.9 1.1
v -1.4 2 1.1
v -1.3 1.4 1.1
v -1.3 1.5 1.1
v -1.3 1.7 1.1
v -1.3 1.8 1.1
v -1.3 2.9 1.1
v -1.3 3 1.1
v -1.2 1.2 1.1
v -1.2 1.4 1.1
v -1.2 1.7 1.1
v -1.2 1.8 1.1
v -1.2 2.9 1.1
v -1.2 3 1.1
v -1.2 3.1 1.1
v -1.1 1.4 1.1
v -1.1 1.5 1.1
v -1.1 3 1.1
v -1.1 3.1 1.1
v -1.1 3.2 1.1
v -1 3.1 1.1
v -1 3.2 1.1
v -0.9 3.2 1.1
v -0.9 3.3 1.1
v -0.8 0.7 1.1
v -0.8 0.8 1.1
v -0.8 3.2 1.1
v -0.8 3.3 1.1
v -0.8 3.4 1.1
v -0.7 0.7 1.1
v -0.7 0.8 1.1
v -0.7 3.3 1.1
v -0.7 3.4 1.1
v -0.5 0.9 1.1
v -0.5 1 1.1
v -0.5 1.8 1.1
v -0.5 1.9 1.1
v -0.4 0.9 1.1
v -0.4 1 1.1
v -0.3 1 1.1
v -0.3 1.1 1.1
v -0.3 1.8 1.1
v -0.3 1.9 1.1
v -0.2 1 1.1
v -0.2 1.1 1.1
v -0.0999999 1.2 1.1
v -0.0999999 1.3 1.1
v -0.0999999 1.5 1.1
v -0.0999999 1.7 1.1
v 0 1.2 1.1
v 0 1.3 1.1
v 0 1.5 1.1
v 0 1.6 1.1
v 0 3.6 1.1
v 0 3.7 1.1
v 0.1 3.6 1.1
v 0.1 3.7 1.1
v 0.2 1.6 1.1
v 0.2 1.7 1.1
v 0.2 1.8 1.1
v 0.3 1.7 1.1
v 0.3 1.8 1.1
v 0.3 2 1.1
v 0.4 1.8 1.1
v 0.4 2 1.1
v 0.7 2.5 1.1
v 0.7 2.6 1.1
v 0.8 2.5 1.1
v 0.8 2.6 1.1
v 0.8 2.7 1.1
v 0.9 2.5 1.1
v 0.9 2.6 1.1
v 0.9 2.7 1.1
v 1 2.4 1.1
v 1 2.5 1.1
v 1 2.6 1.1
v 1.3 2.4 1.1
v 1.3 2.5 1.1
v 1.3 2.7 1.1
v 1.4 2.5 1.1
v 1.4 2.6 1.1
v 1.5 2.6 1.1
v 1.5 2.7 1.1
v 1.5 2.9 1.1
v 1.6 2.7 1.1
v 1.6 2.9 1.1
v 1.7 2.2 1.1
v 1.7 2.3 1.1
v 1.7 2.5 1.1
v 1.7 2.6 1.1
v 1.8 2 1.1
v 1.8 2.1 1.1
v 1.8 2.2 1.1
v 1.8 2.3 1.1
v 1.8 2.5 1.1
v 1.8 2.6 1.1
v 1.8 2.7 1.1
v 1.8 2.8 1.1
v 1.9 1.9 1.1
v 1.9 2 1.1
v 1.9 2.1 1.1
v 1.9 2.7 1.1
v 1.9 2.8 1.1
v 2 1.9 1.1
v 2 2 1.1
v 2.1 1.8 1.1
v 2.1 1.9 1.1
v 2.2 1.8 1.1
v 2.2 1.9 1.1
v 2.4 1.8 1.1
v 2.4 1.9 1.1
v 2.5 1.8 1.1
v 2.5 1.9 1.1
v 2.7 1.8 1.1
v 2.7 1.9 1.1
v 2.9 1.8 1.1
v 2.9 1.9 1.1
v -1.7 0.7 1
v -1.7 1.1 1
v -1.6 0.7 1
v -1.6 1 1
v -1.6 1.1 1
v -1.6 1.2 1
v -1.6 2 1
v -1.6 2.1 1
v -1.6 2.7 1
v -1.6 2.9 1
v -1.5 1 1
v -1.5 1.1 1
v -1.5 1.2 1
v -1.5 1.5 1
v -1.5 2 1
v -1.5 2.1 1
v -1.5 2.7 1
v -1.5 2.9 1
v -1.5 3 1
v -1.4 1.1 1
v -1.4 1.4 1
v -1.4 1.5 1
v -1.4 1.6 1
v -1.4 1.8 1
v -1.4 1.9 1
v -1.4 2.7 1
v -1.4 2.8 1
v -1.3 1.4 1
v -1.3 1.5 1
v -1.3 1.8 1
v -1.3 1.9 1
v -1.3 2.8 1
v -1.3 3 1
v -1.2 1.6 1
v -1.2 3.1 1
v -1.2 3.2 1
v -1.1 1.5 1
v -1.1 1.6 1
v -1.1 3.1 1
v -1.1 3.2 1
v -1 3.2 1
v -1 3.3 1
v -0.9 3.2 1
v -0.9 3.3 1
v -0.7 3.5 1
v -0.7 3.6 1
v -0.6 3.5 1
v -0.6 3.6 1
v 0 3.7 1
v 0 3.8 1
v 0.1 3.7 1
v 0.1 3.8 1
v 0.6 2.2 1
v 0.6 2.3 1
v 0.7 2.2 1
v 0.7 2.3 1
v 0.7 2.5 1
v 0.8 2.3 1
v 0.8 2.4 1
v 0.8 2.5 1
v 0.8 2.6 1
v 0.9 2.4 1
v 0.9 2.5 1
v 0.9 2.6 1
v 1.7 1.9 1
v 1.7 2.2 1
v 1.7 2.6 1
v 1.7 2.7 1
v 1.8 1.8 1
v 1.8 1.9 1
v 1.8 2 1
v 1.8 2.2 1
v 1.8 2.6 1
v 1.8 2.7 1
v 1.9 1.9 1
v 1.9 2 1
v 1.9 2.8 1
v 1.9 2.9 1
v 2 2.8 1
v 2 2.9 1
v 2.1 1.8 1
v 2.1 1.9 1
v 2.6 1.8 1
v 2.6 1.9 1
v 2.7 1.8 1
v 2.7 1.9 1
v 2.9 1.8 1
v 2.9 1.9 1
v 3 1.8 1
v 3 1.9 1
v -1.8 0.8 0.9
v -1.8 1 0.9
v -1.7 0.6 0.9
v -1.7 0.7 0.9
v -1.7 0.8 0.9
v -1.7 1 0.9
v -1.7 1.1 0.9
v -1.7 1.2 0.9
v -1.7 2.6 0.9
v -1.7 3 0.9
v -1.6 0.6 0.9
v -1.6 0.7 0.9
v -1.6 1.1 0.9
v -1.6 1.2 0.9
v -1.6 1.4 0.9
v -1.6 2.5 0.9
v -1.6 2.6 0.9
v -1.6 2.7 0.9
v -1.6 2.9 0.9
v -1.6 3 0.9
v -1.6 3.1 0.9
v -1.5 1.2 0.9
v -1.5 1.4 0.9
v -1.5 1.5 0.9
v -1.5 1.6 0.9
v -1.5 2.5 0.9
v -1.5 2.7 0.9
v -1.5 2.9 0.9
v -1.5 3 0.9
v -1.4 1.5 0.9
v -1.4 1.6 0.9
v -1.3 1.6 0.9
v -1.3 1.7 0.9
v -1.2 1.6 0.9
v -1.2 1.7 0.9
v -1.2 3 0.9
v -1.2 3.1 0.9
v -1.1 3.2 0.9
v -1.1 3.3 0.9
v -1 3.2 0.9
v -1 3.3 0.9
v -0.9 3.3 0.9
v -0.9 3.4 0.9
v -0.8 3.3 0.9
v -0.8 3.4 0.9
v -0.8 3.5 0.9
v -0.7 3.4 0.9
v -0.7 3.5 0.9
v -0.6 3.6 0.9
v -0.6 3.7 0.9
v -0.5 3.6 0.9
v -0.5 3.7 0.9
v 0 3.8 0.9
v 0 3.9 0.9
v 0.1 3.9 0.9
v 0.1 4 0.9
v 0.2 3.8 0.9
v 0.2 3.9 0.9
v 0.3 3.9 0.9
v 0.3 4 0.9
v 0.5 2.1 0.9
v 0.5 2.2 0.9
v 0.7 2.2 0.9
v 0.7 2.3 0.9
v 0.8 2.1 0.9
v 0.8 2.2 0.9
v 0.8 2.3 0.9
v 0.8 2.4 0.9
v 0.9 2.2 0.9
v 0.9 2.3 0.9
v 0.9 2.4 0.9
v 0.9 2.5 0.9
v 1 2.4 0.9
v 1 2.5 0.9
v 1.3 2.4 0.9
v 1.3 2.5 0.9
v 1.4 2.4 0.9
v 1.4 2.5 0.9
v 1.4 2.6 0.9
v 1.5 2.5 0.9
v 1.5 2.6 0.9
v 1.6 2 0.9
v 1.6 2.2 0.9
v 1.6 2.8 0.9
v 1.6 2.9 0.9
v 1.7 1.8 0.9
v 1.7 1.9 0.9
v 1.7 2 0.9
v 1.7 2.2 0.9
v 1.7 2.8 0.9
v 1.7 2.9 0.9
v 1.7 3 0.9
v 1.8 1.8 0.9
v 1.8 1.9 0.9
v 1.8 2.9 0.9
v 1.8 3 0.9
v 1.9 1.7 0.9
v 1.9 1.8 0.9
v 2.1 1.7 0.9
v 2.1 1.8 0.9
v 2.5 1.8 0.9
v 2.5 1.9 0.9
v 2.6 1.8 0.9
v 2.6 1.9 0.9
v -1.8 0.7 0.8
v -1.8 0.8 0.8
v -1.8 1 0.8
v -1.8 1.1 0.8
v -1.8 2.7 0.8
v -1.8 2.9 0.8
v -1.7 0.7 0.8
v -1.7 0.8 0.8
v -1.7 1 0.8
v -1.7 1.1 0.8
v -1.7 2.5 0.8
v -1.7 2.6 0.8
v -1.7 2.7 0.8
v -1.7 2.9 0.8
v -1.7 3 0.8
v -1.7 3.1 0.8
v -1.6 1.4 0.8
v -1.6 1.5 0.8
v -1.6 2.4 0.8
v -1.6 2.5 0.8
v -1.6 2.6 0.8
v -1.6 3 0.8
v -1.6 3.1 0.8
v -1.5 1.4 0.8
v -1.5 1.5 0.8
v -1.5 2.4 0.8
v -1.5 2.5 0.8
v -1.5 3.1 0.8
v -1.5 3.2 0.8
v -1.4 1.6 0.8
v -1.4 1.7 0.8
v -1.3 1.6 0.8
v -1.3 1.7 0.8
v -1.2 3.1 0.8
v -1.2 3.2 0.8
v -0.0999999 3.7 0.8
v -0.0999999 3.8 0.8
v 0 3.7 0.8
v 0 3.8 0.8
v 0 3.9 0.8
v 0 4 0.8
v 0.1 3.9 0.8
v 0.1 4 0.8
v 0.2 1.6 0.8
v 0.2 1.7 0.8
v 0.3 1.7 0.8
v 0.3 1.8 0.8
v 0.4 1.6 0.8
v 0.4 1.7 0.8
v 0.4 1.8 0.8
v 0.4 2.1 0.8
v 0.5 1.7 0.8
v 0.5 2 0.8
v 0.8 2 0.8
v 0.8 2.1 0.8
v 0.8 2.2 0.8
v 0.9 2.1 0.8
v 0.9 2.2 0.8
v 0.9 2.3 0.8
v 0.9 2.4 0.8
v 1 2.3 0.8
v 1 2.4 0.8
v 1.5 2.6 0.8
v 1.5 2.7 0.8
v 1.6 1.9 0.8
v 1.6 2 0.8
v 1.6 2.2 0.8
v 1.6 2.3 0.8
v 1.6 2.6 0.8
v 1.6 2.7 0.8
v 1.6 2.8 0.8
v 1.7 1.9 0.8
v 1.7 2 0.8
v 1.7 2.2 0.8
v 1.7 2.3 0.8
v 1.7 2.7 0.8
v 1.7 2.8 0.8
v 1.7 2.9 0.8
v 1.8 1.7 0.8
v 1.8 1.8 0.8
v 1.8 2.8 0.8
v 1.8 2.9 0.8
v 1.9 1.7 0.8
v 1.9 1.8 0.8
v 2.1 1.7 0.8
v 2.1 1.8 0.8
v 2.2 1.7 0.8
v 2.2 1.8 0.8
v 2.3 1.7 0.8
v 2.3 1.8 0.8
v 2.5 1.7 0.8
v 2.5 1.8 0.8
v -1.8 2.6 0.7
v -1.8 2.7 0.7
v -1.8 2.9 0.7
v -1.8 3 0.7
v -1.7 1.2 0.7
v -1.7 1.3 0.7
v -1.7 2.4 0.7
v -1.7 2.5 0.7
v -1.7 2.6 0.7
v -1.7 2.7 0.7
v -1.7 2.9 0.7
v -1.7 3 0.7
v -1.6 1.2 0.7
v -1.6 1.3 0.7
v -1.6 2.4 0.7
v -1.6 2.5 0.7
v -1.6 3.1 0.7
v -1.6 3.2 0.7
v -1.5 3.1 0.7
v -1.5 3.2 0.7
v -1.4 3.2 0.7
v -1.4 3.3 0.7
v -1.2 3.2 0.7
v -1.2 3.3 0.7
v -0.0999999 3.8 0.7
v -0.0999999 3.9 0.7
v 0 3.8 0.7
v 0 3.9 0.7
v 0.1 1.5 0.7
v 0.1 1.6 0.7
v 0.3 1.5 0.7
v 0.3 1.6 0.7
v 0.4 1.6 0.7
v 0.4 1.7 0.7
v 0.5 1.6 0.7
v 0.5 1.7 0.7
v 0.5 1.8 0.7
v 0.5 2 0.7
v 0.6 1.8 0.7
v 0.6 1.9 0.7
v 0.7 1.9 0.7
v 0.7 2 0.7
v 0.8 2 0.7
v 0.8 2.1 0.7
v 0.9 2 0.7
v 0.9 2.1 0.7
v 0.9 2.2 0.7
v 0.9 2.3 0.7
v 1 2.2 0.7
v 1 2.3 0.7
v 2.2 1.7 0.7
v 2.2 1.8 0.7
v 2.3 1.7 0.7
v 2.3 1.8 0.7
v 2.5 1.7 0.7
v 2.5 1.8 0.7
v 2.6 1.7 0.7
v 2.6 1.8 0.7
v 3.3 1 0.7
v 3.3 1.1 0.7
v 3.4 1 0.7
v 3.4 1.1 0.7
v -1.8 1.1 0.6
v -1.8 1.2 0.6
v -1.8 2.5 0.6
v -1.8 2.6 0.6
v -1.7 1.1 0.6
v -1.7 1.2 0.6
v -1.7 2.5 0.6
v -1.7 2.6 0.6
v -1.6 2.3 0.6
v -1.6 2.4 0.6
v -1.5 2.3 0.6
v -1.5 2.4 0.6
v -1.5 3.2 0.6
v -1.5 3.3 0.6
v -1.4 3.2 0.6
v -1.4 3.3 0.6
v -1.2 1.7 0.6
v -1.2 1.8 0.6
v -1.2 3.2 0.6
v -1.2 3.3 0.6
v -1.1 1.8 0.6
v -1.1 3.2 0.6
v -1.1 3.3 0.6
v -1 1.7 0.6
v -1 1.8 0.6
v -0.9 3.3 0.6
v -0.9 3.4 0.6
v -0.8 3.3 0.6
v -0.8 3.4 0.6
v -0.2 3.7 0.6
v -0.2 3.8 0.6
v -0.0999999 3.7 0.6
v -0.0999999 3.8 0.6
v 0 1.5 0.6
v 0 1.6 0.6
v 0.1 1.5 0.6
v 0.1 1.6 0.6
v 0.3 1.5 0.6
v 0.3 1.6 0.6
v 0.4 1.5 0.6
v 0.4 1.6 0.6
v 0.5 1.7 0.6
v 0.5 1.8 0.6
v 0.6 1.7 0.6
v 0.6 1.8 0.6
v 0.7 1.9 0.6
v 0.7 2 0.6
v 0.8 1.9 0.6
v 0.8 2 0.6
v 0.9 2.1 0.6
v 0.9 2.2 0.6
v 1 2.1 0.6
v 1 2.2 0.6
v 1 2.3 0.6
v 1 2.5 0.6
v 1.1 2.3 0.6
v 1.1 2.5 0.6
v 1.9 1.6 0.6
v 1.9 1.7 0.6
v 2.3 1.6 0.6
v 2.3 1.7 0.6
v -1.3 1.7 0.5
v -1.3 1.8 0.5
v -1.3 3.3 0.5
v -1.3 3.4 0.5
v -1.2 1.7 0.5
v -1.2 1.8 0.5
v -1.1 1.8 0.5
v -1.1 1.9 0.5
v -1.1 3.3 0.5
v -1.1 3.4 0.5
v -1 1.8 0.5
v -1 1.9 0.5
v -1 3.3 0.5
v -1 3.4 0.5
v -0.9 1.8 0.5
v -0.9 1.9 0.5
v -0.9 3.3 0.5
v -0.9 3.4 0.5
v -0.8 3.4 0.5
v -0.8 3.5 0.5
v -0.7 3.4 0.5
v -0.7 3.5 0.5
v 0.6 1.8 0.5
v 0.6 1.9 0.5
v 0.7 1.8 0.5
v 0.7 1.9 0.5
v 1 2.2 0.5
v 1 2.3 0.5
v 1.1 2.2 0.5
v 1.1 2.3 0.5
v 1.1 2.4 0.5
v 1.1 2.5 0.5
v 1.2 2.4 0.5
v 1.2 2.5 0.5
v 1.6 1.8 0.5
v 1.6 2 0.5
v 1.7 1.7 0.5
v 1.7 1.8 0.5
v 1.7 2 0.5
v 1.8 1.6 0.5
v 1.8 1.7 0.5
v 1.8 1.8 0.5
v 1.9 1.6 0.5
v 1.9 1.7 0.5
v 2 1.5 0.5
v 2 1.6 0.5
v 2.2 1.5 0.5
v 2.2 1.6 0.5
v 2.3 1.6 0.5
v 2.3 1.7 0.5
v 2.4 1.6 0.5
v 2.4 1.7 0.5
v -1.4 1.6 0.4
v -1.4 1.7 0.4
v -1.4 3.3 0.4
v -1.4 3.4 0.4
v -1.3 1.6 0.4
v -1.3 1.7 0.4
v -1.3 3.3 0.4
v -1.3 3.4 0.4
v -1.2 1.8 0.4
v -1.2 1.9 0.4
v -1.1 1.8 0.4
v -1.1 1.9 0.4
v -1.1 3.3 0.4
v -1.1 3.4 0.4
v -1 3.3 0.4
v -1 3.4 0.4
v -0.9 0.8 0.4
v -0.9 0.9 0.4
v -0.9 3.4 0.4
v -0.9 3.5 0.4
v -0.8 0.8 0.4
v -0.8 0.9 0.4
v -0.8 1.1 0.4
v -0.8 1.2 0.4
v -0.8 3.4 0.4
v -0.8 3.5 0.4
v -0.7 1.1 0.4
v -0.7 1.2 0.4
v 0.5 1.6 0.4
v 0.5 1.7 0.4
v 0.6 1.6 0.4
v 0.6 1.7 0.4
v 0.6 1.8 0.4
v 0.7 1.7 0.4
v 0.7 1.8 0.4
v 1.5 1.7 0.4
v 1.5 2.1 0.4
v 1.6 1.6 0.4
v 1.6 1.7 0.4
v 1.6 1.8 0.4
v 1.6 2 0.4
v 1.6 2.1 0.4
v 1.6 2.2 0.4
v 1.7 1.5 0.4
v 1.7 1.6 0.4
v 1.7 1.7 0.4
v 1.7 1.8 0.4
v 1.7 2 0.4
v 1.7 2.2 0.4
v 1.8 1.4 0.4
v 1.8 1.5 0.4
v 1.8 1.6 0.4
v 1.8 1.7 0.4
v 2 1.5 0.4
v 2 1.6 0.4
v 2.2 1.5 0.4
v 2.2 1.6 0.4
v 2.3 1.4 0.4
v 2.3 1.5 0.4
v 2.4 1.5 0.4
v 2.4 1.6 0.4
v -0.7 3.5 0.3
v -0.7 3.6 0.3
v -0.6 3.5 0.3
v -0.6 3.6 0.3
v -0.3 1.4 0.3
v -0.3 1.6 0.3
v -0.2 1.4 0.3
v -0.2 1.5 0.3
v -0.2 1.6 0.3
v -0.2 1.7 0.3
v -0.0999999 1.5 0.3
v -0.0999999 1.6 0.3
v -0.0999999 1.7 0.3
v 0.4 1.5 0.3
v 0.4 1.6 0.3
v 0.5 1.5 0.3
v 0.5 1.6 0.3
v 0.7 1.8 0.3
v 0.7 1.9 0.3
v 0.8 1.8 0.3
v 0.8 1.9 0.3
v 1.3 1.6 0.3
v 1.3 1.8 0.3
v 1.4 1.5 0.3
v 1.4 1.6 0.3
v 1.4 1.8 0.3
v 1.4 2 0.3
v 1.4 2.8 0.3
v 1.4 2.9 0.3
v 1.5 1.4 0.3
v 1.5 1.5 0.3
v 1.5 1.7 0.3
v 1.5 2 0.3
v 1.5 2.1 0.3
v 1.5 2.2 0.3
v 1.5 2.8 0.3
v 1.5 2.9 0.3
v 1.5 3 0.3
v 1.6 1.6 0.3
v 1.6 1.7 0.3
v 1.6 2.1 0.3
v 1.6 2.2 0.3
v 1.6 2.9 0.3
v 1.6 3 0.3
v 1.7 1.3 0.3
v 1.7 1.4 0.3
v 1.7 1.5 0.3
v 1.7 1.6 0.3
v 1.7 2.2 0.3
v 1.7 2.3 0.3
v 1.8 1.4 0.3
v 1.8 1.5 0.3
v 1.9 2.2 0.3
v 1.9 2.3 0.3
v 2.3 1.4 0.3
v 2.3 1.5 0.3
v 2.4 1.3 0.3
v 2.4 1.4 0.3
v 2.4 1.5 0.3
v 2.4 1.7 0.3
v 2.5 1.4 0.3
v 2.5 1.7 0.3
v -1.2 1.9 0.2
v -1.2 2 0.2
v -1.1 1.9 0.2
v -1.1 2 0.2
v -0.4 1.3 0.2
v -0.4 1.4 0.2
v -0.3 1.3 0.2
v -0.3 1.4 0.2
v -0.2 1.4 0.2
v -0.2 1.5 0.2
v -0.0999999 1.4 0.2
v -0.0999999 1.5 0.2
v -0.0999999 1.6 0.2
v 0 1.5 0.2
v 0 1.6 0.2
v 1.1 2.3 0.2
v 1.1 2.4 0.2
v 1.2 1.5 0.2
v 1.2 1.9 0.2
v 1.2 2.3 0.2
v 1.2 2.4 0.2
v 1.3 1.4 0.2
v 1.3 1.5 0.2
v 1.3 1.6 0.2
v 1.3 1.8 0.2
v 1.3 1.9 0.2
v 1.3 2 0.2
v 1.4 1.3 0.2
v 1.4 1.4 0.2
v 1.4 1.5 0.2
v 1.4 1.6 0.2
v 1.4 1.8 0.2
v 1.4 2 0.2
v 1.4 2.1 0.2
v 1.5 1.4 0.2
v 1.5 1.5 0.2
v 1.5 2 0.2
v 1.5 2.1 0.2
v 1.5 2.8 0.2
v 1.5 2.9 0.2
v 1.6 2.2 0.2
v 1.6 2.3 0.2
v 1.6 2.8 0.2
v 1.6 2.9 0.2
v 1.6 3 0.2
v 1.6 3.1 0.2
v 1.7 1.3 0.2
v 1.7 1.4 0.2
v 1.7 2.2 0.2
v 1.7 2.3 0.2
v 1.7 3 0.2
v 1.7 3.1 0.2
v 1.8 1.2 0.2
v 1.8 1.3 0.2
v 2.3 1.2 0.2
v 2.3 1.3 0.2
v 2.4 1.3 0.2
v 2.4 1.4 0.2
v 2.5 1.3 0.2
v 2.5 1.4 0.2
v 2.5 1.5 0.2
v 2.5 1.8 0.2
v 2.6 1.5 0.2
v 2.6 1.8 0.2
v -0.3 1.3 0.0999999
v -0.3 1.4 0.0999999
v -0.2 1.3 0.0999999
v -0.2 1.4 0.0999999
v -0.0999999 1.4 0.0999999
v -0.0999999 1.5 0.0999999
v 0 1.4 0.0999999
v 0 1.5 0.0999999
v 1.1 1.6 0.0999999
v 1.1 1.8 0.0999999
v 1.2 1.4 0.0999999
v 1.2 1.5 0.0999999
v 1.2 1.6 0.0999999
v 1.2 1.8 0.0999999
v 1.2 1.9 0.0999999
v 1.2 2 0.0999999
v 1.2 2.4 0.0999999
v 1.2 2.5 0.0999999
v 1.3 1.3 0.0999999
v 1.3 1.4 0.0999999
v 1.3 1.5 0.0999999
v 1.3 1.9 0.0999999
v 1.3 2 0.0999999
v 1.3 2.1 0.0999999
v 1.3 2.4 0.0999999
v 1.3 2.5 0.0999999
v 1.4 1.3 0.0999999
v 1.4 1.4 0.0999999
v 1.4 2 0.0999999
v 1.4 2.1 0.0999999
v 1.4 2.7 0.0999999
v 1.4 2.8 0.0999999
v 1.5 1.2 0.0999999
v 1.5 1.3 0.0999999
v 1.5 2.7 0.0999999
v 1.5 2.8 0.0999999
v 1.6 2.9 0.0999999
v 1.6 3 0.0999999
v 1.7 2.9 0.0999999
v 1.7 3 0.0999999
v 1.8 1.2 0.0999999
v 1.8 1.3 0.0999999
v 2.2 2.2 0.0999999
v 2.2 2.3 0.0999999
v 2.3 1.2 0.0999999
v 2.3 1.3 0.0999999
v 2.3 2.2 0.0999999
v 2.3 2.3 0.0999999
v 2.4 1.2 0.0999999
v 2.4 1.3 0.0999999
v 2.4 2.1 0.0999999
v 2.4 2.2 0.0999999
v 2.5 1.4 0.0999999
v 2.5 1.5 0.0999999
v 2.5 1.8 0.0999999
v 2.5 2 0.0999999
v 2.5 2.1 0.0999999
v 2.5 2.2 0.0999999
v 2.6 1.4 0.0999999
v 2.6 1.5 0.0999999
v 2.6 1.8 0.0999999
v 2.6 2 0.0999999
v -0.2 1.3 0
v -0.2 1.4 0
v -0.0999999 1.3 0
v -0.0999999 1.4 0
v 1.1 1.5 0
v 1.1 1.6 0
v 1.1 1.8 0
v 1.1 1.9 0
v 1.2 1.5 0
v 1.2 1.6 0
v 1.2 1.8 0
v 1.2 1.9 0
v 1.2 2 0
v 1.2 2.1 0
v 1.3 2 0
v 1.3 2.1 0
v 1.3 2.6 0
v 1.3 2.7 0
v 1.4 1.2 0
v 1.4 1.3 0
v 1.4 2.1 0
v 1.4 2.2 0
v 1.4 2.6 0
v 1.4 2.7 0
v 1.5 1.2 0
v 1.5 1.3 0
v 1.5 2.1 0
v 1.5 2.2 0
v 2.3 2.2 0
v 2.3 2.3 0
v 2.4 2.2 0
v 2.4 2.3 0
v 2.5 2 0
v 2.5 2.1 0
v 2.6 2 0
v 2.6 2.1 0
v -1.1 3.2 -0.0999999
v -1.1 3.4 -0.0999999
v -1 3.2 -0.0999999
v -1 3.3 -0.0999999
v -1 3.4 -0.0999999
v -1 3.5 -0.0999999
v -0.9 3.3 -0.0999999
v -0.9 3.4 -0.0999999
v -0.8 3.4 -0.0999999
v -0.8 3.5 -0.0999999
v 1.1 1.9 -0.0999999
v 1.1 2 -0.0999999
v 1.2 1.9 -0.0999999
v 1.2 2 -0.0999999
v 1.3 2.1 -0.0999999
v 1.3 2.2 -0.0999999
v 1.4 2.1 -0.0999999
v 1.4 2.2 -0.0999999
v 1.5 2.2 -0.0999999
v 1.5 2.3 -0.0999999
v 1.7 2.2 -0.0999999
v 1.7 2.3 -0.0999999
v 3.2 0.5 -0.0999999
v 3.2 0.6 -0.0999999
v 3.3 0.5 -0.0999999
v 3.3 0.6 -0.0999999
v 3.3 0.7 -0.0999999
v 3.3 0.8 -0.0999999
v 3.4 0.7 -0.0999999
v 3.4 0.8 -0.0999999
v -1.5 2.3 -0.2
v -1.5 2.5 -0.2
v -1.4 2.2 -0.2
v -1.4 2.3 -0.2
v -1.4 2.4 -0.2
v -1.4 2.5 -0.2
v -1.3 2.3 -0.2
v -1.3 2.4 -0.2
v -1.2 3.1 -0.2
v -1.2 3.3 -0.2
v -1.1 2.2 -0.2
v -1.1 2.3 -0.2
v -1.1 3.1 -0.2
v -1.1 3.3 -0.2
v -1.1 3.4 -0.2
v -1.1 3.5 -0.2
v -1 3.4 -0.2
v -1 3.5 -0.2
v -0.9 3.5 -0.2
v -0.9 3.6 -0.2
v -0.7 3.5 -0.2
v -0.7 3.6 -0.2
v 1.4 2.2 -0.2
v 1.4 2.3 -0.2
v 1.5 2.2 -0.2
v 1.5 2.3 -0.2
v 1.7 2.2 -0.2
v 1.7 2.3 -0.2
v 1.8 2.2 -0.2
v 1.8 2.3 -0.2
v 3.2 2.3 -0.2
v 3.2 2.4 -0.2
v 3.3 2.1 -0.2
v 3.3 2.2 -0.2
v 3.3 2.3 -0.2
v 3.3 2.4 -0.2
v 3.4 1 -0.2
v 3.4 1.1 -0.2
v 3.4 1.8 -0.2
v 3.4 1.9 -0.2
v 3.4 2.1 -0.2
v 3.4 2.2 -0.2
v 3.5 1 -0.2
v 3.5 1.1 -0.2
v 3.5 1.8 -0.2
v 3.5 1.9 -0.2
v -1.6 2.4 -0.3
v -1.6 2.6 -0.3
v -1.5 2.2 -0.3
v -1.5 2.3 -0.3
v -1.5 2.4 -0.3
v -1.5 2.6 -0.3
v -1.5 2.7 -0.3
v -1.5 2.8 -0.3
v -1.4 2.2 -0.3
v -1.4 2.3 -0.3
v -1.4 2.7 -0.3
v -1.4 2.8 -0.3
v -1.3 2.1 -0.3
v -1.3 2.2 -0.3
v -1.2 3.3 -0.3
v -1.2 3.4 -0.3
v -1.1 2.1 -0.3
v -1.1 2.2 -0.3
v -1.1 3.3 -0.3
v -1.1 3.4 -0.3
v -1 2.2 -0.3
v -1 2.3 -0.3
v -1 3.5 -0.3
v -1 3.6 -0.3
v -0.9 2.2 -0.3
v -0.9 2.3 -0.3
v -0.9 3.5 -0.3
v -0.9 3.6 -0.3
v -0.7 3.5 -0.3
v -0.7 3.6 -0.3
v -0.6 3.5 -0.3
v -0.6 3.6 -0.3
v 1.2 3 -0.3
v 1.2 3.1 -0.3
v 1.3 3 -0.3
v 1.3 3.1 -0.3
v 1.7 3.2 -0.3
v 1.7 3.3 -0.3
v 1.8 3.2 -0.3
v 1.8 3.3 -0.3
v 2.1 1.2 -0.3
v 2.1 1.3 -0.3
v 2.2 1.2 -0.3
v 2.2 1.3 -0.3
v 3.4 1.1 -0.3
v 3.4 1.2 -0.3
v 3.4 1.7 -0.3
v 3.4 1.8 -0.3
v 3.5 1.1 -0.3
v 3.5 1.2 -0.3
v 3.5 1.7 -0.3
v 3.5 1.8 -0.3
v -1.6 2.3 -0.4
v -1.6 2.4 -0.4
v -1.6 2.6 -0.4
v -1.6 2.7 -0.4
v -1.5 2.3 -0.4
v -1.5 2.4 -0.4
v -1.5 2.6 -0.4
v -1.5 2.7 -0.4
v -1.4 2.1 -0.4
v -1.4 2.2 -0.4
v -1.4 2.8 -0.4
v -1.4 2.9 -0.4
v -1.3 2.1 -0.4
v -1.3 2.2 -0.4
v -1.3 2.8 -0.4
v -1.3 2.9 -0.4
v -1.3 3 -0.4
v -1.3 3.2 -0.4
v -1.2 3 -0.4
v -1.2 3.2 -0.4
v -1.1 2.1 -0.4
v -1.1 2.2 -0.4
v -1 2.1 -0.4
v -1 2.2 -0.4
v -0.9 2.3 -0.4
v -0.9 2.4 -0.4
v -0.8 2.3 -0.4
v -0.8 2.4 -0.4
v 0.9 1.5 -0.4
v 0.9 1.7 -0.4
v 1 1.4 -0.4
v 1 1.5 -0.4
v 1 1.7 -0.4
v 1 1.8 -0.4
v 1.1 1.6 -0.4
v 1.1 1.8 -0.4
v 1.2 1.4 -0.4
v 1.2 1.5 -0.4
v 1.2 1.6 -0.4
v 1.3 2.9 -0.4
v 1.3 3 -0.4
v 1.4 2.8 -0.4
v 1.4 2.9 -0.4
v 1.4 3 -0.4
v 1.5 2.8 -0.4
v 1.5 2.9 -0.4
v 1.7 1.2 -0.4
v 1.7 1.3 -0.4
v 1.8 1.2 -0.4
v 1.8 1.3 -0.4
v 1.9 1.1 -0.4
v 1.9 1.2 -0.4
v 2.1 1.1 -0.4
v 2.1 1.2 -0.4
v 2.2 1.2 -0.4
v 2.2 1.3 -0.4
v 2.3 1.2 -0.4
v 2.3 1.3 -0.4
v 2.3 1.4 -0.4
v 2.3 1.5 -0.4
v 2.4 1.4 -0.4
v 2.4 1.5 -0.4
v 3.2 0.6 -0.4
v 3.2 0.7 -0.4
v 3.2 2.2 -0.4
v 3.2 2.3 -0.4
v 3.3 0.6 -0.4
v 3.3 0.7 -0.4
v 3.3 0.8 -0.4
v 3.3 0.9 -0.4
v 3.3 2 -0.4
v 3.3 2.1 -0.4
v 3.3 2.2 -0.4
v 3.3 2.3 -0.4
v 3.4 0.8 -0.4
v 3.4 0.9 -0.4
v 3.4 1.2 -0.4
v 3.4 1.7 -0.4
v 3.4 2 -0.4
v 3.4 2.1 -0.4
v 3.5 1.2 -0.4
v 3.5 1.7 -0.4
v -1.4 2.9 -0.5
v -1.4 3.1 -0.5
v -1.3 2.9 -0.5
v -1.3 3.1 -0.5
v -1.3 3.2 -0.5
v -1.3 3.3 -0.5
v -1.2 3.2 -0.5
v -1.2 3.3 -0.5
v -1 2 -0.5
v -1 2.1 -0.5
v -1 2.2 -0.5
v -0.9 1.9 -0.5
v -0.9 2 -0.5
v -0.9 2.2 -0.5
v -0.9 2.3 -0.5
v -0.8 2.3 -0.5
v -0.8 2.4 -0.5
v -0.7 1.9 -0.5
v -0.7 2 -0.5
v -0.7 2.2 -0.5
v -0.7 2.4 -0.5
v -0.7 2.5 -0.5
v -0.6 2 -0.5
v -0.6 2.2 -0.5
v -0.6 2.4 -0.5
v -0.6 2.5 -0.5
v 0.8 1.4 -0.5
v 0.8 1.8 -0.5
v 0.9 1.3 -0.5
v 0.9 1.4 -0.5
v 0.9 1.5 -0.5
v 0.9 1.7 -0.5
v 0.9 1.8 -0.5
v 0.9 1.9 -0.5
v 1 1.4 -0.5
v 1 1.5 -0.5
v 1 1.7 -0.5
v 1 1.8 -0.5
v 1.2 1.4 -0.5
v 1.2 1.5 -0.5
v 1.2 1.8 -0.5
v 1.2 1.9 -0.5
v 1.2 2.9 -0.5
v 1.2 3.1 -0.5
v 1.3 1.3 -0.5
v 1.3 1.4 -0.5
v 1.3 1.5 -0.5
v 1.3 2.9 -0.5
v 1.3 3.1 -0.5
v 1.8 1.1 -0.5
v 1.8 1.2 -0.5
v 1.9 1.1 -0.5
v 1.9 1.2 -0.5
v 2.1 1.1 -0.5
v 2.1 1.2 -0.5
v 2.2 1.1 -0.5
v 2.2 1.2 -0.5
v 2.3 1.3 -0.5
v 2.3 1.4 -0.5
v 2.3 1.6 -0.5
v 2.3 1.7 -0.5
v 2.4 1.3 -0.5
v 2.4 1.4 -0.5
v 2.4 1.6 -0.5
v 2.4 1.7 -0.5
v 3.3 0.9 -0.5
v 3.3 1 -0.5
v 3.3 1.9 -0.5
v 3.3 2 -0.5
v 3.4 0.9 -0.5
v 3.4 1 -0.5
v 3.4 1.9 -0.5
v 3.4 2 -0.5
v -1.5 2.8 -0.6
v -1.5 3 -0.6
v -1.4 2.8 -0.6
v -1.4 3 -0.6
v -1.4 3.1 -0.6
v -1.4 3.2 -0.6
v -1.3 3.1 -0.6
v -1.3 3.2 -0.6
v -1.2 3.3 -0.6
v -1.2 3.4 -0.6
v -1.1 1.9 -0.6
v -1.1 2.1 -0.6
v -1.1 3.3 -0.6
v -1.1 3.4 -0.6
v -1 1.8 -0.6
v -1 1.9 -0.6
v -1 2 -0.6
v -1 2.1 -0.6
v -0.9 1.9 -0.6
v -0.9 2 -0.6
v -0.7 1.9 -0.6
v -0.7 2 -0.6
v -0.7 2.2 -0.6
v -0.7 2.4 -0.6
v -0.6 1.8 -0.6
v -0.6 1.9 -0.6
v -0.6 2 -0.6
v -0.6 2.2 -0.6
v -0.6 2.4 -0.6
v -0.6 2.6 -0.6
v -0.5 1.9 -0.6
v -0.5 2.6 -0.6
v 0 2.5 -0.6
v 0 2.6 -0.6
v 0 3.2 -0.6
v 0.1 2.5 -0.6
v 0.1 3.2 -0.6
v 0.7 1.5 -0.6
v 0.7 1.7 -0.6
v 0.8 1.3 -0.6
v 0.8 1.4 -0.6
v 0.8 1.5 -0.6
v 0.8 1.7 -0.6
v 0.8 1.8 -0.6
v 0.8 1.9 -0.6
v 0.9 1.3 -0.6
v 0.9 1.4 -0.6
v 0.9 1.8 -0.6
v 0.9 1.9 -0.6
v 1 1.2 -0.6
v 1 1.3 -0.6
v 1 1.9 -0.6
v 1 2 -0.6
v 1.1 2 -0.6
v 1.2 1.9 -0.6
v 1.2 2 -0.6
v 1.3 1.3 -0.6
v 1.3 1.4 -0.6
v 1.4 1.2 -0.6
v 1.4 1.3 -0.6
v 1.4 1.4 -0.6
v 3.2 0.7 -0.6
v 3.2 0.8 -0.6
v 3.2 2.1 -0.6
v 3.2 2.2 -0.6
v 3.3 0.7 -0.6
v 3.3 0.8 -0.6
v 3.3 1 -0.6
v 3.3 1.2 -0.6
v 3.3 1.7 -0.6
v 3.3 1.9 -0.6
v 3.3 2.1 -0.6
v 3.3 2.2 -0.6
v 3.4 1 -0.6
v 3.4 1.2 -0.6
v 3.4 1.7 -0.6
v 3.4 1.9 -0.6
v -1.7 2.4 -0.7
v -1.7 2.5 -0.7
v -1.7 2.6 -0.7
v -1.6 2.3 -0.7
v -1.6 2.4 -0.7
v -1.6 2.6 -0.7
v -1.6 3.1 -0.7
v -1.5 2.3 -0.7
v -1.5 2.4 -0.7
v -1.5 2.6 -0.7
v -1.5 3 -0.7
v -1.5 3.1 -0.7
v -1.5 3.2 -0.7
v -1.4 3 -0.7
v -1.4 3.2 -0.7
v -1.2 2 -0.7
v -1.2 2.1 -0.7
v -1.1 1.8 -0.7
v -1.1 1.9 -0.7
v -1.1 2 -0.7
v -1.1 2.1 -0.7
v -1 1.8 -0.7
v -1 1.9 -0.7
v -0.9 1.7 -0.7
v -0.9 1.8 -0.7
v -0.7 1.7 -0.7
v -0.7 1.8 -0.7
v -0.6 1.8 -0.7
v -0.6 1.9 -0.7
v -0.5 1.8 -0.7
v -0.5 1.9 -0.7
v -0.5 2 -0.7
v -0.5 2.2 -0.7
v -0.5 2.4 -0.7
v -0.5 2.6 -0.7
v -0.4 2 -0.7
v -0.4 2.2 -0.7
v -0.4 2.4 -0.7
v -0.4 2.6 -0.7
v 0.7 1.4 -0.7
v 0.7 1.5 -0.7
v 0.7 1.7 -0.7
v 0.7 1.8 -0.7
v 0.8 1.4 -0.7
v 0.8 1.5 -0.7
v 0.8 1.7 -0.7
v 0.8 1.8 -0.7
v 0.9 1.2 -0.7
v 0.9 1.3 -0.7
v 0.9 1.9 -0.7
v 0.9 2 -0.7
v 1 1.2 -0.7
v 1 1.3 -0.7
v 1 1.9 -0.7
v 1 2 -0.7
v 1.1 1.1 -0.7
v 1.1 1.2 -0.7
v 1.3 1.1 -0.7
v 1.3 1.2 -0.7
v 1.4 1.2 -0.7
v 1.4 1.3 -0.7
v 1.5 1.2 -0.7
v 1.5 1.3 -0.7
v 3.2 0.8 -0.7
v 3.2 1 -0.7
v 3.2 2 -0.7
v 3.2 2.1 -0.7
v 3.3 0.8 -0.7
v 3.3 1 -0.7
v 3.3 1.2 -0.7
v 3.3 1.7 -0.7
v 3.3 2 -0.7
v 3.3 2.1 -0.7
v 3.4 1.2 -0.7
v 3.4 1.7 -0.7
v -1.8 2.3 -0.8
v -1.8 2.5 -0.8
v -1.8 2.6 -0.8
v -1.8 2.7 -0.8
v -1.7 2.2 -0.8
v -1.7 2.3 -0.8
v -1.7 2.4 -0.8
v -1.7 2.5 -0.8
v -1.7 2.6 -0.8
v -1.7 2.7 -0.8
v -1.7 3 -0.8
v -1.6 2.3 -0.8
v -1.6 2.4 -0.8
v -1.6 2.6 -0.8
v -1.6 3 -0.8
v -1.6 3.1 -0.8
v -1.6 3.2 -0.8
v -1.5 3.1 -0.8
v -1.5 3.2 -0.8
v -1.4 2.2 -0.8
v -1.4 2.3 -0.8
v -1.4 3.2 -0.8
v -1.4 3.3 -0.8
v -1.3 3.2 -0.8
v -1.3 3.3 -0.8
v -1.2 1.9 -0.8
v -1.2 2 -0.8
v -1.1 1.9 -0.8
v -1.1 2 -0.8
v -1 1.7 -0.8
v -1 1.8 -0.8
v -0.9 1.7 -0.8
v -0.9 1.8 -0.8
v -0.7 1.7 -0.8
v -0.7 1.8 -0.8
v -0.6 1.7 -0.8
v -0.6 1.8 -0.8
v -0.5 1.9 -0.8
v -0.5 2 -0.8
v -0.5 2.2 -0.8
v -0.5 2.4 -0.8
v -0.5 2.6 -0.8
v -0.5 2.7 -0.8
v -0.4 1.9 -0.8
v -0.4 2 -0.8
v -0.4 2.2 -0.8
v -0.4 2.4 -0.8
v -0.4 2.6 -0.8
v -0.4 2.7 -0.8
v 1 1.1 -0.8
v 1 1.2 -0.8
v 1.1 1.1 -0.8
v 1.1 1.2 -0.8
v 1.3 1.1 -0.8
v 1.3 1.2 -0.8
v 1.4 1.1 -0.8
v 1.4 1.2 -0.8
v 3.2 1 -0.8
v 3.2 1.1 -0.8
v 3.2 1.2 -0.8
v 3.2 1.7 -0.8
v 3.2 2 -0.8
v 3.3 1 -0.8
v 3.3 1.2 -0.8
v 3.3 1.7 -0.8
v 3.3 2 -0.8
v -1.9 2.4 -0.9
v -1.9 2.5 -0.9
v -1.9 2.6 -0.9
v -1.8 2.2 -0.9
v -1.8 2.3 -0.9
v -1.8 2.4 -0.9
v -1.8 2.5 -0.9
v -1.8 2.6 -0.9
v -1.8 2.7 -0.9
v -1.8 2.8 -0.9
v -1.7 2.2 -0.9
v -1.7 2.3 -0.9
v -1.7 2.7 -0.9
v -1.7 2.8 -0.9
v -1.7 3 -0.9
v -1.7 3.1 -0.9
v -1.6 2.1 -0.9
v -1.6 2.2 -0.9
v -1.6 3 -0.9
v -1.6 3.1 -0.9
v -1.5 3.2 -0.9
v -1.5 3.3 -0.9
v -1.4 2.1 -0.9
v -1.4 2.2 -0.9
v -1.4 3.2 -0.9
v -1.4 3.3 -0.9
v -1.3 2.2 -0.9
v -1.3 2.3 -0.9
v -1.2 2.2 -0.9
v -1.2 2.3 -0.9
v -0.7 3.1 -0.9
v -0.7 3.2 -0.9
v -0.6 2.8 -0.9
v -0.6 3.1 -0.9
v -0.6 3.2 -0.9
v -0.5 2.8 -0.9
v -0.5 3.1 -0.9
v 0.7 1.2 -0.9
v 0.7 1.4 -0.9
v 0.8 1.1 -0.9
v 0.8 1.2 -0.9
v 0.8 1.3 -0.9
v 0.8 1.4 -0.9
v 0.9 1.2 -0.9
v 0.9 1.3 -0.9
v 1 1.1 -0.9
v 1 1.2 -0.9
v 1.3 2 -0.9
v 1.3 2.1 -0.9
v 1.4 1.1 -0.9
v 1.4 1.2 -0.9
v 1.4 2 -0.9
v 1.4 2.1 -0.9
v 1.5 1.2 -0.9
v 1.5 1.3 -0.9
v 1.6 1.1 -0.9
v 1.6 1.2 -0.9
v 1.7 1.2 -0.9
v 1.7 1.3 -0.9
v 1.7 2 -0.9
v 1.7 2.1 -0.9
v 1.8 2 -0.9
v 1.8 2.1 -0.9
v 1.9 1.9 -0.9
v 1.9 2 -0.9
v 2 1.9 -0.9
v 2 2 -0.9
v 3.2 1.2 -0.9
v 3.2 1.7 -0.9
v 3.3 1.2 -0.9
v 3.3 1.7 -0.9
v -3.4 1.6 -1
v -3.4 2.1 -1
v -3.3 1.6 -1
v -3.3 2.1 -1
v -3.3 2.2 -1
v -3.2 2.1 -1
v -3.2 2.2 -1
v -3.2 2.3 -1
v -3.1 2.2 -1
v -3.1 2.3 -1
v -3.1 2.4 -1
v -3 2.3 -1
v -3 2.4 -1
v -3 2.5 -1
v -2.9 2.4 -1
v -2.9 2.5 -1
v -2.9 2.6 -1
v -2.3 2.5 -1
v -2.3 2.6 -1
v -1.9 2.3 -1
v -1.9 2.4 -1
v -1.8 2.3 -1
v -1.8 2.4 -1
v -1.7 2.1 -1
v -1.7 2.2 -1
v -1.6 2.1 -1
v -1.6 2.2 -1
v -1.4 2.1 -1
v -1.4 2.2 -1
v -1.3 2.1 -1
v -1.3 2.2 -1
v -0.8 3.2 -1
v -0.8 3.3 -1
v -0.8 3.5 -1
v -0.7 3.5 -1
v -0.7 3.6 -1
v -0.6 3.1 -1
v -0.6 3.2 -1
v -0.6 3.4 -1
v -0.5 2.7 -1
v -0.5 3 -1
v -0.5 3.1 -1
v -0.5 3.3 -1
v -0.5 3.4 -1
v -0.5 3.5 -1
v -0.5 3.6 -1
v -0.4 2.7 -1
v -0.4 3 -1
v -0.4 3.3 -1
v -0.4 3.5 -1
v 0.6 1.3 -1
v 0.6 1.5 -1
v 0.7 1.1 -1
v 0.7 1.2 -1
v 0.7 1.3 -1
v 0.7 1.5 -1
v 0.8 1.1 -1
v 0.8 1.2 -1
v 0.9 1 -1
v 0.9 1.1 -1
v 1.1 1 -1
v 1.1 1.1 -1
v 1.2 2 -1
v 1.2 2.1 -1
v 1.3 1 -1
v 1.3 1.1 -1
v 1.3 2 -1
v 1.3 2.1 -1
v 1.6 1.1 -1
v 1.6 1.2 -1
v 1.7 1 -1
v 1.7 1.1 -1
v 1.7 1.2 -1
v 1.7 1.3 -1
v 1.8 1.1 -1
v 1.8 1.3 -1
v 1.8 1.4 -1
v 1.8 2 -1
v 1.8 2.1 -1
v 1.9 1.3 -1
v 1.9 1.4 -1
v 1.9 2 -1
v 1.9 2.1 -1
v 2 1.8 -1
v 2 1.9 -1
v 2.1 1.8 -1
v 2.1 1.9 -1
v -3.4 1 -1.1
v -3.4 1.1 -1.1
v -3.4 1.6 -1.1
v -3.3 1 -1.1
v -3.3 1.1 -1.1
v -3.3 1.6 -1.1
v -2.3 2.5 -1.1
v -2.3 2.6 -1.1
v -1.9 2.5 -1.1
v -1.9 2.6 -1.1
v -1.1 3.2 -1.1
v -1.1 3.3 -1.1
v -1.1 3.5 -1.1
v -1.1 3.7 -1.1
v -1 3.3 -1.1
v -1 3.5 -1.1
v -1 3.7 -1.1
v -1 3.8 -1.1
v -0.9 3.2 -1.1
v -0.9 3.3 -1.1
v -0.8 3.3 -1.1
v -0.8 3.5 -1.1
v -0.8 3.7 -1.1
v -0.8 3.8 -1.1
v -0.7 3.5 -1.1
v -0.7 3.6 -1.1
v -0.5 2.6 -1.1
v -0.5 2.7 -1.1
v -0.5 3 -1.1
v -0.5 3.3 -1.1
v -0.5 3.5 -1.1
v -0.5 3.6 -1.1
v -0.4 2.6 -1.1
v -0.4 2.7 -1.1
v -0.4 3 -1.1
v -0.4 3.2 -1.1
v -0.4 3.3 -1.1
v -0.4 3.5 -1.1
v -0.4 3.6 -1.1
v -0.4 3.7 -1.1
v -0.3 3.2 -1.1
v -0.3 3.6 -1.1
v 0.6 1.2 -1.1
v 0.6 1.3 -1.1
v 0.6 1.5 -1.1
v 0.6 1.6 -1.1
v 0.7 1.2 -1.1
v 0.7 1.3 -1.1
v 0.7 1.5 -1.1
v 0.7 1.6 -1.1
v 0.8 1 -1.1
v 0.8 1.1 -1.1
v 0.9 1 -1.1
v 0.9 1.1 -1.1
v 1.1 1 -1.1
v 1.1 1.1 -1.1
v 1.3 1 -1.1
v 1.3 1.1 -1.1
v 1.4 0.9 -1.1
v 1.4 1 -1.1
v 1.6 0.9 -1.1
v 1.6 1 -1.1
v 1.7 1 -1.1
v 1.7 1.1 -1.1
v 1.8 1 -1.1
v 1.8 1.1 -1.1
v 1.8 1.2 -1.1
v 1.8 1.3 -1.1
v 1.9 1.2 -1.1
v 1.9 1.3 -1.1
v 3.1 2.4 -1.1
v 3.1 2.5 -1.1
v 3.2 2.4 -1.1
v 3.2 2.5 -1.1
v -3.4 0.9 -1.2
v -3.4 1 -1.2
v -3.3 0.9 -1.2
v -3.3 1 -1.2
v -1.2 3.2 -1.2
v -1.2 3.8 -1.2
v -1.1 3.2 -1.2
v -1.1 3.3 -1.2
v -1.1 3.5 -1.2
v -1.1 3.7 -1.2
v -1.1 3.8 -1.2
v -1.1 3.9 -1.2
v -1 3.3 -1.2
v -1 3.5 -1.2
v -1 3.7 -1.2
v -1 3.8 -1.2
v -0.8 3.7 -1.2
v -0.8 3.8 -1.2
v -0.6 3.9 -1.2
v -0.6 4 -1.2
v -0.4 3.1 -1.2
v -0.4 3.2 -1.2
v -0.4 3.6 -1.2
v -0.4 3.7 -1.2
v -0.4 3.9 -1.2
v -0.4 4 -1.2
v -0.3 3.1 -1.2
v -0.3 3.2 -1.2
v -0.3 3.3 -1.2
v -0.3 3.5 -1.2
v -0.3 3.6 -1.2
v -0.3 3.9 -1.2
v -0.2 3.3 -1.2
v -0.2 3.5 -1.2
v 1.3 0.9 -1.2
v 1.3 1 -1.2
v 1.4 0.9 -1.2
v 1.4 1 -1.2
v 1.6 0.9 -1.2
v 1.6 1 -1.2
v 1.7 0.9 -1.2
v 1.7 1 -1.2
v 1.8 1.1 -1.2
v 1.8 1.2 -1.2
v 1.9 1.1 -1.2
v 1.9 1.2 -1.2
v 3 2.5 -1.2
v 3 2.6 -1.2
v 3.1 2.3 -1.2
v 3.1 2.4 -1.2
v 3.1 2.5 -1.2
v 3.1 2.6 -1.2
v 3.2 2.3 -1.2
v 3.2 2.4 -1.2
v -3.4 0.7 -1.3
v -3.4 0.9 -1.3
v -3.3 0.7 -1.3
v -3.3 0.9 -1.3
v -1.3 3.2 -1.3
v -1.3 3.4 -1.3
v -1.3 3.5 -1.3
v -1.3 3.7 -1.3
v -1.2 2.1 -1.3
v -1.2 2.2 -1.3
v -1.2 2.3 -1.3
v -1.2 3.2 -1.3
v -1.2 3.4 -1.3
v -1.2 3.5 -1.3
v -1.2 3.7 -1.3
v -1.2 3.8 -1.3
v -1.2 3.9 -1.3
v -1.1 2.2 -1.3
v -1.1 2.3 -1.3
v -1.1 3.8 -1.3
v -1.1 3.9 -1.3
v -1 2.1 -1.3
v -1 2.2 -1.3
v -1 3.9 -1.3
v -1 4 -1.3
v -0.7 2.2 -1.3
v -0.7 2.4 -1.3
v -0.6 2.2 -1.3
v -0.6 2.4 -1.3
v -0.6 3.9 -1.3
v -0.6 4 -1.3
v -0.4 3.9 -1.3
v -0.4 4 -1.3
v -0.3 3.2 -1.3
v -0.3 3.3 -1.3
v -0.3 3.5 -1.3
v -0.3 3.9 -1.3
v -0.2 3.2 -1.3
v -0.2 3.3 -1.3
v -0.2 3.5 -1.3
v -0.2 4 -1.3
v 2.8 2.7 -1.3
v 2.8 2.8 -1.3
v 2.9 2.6 -1.3
v 2.9 2.7 -1.3
v 2.9 2.8 -1.3
v 3 2.4 -1.3
v 3 2.5 -1.3
v 3 2.6 -1.3
v 3 2.7 -1.3
v 3.1 2.2 -1.3
v 3.1 2.3 -1.3
v 3.1 2.4 -1.3
v 3.1 2.5 -1.3
v 3.2 2.2 -1.3
v 3.2 2.3 -1.3
v -1.4 3.1 -1.4
v -1.4 3.3 -1.4
v -1.4 3.7 -1.4
v -1.4 3.9 -1.4
v -1.3 2.1 -1.4
v -1.3 2.2 -1.4
v -1.3 3.1 -1.4
v -1.3 3.3 -1.4
v -1.3 3.4 -1.4
v -1.3 3.5 -1.4
v -1.3 3.7 -1.4
v -1.3 3.9 -1.4
v -1.3 4 -1.4
v -1.2 2.1 -1.4
v -1.2 2.2 -1.4
v -1.2 3.4 -1.4
v -1.2 3.5 -1.4
v -1.2 3.7 -1.4
v -1.2 3.9 -1.4
v -1.1 2 -1.4
v -1.1 2.1 -1.4
v -1 3.9 -1.4
v -1 4 -1.4
v -0.8 2 -1.4
v -0.8 2.1 -1.4
v -0.7 2.1 -1.4
v -0.7 2.2 -1.4
v -0.6 2.1 -1.4
v -0.6 2.2 -1.4
v -0.6 2.3 -1.4
v -0.6 2.5 -1.4
v -0.5 2.3 -1.4
v -0.5 2.5 -1.4
v -0.2 3.7 -1.4
v -0.2 3.9 -1.4
v -0.0999999 3.7 -1.4
v -0.0999999 3.9 -1.4
v 0.5 1.2 -1.4
v 0.5 1.6 -1.4
v 0.6 1.1 -1.4
v 0.6 1.2 -1.4
v 0.6 1.6 -1.4
v 0.6 1.7 -1.4
v 0.7 1.1 -1.4
v 0.7 1.2 -1.4
v 0.7 1.6 -1.4
v 0.7 1.7 -1.4
v 1.8 2.8 -1.4
v 1.8 2.9 -1.4
v 2.8 2.6 -1.4
v 2.8 2.7 -1.4
v 2.8 2.8 -1.4
v 2.8 2.9 -1.4
v 2.9 2.5 -1.4
v 2.9 2.6 -1.4
v 2.9 2.7 -1.4
v 3 2.3 -1.4
v 3 2.4 -1.4
v 3 2.5 -1.4
v 3 2.6 -1.4
v 3.1 2.3 -1.4
v 3.1 2.4 -1.4
v -1.5 3.6 -1.5
v -1.5 4 -1.5
v -1.4 2.2 -1.5
v -1.4 2.3 -1.5
v -1.4 3 -1.5
v -1.4 3.1 -1.5
v -1.4 3.3 -1.5
v -1.4 3.4 -1.5
v -1.4 3.5 -1.5
v -1.4 3.6 -1.5
v -1.4 3.7 -1.5
v -1.4 3.9 -1.5
v -1.3 2.2 -1.5
v -1.3 2.3 -1.5
v -1.3 3 -1.5
v -1.3 3.1 -1.5
v -1.3 3.3 -1.5
v -1.3 3.4 -1.5
v -1.3 3.5 -1.5
v -1.3 3.7 -1.5
v -1.3 3.9 -1.5
v -1.3 4 -1.5
v -1.2 2 -1.5
v -1.2 2.1 -1.5
v -1.1 1.8 -1.5
v -1.1 2 -1.5
v -1.1 2.1 -1.5
v -1 1.7 -1.5
v -1 1.8 -1.5
v -0.8 1.7 -1.5
v -0.8 1.8 -1.5
v -0.8 2 -1.5
v -0.8 2.1 -1.5
v -0.7 1.8 -1.5
v -0.7 2.1 -1.5
v -0.6 2.2 -1.5
v -0.6 2.3 -1.5
v -0.6 2.5 -1.5
v -0.6 2.6 -1.5
v -0.5 2.2 -1.5
v -0.5 2.3 -1.5
v -0.5 2.5 -1.5
v -0.5 2.6 -1.5
v -0.5 2.9 -1.5
v -0.5 3 -1.5
v -0.4 2.9 -1.5
v -0.4 3 -1.5
v -0.2 3.6 -1.5
v -0.2 3.7 -1.5
v -0.2 3.9 -1.5
v -0.2 4 -1.5
v -0.0999999 3.6 -1.5
v -0.0999999 3.7 -1.5
v -0.0999999 3.9 -1.5
v -0.0999999 4 -1.5
v 0.4 1.3 -1.5
v 0.4 1.5 -1.5
v 0.5 1.1 -1.5
v 0.5 1.2 -1.5
v 0.5 1.3 -1.5
v 0.5 1.5 -1.5
v 0.5 1.6 -1.5
v 0.5 1.7 -1.5
v 0.6 1.1 -1.5
v 0.6 1.2 -1.5
v 0.6 1.6 -1.5
v 0.6 1.7 -1.5
v 0.7 1 -1.5
v 0.7 1.1 -1.5
v 0.7 1.7 -1.5
v 0.7 1.8 -1.5
v 0.9 1 -1.5
v 0.9 1.1 -1.5
v 0.9 1.7 -1.5
v 0.9 1.8 -1.5
v 1.8 2.7 -1.5
v 1.8 2.8 -1.5
v 2.8 2.7 -1.5
v 2.8 2.8 -1.5
v -3.2 2.1 -1.6
v -3.2 2.2 -1.6
v -3.1 2.1 -1.6
v -3.1 2.2 -1.6
v -3.1 2.3 -1.6
v -3 2.2 -1.6
v -3 2.3 -1.6
v -3 2.4 -1.6
v -2.9 2.3 -1.6
v -2.9 2.4 -1.6
v -1.6 3.7 -1.6
v -1.6 3.9 -1.6
v -1.5 3.5 -1.6
v -1.5 3.6 -1.6
v -1.5 3.7 -1.6
v -1.5 3.9 -1.6
v -1.4 3.5 -1.6
v -1.4 3.6 -1.6
v -1.2 1.7 -1.6
v -1.2 2 -1.6
v -1.1 1.6 -1.6
v -1.1 1.7 -1.6
v -1.1 1.8 -1.6
v -1.1 2 -1.6
v -1 1.7 -1.6
v -1 1.8 -1.6
v -0.8 1.7 -1.6
v -0.8 1.8 -1.6
v -0.7 1.6 -1.6
v -0.7 1.7 -1.6
v -0.7 1.8 -1.6
v -0.7 2.1 -1.6
v -0.6 1.7 -1.6
v -0.6 2.1 -1.6
v -0.5 2.8 -1.6
v -0.5 2.9 -1.6
v -0.4 2.8 -1.6
v -0.4 2.9 -1.6
v -0.4 3 -1.6
v -0.4 3.1 -1.6
v -0.3 3 -1.6
v -0.3 3.1 -1.6
v 0.4 1.2 -1.6
v 0.4 1.3 -1.6
v 0.4 1.5 -1.6
v 0.4 1.6 -1.6
v 0.5 1.2 -1.6
v 0.5 1.3 -1.6
v 0.5 1.5 -1.6
v 0.5 1.6 -1.6
v 0.6 1 -1.6
v 0.6 1.1 -1.6
v 0.6 1.7 -1.6
v 0.6 1.8 -1.6
v 0.7 1 -1.6
v 0.7 1.1 -1.6
v 0.7 1.7 -1.6
v 0.7 1.8 -1.6
v 0.9 1 -1.6
v 0.9 1.1 -1.6
v 0.9 1.7 -1.6
v 0.9 1.8 -1.6
v 1 1 -1.6
v 1 1.1 -1.6
v 1 1.7 -1.6
v 1 1.8 -1.6
v 1.8 2.6 -1.6
v 1.8 2.7 -1.6
v 2.8 2.5 -1.6
v 2.8 2.6 -1.6
v 2.8 2.7 -1.6
v 2.9 2.5 -1.6
v 2.9 2.6 -1.6
v -3.3 2 -1.7
v -3.3 2.1 -1.7
v -3.1 2.1 -1.7
v -3.1 2.2 -1.7
v -3 2 -1.7
v -3 2.1 -1.7
v -3 2.2 -1.7
v -3 2.3 -1.7
v -2.9 2.1 -1.7
v -2.9 2.2 -1.7
v -2.9 2.3 -1.7
v -2.9 2.5 -1.7
v -2.8 2.2 -1.7
v -2.8 2.3 -1.7
v -2.7 2.3 -1.7
v -2.7 2.4 -1.7
v -1.8 2.4 -1.7
v -1.8 2.5 -1.7
v -1.6 3.6 -1.7
v -1.6 3.7 -1.7
v -1.6 3.9 -1.7
v -1.6 4 -1.7
v -1.5 3.6 -1.7
v -1.5 3.7 -1.7
v -1.5 3.9 -1.7
v -1.5 4 -1.7
v -1.4 3.4 -1.7
v -1.4 3.5 -1.7
v -1.3 1.8 -1.7
v -1.3 2 -1.7
v -1.3 3.4 -1.7
v -1.3 3.5 -1.7
v -1.2 1.6 -1.7
v -1.2 1.7 -1.7
v -1.2 1.8 -1.7
v -1.2 2 -1.7
v -1.1 1.6 -1.7
v -1.1 1.7 -1.7
v -1 1.5 -1.7
v -1 1.6 -1.7
v -0.8 1.5 -1.7
v -0.8 1.6 -1.7
v -0.7 1.6 -1.7
v -0.7 1.7 -1.7
v -0.6 1.6 -1.7
v -0.6 1.7 -1.7
v -0.6 1.8 -1.7
v -0.6 2 -1.7
v -0.5 1.8 -1.7
v -0.5 2 -1.7
v -0.4 2.9 -1.7
v -0.4 3 -1.7
v -0.3 2.9 -1.7
v -0.3 3 -1.7
v 1.6 2.4 -1.7
v 1.6 3.9 -1.7
v 1.8 2.5 -1.7
v 1.8 2.6 -1.7
v 1.8 3.9 -1.7
v 2.8 2.4 -1.7
v 2.8 2.5 -1.7
v 2.8 2.6 -1.7
v 2.9 2.3 -1.7
v 2.9 2.4 -1.7
v 3 2.2 -1.7
v 3 2.3 -1.7
v 3 2.5 -1.7
v 3.1 1.1 -1.7
v 3.1 2.2 -1.7
v 3.1 2.3 -1.7
v 3.2 1.2 -1.7
v 3.2 2.2 -1.7
v 3.3 1.1 -1.7
v 3.3 1.2 -1.7
v -3.3 0.7 -1.8
v -3.3 1.3 -1.8
v -3.3 1.8 -1.8
v -3.3 2 -1.8
v -3.2 0.6 -1.8
v -3.2 0.7 -1.8
v -3.1 1.3 -1.8
v -3.1 1.8 -1.8
v -3 0.6 -1.8
v -3 1 -1.8
v -3 1.2 -1.8
v -3 2 -1.8
v -3 2.1 -1.8
v -2.9 1.2 -1.8
v -2.9 1.3 -1.8
v -2.9 2.1 -1.8
v -2.9 2.2 -1.8
v -2.8 1.3 -1.8
v -2.8 1.4 -1.8
v -2.8 2.2 -1.8
v -2.8 2.3 -1.8
v -2.7 2.3 -1.8
v -2.7 2.4 -1.8
v -2.6 1.4 -1.8
v -2.6 1.5 -1.8
v -2.1 1.4 -1.8
v -2.1 1.5 -1.8
v -1.9 1.3 -1.8
v -1.9 1.4 -1.8
v -1.8 1.2 -1.8
v -1.8 1.3 -1.8
v -1.8 2.4 -1.8
v -1.8 2.5 -1.8
v -1.8 3.9 -1.8
v -1.7 0.6 -1.8
v -1.7 1 -1.8
v -1.7 1.2 -1.8
v -1.7 2.3 -1.8
v -1.7 2.5 -1.8
v -1.7 2.6 -1.8
v -1.7 2.8 -1.8
v -1.7 3.9 -1.8
v -1.7 4 -1.8
v -1.6 2.3 -1.8
v -1.6 2.5 -1.8
v -1.6 2.6 -1.8
v -1.6 2.8 -1.8
v -1.6 3.6 -1.8
v -1.6 4 -1.8
v -1.5 3.5 -1.8
v -1.5 3.6 -1.8
v -1.4 1.1 -1.8
v -1.4 3.1 -1.8
v -1.4 3.3 -1.8
v -1.4 3.4 -1.8
v -1.4 3.5 -1.8
v -1.3 1.7 -1.8
v -1.3 1.8 -1.8
v -1.3 2 -1.8
v -1.3 2.1 -1.8
v -1.3 3.3 -1.8
v -1.3 3.4 -1.8
v -1.2 1.7 -1.8
v -1.2 1.8 -1.8
v -1.2 2 -1.8
v -1.2 2.1 -1.8
v -1.1 1.5 -1.8
v -1.1 1.6 -1.8
v -1 1.5 -1.8
v -1 1.6 -1.8
v -0.8 1.5 -1.8
v -0.8 1.6 -1.8
v -0.7 1.5 -1.8
v -0.7 1.6 -1.8
v -0.6 1.7 -1.8
v -0.6 1.8 -1.8
v -0.6 2 -1.8
v -0.6 2.1 -1.8
v -0.5 1.7 -1.8
v -0.5 1.8 -1.8
v -0.5 2 -1.8
v -0.5 2.1 -1.8
v -0.2 2.9 -1.8
v -0.2 3.6 -1.8
v -0.2 3.7 -1.8
v -0.2 3.9 -1.8
v -0.2 4 -1.8
v -0.0999999 1.1 -1.8
v -0.0999999 1.2 -1.8
v -0.0999999 2.1 -1.8
v -0.0999999 2.9 -1.8
v -0.0999999 3.7 -1.8
v -0.0999999 3.9 -1.8
v 0 1.2 -1.8
v 0 2.1 -1.8
v 0.2 1.2 -1.8
v 0.2 2.4 -1.8
v 0.3 1.1 -1.8
v 0.3 1.2 -1.8
v 0.3 2.4 -1.8
v 0.3 3.7 -1.8
v 0.4 3.7 -1.8
v 0.4 3.8 -1.8
v 0.5 1.1 -1.8
v 0.6 1 -1.8
v 0.6 1.1 -1.8
v 1 1 -1.8
v 1 1.1 -1.8
v 1.1 1.1 -1.8
v 1.3 3.7 -1.8
v 1.3 3.8 -1.8
v 1.4 3.1 -1.8
v 1.4 3.7 -1.8
v 1.5 1.1 -1.8
v 1.5 1.2 -1.8
v 1.5 2.4 -1.8
v 1.5 3.1 -1.8
v 1.6 0.6 -1.8
v 1.6 1 -1.8
v 1.6 1.2 -1.8
v 1.6 2.4 -1.8
v 1.6 4 -1.8
v 1.7 1.2 -1.8
v 1.7 1.3 -1.8
v 1.8 1.3 -1.8
v 1.8 1.4 -1.8
v 2 1.4 -1.8
v 2 1.5 -1.8
v 2.5 1.4 -1.8
v 2.5 1.5 -1.8
v 2.7 1.3 -1.8
v 2.7 1.4 -1.8
v 2.8 1.2 -1.8
v 2.8 1.3 -1.8
v 2.9 0.8 -1.8
v 2.9 1 -1.8
v 2.9 1.2 -1.8
v 2.9 2.3 -1.8
v 2.9 2.4 -1.8
v 3 0.8 -1.8
v 3 0.9 -1.8
v 3 2.2 -1.8
v 3 2.3 -1.8
v 3.1 0.9 -1.8
v 3.1 2.2 -1.8
v -3.4 1.3 -1.9
v -3.4 1.8 -1.9
v -3.1 1.3 -1.9
v -3.1 1.8 -1.9
v -3 0.5 -1.9
v -3 1 -1.9
v -2.9 0.3 -1.9
v -2.9 0.5 -1.9
v -2.8 0.2 -1.9
v -2.8 0.3 -1.9
v -2.8 0.5 -1.9
v -2.8 1 -1.9
v -2.8 1.2 -1.9
v -2.7 0.4 -1.9
v -2.7 0.5 -1.9
v -2.7 1 -1.9
v -2.7 1.1 -1.9
v -2.6 0.1 -1.9
v -2.6 0.2 -1.9
v -2.6 0.3 -1.9
v -2.6 0.4 -1.9
v -2.6 1.1 -1.9
v -2.6 1.2 -1.9
v -2.6 1.3 -1.9
v -2.1 0.1 -1.9
v -2.1 0.2 -1.9
v -2.1 0.3 -1.9
v -2.1 0.4 -1.9
v -2.1 1.1 -1.9
v -2.1 1.2 -1.9
v -2.1 1.3 -1.9
v -2 0.4 -1.9
v -2 0.5 -1.9
v -2 1 -1.9
v -2 1.1 -1.9
v -1.9 0.2 -1.9
v -1.9 0.3 -1.9
v -1.9 0.5 -1.9
v -1.9 1 -1.9
v -1.9 1.2 -1.9
v -1.8 0.3 -1.9
v -1.8 0.5 -1.9
v -1.7 0.5 -1.9
v -1.7 1 -1.9
v -1.4 1.1 -1.9
v -1.4 3.1 -1.9
v -1.3 1.7 -1.9
v -1.3 2.1 -1.9
v -1.3 2.2 -1.9
v -1.3 2.6 -1.9
v -1.3 3 -1.9
v -1.3 3.1 -1.9
v -1.2 1.6 -1.9
v -1.2 1.7 -1.9
v -1.2 2.1 -1.9
v -1.2 2.2 -1.9
v -1.2 2.6 -1.9
v -1.2 3 -1.9
v -1.1 1.5 -1.9
v -1.1 1.6 -1.9
v -0.7 1.5 -1.9
v -0.7 1.6 -1.9
v -0.6 1.6 -1.9
v -0.6 1.7 -1.9
v -0.6 2.1 -1.9
v -0.6 2.6 -1.9
v -0.6 2.7 -1.9
v -0.5 1.5 -1.9
v -0.5 1.7 -1.9
v -0.5 1.8 -1.9
v -0.5 2.1 -1.9
v -0.5 2.7 -1.9
v -0.5 2.8 -1.9
v -0.4 1.4 -1.9
v -0.4 1.5 -1.9
v -0.4 1.8 -1.9
v -0.4 1.9 -1.9
v -0.4 2.8 -1.9
v -0.4 2.9 -1.9
v -0.3 1.3 -1.9
v -0.3 1.4 -1.9
v -0.3 1.9 -1.9
v -0.3 2 -1.9
v -0.3 2.9 -1.9
v -0.3 3.6 -1.9
v -0.2 1.3 -1.9
v -0.2 2 -1.9
v -0.2 2.6 -1.9
v -0.2 2.9 -1.9
v -0.2 3.6 -1.9
v -0.0999999 1.1 -1.9
v -0.0999999 1.2 -1.9
v -0.0999999 2.1 -1.9
v -0.0999999 2.9 -1.9
v 0 1.2 -1.9
v 0 2.1 -1.9
v 0.2 1.2 -1.9
v 0.2 2.4 -1.9
v 0.3 1.1 -1.9
v 0.3 1.2 -1.9
v 0.3 2.4 -1.9
v 0.3 3.7 -1.9
v 0.4 1.3 -1.9
v 0.4 1.5 -1.9
v 0.4 2.6 -1.9
v 0.4 3.7 -1.9
v 0.4 3.8 -1.9
v 0.5 1.1 -1.9
v 0.5 1.3 -1.9
v 0.5 1.5 -1.9
v 0.5 1.7 -1.9
v 0.7 1.7 -1.9
v 0.7 1.8 -1.9
v 0.9 1.7 -1.9
v 0.9 1.8 -1.9
v 1.1 1.1 -1.9
v 1.1 1.3 -1.9
v 1.1 1.5 -1.9
v 1.1 1.7 -1.9
v 1.2 1.3 -1.9
v 1.2 1.5 -1.9
v 1.2 1.8 -1.9
v 1.3 1.4 -1.9
v 1.3 1.5 -1.9
v 1.3 1.8 -1.9
v 1.3 1.9 -1.9
v 1.3 3.1 -1.9
v 1.3 3.7 -1.9
v 1.3 3.8 -1.9
v 1.4 1.3 -1.9
v 1.4 1.4 -1.9
v 1.4 1.9 -1.9
v 1.4 2 -1.9
v 1.4 2.6 -1.9
v 1.4 3.1 -1.9
v 1.4 3.7 -1.9
v 1.5 1.1 -1.9
v 1.5 1.2 -1.9
v 1.5 1.3 -1.9
v 1.5 2 -1.9
v 1.5 2.4 -1.9
v 1.5 3.1 -1.9
v 1.6 0.5 -1.9
v 1.6 1 -1.9
v 1.6 1.2 -1.9
v 1.6 2.4 -1.9
v 1.7 0.3 -1.9
v 1.7 0.5 -1.9
v 1.8 0.2 -1.9
v 1.8 0.3 -1.9
v 1.8 0.5 -1.9
v 1.8 1 -1.9
v 1.8 1.2 -1.9
v 1.9 0.4 -1.9
v 1.9 0.5 -1.9
v 1.9 1 -1.9
v 1.9 1.1 -1.9
v 2 0.1 -1.9
v 2 0.2 -1.9
v 2 0.3 -1.9
v 2 0.4 -1.9
v 2 1.1 -1.9
v 2 1.2 -1.9
v 2 1.3 -1.9
v 2.5 0.1 -1.9
v 2.5 0.2 -1.9
v 2.5 0.3 -1.9
v 2.5 0.4 -1.9
v 2.5 1.1 -1.9
v 2.5 1.2 -1.9
v 2.5 1.3 -1.9
v 2.6 0.4 -1.9
v 2.6 0.5 -1.9
v 2.6 1 -1.9
v 2.6 1.1 -1.9
v 2.7 0.2 -1.9
v 2.7 0.3 -1.9
v 2.7 0.5 -1.9
v 2.7 1 -1.9
v 2.7 1.2 -1.9
v 2.8 0.3 -1.9
v 2.8 0.5 -1.9
v 2.9 0.5 -1.9
v 2.9 1 -1.9
v -2.9 1 -2
v -2.9 1.2 -2
v -2.8 0.5 -2
v -2.8 1 -2
v -2.8 1.2 -2
v -2.8 1.3 -2
v -2.7 0.4 -2
v -2.7 0.5 -2
v -2.7 1 -2
v -2.7 1.1 -2
v -2.6 0.3 -2
v -2.6 0.4 -2
v -2.6 1.1 -2
v -2.6 1.2 -2
v -2.6 1.3 -2
v -2.6 1.4 -2
v -2.1 0.3 -2
v -2.1 0.4 -2
v -2.1 1.1 -2
v -2.1 1.2 -2
v -2.1 1.3 -2
v -2.1 1.4 -2
v -2 0.4 -2
v -2 0.5 -2
v -2 1 -2
v -2 1.1 -2
v -1.9 0.5 -2
v -1.9 1 -2
v -1.9 1.2 -2
v -1.9 1.3 -2
v -1.8 1 -2
v -1.8 1.2 -2
v 1.7 1 -2
v 1.7 1.2 -2
v 1.8 0.5 -2
v 1.8 1 -2
v 1.8 1.2 -2
v 1.8 1.3 -2
v 1.9 0.4 -2
v 1.9 0.5 -2
v 1.9 1 -2
v 1.9 1.1 -2
v 2 0.3 -2
v 2 0.4 -2
v 2 1.1 -2
v 2 1.2 -2
v 2 1.3 -2
v 2 1.4 -2
v 2.5 0.3 -2
v 2.5 0.4 -2
v 2.5 1.1 -2
v 2.5 1.2 -2
v 2.5 1.3 -2
v 2.5 1.4 -2
v 2.6 0.4 -2
v 2.6 0.5 -2
v 2.6 1 -2
v 2.6 1.1 -2
v 2.7 0.5 -2
v 2.7 1 -2
v 2.7 1.2 -2
v 2.7 1.3 -2
v 2.8 1 -2
v 2.8 1.2 -2
v -3 1 -2.1
v -3 1.2 -2.1
v -2.9 1 -2.1
v -2.9 1.2 -2.1
v -2.9 1.3 -2.1
v -2.8 1.2 -2.1
v -2.8 1.3 -2.1
v -2.8 1.4 -2.1
v -2.6 1.3 -2.1
v -2.6 1.4 -2.1
v -2.6 1.5 -2.1
v -2.1 1.3 -2.1
v -2.1 1.4 -2.1
v -2.1 1.5 -2.1
v -1.9 1.2 -2.1
v -1.9 1.3 -2.1
v -1.9 1.4 -2.1
v -1.8 1 -2.1
v -1.8 1.2 -2.1
v -1.8 1.3 -2.1
v -1.7 1 -2.1
v -1.7 1.2 -2.1
v -1.7 2.3 -2.1
v -1.7 2.6 -2.1
v -1.7 2.7 -2.1
v -1.7 2.8 -2.1
v -1.6 2.3 -2.1
v -1.6 2.6 -2.1
v -1.6 2.7 -2.1
v -1.6 2.8 -2.1
v 1.6 1 -2.1
v 1.6 1.2 -2.1
v 1.7 1 -2.1
v 1.7 1.2 -2.1
v 1.7 1.3 -2.1
v 1.8 1.2 -2.1
v 1.8 1.3 -2.1
v 1.8 1.4 -2.1
v 2 1.3 -2.1
v 2 1.4 -2.1
v 2 1.5 -2.1
v 2.5 1.3 -2.1
v 2.5 1.4 -2.1
v 2.5 1.5 -2.1
v 2.7 1.2 -2.1
v 2.7 1.3 -2.1
v 2.7 1.4 -2.1
v 2.8 1 -2.1
v 2.8 1.2 -2.1
v 2.8 1.3 -2.1
v 2.9 1 -2.1
v 2.9 1.2 -2.1
v -2.7 0.1 1.9
v -2.2 0.1 1.9
v -2.7 0.1 1.8
v -2.2 0.1 1.8
v -2.6 0.1 -1.8
v -2.1 0.1 -1.8
v 2 0.1 -1.8
v 2.5 0.1 -1.8
v -2.6 0.1 -1.9
v -2.1 0.1 -1.9
v 2 0.1 -1.9
v 2.5 0.1 -1.9
v -2.7 0.2 2
v -2.2 0.2 2
v -2.9 0.2 1.9
v -2.7 0.2 1.9
v -2.2 0.2 1.9
v -2 0.2 1.9
v 2.2 0.2 1.9
v 2.7 0.2 1.9
v -2.9 0.2 1.8
v -2.7 0.2 1.8
v -2.2 0.2 1.8
v -2 0.2 1.8
v 2.2 0.2 1.8
v 2.7 0.2 1.8
v -2.8 0.2 -1.8
v -2.6 0.2 -1.8
v -2.1 0.2 -1.8
v -1.9 0.2 -1.8
v 1.8 0.2 -1.8
v 2 0.2 -1.8
v 2.5 0.2 -1.8
v 2.7 0.2 -1.8
v -2.8 0.2 -1.9
v -2.6 0.2 -1.9
v -2.1 0.2 -1.9
v -1.9 0.2 -1.9
v 1.8 0.2 -1.9
v 2 0.2 -1.9
v 2.5 0.2 -1.9
v 2.7 0.2 -1.9
v -2.8 0.3 2
v -2.7 0.3 2
v -2.2 0.3 2
v -2.1 0.3 2
v 2.2 0.3 2
v 2.7 0.3 2
v -3 0.3 1.9
v -2.9 0.3 1.9
v -2.8 0.3 1.9
v -2.7 0.3 1.9
v -2.2 0.3 1.9
v -2.1 0.3 1.9
v -2 0.3 1.9
v -1.9 0.3 1.9
v 2 0.3 1.9
v 2.2 0.3 1.9
v 2.7 0.3 1.9
v 2.9 0.3 1.9
v -3 0.3 1.8
v -2.9 0.3 1.8
v -2 0.3 1.8
v -1.9 0.3 1.8
v 2 0.3 1.8
v 2.2 0.3 1.8
v 2.7 0.3 1.8
v 2.9 0.3 1.8
v -2.9 0.3 -1.8
v -2.8 0.3 -1.8
v -1.9 0.3 -1.8
v -1.8 0.3 -1.8
v 1.7 0.3 -1.8
v 1.8 0.3 -1.8
v 2.7 0.3 -1.8
v 2.8 0.3 -1.8
v -2.9 0.3 -1.9
v -2.8 0.3 -1.9
v -2.6 0.3 -1.9
v -2.1 0.3 -1.9
v -1.9 0.3 -1.9
v -1.8 0.3 -1.9
v 1.7 0.3 -1.9
v 1.8 0.3 -1.9
v 2 0.3 -1.9
v 2.5 0.3 -1.9
v 2.7 0.3 -1.9
v 2.8 0.3 -1.9
v -2.6 0.3 -2
v -2.1 0.3 -2
v 2 0.3 -2
v 2.5 0.3 -2
v -2.9 0.4 2
v -2.8 0.4 2
v -2.1 0.4 2
v -2 0.4 2
v 2.1 0.4 2
v 2.2 0.4 2
v 2.7 0.4 2
v 2.8 0.4 2
v -2.9 0.4 1.9
v -2.8 0.4 1.9
v -2.1 0.4 1.9
v -2 0.4 1.9
v 1.9 0.4 1.9
v 2 0.4 1.9
v 2.1 0.4 1.9
v 2.2 0.4 1.9
v 2.7 0.4 1.9
v 2.8 0.4 1.9
v 2.9 0.4 1.9
v 3 0.4 1.9
v 1.9 0.4 1.8
v 2 0.4 1.8
v 2.9 0.4 1.8
v 3 0.4 1.8
v -2.7 0.4 -1.9
v -2.6 0.4 -1.9
v -2.1 0.4 -1.9
v -2 0.4 -1.9
v 1.9 0.4 -1.9
v 2 0.4 -1.9
v 2.5 0.4 -1.9
v 2.6 0.4 -1.9
v -2.7 0.4 -2
v -2.6 0.4 -2
v -2.1 0.4 -2
v -2 0.4 -2
v 1.9 0.4 -2
v 2 0.4 -2
v 2.5 0.4 -2
v 2.6 0.4 -2
v 2 0.5 2
v 2.1 0.5 2
v 2.8 0.5 2
v 2.9 0.5 2
v -3.1 0.5 1.9
v -3 0.5 1.9
v -1.9 0.5 1.9
v -1.8 0.5 1.9
v 1.8 0.5 1.9
v 1.9 0.5 1.9
v 2 0.5 1.9
v 2.1 0.5 1.9
v 2.8 0.5 1.9
v 2.9 0.5 1.9
v 3 0.5 1.9
v 3.1 0.5 1.9
v -3.1 0.5 1.8
v -3 0.5 1.8
v -1.9 0.5 1.8
v -1.8 0.5 1.8
v 1.8 0.5 1.8
v 1.9 0.5 1.8
v 3 0.5 1.8
v 3.1 0.5 1.8
v 3.2 0.5 0.3
v 3.3 0.5 0.3
v 3.2 0.5 -0.0999999
v 3.3 0.5 -0.0999999
v -3 0.5 -1.8
v -2.9 0.5 -1.8
v -1.8 0.5 -1.8
v -1.7 0.5 -1.8
v 1.6 0.5 -1.8
v 1.7 0.5 -1.8
v 2.8 0.5 -1.8
v 2.9 0.5 -1.8
v -3 0.5 -1.9
v -2.9 0.5 -1.9
v -2.8 0.5 -1.9
v -2.7 0.5 -1.9
v -2 0.5 -1.9
v -1.9 0.5 -1.9
v -1.8 0.5 -1.9
v -1.7 0.5 -1.9
v 1.6 0.5 -1.9
v 1.7 0.5 -1.9
v 1.8 0.5 -1.9
v 1.9 0.5 -1.9
v 2.6 0.5 -1.9
v 2.7 0.5 -1.9
v 2.8 0.5 -1.9
v 2.9 0.5 -1.9
v -2.8 0.5 -2
v -2.7 0.5 -2
v -2 0.5 -2
v -1.9 0.5 -2
v 1.8 0.5 -2
v 1.9 0.5 -2
v 2.6 0.5 -2
v 2.7 0.5 -2
v 1.9 0.6 2
v 2 0.6 2
v 2.9 0.6 2
v 3 0.6 2
v 1.9 0.6 1.9
v 2 0.6 1.9
v 2.9 0.6 1.9
v 3 0.6 1.9
v -3.2 0.6 1.8
v -3.1 0.6 1.8
v -1.8 0.6 1.8
v 1.8 0.6 1.8
v 2.8 0.6 1.8
v -2 0.6 1.5
v -0.7 0.6 1.5
v -3.2 0.6 1.4
v -3.1 0.6 1.4
v -2 0.6 1.4
v -0.7 0.6 1.4
v -3.1 0.6 1.3
v -3 0.6 1.3
v -1.3 0.6 1.3
v -0.9 0.6 1.3
v -1.5 0.6 1.2
v -1.3 0.6 1.2
v -0.9 0.6 1.2
v -0.8 0.6 1.2
v -1.6 0.6 1.1
v -1.5 0.6 1.1
v -1.7 0.6 0.9
v -1.6 0.6 0.9
v -0.9 0.6 0.8
v -0.8 0.6 0.8
v -1 0.6 0.5
v -0.9 0.6 0.5
v 3.2 0.6 0.5
v 3.3 0.6 0.5
v -1.7 0.6 0.4
v -1.6 0.6 0.4
v -1.6 0.6 0.3
v -1.5 0.6 0.3
v 3.2 0.6 0.3
v 3.3 0.6 0.3
v -1.5 0.6 0.2
v -1.4 0.6 0.2
v -1.1 0.6 0.2
v -1 0.6 0.2
v -1.4 0.6 0.0999999
v -1.1 0.6 0.0999999
v 3.2 0.6 -0.0999999
v 3.3 0.6 -0.0999999
v 3.2 0.6 -0.2
v 3.3 0.6 -0.2
v 3.2 0.6 -0.4
v 3.3 0.6 -0.4
v -1.1 0.6 -0.9
v -1 0.6 -0.9
v -3.1 0.6 -1.3
v -3 0.6 -1.3
v -3.2 0.6 -1.4
v -3.1 0.6 -1.4
v -3.2 0.6 -1.8
v -3 0.6 -1.8
v -1.7 0.6 -1.8
v 1.6 0.6 -1.8
v 2.8 0.6 -1.8
v 1.7 0.7 1.9
v 1.8 0.7 1.9
v 3.1 0.7 1.9
v 3.2 0.7 1.9
v -3.3 0.7 1.8
v -3.2 0.7 1.8
v 1.7 0.7 1.8
v 1.8 0.7 1.8
v 2.8 0.7 1.8
v 2.9 0.7 1.8
v 3.1 0.7 1.8
v 3.2 0.7 1.8
v -3.2 0.7 1.4
v -3.4 0.7 1.3
v -3.3 0.7 1.3
v -3.2 0.7 1.3
v 3.2 0.7 0.7
v 3.3 0.7 0.7
v 3.2 0.7 0.5
v 3.3 0.7 0.5
v 3.3 0.7 0.3
v 3.4 0.7 0.3
v 3.3 0.7 -0.0999999
v 3.4 0.7 -0.0999999
v 3.2 0.7 -0.4
v 3.3 0.7 -0.4
v 3.2 0.7 -0.6
v 3.3 0.7 -0.6
v -3.4 0.7 -1.3
v -3.3 0.7 -1.3
v -3.2 0.7 -1.3
v -3.2 0.7 -1.4
v -3.3 0.7 -1.8
v -3.2 0.7 -1.8
v 2.8 0.7 -1.8
v 2.9 0.7 -1.8
v 2.9 0.8 1.8
v 3 0.8 1.8
v 3.2 0.8 0.8
v 3.3 0.8 0.8
v 3.2 0.8 0.7
v 3.3 0.8 0.7
v 3.3 0.8 0.5
v 3.4 0.8 0.5
v 3.3 0.8 0.3
v 3.4 0.8 0.3
v 3.3 0.8 -0.0999999
v 3.4 0.8 -0.0999999
v 3.3 0.8 -0.2
v 3.4 0.8 -0.2
v 3.3 0.8 -0.4
v 3.4 0.8 -0.4
v 3.2 0.8 -0.6
v 3.3 0.8 -0.6
v 3.2 0.8 -0.7
v 3.3 0.8 -0.7
v 2.9 0.8 -1.8
v 3 0.8 -1.8
v -1.7 0.9 1.9
v 0 0.9 1.9
v 0.2 0.9 1.9
v 1.6 0.9 1.9
v -1.7 0.9 1.8
v 0 0.9 1.8
v 0.2 0.9 1.8
v 1.6 0.9 1.8
v 3 0.9 1.8
v 3.1 0.9 1.8
v 3.3 0.9 0.6
v 3.4 0.9 0.6
v 3.3 0.9 0.5
v 3.4 0.9 0.5
v 3.3 0.9 -0.4
v 3.4 0.9 -0.4
v 3.3 0.9 -0.5
v 3.4 0.9 -0.5
v 3 0.9 -1.8
v 3.1 0.9 -1.8
v -3.1 1 2.1
v -3 1 2.1
v -1.9 1 2.1
v -1.8 1 2.1
v -2 1 2
v -1.9 1 2
v -3.1 1 1.9
v -3 1 1.9
v -2 1 1.9
v -1.8 1 1.9
v -1.3 1 1.4
v -1.2 1 1.4
v -1 1 1.4
v -0.9 1 1.4
v -1.3 1 1.3
v -1.2 1 1.3
v -1 1 1.3
v -0.9 1 1.3
v -1.5 1 1.2
v -1.4 1 1.2
v -1.6 1 1.1
v -1.5 1 1.1
v -1.4 1 1.1
v -1.6 1 1
v -1.5 1 1
v -1.8 1 0.9
v -1.7 1 0.9
v 3.2 1 0.9
v 3.3 1 0.9
v -1.8 1 0.8
v -1.7 1 0.8
v 3.2 1 0.8
v 3.3 1 0.8
v 3.4 1 0.8
v 3.3 1 0.7
v 3.4 1 0.7
v 3.4 1 0.3
v 3.5 1 0.3
v 3.4 1 -0.2
v 3.5 1 -0.2
v 3.3 1 -0.5
v 3.4 1 -0.5
v 3.3 1 -0.6
v 3.4 1 -0.6
v 3.2 1 -0.7
v 3.3 1 -0.7
v 3.2 1 -0.8
v 3.3 1 -0.8
v -3 1 -1.9
v -2.8 1 -1.9
v -1.9 1 -1.9
v -1.7 1 -1.9
v 1.6 1 -1.9
v 1.8 1 -1.9
v 2.7 1 -1.9
v 2.9 1 -1.9
v -2.9 1 -2
v -2.8 1 -2
v -1.9 1 -2
v -1.8 1 -2
v 1.7 1 -2
v 1.8 1 -2
v 2.7 1 -2
v 2.8 1 -2
v -3 1 -2.1
v -2.9 1 -2.1
v -1.8 1 -2.1
v -1.7 1 -2.1
v 1.6 1 -2.1
v 1.7 1 -2.1
v 2.8 1 -2.1
v 2.9 1 -2.1
v -3 1.1 2
v -2.9 1.1 2
v -3 1.1 1.9
v -2.9 1.1 1.9
v 3.1 1.1 1.6
v 3.2 1.1 1.6
v -1.2 1.1 1.4
v -1 1.1 1.4
v -1.4 1.1 1.3
v -1.3 1.1 1.3
v -1.2 1.1 1.3
v -1 1.1 1.3
v -1.4 1.1 1.2
v -1.3 1.1 1.2
v -1.5 1.1 1.1
v -1.4 1.1 1.1
v -1.7 1.1 1
v -1.6 1.1 1
v -1.5 1.1 1
v -1.4 1.1 1
v 3.2 1.1 1
v 3.3 1.1 1
v -1.7 1.1 0.9
v -1.6 1.1 0.9
v 3.2 1.1 0.9
v 3.3 1.1 0.9
v -1.8 1.1 0.8
v -1.7 1.1 0.8
v 3.2 1.1 0.8
v -1.8 1.1 0.6
v -1.7 1.1 0.6
v 3.4 1.1 0.5
v 3.5 1.1 0.5
v -1.8 1.1 0.4
v -1.7 1.1 0.4
v 3.4 1.1 0.4
v 3.5 1.1 0.4
v -1.8 1.1 0.3
v -1.7 1.1 0.3
v 3.4 1.1 0.3
v 3.5 1.1 0.3
v 3.4 1.1 -0.2
v 3.5 1.1 -0.2
v 3.4 1.1 -0.3
v 3.5 1.1 -0.3
v 3.2 1.1 -0.7
v 3.2 1.1 -0.8
v 3.2 1.1 -1.6
v 3.3 1.1 -1.6
v 3.1 1.1 -1.7
v 3.3 1.1 -1.7
v -1.4 1.1 -1.8
v -0.0999999 1.1 -1.8
v 0.3 1.1 -1.8
v 0.5 1.1 -1.8
v 1.1 1.1 -1.8
v 1.5 1.1 -1.8
v -1.4 1.1 -1.9
v -0.0999999 1.1 -1.9
v 0.3 1.1 -1.9
v 0.5 1.1 -1.9
v 1.1 1.1 -1.9
v 1.5 1.1 -1.9
v -3 1.2 2.1
v -2.9 1.2 2.1
v -2 1.2 2.1
v -1.9 1.2 2.1
v 1.7 1.2 2.1
v 1.8 1.2 2.1
v 3.1 1.2 2.1
v 3.2 1.2 2.1
v -3 1.2 2
v -2.9 1.2 2
v -2.7 1.2 2
v -2.2 1.2 2
v -2 1.2 2
v -1.9 1.2 2
v 1.8 1.2 2
v 1.9 1.2 2
v 3 1.2 2
v 3.1 1.2 2
v -2.9 1.2 1.9
v -2.7 1.2 1.9
v -2.2 1.2 1.9
v -2 1.2 1.9
v 1.7 1.2 1.9
v 1.9 1.2 1.9
v 3 1.2 1.9
v 3.2 1.2 1.9
v -1.3 1.2 1.3
v -1.1 1.2 1.3
v -1.4 1.2 1.2
v -1.3 1.2 1.2
v -1.2 1.2 1.2
v -1.1 1.2 1.2
v -1.4 1.2 1.1
v -1.2 1.2 1.1
v -1.6 1.2 1
v -1.5 1.2 1
v -1.7 1.2 0.9
v -1.6 1.2 0.9
v -1.5 1.2 0.9
v -1.7 1.2 0.7
v -1.6 1.2 0.7
v 3.3 1.2 0.7
v 3.4 1.2 0.7
v -1.8 1.2 0.6
v -1.7 1.2 0.6
v 3.3 1.2 0.6
v 3.4 1.2 0.6
v 3.5 1.2 0.6
v 3.4 1.2 0.5
v 3.5 1.2 0.5
v -1.8 1.2 0.4
v -1.7 1.2 0.4
v -1.7 1.2 0.2
v -1.6 1.2 0.2
v -1.7 1.2 0.0999999
v -1.6 1.2 0.0999999
v -1.5 1.2 0
v -1.4 1.2 0
v -1.5 1.2 -0.0999999
v -1.4 1.2 -0.0999999
v 3.4 1.2 -0.3
v 3.5 1.2 -0.3
v 3.4 1.2 -0.4
v 3.5 1.2 -0.4
v 3.3 1.2 -0.6
v 3.4 1.2 -0.6
v 3.3 1.2 -0.7
v 3.4 1.2 -0.7
v 3.2 1.2 -0.8
v 3.3 1.2 -0.8
v 3.2 1.2 -0.9
v 3.3 1.2 -0.9
v -0.0999999 1.2 -1.8
v 0 1.2 -1.8
v 0.2 1.2 -1.8
v 0.3 1.2 -1.8
v 1.5 1.2 -1.8
v 1.6 1.2 -1.8
v -2.8 1.2 -1.9
v -2.6 1.2 -1.9
v -2.1 1.2 -1.9
v -1.9 1.2 -1.9
v -0.0999999 1.2 -1.9
v 0 1.2 -1.9
v 0.2 1.2 -1.9
v 0.3 1.2 -1.9
v 1.5 1.2 -1.9
v 1.6 1.2 -1.9
v 1.8 1.2 -1.9
v 2 1.2 -1.9
v 2.5 1.2 -1.9
v 2.7 1.2 -1.9
v -2.9 1.2 -2
v -2.8 1.2 -2
v -2.6 1.2 -2
v -2.1 1.2 -2
v -1.9 1.2 -2
v -1.8 1.2 -2
v 1.7 1.2 -2
v 1.8 1.2 -2
v 2 1.2 -2
v 2.5 1.2 -2
v 2.7 1.2 -2
v 2.8 1.2 -2
v -2.9 1.2 -2.1
v -2.8 1.2 -2.1
v -1.9 1.2 -2.1
v -1.8 1.2 -2.1
v 1.7 1.2 -2.1
v 1.8 1.2 -2.1
v 2.7 1.2 -2.1
v 2.8 1.2 -2.1
v -2.9 1.3 2.1
v -2.7 1.3 2.1
v -2.2 1.3 2.1
v -2 1.3 2.1
v -2.9 1.3 2
v -2.7 1.3 2
v -2.2 1.3 2
v -2 1.3 2
v -3.4 1.3 1.9
v -3.1 1.3 1.9
v -2.7 1.3 1.9
v -2.2 1.3 1.9
v -3.3 1.3 1.8
v -3.1 1.3 1.8
v -3.4 1.3 1.6
v -3.3 1.3 1.6
v -1.7 1.3 0.7
v -1.6 1.3 0.7
v -1.7 1.3 0.2
v -1.6 1.3 0.2
v -1.6 1.3 0.0999999
v -1.5 1.3 0.0999999
v -1.6 1.3 0
v -1.5 1.3 0
v -1.4 1.3 0
v -1.2 1.3 0
v -1.4 1.3 -0.0999999
v -1.2 1.3 -0.0999999
v -3.4 1.3 -1.6
v -3.3 1.3 -1.6
v -3.3 1.3 -1.8
v -3.1 1.3 -1.8
v -3.4 1.3 -1.9
v -3.1 1.3 -1.9
v -2.6 1.3 -1.9
v -2.1 1.3 -1.9
v 2 1.3 -1.9
v 2.5 1.3 -1.9
v -2.8 1.3 -2
v -2.6 1.3 -2
v -2.1 1.3 -2
v -1.9 1.3 -2
v 1.8 1.3 -2
v 2 1.3 -2
v 2.5 1.3 -2
v 2.7 1.3 -2
v -2.8 1.3 -2.1
v -2.6 1.3 -2.1
v -2.1 1.3 -2.1
v -1.9 1.3 -2.1
v 1.8 1.3 -2.1
v 2 1.3 -2.1
v 2.5 1.3 -2.1
v 2.7 1.3 -2.1
v -2.7 1.4 2.1
v -2.2 1.4 2.1
v 1.8 1.4 2.1
v 1.9 1.4 2.1
v 3 1.4 2.1
v 3.1 1.4 2.1
v -2.7 1.4 2
v -2.2 1.4 2
v 1.8 1.4 2
v 1.9 1.4 2
v 2 1.4 2
v 2.9 1.4 2
v 3 1.4 2
v 3.1 1.4 2
v 1.9 1.4 1.9
v 2 1.4 1.9
v 2.9 1.4 1.9
v 3 1.4 1.9
v -1 1.4 1.4
v -0.9 1.4 1.4
v -1 1.4 1.3
v -0.9 1.4 1.3
v -1.2 1.4 1.2
v -1.1 1.4 1.2
v -1.4 1.4 1.1
v -1.3 1.4 1.1
v -1.2 1.4 1.1
v -1.1 1.4 1.1
v -1.4 1.4 1
v -1.3 1.4 1
v -1.6 1.4 0.9
v -1.5 1.4 0.9
v -1.6 1.4 0.8
v -1.5 1.4 0.8
v -1.6 1.4 0.6
v -1.5 1.4 0.6
v -1.5 1.4 0.2
v -1.4 1.4 0.2
v -1.6 1.4 0.0999999
v -1.5 1.4 0.0999999
v -1.4 1.4 0.0999999
v -1.3 1.4 0.0999999
v -1.5 1.4 0
v -1.3 1.4 0
v 1.8 1.4 -1.4
v 1.9 1.4 -1.4
v 1.8 1.4 -1.5
v 1.9 1.4 -1.5
v 1.3 1.4 -1.6
v 1.4 1.4 -1.6
v 1.6 1.4 -1.6
v 1.7 1.4 -1.6
v 1.3 1.4 -1.7
v 1.4 1.4 -1.7
v 1.6 1.4 -1.7
v 1.7 1.4 -1.7
v -2.6 1.4 -2
v -2.1 1.4 -2
v 2 1.4 -2
v 2.5 1.4 -2
v -2.6 1.4 -2.1
v -2.1 1.4 -2.1
v 2 1.4 -2.1
v 2.5 1.4 -2.1
v 1.9 1.5 2.1
v 2 1.5 2.1
v 2.9 1.5 2.1
v 3 1.5 2.1
v 1.9 1.5 2
v 2 1.5 2
v 2.2 1.5 2
v 2.7 1.5 2
v 2.9 1.5 2
v 3 1.5 2
v 2 1.5 1.9
v 2.2 1.5 1.9
v 2.7 1.5 1.9
v 2.9 1.5 1.9
v -0.7 1.5 1.5
v -0.6 1.5 1.5
v -0.4 1.5 1.5
v -0.3 1.5 1.5
v -0.9 1.5 1.4
v -0.8 1.5 1.4
v -0.7 1.5 1.4
v -0.6 1.5 1.4
v -0.4 1.5 1.4
v -0.3 1.5 1.4
v -1.1 1.5 1.3
v -1 1.5 1.3
v -0.9 1.5 1.3
v -0.8 1.5 1.3
v -1.1 1.5 1.2
v -1 1.5 1.2
v -0.0999999 1.5 1.2
v 0 1.5 1.2
v -1.3 1.5 1.1
v -1.1 1.5 1.1
v -0.0999999 1.5 1.1
v 0 1.5 1.1
v -1.5 1.5 1
v -1.4 1.5 1
v -1.3 1.5 1
v -1.1 1.5 1
v -1.5 1.5 0.9
v -1.4 1.5 0.9
v -1.6 1.5 0.8
v -1.5 1.5 0.8
v -1.6 1.5 0.6
v -1.5 1.5 0.6
v -1.5 1.5 0.5
v -1.4 1.5 0.5
v -1.5 1.5 0.2
v -1.4 1.5 0.2
v 0.6 1.5 -1
v 0.7 1.5 -1
v 0.6 1.5 -1.1
v 0.7 1.5 -1.1
v 0.4 1.5 -1.5
v 0.5 1.5 -1.5
v 1.7 1.5 -1.5
v 1.8 1.5 -1.5
v 0.4 1.5 -1.6
v 0.5 1.5 -1.6
v 1.4 1.5 -1.6
v 1.6 1.5 -1.6
v 1.7 1.5 -1.6
v 1.8 1.5 -1.6
v 1.4 1.5 -1.7
v 1.6 1.5 -1.7
v 0.4 1.5 -1.8
v 0.5 1.5 -1.8
v 1.1 1.5 -1.8
v 1.2 1.5 -1.8
v 0.4 1.5 -1.9
v 0.5 1.5 -1.9
v 1.1 1.5 -1.9
v 1.2 1.5 -1.9
v 2 1.6 2.1
v 2.2 1.6 2.1
v 2.7 1.6 2.1
v 2.9 1.6 2.1
v 2 1.6 2
v 2.2 1.6 2
v 2.7 1.6 2
v 2.9 1.6 2
v 2.2 1.6 1.9
v 2.7 1.6 1.9
v -1.7 1.6 1.6
v -1.6 1.6 1.6
v -1.7 1.6 1.5
v -1.6 1.6 1.5
v -0.6 1.6 1.5
v -0.4 1.6 1.5
v -0.8 1.6 1.4
v -0.7 1.6 1.4
v -0.6 1.6 1.4
v -0.4 1.6 1.4
v -0.3 1.6 1.4
v -0.2 1.6 1.4
v -0.8 1.6 1.3
v -0.7 1.6 1.3
v -0.3 1.6 1.3
v -0.2 1.6 1.3
v -0.0999999 1.6 1.3
v -0.2 1.6 1.2
v -0.0999999 1.6 1.2
v -1.4 1.6 1
v -1.2 1.6 1
v -1.5 1.6 0.9
v -1.4 1.6 0.9
v -1.3 1.6 0.9
v -1.2 1.6 0.9
v -1.4 1.6 0.8
v -1.3 1.6 0.8
v -1.4 1.6 0.6
v -1.3 1.6 0.6
v -1.5 1.6 0.5
v -1.4 1.6 0.5
v -1.4 1.6 0.4
v -1.3 1.6 0.4
v -1.4 1.6 0.2
v -1.3 1.6 0.2
v -1.4 1.6 0.0999999
v -1.3 1.6 0.0999999
v 2.3 1.6 -0.4
v 2.4 1.6 -0.4
v 2.3 1.6 -0.5
v 2.4 1.6 -0.5
v 2.3 1.6 -0.7
v 2.4 1.6 -0.7
v 2.3 1.6 -0.8
v 2.4 1.6 -0.8
v 2.1 1.6 -0.9
v 2.2 1.6 -0.9
v 2.1 1.6 -1
v 2.2 1.6 -1
v 0.6 1.6 -1.1
v 0.7 1.6 -1.1
v 0.5 1.6 -1.4
v 0.6 1.6 -1.4
v 0.7 1.6 -1.4
v 0.5 1.6 -1.5
v 0.6 1.6 -1.5
v 1.5 1.6 -1.5
v 1.7 1.6 -1.5
v 0.4 1.6 -1.6
v 0.5 1.6 -1.6
v 1.1 1.6 -1.6
v 1.2 1.6 -1.6
v 1.5 1.6 -1.6
v 1.7 1.6 -1.6
v 0.4 1.6 -1.8
v 0.5 1.6 -1.8
v 1.1 1.6 -1.8
v 1.2 1.6 -1.8
v 2.2 1.7 2.1
v 2.7 1.7 2.1
v 2.2 1.7 2
v 2.7 1.7 2
v -1.2 1.7 1.8
v -1.1 1.7 1.8
v 0.1 1.7 1.8
v 0.2 1.7 1.8
v 0.7 1.7 1.8
v 0.8 1.7 1.8
v -1.7 1.7 1.7
v -1.6 1.7 1.7
v -1.2 1.7 1.7
v -1.1 1.7 1.7
v 0.1 1.7 1.7
v 0.2 1.7 1.7
v 0.7 1.7 1.7
v 0.8 1.7 1.7
v -1.7 1.7 1.6
v -1.6 1.7 1.6
v -1.5 1.7 1.6
v -1.2 1.7 1.6
v -1.1 1.7 1.6
v -1.6 1.7 1.5
v -1.5 1.7 1.5
v -1.2 1.7 1.5
v -1.1 1.7 1.5
v -0.7 1.7 1.4
v -0.3 1.7 1.4
v -0.7 1.7 1.3
v -0.4 1.7 1.3
v -0.3 1.7 1.3
v -0.2 1.7 1.3
v -0.4 1.7 1.2
v -0.2 1.7 1.2
v -1.3 1.7 0.9
v -1.2 1.7 0.9
v -1.4 1.7 0.8
v -1.3 1.7 0.8
v -1.2 1.7 0.7
v -1 1.7 0.7
v -1.4 1.7 0.6
v -1.3 1.7 0.6
v -1.2 1.7 0.6
v -1 1.7 0.6
v -1.3 1.7 0.5
v -1.2 1.7 0.5
v -1.4 1.7 0.4
v -1.3 1.7 0.4
v -1.4 1.7 0.2
v -1.3 1.7 0.2
v -1.3 1.7 0.0999999
v -1.2 1.7 0.0999999
v -1.3 1.7 0
v -1.2 1.7 0
v 0.9 1.7 -0.4
v 1 1.7 -0.4
v 0.9 1.7 -0.5
v 1 1.7 -0.5
v 2.3 1.7 -0.5
v 2.4 1.7 -0.5
v 0.7 1.7 -0.6
v 0.8 1.7 -0.6
v 0.7 1.7 -0.7
v 0.8 1.7 -0.7
v 2.3 1.7 -0.7
v 2.4 1.7 -0.7
v 2.2 1.7 -0.8
v 2.3 1.7 -0.8
v 0.7 1.7 -0.9
v 0.8 1.7 -0.9
v 2.2 1.7 -0.9
v 2.3 1.7 -0.9
v 0.6 1.7 -1.4
v 0.7 1.7 -1.4
v 0.8 1.7 -1.4
v 0.9 1.7 -1.4
v 0.5 1.7 -1.5
v 0.6 1.7 -1.5
v 0.7 1.7 -1.5
v 0.9 1.7 -1.5
v 1.2 1.7 -1.5
v 1.4 1.7 -1.5
v 1.5 1.7 -1.5
v 0.6 1.7 -1.6
v 0.7 1.7 -1.6
v 0.9 1.7 -1.6
v 1 1.7 -1.6
v 1.1 1.7 -1.6
v 1.2 1.7 -1.6
v 1.4 1.7 -1.6
v 1.5 1.7 -1.6
v 0.5 1.7 -1.8
v 0.6 1.7 -1.8
v 0.7 1.7 -1.8
v 0.9 1.7 -1.8
v 1 1.7 -1.8
v 1.1 1.7 -1.8
v 0.5 1.7 -1.9
v 0.7 1.7 -1.9
v 0.9 1.7 -1.9
v 1.1 1.7 -1.9
v -1.4 1.8 1.9
v -1.1 1.8 1.9
v 0.2 1.8 1.9
v 0.4 1.8 1.9
v 0.7 1.8 1.9
v 0.8 1.8 1.9
v -1.8 1.8 1.8
v -1.7 1.8 1.8
v -1.5 1.8 1.8
v -1.4 1.8 1.8
v -1.2 1.8 1.8
v -1.1 1.8 1.8
v 0.2 1.8 1.8
v 0.4 1.8 1.8
v 0.5 1.8 1.8
v 0.6 1.8 1.8
v 0.7 1.8 1.8
v 0.8 1.8 1.8
v -1.8 1.8 1.7
v -1.7 1.8 1.7
v -1.6 1.8 1.7
v -1.5 1.8 1.7
v -1.2 1.8 1.7
v -1.1 1.8 1.7
v 0.2 1.8 1.7
v 0.5 1.8 1.7
v 0.6 1.8 1.7
v 0.7 1.8 1.7
v -1.6 1.8 1.6
v -1.5 1.8 1.6
v -1.2 1.8 1.6
v -1.1 1.8 1.6
v -1.5 1.8 1.5
v -1.2 1.8 1.5
v -0.6 1.8 1.3
v -0.4 1.8 1.3
v -0.6 1.8 1.2
v -0.5 1.8 1.2
v -0.4 1.8 1.2
v -0.3 1.8 1.2
v -0.5 1.8 1.1
v -0.3 1.8 1.1
v -1.2 1.8 0.6
v -1.1 1.8 0.6
v -1 1.8 0.6
v -0.9 1.8 0.6
v -1.3 1.8 0.5
v -1.2 1.8 0.5
v -1.1 1.8 0.5
v -1 1.8 0.5
v -0.9 1.8 0.5
v -1.2 1.8 0.4
v -1.1 1.8 0.4
v 1.3 1.8 0.3
v 1.4 1.8 0.3
v 1.3 1.8 0.2
v 1.4 1.8 0.2
v 2.5 1.8 0.2
v 2.6 1.8 0.2
v -1.3 1.8 0.0999999
v -1.2 1.8 0.0999999
v 1.1 1.8 0.0999999
v 1.2 1.8 0.0999999
v 2.5 1.8 0.0999999
v 2.6 1.8 0.0999999
v 1.1 1.8 0
v 1.2 1.8 0
v -0.7 1.8 -0.4
v -0.6 1.8 -0.4
v 1 1.8 -0.4
v 1.1 1.8 -0.4
v 1.2 1.8 -0.4
v -0.7 1.8 -0.5
v -0.6 1.8 -0.5
v 0.8 1.8 -0.5
v 0.9 1.8 -0.5
v 1 1.8 -0.5
v 1.2 1.8 -0.5
v 2.2 1.8 -0.5
v 2.3 1.8 -0.5
v 0.8 1.8 -0.6
v 0.9 1.8 -0.6
v 0.7 1.8 -0.7
v 0.8 1.8 -0.7
v 2.1 1.8 -0.7
v 2.2 1.8 -0.7
v 2 1.8 -0.8
v 2.1 1.8 -0.8
v 2.2 1.8 -0.8
v 2.3 1.8 -0.8
v 0.7 1.8 -0.9
v 0.8 1.8 -0.9
v 2.1 1.8 -0.9
v 2.2 1.8 -0.9
v 0.8 1.8 -1
v 0.9 1.8 -1
v 2 1.8 -1
v 2.1 1.8 -1
v 0.9 1.8 -1.1
v 1 1.8 -1.1
v 2 1.8 -1.2
v 2.1 1.8 -1.2
v 2 1.8 -1.3
v 2.1 1.8 -1.3
v 0.8 1.8 -1.4
v 0.9 1.8 -1.4
v 1 1.8 -1.4
v 1.1 1.8 -1.4
v 1.8 1.8 -1.4
v 1.9 1.8 -1.4
v 0.7 1.8 -1.5
v 0.9 1.8 -1.5
v 1.1 1.8 -1.5
v 1.2 1.8 -1.5
v 1.4 1.8 -1.5
v 1.8 1.8 -1.5
v 1.9 1.8 -1.5
v 0.6 1.8 -1.6
v 0.7 1.8 -1.6
v 0.9 1.8 -1.6
v 1 1.8 -1.6
v 1.2 1.8 -1.6
v 1.4 1.8 -1.6
v 0.6 1.8 -1.8
v 0.7 1.8 -1.8
v 0.9 1.8 -1.8
v 1 1.8 -1.8
v 0.7 1.8 -1.9
v 0.9 1.8 -1.9
v -1.7 1.9 1.9
v -1.4 1.9 1.9
v 0.4 1.9 1.9
v 0.7 1.9 1.9
v -1.7 1.9 1.8
v -1.5 1.9 1.8
v -1.4 1.9 1.8
v 0.4 1.9 1.8
v 0.5 1.9 1.8
v 0.6 1.9 1.8
v 0.7 1.9 1.8
v -1.7 1.9 1.7
v -1.5 1.9 1.7
v 0.5 1.9 1.7
v 0.6 1.9 1.7
v -1.2 1.9 0.4
v -1.1 1.9 0.4
v -1.2 1.9 0.2
v -1.1 1.9 0.2
v 1.2 1.9 0.2
v 1.3 1.9 0.2
v 1.2 1.9 0.0999999
v 1.3 1.9 0.0999999
v -1.2 1.9 0
v -1.1 1.9 0
v 1.1 1.9 0
v 1.2 1.9 0
v -1.2 1.9 -0.0999999
v -1.1 1.9 -0.0999999
v 1.1 1.9 -0.0999999
v 1.2 1.9 -0.0999999
v -0.9 1.9 -0.3
v -0.8 1.9 -0.3
v 1.1 1.9 -0.3
v 1.2 1.9 -0.3
v -0.9 1.9 -0.4
v -0.8 1.9 -0.4
v -0.6 1.9 -0.4
v -0.5 1.9 -0.4
v 1.1 1.9 -0.4
v 1.2 1.9 -0.4
v -0.6 1.9 -0.5
v -0.5 1.9 -0.5
v 0.9 1.9 -0.5
v 1.2 1.9 -0.5
v 0.8 1.9 -0.6
v 0.9 1.9 -0.6
v 1 1.9 -0.6
v 1.2 1.9 -0.6
v 2 1.9 -0.6
v 2.2 1.9 -0.6
v 0.8 1.9 -0.7
v 0.9 1.9 -0.7
v 1 1.9 -0.7
v 1.9 1.9 -0.7
v 2 1.9 -0.7
v 2.1 1.9 -0.7
v 2.2 1.9 -0.7
v 2 1.9 -0.8
v 2.1 1.9 -0.8
v 0.9 1.9 -0.9
v 1 1.9 -0.9
v 1.9 1.9 -0.9
v 2 1.9 -0.9
v 0.8 1.9 -1
v 0.9 1.9 -1
v 1 1.9 -1
v 1.1 1.9 -1
v 2 1.9 -1
v 2.1 1.9 -1
v 0.9 1.9 -1.1
v 1 1.9 -1.1
v 2 1.9 -1.2
v 2.1 1.9 -1.2
v 1.1 1.9 -1.3
v 1.2 1.9 -1.3
v 1.9 1.9 -1.3
v 2 1.9 -1.3
v 1 1.9 -1.4
v 1.1 1.9 -1.4
v 1.2 1.9 -1.4
v 1.8 1.9 -1.4
v 1.9 1.9 -1.4
v 2 1.9 -1.4
v 1.1 1.9 -1.5
v 1.8 1.9 -1.5
v 1.6 2 0.5
v 1.7 2 0.5
v 1.6 2 0.4
v 1.7 2 0.4
v 1.4 2 0.3
v 1.5 2 0.3
v -1.2 2 0.2
v -1.1 2 0.2
v 1.3 2 0.2
v 1.4 2 0.2
v 1.5 2 0.2
v 1.2 2 0.0999999
v 1.3 2 0.0999999
v 1.4 2 0.0999999
v 2.5 2 0.0999999
v 2.6 2 0.0999999
v -1.2 2 0
v -1.1 2 0
v 1.2 2 0
v 1.3 2 0
v 2.5 2 0
v 2.6 2 0
v -1.1 2 -0.0999999
v -1 2 -0.0999999
v 1.1 2 -0.0999999
v 1.2 2 -0.0999999
v -1.1 2 -0.2
v -1 2 -0.2
v -0.9 2 -0.2
v 2.5 2 -0.2
v 2.6 2 -0.2
v -1 2 -0.3
v -0.9 2 -0.3
v -0.8 2 -0.3
v -0.7 2 -0.3
v -0.6 2 -0.3
v 1.1 2 -0.3
v 1.2 2 -0.3
v 2.5 2 -0.3
v 2.6 2 -0.3
v -0.8 2 -0.4
v -0.7 2 -0.4
v -0.6 2 -0.4
v -0.5 2 -0.4
v -0.3 2 -0.4
v 1.2 2 -0.4
v 1.3 2 -0.4
v 2.3 2 -0.4
v 2.4 2 -0.4
v -0.5 2 -0.5
v -0.3 2 -0.5
v 1.2 2 -0.5
v 2.1 2 -0.5
v 2.2 2 -0.5
v 2.3 2 -0.5
v 2.4 2 -0.5
v 1 2 -0.6
v 1.1 2 -0.6
v 1.2 2 -0.6
v 1.8 2 -0.6
v 2 2 -0.6
v 2.1 2 -0.6
v 2.2 2 -0.6
v 0.9 2 -0.7
v 1 2 -0.7
v 1.1 2 -0.7
v 1.9 2 -0.7
v 2 2 -0.7
v 1.3 2 -0.8
v 1.4 2 -0.8
v 1.7 2 -0.8
v 1.8 2 -0.8
v 0.9 2 -0.9
v 1 2 -0.9
v 1.3 2 -0.9
v 1.4 2 -0.9
v 1.7 2 -0.9
v 1.8 2 -0.9
v 1.9 2 -0.9
v 2 2 -0.9
v 1 2 -1
v 1.1 2 -1
v 1.2 2 -1
v 1.3 2 -1
v 1.8 2 -1
v 1.9 2 -1
v 1.2 2 -1.2
v 1.3 2 -1.2
v 1.8 2 -1.2
v 1.9 2 -1.2
v 1.1 2 -1.3
v 1.2 2 -1.3
v 1.3 2 -1.3
v 1.8 2 -1.3
v 1.9 2 -1.3
v 2 2 -1.3
v 1.2 2 -1.4
v 1.9 2 -1.4
v -1.3 2 -1.7
v -1.2 2 -1.7
v -0.6 2 -1.7
v -0.5 2 -1.7
v -1.3 2 -1.8
v -1.2 2 -1.8
v -0.6 2 -1.8
v -0.5 2 -1.8
v 1.5 2.1 0.4
v 1.6 2.1 0.4
v 1.5 2.1 0.3
v 1.6 2.1 0.3
v 1.4 2.1 0.2
v 1.5 2.1 0.2
v 2.4 2.1 0.2
v 2.5 2.1 0.2
v 1.3 2.1 0.0999999
v 1.4 2.1 0.0999999
v 2.4 2.1 0.0999999
v 2.5 2.1 0.0999999
v 1.2 2.1 0
v 1.3 2.1 0
v 1.4 2.1 0
v 1.5 2.1 0
v 2.5 2.1 0
v 2.6 2.1 0
v 1.3 2.1 -0.0999999
v 1.4 2.1 -0.0999999
v -0.9 2.1 -0.2
v -0.5 2.1 -0.2
v 0.1 2.1 -0.2
v 0.2 2.1 -0.2
v 2.5 2.1 -0.2
v 2.6 2.1 -0.2
v -0.9 2.1 -0.3
v -0.7 2.1 -0.3
v -0.6 2.1 -0.3
v -0.5 2.1 -0.3
v -0.4 2.1 -0.3
v 0 2.1 -0.3
v 0.1 2.1 -0.3
v 0.2 2.1 -0.3
v 0.3 2.1 -0.3
v 2.4 2.1 -0.3
v 2.5 2.1 -0.3
v -0.6 2.1 -0.4
v -0.4 2.1 -0.4
v 0.2 2.1 -0.4
v 0.3 2.1 -0.4
v 1.2 2.1 -0.4
v 1.3 2.1 -0.4
v 2.2 2.1 -0.4
v 2.3 2.1 -0.4
v 2.4 2.1 -0.4
v 2.5 2.1 -0.4
v 0 2.1 -0.5
v 0.2 2.1 -0.5
v 1.3 2.1 -0.5
v 1.4 2.1 -0.5
v 1.8 2.1 -0.5
v 2.1 2.1 -0.5
v 2.2 2.1 -0.5
v 2.3 2.1 -0.5
v 1.4 2.1 -0.6
v 1.8 2.1 -0.6
v 2.1 2.1 -0.6
v 1.3 2.1 -0.8
v 1.4 2.1 -0.8
v 1.7 2.1 -0.8
v 1.8 2.1 -0.8
v 1.3 2.1 -0.9
v 1.4 2.1 -0.9
v 1.7 2.1 -0.9
v 1.8 2.1 -0.9
v 1.2 2.1 -1
v 1.3 2.1 -1
v 1.8 2.1 -1
v 1.9 2.1 -1
v 1.2 2.1 -1.2
v 1.3 2.1 -1.2
v 1.8 2.1 -1.2
v 1.9 2.1 -1.2
v 1.3 2.1 -1.3
v 1.8 2.1 -1.3
v -1.3 2.1 -1.8
v -1.2 2.1 -1.8
v -0.6 2.1 -1.8
v -0.5 2.1 -1.8
v -1.3 2.1 -1.9
v -1.2 2.1 -1.9
v -0.6 2.1 -1.9
v -0.5 2.1 -1.9
v -0.8 2.2 1.5
v -0.7 2.2 1.5
v -0.8 2.2 1.4
v -0.7 2.2 1.4
v 1.6 2.2 0.9
v 1.7 2.2 0.9
v 1.6 2.2 0.8
v 1.7 2.2 0.8
v 1.6 2.2 0.6
v 1.7 2.2 0.6
v 1.6 2.2 0.5
v 1.7 2.2 0.5
v 2.7 2.2 0.5
v 2.8 2.2 0.5
v 1.6 2.2 0.4
v 1.7 2.2 0.4
v 1.9 2.2 0.4
v 2.7 2.2 0.4
v 2.8 2.2 0.4
v 1.5 2.2 0.3
v 1.6 2.2 0.3
v 1.7 2.2 0.3
v 1.9 2.2 0.3
v 2.5 2.2 0.3
v 2.6 2.2 0.3
v 1.6 2.2 0.2
v 1.7 2.2 0.2
v 2.2 2.2 0.2
v 2.4 2.2 0.2
v 2.5 2.2 0.2
v 2.6 2.2 0.2
v 2.2 2.2 0.0999999
v 2.3 2.2 0.0999999
v 2.4 2.2 0.0999999
v 2.5 2.2 0.0999999
v 0 2.2 0
v 0.4 2.2 0
v 1.4 2.2 0
v 1.5 2.2 0
v 1.6 2.2 0
v 1.7 2.2 0
v 2.3 2.2 0
v 2.4 2.2 0
v 1.3 2.2 -0.0999999
v 1.4 2.2 -0.0999999
v 1.5 2.2 -0.0999999
v 1.7 2.2 -0.0999999
v 1.8 2.2 -0.0999999
v 0.1 2.2 -0.2
v 0.2 2.2 -0.2
v 1.4 2.2 -0.2
v 1.5 2.2 -0.2
v 1.7 2.2 -0.2
v 1.8 2.2 -0.2
v 2.3 2.2 -0.2
v 2.4 2.2 -0.2
v 0 2.2 -0.3
v 0.1 2.2 -0.3
v 0.2 2.2 -0.3
v 0.3 2.2 -0.3
v 1.8 2.2 -0.3
v 1.9 2.2 -0.3
v 2.1 2.2 -0.3
v 2.3 2.2 -0.3
v 2.4 2.2 -0.3
v 2.5 2.2 -0.3
v 0.3 2.2 -0.4
v 0.4 2.2 -0.4
v 1.4 2.2 -0.4
v 1.5 2.2 -0.4
v 1.7 2.2 -0.4
v 1.8 2.2 -0.4
v 1.9 2.2 -0.4
v 2.1 2.2 -0.4
v 2.2 2.2 -0.4
v 2.4 2.2 -0.4
v -0.7 2.2 -0.5
v -0.6 2.2 -0.5
v 1.3 2.2 -0.5
v 1.4 2.2 -0.5
v 1.5 2.2 -0.5
v 1.7 2.2 -0.5
v 1.8 2.2 -0.5
v 2.2 2.2 -0.5
v -0.7 2.2 -0.6
v -0.6 2.2 -0.6
v 1.4 2.2 -0.6
v 1.8 2.2 -0.6
v -0.5 2.2 -0.7
v -0.4 2.2 -0.7
v -0.5 2.2 -0.8
v -0.4 2.2 -0.8
v -1.2 2.2 -1
v -1.1 2.2 -1
v -0.5 2.2 -1
v -0.4 2.2 -1
v -1.2 2.2 -1.1
v -1.1 2.2 -1.1
v -0.5 2.2 -1.1
v -0.4 2.2 -1.1
v -0.7 2.2 -1.2
v -0.6 2.2 -1.2
v -0.7 2.2 -1.3
v -0.6 2.2 -1.3
v -1.7 2.3 2.1
v -1.6 2.3 2.1
v -1.7 2.3 1.9
v -1.6 2.3 1.9
v -1.6 2.3 0.8
v -1.5 2.3 0.8
v 1.6 2.3 0.8
v 1.7 2.3 0.8
v -1.6 2.3 0.7
v -1.5 2.3 0.7
v 1.6 2.3 0.6
v 1.7 2.3 0.6
v 2.9 2.3 0.6
v 3 2.3 0.6
v 1.7 2.3 0.5
v 1.8 2.3 0.5
v 2.9 2.3 0.5
v 3 2.3 0.5
v 1.7 2.3 0.4
v 1.8 2.3 0.4
v 1.9 2.3 0.4
v 2.2 2.3 0.4
v 2.6 2.3 0.4
v 2.7 2.3 0.4
v 1.7 2.3 0.3
v 1.9 2.3 0.3
v 2.2 2.3 0.3
v 2.5 2.3 0.3
v 2.6 2.3 0.3
v 2.7 2.3 0.3
v 1.6 2.3 0.2
v 1.7 2.3 0.2
v 2.2 2.3 0.2
v 2.5 2.3 0.2
v 2.2 2.3 0.0999999
v 2.3 2.3 0.0999999
v 1.6 2.3 0
v 1.7 2.3 0
v 2.3 2.3 0
v 2.4 2.3 0
v 1.5 2.3 -0.0999999
v 1.7 2.3 -0.0999999
v 1.8 2.3 -0.0999999
v 1.4 2.3 -0.2
v 1.5 2.3 -0.2
v 1.7 2.3 -0.2
v 1.8 2.3 -0.2
v 2.3 2.3 -0.2
v 2.4 2.3 -0.2
v 1.8 2.3 -0.3
v 1.9 2.3 -0.3
v 2.1 2.3 -0.3
v 2.3 2.3 -0.3
v -0.3 2.3 -0.4
v -0.2 2.3 -0.4
v 1.4 2.3 -0.4
v 1.5 2.3 -0.4
v 1.7 2.3 -0.4
v 1.8 2.3 -0.4
v 1.9 2.3 -0.4
v 2.1 2.3 -0.4
v -0.3 2.3 -0.5
v -0.2 2.3 -0.5
v 1.5 2.3 -0.5
v 1.7 2.3 -0.5
v -1.7 2.3 -1.8
v -1.6 2.3 -1.8
v -1.7 2.3 -2.1
v -1.6 2.3 -2.1
v -1.6 2.4 1.3
v -1.5 2.4 1.3
v -1.6 2.4 1.2
v -1.5 2.4 1.2
v -1.6 2.4 0.9
v -1.5 2.4 0.9
v -1.6 2.4 0.8
v -1.5 2.4 0.8
v 1.7 2.4 0.6
v 1.8 2.4 0.6
v 2.6 2.4 0.6
v 2.8 2.4 0.6
v 2.9 2.4 0.6
v 1.7 2.4 0.5
v 1.8 2.4 0.5
v 1.9 2.4 0.5
v 2.5 2.4 0.5
v 2.6 2.4 0.5
v 2.7 2.4 0.5
v 2.8 2.4 0.5
v 2.9 2.4 0.5
v 1.8 2.4 0.4
v 1.9 2.4 0.4
v 2.3 2.4 0.4
v 2.5 2.4 0.4
v 2.6 2.4 0.4
v 2.7 2.4 0.4
v 2.3 2.4 0.3
v 2.6 2.4 0.3
v -0.2 2.4 -0.4
v 0 2.4 -0.4
v -0.2 2.4 -0.5
v 0 2.4 -0.5
v -1.3 2.5 1.6
v -1.2 2.5 1.6
v -1.3 2.5 1.5
v -1.2 2.5 1.5
v 2 2.5 1.5
v 2.1 2.5 1.5
v -1.5 2.5 1.4
v -1.4 2.5 1.4
v 1.9 2.5 1.4
v 2 2.5 1.4
v 2.1 2.5 1.4
v -1.5 2.5 1.3
v -1.4 2.5 1.3
v 1.9 2.5 1.3
v 2 2.5 1.3
v -1.6 2.5 1.2
v -1.5 2.5 1.2
v 1.7 2.5 1.2
v 1.8 2.5 1.2
v 1.7 2.5 1.1
v 1.8 2.5 1.1
v -1.6 2.5 0.9
v -1.5 2.5 0.9
v -0.6 2.5 -1.4
v -0.5 2.5 -1.4
v -0.6 2.5 -1.5
v -0.5 2.5 -1.5
v -1.4 2.5 -1.7
v -1.3 2.5 -1.7
v -0.6 2.5 -1.7
v -0.5 2.5 -1.7
v -1.4 2.5 -1.8
v -1.3 2.5 -1.8
v -0.6 2.5 -1.8
v -0.5 2.5 -1.8
v -1.4 2.6 1.5
v -1.3 2.6 1.5
v -1.4 2.6 1.4
v -1.3 2.6 1.4
v -1.5 2.6 1.3
v -1.4 2.6 1.3
v 1.8 2.6 1.3
v 1.9 2.6 1.3
v -1.5 2.6 1.2
v -1.4 2.6 1.2
v 1.8 2.6 1.2
v 1.9 2.6 1.2
v 1.7 2.6 1.1
v 1.8 2.6 1.1
v 1.7 2.6 1
v 1.8 2.6 1
v 1.7 2.6 0.7
v 1.8 2.6 0.7
v 1.7 2.6 0.6
v 1.8 2.6 0.6
v -1.6 2.6 -0.3
v -1.5 2.6 -0.3
v -1.6 2.6 -0.4
v -1.5 2.6 -0.4
v -1.6 2.6 -0.6
v -1.5 2.6 -0.6
v -1.7 2.6 -0.7
v -1.6 2.6 -0.7
v -1.5 2.6 -0.7
v -0.5 2.6 -0.7
v -0.4 2.6 -0.7
v -1.7 2.6 -0.8
v -1.6 2.6 -0.8
v -0.5 2.6 -0.8
v -0.4 2.6 -0.8
v -0.5 2.6 -1
v -0.4 2.6 -1
v -0.5 2.6 -1.1
v -0.4 2.6 -1.1
v -1.7 2.6 -1.4
v -1.6 2.6 -1.4
v -1.4 2.6 -1.4
v -1.3 2.6 -1.4
v -1.7 2.6 -1.5
v -1.6 2.6 -1.5
v -1.4 2.6 -1.5
v -1.4 2.6 -1.7
v -1.3 2.6 -1.7
v -1.3 2.6 -1.8
v -1.2 2.6 -1.8
v -1.3 2.6 -1.9
v -1.2 2.6 -1.9
v -0.2 2.7 1.7
v 0.1 2.7 1.7
v -1.2 2.7 1.6
v -1.1 2.7 1.6
v -0.2 2.7 1.6
v 0.1 2.7 1.6
v 0.7 2.7 1.6
v -1.2 2.7 1.5
v -1.1 2.7 1.5
v 0.1 2.7 1.5
v 0.7 2.7 1.5
v -1.4 2.7 1.4
v -1.3 2.7 1.4
v -1.4 2.7 1.3
v -1.3 2.7 1.3
v 1.9 2.7 1.3
v 2 2.7 1.3
v -1.5 2.7 1.2
v -1.4 2.7 1.2
v 1.8 2.7 1.2
v 1.9 2.7 1.2
v 2 2.7 1.2
v 1.8 2.7 1.1
v 1.9 2.7 1.1
v -1.5 2.7 1
v -1.4 2.7 1
v 1.7 2.7 1
v 1.8 2.7 1
v 1.7 2.7 0.7
v 1.8 2.7 0.7
v 1.8 2.7 0.6
v 1.9 2.7 0.6
v 1.8 2.7 0.5
v 1.9 2.7 0.5
v 2 2.7 0.4
v 2.1 2.7 0.4
v 2 2.7 0.3
v 2.1 2.7 0.3
v -1.5 2.7 -0.2
v -1.4 2.7 -0.2
v -1.5 2.7 -0.3
v -1.4 2.7 -0.3
v -1.6 2.7 -0.4
v -1.5 2.7 -0.4
v -1.6 2.7 -0.6
v -1.5 2.7 -0.6
v -1.8 2.7 -0.8
v -1.7 2.7 -0.8
v -0.5 2.7 -0.8
v -0.4 2.7 -0.8
v -1.8 2.7 -0.9
v -1.7 2.7 -0.9
v -0.5 2.7 -1
v -0.4 2.7 -1
v -1.8 2.7 -1.3
v -1.7 2.7 -1.3
v -1.8 2.7 -1.4
v -1.7 2.7 -1.4
v -1.6 2.7 -1.4
v -1.4 2.7 -1.4
v -1.6 2.7 -1.5
v -1.4 2.7 -1.5
v -1.1 2.8 1.6
v -0.9 2.8 1.6
v -0.2 2.8 1.6
v 0.1 2.8 1.6
v -1.3 2.8 1.5
v -1.2 2.8 1.5
v -1.1 2.8 1.5
v -0.9 2.8 1.5
v 0 2.8 1.5
v 0.1 2.8 1.5
v -1.3 2.8 1.4
v -1.2 2.8 1.4
v -0.2 2.8 1.4
v 0 2.8 1.4
v -1.4 2.8 1.3
v -1.3 2.8 1.3
v 1.9 2.8 1.2
v 2 2.8 1.2
v 1.8 2.8 1.1
v 1.9 2.8 1.1
v -1.4 2.8 1
v -1.3 2.8 1
v 1.9 2.8 1
v 2 2.8 1
v 1.8 2.8 0.6
v 1.9 2.8 0.6
v 1.9 2.8 0.5
v 2 2.8 0.5
v 1.9 2.8 0.4
v 2 2.8 0.4
v 2.1 2.8 0.4
v 2.2 2.8 0.4
v 2.4 2.8 0.4
v 2.5 2.8 0.4
v -1.8 2.8 0.3
v -1.7 2.8 0.3
v 2.1 2.8 0.3
v 2.2 2.8 0.3
v 2.4 2.8 0.3
v 2.5 2.8 0.3
v -1.8 2.8 0.2
v -1.7 2.8 0.2
v -1.7 2.8 0.0999999
v -1.6 2.8 0.0999999
v -1.7 2.8 0
v -1.6 2.8 0
v -1.5 2.8 -0.3
v -1.4 2.8 -0.3
v -1.3 2.8 -0.3
v -1.4 2.8 -0.4
v -1.3 2.8 -0.4
v -1.5 2.8 -0.6
v -1.4 2.8 -0.6
v -0.6 2.8 -0.8
v -0.5 2.8 -0.8
v -1.8 2.8 -0.9
v -1.7 2.8 -0.9
v -0.6 2.8 -0.9
v -0.5 2.8 -0.9
v -1.7 2.8 -1.2
v -1.6 2.8 -1.2
v -1.8 2.8 -1.3
v -1.7 2.8 -1.3
v -1.6 2.8 -1.3
v -1.5 2.8 -1.3
v -1.7 2.8 -1.4
v -1.5 2.8 -1.4
v -0.9 2.9 1.8
v -0.8 2.9 1.8
v -0.9 2.9 1.7
v -0.8 2.9 1.7
v -0.3 2.9 1.7
v -0.2 2.9 1.7
v -0.9 2.9 1.6
v -0.7 2.9 1.6
v -0.3 2.9 1.6
v -0.2 2.9 1.6
v -1.2 2.9 1.5
v -1 2.9 1.5
v -0.9 2.9 1.5
v -0.7 2.9 1.5
v -0.6 2.9 1.5
v -0.5 2.9 1.5
v -1.3 2.9 1.4
v -1.2 2.9 1.4
v -1.1 2.9 1.4
v -1 2.9 1.4
v -0.6 2.9 1.4
v -0.5 2.9 1.4
v -1.2 2.9 1.3
v -1.1 2.9 1.3
v -1.3 2.9 1.1
v -1.2 2.9 1.1
v -1.6 2.9 1
v -1.5 2.9 1
v -1.6 2.9 0.9
v -1.5 2.9 0.9
v -1.8 2.9 0.8
v -1.7 2.9 0.8
v -1.8 2.9 0.7
v -1.7 2.9 0.7
v -1.8 2.9 0.4
v -1.7 2.9 0.4
v -1.8 2.9 0.3
v -1.7 2.9 0.3
v -1.7 2.9 0.2
v -1.6 2.9 0.2
v -1.7 2.9 0.0999999
v -1.6 2.9 0.0999999
v -1.6 2.9 0
v -1.5 2.9 0
v -1.6 2.9 -0.0999999
v -1.5 2.9 -0.0999999
v -1.4 2.9 -0.0999999
v -1.5 2.9 -0.2
v -1.4 2.9 -0.2
v -1.3 2.9 -0.2
v 1.2 2.9 -0.2
v 1.3 2.9 -0.2
v -1.4 2.9 -0.3
v -1.3 2.9 -0.3
v 1.3 2.9 -0.3
v 1.4 2.9 -0.3
v -1.4 2.9 -0.4
v -1.3 2.9 -0.4
v 1.3 2.9 -0.4
v 1.4 2.9 -0.4
v -1.4 2.9 -0.5
v -1.3 2.9 -0.5
v 1.2 2.9 -0.5
v 1.3 2.9 -0.5
v 0 2.9 -0.7
v 0.1 2.9 -0.7
v 0 2.9 -0.8
v 0.1 2.9 -0.8
v -0.9 3 1.9
v -0.8 3 1.9
v -0.9 3 1.8
v -0.8 3 1.8
v -0.7 3 1.8
v -0.3 3 1.8
v -0.2 3 1.8
v -0.8 3 1.7
v -0.7 3 1.7
v -0.3 3 1.7
v -0.2 3 1.7
v -0.7 3 1.6
v -0.6 3 1.6
v -0.3 3 1.6
v -0.2 3 1.6
v -1 3 1.5
v -0.7 3 1.5
v -0.6 3 1.5
v -0.5 3 1.5
v -0.4 3 1.5
v -0.3 3 1.5
v -0.2 3 1.5
v -1.1 3 1.4
v -1 3 1.4
v -0.9 3 1.4
v -0.7 3 1.4
v -0.6 3 1.4
v -0.5 3 1.4
v -0.4 3 1.4
v -1.2 3 1.3
v -1.1 3 1.3
v -1 3 1.3
v -0.9 3 1.3
v -0.7 3 1.3
v -0.6 3 1.3
v -1.1 3 1.2
v -1 3 1.2
v -1.3 3 1.1
v -1.2 3 1.1
v -1.1 3 1.1
v -1.5 3 1
v -1.3 3 1
v -1.7 3 0.9
v -1.6 3 0.9
v -1.5 3 0.9
v -1.2 3 0.9
v -1.7 3 0.8
v -1.6 3 0.8
v -1.8 3 0.7
v -1.7 3 0.7
v -1.8 3 0.6
v -1.7 3 0.6
v -1.8 3 0.4
v -1.7 3 0.4
v -1.7 3 0.3
v -1.6 3 0.3
v -1.7 3 0.2
v -1.6 3 0.2
v -1.6 3 0.0999999
v -1.5 3 0.0999999
v -1.6 3 0
v -1.5 3 0
v -1.4 3 0
v -1.5 3 -0.0999999
v -1.4 3 -0.0999999
v -1.3 3 -0.0999999
v -1.4 3 -0.2
v -1.3 3 -0.2
v -1.2 3 -0.2
v -1.3 3 -0.4
v -1.2 3 -0.4
v -1.5 3 -0.6
v -1.4 3 -0.6
v -1.5 3 -0.7
v -1.4 3 -0.7
v -1.7 3 -0.8
v -1.6 3 -0.8
v -1.7 3 -0.9
v -1.6 3 -0.9
v -0.5 3 -1
v -0.4 3 -1
v -1.7 3 -1.1
v -1.6 3 -1.1
v -0.5 3 -1.1
v -0.4 3 -1.1
v -1.7 3 -1.2
v -1.6 3 -1.2
v -1.5 3 -1.3
v -1.4 3 -1.3
v -1.5 3 -1.4
v -1.4 3 -1.4
v -0.8 3.1 1.9
v -0.7 3.1 1.9
v -0.8 3.1 1.8
v -0.7 3.1 1.8
v -0.7 3.1 1.7
v -0.6 3.1 1.7
v -0.7 3.1 1.6
v -0.6 3.1 1.6
v -0.5 3.1 1.6
v -0.4 3.1 1.6
v -0.3 3.1 1.6
v 0.1 3.1 1.6
v 0.3 3.1 1.6
v 0.8 3.1 1.6
v 0.9 3.1 1.6
v -0.6 3.1 1.5
v -0.5 3.1 1.5
v -0.4 3.1 1.5
v -0.3 3.1 1.5
v 0.1 3.1 1.5
v 0.3 3.1 1.5
v 0.8 3.1 1.5
v 0.9 3.1 1.5
v -0.9 3.1 1.4
v -0.7 3.1 1.4
v -1 3.1 1.3
v -0.9 3.1 1.3
v -0.7 3.1 1.3
v -1.1 3.1 1.2
v -1 3.1 1.2
v -0.7 3.1 1.2
v -1.2 3.1 1.1
v -1.1 3.1 1.1
v -1 3.1 1.1
v -1.2 3.1 1
v -1.1 3.1 1
v -1.6 3.1 0.9
v -1.2 3.1 0.9
v -1.7 3.1 0.8
v -1.6 3.1 0.8
v -1.5 3.1 0.8
v -1.2 3.1 0.8
v -1.7 3.1 0.7
v -1.6 3.1 0.7
v -1.5 3.1 0.7
v -1.7 3.1 0.6
v -1.7 3.1 0.4
v -1.7 3.1 0.3
v -1.6 3.1 0.3
v -1.6 3.1 0.2
v -1.5 3.1 0.2
v -1.6 3.1 0.0999999
v -1.5 3.1 0.0999999
v -1.4 3.1 0
v -1.3 3.1 0
v -1.4 3.1 -0.0999999
v -1.3 3.1 -0.0999999
v -1.1 3.1 -0.0999999
v -1.3 3.1 -0.2
v -1.2 3.1 -0.2
v -1.1 3.1 -0.2
v -1.4 3.1 -0.5
v -1.3 3.1 -0.5
v -1.4 3.1 -0.6
v -1.3 3.1 -0.6
v -1.6 3.1 -0.7
v -1.5 3.1 -0.7
v -1.6 3.1 -0.8
v -1.5 3.1 -0.8
v -0.7 3.1 -0.8
v -0.6 3.1 -0.8
v -0.5 3.1 -0.8
v -0.4 3.1 -0.8
v -0.2 3.1 -0.8
v -0.0999999 3.1 -0.8
v -1.7 3.1 -0.9
v -1.6 3.1 -0.9
v -0.7 3.1 -0.9
v -0.6 3.1 -0.9
v -0.5 3.1 -0.9
v -0.4 3.1 -0.9
v -0.2 3.1 -0.9
v -0.0999999 3.1 -0.9
v -0.6 3.1 -1
v -0.5 3.1 -1
v -1.7 3.1 -1.1
v -1.6 3.1 -1.1
v -1.6 3.1 -1.2
v -1.5 3.1 -1.2
v -1.6 3.1 -1.3
v -1.5 3.1 -1.3
v -1.4 3.1 -1.3
v -1.3 3.1 -1.3
v -1.4 3.1 -1.4
v -1.3 3.1 -1.4
v -0.7 3.2 1.8
v -0.6 3.2 1.8
v -0.4 3.2 1.8
v -0.3 3.2 1.8
v -0.7 3.2 1.7
v -0.6 3.2 1.7
v -0.4 3.2 1.7
v -0.6 3.2 1.6
v -0.5 3.2 1.6
v -0.4 3.2 1.6
v -0.3 3.2 1.6
v -0.5 3.2 1.5
v -0.4 3.2 1.5
v 0 3.2 1.5
v 0.1 3.2 1.5
v 0 3.2 1.4
v 0.1 3.2 1.4
v -1 3.2 1.2
v -0.8 3.2 1.2
v -1.1 3.2 1.1
v -1 3.2 1.1
v -0.9 3.2 1.1
v -0.8 3.2 1.1
v -1.2 3.2 1
v -1.1 3.2 1
v -1 3.2 1
v -0.9 3.2 1
v -1.1 3.2 0.9
v -1 3.2 0.9
v -1.5 3.2 0.8
v -1.2 3.2 0.8
v -1.6 3.2 0.7
v -1.5 3.2 0.7
v -1.4 3.2 0.7
v -1.2 3.2 0.7
v -1.5 3.2 0.6
v -1.4 3.2 0.6
v -1.2 3.2 0.6
v -1.1 3.2 0.6
v -1.6 3.2 0.2
v -1.5 3.2 0.2
v -1.5 3.2 0.0999999
v -1.4 3.2 0.0999999
v -1.5 3.2 0
v -1.4 3.2 0
v -1.3 3.2 0
v -1 3.2 0
v -1.3 3.2 -0.0999999
v -1.1 3.2 -0.0999999
v -1 3.2 -0.0999999
v -1.3 3.2 -0.4
v -1.2 3.2 -0.4
v -1.3 3.2 -0.5
v -1.2 3.2 -0.5
v -1.4 3.2 -0.6
v -1.3 3.2 -0.6
v -1.5 3.2 -0.7
v -1.4 3.2 -0.7
v -0.6 3.2 -0.7
v -0.5 3.2 -0.7
v -0.0999999 3.2 -0.7
v 0 3.2 -0.7
v -1.6 3.2 -0.8
v -1.5 3.2 -0.8
v -1.4 3.2 -0.8
v -1.3 3.2 -0.8
v -0.6 3.2 -0.8
v -0.5 3.2 -0.8
v -0.4 3.2 -0.8
v -0.2 3.2 -0.8
v -0.0999999 3.2 -0.8
v 0 3.2 -0.8
v -1.5 3.2 -0.9
v -1.4 3.2 -0.9
v -0.8 3.2 -0.9
v -0.7 3.2 -0.9
v -0.6 3.2 -0.9
v -0.4 3.2 -0.9
v -0.2 3.2 -0.9
v -1.1 3.2 -1
v -0.9 3.2 -1
v -0.8 3.2 -1
v -0.6 3.2 -1
v -1.5 3.2 -1.1
v -1.4 3.2 -1.1
v -1.2 3.2 -1.1
v -1.1 3.2 -1.1
v -0.9 3.2 -1.1
v -1.6 3.2 -1.2
v -1.5 3.2 -1.2
v -1.4 3.2 -1.2
v -1.2 3.2 -1.2
v -1.1 3.2 -1.2
v -1.5 3.2 -1.3
v -1.3 3.2 -1.3
v -1.2 3.2 -1.3
v -0.7 3.3 1.9
v -0.5 3.3 1.9
v -0.4 3.3 1.9
v -0.7 3.3 1.8
v -0.6 3.3 1.8
v -0.5 3.3 1.8
v -0.4 3.3 1.8
v -0.6 3.3 1.7
v -0.5 3.3 1.7
v -0.4 3.3 1.7
v -0.8 3.3 1.2
v -0.7 3.3 1.2
v -0.9 3.3 1.1
v -0.8 3.3 1.1
v -0.7 3.3 1.1
v -1 3.3 1
v -0.9 3.3 1
v -1.1 3.3 0.9
v -1 3.3 0.9
v -0.9 3.3 0.9
v -0.8 3.3 0.9
v -1.4 3.3 0.7
v -1.2 3.3 0.7
v -0.9 3.3 0.7
v -0.8 3.3 0.7
v -1.5 3.3 0.6
v -1.4 3.3 0.6
v -1.2 3.3 0.6
v -1.1 3.3 0.6
v -0.9 3.3 0.6
v -0.8 3.3 0.6
v -1.3 3.3 0.5
v -1.1 3.3 0.5
v -1 3.3 0.5
v -0.9 3.3 0.5
v -1.4 3.3 0.4
v -1.3 3.3 0.4
v -1.1 3.3 0.4
v -1 3.3 0.4
v -1.4 3.3 0.2
v -1.3 3.3 0.2
v -1.1 3.3 0.2
v -1 3.3 0.2
v -1.5 3.3 0.0999999
v -1.4 3.3 0.0999999
v -1.3 3.3 0.0999999
v -1.1 3.3 0.0999999
v -1.4 3.3 0
v -1 3.3 0
v -0.9 3.3 0
v -1 3.3 -0.0999999
v -0.9 3.3 -0.0999999
v -1.2 3.3 -0.2
v -1.1 3.3 -0.2
v -1.2 3.3 -0.3
v -1.1 3.3 -0.3
v -1.3 3.3 -0.5
v -1.2 3.3 -0.5
v -1.1 3.3 -0.5
v -1.2 3.3 -0.6
v -1.1 3.3 -0.6
v -0.7 3.3 -0.7
v -0.6 3.3 -0.7
v -0.5 3.3 -0.7
v -0.0999999 3.3 -0.7
v -1.4 3.3 -0.8
v -1.3 3.3 -0.8
v -1.2 3.3 -0.8
v -1.1 3.3 -0.8
v -0.9 3.3 -0.8
v -0.7 3.3 -0.8
v -0.6 3.3 -0.8
v -0.5 3.3 -0.8
v -0.0999999 3.3 -0.8
v -1.5 3.3 -0.9
v -1.4 3.3 -0.9
v -1.1 3.3 -0.9
v -0.9 3.3 -0.9
v -0.8 3.3 -0.9
v -0.7 3.3 -0.9
v -1.1 3.3 -1
v -0.9 3.3 -1
v -0.8 3.3 -1
v -1.5 3.3 -1.1
v -1.4 3.3 -1.1
v -1.2 3.3 -1.1
v -1.1 3.3 -1.1
v -1 3.3 -1.1
v -0.9 3.3 -1.1
v -0.8 3.3 -1.1
v -1.4 3.3 -1.2
v -1.2 3.3 -1.2
v -1.1 3.3 -1.2
v -1 3.3 -1.2
v -1.4 3.3 -1.4
v -1.3 3.3 -1.4
v -1.4 3.3 -1.5
v -1.3 3.3 -1.5
v -1.4 3.3 -1.7
v -1.3 3.3 -1.7
v -1.4 3.3 -1.8
v -1.3 3.3 -1.8
v -0.5 3.4 1.5
v -0.4 3.4 1.5
v -0.0999999 3.4 1.5
v 0 3.4 1.5
v -0.5 3.4 1.4
v -0.4 3.4 1.4
v -0.0999999 3.4 1.4
v 0 3.4 1.4
v -0.7 3.4 1.3
v -0.6 3.4 1.3
v -0.7 3.4 1.2
v -0.6 3.4 1.2
v -0.8 3.4 1.1
v -0.7 3.4 1.1
v -0.9 3.4 0.9
v -0.8 3.4 0.9
v -0.7 3.4 0.9
v -0.9 3.4 0.7
v -0.8 3.4 0.7
v -0.9 3.4 0.6
v -0.8 3.4 0.6
v -0.7 3.4 0.6
v -1.3 3.4 0.5
v -1.1 3.4 0.5
v -1 3.4 0.5
v -0.9 3.4 0.5
v -0.8 3.4 0.5
v -0.7 3.4 0.5
v -1.4 3.4 0.4
v -1.3 3.4 0.4
v -1.1 3.4 0.4
v -1 3.4 0.4
v -0.9 3.4 0.4
v -0.8 3.4 0.4
v -1.4 3.4 0.2
v -1.3 3.4 0.2
v -1.1 3.4 0.2
v -1 3.4 0.2
v -1.3 3.4 0.0999999
v -1.1 3.4 0.0999999
v -0.9 3.4 0.0999999
v -0.8 3.4 0.0999999
v -1 3.4 0
v -0.9 3.4 0
v -1.1 3.4 -0.0999999
v -1 3.4 -0.0999999
v -0.9 3.4 -0.0999999
v -0.8 3.4 -0.0999999
v -1.1 3.4 -0.2
v -1 3.4 -0.2
v -1.2 3.4 -0.3
v -1.1 3.4 -0.3
v -1.2 3.4 -0.5
v -1.1 3.4 -0.5
v -1.2 3.4 -0.6
v -1.1 3.4 -0.6
v -1 3.4 -0.6
v -0.6 3.4 -0.6
v -0.0999999 3.4 -0.6
v -1 3.4 -0.7
v -0.7 3.4 -0.7
v -0.6 3.4 -0.7
v -0.5 3.4 -0.7
v -0.0999999 3.4 -0.7
v -1.2 3.4 -0.8
v -1.1 3.4 -0.8
v -0.9 3.4 -0.8
v -0.7 3.4 -0.8
v -1.1 3.4 -0.9
v -0.9 3.4 -0.9
v 0.2 3.4 -0.9
v 0.3 3.4 -0.9
v 0.5 3.4 -0.9
v 0.6 3.4 -0.9
v 0.2 3.4 -1
v 0.3 3.4 -1
v 0.5 3.4 -1
v 0.6 3.4 -1
v -1.3 3.4 -1.3
v -1.2 3.4 -1.3
v -1.3 3.4 -1.4
v -1.2 3.4 -1.4
v -1.4 3.4 -1.5
v -1.3 3.4 -1.5
v -1.4 3.4 -1.7
v -1.3 3.4 -1.7
v 0.2 3.5 1.6
v 0.5 3.5 1.6
v -0.4 3.5 1.5
v -0.0999999 3.5 1.5
v 0.1 3.5 1.5
v 0.2 3.5 1.5
v 0.5 3.5 1.5
v -0.6 3.5 1.4
v -0.5 3.5 1.4
v -0.4 3.5 1.4
v -0.0999999 3.5 1.4
v 0 3.5 1.4
v 0.1 3.5 1.4
v -0.6 3.5 1.3
v -0.5 3.5 1.3
v 0 3.5 1.3
v 0.1 3.5 1.3
v -0.7 3.5 1.2
v -0.6 3.5 1.2
v 0.1 3.5 1.2
v 0.2 3.5 1.2
v -0.7 3.5 1
v -0.6 3.5 1
v -0.8 3.5 0.9
v -0.7 3.5 0.9
v -0.8 3.5 0.6
v -0.7 3.5 0.6
v -0.8 3.5 0.5
v -0.7 3.5 0.5
v -0.6 3.5 0.5
v -0.9 3.5 0.4
v -0.8 3.5 0.4
v -0.7 3.5 0.3
v -0.6 3.5 0.3
v -0.9 3.5 0.0999999
v -0.8 3.5 0.0999999
v -1 3.5 -0.0999999
v -0.8 3.5 -0.0999999
v -0.7 3.5 -0.0999999
v -0.6 3.5 -0.0999999
v -1.1 3.5 -0.2
v -1 3.5 -0.2
v -0.9 3.5 -0.2
v -0.7 3.5 -0.2
v -1 3.5 -0.3
v -0.9 3.5 -0.3
v -0.7 3.5 -0.3
v -0.6 3.5 -0.3
v -0.5 3.5 -0.3
v -0.5 3.5 -0.4
v -0.4 3.5 -0.4
v -1 3.5 -0.5
v -0.9 3.5 -0.5
v -0.7 3.5 -0.5
v -0.6 3.5 -0.5
v -0.4 3.5 -0.5
v -0.0999999 3.5 -0.5
v -1.1 3.5 -0.6
v -1 3.5 -0.6
v -0.9 3.5 -0.6
v -0.7 3.5 -0.6
v -0.6 3.5 -0.6
v -0.0999999 3.5 -0.6
v 0 3.5 -0.6
v -1 3.5 -0.7
v -0.6 3.5 -0.7
v -0.0999999 3.5 -0.7
v 0 3.5 -0.7
v 0.1 3.5 -0.7
v 0 3.5 -0.8
v 0.1 3.5 -0.8
v 0.2 3.5 -0.8
v 0.6 3.5 -0.8
v 0.7 3.5 -0.8
v 0.1 3.5 -0.9
v 0.2 3.5 -0.9
v 0.3 3.5 -0.9
v 0.5 3.5 -0.9
v 0.6 3.5 -0.9
v 0.7 3.5 -0.9
v -0.8 3.5 -1
v -0.7 3.5 -1
v -0.5 3.5 -1
v -0.4 3.5 -1
v 0.3 3.5 -1
v 0.5 3.5 -1
v -0.8 3.5 -1.1
v -0.7 3.5 -1.1
v -0.5 3.5 -1.1
v -0.4 3.5 -1.1
v -0.3 3.5 -1.2
v -0.2 3.5 -1.2
v -0.3 3.5 -1.3
v -0.2 3.5 -1.3
v 0.5 3.6 1.6
v 0.8 3.6 1.6
v 0.2 3.6 1.5
v 0.5 3.6 1.5
v 0.8 3.6 1.5
v -0.5 3.6 1.4
v 0 3.6 1.4
v 0.2 3.6 1.4
v 0.5 3.6 1.4
v -0.6 3.6 1.3
v -0.5 3.6 1.3
v -0.4 3.6 1.3
v -0.0999999 3.6 1.3
v 0 3.6 1.3
v 0.1 3.6 1.3
v -0.6 3.6 1.2
v -0.5 3.6 1.2
v -0.4 3.6 1.2
v -0.0999999 3.6 1.2
v 0 3.6 1.2
v 0.1 3.6 1.2
v 0 3.6 1.1
v 0.1 3.6 1.1
v -0.7 3.6 1
v -0.6 3.6 1
v -0.6 3.6 0.9
v -0.5 3.6 0.9
v -0.6 3.6 0.6
v -0.5 3.6 0.6
v -0.7 3.6 0.5
v -0.6 3.6 0.5
v -0.5 3.6 0.5
v -0.4 3.6 0.5
v -0.4 3.6 0.4
v -0.3 3.6 0.4
v -0.7 3.6 0.3
v -0.6 3.6 0.3
v -0.7 3.6 -0.0999999
v -0.6 3.6 -0.0999999
v -0.3 3.6 -0.0999999
v -0.2 3.6 -0.0999999
v -0.9 3.6 -0.2
v -0.7 3.6 -0.2
v -0.2 3.6 -0.2
v -0.0999999 3.6 -0.2
v -1 3.6 -0.3
v -0.9 3.6 -0.3
v -0.7 3.6 -0.3
v -0.6 3.6 -0.3
v -0.5 3.6 -0.3
v -0.5 3.6 -0.4
v -0.4 3.6 -0.4
v -0.0999999 3.6 -0.4
v 0 3.6 -0.4
v -1 3.6 -0.5
v -0.9 3.6 -0.5
v -0.7 3.6 -0.5
v -0.6 3.6 -0.5
v -0.4 3.6 -0.5
v -0.0999999 3.6 -0.5
v 0 3.6 -0.5
v 0.1 3.6 -0.5
v -0.9 3.6 -0.6
v -0.7 3.6 -0.6
v -0.0999999 3.6 -0.6
v 0 3.6 -0.6
v 0.1 3.6 -0.6
v 0.2 3.6 -0.6
v 0 3.6 -0.7
v 0.1 3.6 -0.7
v 0.2 3.6 -0.7
v 0.3 3.6 -0.7
v 0.5 3.6 -0.7
v 0.7 3.6 -0.7
v 0.1 3.6 -0.8
v 0.2 3.6 -0.8
v 0.3 3.6 -0.8
v 0.5 3.6 -0.8
v 0.6 3.6 -0.8
v 0.7 3.6 -0.8
v 0.2 3.6 -0.9
v 0.6 3.6 -0.9
v -0.7 3.6 -1
v -0.5 3.6 -1
v -0.7 3.6 -1.1
v -0.5 3.6 -1.1
v -0.4 3.6 -1.1
v -0.3 3.6 -1.1
v -0.4 3.6 -1.2
v -0.3 3.6 -1.2
v 0.5 3.7 1.5
v 0.8 3.7 1.5
v 0.5 3.7 1.4
v 0.8 3.7 1.4
v -0.4 3.7 1.3
v -0.0999999 3.7 1.3
v -0.5 3.7 1.2
v -0.4 3.7 1.2
v -0.0999999 3.7 1.2
v 0 3.7 1.2
v 0 3.7 1.1
v 0.1 3.7 1.1
v 0 3.7 1
v 0.1 3.7 1
v -0.6 3.7 0.9
v -0.5 3.7 0.9
v -0.0999999 3.7 0.8
v 0 3.7 0.8
v -0.6 3.7 0.6
v -0.5 3.7 0.6
v -0.2 3.7 0.6
v -0.0999999 3.7 0.6
v -0.5 3.7 0.5
v -0.4 3.7 0.5
v -0.4 3.7 0.4
v -0.3 3.7 0.4
v -0.2 3.7 0
v -0.0999999 3.7 0
v 0.1 3.7 0
v 0.2 3.7 0
v -0.3 3.7 -0.0999999
v -0.2 3.7 -0.0999999
v -0.0999999 3.7 -0.0999999
v 0.1 3.7 -0.0999999
v -0.2 3.7 -0.2
v -0.0999999 3.7 -0.2
v -0.0999999 3.7 -0.4
v 0 3.7 -0.4
v 0.2 3.7 -0.4
v 0.3 3.7 -0.4
v 0 3.7 -0.5
v 0.1 3.7 -0.5
v 0.1 3.7 -0.6
v 0.2 3.7 -0.6
v 0.3 3.7 -0.6
v 0.5 3.7 -0.6
v 0.2 3.7 -0.7
v 0.3 3.7 -0.7
v 0.5 3.7 -0.7
v 0.3 3.7 -0.8
v 0.5 3.7 -0.8
v 1 3.7 -1
v 1.1 3.7 -1
v 1.4 3.7 -1
v 1.5 3.7 -1
v -1.1 3.7 -1.1
v -1 3.7 -1.1
v -0.8 3.7 -1.1
v -0.4 3.7 -1.1
v 1 3.7 -1.1
v 1.1 3.7 -1.1
v 1.4 3.7 -1.1
v 1.5 3.7 -1.1
v -1.1 3.7 -1.2
v -1 3.7 -1.2
v -0.8 3.7 -1.2
v -0.4 3.7 -1.2
v -1.3 3.7 -1.3
v -1.2 3.7 -1.3
v -1.3 3.7 -1.4
v -1.2 3.7 -1.4
v 0 3.8 1
v 0.1 3.8 1
v 0.2 3.8 1
v 0 3.8 0.9
v 0.2 3.8 0.9
v -0.0999999 3.8 0.8
v 0 3.8 0.8
v -0.0999999 3.8 0.7
v 0 3.8 0.7
v -0.2 3.8 0.6
v -0.0999999 3.8 0.6
v -0.0999999 3.8 0.5
v 0 3.8 0.5
v 0 3.8 0.3
v 0.1 3.8 0.3
v 0.1 3.8 0.2
v 0.2 3.8 0.2
v -0.2 3.8 0
v -0.0999999 3.8 0
v 0.1 3.8 0
v 0.2 3.8 0
v 0.3 3.8 0
v -0.0999999 3.8 -0.0999999
v 0.1 3.8 -0.0999999
v 0.2 3.8 -0.4
v 0.3 3.8 -0.4
v 0.3 3.8 -0.5
v 0.4 3.8 -0.5
v 0.3 3.8 -0.6
v 0.4 3.8 -0.6
v 0.5 3.8 -0.6
v 0.7 3.8 -0.6
v 0.5 3.8 -0.7
v 0.7 3.8 -0.7
v 0.8 3.8 -0.7
v 0.7 3.8 -0.8
v 0.8 3.8 -0.8
v 0.9 3.8 -0.8
v 0.8 3.8 -0.9
v 0.9 3.8 -0.9
v 1 3.8 -0.9
v 0.9 3.8 -1
v 1 3.8 -1
v 1.1 3.8 -1
v 1.2 3.8 -1
v -1 3.8 -1.1
v -0.8 3.8 -1.1
v 1.1 3.8 -1.1
v 1.2 3.8 -1.1
v -1.2 3.8 -1.2
v -1.1 3.8 -1.2
v -1 3.8 -1.2
v -0.8 3.8 -1.2
v -1.2 3.8 -1.3
v -1.1 3.8 -1.3
v 0.2 3.9 1.4
v 0.7 3.9 1.4
v 0.1 3.9 1.3
v 0.2 3.9 1.3
v 0.7 3.9 1.3
v 0.1 3.9 1
v 0.2 3.9 1
v 0.3 3.9 1
v 0 3.9 0.9
v 0.1 3.9 0.9
v 0.2 3.9 0.9
v 0.3 3.9 0.9
v 0 3.9 0.8
v 0.1 3.9 0.8
v -0.0999999 3.9 0.7
v 0 3.9 0.7
v -0.0999999 3.9 0.5
v 0 3.9 0.5
v 0 3.9 0.4
v 0.1 3.9 0.4
v 0 3.9 0.3
v 0.1 3.9 0.3
v 0.3 3.9 -0.3
v 0.4 3.9 -0.3
v 0.4 3.9 -0.4
v 0.5 3.9 -0.4
v 0.3 3.9 -0.5
v 0.4 3.9 -0.5
v 0.5 3.9 -0.5
v 0.6 3.9 -0.5
v 0.4 3.9 -0.6
v 0.6 3.9 -0.6
v -1.1 3.9 -1.2
v -0.6 3.9 -1.2
v -0.4 3.9 -1.2
v -0.3 3.9 -1.2
v -1.2 3.9 -1.3
v -1.1 3.9 -1.3
v -1 3.9 -1.3
v -0.6 3.9 -1.3
v -0.4 3.9 -1.3
v -0.3 3.9 -1.3
v -1.4 3.9 -1.4
v -1.3 3.9 -1.4
v -1.2 3.9 -1.4
v -1 3.9 -1.4
v -0.2 3.9 -1.4
v -0.0999999 3.9 -1.4
v -1.4 3.9 -1.5
v -1.3 3.9 -1.5
v -0.2 3.9 -1.5
v -0.0999999 3.9 -1.5
v -1.6 3.9 -1.6
v -1.5 3.9 -1.6
v -1.6 3.9 -1.7
v -1.5 3.9 -1.7
v -0.2 3.9 -1.7
v -0.0999999 3.9 -1.7
v -0.2 3.9 -1.8
v -0.0999999 3.9 -1.8
v -1.2 0.7 1.4
v -1 0.7 1.4
v -1.4 0.7 1.3
v -1.3 0.7 1.3
v -1.2 0.7 1.3
v -1 0.7 1.3
v -0.9 0.7 1.3
v -0.8 0.7 1.3
v -1.4 0.7 1.2
v -1.3 0.7 1.2
v -0.9 0.7 1.2
v -0.8 0.7 1.2
v -0.8 0.7 1.1
v -0.7 0.7 1.1
v -1.7 0.7 1
v -1.6 0.7 1
v -1.7 0.7 0.9
v -1.6 0.7 0.9
v -0.8 0.7 0.9
v -0.7 0.7 0.9
v -1.8 0.7 0.8
v -1.7 0.7 0.8
v -0.9 0.7 0.8
v -0.8 0.7 0.8
v -0.9 0.7 0.7
v -0.8 0.7 0.7
v -1.8 0.7 0.5
v -1.7 0.7 0.5
v -1 0.7 0.5
v -0.9 0.7 0.5
v -1.7 0.7 0.4
v -1.6 0.7 0.4
v -1.7 0.7 0.3
v -1.6 0.7 0.3
v -1.5 0.7 0.3
v -1.5 0.7 0.2
v -1.4 0.7 0.2
v -1.1 0.7 0.2
v -1 0.7 0.2
v -1.6 0.7 0.0999999
v -1.5 0.7 0.0999999
v -1.4 0.7 0.0999999
v -1.1 0.7 0.0999999
v -1 0.7 0.0999999
v -0.9 0.7 0.0999999
v -1.5 0.7 0
v -1.1 0.7 0
v -1 0.7 0
v -1.3 0.8 1.4
v -1.2 0.8 1.4
v -1 0.8 1.4
v -0.9 0.8 1.4
v -3.4 0.8 1.3
v -3.3 0.8 1.3
v -1.3 0.8 1.3
v -1.2 0.8 1.3
v -1 0.8 1.3
v -0.9 0.8 1.3
v -3.4 0.8 1.2
v -3.3 0.8 1.2
v -0.8 0.8 1.2
v -0.7 0.8 1.2
v -0.8 0.8 1.1
v -0.7 0.8 1.1
v -1.8 0.8 0.9
v -1.7 0.8 0.9
v -0.8 0.8 0.9
v -0.7 0.8 0.9
v -1.8 0.8 0.8
v -1.7 0.8 0.8
v -0.8 0.8 0.8
v -0.7 0.8 0.8
v -1.8 0.8 0.5
v -1.7 0.8 0.5
v -1.8 0.8 0.4
v -1.7 0.8 0.4
v -0.9 0.8 0.4
v -0.8 0.8 0.4
v -1.7 0.8 0.3
v -1.6 0.8 0.3
v -1.7 0.8 0.2
v -1.6 0.8 0.2
v -0.9 0.8 0.2
v -0.8 0.8 0.2
v -1.6 0.8 0.0999999
v -1.5 0.8 0.0999999
v -1 0.8 0.0999999
v -0.9 0.8 0.0999999
v -1.6 0.8 0
v -1.5 0.8 0
v -1.4 0.8 0
v -1.1 0.8 0
v -1 0.8 0
v -0.9 0.8 0
v -1.4 0.8 -0.0999999
v -1.1 0.8 -0.0999999
v -2.9 0.9 2
v -2.8 0.9 2
v -2.1 0.9 2
v -2 0.9 2
v -2.9 0.9 1.9
v -2.8 0.9 1.9
v -2.1 0.9 1.9
v -2 0.9 1.9
v -0.7 0.9 1.2
v -0.5 0.9 1.2
v -0.5 0.9 1.1
v -0.4 0.9 1.1
v -0.5 0.9 0.9
v -0.4 0.9 0.9
v -0.7 0.9 0.8
v -0.5 0.9 0.8
v -0.9 0.9 0.7
v -0.8 0.9 0.7
v -1.8 0.9 0.4
v -1.7 0.9 0.4
v -0.9 0.9 0.4
v -0.8 0.9 0.4
v -1.8 0.9 0.3
v -1.7 0.9 0.3
v -1.7 0.9 0.2
v -1.6 0.9 0.2
v -0.9 0.9 0.2
v -0.8 0.9 0.2
v -1.7 0.9 0.0999999
v -1.6 0.9 0.0999999
v -0.9 0.9 0.0999999
v -0.8 0.9 0.0999999
v -1.5 0.9 0
v -1.4 0.9 0
v -1.1 0.9 0
v -1 0.9 0
v -1.5 0.9 -0.0999999
v -1.4 0.9 -0.0999999
v -1.1 0.9 -0.0999999
v -1 0.9 -0.0999999
v 1.4 0.9 -1.1
v 1.6 0.9 -1.1
v -3.4 0.9 -1.2
v -3.3 0.9 -1.2
v 1.3 0.9 -1.2
v 1.4 0.9 -1.2
v 1.6 0.9 -1.2
v 1.7 0.9 -1.2
v -3.4 0.9 -1.3
v -3.3 0.9 -1.3
v 1.3 0.9 -1.4
v 1.4 0.9 -1.4
v 1.6 0.9 -1.4
v 1.7 0.9 -1.4
v 1.4 0.9 -1.5
v 1.6 0.9 -1.5
v -2.8 1 2
v -2.7 1 2
v -2.2 1 2
v -2.1 1 2
v -2.8 1 1.9
v -2.7 1 1.9
v -2.2 1 1.9
v -2.1 1 1.9
v -0.8 1 1.3
v -0.4 1 1.3
v -3.4 1 1.2
v -3.3 1 1.2
v -0.8 1 1.2
v -0.5 1 1.2
v -0.4 1 1.2
v -0.3 1 1.2
v -3.4 1 1.1
v -3.3 1 1.1
v -0.5 1 1.1
v -0.4 1 1.1
v -0.3 1 1.1
v -0.2 1 1.1
v -0.5 1 0.9
v -0.4 1 0.9
v -0.3 1 0.9
v -0.2 1 0.9
v -0.8 1 0.8
v -0.5 1 0.8
v -0.4 1 0.8
v -0.3 1 0.8
v -0.7 1 0.7
v -0.4 1 0.7
v -0.8 1 0.6
v -0.7 1 0.6
v 0.9 1 -1
v 1.1 1 -1
v 1.3 1 -1
v 1.7 1 -1
v -3.4 1 -1.1
v -3.3 1 -1.1
v 0.8 1 -1.1
v 0.9 1 -1.1
v 1.1 1 -1.1
v 1.3 1 -1.1
v 1.4 1 -1.1
v 1.6 1 -1.1
v 1.7 1 -1.1
v 1.8 1 -1.1
v -3.4 1 -1.2
v -3.3 1 -1.2
v 1.3 1 -1.2
v 1.4 1 -1.2
v 1.6 1 -1.2
v 1.7 1 -1.2
v 0.8 1 -1.4
v 0.9 1 -1.4
v 1.1 1 -1.4
v 1.2 1 -1.4
v 1.3 1 -1.4
v 1.4 1 -1.4
v 1.6 1 -1.4
v 1.7 1 -1.4
v 0.7 1 -1.5
v 0.9 1 -1.5
v 1.1 1 -1.5
v 1.2 1 -1.5
v 1.3 1 -1.5
v 1.4 1 -1.5
v 1.6 1 -1.5
v 1.7 1 -1.5
v 1.8 1 -1.5
v 0.6 1 -1.6
v 0.7 1 -1.6
v 0.9 1 -1.6
v 1 1 -1.6
v 1.3 1 -1.6
v 1.7 1 -1.6
v 0.6 1 -1.8
v 1 1 -1.8
v -2.8 1 -1.9
v -2.7 1 -1.9
v -2 1 -1.9
v -1.9 1 -1.9
v 1.8 1 -1.9
v 1.9 1 -1.9
v 2.6 1 -1.9
v 2.7 1 -1.9
v -2.8 1 -2
v -2.7 1 -2
v -2 1 -2
v -1.9 1 -2
v 1.8 1 -2
v 1.9 1 -2
v 2.6 1 -2
v 2.7 1 -2
v -2.7 1.1 2
v -2.2 1.1 2
v 1.9 1.1 2
v 2 1.1 2
v 2.9 1.1 2
v 3 1.1 2
v -2.7 1.1 1.9
v -2.2 1.1 1.9
v 0.4 1.1 1.9
v 0.8 1.1 1.9
v 1.9 1.1 1.9
v 2 1.1 1.9
v 2.9 1.1 1.9
v 3 1.1 1.9
v 0.4 1.1 1.8
v 0.5 1.1 1.8
v 0.7 1.1 1.8
v 0.8 1.1 1.8
v 0.5 1.1 1.7
v 0.7 1.1 1.7
v -0.9 1.1 1.4
v -0.3 1.1 1.4
v -0.9 1.1 1.3
v -0.4 1.1 1.3
v -0.3 1.1 1.3
v -0.2 1.1 1.3
v -0.4 1.1 1.2
v -0.3 1.1 1.2
v -0.2 1.1 1.2
v -0.0999999 1.1 1.2
v -0.3 1.1 1.1
v -0.2 1.1 1.1
v -0.3 1.1 0.9
v -0.2 1.1 0.9
v -0.4 1.1 0.8
v -0.3 1.1 0.8
v -0.2 1.1 0.8
v -0.0999999 1.1 0.8
v 3.3 1.1 0.8
v 3.4 1.1 0.8
v -0.7 1.1 0.7
v -0.5 1.1 0.7
v -0.4 1.1 0.7
v -0.2 1.1 0.7
v 3.3 1.1 0.7
v 3.4 1.1 0.7
v -0.8 1.1 0.6
v -0.7 1.1 0.6
v -0.5 1.1 0.6
v -0.8 1.1 0.5
v -0.7 1.1 0.5
v -0.8 1.1 0.4
v -0.7 1.1 0.4
v -0.9 1.1 0.0999999
v -0.8 1.1 0.0999999
v -0.7 1.1 0.0999999
v -0.9 1.1 0
v -0.8 1.1 0
v 1.9 1.1 -0.4
v 2.1 1.1 -0.4
v 1.8 1.1 -0.5
v 1.9 1.1 -0.5
v 2.1 1.1 -0.5
v 2.2 1.1 -0.5
v 1.1 1.1 -0.7
v 1.3 1.1 -0.7
v 1.8 1.1 -0.7
v 1.9 1.1 -0.7
v 2.1 1.1 -0.7
v 2.2 1.1 -0.7
v 1 1.1 -0.8
v 1.1 1.1 -0.8
v 1.3 1.1 -0.8
v 1.4 1.1 -0.8
v 1.9 1.1 -0.8
v 2.1 1.1 -0.8
v 0.8 1.1 -0.9
v 1 1.1 -0.9
v 1.4 1.1 -0.9
v 1.6 1.1 -0.9
v 0.7 1.1 -1
v 0.8 1.1 -1
v 0.9 1.1 -1
v 1.1 1.1 -1
v 1.3 1.1 -1
v 1.6 1.1 -1
v 1.7 1.1 -1
v 1.8 1.1 -1
v 0.8 1.1 -1.1
v 0.9 1.1 -1.1
v 1.1 1.1 -1.1
v 1.3 1.1 -1.1
v 1.7 1.1 -1.1
v 1.8 1.1 -1.1
v 1.8 1.1 -1.2
v 1.9 1.1 -1.2
v 0.6 1.1 -1.4
v 0.7 1.1 -1.4
v 0.8 1.1 -1.4
v 0.9 1.1 -1.4
v 1.1 1.1 -1.4
v 1.2 1.1 -1.4
v 1.8 1.1 -1.4
v 1.9 1.1 -1.4
v 0.5 1.1 -1.5
v 0.6 1.1 -1.5
v 0.7 1.1 -1.5
v 0.9 1.1 -1.5
v 1.1 1.1 -1.5
v 1.2 1.1 -1.5
v 1.3 1.1 -1.5
v 1.7 1.1 -1.5
v 1.8 1.1 -1.5
v 0.6 1.1 -1.6
v 0.7 1.1 -1.6
v 0.9 1.1 -1.6
v 1 1.1 -1.6
v 1.1 1.1 -1.6
v 1.3 1.1 -1.6
v 1.4 1.1 -1.6
v 1.6 1.1 -1.6
v 1.7 1.1 -1.6
v 1.8 1.1 -1.6
v 1.4 1.1 -1.7
v 1.6 1.1 -1.7
v 0.5 1.1 -1.8
v 0.6 1.1 -1.8
v 1 1.1 -1.8
v 1.1 1.1 -1.8
v -2.7 1.1 -1.9
v -2.6 1.1 -1.9
v -2.1 1.1 -1.9
v -2 1.1 -1.9
v 1.9 1.1 -1.9
v 2 1.1 -1.9
v 2.5 1.1 -1.9
v 2.6 1.1 -1.9
v -2.7 1.1 -2
v -2.6 1.1 -2
v -2.1 1.1 -2
v -2 1.1 -2
v 1.9 1.1 -2
v 2 1.1 -2
v 2.5 1.1 -2
v 2.6 1.1 -2
v -3.1 1.2 2.1
v -3 1.2 2.1
v -1.9 1.2 2.1
v -1.8 1.2 2.1
v 2 1.2 2
v 2.1 1.2 2
v 2.8 1.2 2
v 2.9 1.2 2
v -1.7 1.2 1.9
v -1.2 1.2 1.9
v 0.3 1.2 1.9
v 0.4 1.2 1.9
v 2 1.2 1.9
v 2.1 1.2 1.9
v 2.8 1.2 1.9
v 2.9 1.2 1.9
v -3.1 1.2 1.8
v -3 1.2 1.8
v -1.9 1.2 1.8
v -1.8 1.2 1.8
v -1.7 1.2 1.8
v -1.6 1.2 1.8
v -1.3 1.2 1.8
v -1.2 1.2 1.8
v 0.3 1.2 1.8
v 0.4 1.2 1.8
v 0.5 1.2 1.8
v 0.7 1.2 1.8
v 0.8 1.2 1.8
v -1.7 1.2 1.7
v -1.6 1.2 1.7
v -1.3 1.2 1.7
v -1.2 1.2 1.7
v 0.4 1.2 1.7
v 0.5 1.2 1.7
v 0.7 1.2 1.7
v 0.8 1.2 1.7
v -1.7 1.2 1.6
v -1.6 1.2 1.6
v -1.3 1.2 1.6
v -1.2 1.2 1.6
v -1.6 1.2 1.5
v -1.3 1.2 1.5
v -0.6 1.2 1.5
v -0.4 1.2 1.5
v -1 1.2 1.4
v -0.9 1.2 1.4
v -0.6 1.2 1.4
v -0.4 1.2 1.4
v -0.3 1.2 1.4
v -0.2 1.2 1.4
v -1 1.2 1.3
v -0.9 1.2 1.3
v -0.3 1.2 1.3
v -0.2 1.2 1.3
v -0.0999999 1.2 1.3
v -0.2 1.2 1.2
v -0.0999999 1.2 1.2
v -0.0999999 1.2 1.1
v 0 1.2 1.1
v -0.0999999 1.2 0.9
v 0 1.2 0.9
v -0.2 1.2 0.8
v -0.0999999 1.2 0.8
v -0.5 1.2 0.7
v -0.3 1.2 0.7
v -0.2 1.2 0.7
v -0.0999999 1.2 0.7
v -0.7 1.2 0.6
v -0.5 1.2 0.6
v -0.4 1.2 0.6
v -0.3 1.2 0.6
v -0.8 1.2 0.5
v -0.7 1.2 0.5
v -0.8 1.2 0.4
v -0.7 1.2 0.4
v -0.6 1.2 0.3
v -0.4 1.2 0.3
v 1.8 1.2 0.2
v 2.3 1.2 0.2
v -0.8 1.2 0.0999999
v -0.7 1.2 0.0999999
v 1.5 1.2 0.0999999
v 1.8 1.2 0.0999999
v 2.3 1.2 0.0999999
v 2.4 1.2 0.0999999
v -1 1.2 0
v -0.8 1.2 0
v -0.7 1.2 0
v -0.6 1.2 0
v 1.4 1.2 0
v 1.5 1.2 0
v -1 1.2 -0.0999999
v -0.7 1.2 -0.0999999
v 2.3 1.2 -0.0999999
v 2.4 1.2 -0.0999999
v 2.1 1.2 -0.2
v 2.3 1.2 -0.2
v 1.4 1.2 -0.3
v 1.5 1.2 -0.3
v 1.7 1.2 -0.3
v 1.8 1.2 -0.3
v 2.1 1.2 -0.3
v 2.2 1.2 -0.3
v 1.5 1.2 -0.4
v 1.7 1.2 -0.4
v 1.8 1.2 -0.4
v 1.9 1.2 -0.4
v 2.1 1.2 -0.4
v 2.2 1.2 -0.4
v 2.3 1.2 -0.4
v 1.8 1.2 -0.5
v 1.9 1.2 -0.5
v 2.1 1.2 -0.5
v 2.2 1.2 -0.5
v 1 1.2 -0.6
v 1.4 1.2 -0.6
v 0.9 1.2 -0.7
v 1 1.2 -0.7
v 1.1 1.2 -0.7
v 1.3 1.2 -0.7
v 1.4 1.2 -0.7
v 1.5 1.2 -0.7
v 1.8 1.2 -0.7
v 1.9 1.2 -0.7
v 2.1 1.2 -0.7
v 2.2 1.2 -0.7
v 1 1.2 -0.8
v 1.1 1.2 -0.8
v 1.3 1.2 -0.8
v 1.4 1.2 -0.8
v 1.7 1.2 -0.8
v 1.8 1.2 -0.8
v 1.9 1.2 -0.8
v 2.1 1.2 -0.8
v 2.2 1.2 -0.8
v 2.3 1.2 -0.8
v 0.7 1.2 -0.9
v 0.8 1.2 -0.9
v 0.9 1.2 -0.9
v 1 1.2 -0.9
v 1.4 1.2 -0.9
v 1.5 1.2 -0.9
v 1.6 1.2 -0.9
v 1.7 1.2 -0.9
v 1.8 1.2 -0.9
v 2.2 1.2 -0.9
v 0.7 1.2 -1
v 0.8 1.2 -1
v 1.6 1.2 -1
v 1.7 1.2 -1
v 0.6 1.2 -1.1
v 0.7 1.2 -1.1
v 1.8 1.2 -1.1
v 1.9 1.2 -1.1
v 1.8 1.2 -1.2
v 1.9 1.2 -1.2
v 0.5 1.2 -1.4
v 0.6 1.2 -1.4
v 0.7 1.2 -1.4
v 1.8 1.2 -1.4
v 1.9 1.2 -1.4
v 0.5 1.2 -1.5
v 0.6 1.2 -1.5
v 1.8 1.2 -1.5
v 1.9 1.2 -1.5
v 0.4 1.2 -1.6
v 0.5 1.2 -1.6
v 1.1 1.2 -1.6
v 1.2 1.2 -1.6
v 1.3 1.2 -1.6
v 1.4 1.2 -1.6
v 1.6 1.2 -1.6
v 1.7 1.2 -1.6
v 3.2 1.2 -1.6
v 3.3 1.2 -1.6
v 1.3 1.2 -1.7
v 1.4 1.2 -1.7
v 1.6 1.2 -1.7
v 1.7 1.2 -1.7
v 3.2 1.2 -1.7
v 3.3 1.2 -1.7
v -3 1.2 -1.8
v -2.9 1.2 -1.8
v -1.8 1.2 -1.8
v -1.7 1.2 -1.8
v 0.4 1.2 -1.8
v 0.5 1.2 -1.8
v 1.1 1.2 -1.8
v 1.2 1.2 -1.8
v 1.6 1.2 -1.8
v 1.7 1.2 -1.8
v 2.8 1.2 -1.8
v 2.9 1.2 -1.8
v -2.6 1.2 -1.9
v -2.1 1.2 -1.9
v 1.6 1.2 -1.9
v 2 1.2 -1.9
v 2.5 1.2 -1.9
v -2.6 1.2 -2
v -2.1 1.2 -2
v 2 1.2 -2
v 2.5 1.2 -2
v -3 1.2 -2.1
v -2.9 1.2 -2.1
v -1.8 1.2 -2.1
v -1.7 1.2 -2.1
v 1.6 1.2 -2.1
v 1.7 1.2 -2.1
v 2.8 1.2 -2.1
v 2.9 1.2 -2.1
v -3 1.3 2.1
v -2.9 1.3 2.1
v -2 1.3 2.1
v -1.9 1.3 2.1
v 2.1 1.3 2
v 2.2 1.3 2
v 2.7 1.3 2
v 2.8 1.3 2
v -1.2 1.3 1.9
v -1.1 1.3 1.9
v 2.1 1.3 1.9
v 2.2 1.3 1.9
v 2.7 1.3 1.9
v 2.8 1.3 1.9
v -3 1.3 1.8
v -2.9 1.3 1.8
v -2 1.3 1.8
v -1.9 1.3 1.8
v -1.7 1.3 1.8
v -1.6 1.3 1.8
v -1.3 1.3 1.8
v -1.2 1.3 1.8
v -1.1 1.3 1.8
v 0.3 1.3 1.8
v 0.4 1.3 1.8
v -1.7 1.3 1.7
v -1.6 1.3 1.7
v -1.3 1.3 1.7
v -1.2 1.3 1.7
v -1.1 1.3 1.7
v 0.3 1.3 1.7
v 0.4 1.3 1.7
v -1.7 1.3 1.6
v -1.6 1.3 1.6
v -1.3 1.3 1.6
v -1.2 1.3 1.6
v -1.1 1.3 1.6
v -1.7 1.3 1.5
v -1.6 1.3 1.5
v -1.3 1.3 1.5
v -1.2 1.3 1.5
v -0.7 1.3 1.5
v -0.6 1.3 1.5
v -0.4 1.3 1.5
v -0.3 1.3 1.5
v -0.7 1.3 1.4
v -0.6 1.3 1.4
v -0.4 1.3 1.4
v -0.3 1.3 1.4
v -0.0999999 1.3 1.2
v 0 1.3 1.2
v -0.0999999 1.3 1.1
v 0 1.3 1.1
v -0.0999999 1.3 0.9
v 0 1.3 0.9
v -0.0999999 1.3 0.8
v 0 1.3 0.8
v -0.3 1.3 0.7
v -0.2 1.3 0.7
v -0.4 1.3 0.6
v -0.3 1.3 0.6
v -0.2 1.3 0.6
v -0.6 1.3 0.3
v -0.4 1.3 0.3
v -0.3 1.3 0.3
v 1.7 1.3 0.3
v 2.4 1.3 0.3
v -0.4 1.3 0.2
v -0.3 1.3 0.2
v 1.4 1.3 0.2
v 1.7 1.3 0.2
v 1.8 1.3 0.2
v 2.3 1.3 0.2
v 2.4 1.3 0.2
v 2.5 1.3 0.2
v -0.3 1.3 0.0999999
v -0.2 1.3 0.0999999
v 1.3 1.3 0.0999999
v 1.4 1.3 0.0999999
v 1.5 1.3 0.0999999
v 1.8 1.3 0.0999999
v 2.3 1.3 0.0999999
v 2.4 1.3 0.0999999
v -0.7 1.3 0
v -0.6 1.3 0
v -0.2 1.3 0
v -0.0999999 1.3 0
v 1.4 1.3 0
v 1.5 1.3 0
v -1 1.3 -0.0999999
v -0.8 1.3 -0.0999999
v -0.7 1.3 -0.0999999
v 2.3 1.3 -0.0999999
v 2.4 1.3 -0.0999999
v -1 1.3 -0.2
v -0.9 1.3 -0.2
v -0.8 1.3 -0.2
v -0.7 1.3 -0.2
v -0.6 1.3 -0.2
v -0.2 1.3 -0.2
v -0.0999999 1.3 -0.2
v 2.1 1.3 -0.2
v 2.3 1.3 -0.2
v 2.4 1.3 -0.2
v 2.5 1.3 -0.2
v -0.6 1.3 -0.3
v -0.2 1.3 -0.3
v 1.4 1.3 -0.3
v 1.5 1.3 -0.3
v 1.7 1.3 -0.3
v 1.8 1.3 -0.3
v 2.1 1.3 -0.3
v 2.2 1.3 -0.3
v 2.3 1.3 -0.3
v 2.4 1.3 -0.3
v 1.3 1.3 -0.4
v 1.4 1.3 -0.4
v 1.5 1.3 -0.4
v 1.7 1.3 -0.4
v 1.8 1.3 -0.4
v 2.2 1.3 -0.4
v 2.3 1.3 -0.4
v 0.9 1.3 -0.5
v 1.3 1.3 -0.5
v 2.3 1.3 -0.5
v 2.4 1.3 -0.5
v 0.8 1.3 -0.6
v 0.9 1.3 -0.6
v 1 1.3 -0.6
v 1.3 1.3 -0.6
v 1.4 1.3 -0.6
v 0.9 1.3 -0.7
v 1 1.3 -0.7
v 1.4 1.3 -0.7
v 1.5 1.3 -0.7
v 2.3 1.3 -0.7
v 2.4 1.3 -0.7
v 1.7 1.3 -0.8
v 1.8 1.3 -0.8
v 2.2 1.3 -0.8
v 2.3 1.3 -0.8
v 0.8 1.3 -0.9
v 0.9 1.3 -0.9
v 1.5 1.3 -0.9
v 1.7 1.3 -0.9
v 1.8 1.3 -0.9
v 1.9 1.3 -0.9
v 2.1 1.3 -0.9
v 2.2 1.3 -0.9
v 2.3 1.3 -0.9
v 0.6 1.3 -1
v 0.7 1.3 -1
v 1.7 1.3 -1
v 1.8 1.3 -1
v 1.9 1.3 -1
v 2.1 1.3 -1
v 0.6 1.3 -1.1
v 0.7 1.3 -1.1
v 1.8 1.3 -1.1
v 1.9 1.3 -1.1
v 0.4 1.3 -1.5
v 0.5 1.3 -1.5
v 0.4 1.3 -1.6
v 0.5 1.3 -1.6
v -2.9 1.3 -1.8
v -2.8 1.3 -1.8
v -1.9 1.3 -1.8
v -1.8 1.3 -1.8
v 0.4 1.3 -1.8
v 0.5 1.3 -1.8
v 1.1 1.3 -1.8
v 1.2 1.3 -1.8
v 1.7 1.3 -1.8
v 1.8 1.3 -1.8
v 2.7 1.3 -1.8
v 2.8 1.3 -1.8
v 0.4 1.3 -1.9
v 0.5 1.3 -1.9
v 1.1 1.3 -1.9
v 1.2 1.3 -1.9
v -2.9 1.3 -2.1
v -2.8 1.3 -2.1
v -1.9 1.3 -2.1
v -1.8 1.3 -2.1
v 1.7 1.3 -2.1
v 1.8 1.3 -2.1
v 2.7 1.3 -2.1
v 2.8 1.3 -2.1
v -2.9 1.4 2.1
v -2.7 1.4 2.1
v -2.2 1.4 2.1
v -2 1.4 2.1
v 1.7 1.4 2.1
v 1.8 1.4 2.1
v 3.1 1.4 2.1
v 3.2 1.4 2.1
v 2.2 1.4 2
v 2.7 1.4 2
v 0.2 1.4 1.9
v 0.3 1.4 1.9
v 2.2 1.4 1.9
v 2.7 1.4 1.9
v -2.9 1.4 1.8
v -2.7 1.4 1.8
v -2.2 1.4 1.8
v -2 1.4 1.8
v -1.8 1.4 1.8
v -1.7 1.4 1.8
v -1.2 1.4 1.8
v -1.1 1.4 1.8
v 0.2 1.4 1.8
v 0.3 1.4 1.8
v 1.7 1.4 1.8
v 1.8 1.4 1.8
v 3.1 1.4 1.8
v 3.2 1.4 1.8
v -1.8 1.4 1.7
v -1.7 1.4 1.7
v -1.2 1.4 1.7
v -1.1 1.4 1.7
v -1.2 1.4 1.6
v -1.1 1.4 1.6
v -1.2 1.4 1.5
v -1.1 1.4 1.5
v -3.4 1.4 1.1
v -3.3 1.4 1.1
v -3.4 1.4 1
v -3.3 1.4 1
v 1.8 1.4 0.4
v 2.3 1.4 0.4
v -0.4 1.4 0.3
v -0.3 1.4 0.3
v -0.2 1.4 0.3
v 1.5 1.4 0.3
v 1.7 1.4 0.3
v 1.8 1.4 0.3
v 2.3 1.4 0.3
v 2.4 1.4 0.3
v 2.5 1.4 0.3
v -0.4 1.4 0.2
v -0.3 1.4 0.2
v -0.2 1.4 0.2
v -0.0999999 1.4 0.2
v 1.3 1.4 0.2
v 1.4 1.4 0.2
v 1.5 1.4 0.2
v 1.7 1.4 0.2
v 2.4 1.4 0.2
v 2.5 1.4 0.2
v -0.3 1.4 0.0999999
v -0.2 1.4 0.0999999
v -0.0999999 1.4 0.0999999
v 0 1.4 0.0999999
v 1.2 1.4 0.0999999
v 1.3 1.4 0.0999999
v 1.4 1.4 0.0999999
v 2.5 1.4 0.0999999
v 2.6 1.4 0.0999999
v -0.2 1.4 0
v -0.0999999 1.4 0
v -1.1 1.4 -0.0999999
v -1 1.4 -0.0999999
v -0.8 1.4 -0.0999999
v -0.7 1.4 -0.0999999
v 2.5 1.4 -0.0999999
v 2.6 1.4 -0.0999999
v -1.1 1.4 -0.2
v -1 1.4 -0.2
v -0.8 1.4 -0.2
v -0.7 1.4 -0.2
v -0.6 1.4 -0.2
v -0.2 1.4 -0.2
v -0.0999999 1.4 -0.2
v 2.4 1.4 -0.2
v 2.5 1.4 -0.2
v -0.8 1.4 -0.3
v -0.7 1.4 -0.3
v -0.6 1.4 -0.3
v -0.2 1.4 -0.3
v -0.0999999 1.4 -0.3
v 0 1.4 -0.3
v 2.4 1.4 -0.3
v 2.5 1.4 -0.3
v -0.7 1.4 -0.4
v -0.0999999 1.4 -0.4
v 1 1.4 -0.4
v 1.2 1.4 -0.4
v 1.3 1.4 -0.4
v 1.4 1.4 -0.4
v 2.3 1.4 -0.4
v 2.4 1.4 -0.4
v 0.8 1.4 -0.5
v 0.9 1.4 -0.5
v 1 1.4 -0.5
v 1.2 1.4 -0.5
v 1.3 1.4 -0.5
v 2.3 1.4 -0.5
v 2.4 1.4 -0.5
v 0.8 1.4 -0.6
v 0.9 1.4 -0.6
v 1.3 1.4 -0.6
v 1.4 1.4 -0.6
v 0.7 1.4 -0.7
v 0.8 1.4 -0.7
v 2.3 1.4 -0.7
v 2.4 1.4 -0.7
v 2.3 1.4 -0.8
v 2.4 1.4 -0.8
v 0.7 1.4 -0.9
v 0.8 1.4 -0.9
v 1.8 1.4 -0.9
v 1.9 1.4 -0.9
v 2.1 1.4 -0.9
v 2.2 1.4 -0.9
v 1.8 1.4 -1
v 1.9 1.4 -1
v 2 1.4 -1
v 2.1 1.4 -1
v 2.2 1.4 -1
v 1.9 1.4 -1.3
v 2 1.4 -1.3
v -2.8 1.4 -1.8
v -2.6 1.4 -1.8
v -2.1 1.4 -1.8
v -1.9 1.4 -1.8
v 1.8 1.4 -1.8
v 2 1.4 -1.8
v 2.5 1.4 -1.8
v 2.7 1.4 -1.8
v -2.8 1.4 -2.1
v -2.6 1.4 -2.1
v -2.1 1.4 -2.1
v -1.9 1.4 -2.1
v 1.8 1.4 -2.1
v 2 1.4 -2.1
v 2.5 1.4 -2.1
v 2.7 1.4 -2.1
v -2.7 1.5 2.1
v -2.2 1.5 2.1
v 1.8 1.5 2.1
v 1.9 1.5 2.1
v 3 1.5 2.1
v 3.1 1.5 2.1
v -2.7 1.5 1.8
v -2.2 1.5 1.8
v 0.2 1.5 1.8
v 0.3 1.5 1.8
v 1.8 1.5 1.8
v 1.9 1.5 1.8
v 3 1.5 1.8
v 3.1 1.5 1.8
v 0.2 1.5 1.7
v 0.3 1.5 1.7
v -0.0999999 1.5 0.8
v 0 1.5 0.8
v -0.2 1.5 0.7
v -0.0999999 1.5 0.7
v 0 1.5 0.7
v 0.1 1.5 0.7
v 0.3 1.5 0.7
v -0.2 1.5 0.6
v -0.0999999 1.5 0.6
v 0 1.5 0.6
v 0.1 1.5 0.6
v 0.3 1.5 0.6
v 0.4 1.5 0.6
v 2 1.5 0.5
v 2.2 1.5 0.5
v 1.7 1.5 0.4
v 1.8 1.5 0.4
v 2 1.5 0.4
v 2.2 1.5 0.4
v 2.3 1.5 0.4
v 2.4 1.5 0.4
v -0.2 1.5 0.3
v -0.0999999 1.5 0.3
v 0.4 1.5 0.3
v 0.5 1.5 0.3
v 1.4 1.5 0.3
v 1.5 1.5 0.3
v 1.7 1.5 0.3
v 1.8 1.5 0.3
v 2.3 1.5 0.3
v 2.4 1.5 0.3
v -0.2 1.5 0.2
v -0.0999999 1.5 0.2
v 0 1.5 0.2
v 1.2 1.5 0.2
v 1.3 1.5 0.2
v 1.4 1.5 0.2
v 1.5 1.5 0.2
v 2.5 1.5 0.2
v 2.6 1.5 0.2
v -0.0999999 1.5 0.0999999
v 0 1.5 0.0999999
v 0.4 1.5 0.0999999
v 0.5 1.5 0.0999999
v 1.2 1.5 0.0999999
v 1.3 1.5 0.0999999
v 2.5 1.5 0.0999999
v 2.6 1.5 0.0999999
v 0.1 1.5 0
v 0.4 1.5 0
v 1.1 1.5 0
v 1.2 1.5 0
v 2.5 1.5 -0.0999999
v 2.6 1.5 -0.0999999
v -0.9 1.5 -0.2
v -0.8 1.5 -0.2
v 2.5 1.5 -0.2
v 2.6 1.5 -0.2
v -0.9 1.5 -0.3
v -0.8 1.5 -0.3
v -0.7 1.5 -0.3
v -0.0999999 1.5 -0.3
v 0 1.5 -0.3
v 0.1 1.5 -0.3
v 1.1 1.5 -0.3
v 1.2 1.5 -0.3
v 2.3 1.5 -0.3
v 2.4 1.5 -0.3
v -0.8 1.5 -0.4
v -0.7 1.5 -0.4
v -0.6 1.5 -0.4
v -0.2 1.5 -0.4
v -0.0999999 1.5 -0.4
v 0 1.5 -0.4
v 0.9 1.5 -0.4
v 1 1.5 -0.4
v 1.2 1.5 -0.4
v 1.3 1.5 -0.4
v 2.3 1.5 -0.4
v 2.4 1.5 -0.4
v -0.6 1.5 -0.5
v -0.2 1.5 -0.5
v 0.9 1.5 -0.5
v 1 1.5 -0.5
v 1.2 1.5 -0.5
v 1.3 1.5 -0.5
v 0.7 1.5 -0.6
v 0.8 1.5 -0.6
v 0.7 1.5 -0.7
v 0.8 1.5 -0.7
v 2 1.5 -1
v 2.1 1.5 -1
v 2 1.5 -1.2
v 2.1 1.5 -1.2
v 1.9 1.5 -1.3
v 2 1.5 -1.3
v 1.9 1.5 -1.4
v 2 1.5 -1.4
v -1 1.5 -1.7
v -0.8 1.5 -1.7
v -2.6 1.5 -1.8
v -2.1 1.5 -1.8
v -1.1 1.5 -1.8
v -1 1.5 -1.8
v -0.8 1.5 -1.8
v -0.7 1.5 -1.8
v 2 1.5 -1.8
v 2.5 1.5 -1.8
v -1.1 1.5 -1.9
v -0.7 1.5 -1.9
v -2.6 1.5 -2.1
v -2.1 1.5 -2.1
v 2 1.5 -2.1
v 2.5 1.5 -2.1
v 1.9 1.6 2.1
v 2 1.6 2.1
v 2.9 1.6 2.1
v 3 1.6 2.1
v 0.1 1.6 1.8
v 0.2 1.6 1.8
v 1.9 1.6 1.8
v 2 1.6 1.8
v 2.9 1.6 1.8
v 3 1.6 1.8
v 0.1 1.6 1.7
v 0.2 1.6 1.7
v -1.1 1.6 1.3
v -1 1.6 1.3
v -1.2 1.6 1.2
v -1.1 1.6 1.2
v -1 1.6 1.2
v 0 1.6 1.1
v 0.2 1.6 1.1
v -1.2 1.6 1
v -1.1 1.6 1
v 0.2 1.6 0.8
v 0.4 1.6 0.8
v -0.0999999 1.6 0.7
v 0 1.6 0.7
v 0.1 1.6 0.7
v 0.3 1.6 0.7
v 0.4 1.6 0.7
v 0.5 1.6 0.7
v -0.3 1.6 0.6
v -0.2 1.6 0.6
v -0.0999999 1.6 0.6
v 0 1.6 0.6
v 0.1 1.6 0.6
v 0.3 1.6 0.6
v 0.4 1.6 0.6
v 1.9 1.6 0.6
v 2.3 1.6 0.6
v 1.8 1.6 0.5
v 1.9 1.6 0.5
v 2 1.6 0.5
v 2.2 1.6 0.5
v 2.3 1.6 0.5
v 2.4 1.6 0.5
v 0.5 1.6 0.4
v 0.6 1.6 0.4
v 1.6 1.6 0.4
v 1.7 1.6 0.4
v 1.8 1.6 0.4
v 2 1.6 0.4
v 2.2 1.6 0.4
v 2.4 1.6 0.4
v -0.3 1.6 0.3
v -0.2 1.6 0.3
v -0.0999999 1.6 0.3
v 0.4 1.6 0.3
v 0.5 1.6 0.3
v 1.3 1.6 0.3
v 1.4 1.6 0.3
v 1.6 1.6 0.3
v 1.7 1.6 0.3
v -0.0999999 1.6 0.2
v 0 1.6 0.2
v 1.3 1.6 0.2
v 1.4 1.6 0.2
v 0.4 1.6 0.0999999
v 0.5 1.6 0.0999999
v 1.1 1.6 0.0999999
v 1.2 1.6 0.0999999
v 0.1 1.6 0
v 0.4 1.6 0
v 0.5 1.6 0
v 0.6 1.6 0
v 1.1 1.6 0
v 1.2 1.6 0
v 0.2 1.6 -0.0999999
v 0.5 1.6 -0.0999999
v -1 1.6 -0.2
v -0.9 1.6 -0.2
v -1 1.6 -0.3
v -0.9 1.6 -0.3
v 0 1.6 -0.3
v 0.1 1.6 -0.3
v 0.2 1.6 -0.3
v 1.1 1.6 -0.3
v 1.2 1.6 -0.3
v 2.4 1.6 -0.3
v 2.5 1.6 -0.3
v -0.7 1.6 -0.4
v -0.6 1.6 -0.4
v -0.2 1.6 -0.4
v -0.0999999 1.6 -0.4
v 0 1.6 -0.4
v 0.1 1.6 -0.4
v 1.1 1.6 -0.4
v 1.2 1.6 -0.4
v 2.4 1.6 -0.4
v 2.5 1.6 -0.4
v -0.7 1.6 -0.5
v -0.6 1.6 -0.5
v -0.2 1.6 -0.5
v -0.0999999 1.6 -0.5
v -3.4 1.6 -1
v -3.3 1.6 -1
v -3.4 1.6 -1.1
v -3.3 1.6 -1.1
v 2 1.6 -1.2
v 2.1 1.6 -1.2
v 2 1.6 -1.3
v 2.1 1.6 -1.3
v 1.8 1.6 -1.4
v 1.9 1.6 -1.4
v 1.8 1.6 -1.5
v 1.9 1.6 -1.5
v -1.1 1.6 -1.6
v -0.7 1.6 -1.6
v -1.2 1.6 -1.7
v -1.1 1.6 -1.7
v -1 1.6 -1.7
v -0.8 1.6 -1.7
v -0.7 1.6 -1.7
v -0.6 1.6 -1.7
v -1.2 1.6 -1.8
v -1.1 1.6 -1.8
v -1 1.6 -1.8
v -0.8 1.6 -1.8
v -0.7 1.6 -1.8
v -0.6 1.6 -1.8
v -1.2 1.6 -1.9
v -1.1 1.6 -1.9
v -0.7 1.6 -1.9
v -0.6 1.6 -1.9
v 2 1.7 2.1
v 2.2 1.7 2.1
v 2.7 1.7 2.1
v 2.9 1.7 2.1
v 2 1.7 1.8
v 2.2 1.7 1.8
v 2.7 1.7 1.8
v 2.9 1.7 1.8
v -1.1 1.7 1.4
v -0.7 1.7 1.4
v -1.2 1.7 1.3
v -1.1 1.7 1.3
v -0.7 1.7 1.3
v -1.2 1.7 1.2
v -1.1 1.7 1.2
v -0.0999999 1.7 1.2
v 0 1.7 1.2
v 0.2 1.7 1.2
v -1.3 1.7 1.1
v -1.2 1.7 1.1
v -0.0999999 1.7 1.1
v 0.2 1.7 1.1
v 0.3 1.7 1.1
v 3.2 1.7 1
v 3.3 1.7 1
v -1.3 1.7 0.9
v -1.2 1.7 0.9
v 1.9 1.7 0.9
v 2.1 1.7 0.9
v 3.2 1.7 0.9
v 3.3 1.7 0.9
v 0.2 1.7 0.8
v 0.3 1.7 0.8
v 0.4 1.7 0.8
v 0.5 1.7 0.8
v 1.8 1.7 0.8
v 1.9 1.7 0.8
v 2.1 1.7 0.8
v 2.2 1.7 0.8
v 2.3 1.7 0.8
v 2.5 1.7 0.8
v 0.4 1.7 0.7
v 0.5 1.7 0.7
v 2.2 1.7 0.7
v 2.3 1.7 0.7
v 2.5 1.7 0.7
v 2.6 1.7 0.7
v 3.3 1.7 0.7
v 3.4 1.7 0.7
v -0.2 1.7 0.6
v -0.0999999 1.7 0.6
v 0.5 1.7 0.6
v 0.6 1.7 0.6
v 1.9 1.7 0.6
v 2.3 1.7 0.6
v 3.3 1.7 0.6
v 3.4 1.7 0.6
v 3.5 1.7 0.6
v 1.7 1.7 0.5
v 1.8 1.7 0.5
v 1.9 1.7 0.5
v 2.3 1.7 0.5
v 2.4 1.7 0.5
v 2.5 1.7 0.5
v 2.6 1.7 0.5
v 3.4 1.7 0.5
v 3.5 1.7 0.5
v 0.5 1.7 0.4
v 0.6 1.7 0.4
v 0.7 1.7 0.4
v 1.5 1.7 0.4
v 1.6 1.7 0.4
v 1.7 1.7 0.4
v 1.8 1.7 0.4
v -0.2 1.7 0.3
v -0.0999999 1.7 0.3
v 1.5 1.7 0.3
v 1.6 1.7 0.3
v 2.4 1.7 0.3
v 2.5 1.7 0.3
v 0.5 1.7 0
v 0.6 1.7 0
v 0.7 1.7 0
v 0.2 1.7 -0.0999999
v 0.4 1.7 -0.0999999
v 0.5 1.7 -0.0999999
v 0.6 1.7 -0.0999999
v 0.2 1.7 -0.2
v 0.3 1.7 -0.2
v 0.4 1.7 -0.2
v 2.5 1.7 -0.2
v 2.6 1.7 -0.2
v -0.9 1.7 -0.3
v -0.8 1.7 -0.3
v 0.1 1.7 -0.3
v 0.2 1.7 -0.3
v 2.5 1.7 -0.3
v 2.6 1.7 -0.3
v 3.4 1.7 -0.3
v 3.5 1.7 -0.3
v -0.9 1.7 -0.4
v -0.8 1.7 -0.4
v -0.0999999 1.7 -0.4
v 0 1.7 -0.4
v 0.1 1.7 -0.4
v 0.2 1.7 -0.4
v 2.3 1.7 -0.4
v 2.4 1.7 -0.4
v 3.4 1.7 -0.4
v 3.5 1.7 -0.4
v -0.0999999 1.7 -0.5
v 0 1.7 -0.5
v 2.3 1.7 -0.5
v 2.4 1.7 -0.5
v 3.3 1.7 -0.6
v 3.4 1.7 -0.6
v -0.9 1.7 -0.7
v -0.7 1.7 -0.7
v 3.3 1.7 -0.7
v 3.4 1.7 -0.7
v -1 1.7 -0.8
v -0.9 1.7 -0.8
v -0.7 1.7 -0.8
v -0.6 1.7 -0.8
v 3.2 1.7 -0.8
v 3.3 1.7 -0.8
v 3.2 1.7 -0.9
v 3.3 1.7 -0.9
v -1 1.7 -1
v -0.9 1.7 -1
v -0.7 1.7 -1
v -0.6 1.7 -1
v -0.9 1.7 -1.1
v -0.7 1.7 -1.1
v -1 1.7 -1.5
v -0.8 1.7 -1.5
v -1.2 1.7 -1.6
v -1.1 1.7 -1.6
v -1 1.7 -1.6
v -0.8 1.7 -1.6
v -0.7 1.7 -1.6
v -0.6 1.7 -1.6
v -1.2 1.7 -1.7
v -1.1 1.7 -1.7
v -0.7 1.7 -1.7
v -0.6 1.7 -1.7
v -1.3 1.7 -1.8
v -1.2 1.7 -1.8
v -0.6 1.7 -1.8
v -0.5 1.7 -1.8
v -1.3 1.7 -1.9
v -1.2 1.7 -1.9
v -0.6 1.7 -1.9
v -0.5 1.7 -1.9
v 2.2 1.8 2.1
v 2.7 1.8 2.1
v -3.4 1.8 1.9
v -3.1 1.8 1.9
v -3.3 1.8 1.8
v -3.1 1.8 1.8
v 2.2 1.8 1.8
v 2.7 1.8 1.8
v -3.4 1.8 1.6
v -3.3 1.8 1.6
v 3 1.8 1.6
v 3.1 1.8 1.6
v 3.2 1.8 1.6
v -1 1.8 1.5
v -0.8 1.8 1.5
v 2.9 1.8 1.5
v 3 1.8 1.5
v -1.2 1.8 1.4
v -1.1 1.8 1.4
v -1 1.8 1.4
v -0.8 1.8 1.4
v -0.7 1.8 1.4
v -0.6 1.8 1.4
v -1.2 1.8 1.3
v -1.1 1.8 1.3
v -0.7 1.8 1.3
v -0.6 1.8 1.3
v -0.3 1.8 1.3
v 0 1.8 1.3
v -1.3 1.8 1.2
v -1.2 1.8 1.2
v -0.3 1.8 1.2
v 0 1.8 1.2
v 0.2 1.8 1.2
v 0.3 1.8 1.2
v 2.2 1.8 1.2
v 2.4 1.8 1.2
v 2.9 1.8 1.2
v 3 1.8 1.2
v -1.3 1.8 1.1
v -1.2 1.8 1.1
v 0.2 1.8 1.1
v 0.3 1.8 1.1
v 0.4 1.8 1.1
v 2.1 1.8 1.1
v 2.2 1.8 1.1
v 2.4 1.8 1.1
v 2.5 1.8 1.1
v 2.7 1.8 1.1
v 2.9 1.8 1.1
v 3 1.8 1.1
v 3.1 1.8 1.1
v 3.2 1.8 1.1
v -3.4 1.8 1
v -3.3 1.8 1
v -1.4 1.8 1
v -1.3 1.8 1
v 1.8 1.8 1
v 2.1 1.8 1
v 2.6 1.8 1
v 2.7 1.8 1
v 2.9 1.8 1
v 3 1.8 1
v -3.4 1.8 0.9
v -3.3 1.8 0.9
v -1.3 1.8 0.9
v -1.2 1.8 0.9
v 1.7 1.8 0.9
v 1.8 1.8 0.9
v 1.9 1.8 0.9
v 2.1 1.8 0.9
v 2.5 1.8 0.9
v 2.6 1.8 0.9
v -1.4 1.8 0.8
v -1.3 1.8 0.8
v 0.3 1.8 0.8
v 0.4 1.8 0.8
v 1.8 1.8 0.8
v 1.9 1.8 0.8
v 2.1 1.8 0.8
v 2.2 1.8 0.8
v 2.3 1.8 0.8
v 2.5 1.8 0.8
v 2.9 1.8 0.8
v 3 1.8 0.8
v -1.3 1.8 0.7
v -1.2 1.8 0.7
v -1.1 1.8 0.7
v -1 1.8 0.7
v 0.5 1.8 0.7
v 0.6 1.8 0.7
v 2.2 1.8 0.7
v 2.3 1.8 0.7
v 2.5 1.8 0.7
v 2.6 1.8 0.7
v 2.7 1.8 0.7
v 2.9 1.8 0.7
v -1.1 1.8 0.6
v -1 1.8 0.6
v 0.5 1.8 0.6
v 0.6 1.8 0.6
v 0.6 1.8 0.5
v 0.7 1.8 0.5
v 1.6 1.8 0.5
v 1.7 1.8 0.5
v 1.8 1.8 0.5
v 2.5 1.8 0.5
v 2.6 1.8 0.5
v 3.4 1.8 0.5
v 3.5 1.8 0.5
v 0.6 1.8 0.4
v 0.7 1.8 0.4
v 1.6 1.8 0.4
v 1.7 1.8 0.4
v 2.6 1.8 0.4
v 2.7 1.8 0.4
v 3.4 1.8 0.4
v 3.5 1.8 0.4
v 0.7 1.8 0.3
v 0.8 1.8 0.3
v 2.5 1.8 0.3
v 2.6 1.8 0.3
v 0.7 1.8 0.0999999
v 0.8 1.8 0.0999999
v 0.6 1.8 0
v 0.7 1.8 0
v 0.4 1.8 -0.0999999
v 0.5 1.8 -0.0999999
v 0.6 1.8 -0.0999999
v 0.7 1.8 -0.0999999
v 0.2 1.8 -0.2
v 0.3 1.8 -0.2
v 0.4 1.8 -0.2
v 0.5 1.8 -0.2
v 3.4 1.8 -0.2
v 3.5 1.8 -0.2
v 0.2 1.8 -0.3
v 0.3 1.8 -0.3
v 3.4 1.8 -0.3
v 3.5 1.8 -0.3
v 0 1.8 -0.4
v 0.1 1.8 -0.4
v 0 1.8 -0.5
v 0.1 1.8 -0.5
v -1 1.8 -0.6
v -0.6 1.8 -0.6
v -1.1 1.8 -0.7
v -1 1.8 -0.7
v -0.9 1.8 -0.7
v -0.7 1.8 -0.7
v -0.6 1.8 -0.7
v -0.5 1.8 -0.7
v -1 1.8 -0.8
v -0.9 1.8 -0.8
v -0.7 1.8 -0.8
v -0.6 1.8 -0.8
v -1 1.8 -1
v -0.9 1.8 -1
v -0.7 1.8 -1
v -0.6 1.8 -1
v -1.1 1.8 -1.1
v -1 1.8 -1.1
v -0.9 1.8 -1.1
v -0.7 1.8 -1.1
v -0.6 1.8 -1.1
v -0.5 1.8 -1.1
v -1 1.8 -1.2
v -0.6 1.8 -1.2
v -1.1 1.8 -1.5
v -1 1.8 -1.5
v -0.8 1.8 -1.5
v -0.7 1.8 -1.5
v -3.4 1.8 -1.6
v -3.3 1.8 -1.6
v -1.1 1.8 -1.6
v -1 1.8 -1.6
v -0.8 1.8 -1.6
v -0.7 1.8 -1.6
v -1.3 1.8 -1.7
v -1.2 1.8 -1.7
v -0.6 1.8 -1.7
v -0.5 1.8 -1.7
v -3.3 1.8 -1.8
v -3.1 1.8 -1.8
v -1.3 1.8 -1.8
v -1.2 1.8 -1.8
v -0.6 1.8 -1.8
v -0.5 1.8 -1.8
v -3.4 1.8 -1.9
v -3.1 1.8 -1.9
v 2.9 1.9 1.8
v 3.1 1.9 1.8
v 2.8 1.9 1.7
v 2.9 1.9 1.7
v 3 1.9 1.6
v 3.1 1.9 1.6
v -1.1 1.9 1.5
v -1 1.9 1.5
v -0.8 1.9 1.5
v -0.7 1.9 1.5
v 2.9 1.9 1.5
v 3 1.9 1.5
v -1.1 1.9 1.4
v -1 1.9 1.4
v -0.8 1.9 1.4
v -0.7 1.9 1.4
v -0.3 1.9 1.4
v 0 1.9 1.4
v 2.2 1.9 1.4
v 2.4 1.9 1.4
v -1.3 1.9 1.3
v -1.2 1.9 1.3
v -0.6 1.9 1.3
v -0.5 1.9 1.3
v -0.4 1.9 1.3
v -0.3 1.9 1.3
v 0 1.9 1.3
v 0.1 1.9 1.3
v 2.1 1.9 1.3
v 2.2 1.9 1.3
v 2.4 1.9 1.3
v 2.5 1.9 1.3
v -1.4 1.9 1.2
v -1.3 1.9 1.2
v -1.2 1.9 1.2
v -0.6 1.9 1.2
v -0.5 1.9 1.2
v -0.4 1.9 1.2
v 0 1.9 1.2
v 0.1 1.9 1.2
v 2 1.9 1.2
v 2.1 1.9 1.2
v 2.2 1.9 1.2
v 2.4 1.9 1.2
v 2.5 1.9 1.2
v 2.8 1.9 1.2
v 2.9 1.9 1.2
v 3 1.9 1.2
v -1.5 1.9 1.1
v -1.4 1.9 1.1
v -0.5 1.9 1.1
v -0.3 1.9 1.1
v 1.9 1.9 1.1
v 2 1.9 1.1
v 2.1 1.9 1.1
v 2.2 1.9 1.1
v 2.4 1.9 1.1
v 2.5 1.9 1.1
v 2.7 1.9 1.1
v 2.9 1.9 1.1
v 3 1.9 1.1
v 3.1 1.9 1.1
v 3.2 1.9 1.1
v -1.4 1.9 1
v -1.3 1.9 1
v 1.7 1.9 1
v 1.8 1.9 1
v 1.9 1.9 1
v 2.1 1.9 1
v 2.6 1.9 1
v 2.7 1.9 1
v 2.9 1.9 1
v 3 1.9 1
v 1.7 1.9 0.9
v 1.8 1.9 0.9
v 2.5 1.9 0.9
v 2.6 1.9 0.9
v 3.1 1.9 0.9
v 3.2 1.9 0.9
v 3.3 1.9 0.9
v -1.4 1.9 0.8
v -1.3 1.9 0.8
v 1.6 1.9 0.8
v 1.7 1.9 0.8
v 2.9 1.9 0.8
v 3 1.9 0.8
v 3.2 1.9 0.8
v 3.3 1.9 0.8
v -1.5 1.9 0.7
v -1.4 1.9 0.7
v -1.3 1.9 0.7
v -1.1 1.9 0.7
v 0.6 1.9 0.7
v 0.7 1.9 0.7
v 2.7 1.9 0.7
v 2.9 1.9 0.7
v 3 1.9 0.7
v 3.1 1.9 0.7
v -1.4 1.9 0.6
v -1.3 1.9 0.6
v -1.2 1.9 0.6
v -1.1 1.9 0.6
v -1 1.9 0.6
v -0.9 1.9 0.6
v 0.7 1.9 0.6
v 0.8 1.9 0.6
v 1.6 1.9 0.6
v 1.7 1.9 0.6
v 2.8 1.9 0.6
v 3 1.9 0.6
v 3.3 1.9 0.6
v 3.4 1.9 0.6
v -1.1 1.9 0.5
v -1 1.9 0.5
v -0.9 1.9 0.5
v 0.6 1.9 0.5
v 0.7 1.9 0.5
v 2.7 1.9 0.5
v 2.8 1.9 0.5
v 3.3 1.9 0.5
v 3.4 1.9 0.5
v -1.2 1.9 0.4
v -1.1 1.9 0.4
v 2.6 1.9 0.4
v 2.7 1.9 0.4
v 3.4 1.9 0.4
v 3.5 1.9 0.4
v 0.7 1.9 0.3
v 0.8 1.9 0.3
v 2.6 1.9 0.3
v 2.7 1.9 0.3
v 3.4 1.9 0.3
v 3.5 1.9 0.3
v 0.7 1.9 0.0999999
v 0.8 1.9 0.0999999
v 0.7 1.9 0
v 0.8 1.9 0
v 0.5 1.9 -0.0999999
v 0.6 1.9 -0.0999999
v 0.3 1.9 -0.2
v 0.4 1.9 -0.2
v 0.5 1.9 -0.2
v 0.6 1.9 -0.2
v 3.4 1.9 -0.2
v 3.5 1.9 -0.2
v 0.2 1.9 -0.3
v 0.3 1.9 -0.3
v 0.4 1.9 -0.3
v 0.2 1.9 -0.4
v 0.3 1.9 -0.4
v -0.9 1.9 -0.5
v -0.7 1.9 -0.5
v 3.3 1.9 -0.5
v 3.4 1.9 -0.5
v -1.1 1.9 -0.6
v -1 1.9 -0.6
v -0.9 1.9 -0.6
v -0.7 1.9 -0.6
v -0.6 1.9 -0.6
v -0.5 1.9 -0.6
v 3.3 1.9 -0.6
v 3.4 1.9 -0.6
v -1.1 1.9 -0.7
v -1 1.9 -0.7
v -0.6 1.9 -0.7
v -0.5 1.9 -0.7
v -1.2 1.9 -0.8
v -1.1 1.9 -0.8
v -0.5 1.9 -0.8
v -0.4 1.9 -0.8
v -1.2 1.9 -1
v -1.1 1.9 -1
v -0.5 1.9 -1
v -0.4 1.9 -1
v -1.1 1.9 -1.1
v -1 1.9 -1.1
v -0.6 1.9 -1.1
v -0.5 1.9 -1.1
v -1.1 1.9 -1.2
v -1 1.9 -1.2
v -0.9 1.9 -1.2
v -0.7 1.9 -1.2
v -0.6 1.9 -1.2
v -0.5 1.9 -1.2
v -0.9 1.9 -1.3
v -0.7 1.9 -1.3
v 2.7 2 1.8
v 2.9 2 1.8
v 2.8 2 1.7
v 2.9 2 1.7
v 2.4 2 1.6
v 2.7 2 1.6
v 2.1 2 1.5
v 2.4 2 1.5
v -1.4 2 1.4
v -1.2 2 1.4
v 2 2 1.4
v 2.1 2 1.4
v 2.2 2 1.4
v 2.4 2 1.4
v -1.5 2 1.3
v -1.4 2 1.3
v -1.3 2 1.3
v -1.2 2 1.3
v 1.9 2 1.3
v 2 2 1.3
v 2.1 2 1.3
v 2.2 2 1.3
v 2.4 2 1.3
v 2.5 2 1.3
v -1.4 2 1.2
v -1.3 2 1.2
v 0.3 2 1.2
v 0.4 2 1.2
v 2 2 1.2
v 2.1 2 1.2
v 2.5 2 1.2
v 2.8 2 1.2
v -1.5 2 1.1
v -1.4 2 1.1
v 0.3 2 1.1
v 0.4 2 1.1
v 1.8 2 1.1
v 1.9 2 1.1
v 2 2 1.1
v -1.6 2 1
v -1.5 2 1
v 1.8 2 1
v 1.9 2 1
v 1.6 2 0.9
v 1.7 2 0.9
v 3.1 2 0.9
v 3.2 2 0.9
v -1.6 2 0.8
v -1.5 2 0.8
v 0.5 2 0.8
v 0.8 2 0.8
v 1.6 2 0.8
v 1.7 2 0.8
v 3.1 2 0.8
v 3.2 2 0.8
v -1.5 2 0.7
v -1.4 2 0.7
v 0.5 2 0.7
v 0.7 2 0.7
v 0.8 2 0.7
v 0.9 2 0.7
v 3 2 0.7
v 3.1 2 0.7
v -1.5 2 0.6
v -1.4 2 0.6
v -1.3 2 0.6
v -1.2 2 0.6
v 0.7 2 0.6
v 0.8 2 0.6
v 1.6 2 0.6
v 1.7 2 0.6
v 2.8 2 0.6
v 2.9 2 0.6
v 3 2 0.6
v 3.1 2 0.6
v -1.4 2 0.5
v -1.3 2 0.5
v 1.6 2 0.5
v 1.7 2 0.5
v 2.7 2 0.5
v 2.8 2 0.5
v 2.9 2 0.5
v 3.3 2 0.5
v 3.4 2 0.5
v -1.2 2 0.4
v -1.1 2 0.4
v 2.7 2 0.4
v 2.8 2 0.4
v -1.3 2 0.3
v -1.2 2 0.3
v 2.5 2 0.3
v 2.6 2 0.3
v 3.3 2 0.3
v 3.4 2 0.3
v -1.2 2 0.2
v -1.1 2 0.2
v 2.5 2 0.2
v 2.6 2 0.2
v 0.7 2 0
v 0.8 2 0
v 0.6 2 -0.0999999
v 0.7 2 -0.0999999
v 0.4 2 -0.2
v 0.5 2 -0.2
v 0.6 2 -0.2
v 0.8 2 -0.2
v 0.9 2 -0.2
v 0.3 2 -0.3
v 0.4 2 -0.3
v 0.5 2 -0.3
v 0.6 2 -0.3
v 0.8 2 -0.3
v 0.1 2 -0.4
v 0.2 2 -0.4
v 0.3 2 -0.4
v 0.4 2 -0.4
v 3.3 2 -0.4
v 3.4 2 -0.4
v -1 2 -0.5
v -0.9 2 -0.5
v -0.7 2 -0.5
v -0.6 2 -0.5
v 0.1 2 -0.5
v 0.2 2 -0.5
v 3.3 2 -0.5
v 3.4 2 -0.5
v -1 2 -0.6
v -0.9 2 -0.6
v -0.7 2 -0.6
v -0.6 2 -0.6
v -1.2 2 -0.7
v -1.1 2 -0.7
v -0.5 2 -0.7
v -0.4 2 -0.7
v 3.2 2 -0.7
v 3.3 2 -0.7
v -1.2 2 -0.8
v -1.1 2 -0.8
v -0.5 2 -0.8
v -0.4 2 -0.8
v 3.2 2 -0.8
v 3.3 2 -0.8
v -1.2 2 -1
v -1.1 2 -1
v -0.5 2 -1
v -0.4 2 -1
v -1.2 2 -1.1
v -1.1 2 -1.1
v -0.5 2 -1.1
v -0.4 2 -1.1
v -1 2 -1.2
v -0.9 2 -1.2
v -0.7 2 -1.2
v -0.6 2 -1.2
v -1 2 -1.3
v -0.9 2 -1.3
v -0.7 2 -1.3
v -0.6 2 -1.3
v -1.1 2 -1.4
v -0.8 2 -1.4
v -1.2 2 -1.5
v -1.1 2 -1.5
v -0.8 2 -1.5
v -1.2 2 -1.6
v -1.1 2 -1.6
v -3.3 2 -1.7
v -3 2 -1.7
v -3.3 2 -1.8
v -3 2 -1.8
v -3.3 2.1 1.8
v -3.1 2.1 1.8
v 2.5 2.1 1.8
v 2.7 2.1 1.8
v -3.2 2.1 1.7
v -3.1 2.1 1.7
v 2.3 2.1 1.7
v 2.5 2.1 1.7
v 2.2 2.1 1.6
v 2.3 2.1 1.6
v 2.4 2.1 1.6
v 2.7 2.1 1.6
v -1.3 2.1 1.5
v -1.1 2.1 1.5
v 0.2 2.1 1.5
v 0.3 2.1 1.5
v 0.5 2.1 1.5
v 2 2.1 1.5
v 2.1 2.1 1.5
v 2.2 2.1 1.5
v 2.4 2.1 1.5
v -1.5 2.1 1.4
v -1.4 2.1 1.4
v -1.3 2.1 1.4
v -1.1 2.1 1.4
v 0 2.1 1.4
v 0.1 2.1 1.4
v 0.2 2.1 1.4
v 0.3 2.1 1.4
v 1.9 2.1 1.4
v 2 2.1 1.4
v 2.1 2.1 1.4
v -1.5 2.1 1.3
v -1.4 2.1 1.3
v -0.5 2.1 1.3
v -0.4 2.1 1.3
v 0 2.1 1.3
v 0.1 2.1 1.3
v 0.2 2.1 1.3
v 1.9 2.1 1.3
v 2 2.1 1.3
v -1.6 2.1 1.2
v -1.5 2.1 1.2
v -0.5 2.1 1.2
v -0.4 2.1 1.2
v 0.1 2.1 1.2
v 0.4 2.1 1.2
v 1.8 2.1 1.2
v 1.9 2.1 1.2
v 1.8 2.1 1.1
v 1.9 2.1 1.1
v -3.3 2.1 1
v -3.2 2.1 1
v -1.6 2.1 1
v -1.5 2.1 1
v -3.4 2.1 0.9
v -3.3 2.1 0.9
v 0.5 2.1 0.9
v 0.8 2.1 0.9
v -1.6 2.1 0.8
v -1.5 2.1 0.8
v 0.4 2.1 0.8
v 0.8 2.1 0.8
v 0.9 2.1 0.8
v 3.1 2.1 0.8
v 3.2 2.1 0.8
v 3.3 2.1 0.8
v -1.6 2.1 0.7
v -1.5 2.1 0.7
v 0.8 2.1 0.7
v 0.9 2.1 0.7
v 3.1 2.1 0.7
v 3.2 2.1 0.7
v 3.3 2.1 0.7
v 0.9 2.1 0.6
v 1 2.1 0.6
v 2.9 2.1 0.6
v 3 2.1 0.6
v -1.4 2.1 0.5
v -1.3 2.1 0.5
v 2.9 2.1 0.5
v 3 2.1 0.5
v -1.4 2.1 0.4
v -1.3 2.1 0.4
v -1.3 2.1 0.3
v -1.2 2.1 0.3
v -1.3 2.1 0.2
v -1.2 2.1 0.2
v -1.1 2.1 0.2
v -1.2 2.1 0
v -1.1 2.1 0
v 0.5 2.1 -0.2
v 0.6 2.1 -0.2
v 0.8 2.1 -0.2
v 0.9 2.1 -0.2
v 3.3 2.1 -0.2
v 3.4 2.1 -0.2
v -1.3 2.1 -0.3
v -1.1 2.1 -0.3
v 0.4 2.1 -0.3
v 0.5 2.1 -0.3
v 0.6 2.1 -0.3
v 0.8 2.1 -0.3
v 0.9 2.1 -0.3
v 1 2.1 -0.3
v -1.4 2.1 -0.4
v -1.3 2.1 -0.4
v -1.1 2.1 -0.4
v -1 2.1 -0.4
v 0.4 2.1 -0.4
v 0.9 2.1 -0.4
v 3.3 2.1 -0.4
v 3.4 2.1 -0.4
v -1.3 2.1 -0.5
v -1.1 2.1 -0.5
v -1 2.1 -0.5
v -1.4 2.1 -0.6
v -1.3 2.1 -0.6
v -1.1 2.1 -0.6
v -1 2.1 -0.6
v 3.2 2.1 -0.6
v 3.3 2.1 -0.6
v -1.3 2.1 -0.7
v -1.2 2.1 -0.7
v -1.1 2.1 -0.7
v 3.2 2.1 -0.7
v 3.3 2.1 -0.7
v -1.6 2.1 -0.9
v -1.4 2.1 -0.9
v -3.4 2.1 -1
v -3.3 2.1 -1
v -3.2 2.1 -1
v -1.7 2.1 -1
v -1.6 2.1 -1
v -1.4 2.1 -1
v -1.3 2.1 -1
v -1.7 2.1 -1.2
v -1.6 2.1 -1.2
v -1.4 2.1 -1.2
v -1.3 2.1 -1.2
v -1.6 2.1 -1.3
v -1.4 2.1 -1.3
v -1.2 2.1 -1.3
v -1 2.1 -1.3
v -0.7 2.1 -1.3
v -1.3 2.1 -1.4
v -1.2 2.1 -1.4
v -1.1 2.1 -1.4
v -0.8 2.1 -1.4
v -0.7 2.1 -1.4
v -0.6 2.1 -1.4
v -1.2 2.1 -1.5
v -1.1 2.1 -1.5
v -0.8 2.1 -1.5
v -0.7 2.1 -1.5
v -3.2 2.1 -1.6
v -3.1 2.1 -1.6
v -0.7 2.1 -1.6
v -0.6 2.1 -1.6
v -3.3 2.1 -1.7
v -3.1 2.1 -1.7
v -3 2.1 -1.7
v -2.9 2.1 -1.7
v -3 2.1 -1.8
v -2.9 2.1 -1.8
v -1.3 2.1 -1.8
v -1.2 2.1 -1.8
v -0.0999999 2.1 -1.8
v 0 2.1 -1.8
v -0.0999999 2.1 -1.9
v 0 2.1 -1.9
v -3.1 2.2 1.8
v -3 2.2 1.8
v 2.3 2.2 1.8
v 2.5 2.2 1.8
v -3.2 2.2 1.7
v -3.1 2.2 1.7
v -3 2.2 1.7
v 2.2 2.2 1.7
v 2.3 2.2 1.7
v 2.5 2.2 1.7
v -1.2 2.2 1.6
v -1 2.2 1.6
v -0.2 2.2 1.6
v -0.0999999 2.2 1.6
v 0.1 2.2 1.6
v 0.2 2.2 1.6
v 0.5 2.2 1.6
v 2.1 2.2 1.6
v 2.2 2.2 1.6
v 2.3 2.2 1.6
v -1.4 2.2 1.5
v -1.3 2.2 1.5
v -1.2 2.2 1.5
v -1 2.2 1.5
v -0.0999999 2.2 1.5
v 0.1 2.2 1.5
v 0.2 2.2 1.5
v 0.5 2.2 1.5
v 0.6 2.2 1.5
v 2.1 2.2 1.5
v 2.2 2.2 1.5
v -1.4 2.2 1.4
v -1.3 2.2 1.4
v -0.6 2.2 1.4
v -0.4 2.2 1.4
v -0.2 2.2 1.4
v 0.1 2.2 1.4
v 0.2 2.2 1.4
v -1.6 2.2 1.3
v -1.5 2.2 1.3
v -0.6 2.2 1.3
v -0.4 2.2 1.3
v 0.1 2.2 1.3
v 0.2 2.2 1.3
v 1.8 2.2 1.3
v 1.9 2.2 1.3
v -1.6 2.2 1.2
v -1.5 2.2 1.2
v 1.8 2.2 1.2
v 1.9 2.2 1.2
v 1.7 2.2 1.1
v 1.8 2.2 1.1
v -3.3 2.2 1
v -3.2 2.2 1
v 0.6 2.2 1
v 0.7 2.2 1
v 1.7 2.2 1
v 1.8 2.2 1
v -3.2 2.2 0.9
v -3.1 2.2 0.9
v 0.5 2.2 0.9
v 0.7 2.2 0.9
v 0.8 2.2 0.9
v 0.9 2.2 0.9
v 0.8 2.2 0.8
v 0.9 2.2 0.8
v 0.9 2.2 0.7
v 1 2.2 0.7
v 3.2 2.2 0.7
v 3.3 2.2 0.7
v -1.5 2.2 0.6
v -1.4 2.2 0.6
v 0.9 2.2 0.6
v 1 2.2 0.6
v -1.5 2.2 0.5
v -1.4 2.2 0.5
v 1 2.2 0.5
v 1.1 2.2 0.5
v 3.2 2.2 0.5
v 3.3 2.2 0.5
v -1.4 2.2 0.4
v -1.3 2.2 0.4
v -1.4 2.2 0.3
v -1.3 2.2 0.3
v 3.3 2.2 0.3
v 3.4 2.2 0.3
v -1.3 2.2 0.2
v -1.2 2.2 0.2
v -1.3 2.2 0.0999999
v -1.2 2.2 0.0999999
v -1.2 2.2 0
v -1.1 2.2 0
v -1.2 2.2 -0.0999999
v -1.1 2.2 -0.0999999
v -1 2.2 -0.0999999
v -1.4 2.2 -0.2
v -1.1 2.2 -0.2
v -1 2.2 -0.2
v -0.9 2.2 -0.2
v -0.7 2.2 -0.2
v 3.3 2.2 -0.2
v 3.4 2.2 -0.2
v -1.5 2.2 -0.3
v -1.4 2.2 -0.3
v -1.3 2.2 -0.3
v -1.1 2.2 -0.3
v -1 2.2 -0.3
v -0.9 2.2 -0.3
v -0.7 2.2 -0.3
v 0.9 2.2 -0.3
v 1 2.2 -0.3
v 1.1 2.2 -0.3
v -1.4 2.2 -0.4
v -1.3 2.2 -0.4
v -1.1 2.2 -0.4
v -1 2.2 -0.4
v 0.4 2.2 -0.4
v 0.8 2.2 -0.4
v 0.9 2.2 -0.4
v 1 2.2 -0.4
v 3.2 2.2 -0.4
v 3.3 2.2 -0.4
v -1 2.2 -0.5
v -0.9 2.2 -0.5
v 0.4 2.2 -0.5
v 0.8 2.2 -0.5
v -1.4 2.2 -0.6
v -1.3 2.2 -0.6
v 3.2 2.2 -0.6
v 3.3 2.2 -0.6
v -1.5 2.2 -0.7
v -1.4 2.2 -0.7
v -1.3 2.2 -0.7
v -1.2 2.2 -0.7
v -1.7 2.2 -0.8
v -1.4 2.2 -0.8
v -1.3 2.2 -0.8
v -1.2 2.2 -0.8
v -1.8 2.2 -0.9
v -1.7 2.2 -0.9
v -1.6 2.2 -0.9
v -1.4 2.2 -0.9
v -1.3 2.2 -0.9
v -1.2 2.2 -0.9
v -3.3 2.2 -1
v -3.2 2.2 -1
v -3.1 2.2 -1
v -1.7 2.2 -1
v -1.6 2.2 -1
v -1.4 2.2 -1
v -1.3 2.2 -1
v -1.2 2.2 -1
v -1.7 2.2 -1.2
v -1.6 2.2 -1.2
v -1.4 2.2 -1.2
v -1.3 2.2 -1.2
v -1.1 2.2 -1.2
v -1 2.2 -1.2
v -1.8 2.2 -1.3
v -1.7 2.2 -1.3
v -1.6 2.2 -1.3
v -1.4 2.2 -1.3
v -1.2 2.2 -1.3
v -1.1 2.2 -1.3
v -1 2.2 -1.3
v -0.7 2.2 -1.3
v -0.6 2.2 -1.3
v 3.1 2.2 -1.3
v 3.2 2.2 -1.3
v -1.7 2.2 -1.4
v -1.3 2.2 -1.4
v -1.2 2.2 -1.4
v -0.7 2.2 -1.4
v -0.6 2.2 -1.4
v -1.4 2.2 -1.5
v -1.3 2.2 -1.5
v -0.6 2.2 -1.5
v -0.5 2.2 -1.5
v -3.2 2.2 -1.6
v -3.1 2.2 -1.6
v -3 2.2 -1.6
v -3.1 2.2 -1.7
v -3 2.2 -1.7
v -2.9 2.2 -1.7
v -2.8 2.2 -1.7
v -1.4 2.2 -1.7
v -1.3 2.2 -1.7
v -0.6 2.2 -1.7
v -0.5 2.2 -1.7
v 3 2.2 -1.7
v 3.1 2.2 -1.7
v 3.2 2.2 -1.7
v -2.9 2.2 -1.8
v -2.8 2.2 -1.8
v -1.3 2.2 -1.8
v -1.2 2.2 -1.8
v 3 2.2 -1.8
v 3.1 2.2 -1.8
v -1.3 2.2 -1.9
v -1.2 2.2 -1.9
v -3 2.3 1.8
v -2.9 2.3 1.8
v 2.2 2.3 1.8
v 2.3 2.3 1.8
v -3.1 2.3 1.7
v -3 2.3 1.7
v -2.9 2.3 1.7
v -0.2 2.3 1.7
v 0 2.3 1.7
v 0.1 2.3 1.7
v 2.2 2.3 1.7
v 2.3 2.3 1.7
v -1.3 2.3 1.6
v -1.2 2.3 1.6
v -1 2.3 1.6
v -0.9 2.3 1.6
v -0.3 2.3 1.6
v -0.2 2.3 1.6
v 0.1 2.3 1.6
v 0.2 2.3 1.6
v -3 2.3 1.5
v -1.3 2.3 1.5
v -1.2 2.3 1.5
v -1 2.3 1.5
v -0.9 2.3 1.5
v -0.8 2.3 1.5
v -0.7 2.3 1.5
v 0.1 2.3 1.5
v 0.2 2.3 1.5
v 0.6 2.3 1.5
v 0.7 2.3 1.5
v -3 2.3 1.4
v -0.8 2.3 1.4
v -0.7 2.3 1.4
v -0.4 2.3 1.4
v -0.3 2.3 1.4
v -0.2 2.3 1.4
v -0.4 2.3 1.3
v -0.3 2.3 1.3
v 1.7 2.3 1.2
v 1.8 2.3 1.2
v 1.7 2.3 1.1
v 1.8 2.3 1.1
v 0.6 2.3 1
v 0.7 2.3 1
v 0.8 2.3 1
v -3.2 2.3 0.9
v -3.1 2.3 0.9
v -3 2.3 0.9
v 0.7 2.3 0.9
v 0.8 2.3 0.9
v 0.9 2.3 0.8
v 1 2.3 0.8
v 0.9 2.3 0.7
v 1 2.3 0.7
v 3.1 2.3 0.7
v 3.2 2.3 0.7
v -1.6 2.3 0.6
v -1.5 2.3 0.6
v 1 2.3 0.6
v 1.1 2.3 0.6
v 3.1 2.3 0.6
v 3.2 2.3 0.6
v -1.6 2.3 0.5
v -1.5 2.3 0.5
v -1.4 2.3 0.5
v 1 2.3 0.5
v 1.1 2.3 0.5
v 3.2 2.3 0.5
v 3.3 2.3 0.5
v -1.6 2.3 0.3
v -1.5 2.3 0.3
v -1.4 2.3 0.3
v -1.3 2.3 0.3
v 3.2 2.3 0.3
v 3.3 2.3 0.3
v 1.1 2.3 0.2
v 1.2 2.3 0.2
v -1.5 2.3 0.0999999
v -1.4 2.3 0.0999999
v -1.3 2.3 0.0999999
v -1.2 2.3 0.0999999
v -1.4 2.3 0
v -1.3 2.3 0
v 0.1 2.3 0
v 0.4 2.3 0
v -1.3 2.3 -0.0999999
v -1.2 2.3 -0.0999999
v -1.1 2.3 -0.0999999
v -1.5 2.3 -0.2
v -1.4 2.3 -0.2
v -1.3 2.3 -0.2
v -1.1 2.3 -0.2
v -1 2.3 -0.2
v -0.9 2.3 -0.2
v -0.7 2.3 -0.2
v -0.6 2.3 -0.2
v 1.1 2.3 -0.2
v 1.2 2.3 -0.2
v 3.2 2.3 -0.2
v 3.3 2.3 -0.2
v -1.5 2.3 -0.3
v -1.4 2.3 -0.3
v -1 2.3 -0.3
v -0.9 2.3 -0.3
v -0.7 2.3 -0.3
v -0.6 2.3 -0.3
v 1 2.3 -0.3
v 1.1 2.3 -0.3
v -1.6 2.3 -0.4
v -1.5 2.3 -0.4
v -0.9 2.3 -0.4
v -0.8 2.3 -0.4
v 0.1 2.3 -0.4
v 0.3 2.3 -0.4
v 0.8 2.3 -0.4
v 0.9 2.3 -0.4
v 1 2.3 -0.4
v 1.1 2.3 -0.4
v 3.2 2.3 -0.4
v 3.3 2.3 -0.4
v -0.9 2.3 -0.5
v -0.8 2.3 -0.5
v 0.3 2.3 -0.5
v 0.4 2.3 -0.5
v 0.6 2.3 -0.5
v 0.8 2.3 -0.5
v 0.9 2.3 -0.5
v -1.6 2.3 -0.6
v -1.5 2.3 -0.6
v 0.4 2.3 -0.6
v 0.6 2.3 -0.6
v -1.6 2.3 -0.7
v -1.5 2.3 -0.7
v -1.4 2.3 -0.7
v -1.8 2.3 -0.8
v -1.7 2.3 -0.8
v -1.6 2.3 -0.8
v -1.4 2.3 -0.8
v -1.3 2.3 -0.8
v -1.2 2.3 -0.8
v -1.8 2.3 -0.9
v -1.7 2.3 -0.9
v -1.3 2.3 -0.9
v -1.2 2.3 -0.9
v -3.2 2.3 -1
v -3.1 2.3 -1
v -3 2.3 -1
v -1.9 2.3 -1
v -1.8 2.3 -1
v -1.2 2.3 -1
v -1.1 2.3 -1
v -1.9 2.3 -1.2
v -1.8 2.3 -1.2
v 3.1 2.3 -1.2
v 3.2 2.3 -1.2
v -1.8 2.3 -1.3
v -1.7 2.3 -1.3
v -1.2 2.3 -1.3
v -1.1 2.3 -1.3
v 3.1 2.3 -1.3
v 3.2 2.3 -1.3
v -1.8 2.3 -1.4
v -1.7 2.3 -1.4
v -1.6 2.3 -1.4
v -1.3 2.3 -1.4
v -0.6 2.3 -1.4
v -0.5 2.3 -1.4
v 3 2.3 -1.4
v 3.1 2.3 -1.4
v -1.6 2.3 -1.5
v -1.4 2.3 -1.5
v -1.3 2.3 -1.5
v -0.6 2.3 -1.5
v -0.5 2.3 -1.5
v -3.1 2.3 -1.6
v -3 2.3 -1.6
v -2.9 2.3 -1.6
v -3 2.3 -1.7
v -2.9 2.3 -1.7
v -2.8 2.3 -1.7
v -2.7 2.3 -1.7
v -1.4 2.3 -1.7
v -1.3 2.3 -1.7
v -0.6 2.3 -1.7
v -0.5 2.3 -1.7
v 2.9 2.3 -1.7
v 3 2.3 -1.7
v 3.1 2.3 -1.7
v -2.8 2.3 -1.8
v -2.7 2.3 -1.8
v -1.4 2.3 -1.8
v -1.3 2.3 -1.8
v -0.6 2.3 -1.8
v -0.5 2.3 -1.8
v 2.9 2.3 -1.8
v 3 2.3 -1.8
v 1.5 2.4 1.9
v 1.6 2.4 1.9
v -2.9 2.4 1.8
v -1.8 2.4 1.8
v 1.5 2.4 1.8
v 1.6 2.4 1.8
v 2.2 2.4 1.8
v -3 2.4 1.7
v -2.9 2.4 1.7
v -1.8 2.4 1.7
v 1.6 2.4 1.7
v 2.1 2.4 1.7
v -0.9 2.4 1.6
v -0.8 2.4 1.6
v 0.5 2.4 1.6
v 0.7 2.4 1.6
v 2.1 2.4 1.6
v 2.2 2.4 1.6
v -3 2.4 1.5
v -2.9 2.4 1.5
v -0.9 2.4 1.5
v -0.8 2.4 1.5
v -0.7 2.4 1.5
v -0.6 2.4 1.5
v 0.5 2.4 1.5
v 0.7 2.4 1.5
v 0.8 2.4 1.5
v -3 2.4 1.4
v -2.9 2.4 1.4
v -0.7 2.4 1.4
v -0.6 2.4 1.4
v 0.7 2.4 1.2
v 0.8 2.4 1.2
v 1 2.4 1.1
v 1.3 2.4 1.1
v 0.8 2.4 1
v 0.9 2.4 1
v -3.1 2.4 0.9
v -3 2.4 0.9
v -2.9 2.4 0.9
v 0.8 2.4 0.9
v 0.9 2.4 0.9
v 1 2.4 0.9
v 1.3 2.4 0.9
v 1.4 2.4 0.9
v -1.6 2.4 0.8
v -1.5 2.4 0.8
v 0.9 2.4 0.8
v 1 2.4 0.8
v -1.7 2.4 0.7
v -1.6 2.4 0.7
v 1 2.4 0.7
v 1.1 2.4 0.7
v -1.6 2.4 0.6
v -1.5 2.4 0.6
v 1.1 2.4 0.6
v 1.4 2.4 0.6
v 2.9 2.4 0.6
v 3.1 2.4 0.6
v -1.7 2.4 0.5
v -1.6 2.4 0.5
v 1.1 2.4 0.5
v 1.2 2.4 0.5
v 2.9 2.4 0.5
v 3.1 2.4 0.5
v 2.1 2.4 0.4
v 2.2 2.4 0.4
v -1.6 2.4 0.3
v -1.5 2.4 0.3
v 2.1 2.4 0.3
v 2.2 2.4 0.3
v 3.2 2.4 0.3
v 3.3 2.4 0.3
v -1.7 2.4 0.2
v -1.6 2.4 0.2
v 1.1 2.4 0.2
v 1.2 2.4 0.2
v -1.5 2.4 0.0999999
v -1.4 2.4 0.0999999
v 1.2 2.4 0.0999999
v 1.3 2.4 0.0999999
v -1.6 2.4 0
v -1.5 2.4 0
v -1.4 2.4 0
v -1.3 2.4 0
v -1.5 2.4 -0.0999999
v -1.4 2.4 -0.0999999
v 1.2 2.4 -0.0999999
v 1.3 2.4 -0.0999999
v -1.4 2.4 -0.2
v -1.3 2.4 -0.2
v -0.6 2.4 -0.2
v -0.5 2.4 -0.2
v 1.1 2.4 -0.2
v 1.2 2.4 -0.2
v 3.2 2.4 -0.2
v 3.3 2.4 -0.2
v -1.6 2.4 -0.3
v -1.5 2.4 -0.3
v -0.9 2.4 -0.3
v -0.7 2.4 -0.3
v -0.6 2.4 -0.3
v -0.5 2.4 -0.3
v 1.1 2.4 -0.3
v 1.2 2.4 -0.3
v -1.6 2.4 -0.4
v -1.5 2.4 -0.4
v -0.9 2.4 -0.4
v -0.8 2.4 -0.4
v 0.1 2.4 -0.4
v 0.3 2.4 -0.4
v 0.9 2.4 -0.4
v 1 2.4 -0.4
v -0.8 2.4 -0.5
v -0.7 2.4 -0.5
v -0.6 2.4 -0.5
v 0.1 2.4 -0.5
v 0.3 2.4 -0.5
v 0.4 2.4 -0.5
v 0.6 2.4 -0.5
v 0.7 2.4 -0.5
v 0.9 2.4 -0.5
v 1 2.4 -0.5
v -1.6 2.4 -0.6
v -1.5 2.4 -0.6
v -0.7 2.4 -0.6
v -0.6 2.4 -0.6
v 0.3 2.4 -0.6
v 0.4 2.4 -0.6
v 0.6 2.4 -0.6
v 0.7 2.4 -0.6
v -1.7 2.4 -0.7
v -1.6 2.4 -0.7
v -1.5 2.4 -0.7
v -0.5 2.4 -0.7
v -0.4 2.4 -0.7
v -1.7 2.4 -0.8
v -1.6 2.4 -0.8
v -0.5 2.4 -0.8
v -0.4 2.4 -0.8
v -1.9 2.4 -0.9
v -1.8 2.4 -0.9
v -3.1 2.4 -1
v -3 2.4 -1
v -2.9 2.4 -1
v -1.9 2.4 -1
v -1.8 2.4 -1
v -0.5 2.4 -1
v -0.4 2.4 -1
v -0.5 2.4 -1.1
v -0.4 2.4 -1.1
v 3.1 2.4 -1.1
v 3.2 2.4 -1.1
v -1.9 2.4 -1.2
v -1.8 2.4 -1.2
v -0.7 2.4 -1.2
v -0.6 2.4 -1.2
v 3.1 2.4 -1.2
v 3.2 2.4 -1.2
v -1.9 2.4 -1.3
v -1.8 2.4 -1.3
v -0.7 2.4 -1.3
v -0.6 2.4 -1.3
v 3 2.4 -1.3
v 3.1 2.4 -1.3
v -1.7 2.4 -1.4
v -1.6 2.4 -1.4
v 3 2.4 -1.4
v 3.1 2.4 -1.4
v -1.7 2.4 -1.5
v -1.6 2.4 -1.5
v -3 2.4 -1.6
v -2.9 2.4 -1.6
v -2.7 2.4 -1.7
v -1.8 2.4 -1.7
v 1.6 2.4 -1.7
v 2.8 2.4 -1.7
v 2.9 2.4 -1.7
v -2.7 2.4 -1.8
v -1.8 2.4 -1.8
v 0.2 2.4 -1.8
v 0.3 2.4 -1.8
v 1.5 2.4 -1.8
v 1.6 2.4 -1.8
v 2.9 2.4 -1.8
v 0.2 2.4 -1.9
v 0.3 2.4 -1.9
v 1.5 2.4 -1.9
v 1.6 2.4 -1.9
v -0.0999999 2.5 1.9
v 0 2.5 1.9
v 1.4 2.5 1.9
v 1.5 2.5 1.9
v -0.0999999 2.5 1.8
v 0 2.5 1.8
v 1.4 2.5 1.8
v 1.5 2.5 1.8
v -2.9 2.5 1.7
v -1.8 2.5 1.7
v 1.7 2.5 1.7
v 2.1 2.5 1.7
v -2.1 2.5 1.6
v -1.8 2.5 1.6
v -0.8 2.5 1.6
v -0.7 2.5 1.6
v 1.7 2.5 1.6
v 1.8 2.5 1.6
v 2.1 2.5 1.6
v -2.9 2.5 1.5
v -2.1 2.5 1.5
v -0.8 2.5 1.5
v -0.7 2.5 1.5
v -0.6 2.5 1.5
v -0.5 2.5 1.5
v -2.9 2.5 1.4
v -1.8 2.5 1.4
v -0.6 2.5 1.4
v -0.5 2.5 1.4
v 1 2.5 1.2
v 1.3 2.5 1.2
v -1.8 2.5 1.1
v 0.7 2.5 1.1
v 0.8 2.5 1.1
v 0.9 2.5 1.1
v 1 2.5 1.1
v 1.3 2.5 1.1
v 1.4 2.5 1.1
v -2.4 2.5 1
v -1.8 2.5 1
v 0.7 2.5 1
v 0.8 2.5 1
v 0.9 2.5 1
v -3 2.5 0.9
v -2.9 2.5 0.9
v -2.4 2.5 0.9
v -1.6 2.5 0.9
v -1.5 2.5 0.9
v 0.9 2.5 0.9
v 1 2.5 0.9
v 1.3 2.5 0.9
v 1.4 2.5 0.9
v 1.5 2.5 0.9
v -1.7 2.5 0.8
v -1.6 2.5 0.8
v -1.5 2.5 0.8
v -1.7 2.5 0.7
v -1.6 2.5 0.7
v 1 2.5 0.7
v 1.1 2.5 0.7
v -1.8 2.5 0.6
v -1.7 2.5 0.6
v 1 2.5 0.6
v 1.1 2.5 0.6
v 1.4 2.5 0.6
v 2.6 2.5 0.6
v 2.7 2.5 0.6
v 2.8 2.5 0.6
v 2.9 2.5 0.6
v 3.1 2.5 0.6
v 3.2 2.5 0.6
v 1.1 2.5 0.5
v 1.2 2.5 0.5
v 1.3 2.5 0.5
v 1.5 2.5 0.5
v 2.5 2.5 0.5
v 2.6 2.5 0.5
v 2.7 2.5 0.5
v 2.8 2.5 0.5
v 2.9 2.5 0.5
v 3.1 2.5 0.5
v 2 2.5 0.4
v 2.1 2.5 0.4
v 2.3 2.5 0.4
v 2.4 2.5 0.4
v 2.5 2.5 0.4
v 2.6 2.5 0.4
v -1.8 2.5 0.3
v -1.7 2.5 0.3
v 2 2.5 0.3
v 2.1 2.5 0.3
v 2.3 2.5 0.3
v 2.4 2.5 0.3
v -1.7 2.5 0.2
v -1.6 2.5 0.2
v -1.7 2.5 0.0999999
v -1.6 2.5 0.0999999
v 1.2 2.5 0.0999999
v 1.3 2.5 0.0999999
v -1.6 2.5 0
v -1.5 2.5 0
v -1.6 2.5 -0.0999999
v -1.5 2.5 -0.0999999
v -1.4 2.5 -0.0999999
v 1.2 2.5 -0.0999999
v 1.3 2.5 -0.0999999
v -1.5 2.5 -0.2
v -1.4 2.5 -0.2
v -0.7 2.5 -0.3
v -0.6 2.5 -0.3
v -0.4 2.5 -0.3
v 1.1 2.5 -0.3
v 1.2 2.5 -0.3
v -0.4 2.5 -0.4
v 0 2.5 -0.4
v 1 2.5 -0.4
v 1.1 2.5 -0.4
v 1.2 2.5 -0.4
v 1.3 2.5 -0.4
v -0.7 2.5 -0.5
v -0.6 2.5 -0.5
v -0.5 2.5 -0.5
v -0.2 2.5 -0.5
v -0.0999999 2.5 -0.5
v 0 2.5 -0.5
v 0.1 2.5 -0.5
v 0.3 2.5 -0.5
v 1 2.5 -0.5
v 1.1 2.5 -0.5
v 1.2 2.5 -0.5
v -0.5 2.5 -0.6
v -0.3 2.5 -0.6
v -0.2 2.5 -0.6
v -0.0999999 2.5 -0.6
v 0 2.5 -0.6
v 0.1 2.5 -0.6
v 0.3 2.5 -0.6
v 0.5 2.5 -0.6
v 0 2.5 -0.7
v 0.5 2.5 -0.7
v -3 2.5 -1
v -2.9 2.5 -1
v -2.3 2.5 -1
v -2.3 2.5 -1.1
v -1.9 2.5 -1.1
v 3.1 2.5 -1.1
v 3.2 2.5 -1.1
v -0.6 2.5 -1.2
v -0.5 2.5 -1.2
v 3 2.5 -1.2
v 3.1 2.5 -1.2
v -1.9 2.5 -1.3
v -1.8 2.5 -1.3
v 3 2.5 -1.3
v 3.1 2.5 -1.3
v -1.8 2.5 -1.4
v -0.6 2.5 -1.4
v -0.5 2.5 -1.4
v 2.9 2.5 -1.4
v 3 2.5 -1.4
v 2.8 2.5 -1.6
v 2.9 2.5 -1.6
v -2.9 2.5 -1.7
v -1.8 2.5 -1.7
v 2.8 2.5 -1.7
v 3 2.5 -1.7
v -0.8 2.6 1.9
v -0.0999999 2.6 1.9
v -0.8 2.6 1.8
v -0.7 2.6 1.8
v -0.2 2.6 1.8
v -0.0999999 2.6 1.8
v -0.7 2.6 1.7
v -0.5 2.6 1.7
v -0.3 2.6 1.7
v -0.2 2.6 1.7
v -0.7 2.6 1.6
v -0.5 2.6 1.6
v -0.3 2.6 1.6
v 1.8 2.6 1.6
v 2.1 2.6 1.6
v -0.7 2.6 1.5
v -0.5 2.6 1.5
v 1.8 2.6 1.5
v 2.1 2.6 1.5
v -0.5 2.6 1.4
v -0.3 2.6 1.4
v 0.7 2.6 1.2
v 0.8 2.6 1.2
v 0.9 2.6 1.2
v 1 2.6 1.2
v 0.7 2.6 1.1
v 0.8 2.6 1.1
v 0.9 2.6 1.1
v 1 2.6 1.1
v 1.4 2.6 1.1
v 1.5 2.6 1.1
v -2.4 2.6 1
v -1.8 2.6 1
v 0.8 2.6 1
v 0.9 2.6 1
v -2.9 2.6 0.9
v -2.4 2.6 0.9
v -1.8 2.6 0.9
v -1.7 2.6 0.9
v -1.6 2.6 0.9
v 1.4 2.6 0.9
v 1.5 2.6 0.9
v -1.7 2.6 0.8
v -1.6 2.6 0.8
v 1.5 2.6 0.8
v 1.6 2.6 0.8
v -1.8 2.6 0.7
v -1.7 2.6 0.7
v -1.8 2.6 0.6
v -1.7 2.6 0.6
v 2.7 2.6 0.6
v 2.8 2.6 0.6
v 1.3 2.6 0.5
v 1.5 2.6 0.5
v 1.6 2.6 0.5
v 2.7 2.6 0.5
v 2.8 2.6 0.5
v 3 2.6 0.5
v 3.1 2.6 0.5
v 1.4 2.6 0.4
v 1.5 2.6 0.4
v 2.4 2.6 0.4
v 2.5 2.6 0.4
v -1.8 2.6 0.3
v -1.7 2.6 0.3
v 1.3 2.6 0.3
v 1.4 2.6 0.3
v 2.4 2.6 0.3
v 2.5 2.6 0.3
v -1.8 2.6 0.2
v -1.7 2.6 0.2
v -1.7 2.6 0.0999999
v -1.6 2.6 0.0999999
v -1.7 2.6 0
v -1.6 2.6 0
v 1.3 2.6 0
v 1.4 2.6 0
v -1.8 2.6 -0.3
v 1.3 2.6 -0.3
v 1.4 2.6 -0.3
v 1.2 2.6 -0.4
v 1.3 2.6 -0.4
v -1.8 2.6 -0.5
v -0.6 2.6 -0.5
v -0.5 2.6 -0.5
v -0.2 2.6 -0.5
v -0.0999999 2.6 -0.5
v 0.8 2.6 -0.5
v 1.1 2.6 -0.5
v 1.2 2.6 -0.5
v 1.3 2.6 -0.5
v -0.6 2.6 -0.6
v -0.5 2.6 -0.6
v -0.3 2.6 -0.6
v -0.2 2.6 -0.6
v -0.0999999 2.6 -0.6
v 0 2.6 -0.6
v 0.5 2.6 -0.6
v 0.7 2.6 -0.6
v 0.8 2.6 -0.6
v 1.1 2.6 -0.6
v 1.2 2.6 -0.6
v -0.5 2.6 -0.7
v -0.3 2.6 -0.7
v 0 2.6 -0.7
v 0.1 2.6 -0.7
v 0.5 2.6 -0.7
v 0.6 2.6 -0.7
v 0.7 2.6 -0.7
v -1.8 2.6 -0.8
v 0.1 2.6 -0.8
v 0.6 2.6 -0.8
v -1.9 2.6 -0.9
v -1.8 2.6 -0.9
v -2.9 2.6 -1
v -2.3 2.6 -1
v -2.3 2.6 -1.1
v -1.9 2.6 -1.1
v -0.5 2.6 -1.1
v -0.4 2.6 -1.1
v 3 2.6 -1.2
v 3.1 2.6 -1.2
v -0.5 2.6 -1.3
v -0.4 2.6 -1.3
v 2.9 2.6 -1.3
v 3 2.6 -1.3
v -0.6 2.6 -1.4
v -0.5 2.6 -1.4
v 2.8 2.6 -1.4
v 2.9 2.6 -1.4
v 3 2.6 -1.4
v -0.6 2.6 -1.5
v -0.5 2.6 -1.5
v 1.8 2.6 -1.6
v 2.8 2.6 -1.6
v 2.9 2.6 -1.6
v 1.8 2.6 -1.7
v 2.8 2.6 -1.7
v -0.9 2.7 1.9
v -0.8 2.7 1.9
v -0.9 2.7 1.8
v -0.8 2.7 1.8
v -0.7 2.7 1.8
v -0.8 2.7 1.7
v -0.7 2.7 1.7
v -0.5 2.7 1.7
v -0.3 2.7 1.7
v -0.2 2.7 1.7
v -0.7 2.7 1.6
v -0.5 2.7 1.6
v -0.3 2.7 1.6
v -0.2 2.7 1.6
v 0.8 2.7 1.5
v 1.1 2.7 1.5
v 1.8 2.7 1.5
v 2.1 2.7 1.5
v 1.8 2.7 1.4
v 2 2.7 1.4
v 2.1 2.7 1.4
v 0.9 2.7 1.2
v 1.1 2.7 1.2
v 1.3 2.7 1.2
v 1.5 2.7 1.2
v 0.8 2.7 1.1
v 0.9 2.7 1.1
v 1.3 2.7 1.1
v 1.5 2.7 1.1
v 1.6 2.7 1.1
v -1.6 2.7 1
v -1.5 2.7 1
v -1.6 2.7 0.9
v -1.5 2.7 0.9
v -1.8 2.7 0.8
v -1.7 2.7 0.8
v 1.5 2.7 0.8
v 1.6 2.7 0.8
v 1.7 2.7 0.8
v -1.8 2.7 0.7
v -1.7 2.7 0.7
v 1.6 2.7 0.5
v 1.7 2.7 0.5
v 2.6 2.7 0.5
v 2.7 2.7 0.5
v 2.9 2.7 0.5
v 3 2.7 0.5
v 2.6 2.7 0.4
v 2.7 2.7 0.4
v 1.3 2.7 0.3
v 1.4 2.7 0.3
v 1.4 2.7 0.0999999
v 1.5 2.7 0.0999999
v 0 2.7 0
v 0.1 2.7 0
v 1.3 2.7 0
v 1.4 2.7 0
v 0 2.7 -0.0999999
v 0.1 2.7 -0.0999999
v 1.4 2.7 -0.0999999
v 1.5 2.7 -0.0999999
v 1.3 2.7 -0.3
v 1.4 2.7 -0.3
v 1.4 2.7 -0.4
v 0.7 2.7 -0.5
v 0.8 2.7 -0.5
v 1.2 2.7 -0.5
v 1.3 2.7 -0.5
v 0.7 2.7 -0.6
v 0.8 2.7 -0.6
v 0.9 2.7 -0.6
v 1.2 2.7 -0.6
v 1.3 2.7 -0.6
v 1.4 2.7 -0.6
v -0.5 2.7 -0.7
v -0.0999999 2.7 -0.7
v 0 2.7 -0.7
v 0.1 2.7 -0.7
v 0.6 2.7 -0.7
v 0.7 2.7 -0.7
v 0.9 2.7 -0.7
v 1.2 2.7 -0.7
v 1.3 2.7 -0.7
v -0.5 2.7 -0.8
v -0.0999999 2.7 -0.8
v 0 2.7 -0.8
v 0.1 2.7 -0.8
v 0.3 2.7 -0.8
v 0.5 2.7 -0.8
v 0.6 2.7 -0.8
v 0.7 2.7 -0.8
v 0.3 2.7 -0.9
v 0.5 2.7 -0.9
v -0.5 2.7 -1
v -0.4 2.7 -1
v -0.5 2.7 -1.1
v -0.4 2.7 -1.1
v -0.5 2.7 -1.3
v -0.4 2.7 -1.3
v 2.8 2.7 -1.3
v 2.9 2.7 -1.3
v 3 2.7 -1.3
v -0.5 2.7 -1.4
v -0.4 2.7 -1.4
v 2.8 2.7 -1.4
v 2.9 2.7 -1.4
v 1.8 2.7 -1.5
v 2.8 2.7 -1.5
v 1.8 2.7 -1.6
v 2.8 2.7 -1.6
v -0.6 2.7 -1.7
v -0.5 2.7 -1.7
v -0.6 2.7 -1.8
v -0.5 2.7 -1.8
v -0.6 2.7 -1.9
v -0.5 2.7 -1.9
v -1.7 2.8 2.1
v -1.6 2.8 2.1
v -1.7 2.8 2
v -1.6 2.8 2
v -1.7 2.8 1.9
v -1.6 2.8 1.9
v -1.7 2.8 1.8
v -1.6 2.8 1.8
v -0.9 2.8 1.8
v -0.8 2.8 1.8
v -0.9 2.8 1.7
v -0.8 2.8 1.7
v 0.1 2.8 1.6
v 0.4 2.8 1.6
v 0.8 2.8 1.6
v 1.1 2.8 1.6
v 0.1 2.8 1.5
v 0.4 2.8 1.5
v 0.8 2.8 1.5
v 1.1 2.8 1.5
v 1.2 2.8 1.5
v 1.8 2.8 1.4
v 2 2.8 1.4
v 1.8 2.8 1.3
v 2 2.8 1.3
v 1.1 2.8 1.2
v 1.2 2.8 1.2
v 1.6 2.8 0.9
v 1.7 2.8 0.9
v 1.6 2.8 0.8
v 1.7 2.8 0.8
v 1.8 2.8 0.8
v 1.5 2.8 0.5
v 1.7 2.8 0.5
v 1.8 2.8 0.5
v 2.8 2.8 0.5
v 2.9 2.8 0.5
v 1.5 2.8 0.4
v 1.6 2.8 0.4
v 1.7 2.8 0.4
v 1.4 2.8 0.3
v 1.5 2.8 0.3
v 1.5 2.8 0.2
v 1.6 2.8 0.2
v 1.4 2.8 0.0999999
v 1.5 2.8 0.0999999
v 1.4 2.8 -0.0999999
v 1.5 2.8 -0.0999999
v 1.5 2.8 -0.2
v 1.6 2.8 -0.2
v 1.4 2.8 -0.3
v 1.5 2.8 -0.3
v 1.4 2.8 -0.4
v 1.5 2.8 -0.4
v 1.4 2.8 -0.5
v 1.5 2.8 -0.5
v 0.7 2.8 -0.6
v 0.9 2.8 -0.6
v 1.3 2.8 -0.6
v 1.4 2.8 -0.6
v -0.0999999 2.8 -0.7
v 0 2.8 -0.7
v 0.7 2.8 -0.7
v 0.9 2.8 -0.7
v 1 2.8 -0.7
v 1.2 2.8 -0.7
v 1.3 2.8 -0.7
v 1.4 2.8 -0.7
v -0.4 2.8 -0.8
v -0.2 2.8 -0.8
v -0.0999999 2.8 -0.8
v 0 2.8 -0.8
v 0.2 2.8 -0.8
v 0.3 2.8 -0.8
v 0.5 2.8 -0.8
v 0.6 2.8 -0.8
v 1 2.8 -0.8
v 1.2 2.8 -0.8
v -0.4 2.8 -0.9
v -0.2 2.8 -0.9
v 0.2 2.8 -0.9
v 0.3 2.8 -0.9
v 0.5 2.8 -0.9
v 0.6 2.8 -0.9
v 2.8 2.8 -1.3
v 2.9 2.8 -1.3
v 1.8 2.8 -1.4
v 2.8 2.8 -1.4
v 1.8 2.8 -1.5
v 2.8 2.8 -1.5
v -0.5 2.8 -1.6
v -0.4 2.8 -1.6
v -1.7 2.8 -1.8
v -1.6 2.8 -1.8
v -0.5 2.8 -1.8
v -0.4 2.8 -1.8
v -1.7 2.8 -1.9
v -1.6 2.8 -1.9
v -0.5 2.8 -1.9
v -0.4 2.8 -1.9
v -1.7 2.8 -2
v -1.6 2.8 -2
v -1.7 2.8 -2.1
v -1.6 2.8 -2.1
v 1.1 2.9 1.6
v 1.2 2.9 1.6
v 1.4 2.9 1.6
v 1.7 2.9 1.6
v -0.2 2.9 1.5
v -0.0999999 2.9 1.5
v 1.1 2.9 1.5
v 1.2 2.9 1.5
v 1.3 2.9 1.5
v -0.2 2.9 1.4
v -0.0999999 2.9 1.4
v 1.8 2.9 1.3
v 2 2.9 1.3
v 1.2 2.9 1.2
v 1.3 2.9 1.2
v 1.4 2.9 1.2
v 1.5 2.9 1.2
v 1.5 2.9 1.1
v 1.6 2.9 1.1
v 1.9 2.9 1
v 2 2.9 1
v 1.6 2.9 0.9
v 1.7 2.9 0.9
v 1.8 2.9 0.9
v 1.7 2.9 0.8
v 1.8 2.9 0.8
v 1.7 2.9 0.5
v 1.8 2.9 0.5
v 1.9 2.9 0.5
v 2 2.9 0.5
v 2.7 2.9 0.5
v 2.8 2.9 0.5
v 1.4 2.9 0.4
v 1.5 2.9 0.4
v 1.7 2.9 0.4
v 1.8 2.9 0.4
v 2 2.9 0.4
v 2.2 2.9 0.4
v 2.4 2.9 0.4
v 2.7 2.9 0.4
v 1.4 2.9 0.3
v 1.5 2.9 0.3
v 1.6 2.9 0.3
v 2.2 2.9 0.3
v 2.4 2.9 0.3
v 1.5 2.9 0.2
v 1.6 2.9 0.2
v 1.6 2.9 0.0999999
v 1.7 2.9 0.0999999
v 1.7 2.9 0
v 1.8 2.9 0
v 0 2.9 -0.0999999
v 0.1 2.9 -0.0999999
v 1.6 2.9 -0.0999999
v 1.7 2.9 -0.0999999
v 1.8 2.9 -0.0999999
v 1.5 2.9 -0.2
v 1.6 2.9 -0.2
v 0 2.9 -0.3
v 0.1 2.9 -0.3
v 1.4 2.9 -0.3
v 1.5 2.9 -0.3
v 1.6 2.9 -0.3
v 1.4 2.9 -0.4
v 1.5 2.9 -0.4
v 1.4 2.9 -0.5
v 1.5 2.9 -0.5
v 1.8 2.9 -0.5
v 1.4 2.9 -0.6
v 1.5 2.9 -0.6
v 1.8 2.9 -0.6
v 0.8 2.9 -0.7
v 1 2.9 -0.7
v 1.2 2.9 -0.7
v 1.3 2.9 -0.7
v -0.5 2.9 -0.8
v -0.4 2.9 -0.8
v -0.2 2.9 -0.8
v -0.0999999 2.9 -0.8
v 0.8 2.9 -0.8
v 1 2.9 -0.8
v 1.2 2.9 -0.8
v 1.3 2.9 -0.8
v -0.5 2.9 -0.9
v -0.4 2.9 -0.9
v -0.2 2.9 -0.9
v -0.0999999 2.9 -0.9
v 1.8 2.9 -1.2
v 1.8 2.9 -1.4
v 2.8 2.9 -1.4
v -0.5 2.9 -1.5
v -0.4 2.9 -1.5
v -0.5 2.9 -1.6
v -0.4 2.9 -1.6
v -0.4 2.9 -1.7
v -0.3 2.9 -1.7
v -0.4 2.9 -1.8
v -0.3 2.9 -1.8
v -0.2 2.9 -1.8
v -0.0999999 2.9 -1.8
v -0.4 2.9 -1.9
v -0.3 2.9 -1.9
v -0.2 2.9 -1.9
v -0.0999999 2.9 -1.9
v 1.4 3 1.7
v 1.6 3 1.7
v 1.7 3 1.7
v 1.3 3 1.6
v 1.4 3 1.6
v 1.7 3 1.6
v 1.8 3 1.6
v -0.0999999 3 1.5
v 0 3 1.5
v 1.3 3 1.5
v -0.0999999 3 1.4
v 0 3 1.4
v 1.3 3 1.2
v 1.4 3 1.2
v 1.7 3 0.9
v 1.8 3 0.9
v 1.5 3 0.4
v 1.6 3 0.4
v 1.5 3 0.3
v 1.6 3 0.3
v 1.6 3 0.2
v 1.7 3 0.2
v 1.6 3 0.0999999
v 1.7 3 0.0999999
v 1.6 3 -0.0999999
v 1.7 3 -0.0999999
v 1.6 3 -0.2
v 1.7 3 -0.2
v 0 3 -0.3
v 0.1 3 -0.3
v 1.2 3 -0.3
v 1.3 3 -0.3
v 1.4 3 -0.3
v 1.5 3 -0.3
v 1.6 3 -0.3
v 0 3 -0.4
v 0.1 3 -0.4
v 1.2 3 -0.4
v 1.3 3 -0.4
v 1.4 3 -0.4
v 1.5 3 -0.5
v 1.6 3 -0.5
v 0 3 -0.7
v 0.1 3 -0.7
v 0.7 3 -0.7
v 0.8 3 -0.7
v 0 3 -0.8
v 0.1 3 -0.8
v 0.7 3 -0.8
v 0.8 3 -0.8
v -0.5 3 -1.4
v -0.4 3 -1.4
v -1.4 3 -1.5
v -1.3 3 -1.5
v -0.5 3 -1.5
v -0.4 3 -1.5
v -0.4 3 -1.6
v -0.3 3 -1.6
v -1.4 3 -1.7
v -1.3 3 -1.7
v -0.4 3 -1.7
v -0.3 3 -1.7
v -1.3 3 -1.8
v -1.2 3 -1.8
v -1.3 3 -1.9
v -1.2 3 -1.9
v -1.6 3.1 1.9
v -1.5 3.1 1.9
v 1.3 3.1 1.9
v 1.4 3.1 1.9
v -1.6 3.1 1.8
v -1.5 3.1 1.8
v 1.3 3.1 1.8
v 1.4 3.1 1.8
v 0.4 3.1 1.6
v 0.6 3.1 1.6
v 1.2 3.1 1.6
v 1.3 3.1 1.6
v 0.4 3.1 1.5
v 0.6 3.1 1.5
v 1.2 3.1 1.5
v 1.3 3.1 1.5
v 1.6 3.1 0.4
v 1.7 3.1 0.4
v 1.6 3.1 0.2
v 1.7 3.1 0.2
v 1.2 3.1 -0.2
v 1.3 3.1 -0.2
v 1.6 3.1 -0.2
v 1.7 3.1 -0.2
v 1.2 3.1 -0.3
v 1.3 3.1 -0.3
v 0 3.1 -0.4
v 0.1 3.1 -0.4
v 1.2 3.1 -0.4
v 1.3 3.1 -0.4
v 0 3.1 -0.5
v 0.1 3.1 -0.5
v 1.2 3.1 -0.5
v 1.3 3.1 -0.5
v 1.5 3.1 -0.5
v 1.6 3.1 -0.5
v 1.4 3.1 -0.6
v 1.5 3.1 -0.6
v 1.6 3.1 -0.6
v 1.7 3.1 -0.6
v 1.3 3.1 -0.7
v 1.4 3.1 -0.7
v 1.5 3.1 -0.7
v 1.6 3.1 -0.7
v 0.1 3.1 -0.8
v 0.2 3.1 -0.8
v 0.6 3.1 -0.8
v 0.7 3.1 -0.8
v 1.3 3.1 -0.8
v 1.4 3.1 -0.8
v 1.5 3.1 -0.8
v 0.1 3.1 -0.9
v 0.2 3.1 -0.9
v 0.3 3.1 -0.9
v 0.5 3.1 -0.9
v 0.6 3.1 -0.9
v 0.7 3.1 -0.9
v 0.3 3.1 -1
v 0.5 3.1 -1
v -0.4 3.1 -1.2
v -0.3 3.1 -1.2
v -1.4 3.1 -1.4
v -1.3 3.1 -1.4
v -1.4 3.1 -1.5
v -1.3 3.1 -1.5
v -0.4 3.1 -1.6
v -0.3 3.1 -1.6
v -1.4 3.1 -1.7
v -1.3 3.1 -1.7
v -1.4 3.1 -1.8
v -1.3 3.1 -1.8
v 1.4 3.1 -1.8
v 1.5 3.1 -1.8
v -1.4 3.1 -1.9
v -1.3 3.1 -1.9
v 1.4 3.1 -1.9
v 1.5 3.1 -1.9
v 1.5 3.2 1.8
v 1.6 3.2 1.8
v 0.9 3.2 1.7
v 1.3 3.2 1.7
v 1.5 3.2 1.7
v 1.6 3.2 1.7
v 0.2 3.2 1.6
v 0.3 3.2 1.6
v 0.8 3.2 1.6
v 0.9 3.2 1.6
v 1.3 3.2 1.6
v -0.5 3.2 1.5
v -0.4 3.2 1.5
v 0.2 3.2 1.5
v 0.3 3.2 1.5
v 0.8 3.2 1.5
v 0.9 3.2 1.5
v -0.5 3.2 1.4
v -0.4 3.2 1.4
v 1.7 3.2 0.4
v 1.8 3.2 0.4
v 1.7 3.2 0.2
v 1.8 3.2 0.2
v 1.7 3.2 -0.3
v 1.8 3.2 -0.3
v 0 3.2 -0.5
v 0.1 3.2 -0.5
v 1.7 3.2 -0.5
v 1.8 3.2 -0.5
v 0 3.2 -0.6
v 0.1 3.2 -0.6
v 1.6 3.2 -0.6
v 1.7 3.2 -0.6
v 1.5 3.2 -0.7
v 1.6 3.2 -0.7
v 1.1 3.2 -0.8
v 1.4 3.2 -0.8
v 1.5 3.2 -0.8
v 1.6 3.2 -0.8
v 1.7 3.2 -0.8
v 0.2 3.2 -0.9
v 0.3 3.2 -0.9
v 0.5 3.2 -0.9
v 0.6 3.2 -0.9
v 1.1 3.2 -0.9
v 1.4 3.2 -0.9
v 1.6 3.2 -0.9
v 0.2 3.2 -1
v 0.3 3.2 -1
v 0.5 3.2 -1
v 0.6 3.2 -1
v -0.4 3.2 -1.1
v -0.3 3.2 -1.1
v -0.4 3.2 -1.2
v -0.3 3.2 -1.2
v -0.3 3.2 -1.3
v -0.2 3.2 -1.3
v -0.3 3.2 -1.5
v -0.2 3.2 -1.5
v 1.4 3.3 1.8
v 1.5 3.3 1.8
v 1.4 3.3 1.7
v 1.5 3.3 1.7
v 0.6 3.3 1.6
v 0.8 3.3 1.6
v 0.6 3.3 1.5
v 0.8 3.3 1.5
v 1.7 3.3 0.2
v 1.8 3.3 0.2
v 1.7 3.3 0
v 1.8 3.3 0
v 1.7 3.3 -0.0999999
v 1.8 3.3 -0.0999999
v 1.7 3.3 -0.3
v 1.8 3.3 -0.3
v 1.7 3.3 -0.5
v 1.8 3.3 -0.5
v 1.7 3.3 -0.7
v 1.8 3.3 -0.7
v 0.9 3.3 -0.8
v 1.1 3.3 -0.8
v 1.6 3.3 -0.8
v 1.7 3.3 -0.8
v 0.9 3.3 -0.9
v 1 3.3 -0.9
v 1.1 3.3 -0.9
v 1.4 3.3 -0.9
v 1.5 3.3 -0.9
v 1.6 3.3 -0.9
v 1.7 3.3 -0.9
v -0.5 3.3 -1
v -0.4 3.3 -1
v 1 3.3 -1
v 1.4 3.3 -1
v 1.5 3.3 -1
v -0.5 3.3 -1.1
v -0.4 3.3 -1.1
v -0.3 3.3 -1.2
v -0.2 3.3 -1.2
v -0.3 3.3 -1.3
v -0.2 3.3 -1.3
v -0.3 3.3 -1.5
v -0.2 3.3 -1.5
v -0.3 3.3 -1.6
v -0.2 3.3 -1.6
v 1.3 3.4 1.8
v 1.4 3.4 1.8
v 1.3 3.4 1.7
v 1.3 3.4 1.6
v 1.4 3.4 1.6
v 1.7 3.4 -0.7
v 1.8 3.4 -0.7
v 0.8 3.4 -0.8
v 0.9 3.4 -0.8
v 1.7 3.4 -0.8
v 1.8 3.4 -0.8
v 0.8 3.4 -0.9
v 0.9 3.4 -0.9
v 1 3.4 -0.9
v 1.5 3.4 -0.9
v 1.6 3.4 -0.9
v 0.9 3.4 -1
v 1 3.4 -1
v 1.1 3.4 -1
v 1.4 3.4 -1
v 1.5 3.4 -1
v 1.6 3.4 -1
v 1.1 3.4 -1.1
v 1.4 3.4 -1.1
v -1.4 3.4 -1.7
v -1.3 3.4 -1.7
v -1.4 3.4 -1.8
v -1.3 3.4 -1.8
v 1.7 3.5 -0.8
v 1.8 3.5 -0.8
v 1.7 3.5 -0.9
v 1.8 3.5 -0.9
v 1 3.5 -1
v 1.1 3.5 -1
v 1.4 3.5 -1
v 1.5 3.5 -1
v -1.1 3.5 -1.1
v -1 3.5 -1.1
v 1 3.5 -1.1
v 1.1 3.5 -1.1
v 1.4 3.5 -1.1
v 1.5 3.5 -1.1
v -1.1 3.5 -1.2
v -1 3.5 -1.2
v -1.3 3.5 -1.3
v -1.2 3.5 -1.3
v -1.3 3.5 -1.4
v -1.2 3.5 -1.4
v -1.4 3.5 -1.5
v -1.3 3.5 -1.5
v -1.5 3.5 -1.6
v -1.4 3.5 -1.6
v -0.3 3.5 -1.6
v -0.2 3.5 -1.6
v -1.4 3.5 -1.7
v -1.3 3.5 -1.7
v -1.5 3.5 -1.8
v -1.4 3.5 -1.8
v -0.3 3.5 -1.8
v -0.2 3.5 -1.8
v 0.1 3.6 1.3
v 0.2 3.6 1.3
v 0.1 3.6 1.2
v 0.2 3.6 1.2
v 1.6 3.6 -0.9
v 1.7 3.6 -0.9
v 1.8 3.6 -0.9
v 1.6 3.6 -1
v 1.7 3.6 -1
v 1.8 3.6 -1
v -1.5 3.6 -1.5
v -1.4 3.6 -1.5
v -0.2 3.6 -1.5
v -0.0999999 3.6 -1.5
v -1.5 3.6 -1.6
v -1.4 3.6 -1.6
v -1.6 3.6 -1.7
v -1.5 3.6 -1.7
v -0.2 3.6 -1.7
v -0.0999999 3.6 -1.7
v -1.6 3.6 -1.8
v -1.5 3.6 -1.8
v -0.3 3.6 -1.8
v -0.2 3.6 -1.8
v -0.3 3.6 -1.9
v -0.2 3.6 -1.9
v 0.2 3.7 1.9
v 0.3 3.7 1.9
v 1.2 3.7 1.9
v 1.3 3.7 1.9
v 0.2 3.7 1.8
v 0.3 3.7 1.8
v 1.2 3.7 1.8
v 1.3 3.7 1.8
v 1.5 3.7 -1
v 1.6 3.7 -1
v 1.7 3.7 -1
v 1.5 3.7 -1.1
v 1.6 3.7 -1.1
v 1.7 3.7 -1.1
v -1.4 3.7 -1.4
v -1.3 3.7 -1.4
v -0.2 3.7 -1.4
v -0.0999999 3.7 -1.4
v -1.4 3.7 -1.5
v -1.3 3.7 -1.5
v -0.2 3.7 -1.5
v -0.0999999 3.7 -1.5
v -1.6 3.7 -1.6
v -1.5 3.7 -1.6
v -1.6 3.7 -1.7
v -1.5 3.7 -1.7
v -0.2 3.7 -1.7
v -0.0999999 3.7 -1.7
v -0.2 3.7 -1.8
v -0.0999999 3.7 -1.8
v 0.3 3.7 -1.8
v 0.4 3.7 -1.8
v 1.3 3.7 -1.8
v 1.4 3.7 -1.8
v 0.3 3.7 -1.9
v 0.4 3.7 -1.9
v 1.3 3.7 -1.9
v 1.4 3.7 -1.9
v -1.5 3.8 1.9
v -1.4 3.8 1.9
v -0.5 3.8 1.9
v -0.4 3.8 1.9
v 0.3 3.8 1.9
v 1.2 3.8 1.9
v -1.5 3.8 1.8
v -1.4 3.8 1.8
v -0.5 3.8 1.8
v -0.4 3.8 1.8
v 0.3 3.8 1.8
v 1.2 3.8 1.8
v 1.4 3.8 -1
v 1.5 3.8 -1
v 1.7 3.8 -1
v 1.8 3.8 -1
v 1.4 3.8 -1.1
v 1.5 3.8 -1.1
v 1.7 3.8 -1.1
v 1.8 3.8 -1.1
v 0.4 3.8 -1.8
v 1.3 3.8 -1.8
v 0.4 3.8 -1.9
v 1.3 3.8 -1.9
v -1.4 3.9 1.9
v -0.5 3.9 1.9
v -1.8 3.9 1.8
v -1.7 3.9 1.8
v -1.4 3.9 1.8
v -0.5 3.9 1.8
v -1.8 3.9 1
v -1.7 3.9 1
v -1.8 3.9 0.9
v -1.7 3.9 0.9
v 0.2 3.9 0
v 0.3 3.9 0
v 0.2 3.9 -0.0999999
v 0.3 3.9 -0.0999999
v 1.1 3.9 -1
v 1.2 3.9 -1
v 1.1 3.9 -1.1
v 1.2 3.9 -1.1
v 1.6 3.9 -1.1
v 1.8 3.9 -1.1
v 1.6 3.9 -1.3
v 1.8 3.9 -1.3
v 1.6 3.9 -1.7
v 1.8 3.9 -1.7
v -1.8 3.9 -1.8
v -1.7 3.9 -1.8
v -1.7 4 1.8
v 1.3 4 1.8
v 0.9 4 1.7
v 1.3 4 1.7
v -1.4 4 1.6
v -0.7 4 1.6
v 0.8 4 1.6
v 0.9 4 1.6
v -1.4 4 1.5
v -0.7 4 1.5
v 0.7 4 1.4
v 0.8 4 1.4
v 0.2 4 1.3
v 0.7 4 1.3
v 0.2 4 1
v 0.3 4 1
v 0.1 4 0.9
v 0.3 4 0.9
v 0 4 0.8
v 0.1 4 0.8
v 0 4 0.4
v 0.1 4 0.4
v 0.1 4 0.2
v 0.2 4 0.2
v 0.2 4 -0.0999999
v 0.3 4 -0.0999999
v 0.3 4 -0.3
v 0.4 4 -0.3
v 0.4 4 -0.4
v 0.5 4 -0.4
v 0.5 4 -0.5
v 0.6 4 -0.5
v 0.6 4 -0.6
v 0.7 4 -0.6
v 0.7 4 -0.7
v 0.8 4 -0.7
v 0.8 4 -0.8
v 0.9 4 -0.8
v 0.9 4 -0.9
v 1 4 -0.9
v 1 4 -1
v 1.1 4 -1
v 1.1 4 -1.1
v 1.6 4 -1.1
v -0.6 4 -1.2
v -0.4 4 -1.2
v -1 4 -1.3
v -0.6 4 -1.3
v -0.4 4 -1.3
v -0.2 4 -1.3
v -1.3 4 -1.4
v -1 4 -1.4
v -1.5 4 -1.5
v -1.3 4 -1.5
v -0.2 4 -1.5
v -0.0999999 4 -1.5
v -1.6 4 -1.7
v -1.5 4 -1.7
v -0.2 4 -1.7
v -0.0999999 4 -1.7
v -1.7 4 -1.8
v -1.6 4 -1.8
v -0.2 4 -1.8
v 1.6 4 -1.8

# faces
f 3/9/1 2/9/1 1/9/1
f 4/9/1 2/9/1 3/9/1
f 5/9/1 2/9/1 4/9/1
f 6/9/1 2/9/1 5/9/1
f 7/9/1 5/9/1 4/9/1
f 8/9/1 5/9/1 7/9/1
f 9/9/1 5/9/1 8/9/1
f 10/9/1 5/9/1 9/9/1
f 11/9/1 9/9/1 8/9/1
f 12/9/1 9/9/1 11/9/1
f 17/10/1 12/10/1 11/10/1
f 18/10/1 12/10/1 17/10/1
f 19/10/1 12/10/1 18/10/1
f 20/10/1 12/10/1 19/10/1
f 21/8/1 14/8/1 13/8/1
f 22/8/1 14/8/1 21/8/1
f 23/10/1 19/10/1 18/10/1
f 24/10/1 19/10/1 23/10/1
f 25/8/1 16/8/1 15/8/1
f 26/8/1 16/8/1 25/8/1
f 27/10/1 19/10/1 24/10/1
f 28/10/1 19/10/1 27/10/1
f 33/6/1 30/6/1 29/6/1
f 36/6/1 32/6/1 31/6/1
f 37/6/1 34/6/1 33/6/1
f 40/6/1 36/6/1 35/6/1
f 41/6/1 38/6/1 37/6/1
f 42/6/1 40/6/1 39/6/1
f 43/6/1 41/6/1 37/6/1
f 43/6/1 33/6/1 29/6/1
f 43/6/1 37/6/1 33/6/1
f 44/6/1 41/6/1 43/6/1
f 45/6/1 40/6/1 42/6/1
f 45/6/1 32/6/1 36/6/1
f 45/6/1 36/6/1 40/6/1
f 46/6/1 32/6/1 45/6/1
f 47/6/1 41/6/1 44/6/1
f 50/6/1 45/6/1 42/6/1
f 52/6/1 48/6/1 47/6/1
f 52/6/1 47/6/1 44/6/1
f 53/6/1 48/6/1 52/6/1
f 55/6/1 50/6/1 49/6/1
f 55/6/1 45/6/1 50/6/1
f 57/6/1 56/6/1 55/6/1
f 58/6/1 56/6/1 57/6/1
f 59/6/1 54/6/1 53/6/1
f 59/6/1 53/6/1 52/6/1
f 59/6/1 52/6/1 51/6/1
f 60/6/1 54/6/1 59/6/1
f 61/6/1 54/6/1 60/6/1
f 62/6/1 57/6/1 55/6/1
f 62/6/1 55/6/1 49/6/1
f 63/6/1 57/6/1 62/6/1
f 64/10/1 61/10/1 60/10/1
f 64/10/1 62/10/1 61/10/1
f 65/10/1 62/10/1 64/10/1
f 70/6/1 67/6/1 66/6/1
f 71/9/1 68/9/1 67/9/1
f 71/6/1 67/6/1 70/6/1
f 72/9/1 68/9/1 71/9/1
f 73/9/1 68/9/1 72/9/1
f 74/6/1 69/6/1 68/6/1
f 74/9/1 68/9/1 73/9/1
f 75/6/1 69/6/1 74/6/1
f 80/6/1 77/6/1 76/6/1
f 81/6/1 77/6/1 80/6/1
f 83/6/1 79/6/1 78/6/1
f 84/6/1 79/6/1 83/6/1
f 85/10/1 83/10/1 82/10/1
f 86/10/1 83/10/1 85/10/1
f 89/9/1 88/9/1 87/9/1
f 91/9/1 89/9/1 87/9/1
f 92/9/1 89/9/1 91/9/1
f 93/6/1 91/6/1 90/6/1
f 93/6/1 92/6/1 91/6/1
f 94/6/1 92/6/1 93/6/1
f 99/6/1 96/6/1 95/6/1
f 100/6/1 96/6/1 99/6/1
f 103/6/1 98/6/1 97/6/1
f 104/6/1 98/6/1 103/6/1
f 105/6/1 101/6/1 100/6/1
f 106/6/1 101/6/1 105/6/1
f 107/6/1 103/6/1 102/6/1
f 108/6/1 103/6/1 107/6/1
f 109/10/1 107/10/1 106/10/1
f 110/10/1 107/10/1 109/10/1
f 113/9/1 112/9/1 111/9/1
f 114/9/1 112/9/1 113/9/1
f 117/9/1 116/9/1 115/9/1
f 118/9/1 116/9/1 117/9/1
f 119/9/1 116/9/1 118/9/1
f 123/6/1 119/6/1 118/6/1
f 123/6/1 120/6/1 119/6/1
f 124/6/1 120/6/1 123/6/1
f 125/6/1 122/6/1 121/6/1
f 126/6/1 122/6/1 125/6/1
f 129/6/1 128/6/1 127/6/1
f 130/6/1 128/6/1 129/6/1
f 135/6/1 132/6/1 131/6/1
f 136/6/1 132/6/1 135/6/1
f 141/6/1 134/6/1 133/6/1
f 142/6/1 134/6/1 141/6/1
f 143/6/1 137/6/1 136/6/1
f 144/10/1 138/10/1 137/10/1
f 144/6/1 137/6/1 143/6/1
f 145/6/1 139/6/1 138/6/1
f 145/10/1 138/10/1 144/10/1
f 146/6/1 139/6/1 145/6/1
f 147/6/1 141/6/1 140/6/1
f 148/6/1 141/6/1 147/6/1
f 149/10/1 147/10/1 146/10/1
f 150/10/1 147/10/1 149/10/1
f 153/9/1 152/9/1 151/9/1
f 154/9/1 152/9/1 153/9/1
f 159/9/1 156/9/1 155/9/1
f 160/9/1 156/9/1 159/9/1
f 161/2/1 158/2/1 157/2/1
f 162/2/1 158/2/1 161/2/1
f 167/6/1 164/6/1 163/6/1
f 168/6/1 164/6/1 167/6/1
f 169/6/1 166/6/1 165/6/1
f 170/6/1 166/6/1 169/6/1
f 173/6/1 172/6/1 171/6/1
f 174/6/1 172/6/1 173/6/1
f 179/6/1 176/6/1 175/6/1
f 180/6/1 176/6/1 179/6/1
f 185/6/1 178/6/1 177/6/1
f 186/6/1 181/6/1 180/6/1
f 187/10/1 182/10/1 181/10/1
f 187/6/1 181/6/1 186/6/1
f 188/6/1 183/6/1 182/6/1
f 188/10/1 182/10/1 187/10/1
f 189/6/1 183/6/1 188/6/1
f 190/6/1 185/6/1 184/6/1
f 191/6/1 178/6/1 185/6/1
f 191/6/1 185/6/1 190/6/1
f 192/10/1 190/10/1 189/10/1
f 193/10/1 190/10/1 192/10/1
f 198/9/1 195/9/1 194/9/1
f 199/9/1 195/9/1 198/9/1
f 200/2/1 197/2/1 196/2/1
f 201/2/1 197/2/1 200/2/1
f 206/2/1 205/2/1 204/2/1
f 207/2/1 205/2/1 206/2/1
f 208/2/1 203/2/1 202/2/1
f 209/2/1 203/2/1 208/2/1
f 212/6/1 211/6/1 210/6/1
f 213/6/1 211/6/1 212/6/1
f 216/6/1 215/6/1 214/6/1
f 217/6/1 215/6/1 216/6/1
f 221/9/1 219/9/1 218/9/1
f 222/9/1 219/9/1 221/9/1
f 223/2/1 221/2/1 220/2/1
f 224/2/1 221/2/1 223/2/1
f 227/2/1 226/2/1 225/2/1
f 228/2/1 226/2/1 227/2/1
f 233/2/1 230/2/1 229/2/1
f 234/2/1 230/2/1 233/2/1
f 235/2/1 232/2/1 231/2/1
f 236/2/1 232/2/1 235/2/1
f 239/6/1 238/6/1 237/6/1
f 240/6/1 238/6/1 239/6/1
f 243/6/1 242/6/1 241/6/1
f 244/6/1 242/6/1 243/6/1
f 247/9/1 246/9/1 245/9/1
f 248/9/1 246/9/1 247/9/1
f 251/2/1 250/2/1 249/2/1
f 252/2/1 250/2/1 251/2/1
f 255/2/1 254/2/1 253/2/1
f 256/2/1 254/2/1 255/2/1
f 259/6/1 258/6/1 257/6/1
f 260/6/1 258/6/1 259/6/1
f 263/10/1 262/10/1 261/10/1
f 264/10/1 262/10/1 263/10/1
f 267/10/1 266/10/1 265/10/1
f 268/10/1 266/10/1 267/10/1
f 272/6/1 270/6/1 269/6/1
f 273/6/1 270/6/1 272/6/1
f 274/6/1 272/6/1 271/6/1
f 275/6/1 272/6/1 274/6/1
f 278/6/1 277/6/1 276/6/1
f 279/6/1 277/6/1 278/6/1
f 281/6/1 280/6/1 279/6/1
f 282/6/1 280/6/1 281/6/1
f 286/6/1 284/6/1 283/6/1
f 287/6/1 284/6/1 286/6/1
f 288/6/1 286/6/1 285/6/1
f 289/6/1 286/6/1 288/6/1
f 294/6/1 291/6/1 290/6/1
f 295/6/1 291/6/1 294/6/1
f 296/6/1 293/6/1 292/6/1
f 297/6/1 293/6/1 296/6/1
f 299/6/1 298/6/1 297/6/1
f 300/6/1 298/6/1 299/6/1
f 303/6/1 302/6/1 301/6/1
f 304/6/1 302/6/1 303/6/1
f 309/6/1 306/6/1 305/6/1
f 310/6/1 306/6/1 309/6/1
f 316/6/1 308/6/1 307/6/1
f 317/6/1 308/6/1 316/6/1
f 318/7/1 313/7/1 312/7/1
f 319/4/1 314/4/1 313/4/1
f 319/7/1 313/7/1 318/7/1
f 320/4/1 314/4/1 319/4/1
f 327/7/1 318/7/1 312/7/1
f 327/10/1 312/10/1 311/10/1
f 328/4/1 319/4/1 318/4/1
f 328/7/1 318/7/1 327/7/1
f 329/7/1 320/7/1 319/7/1
f 329/4/1 319/4/1 328/4/1
f 330/7/1 322/7/1 321/7/1
f 331/7/1 322/7/1 330/7/1
f 332/7/1 324/7/1 323/7/1
f 333/4/1 325/4/1 324/4/1
f 333/7/1 324/7/1 332/7/1
f 334/7/1 326/7/1 325/7/1
f 334/4/1 325/4/1 333/4/1
f 335/7/1 326/7/1 334/7/1
f 336/7/1 326/7/1 335/7/1
f 339/7/1 316/7/1 315/7/1
f 339/7/1 317/7/1 316/7/1
f 340/7/1 317/7/1 339/7/1
f 341/10/1 327/10/1 311/10/1
f 341/4/1 328/4/1 327/4/1
f 342/7/1 329/7/1 328/7/1
f 342/4/1 328/4/1 341/4/1
f 344/7/1 332/7/1 323/7/1
f 345/7/1 332/7/1 344/7/1
f 346/4/1 333/4/1 332/4/1
f 346/7/1 332/7/1 345/7/1
f 347/7/1 334/7/1 333/7/1
f 347/4/1 335/4/1 334/4/1
f 348/7/1 337/7/1 336/7/1
f 348/4/1 335/4/1 347/4/1
f 348/7/1 336/7/1 335/7/1
f 349/7/1 337/7/1 348/7/1
f 350/7/1 339/7/1 338/7/1
f 351/7/1 329/7/1 342/7/1
f 351/7/1 320/7/1 329/7/1
f 351/7/1 342/7/1 341/7/1
f 352/4/1 321/4/1 320/4/1
f 352/7/1 320/7/1 351/7/1
f 353/7/1 330/7/1 321/7/1
f 353/4/1 321/4/1 352/4/1
f 354/7/1 330/7/1 353/7/1
f 357/7/1 345/7/1 344/7/1
f 357/7/1 344/7/1 343/7/1
f 358/7/1 345/7/1 357/7/1
f 359/4/1 346/4/1 345/4/1
f 359/7/1 345/7/1 358/7/1
f 360/4/1 333/4/1 346/4/1
f 360/4/1 346/4/1 359/4/1
f 361/7/1 351/7/1 341/7/1
f 362/4/1 352/4/1 351/4/1
f 362/7/1 351/7/1 361/7/1
f 363/7/1 355/7/1 354/7/1
f 363/4/1 352/4/1 362/4/1
f 363/7/1 354/7/1 353/7/1
f 363/7/1 353/7/1 352/7/1
f 364/7/1 355/7/1 363/7/1
f 366/7/1 358/7/1 357/7/1
f 366/7/1 357/7/1 356/7/1
f 367/7/1 358/7/1 366/7/1
f 368/7/1 358/7/1 367/7/1
f 369/4/1 359/4/1 358/4/1
f 369/7/1 358/7/1 368/7/1
f 370/7/1 360/7/1 359/7/1
f 370/4/1 359/4/1 369/4/1
f 371/7/1 350/7/1 349/7/1
f 371/4/1 340/4/1 339/4/1
f 371/7/1 339/7/1 350/7/1
f 371/7/1 349/7/1 348/7/1
f 371/7/1 348/7/1 347/7/1
f 372/7/1 317/7/1 340/7/1
f 372/4/1 340/4/1 371/4/1
f 373/4/1 362/4/1 361/4/1
f 373/7/1 361/7/1 341/7/1
f 374/7/1 364/7/1 363/7/1
f 374/4/1 362/4/1 373/4/1
f 374/7/1 363/7/1 362/7/1
f 375/7/1 364/7/1 374/7/1
f 376/4/1 365/4/1 364/4/1
f 376/7/1 364/7/1 375/7/1
f 377/7/1 366/7/1 365/7/1
f 377/4/1 365/4/1 376/4/1
f 378/4/1 367/4/1 366/4/1
f 378/7/1 366/7/1 377/7/1
f 379/7/1 368/7/1 367/7/1
f 379/4/1 367/4/1 378/4/1
f 380/4/1 369/4/1 368/4/1
f 380/7/1 368/7/1 379/7/1
f 381/7/1 370/7/1 369/7/1
f 381/4/1 369/4/1 380/4/1
f 382/7/1 360/7/1 370/7/1
f 382/7/1 370/7/1 381/7/1
f 382/4/1 333/4/1 360/4/1
f 383/7/1 347/7/1 333/7/1
f 383/4/1 333/4/1 382/4/1
f 383/7/1 371/7/1 347/7/1
f 383/7/1 372/7/1 371/7/1
f 384/7/1 372/7/1 383/7/1
f 385/7/1 374/7/1 373/7/1
f 385/7/1 375/7/1 374/7/1
f 386/4/1 376/4/1 375/4/1
f 386/7/1 375/7/1 385/7/1
f 387/7/1 379/7/1 378/7/1
f 387/4/1 376/4/1 386/4/1
f 387/7/1 377/7/1 376/7/1
f 387/7/1 378/7/1 377/7/1
f 388/7/1 379/7/1 387/7/1
f 389/4/1 380/4/1 379/4/1
f 389/7/1 379/7/1 388/7/1
f 390/7/1 381/7/1 380/7/1
f 390/4/1 380/4/1 389/4/1
f 390/7/1 382/7/1 381/7/1
f 390/7/1 383/7/1 382/7/1
f 391/7/1 383/7/1 390/7/1
f 392/4/1 384/4/1 383/4/1
f 392/7/1 383/7/1 391/7/1
f 393/7/1 372/7/1 384/7/1
f 393/4/1 384/4/1 392/4/1
f 394/7/1 372/7/1 393/7/1
f 395/7/1 385/7/1 373/7/1
f 396/4/1 386/4/1 385/4/1
f 396/7/1 385/7/1 395/7/1
f 397/7/1 387/7/1 386/7/1
f 397/4/1 386/4/1 396/4/1
f 398/4/1 388/4/1 387/4/1
f 398/7/1 387/7/1 397/7/1
f 399/7/1 389/7/1 388/7/1
f 399/4/1 388/4/1 398/4/1
f 399/7/1 390/7/1 389/7/1
f 400/7/1 390/7/1 399/7/1
f 401/7/1 392/7/1 391/7/1
f 401/4/1 394/4/1 393/4/1
f 401/7/1 393/7/1 392/7/1
f 402/7/1 372/7/1 394/7/1
f 402/4/1 394/4/1 401/4/1
f 403/7/1 372/7/1 402/7/1
f 404/7/1 372/7/1 403/7/1
f 405/7/1 317/7/1 372/7/1
f 405/7/1 372/7/1 404/7/1
f 406/7/1 402/7/1 401/7/1
f 406/4/1 403/4/1 402/4/1
f 407/7/1 404/7/1 403/7/1
f 407/4/1 403/4/1 406/4/1
f 408/7/1 404/7/1 407/7/1
f 409/7/1 404/7/1 408/7/1
f 410/7/1 404/7/1 409/7/1
f 411/4/1 405/4/1 404/4/1
f 411/7/1 404/7/1 410/7/1
f 412/7/1 317/7/1 405/7/1
f 412/4/1 405/4/1 411/4/1
f 413/7/1 398/7/1 397/7/1
f 413/7/1 397/7/1 396/7/1
f 413/4/1 400/4/1 399/4/1
f 413/7/1 399/7/1 398/7/1
f 414/7/1 390/7/1 400/7/1
f 414/4/1 400/4/1 413/4/1
f 415/7/1 408/7/1 407/7/1
f 415/7/1 407/7/1 406/7/1
f 416/4/1 409/4/1 408/4/1
f 416/7/1 408/7/1 415/7/1
f 417/7/1 410/7/1 409/7/1
f 417/4/1 409/4/1 416/4/1
f 418/4/1 411/4/1 410/4/1
f 418/7/1 410/7/1 417/7/1
f 419/7/1 412/7/1 411/7/1
f 419/4/1 411/4/1 418/4/1
f 420/4/1 391/4/1 390/4/1
f 420/7/1 390/7/1 414/7/1
f 420/7/1 414/7/1 413/7/1
f 421/7/1 406/7/1 401/7/1
f 421/4/1 391/4/1 420/4/1
f 421/7/1 401/7/1 391/7/1
f 421/7/1 415/7/1 406/7/1
f 422/7/1 415/7/1 421/7/1
f 423/4/1 416/4/1 415/4/1
f 423/7/1 415/7/1 422/7/1
f 424/7/1 418/7/1 417/7/1
f 424/4/1 416/4/1 423/4/1
f 424/7/1 417/7/1 416/7/1
f 424/7/1 419/7/1 418/7/1
f 425/4/1 423/4/1 422/4/1
f 425/7/1 422/7/1 421/7/1
f 425/7/1 421/7/1 420/7/1
f 426/7/1 424/7/1 423/7/1
f 426/4/1 423/4/1 425/4/1
f 427/7/1 310/7/1 309/7/1
f 427/7/1 311/7/1 310/7/1
f 427/10/1 341/10/1 311/10/1
f 428/7/1 395/7/1 373/7/1
f 428/10/1 341/10/1 427/10/1
f 428/7/1 373/7/1 341/7/1
f 429/7/1 427/7/1 309/7/1
f 429/7/1 428/7/1 427/7/1
f 430/4/1 396/4/1 395/4/1
f 430/7/1 428/7/1 429/7/1
f 430/7/1 395/7/1 428/7/1
f 431/7/1 420/7/1 413/7/1
f 431/4/1 396/4/1 430/4/1
f 431/7/1 426/7/1 425/7/1
f 431/7/1 413/7/1 396/7/1
f 431/7/1 425/7/1 420/7/1
f 432/7/1 424/7/1 426/7/1
f 432/7/1 426/7/1 431/7/1
f 432/7/1 317/7/1 412/7/1
f 432/7/1 412/7/1 419/7/1
f 432/7/1 419/7/1 424/7/1
f 435/5/1 434/5/1 433/5/1
f 436/5/1 434/5/1 435/5/1
f 440/5/1 438/5/1 437/5/1
f 441/5/1 438/5/1 440/5/1
f 444/7/1 441/7/1 440/7/1
f 444/7/1 440/7/1 439/7/1
f 445/7/1 441/7/1 444/7/1
f 446/7/1 443/7/1 442/7/1
f 447/7/1 443/7/1 446/7/1
f 448/7/1 441/7/1 445/7/1
f 449/7/1 446/7/1 442/7/1
f 450/4/1 447/4/1 446/4/1
f 450/7/1 446/7/1 449/7/1
f 451/7/1 443/7/1 447/7/1
f 451/4/1 447/4/1 450/4/1
f 452/4/1 445/4/1 444/4/1
f 453/7/1 448/7/1 445/7/1
f 453/4/1 445/4/1 452/4/1
f 454/7/1 448/7/1 453/7/1
f 455/4/1 450/4/1 449/4/1
f 456/7/1 451/7/1 450/7/1
f 456/4/1 450/4/1 455/4/1
f 457/7/1 443/7/1 451/7/1
f 457/7/1 451/7/1 456/7/1
f 458/7/1 443/7/1 457/7/1
f 459/7/1 456/7/1 455/7/1
f 459/7/1 457/7/1 456/7/1
f 460/4/1 458/4/1 457/4/1
f 460/7/1 457/7/1 459/7/1
f 461/4/1 458/4/1 460/4/1
f 462/7/1 453/7/1 452/7/1
f 463/4/1 454/4/1 453/4/1
f 463/7/1 453/7/1 462/7/1
f 464/7/1 448/7/1 454/7/1
f 464/4/1 454/4/1 463/4/1
f 465/7/1 448/7/1 464/7/1
f 466/7/1 459/7/1 455/7/1
f 467/4/1 460/4/1 459/4/1
f 467/7/1 459/7/1 466/7/1
f 468/7/1 461/7/1 460/7/1
f 468/4/1 460/4/1 467/4/1
f 469/7/1 461/7/1 468/7/1
f 474/6/1 471/6/1 470/6/1
f 474/6/1 473/6/1 472/6/1
f 474/6/1 472/6/1 471/6/1
f 475/6/1 473/6/1 474/6/1
f 478/5/1 477/5/1 476/5/1
f 479/5/1 477/5/1 478/5/1
f 482/5/1 481/5/1 480/5/1
f 483/5/1 481/5/1 482/5/1
f 486/5/1 485/5/1 484/5/1
f 487/5/1 485/5/1 486/5/1
f 492/5/1 491/5/1 490/5/1
f 493/5/1 491/5/1 492/5/1
f 498/6/1 495/6/1 494/6/1
f 499/6/1 495/6/1 498/6/1
f 500/6/1 497/6/1 496/6/1
f 501/6/1 497/6/1 500/6/1
f 504/6/1 503/6/1 502/6/1
f 505/6/1 503/6/1 504/6/1
f 506/5/1 489/5/1 488/5/1
f 507/5/1 489/5/1 506/5/1
f 510/5/1 509/5/1 508/5/1
f 511/5/1 509/5/1 510/5/1
f 516/5/1 513/5/1 512/5/1
f 517/5/1 513/5/1 516/5/1
f 518/6/1 515/6/1 514/6/1
f 519/6/1 515/6/1 518/6/1
f 524/6/1 521/6/1 520/6/1
f 525/6/1 521/6/1 524/6/1
f 526/6/1 523/6/1 522/6/1
f 527/6/1 523/6/1 526/6/1
f 532/5/1 529/5/1 528/5/1
f 533/5/1 529/5/1 532/5/1
f 534/6/1 531/6/1 530/6/1
f 535/6/1 531/6/1 534/6/1
f 537/5/1 534/5/1 533/5/1
f 538/5/1 534/5/1 537/5/1
f 539/6/1 536/6/1 535/6/1
f 540/6/1 536/6/1 539/6/1
f 545/10/1 542/10/1 541/10/1
f 546/10/1 542/10/1 545/10/1
f 547/10/1 544/10/1 543/10/1
f 548/10/1 544/10/1 547/10/1
f 551/6/1 550/6/1 549/6/1
f 552/6/1 550/6/1 551/6/1
f 557/6/1 554/6/1 553/6/1
f 558/6/1 554/6/1 557/6/1
f 559/6/1 556/6/1 555/6/1
f 560/6/1 556/6/1 559/6/1
f 563/10/1 562/10/1 561/10/1
f 564/10/1 562/10/1 563/10/1
f 567/10/1 566/10/1 565/10/1
f 568/10/1 566/10/1 567/10/1
f 573/5/1 570/5/1 569/5/1
f 574/6/1 572/6/1 571/6/1
f 575/6/1 572/6/1 574/6/1
f 577/5/1 573/5/1 569/5/1
f 577/5/1 574/5/1 573/5/1
f 578/5/1 574/5/1 577/5/1
f 579/6/1 576/6/1 575/6/1
f 579/5/1 574/5/1 578/5/1
f 579/6/1 575/6/1 574/6/1
f 580/6/1 576/6/1 579/6/1
f 581/6/1 576/6/1 580/6/1
f 582/10/1 578/10/1 577/10/1
f 583/10/1 578/10/1 582/10/1
f 584/10/1 580/10/1 579/10/1
f 585/10/1 580/10/1 584/10/1
f 588/10/1 587/10/1 586/10/1
f 589/10/1 587/10/1 588/10/1
f 596/6/1 591/6/1 590/6/1
f 597/6/1 591/6/1 596/6/1
f 598/6/1 593/6/1 592/6/1
f 599/6/1 593/6/1 598/6/1
f 600/6/1 595/6/1 594/6/1
f 601/6/1 595/6/1 600/6/1
f 606/6/1 603/6/1 602/6/1
f 607/6/1 603/6/1 606/6/1
f 610/6/1 605/6/1 604/6/1
f 611/6/1 605/6/1 610/6/1
f 612/6/1 609/6/1 608/6/1
f 613/6/1 609/6/1 612/6/1
f 618/6/1 617/6/1 616/6/1
f 619/6/1 617/6/1 618/6/1
f 620/6/1 615/6/1 614/6/1
f 621/6/1 615/6/1 620/6/1
f 628/6/1 623/6/1 622/6/1
f 629/6/1 623/6/1 628/6/1
f 630/10/1 625/10/1 624/10/1
f 631/10/1 625/10/1 630/10/1
f 632/10/1 627/10/1 626/10/1
f 633/10/1 627/10/1 632/10/1
f 638/6/1 635/6/1 634/6/1
f 639/6/1 635/6/1 638/6/1
f 640/6/1 637/6/1 636/6/1
f 641/6/1 637/6/1 640/6/1
f 642/6/1 637/6/1 641/6/1
f 646/6/1 643/6/1 642/6/1
f 646/6/1 642/6/1 641/6/1
f 647/6/1 643/6/1 646/6/1
f 648/6/1 643/6/1 647/6/1
f 650/6/1 646/6/1 641/6/1
f 651/6/1 646/6/1 650/6/1
f 652/6/1 649/6/1 648/6/1
f 652/6/1 648/6/1 647/6/1
f 653/6/1 649/6/1 652/6/1
f 654/6/1 645/6/1 644/6/1
f 655/6/1 645/6/1 654/6/1
f 656/6/1 649/6/1 653/6/1
f 657/6/1 649/6/1 656/6/1
f 662/6/1 659/6/1 658/6/1
f 663/6/1 659/6/1 662/6/1
f 664/6/1 659/6/1 663/6/1
f 665/10/1 661/10/1 660/10/1
f 666/10/1 661/10/1 665/10/1
f 667/6/1 663/6/1 662/6/1
f 668/6/1 663/6/1 667/6/1
f 671/6/1 670/6/1 669/6/1
f 672/6/1 670/6/1 671/6/1
f 676/6/1 674/6/1 673/6/1
f 677/6/1 674/6/1 676/6/1
f 678/6/1 674/6/1 677/6/1
f 679/6/1 674/6/1 678/6/1
f 681/6/1 676/6/1 675/6/1
f 681/6/1 677/6/1 676/6/1
f 682/6/1 677/6/1 681/6/1
f 683/6/1 680/6/1 679/6/1
f 683/6/1 679/6/1 678/6/1
f 684/6/1 680/6/1 683/6/1
f 687/6/1 680/6/1 684/6/1
f 688/6/1 686/6/1 685/6/1
f 689/6/1 686/6/1 688/6/1
f 691/6/1 681/6/1 675/6/1
f 692/6/1 681/6/1 691/6/1
f 693/6/1 687/6/1 684/6/1
f 693/6/1 690/6/1 689/6/1
f 693/6/1 688/6/1 687/6/1
f 693/6/1 689/6/1 688/6/1
f 694/6/1 690/6/1 693/6/1
f 695/6/1 690/6/1 694/6/1
f 696/6/1 690/6/1 695/6/1
f 697/6/1 690/6/1 696/6/1
f 698/6/1 690/6/1 697/6/1
f 700/6/1 697/6/1 696/6/1
f 701/6/1 697/6/1 700/6/1
f 702/6/1 699/6/1 698/6/1
f 703/6/1 699/6/1 702/6/1
f 706/6/1 705/6/1 704/6/1
f 707/6/1 705/6/1 706/6/1
f 710/6/1 709/6/1 708/6/1
f 711/6/1 709/6/1 710/6/1
f 716/6/1 713/6/1 712/6/1
f 717/6/1 713/6/1 716/6/1
f 718/10/1 715/10/1 714/10/1
f 719/10/1 715/10/1 718/10/1
f 722/6/1 721/6/1 720/6/1
f 723/6/1 721/6/1 722/6/1
f 726/10/1 725/10/1 724/10/1
f 727/10/1 725/10/1 726/10/1
f 732/6/1 729/6/1 728/6/1
f 733/6/1 729/6/1 732/6/1
f 734/10/1 731/10/1 730/10/1
f 735/10/1 731/10/1 734/10/1
f 738/6/1 737/6/1 736/6/1
f 739/6/1 737/6/1 738/6/1
f 742/6/1 741/6/1 740/6/1
f 743/6/1 741/6/1 742/6/1
f 747/6/1 745/6/1 744/6/1
f 748/6/1 745/6/1 747/6/1
f 750/6/1 747/6/1 746/6/1
f 750/6/1 749/6/1 748/6/1
f 750/6/1 748/6/1 747/6/1
f 751/6/1 749/6/1 750/6/1
f 754/6/1 753/6/1 752/6/1
f 755/6/1 753/6/1 754/6/1
f 759/6/1 756/6/1 755/6/1
f 760/6/1 756/6/1 759/6/1
f 761/6/1 758/6/1 757/6/1
f 762/6/1 758/6/1 761/6/1
f 765/6/1 764/6/1 763/6/1
f 766/6/1 764/6/1 765/6/1
f 771/5/1 768/5/1 767/5/1
f 772/5/1 768/5/1 771/5/1
f 779/6/1 770/6/1 769/6/1
f 780/6/1 770/6/1 779/6/1
f 781/10/1 774/10/1 773/10/1
f 782/10/1 774/10/1 781/10/1
f 783/6/1 776/6/1 775/6/1
f 784/6/1 776/6/1 783/6/1
f 785/6/1 778/6/1 777/6/1
f 786/6/1 778/6/1 785/6/1
f 795/10/1 792/10/1 791/10/1
f 796/10/1 792/10/1 795/10/1
f 797/6/1 794/6/1 793/6/1
f 798/6/1 794/6/1 797/6/1
f 801/6/1 788/6/1 787/6/1
f 802/6/1 788/6/1 801/6/1
f 803/10/1 790/10/1 789/10/1
f 804/10/1 790/10/1 803/10/1
f 810/6/1 800/6/1 799/6/1
f 811/6/1 800/6/1 810/6/1
f 814/10/1 806/10/1 805/10/1
f 815/10/1 806/10/1 814/10/1
f 816/10/1 813/10/1 812/10/1
f 817/10/1 813/10/1 816/10/1
f 819/10/1 808/10/1 807/10/1
f 820/10/1 808/10/1 819/10/1
f 821/6/1 810/6/1 809/6/1
f 822/6/1 810/6/1 821/6/1
f 825/10/1 819/10/1 818/10/1
f 826/10/1 819/10/1 825/10/1
f 827/10/1 824/10/1 823/10/1
f 828/10/1 824/10/1 827/10/1
f 831/6/1 830/6/1 829/6/1
f 832/6/1 830/6/1 831/6/1
f 835/10/1 834/10/1 833/10/1
f 836/10/1 834/10/1 835/10/1
f 838/6/1 836/6/1 835/6/1
f 839/6/1 836/6/1 838/6/1
f 840/6/1 838/6/1 837/6/1
f 841/6/1 838/6/1 840/6/1
f 846/6/1 843/6/1 842/6/1
f 847/6/1 843/6/1 846/6/1
f 848/6/1 845/6/1 844/6/1
f 849/6/1 845/6/1 848/6/1
f 852/6/1 851/6/1 850/6/1
f 853/6/1 851/6/1 852/6/1
f 860/6/1 855/6/1 854/6/1
f 861/5/1 856/5/1 855/5/1
f 861/6/1 855/6/1 860/6/1
f 862/5/1 856/5/1 861/5/1
f 868/6/1 858/6/1 857/6/1
f 869/6/1 858/6/1 868/6/1
f 872/6/1 860/6/1 859/6/1
f 872/6/1 861/6/1 860/6/1
f 873/6/1 861/6/1 872/6/1
f 874/6/1 864/6/1 863/6/1
f 874/6/1 865/6/1 864/6/1
f 875/6/1 865/6/1 874/6/1
f 876/6/1 867/6/1 866/6/1
f 877/6/1 867/6/1 876/6/1
f 878/6/1 871/6/1 870/6/1
f 879/6/1 871/6/1 878/6/1
f 884/6/1 872/6/1 859/6/1
f 887/6/1 884/6/1 859/6/1
f 887/6/1 885/6/1 884/6/1
f 888/6/1 885/6/1 887/6/1
f 890/6/1 874/6/1 863/6/1
f 891/6/1 874/6/1 890/6/1
f 892/10/1 881/10/1 880/10/1
f 893/10/1 881/10/1 892/10/1
f 894/6/1 883/6/1 882/6/1
f 895/6/1 883/6/1 894/6/1
f 896/6/1 888/6/1 887/6/1
f 896/6/1 887/6/1 886/6/1
f 897/6/1 888/6/1 896/6/1
f 898/6/1 888/6/1 897/6/1
f 901/6/1 897/6/1 896/6/1
f 901/6/1 896/6/1 895/6/1
f 902/6/1 897/6/1 901/6/1
f 903/6/1 888/6/1 898/6/1
f 904/5/1 889/5/1 888/5/1
f 904/6/1 888/6/1 903/6/1
f 907/10/1 900/10/1 899/10/1
f 908/10/1 900/10/1 907/10/1
f 912/6/1 901/6/1 895/6/1
f 913/10/1 906/10/1 905/10/1
f 914/10/1 906/10/1 913/10/1
f 915/10/1 910/10/1 909/10/1
f 916/6/1 912/6/1 911/6/1
f 917/6/1 901/6/1 912/6/1
f 917/6/1 912/6/1 916/6/1
f 920/5/1 889/5/1 904/5/1
f 921/10/1 910/10/1 915/10/1
f 922/10/1 910/10/1 921/10/1
f 923/6/1 918/6/1 917/6/1
f 924/6/1 918/6/1 923/6/1
f 925/6/1 920/6/1 919/6/1
f 925/5/1 889/5/1 920/5/1
f 926/5/1 889/5/1 925/5/1
f 927/6/1 925/6/1 919/6/1
f 928/7/1 926/7/1 925/7/1
f 928/6/1 925/6/1 927/6/1
f 929/7/1 926/7/1 928/7/1
f 934/10/1 933/10/1 932/10/1
f 935/10/1 933/10/1 934/10/1
f 936/10/1 931/10/1 930/10/1
f 937/10/1 931/10/1 936/10/1
f 941/10/1 938/10/1 937/10/1
f 942/10/1 938/10/1 941/10/1
f 943/10/1 940/10/1 939/10/1
f 944/10/1 940/10/1 943/10/1
f 949/6/1 946/6/1 945/6/1
f 950/6/1 946/6/1 949/6/1
f 951/6/1 948/6/1 947/6/1
f 952/6/1 948/6/1 951/6/1
f 957/6/1 954/6/1 953/6/1
f 958/6/1 954/6/1 957/6/1
f 959/6/1 956/6/1 955/6/1
f 960/6/1 956/6/1 959/6/1
f 963/6/1 962/6/1 961/6/1
f 964/6/1 962/6/1 963/6/1
f 972/10/1 966/10/1 965/10/1
f 973/10/1 966/10/1 972/10/1
f 975/6/1 968/6/1 967/6/1
f 976/6/1 968/6/1 975/6/1
f 978/6/1 970/6/1 969/6/1
f 979/6/1 970/6/1 978/6/1
f 980/6/1 970/6/1 979/6/1
f 981/6/1 970/6/1 980/6/1
f 983/6/1 978/6/1 977/6/1
f 983/6/1 979/6/1 978/6/1
f 984/6/1 979/6/1 983/6/1
f 985/6/1 982/6/1 981/6/1
f 985/6/1 981/6/1 980/6/1
f 986/6/1 982/6/1 985/6/1
f 987/6/1 972/6/1 971/6/1
f 988/5/1 973/5/1 972/5/1
f 988/6/1 972/6/1 987/6/1
f 989/6/1 975/6/1 974/6/1
f 990/6/1 975/6/1 989/6/1
f 991/5/1 973/5/1 988/5/1
f 992/5/1 973/5/1 991/5/1
f 993/6/1 983/6/1 977/6/1
f 996/6/1 982/6/1 986/6/1
f 1000/6/1 998/6/1 997/6/1
f 1001/6/1 998/6/1 1000/6/1
f 1003/6/1 994/6/1 993/6/1
f 1003/6/1 993/6/1 977/6/1
f 1004/6/1 994/6/1 1003/6/1
f 1005/6/1 996/6/1 995/6/1
f 1006/6/1 982/6/1 996/6/1
f 1006/6/1 996/6/1 1005/6/1
f 1009/6/1 982/6/1 1006/6/1
f 1010/6/1 1002/6/1 1001/6/1
f 1010/6/1 1001/6/1 1000/6/1
f 1010/6/1 1000/6/1 999/6/1
f 1011/6/1 1002/6/1 1010/6/1
f 1012/6/1 1002/6/1 1011/6/1
f 1013/6/1 1002/6/1 1012/6/1
f 1014/10/1 1008/10/1 1007/10/1
f 1015/10/1 1008/10/1 1014/10/1
f 1016/6/1 1003/6/1 977/6/1
f 1017/6/1 1003/6/1 1016/6/1
f 1020/6/1 1009/6/1 1006/6/1
f 1020/6/1 1010/6/1 1009/6/1
f 1021/6/1 1010/6/1 1020/6/1
f 1022/6/1 1010/6/1 1021/6/1
f 1023/6/1 1012/6/1 1011/6/1
f 1024/6/1 1018/6/1 1017/6/1
f 1025/6/1 1018/6/1 1024/6/1
f 1026/6/1 1020/6/1 1019/6/1
f 1027/6/1 1020/6/1 1026/6/1
f 1028/6/1 1023/6/1 1022/6/1
f 1028/6/1 1022/6/1 1021/6/1
f 1029/6/1 1023/6/1 1028/6/1
f 1030/6/1 1012/6/1 1023/6/1
f 1030/6/1 1023/6/1 1029/6/1
f 1033/6/1 1026/6/1 1025/6/1
f 1034/6/1 1026/6/1 1033/6/1
f 1035/6/1 1030/6/1 1029/6/1
f 1035/6/1 1031/6/1 1030/6/1
f 1036/7/1 1032/7/1 1031/7/1
f 1036/6/1 1031/6/1 1035/6/1
f 1037/7/1 1032/7/1 1036/7/1
f 1038/6/1 1035/6/1 1029/6/1
f 1039/6/1 1035/6/1 1038/6/1
f 1040/6/1 1026/6/1 1034/6/1
f 1042/6/1 1038/6/1 1029/6/1
f 1043/6/1 1038/6/1 1042/6/1
f 1044/6/1 1041/6/1 1040/6/1
f 1044/6/1 1040/6/1 1034/6/1
f 1045/6/1 1041/6/1 1044/6/1
f 1046/6/1 1041/6/1 1045/6/1
f 1047/6/1 1041/6/1 1046/6/1
f 1050/6/1 1049/6/1 1048/6/1
f 1051/6/1 1049/6/1 1050/6/1
f 1056/6/1 1053/6/1 1052/6/1
f 1057/6/1 1053/6/1 1056/6/1
f 1060/6/1 1055/6/1 1054/6/1
f 1061/6/1 1055/6/1 1060/6/1
f 1062/6/1 1059/6/1 1058/6/1
f 1063/6/1 1059/6/1 1062/6/1
f 1068/10/1 1065/10/1 1064/10/1
f 1069/10/1 1065/10/1 1068/10/1
f 1070/6/1 1067/6/1 1066/6/1
f 1071/6/1 1067/6/1 1070/6/1
f 1073/6/1 1072/6/1 1071/6/1
f 1074/6/1 1072/6/1 1073/6/1
f 1077/10/1 1076/10/1 1075/10/1
f 1078/10/1 1076/10/1 1077/10/1
f 1081/10/1 1080/10/1 1079/10/1
f 1082/10/1 1080/10/1 1081/10/1
f 1086/6/1 1084/6/1 1083/6/1
f 1087/6/1 1084/6/1 1086/6/1
f 1091/6/1 1086/6/1 1085/6/1
f 1091/6/1 1087/6/1 1086/6/1
f 1091/6/1 1088/6/1 1087/6/1
f 1092/6/1 1088/6/1 1091/6/1
f 1093/6/1 1088/6/1 1092/6/1
f 1094/6/1 1088/6/1 1093/6/1
f 1095/10/1 1090/10/1 1089/10/1
f 1096/10/1 1090/10/1 1095/10/1
f 1098/6/1 1093/6/1 1092/6/1
f 1099/6/1 1093/6/1 1098/6/1
f 1101/6/1 1098/6/1 1097/6/1
f 1101/6/1 1100/6/1 1099/6/1
f 1101/6/1 1099/6/1 1098/6/1
f 1102/6/1 1100/6/1 1101/6/1
f 1103/6/1 1100/6/1 1102/6/1
f 1104/6/1 1100/6/1 1103/6/1
f 1106/6/1 1103/6/1 1102/6/1
f 1107/6/1 1103/6/1 1106/6/1
f 1108/6/1 1105/6/1 1104/6/1
f 1109/6/1 1105/6/1 1108/6/1
f 1115/6/1 1112/6/1 1111/6/1
f 1116/6/1 1112/6/1 1115/6/1
f 1117/7/1 1113/7/1 1112/7/1
f 1117/6/1 1112/6/1 1116/6/1
f 1118/7/1 1113/7/1 1117/7/1
f 1119/6/1 1110/6/1 1109/6/1
f 1119/6/1 1108/6/1 1107/6/1
f 1119/6/1 1109/6/1 1108/6/1
f 1120/6/1 1110/6/1 1119/6/1
f 1121/6/1 1110/6/1 1120/6/1
f 1122/6/1 1115/6/1 1114/6/1
f 1122/6/1 1116/6/1 1115/6/1
f 1123/6/1 1116/6/1 1122/6/1
f 1124/6/1 1116/6/1 1123/6/1
f 1127/6/1 1121/6/1 1120/6/1
f 1127/6/1 1122/6/1 1121/6/1
f 1127/6/1 1123/6/1 1122/6/1
f 1128/6/1 1123/6/1 1127/6/1
f 1131/10/1 1126/10/1 1125/10/1
f 1132/10/1 1126/10/1 1131/10/1
f 1133/6/1 1127/6/1 1120/6/1
f 1134/6/1 1127/6/1 1133/6/1
f 1135/6/1 1130/6/1 1129/6/1
f 1136/6/1 1130/6/1 1135/6/1
f 1139/6/1 1138/6/1 1137/6/1
f 1140/6/1 1138/6/1 1139/6/1
f 1143/6/1 1142/6/1 1141/6/1
f 1144/6/1 1142/6/1 1143/6/1
f 1147/6/1 1146/6/1 1145/6/1
f 1148/6/1 1146/6/1 1147/6/1
f 1155/6/1 1150/6/1 1149/6/1
f 1156/6/1 1150/6/1 1155/6/1
f 1157/6/1 1152/6/1 1151/6/1
f 1158/6/1 1152/6/1 1157/6/1
f 1159/6/1 1154/6/1 1153/6/1
f 1160/6/1 1154/6/1 1159/6/1
f 1165/6/1 1162/6/1 1161/6/1
f 1166/6/1 1162/6/1 1165/6/1
f 1170/6/1 1167/6/1 1166/6/1
f 1171/6/1 1169/6/1 1168/6/1
f 1172/6/1 1169/6/1 1171/6/1
f 1173/10/1 1164/10/1 1163/10/1
f 1174/10/1 1164/10/1 1173/10/1
f 1177/6/1 1170/6/1 1166/6/1
f 1178/6/1 1170/6/1 1177/6/1
f 1179/6/1 1176/6/1 1175/6/1
f 1180/6/1 1176/6/1 1179/6/1
f 1183/6/1 1182/6/1 1181/6/1
f 1184/6/1 1182/6/1 1183/6/1
f 1191/6/1 1186/6/1 1185/6/1
f 1192/6/1 1186/6/1 1191/6/1
f 1195/6/1 1188/6/1 1187/6/1
f 1196/10/1 1193/10/1 1192/10/1
f 1196/6/1 1191/6/1 1190/6/1
f 1196/6/1 1192/6/1 1191/6/1
f 1197/10/1 1193/10/1 1196/10/1
f 1199/6/1 1195/6/1 1194/6/1
f 1200/6/1 1196/6/1 1190/6/1
f 1201/6/1 1196/6/1 1200/6/1
f 1203/6/1 1199/6/1 1198/6/1
f 1204/6/1 1199/6/1 1203/6/1
f 1205/6/1 1199/6/1 1204/6/1
f 1206/6/1 1203/6/1 1202/6/1
f 1206/6/1 1204/6/1 1203/6/1
f 1207/6/1 1204/6/1 1206/6/1
f 1208/6/1 1199/6/1 1205/6/1
f 1209/6/1 1195/6/1 1199/6/1
f 1209/6/1 1199/6/1 1208/6/1
f 1210/6/1 1206/6/1 1202/6/1
f 1212/6/1 1195/6/1 1209/6/1
f 1213/5/1 1189/5/1 1188/5/1
f 1213/6/1 1195/6/1 1212/6/1
f 1213/6/1 1188/6/1 1195/6/1
f 1214/6/1 1211/6/1 1210/6/1
f 1214/6/1 1210/6/1 1202/6/1
f 1215/6/1 1211/6/1 1214/6/1
f 1216/5/1 1189/5/1 1213/5/1
f 1217/5/1 1189/5/1 1216/5/1
f 1218/6/1 1211/6/1 1215/6/1
f 1219/6/1 1211/6/1 1218/6/1
f 1224/6/1 1221/6/1 1220/6/1
f 1225/6/1 1221/6/1 1224/6/1
f 1229/6/1 1223/6/1 1222/6/1
f 1230/6/1 1223/6/1 1229/6/1
f 1231/6/1 1227/6/1 1226/6/1
f 1232/6/1 1227/6/1 1231/6/1
f 1241/6/1 1236/6/1 1235/6/1
f 1242/6/1 1236/6/1 1241/6/1
f 1243/6/1 1238/6/1 1237/6/1
f 1244/6/1 1238/6/1 1243/6/1
f 1245/6/1 1234/6/1 1233/6/1
f 1246/6/1 1234/6/1 1245/6/1
f 1247/6/1 1240/6/1 1239/6/1
f 1248/6/1 1240/6/1 1247/6/1
f 1251/6/1 1229/6/1 1228/6/1
f 1252/6/1 1229/6/1 1251/6/1
f 1256/6/1 1250/6/1 1249/6/1
f 1257/6/1 1250/6/1 1256/6/1
f 1258/6/1 1253/6/1 1252/6/1
f 1259/6/1 1253/6/1 1258/6/1
f 1260/6/1 1255/6/1 1254/6/1
f 1261/6/1 1255/6/1 1260/6/1
f 1266/10/1 1263/10/1 1262/10/1
f 1267/10/1 1263/10/1 1266/10/1
f 1268/6/1 1265/6/1 1264/6/1
f 1270/6/1 1269/6/1 1268/6/1
f 1274/6/1 1268/6/1 1264/6/1
f 1274/6/1 1270/6/1 1268/6/1
f 1275/10/1 1271/10/1 1270/10/1
f 1275/6/1 1270/6/1 1274/6/1
f 1276/10/1 1271/10/1 1275/10/1
f 1277/10/1 1271/10/1 1276/10/1
f 1278/6/1 1273/6/1 1272/6/1
f 1279/6/1 1273/6/1 1278/6/1
f 1280/6/1 1274/6/1 1264/6/1
f 1281/6/1 1274/6/1 1280/6/1
f 1282/10/1 1276/10/1 1275/10/1
f 1283/10/1 1276/10/1 1282/10/1
f 1286/6/1 1285/6/1 1284/6/1
f 1287/6/1 1285/6/1 1286/6/1
f 1291/6/1 1289/6/1 1288/6/1
f 1292/6/1 1289/6/1 1291/6/1
f 1294/6/1 1291/6/1 1290/6/1
f 1294/6/1 1293/6/1 1292/6/1
f 1294/6/1 1292/6/1 1291/6/1
f 1295/6/1 1293/6/1 1294/6/1
f 1296/6/1 1293/6/1 1295/6/1
f 1298/6/1 1297/6/1 1296/6/1
f 1298/6/1 1296/6/1 1295/6/1
f 1299/6/1 1297/6/1 1298/6/1
f 1300/6/1 1297/6/1 1299/6/1
f 1301/6/1 1298/6/1 1295/6/1
f 1302/6/1 1298/6/1 1301/6/1
f 1303/6/1 1300/6/1 1299/6/1
f 1304/6/1 1300/6/1 1303/6/1
f 1305/6/1 1301/6/1 1295/6/1
f 1309/6/1 1305/6/1 1295/6/1
f 1309/6/1 1306/6/1 1305/6/1
f 1310/6/1 1306/6/1 1309/6/1
f 1311/6/1 1308/6/1 1307/6/1
f 1312/6/1 1308/6/1 1311/6/1
f 1316/6/1 1314/6/1 1313/6/1
f 1317/6/1 1314/6/1 1316/6/1
f 1318/6/1 1314/6/1 1317/6/1
f 1319/6/1 1314/6/1 1318/6/1
f 1321/6/1 1316/6/1 1315/6/1
f 1321/6/1 1317/6/1 1316/6/1
f 1322/6/1 1317/6/1 1321/6/1
f 1323/6/1 1320/6/1 1319/6/1
f 1323/6/1 1319/6/1 1318/6/1
f 1324/6/1 1320/6/1 1323/6/1
f 1329/6/1 1326/6/1 1325/6/1
f 1330/6/1 1326/6/1 1329/6/1
f 1333/6/1 1321/6/1 1315/6/1
f 1335/6/1 1320/6/1 1324/6/1
f 1336/6/1 1320/6/1 1335/6/1
f 1339/6/1 1328/6/1 1327/6/1
f 1340/6/1 1328/6/1 1339/6/1
f 1341/6/1 1332/6/1 1331/6/1
f 1342/6/1 1332/6/1 1341/6/1
f 1343/6/1 1334/6/1 1333/6/1
f 1343/6/1 1333/6/1 1315/6/1
f 1344/6/1 1334/6/1 1343/6/1
f 1345/6/1 1337/6/1 1336/6/1
f 1346/6/1 1337/6/1 1345/6/1
f 1347/6/1 1339/6/1 1338/6/1
f 1348/6/1 1339/6/1 1347/6/1
f 1351/6/1 1334/6/1 1344/6/1
f 1352/6/1 1334/6/1 1351/6/1
f 1353/6/1 1350/6/1 1349/6/1
f 1354/6/1 1350/6/1 1353/6/1
f 1357/6/1 1356/6/1 1355/6/1
f 1358/6/1 1356/6/1 1357/6/1
f 1363/10/1 1360/10/1 1359/10/1
f 1364/10/1 1360/10/1 1363/10/1
f 1365/6/1 1362/6/1 1361/6/1
f 1366/6/1 1362/6/1 1365/6/1
f 1369/6/1 1368/6/1 1367/6/1
f 1370/6/1 1368/6/1 1369/6/1
f 1373/6/1 1372/6/1 1371/6/1
f 1374/6/1 1372/6/1 1373/6/1
f 1379/6/1 1376/6/1 1375/6/1
f 1380/6/1 1376/6/1 1379/6/1
f 1382/6/1 1378/6/1 1377/6/1
f 1383/6/1 1378/6/1 1382/6/1
f 1385/6/1 1384/6/1 1383/6/1
f 1385/6/1 1383/6/1 1382/6/1
f 1385/6/1 1382/6/1 1381/6/1
f 1386/6/1 1384/6/1 1385/6/1
f 1387/6/1 1384/6/1 1386/6/1
f 1388/6/1 1384/6/1 1387/6/1
f 1389/6/1 1387/6/1 1386/6/1
f 1390/6/1 1387/6/1 1389/6/1
f 1394/6/1 1392/6/1 1391/6/1
f 1395/6/1 1392/6/1 1394/6/1
f 1399/6/1 1394/6/1 1393/6/1
f 1399/6/1 1395/6/1 1394/6/1
f 1399/6/1 1396/6/1 1395/6/1
f 1400/6/1 1396/6/1 1399/6/1
f 1401/6/1 1396/6/1 1400/6/1
f 1403/6/1 1398/6/1 1397/6/1
f 1404/6/1 1398/6/1 1403/6/1
f 1406/6/1 1402/6/1 1401/6/1
f 1406/6/1 1401/6/1 1400/6/1
f 1407/6/1 1402/6/1 1406/6/1
f 1408/6/1 1405/6/1 1404/6/1
f 1409/6/1 1405/6/1 1408/6/1
f 1414/6/1 1411/6/1 1410/6/1
f 1415/6/1 1411/6/1 1414/6/1
f 1417/6/1 1413/6/1 1412/6/1
f 1418/6/1 1413/6/1 1417/6/1
f 1419/6/1 1417/6/1 1416/6/1
f 1420/6/1 1417/6/1 1419/6/1
f 1424/3/1 1422/3/1 1421/3/1
f 1425/3/1 1422/3/1 1424/3/1
f 1425/3/1 1424/3/1 1423/3/1
f 1426/3/1 1422/3/1 1425/3/1
f 1427/3/1 1425/3/1 1423/3/1
f 1430/3/1 1428/3/1 1427/3/1
f 1430/3/1 1429/3/1 1428/3/1
f 1431/3/1 1427/3/1 1423/3/1
f 1431/3/1 1430/3/1 1427/3/1
f 1432/3/1 1430/3/1 1431/3/1
f 1433/3/1 1430/3/1 1432/3/1
f 1434/3/1 1430/3/1 1433/3/1
f 1437/3/1 1430/3/1 1434/3/1
f 1438/3/1 1430/3/1 1437/3/1
f 1439/6/1 1436/6/1 1435/6/1
f 1440/6/1 1436/6/1 1439/6/1
f 1441/3/1 1430/3/1 1438/3/1
f 1442/3/1 1430/3/1 1441/3/1
f 1445/3/1 1430/3/1 1442/3/1
f 1446/3/1 1430/3/1 1445/3/1
f 1447/6/1 1444/6/1 1443/6/1
f 1448/6/1 1444/6/1 1447/6/1
f 1451/6/1 1450/6/1 1449/6/1
f 1452/6/1 1450/6/1 1451/6/1
f 1455/6/1 1454/6/1 1453/6/1
f 1456/6/1 1454/6/1 1455/6/1
f 1459/6/1 1458/6/1 1457/6/1
f 1460/6/1 1458/6/1 1459/6/1
f 1462/6/1 1461/6/1 1460/6/1
f 1463/6/1 1461/6/1 1462/6/1
f 1468/6/1 1465/6/1 1464/6/1
f 1469/6/1 1465/6/1 1468/6/1
f 1471/6/1 1467/6/1 1466/6/1
f 1472/6/1 1467/6/1 1471/6/1
f 1477/6/1 1471/6/1 1470/6/1
f 1478/6/1 1471/6/1 1477/6/1
f 1479/3/1 1474/3/1 1473/3/1
f 1480/3/1 1474/3/1 1479/3/1
f 1482/10/1 1476/10/1 1475/10/1
f 1483/10/1 1476/10/1 1482/10/1
f 1484/6/1 1482/6/1 1481/6/1
f 1485/6/1 1482/6/1 1484/6/1
f 1487/6/1 1486/6/1 1485/6/1
f 1488/6/1 1486/6/1 1487/6/1
f 1491/6/1 1490/6/1 1489/6/1
f 1492/6/1 1490/6/1 1491/6/1
f 1495/6/1 1494/6/1 1493/6/1
f 1496/6/1 1494/6/1 1495/6/1
f 1501/5/1 1498/5/1 1497/5/1
f 1502/5/1 1498/5/1 1501/5/1
f 1508/6/1 1504/6/1 1503/6/1
f 1509/6/1 1504/6/1 1508/6/1
f 1510/6/1 1506/6/1 1505/6/1
f 1511/6/1 1506/6/1 1510/6/1
f 1512/6/1 1506/6/1 1511/6/1
f 1516/6/1 1508/6/1 1507/6/1
f 1517/6/1 1508/6/1 1516/6/1
f 1518/10/1 1512/10/1 1511/10/1
f 1519/6/1 1513/6/1 1512/6/1
f 1519/10/1 1512/10/1 1518/10/1
f 1520/6/1 1513/6/1 1519/6/1
f 1521/6/1 1513/6/1 1520/6/1
f 1524/6/1 1523/6/1 1522/6/1
f 1525/6/1 1523/6/1 1524/6/1
f 1526/5/1 1515/5/1 1514/5/1
f 1527/5/1 1515/5/1 1526/5/1
f 1528/10/1 1527/10/1 1526/10/1
f 1529/10/1 1527/10/1 1528/10/1
f 1530/5/1 1500/5/1 1499/5/1
f 1531/5/1 1500/5/1 1530/5/1
f 1532/5/1 1529/5/1 1528/5/1
f 1533/5/1 1529/5/1 1532/5/1
f 1536/5/1 1535/5/1 1534/5/1
f 1537/5/1 1535/5/1 1536/5/1
f 1540/6/1 1539/6/1 1538/6/1
f 1541/6/1 1539/6/1 1540/6/1
f 1545/6/1 1543/6/1 1542/6/1
f 1546/6/1 1543/6/1 1545/6/1
f 1549/6/1 1548/6/1 1547/6/1
f 1550/6/1 1548/6/1 1549/6/1
f 1552/6/1 1545/6/1 1544/6/1
f 1553/6/1 1545/6/1 1552/6/1
f 1554/6/1 1551/6/1 1550/6/1
f 1555/6/1 1551/6/1 1554/6/1
f 1560/5/1 1557/5/1 1556/5/1
f 1561/5/1 1557/5/1 1560/5/1
f 1562/5/1 1559/5/1 1558/5/1
f 1563/5/1 1559/5/1 1562/5/1
f 1570/6/1 1565/6/1 1564/6/1
f 1571/6/1 1565/6/1 1570/6/1
f 1572/6/1 1567/6/1 1566/6/1
f 1573/6/1 1567/6/1 1572/6/1
f 1574/6/1 1569/6/1 1568/6/1
f 1575/6/1 1569/6/1 1574/6/1
f 1580/6/1 1577/6/1 1576/6/1
f 1581/6/1 1577/6/1 1580/6/1
f 1585/6/1 1579/6/1 1578/6/1
f 1586/6/1 1583/6/1 1582/6/1
f 1587/6/1 1583/6/1 1586/6/1
f 1589/6/1 1585/6/1 1584/6/1
f 1590/6/1 1579/6/1 1585/6/1
f 1590/6/1 1585/6/1 1589/6/1
f 1591/6/1 1588/6/1 1587/6/1
f 1592/6/1 1588/6/1 1591/6/1
f 1595/6/1 1594/6/1 1593/6/1
f 1596/6/1 1594/6/1 1595/6/1
f 1599/5/1 1598/5/1 1597/5/1
f 1600/5/1 1598/5/1 1599/5/1
f 1605/6/1 1602/6/1 1601/6/1
f 1606/6/1 1602/6/1 1605/6/1
f 1610/6/1 1604/6/1 1603/6/1
f 1611/6/1 1604/6/1 1610/6/1
f 1612/6/1 1604/6/1 1611/6/1
f 1613/6/1 1608/6/1 1607/6/1
f 1614/6/1 1608/6/1 1613/6/1
f 1615/6/1 1610/6/1 1609/6/1
f 1615/6/1 1611/6/1 1610/6/1
f 1616/6/1 1611/6/1 1615/6/1
f 1619/6/1 1618/6/1 1617/6/1
f 1620/6/1 1618/6/1 1619/6/1
f 1621/6/1 1615/6/1 1609/6/1
f 1622/6/1 1615/6/1 1621/6/1
f 1627/6/1 1624/6/1 1623/6/1
f 1628/6/1 1624/6/1 1627/6/1
f 1630/6/1 1626/6/1 1625/6/1
f 1631/6/1 1626/6/1 1630/6/1
f 1632/10/1 1630/10/1 1629/10/1
f 1633/10/1 1630/10/1 1632/10/1
f 1634/6/1 1633/6/1 1632/6/1
f 1635/6/1 1633/6/1 1634/6/1
f 1638/10/1 1637/10/1 1636/10/1
f 1639/10/1 1637/10/1 1638/10/1
f 1642/6/1 1641/6/1 1640/6/1
f 1643/6/1 1641/6/1 1642/6/1
f 1646/6/1 1645/6/1 1644/6/1
f 1647/6/1 1645/6/1 1646/6/1
f 1650/6/1 1649/6/1 1648/6/1
f 1651/6/1 1649/6/1 1650/6/1
f 1654/6/1 1653/6/1 1652/6/1
f 1655/6/1 1653/6/1 1654/6/1
f 1659/6/1 1657/6/1 1656/6/1
f 1660/6/1 1657/6/1 1659/6/1
f 1665/6/1 1659/6/1 1658/6/1
f 1666/6/1 1659/6/1 1665/6/1
f 1667/6/1 1659/6/1 1666/6/1
f 1668/6/1 1661/6/1 1660/6/1
f 1669/6/1 1661/6/1 1668/6/1
f 1670/6/1 1663/6/1 1662/6/1
f 1671/6/1 1663/6/1 1670/6/1
f 1672/6/1 1665/6/1 1664/6/1
f 1672/6/1 1666/6/1 1665/6/1
f 1673/6/1 1666/6/1 1672/6/1
f 1676/6/1 1675/6/1 1674/6/1
f 1677/6/1 1675/6/1 1676/6/1
f 1680/10/1 1679/10/1 1678/10/1
f 1681/10/1 1679/10/1 1680/10/1
f 1684/10/1 1683/10/1 1682/10/1
f 1685/10/1 1683/10/1 1684/10/1
f 1688/6/1 1687/6/1 1686/6/1
f 1689/6/1 1687/6/1 1688/6/1
f 1694/6/1 1691/6/1 1690/6/1
f 1695/6/1 1691/6/1 1694/6/1
f 1698/6/1 1693/6/1 1692/6/1
f 1699/6/1 1693/6/1 1698/6/1
f 1700/6/1 1697/6/1 1696/6/1
f 1701/6/1 1697/6/1 1700/6/1
f 1704/6/1 1703/6/1 1702/6/1
f 1705/6/1 1703/6/1 1704/6/1
f 1708/6/1 1707/6/1 1706/6/1
f 1709/6/1 1707/6/1 1708/6/1
f 1715/6/1 1711/6/1 1710/6/1
f 1716/6/1 1711/6/1 1715/6/1
f 1718/6/1 1713/6/1 1712/6/1
f 1719/6/1 1713/6/1 1718/6/1
f 1720/6/1 1713/6/1 1719/6/1
f 1721/6/1 1713/6/1 1720/6/1
f 1723/5/1 1715/5/1 1714/5/1
f 1724/5/1 1715/5/1 1723/5/1
f 1727/6/1 1718/6/1 1717/6/1
f 1727/6/1 1719/6/1 1718/6/1
f 1728/6/1 1719/6/1 1727/6/1
f 1729/6/1 1722/6/1 1721/6/1
f 1729/6/1 1721/6/1 1720/6/1
f 1730/6/1 1722/6/1 1729/6/1
f 1731/6/1 1726/6/1 1725/6/1
f 1732/6/1 1726/6/1 1731/6/1
f 1733/6/1 1722/6/1 1730/6/1
f 1734/6/1 1722/6/1 1733/6/1
f 1738/10/1 1736/10/1 1735/10/1
f 1739/10/1 1736/10/1 1738/10/1
f 1741/6/1 1738/6/1 1737/6/1
f 1742/6/1 1738/6/1 1741/6/1
f 1745/6/1 1738/6/1 1742/6/1
f 1746/6/1 1738/6/1 1745/6/1
f 1747/6/1 1745/6/1 1742/6/1
f 1748/6/1 1745/6/1 1747/6/1
f 1749/10/1 1744/10/1 1743/10/1
f 1751/6/1 1741/6/1 1740/6/1
f 1752/6/1 1741/6/1 1751/6/1
f 1753/10/1 1750/10/1 1749/10/1
f 1753/10/1 1749/10/1 1743/10/1
f 1754/10/1 1750/10/1 1753/10/1
f 1755/10/1 1750/10/1 1754/10/1
f 1757/10/1 1755/10/1 1754/10/1
f 1758/6/1 1756/6/1 1755/6/1
f 1758/10/1 1755/10/1 1757/10/1
f 1759/6/1 1756/6/1 1758/6/1
f 1760/6/1 1756/6/1 1759/6/1
f 1763/6/1 1762/6/1 1761/6/1
f 1764/6/1 1762/6/1 1763/6/1
f 1767/5/1 1766/5/1 1765/5/1
f 1769/5/1 1767/5/1 1765/5/1
f 1769/6/1 1768/6/1 1767/6/1
f 1770/6/1 1768/6/1 1769/6/1
f 1771/5/1 1769/5/1 1765/5/1
f 1772/5/1 1769/5/1 1771/5/1
f 1776/6/1 1774/6/1 1773/6/1
f 1777/6/1 1774/6/1 1776/6/1
f 1781/6/1 1776/6/1 1775/6/1
f 1781/6/1 1777/6/1 1776/6/1
f 1781/6/1 1778/6/1 1777/6/1
f 1782/6/1 1778/6/1 1781/6/1
f 1786/6/1 1780/6/1 1779/6/1
f 1787/6/1 1780/6/1 1786/6/1
f 1788/6/1 1784/6/1 1783/6/1
f 1789/6/1 1784/6/1 1788/6/1
f 1790/6/1 1786/6/1 1785/6/1
f 1791/6/1 1786/6/1 1790/6/1
f 1796/6/1 1793/6/1 1792/6/1
f 1797/6/1 1793/6/1 1796/6/1
f 1800/6/1 1795/6/1 1794/6/1
f 1801/6/1 1795/6/1 1800/6/1
f 1804/6/1 1799/6/1 1798/6/1
f 1805/6/1 1803/6/1 1802/6/1
f 1806/6/1 1803/6/1 1805/6/1
f 1807/6/1 1804/6/1 1798/6/1
f 1807/6/1 1805/6/1 1804/6/1
f 1808/6/1 1805/6/1 1807/6/1
f 1811/6/1 1810/6/1 1809/6/1
f 1812/6/1 1810/6/1 1811/6/1
f 1817/6/1 1814/6/1 1813/6/1
f 1818/6/1 1814/6/1 1817/6/1
f 1819/5/1 1816/5/1 1815/5/1
f 1820/5/1 1816/5/1 1819/5/1
f 1824/6/1 1822/6/1 1821/6/1
f 1825/6/1 1822/6/1 1824/6/1
f 1826/6/1 1822/6/1 1825/6/1
f 1830/6/1 1824/6/1 1823/6/1
f 1830/6/1 1825/6/1 1824/6/1
f 1831/6/1 1825/6/1 1830/6/1
f 1832/6/1 1825/6/1 1831/6/1
f 1833/6/1 1828/6/1 1827/6/1
f 1834/6/1 1828/6/1 1833/6/1
f 1835/6/1 1830/6/1 1829/6/1
f 1835/6/1 1831/6/1 1830/6/1
f 1836/6/1 1831/6/1 1835/6/1
f 1837/6/1 1831/6/1 1836/6/1
f 1841/6/1 1836/6/1 1835/6/1
f 1842/6/1 1836/6/1 1841/6/1
f 1843/6/1 1839/6/1 1838/6/1
f 1844/6/1 1839/6/1 1843/6/1
f 1845/6/1 1841/6/1 1840/6/1
f 1846/6/1 1841/6/1 1845/6/1
f 1849/6/1 1848/6/1 1847/6/1
f 1850/6/1 1848/6/1 1849/6/1
f 1853/6/1 1852/6/1 1851/6/1
f 1854/6/1 1852/6/1 1853/6/1
f 1858/6/1 1856/6/1 1855/6/1
f 1859/6/1 1856/6/1 1858/6/1
f 1860/6/1 1856/6/1 1859/6/1
f 1863/6/1 1858/6/1 1857/6/1
f 1863/6/1 1859/6/1 1858/6/1
f 1864/6/1 1859/6/1 1863/6/1
f 1865/6/1 1859/6/1 1864/6/1
f 1866/6/1 1861/6/1 1860/6/1
f 1867/6/1 1861/6/1 1866/6/1
f 1868/6/1 1863/6/1 1862/6/1
f 1868/6/1 1864/6/1 1863/6/1
f 1869/6/1 1864/6/1 1868/6/1
f 1872/6/1 1864/6/1 1869/6/1
f 1873/6/1 1864/6/1 1872/6/1
f 1874/6/1 1871/6/1 1870/6/1
f 1875/6/1 1871/6/1 1874/6/1
f 1880/6/1 1877/6/1 1876/6/1
f 1881/6/1 1877/6/1 1880/6/1
f 1882/6/1 1879/6/1 1878/6/1
f 1883/6/1 1879/6/1 1882/6/1
f 1887/6/1 1885/6/1 1884/6/1
f 1888/5/1 1886/5/1 1885/5/1
f 1888/6/1 1885/6/1 1887/6/1
f 1889/5/1 1886/5/1 1888/5/1
f 1890/5/1 1886/5/1 1889/5/1
f 1894/5/1 1892/5/1 1891/5/1
f 1895/6/1 1894/6/1 1893/6/1
f 1896/5/1 1892/5/1 1894/5/1
f 1896/6/1 1894/6/1 1895/6/1
f 1897/5/1 1892/5/1 1896/5/1
f 1901/6/1 1899/6/1 1898/6/1
f 1902/6/1 1899/6/1 1901/6/1
f 1903/6/1 1899/6/1 1902/6/1
f 1904/6/1 1899/6/1 1903/6/1
f 1906/6/1 1901/6/1 1900/6/1
f 1906/6/1 1902/6/1 1901/6/1
f 1907/6/1 1902/6/1 1906/6/1
f 1908/6/1 1905/6/1 1904/6/1
f 1908/6/1 1904/6/1 1903/6/1
f 1909/6/1 1905/6/1 1908/6/1
f 1910/6/1 1906/6/1 1900/6/1
f 1911/6/1 1906/6/1 1910/6/1
f 1912/6/1 1905/6/1 1909/6/1
f 1913/6/1 1905/6/1 1912/6/1
f 1917/6/1 1915/6/1 1914/6/1
f 1918/6/1 1915/6/1 1917/6/1
f 1919/6/1 1917/6/1 1916/6/1
f 1920/6/1 1917/6/1 1919/6/1
f 1923/6/1 1922/6/1 1921/6/1
f 1927/6/1 1926/6/1 1925/6/1
f 1928/6/1 1926/6/1 1927/6/1
f 1929/6/1 1923/6/1 1921/6/1
f 1929/5/1 1924/5/1 1923/5/1
f 1930/5/1 1924/5/1 1929/5/1
f 1931/6/1 1929/6/1 1921/6/1
f 1932/6/1 1929/6/1 1931/6/1
f 1936/6/1 1934/6/1 1933/6/1
f 1937/6/1 1934/6/1 1936/6/1
f 1938/6/1 1934/6/1 1937/6/1
f 1939/6/1 1934/6/1 1938/6/1
f 1941/6/1 1936/6/1 1935/6/1
f 1941/6/1 1937/6/1 1936/6/1
f 1942/6/1 1937/6/1 1941/6/1
f 1943/6/1 1940/6/1 1939/6/1
f 1943/6/1 1939/6/1 1938/6/1
f 1944/6/1 1940/6/1 1943/6/1
f 1947/6/1 1946/6/1 1945/6/1
f 1948/6/1 1946/6/1 1947/6/1
f 1950/6/1 1949/6/1 1948/6/1
f 1951/6/1 1949/6/1 1950/6/1
f 1957/6/1 1953/6/1 1952/6/1
f 1958/6/1 1953/6/1 1957/6/1
f 1961/6/1 1955/6/1 1954/6/1
f 1962/6/1 1955/6/1 1961/6/1
f 1963/3/1 1960/3/1 1959/3/1
f 1964/3/1 1960/3/1 1963/3/1
f 1965/6/1 1957/6/1 1956/6/1
f 1966/6/1 1957/6/1 1965/6/1
f 1967/3/1 1963/3/1 1959/3/1
f 1968/3/1 1963/3/1 1967/3/1
f 1969/3/1 1960/3/1 1964/3/1
f 1970/3/1 1960/3/1 1969/3/1
f 1973/6/1 1972/6/1 1971/6/1
f 1974/6/1 1972/6/1 1973/6/1
f 1977/6/1 1976/6/1 1975/6/1
f 1978/6/1 1976/6/1 1977/6/1
f 1984/6/1 1980/6/1 1979/6/1
f 1985/6/1 1980/6/1 1984/6/1
f 1987/6/1 1982/6/1 1981/6/1
f 1988/6/1 1982/6/1 1987/6/1
f 1990/6/1 1989/6/1 1988/6/1
f 1990/6/1 1988/6/1 1987/6/1
f 1990/6/1 1987/6/1 1986/6/1
f 1991/6/1 1989/6/1 1990/6/1
f 1992/6/1 1989/6/1 1991/6/1
f 1993/6/1 1989/6/1 1992/6/1
f 1994/6/1 1989/6/1 1993/6/1
f 1996/6/1 1984/6/1 1983/6/1
f 1997/6/1 1984/6/1 1996/6/1
f 1998/6/1 1992/6/1 1991/6/1
f 1999/6/1 1992/6/1 1998/6/1
f 2000/6/1 1995/6/1 1994/6/1
f 2000/6/1 1994/6/1 1993/6/1
f 2001/6/1 1995/6/1 2000/6/1
f 2004/6/1 2003/6/1 2002/6/1
f 2005/6/1 2003/6/1 2004/6/1
f 2010/6/1 2007/6/1 2006/6/1
f 2011/6/1 2007/6/1 2010/6/1
f 2012/6/1 2009/6/1 2008/6/1
f 2013/6/1 2009/6/1 2012/6/1
f 2016/6/1 2015/6/1 2014/6/1
f 2017/6/1 2015/6/1 2016/6/1
f 2022/6/1 2019/6/1 2018/6/1
f 2023/6/1 2019/6/1 2022/6/1
f 2024/6/1 2021/6/1 2020/6/1
f 2025/6/1 2021/6/1 2024/6/1
f 2028/6/1 2027/6/1 2026/6/1
f 2029/6/1 2027/6/1 2028/6/1
f 2033/6/1 2031/6/1 2030/6/1
f 2034/6/1 2031/6/1 2033/6/1
f 2035/6/1 2033/6/1 2032/6/1
f 2036/6/1 2033/6/1 2035/6/1
f 2041/6/1 2038/6/1 2037/6/1
f 2043/6/1 2040/6/1 2039/6/1
f 2044/6/1 2040/6/1 2043/6/1
f 2045/6/1 2040/6/1 2044/6/1
f 2048/6/1 2042/6/1 2041/6/1
f 2048/6/1 2041/6/1 2037/6/1
f 2049/6/1 2042/6/1 2048/6/1
f 2050/6/1 2045/6/1 2044/6/1
f 2051/3/1 2046/3/1 2045/3/1
f 2051/6/1 2045/6/1 2050/6/1
f 2052/6/1 2047/6/1 2046/6/1
f 2052/3/1 2046/3/1 2051/3/1
f 2053/6/1 2047/6/1 2052/6/1
f 2054/6/1 2047/6/1 2053/6/1
f 2056/6/1 2048/6/1 2037/6/1
f 2057/6/1 2048/6/1 2056/6/1
f 2058/3/1 2052/3/1 2051/3/1
f 2059/3/1 2052/3/1 2058/3/1
f 2060/6/1 2055/6/1 2054/6/1
f 2060/6/1 2054/6/1 2053/6/1
f 2061/6/1 2055/6/1 2060/6/1
f 2062/6/1 2055/6/1 2061/6/1
f 2063/6/1 2055/6/1 2062/6/1
f 2064/10/1 2063/10/1 2062/10/1
f 2065/10/1 2063/10/1 2064/10/1
f 2068/10/1 2067/10/1 2066/10/1
f 2069/10/1 2067/10/1 2068/10/1
f 2072/10/1 2071/10/1 2070/10/1
f 2073/10/1 2071/10/1 2072/10/1
f 2076/6/1 2075/6/1 2074/6/1
f 2077/6/1 2075/6/1 2076/6/1
f 2080/6/1 2079/6/1 2078/6/1
f 2081/6/1 2079/6/1 2080/6/1
f 2085/6/1 2083/6/1 2082/6/1
f 2086/6/1 2083/6/1 2085/6/1
f 2087/6/1 2083/6/1 2086/6/1
f 2090/6/1 2085/6/1 2084/6/1
f 2090/6/1 2086/6/1 2085/6/1
f 2091/6/1 2086/6/1 2090/6/1
f 2094/6/1 2088/6/1 2087/6/1
f 2095/6/1 2088/6/1 2094/6/1
f 2098/10/1 2093/10/1 2092/10/1
f 2099/10/1 2093/10/1 2098/10/1
f 2104/6/1 2090/6/1 2089/6/1
f 2105/6/1 2090/6/1 2104/6/1
f 2107/10/1 2097/10/1 2096/10/1
f 2108/10/1 2097/10/1 2107/10/1
f 2109/10/1 2101/10/1 2100/10/1
f 2110/10/1 2101/10/1 2109/10/1
f 2111/10/1 2103/10/1 2102/10/1
f 2112/10/1 2103/10/1 2111/10/1
f 2114/10/1 2107/10/1 2106/10/1
f 2115/10/1 2107/10/1 2114/10/1
f 2116/10/1 2113/10/1 2112/10/1
f 2116/10/1 2112/10/1 2111/10/1
f 2116/10/1 2111/10/1 2110/10/1
f 2117/10/1 2113/10/1 2116/10/1
f 2118/10/1 2113/10/1 2117/10/1
f 2119/10/1 2118/10/1 2117/10/1
f 2120/10/1 2118/10/1 2119/10/1
f 2123/10/1 2122/10/1 2121/10/1
f 2124/10/1 2122/10/1 2123/10/1
f 2127/10/1 2126/10/1 2125/10/1
f 2128/10/1 2126/10/1 2127/10/1
f 2131/10/1 2130/10/1 2129/10/1
f 2132/10/1 2130/10/1 2131/10/1
f 2135/9/1 2134/9/1 2133/9/1
f 2140/6/1 2137/6/1 2136/6/1
f 2141/6/1 2137/6/1 2140/6/1
f 2142/6/1 2139/6/1 2138/6/1
f 2143/6/1 2139/6/1 2142/6/1
f 2144/9/1 2134/9/1 2135/9/1
f 2145/9/1 2134/9/1 2144/9/1
f 2151/6/1 2148/6/1 2147/6/1
f 2152/6/1 2148/6/1 2151/6/1
f 2153/6/1 2150/6/1 2149/6/1
f 2154/6/1 2150/6/1 2153/6/1
f 2155/6/1 2146/6/1 2145/6/1
f 2155/6/1 2145/6/1 2144/6/1
f 2156/6/1 2146/6/1 2155/6/1
f 2157/6/1 2146/6/1 2156/6/1
f 2160/6/1 2159/6/1 2158/6/1
f 2161/6/1 2159/6/1 2160/6/1
f 2165/6/1 2163/6/1 2162/6/1
f 2166/6/1 2163/6/1 2165/6/1
f 2167/6/1 2165/6/1 2164/6/1
f 2168/6/1 2165/6/1 2167/6/1
f 2171/6/1 2167/6/1 2164/6/1
f 2172/6/1 2167/6/1 2171/6/1
f 2174/7/1 2170/7/1 2169/7/1
f 2175/7/1 2170/7/1 2174/7/1
f 2176/7/1 2170/7/1 2175/7/1
f 2177/7/1 2170/7/1 2176/7/1
f 2180/7/1 2174/7/1 2173/7/1
f 2180/7/1 2175/7/1 2174/7/1
f 2181/7/1 2175/7/1 2180/7/1
f 2182/7/1 2175/7/1 2181/7/1
f 2183/7/1 2178/7/1 2177/7/1
f 2183/7/1 2177/7/1 2176/7/1
f 2184/7/1 2178/7/1 2183/7/1
f 2185/7/1 2178/7/1 2184/7/1
f 2187/7/1 2181/7/1 2180/7/1
f 2187/7/1 2180/7/1 2179/7/1
f 2188/7/1 2181/7/1 2187/7/1
f 2189/7/1 2186/7/1 2185/7/1
f 2189/7/1 2185/7/1 2184/7/1
f 2190/7/1 2186/7/1 2189/7/1
f 2193/7/1 2192/7/1 2191/7/1
f 2194/7/1 2192/7/1 2193/7/1
f 2197/7/1 2196/7/1 2195/7/1
f 2198/7/1 2196/7/1 2197/7/1
f 2201/7/1 2200/7/1 2199/7/1
f 2202/7/1 2200/7/1 2201/7/1
f 2205/9/1 2204/9/1 2203/9/1
f 2206/9/1 2204/9/1 2205/9/1
f 2213/6/1 2210/6/1 2209/6/1
f 2214/6/1 2210/6/1 2213/6/1
f 2217/6/1 2212/6/1 2211/6/1
f 2218/6/1 2212/6/1 2217/6/1
f 2219/6/1 2216/6/1 2215/6/1
f 2220/6/1 2216/6/1 2219/6/1
f 2222/9/1 2208/9/1 2207/9/1
f 2223/9/1 2208/9/1 2222/9/1
f 2232/6/1 2225/6/1 2224/6/1
f 2233/6/1 2225/6/1 2232/6/1
f 2234/6/1 2227/6/1 2226/6/1
f 2235/6/1 2227/6/1 2234/6/1
f 2236/6/1 2231/6/1 2230/6/1
f 2237/6/1 2231/6/1 2236/6/1
f 2238/6/1 2222/6/1 2221/6/1
f 2238/6/1 2223/6/1 2222/6/1
f 2239/6/1 2223/6/1 2238/6/1
f 2240/6/1 2229/6/1 2228/6/1
f 2241/6/1 2229/6/1 2240/6/1
f 2244/6/1 2243/6/1 2242/6/1
f 2245/6/1 2243/6/1 2244/6/1
f 2248/6/1 2247/6/1 2246/6/1
f 2249/6/1 2247/6/1 2248/6/1
f 2254/6/1 2251/6/1 2250/6/1
f 2255/6/1 2251/6/1 2254/6/1
f 2256/6/1 2253/6/1 2252/6/1
f 2257/6/1 2253/6/1 2256/6/1
f 2261/6/1 2259/6/1 2258/6/1
f 2262/6/1 2259/6/1 2261/6/1
f 2265/6/1 2261/6/1 2260/6/1
f 2266/6/1 2261/6/1 2265/6/1
f 2267/6/1 2263/6/1 2262/6/1
f 2268/6/1 2263/6/1 2267/6/1
f 2272/6/1 2265/6/1 2264/6/1
f 2273/6/1 2265/6/1 2272/6/1
f 2275/7/1 2270/7/1 2269/7/1
f 2276/4/1 2271/4/1 2270/4/1
f 2276/7/1 2270/7/1 2275/7/1
f 2277/4/1 2271/4/1 2276/4/1
f 2280/7/1 2275/7/1 2274/7/1
f 2281/4/1 2276/4/1 2275/4/1
f 2281/7/1 2275/7/1 2280/7/1
f 2282/7/1 2277/7/1 2276/7/1
f 2282/4/1 2276/4/1 2281/4/1
f 2282/7/1 2278/7/1 2277/7/1
f 2283/7/1 2278/7/1 2282/7/1
f 2284/7/1 2278/7/1 2283/7/1
f 2286/7/1 2280/7/1 2279/7/1
f 2287/4/1 2281/4/1 2280/4/1
f 2287/7/1 2280/7/1 2286/7/1
f 2288/7/1 2282/7/1 2281/7/1
f 2288/4/1 2281/4/1 2287/4/1
f 2288/7/1 2283/7/1 2282/7/1
f 2289/7/1 2283/7/1 2288/7/1
f 2290/4/1 2284/4/1 2283/4/1
f 2290/7/1 2283/7/1 2289/7/1
f 2291/7/1 2285/7/1 2284/7/1
f 2291/4/1 2284/4/1 2290/4/1
f 2292/7/1 2285/7/1 2291/7/1
f 2293/7/1 2285/7/1 2292/7/1
f 2294/7/1 2285/7/1 2293/7/1
f 2296/7/1 2289/7/1 2288/7/1
f 2296/7/1 2288/7/1 2287/7/1
f 2297/4/1 2290/4/1 2289/4/1
f 2297/7/1 2289/7/1 2296/7/1
f 2298/7/1 2292/7/1 2291/7/1
f 2298/4/1 2290/4/1 2297/4/1
f 2298/7/1 2291/7/1 2290/7/1
f 2299/7/1 2292/7/1 2298/7/1
f 2300/7/1 2295/7/1 2294/7/1
f 2300/7/1 2294/7/1 2293/7/1
f 2301/7/1 2295/7/1 2300/7/1
f 2302/7/1 2295/7/1 2301/7/1
f 2304/7/1 2303/7/1 2302/7/1
f 2304/7/1 2302/7/1 2301/7/1
f 2305/7/1 2303/7/1 2304/7/1
f 2306/7/1 2303/7/1 2305/7/1
f 2307/7/1 2303/7/1 2306/7/1
f 2310/7/1 2309/7/1 2308/7/1
f 2311/7/1 2309/7/1 2310/7/1
f 2314/9/1 2313/9/1 2312/9/1
f 2315/9/1 2313/9/1 2314/9/1
f 2320/9/1 2317/9/1 2316/9/1
f 2321/9/1 2320/9/1 2316/9/1
f 2322/9/1 2320/9/1 2321/9/1
f 2325/2/1 2319/2/1 2318/2/1
f 2326/2/1 2319/2/1 2325/2/1
f 2328/6/1 2324/6/1 2323/6/1
f 2329/6/1 2324/6/1 2328/6/1
f 2330/6/1 2324/6/1 2329/6/1
f 2331/6/1 2324/6/1 2330/6/1
f 2333/6/1 2328/6/1 2327/6/1
f 2333/6/1 2329/6/1 2328/6/1
f 2334/6/1 2329/6/1 2333/6/1
f 2335/6/1 2332/6/1 2331/6/1
f 2335/6/1 2331/6/1 2330/6/1
f 2336/6/1 2332/6/1 2335/6/1
f 2338/6/1 2333/6/1 2327/6/1
f 2339/6/1 2333/6/1 2338/6/1
f 2344/6/1 2338/6/1 2337/6/1
f 2345/6/1 2338/6/1 2344/6/1
f 2347/6/1 2332/6/1 2336/6/1
f 2348/6/1 2341/6/1 2340/6/1
f 2349/6/1 2341/6/1 2348/6/1
f 2350/6/1 2343/6/1 2342/6/1
f 2351/6/1 2343/6/1 2350/6/1
f 2352/6/1 2347/6/1 2346/6/1
f 2352/6/1 2332/6/1 2347/6/1
f 2353/6/1 2332/6/1 2352/6/1
f 2354/6/1 2352/6/1 2346/6/1
f 2355/6/1 2352/6/1 2354/6/1
f 2358/6/1 2357/6/1 2356/6/1
f 2359/6/1 2357/6/1 2358/6/1
f 2367/6/1 2361/6/1 2360/6/1
f 2368/6/1 2361/6/1 2367/6/1
f 2369/6/1 2363/6/1 2362/6/1
f 2370/6/1 2363/6/1 2369/6/1
f 2371/6/1 2365/6/1 2364/6/1
f 2372/6/1 2365/6/1 2371/6/1
f 2375/6/1 2367/6/1 2366/6/1
f 2376/6/1 2367/6/1 2375/6/1
f 2377/6/1 2374/6/1 2373/6/1
f 2378/6/1 2374/6/1 2377/6/1
f 2381/10/1 2380/10/1 2379/10/1
f 2382/10/1 2380/10/1 2381/10/1
f 2387/9/1 2384/9/1 2383/9/1
f 2388/9/1 2384/9/1 2387/9/1
f 2389/2/1 2386/2/1 2385/2/1
f 2390/2/1 2386/2/1 2389/2/1
f 2395/2/1 2392/2/1 2391/2/1
f 2396/2/1 2392/2/1 2395/2/1
f 2399/2/1 2394/2/1 2393/2/1
f 2400/2/1 2394/2/1 2399/2/1
f 2402/6/1 2398/6/1 2397/6/1
f 2403/6/1 2398/6/1 2402/6/1
f 2406/6/1 2402/6/1 2401/6/1
f 2406/6/1 2404/6/1 2403/6/1
f 2406/6/1 2403/6/1 2402/6/1
f 2407/6/1 2406/6/1 2405/6/1
f 2408/6/1 2404/6/1 2406/6/1
f 2408/6/1 2406/6/1 2407/6/1
f 2409/6/1 2404/6/1 2408/6/1
f 2410/6/1 2404/6/1 2409/6/1
f 2413/6/1 2409/6/1 2408/6/1
f 2414/6/1 2409/6/1 2413/6/1
f 2415/6/1 2412/6/1 2411/6/1
f 2416/6/1 2412/6/1 2415/6/1
f 2419/6/1 2418/6/1 2417/6/1
f 2420/6/1 2418/6/1 2419/6/1
f 2425/6/1 2422/6/1 2421/6/1
f 2426/6/1 2422/6/1 2425/6/1
f 2429/6/1 2424/6/1 2423/6/1
f 2430/6/1 2424/6/1 2429/6/1
f 2431/6/1 2428/6/1 2427/6/1
f 2432/6/1 2428/6/1 2431/6/1
f 2435/9/1 2434/9/1 2433/9/1
f 2436/9/1 2434/9/1 2435/9/1
f 2441/9/1 2438/9/1 2437/9/1
f 2442/9/1 2438/9/1 2441/9/1
f 2443/2/1 2440/2/1 2439/2/1
f 2444/2/1 2440/2/1 2443/2/1
f 2447/2/1 2446/2/1 2445/2/1
f 2448/2/1 2446/2/1 2447/2/1
f 2453/2/1 2450/2/1 2449/2/1
f 2454/2/1 2450/2/1 2453/2/1
f 2455/2/1 2452/2/1 2451/2/1
f 2456/2/1 2452/2/1 2455/2/1
f 2461/6/1 2458/6/1 2457/6/1
f 2462/6/1 2458/6/1 2461/6/1
f 2463/6/1 2458/6/1 2462/6/1
f 2465/6/1 2460/6/1 2459/6/1
f 2466/6/1 2460/6/1 2465/6/1
f 2469/6/1 2464/6/1 2463/6/1
f 2469/6/1 2463/6/1 2462/6/1
f 2470/6/1 2464/6/1 2469/6/1
f 2471/6/1 2468/6/1 2467/6/1
f 2472/6/1 2468/6/1 2471/6/1
f 2476/6/1 2464/6/1 2470/6/1
f 2479/6/1 2474/6/1 2473/6/1
f 2480/6/1 2474/6/1 2479/6/1
f 2481/6/1 2474/6/1 2480/6/1
f 2482/6/1 2476/6/1 2475/6/1
f 2483/6/1 2464/6/1 2476/6/1
f 2483/6/1 2476/6/1 2482/6/1
f 2484/6/1 2464/6/1 2483/6/1
f 2485/6/1 2478/6/1 2477/6/1
f 2486/6/1 2478/6/1 2485/6/1
f 2487/6/1 2482/6/1 2481/6/1
f 2487/6/1 2481/6/1 2480/6/1
f 2487/6/1 2483/6/1 2482/6/1
f 2488/6/1 2483/6/1 2487/6/1
f 2491/2/1 2490/2/1 2489/2/1
f 2492/2/1 2490/2/1 2491/2/1
f 2501/6/1 2494/6/1 2493/6/1
f 2502/6/1 2494/6/1 2501/6/1
f 2503/6/1 2496/6/1 2495/6/1
f 2504/6/1 2496/6/1 2503/6/1
f 2505/2/1 2498/2/1 2497/2/1
f 2506/2/1 2498/2/1 2505/2/1
f 2507/6/1 2500/6/1 2499/6/1
f 2508/6/1 2500/6/1 2507/6/1
f 2511/6/1 2510/6/1 2509/6/1
f 2512/6/1 2510/6/1 2511/6/1
f 2516/6/1 2514/6/1 2513/6/1
f 2517/6/1 2514/6/1 2516/6/1
f 2521/6/1 2520/6/1 2519/6/1
f 2522/6/1 2520/6/1 2521/6/1
f 2525/6/1 2516/6/1 2515/6/1
f 2525/6/1 2517/6/1 2516/6/1
f 2525/6/1 2518/6/1 2517/6/1
f 2526/6/1 2518/6/1 2525/6/1
f 2527/6/1 2518/6/1 2526/6/1
f 2528/6/1 2518/6/1 2527/6/1
f 2529/6/1 2524/6/1 2523/6/1
f 2530/6/1 2524/6/1 2529/6/1
f 2531/6/1 2527/6/1 2526/6/1
f 2532/6/1 2527/6/1 2531/6/1
f 2535/6/1 2534/6/1 2533/6/1
f 2536/6/1 2534/6/1 2535/6/1
f 2539/6/1 2538/6/1 2537/6/1
f 2540/6/1 2538/6/1 2539/6/1
f 2544/9/1 2542/9/1 2541/9/1
f 2545/9/1 2542/9/1 2544/9/1
f 2546/2/1 2544/2/1 2543/2/1
f 2547/2/1 2544/2/1 2546/2/1
f 2552/6/1 2549/6/1 2548/6/1
f 2553/6/1 2549/6/1 2552/6/1
f 2558/6/1 2551/6/1 2550/6/1
f 2559/6/1 2551/6/1 2558/6/1
f 2560/6/1 2555/6/1 2554/6/1
f 2561/6/1 2555/6/1 2560/6/1
f 2562/2/1 2557/2/1 2556/2/1
f 2563/2/1 2557/2/1 2562/2/1
f 2568/6/1 2567/6/1 2566/6/1
f 2569/6/1 2567/6/1 2568/6/1
f 2570/6/1 2565/6/1 2564/6/1
f 2571/6/1 2565/6/1 2570/6/1
f 2578/6/1 2573/6/1 2572/6/1
f 2579/6/1 2573/6/1 2578/6/1
f 2580/6/1 2575/6/1 2574/6/1
f 2581/6/1 2575/6/1 2580/6/1
f 2584/6/1 2577/6/1 2576/6/1
f 2585/6/1 2577/6/1 2584/6/1
f 2586/6/1 2583/6/1 2582/6/1
f 2587/6/1 2583/6/1 2586/6/1
f 2588/6/1 2586/6/1 2582/6/1
f 2589/6/1 2586/6/1 2588/6/1
f 2594/6/1 2591/6/1 2590/6/1
f 2595/6/1 2591/6/1 2594/6/1
f 2596/6/1 2593/6/1 2592/6/1
f 2597/6/1 2593/6/1 2596/6/1
f 2604/6/1 2599/6/1 2598/6/1
f 2605/6/1 2599/6/1 2604/6/1
f 2606/6/1 2601/6/1 2600/6/1
f 2607/6/1 2601/6/1 2606/6/1
f 2609/6/1 2603/6/1 2602/6/1
f 2610/6/1 2603/6/1 2609/6/1
f 2611/6/1 2603/6/1 2610/6/1
f 2612/6/1 2603/6/1 2611/6/1
f 2616/6/1 2609/6/1 2608/6/1
f 2616/6/1 2610/6/1 2609/6/1
f 2617/6/1 2610/6/1 2616/6/1
f 2618/6/1 2613/6/1 2612/6/1
f 2618/6/1 2612/6/1 2611/6/1
f 2619/6/1 2613/6/1 2618/6/1
f 2620/6/1 2615/6/1 2614/6/1
f 2621/6/1 2615/6/1 2620/6/1
f 2622/6/1 2616/6/1 2608/6/1
f 2623/6/1 2616/6/1 2622/6/1
f 2629/6/1 2613/6/1 2619/6/1
f 2630/6/1 2625/6/1 2624/6/1
f 2631/6/1 2625/6/1 2630/6/1
f 2632/6/1 2627/6/1 2626/6/1
f 2633/6/1 2627/6/1 2632/6/1
f 2634/6/1 2629/6/1 2628/6/1
f 2635/6/1 2613/6/1 2629/6/1
f 2635/6/1 2629/6/1 2634/6/1
f 2636/6/1 2613/6/1 2635/6/1
f 2637/6/1 2635/6/1 2634/6/1
f 2637/6/1 2634/6/1 2633/6/1
f 2638/6/1 2635/6/1 2637/6/1
f 2641/6/1 2640/6/1 2639/6/1
f 2642/6/1 2640/6/1 2641/6/1
f 2647/6/1 2644/6/1 2643/6/1
f 2648/6/1 2644/6/1 2647/6/1
f 2649/6/1 2646/6/1 2645/6/1
f 2650/6/1 2646/6/1 2649/6/1
f 2653/6/1 2652/6/1 2651/6/1
f 2654/6/1 2652/6/1 2653/6/1
f 2659/6/1 2656/6/1 2655/6/1
f 2660/6/1 2656/6/1 2659/6/1
f 2665/6/1 2658/6/1 2657/6/1
f 2666/6/1 2658/6/1 2665/6/1
f 2667/6/1 2662/6/1 2661/6/1
f 2668/6/1 2662/6/1 2667/6/1
f 2670/6/1 2664/6/1 2663/6/1
f 2671/6/1 2664/6/1 2670/6/1
f 2676/6/1 2672/6/1 2671/6/1
f 2676/6/1 2671/6/1 2670/6/1
f 2676/6/1 2670/6/1 2669/6/1
f 2678/6/1 2674/6/1 2673/6/1
f 2679/6/1 2676/6/1 2675/6/1
f 2680/6/1 2672/6/1 2676/6/1
f 2680/6/1 2676/6/1 2679/6/1
f 2681/6/1 2672/6/1 2680/6/1
f 2682/6/1 2672/6/1 2681/6/1
f 2683/6/1 2672/6/1 2682/6/1
f 2684/6/1 2678/6/1 2677/6/1
f 2685/6/1 2674/6/1 2678/6/1
f 2685/6/1 2678/6/1 2684/6/1
f 2687/6/1 2682/6/1 2681/6/1
f 2688/6/1 2682/6/1 2687/6/1
f 2693/6/1 2690/6/1 2689/6/1
f 2694/6/1 2690/6/1 2693/6/1
f 2695/6/1 2692/6/1 2691/6/1
f 2696/6/1 2692/6/1 2695/6/1
f 2697/6/1 2687/6/1 2686/6/1
f 2698/6/1 2687/6/1 2697/6/1
f 2703/6/1 2700/6/1 2699/6/1
f 2704/6/1 2700/6/1 2703/6/1
f 2707/6/1 2702/6/1 2701/6/1
f 2708/6/1 2702/6/1 2707/6/1
f 2709/6/1 2706/6/1 2705/6/1
f 2710/6/1 2706/6/1 2709/6/1
f 2713/10/1 2712/10/1 2711/10/1
f 2714/10/1 2712/10/1 2713/10/1
f 2717/10/1 2716/10/1 2715/10/1
f 2718/10/1 2716/10/1 2717/10/1
f 2723/6/1 2720/6/1 2719/6/1
f 2724/6/1 2720/6/1 2723/6/1
f 2727/6/1 2722/6/1 2721/6/1
f 2728/6/1 2722/6/1 2727/6/1
f 2729/6/1 2722/6/1 2728/6/1
f 2730/6/1 2722/6/1 2729/6/1
f 2732/6/1 2725/6/1 2724/6/1
f 2733/6/1 2725/6/1 2732/6/1
f 2734/6/1 2727/6/1 2726/6/1
f 2734/6/1 2728/6/1 2727/6/1
f 2735/6/1 2728/6/1 2734/6/1
f 2736/6/1 2731/6/1 2730/6/1
f 2736/6/1 2730/6/1 2729/6/1
f 2737/6/1 2731/6/1 2736/6/1
f 2738/6/1 2731/6/1 2737/6/1
f 2743/6/1 2734/6/1 2726/6/1
f 2744/6/1 2738/6/1 2737/6/1
f 2744/6/1 2739/6/1 2738/6/1
f 2745/6/1 2739/6/1 2744/6/1
f 2748/6/1 2741/6/1 2740/6/1
f 2749/6/1 2741/6/1 2748/6/1
f 2750/6/1 2743/6/1 2742/6/1
f 2751/6/1 2734/6/1 2743/6/1
f 2751/6/1 2743/6/1 2750/6/1
f 2752/6/1 2734/6/1 2751/6/1
f 2756/6/1 2747/6/1 2746/6/1
f 2757/6/1 2747/6/1 2756/6/1
f 2758/6/1 2755/6/1 2754/6/1
f 2759/6/1 2755/6/1 2758/6/1
f 2760/6/1 2753/6/1 2752/6/1
f 2760/6/1 2752/6/1 2751/6/1
f 2761/6/1 2753/6/1 2760/6/1
f 2762/6/1 2753/6/1 2761/6/1
f 2765/6/1 2739/6/1 2745/6/1
f 2766/6/1 2763/6/1 2762/6/1
f 2766/6/1 2762/6/1 2761/6/1
f 2767/6/1 2763/6/1 2766/6/1
f 2768/6/1 2763/6/1 2767/6/1
f 2769/6/1 2765/6/1 2764/6/1
f 2770/6/1 2739/6/1 2765/6/1
f 2770/6/1 2765/6/1 2769/6/1
f 2771/6/1 2739/6/1 2770/6/1
f 2774/6/1 2768/6/1 2767/6/1
f 2774/6/1 2769/6/1 2768/6/1
f 2774/6/1 2770/6/1 2769/6/1
f 2775/6/1 2770/6/1 2774/6/1
f 2776/6/1 2773/6/1 2772/6/1
f 2777/6/1 2773/6/1 2776/6/1
f 2780/6/1 2779/6/1 2778/6/1
f 2781/6/1 2779/6/1 2780/6/1
f 2784/10/1 2783/10/1 2782/10/1
f 2785/10/1 2783/10/1 2784/10/1
f 2789/6/1 2787/6/1 2786/6/1
f 2790/6/1 2787/6/1 2789/6/1
f 2794/6/1 2789/6/1 2788/6/1
f 2794/6/1 2790/6/1 2789/6/1
f 2794/6/1 2791/6/1 2790/6/1
f 2796/6/1 2793/6/1 2792/6/1
f 2797/6/1 2793/6/1 2796/6/1
f 2800/6/1 2795/6/1 2794/6/1
f 2800/6/1 2794/6/1 2788/6/1
f 2801/6/1 2795/6/1 2800/6/1
f 2802/6/1 2799/6/1 2798/6/1
f 2803/6/1 2799/6/1 2802/6/1
f 2806/6/1 2795/6/1 2801/6/1
f 2807/6/1 2795/6/1 2806/6/1
f 2808/6/1 2795/6/1 2807/6/1
f 2809/6/1 2795/6/1 2808/6/1
f 2810/6/1 2808/6/1 2807/6/1
f 2811/6/1 2808/6/1 2810/6/1
f 2812/6/1 2805/6/1 2804/6/1
f 2813/6/1 2805/6/1 2812/6/1
f 2818/6/1 2815/6/1 2814/6/1
f 2819/6/1 2815/6/1 2818/6/1
f 2820/6/1 2817/6/1 2816/6/1
f 2821/6/1 2817/6/1 2820/6/1
f 2823/10/1 2822/10/1 2821/10/1
f 2824/10/1 2822/10/1 2823/10/1
f 2827/6/1 2826/6/1 2825/6/1
f 2828/6/1 2826/6/1 2827/6/1
f 2830/6/1 2829/6/1 2828/6/1
f 2831/6/1 2829/6/1 2830/6/1
f 2835/6/1 2833/6/1 2832/6/1
f 2836/6/1 2833/6/1 2835/6/1
f 2837/6/1 2835/6/1 2834/6/1
f 2838/6/1 2835/6/1 2837/6/1
f 2841/6/1 2840/6/1 2839/6/1
f 2842/6/1 2840/6/1 2841/6/1
f 2843/6/1 2840/6/1 2842/6/1
f 2845/6/1 2844/6/1 2843/6/1
f 2845/6/1 2843/6/1 2842/6/1
f 2846/6/1 2844/6/1 2845/6/1
f 2848/6/1 2844/6/1 2846/6/1
f 2849/6/1 2844/6/1 2848/6/1
f 2849/6/1 2848/6/1 2847/6/1
f 2850/6/1 2844/6/1 2849/6/1
f 2851/6/1 2849/6/1 2847/6/1
f 2852/6/1 2849/6/1 2851/6/1
f 2855/10/1 2854/10/1 2853/10/1
f 2856/10/1 2854/10/1 2855/10/1
f 2859/10/1 2858/10/1 2857/10/1
f 2860/10/1 2858/10/1 2859/10/1
f 2863/6/1 2862/6/1 2861/6/1
f 2864/6/1 2862/6/1 2863/6/1
f 2867/6/1 2866/6/1 2865/6/1
f 2868/6/1 2866/6/1 2867/6/1
f 2870/6/1 2869/6/1 2868/6/1
f 2871/6/1 2869/6/1 2870/6/1
f 2875/6/1 2873/6/1 2872/6/1
f 2876/6/1 2873/6/1 2875/6/1
f 2877/6/1 2875/6/1 2874/6/1
f 2878/6/1 2875/6/1 2877/6/1
f 2883/6/1 2880/6/1 2879/6/1
f 2884/6/1 2880/6/1 2883/6/1
f 2885/6/1 2882/6/1 2881/6/1
f 2886/6/1 2882/6/1 2885/6/1
f 2889/6/1 2888/6/1 2887/6/1
f 2890/6/1 2888/6/1 2889/6/1
f 2893/10/1 2892/10/1 2891/10/1
f 2894/10/1 2892/10/1 2893/10/1
f 2898/6/1 2896/6/1 2895/6/1
f 2899/6/1 2896/6/1 2898/6/1
f 2900/6/1 2898/6/1 2897/6/1
f 2901/6/1 2898/6/1 2900/6/1
f 2904/6/1 2903/6/1 2902/6/1
f 2905/6/1 2903/6/1 2904/6/1
f 2908/6/1 2907/6/1 2906/6/1
f 2909/6/1 2907/6/1 2908/6/1
f 2912/6/1 2911/6/1 2910/6/1
f 2913/6/1 2911/6/1 2912/6/1
f 2914/10/1 2913/10/1 2912/10/1
f 2915/10/1 2913/10/1 2914/10/1
f 2918/6/1 2917/6/1 2916/6/1
f 2919/6/1 2917/6/1 2918/6/1
f 2922/10/1 2921/10/1 2920/10/1
f 2923/10/1 2921/10/1 2922/10/1
f 2924/10/1 2921/10/1 2923/10/1
f 2926/10/1 2925/10/1 2924/10/1
f 2926/10/1 2924/10/1 2923/10/1
f 2927/10/1 2925/10/1 2926/10/1
f 2928/10/1 2925/10/1 2927/10/1
f 2929/10/1 2928/10/1 2927/10/1
f 2930/10/1 2928/10/1 2929/10/1
f 2933/10/1 2932/10/1 2931/10/1
f 2934/10/1 2932/10/1 2933/10/1
f 2938/1/1 2936/1/1 2935/1/1
f 2939/1/1 2936/1/1 2938/1/1
f 2943/1/1 2938/1/1 2937/1/1
f 2944/10/1 2939/10/1 2938/10/1
f 2944/10/1 2940/10/1 2939/10/1
f 2944/1/1 2938/1/1 2943/1/1
f 2945/1/1 2941/1/1 2940/1/1
f 2945/10/1 2940/10/1 2944/10/1
f 2946/1/1 2941/1/1 2945/1/1
f 2949/1/1 2943/1/1 2942/1/1
f 2950/10/1 2944/10/1 2943/10/1
f 2950/10/1 2945/10/1 2944/10/1
f 2950/1/1 2943/1/1 2949/1/1
f 2950/10/1 2946/10/1 2945/10/1
f 2951/1/1 2947/1/1 2946/1/1
f 2951/10/1 2946/10/1 2950/10/1
f 2952/1/1 2947/1/1 2951/1/1
f 2955/1/1 2949/1/1 2948/1/1
f 2956/10/1 2950/10/1 2949/10/1
f 2956/10/1 2951/10/1 2950/10/1
f 2956/1/1 2949/1/1 2955/1/1
f 2956/10/1 2952/10/1 2951/10/1
f 2957/1/1 2953/1/1 2952/1/1
f 2957/10/1 2952/10/1 2956/10/1
f 2958/1/1 2953/1/1 2957/1/1
f 2960/1/1 2955/1/1 2954/1/1
f 2961/10/1 2956/10/1 2955/10/1
f 2961/1/1 2955/1/1 2960/1/1
f 2961/10/1 2957/10/1 2956/10/1
f 2961/10/1 2958/10/1 2957/10/1
f 2962/1/1 2959/1/1 2958/1/1
f 2962/10/1 2958/10/1 2961/10/1
f 2963/1/1 2959/1/1 2962/1/1
f 2964/8/2 2965/8/2 2968/8/2
f 2968/8/2 2965/8/2 2969/8/2
f 2966/8/2 2967/8/2 2970/8/2
f 2970/8/2 2967/8/2 2971/8/2
f 2972/6/2 2973/6/2 2974/6/2
f 2974/6/2 2973/6/2 2975/6/2
f 2972/6/2 2974/6/2 2976/6/2
f 2976/6/2 2974/6/2 2977/6/2
f 2980/6/2 2981/6/2 2983/6/2
f 2983/6/2 2981/6/2 2984/6/2
f 2978/6/2 2979/6/2 2985/6/2
f 2985/6/2 2979/6/2 2986/6/2
f 2982/6/2 2983/6/2 2987/6/2
f 2987/6/2 2983/6/2 2988/6/2
f 2989/6/2 2990/6/2 2991/6/2
f 2991/6/2 2990/6/2 2992/6/2
f 2992/6/2 2993/6/2 2994/6/2
f 2994/6/2 2993/6/2 2995/6/2
f 2996/6/2 2997/6/2 2999/6/2
f 2999/6/2 2997/6/2 3000/6/2
f 2998/6/2 2999/6/2 3001/6/2
f 3001/6/2 2999/6/2 3002/6/2
f 3003/6/2 3004/6/2 3005/6/2
f 3005/6/2 3004/6/2 3006/6/2
f 3006/6/2 3007/6/2 3008/6/2
f 3008/6/2 3007/6/2 3009/6/2
f 3010/9/2 3011/9/2 3013/9/2
f 3013/9/2 3011/9/2 3014/9/2
f 3012/2/2 3013/2/2 3015/2/2
f 3015/2/2 3013/2/2 3016/2/2
f 3017/2/2 3018/2/2 3019/2/2
f 3019/2/2 3018/2/2 3020/2/2
f 3021/6/2 3022/6/2 3023/6/2
f 3023/6/2 3022/6/2 3024/6/2
f 3025/9/2 3026/9/2 3027/9/2
f 3027/9/2 3026/9/2 3028/9/2
f 3029/2/2 3030/2/2 3033/2/2
f 3033/2/2 3030/2/2 3034/2/2
f 3031/2/2 3032/2/2 3035/2/2
f 3035/2/2 3032/2/2 3036/2/2
f 3037/2/2 3038/2/2 3039/2/2
f 3039/2/2 3038/2/2 3040/2/2
f 3041/2/2 3042/2/2 3043/2/2
f 3043/2/2 3042/2/2 3044/2/2
f 3045/6/2 3046/6/2 3047/6/2
f 3047/6/2 3046/6/2 3048/6/2
f 3049/9/2 3050/9/2 3051/9/2
f 3051/9/2 3050/9/2 3052/9/2
f 3055/2/2 3056/2/2 3057/2/2
f 3057/2/2 3056/2/2 3058/2/2
f 3053/2/2 3054/2/2 3059/2/2
f 3059/2/2 3054/2/2 3060/2/2
f 3061/2/2 3062/2/2 3063/2/2
f 3063/2/2 3062/2/2 3064/2/2
f 3065/6/2 3066/6/2 3067/6/2
f 3067/6/2 3066/6/2 3068/6/2
f 3069/9/2 3070/9/2 3073/9/2
f 3073/9/2 3070/9/2 3074/9/2
f 3071/9/2 3072/9/2 3075/9/2
f 3075/9/2 3072/9/2 3076/9/2
f 3077/2/2 3078/2/2 3079/2/2
f 3079/2/2 3078/2/2 3080/2/2
f 3081/6/2 3082/6/2 3083/6/2
f 3083/6/2 3082/6/2 3084/6/2
f 3085/6/2 3086/6/2 3087/6/2
f 3087/6/2 3086/6/2 3088/6/2
f 3089/6/2 3090/6/2 3092/6/2
f 3092/6/2 3090/6/2 3093/6/2
f 3091/6/2 3092/6/2 3095/6/2
f 3093/6/2 3094/6/2 3095/6/2
f 3092/6/2 3093/6/2 3095/6/2
f 3095/6/2 3094/6/2 3096/6/2
f 3096/6/2 3094/6/2 3097/6/2
f 3095/10/2 3096/10/2 3098/10/2
f 3098/10/2 3096/10/2 3099/10/2
f 3100/9/2 3101/9/2 3104/9/2
f 3104/9/2 3101/9/2 3105/9/2
f 3102/9/2 3103/9/2 3106/9/2
f 3107/6/2 3108/6/2 3110/6/2
f 3110/6/2 3108/6/2 3111/6/2
f 3109/6/2 3110/6/2 3113/6/2
f 3111/6/2 3112/6/2 3113/6/2
f 3110/6/2 3111/6/2 3113/6/2
f 3102/9/2 3106/9/2 3116/9/2
f 3116/9/2 3106/9/2 3117/9/2
f 3113/6/2 3114/6/2 3118/6/2
f 3109/6/2 3113/6/2 3118/6/2
f 3118/6/2 3114/6/2 3119/6/2
f 3119/6/2 3114/6/2 3120/6/2
f 3120/6/2 3114/6/2 3121/6/2
f 3121/6/2 3114/6/2 3122/6/2
f 3122/6/2 3114/6/2 3123/6/2
f 3116/6/2 3117/6/2 3124/6/2
f 3115/6/2 3116/6/2 3124/6/2
f 3124/6/2 3117/6/2 3125/6/2
f 3121/6/2 3122/6/2 3126/6/2
f 3126/6/2 3122/6/2 3127/6/2
f 3128/6/2 3129/6/2 3130/6/2
f 3130/6/2 3129/6/2 3131/6/2
f 3132/6/2 3133/6/2 3134/6/2
f 3134/6/2 3133/6/2 3135/6/2
f 3134/10/2 3135/10/2 3136/10/2
f 3136/10/2 3135/10/2 3137/10/2
f 3138/6/2 3139/6/2 3141/6/2
f 3141/6/2 3139/6/2 3142/6/2
f 3142/6/2 3139/6/2 3143/6/2
f 3143/6/2 3139/6/2 3144/6/2
f 3140/6/2 3141/6/2 3146/6/2
f 3141/6/2 3142/6/2 3146/6/2
f 3146/6/2 3142/6/2 3147/6/2
f 3144/6/2 3145/6/2 3148/6/2
f 3143/6/2 3144/6/2 3148/6/2
f 3148/6/2 3145/6/2 3149/6/2
f 3140/6/2 3146/6/2 3152/6/2
f 3152/6/2 3146/6/2 3153/6/2
f 3149/6/2 3145/6/2 3154/6/2
f 3154/6/2 3145/6/2 3155/6/2
f 3150/10/2 3151/10/2 3156/10/2
f 3156/10/2 3151/10/2 3157/10/2
f 3152/10/2 3153/10/2 3158/10/2
f 3158/10/2 3153/10/2 3159/10/2
f 3160/9/2 3161/9/2 3164/9/2
f 3162/6/2 3163/6/2 3166/6/2
f 3166/6/2 3163/6/2 3167/6/2
f 3167/6/2 3163/6/2 3168/6/2
f 3168/6/2 3163/6/2 3169/6/2
f 3165/6/2 3166/6/2 3171/6/2
f 3166/6/2 3167/6/2 3171/6/2
f 3171/6/2 3167/6/2 3172/6/2
f 3169/6/2 3170/6/2 3173/6/2
f 3168/6/2 3169/6/2 3173/6/2
f 3173/6/2 3170/6/2 3174/6/2
f 3174/6/2 3170/6/2 3175/6/2
f 3175/6/2 3176/6/2 3177/6/2
f 3174/6/2 3175/6/2 3177/6/2
f 3177/6/2 3176/6/2 3178/6/2
f 3178/6/2 3176/6/2 3179/6/2
f 3165/6/2 3171/6/2 3181/6/2
f 3164/9/2 3161/9/2 3183/9/2
f 3183/9/2 3161/9/2 3184/9/2
f 3181/6/2 3182/6/2 3186/6/2
f 3165/6/2 3181/6/2 3186/6/2
f 3186/6/2 3182/6/2 3187/6/2
f 3187/6/2 3182/6/2 3188/6/2
f 3179/6/2 3180/6/2 3191/6/2
f 3178/6/2 3179/6/2 3191/6/2
f 3188/6/2 3189/6/2 3194/6/2
f 3187/6/2 3188/6/2 3194/6/2
f 3194/6/2 3189/6/2 3195/6/2
f 3195/6/2 3189/6/2 3196/6/2
f 3190/6/2 3191/6/2 3197/6/2
f 3191/6/2 3180/6/2 3198/6/2
f 3197/6/2 3191/6/2 3198/6/2
f 3198/6/2 3180/6/2 3199/6/2
f 3184/6/2 3185/6/2 3200/6/2
f 3183/6/2 3184/6/2 3200/6/2
f 3200/6/2 3185/6/2 3201/6/2
f 3192/6/2 3193/6/2 3203/6/2
f 3203/6/2 3193/6/2 3204/6/2
f 3196/6/2 3197/6/2 3206/6/2
f 3197/6/2 3198/6/2 3206/6/2
f 3195/6/2 3196/6/2 3206/6/2
f 3206/6/2 3198/6/2 3207/6/2
f 3204/6/2 3205/6/2 3208/6/2
f 3203/6/2 3204/6/2 3208/6/2
f 3202/6/2 3203/6/2 3208/6/2
f 3208/6/2 3205/6/2 3209/6/2
f 3209/6/2 3205/6/2 3210/6/2
f 3210/6/2 3205/6/2 3211/6/2
f 3209/6/2 3210/6/2 3212/6/2
f 3212/6/2 3210/6/2 3213/6/2
f 3214/6/2 3215/6/2 3216/6/2
f 3216/6/2 3215/6/2 3217/6/2
f 3218/6/2 3219/6/2 3222/6/2
f 3222/6/2 3219/6/2 3223/6/2
f 3220/6/2 3221/6/2 3226/6/2
f 3226/6/2 3221/6/2 3227/6/2
f 3224/6/2 3225/6/2 3228/6/2
f 3228/6/2 3225/6/2 3229/6/2
f 3230/6/2 3231/6/2 3238/6/2
f 3231/6/2 3232/6/2 3238/6/2
f 3238/6/2 3232/6/2 3239/6/2
f 3239/6/2 3232/6/2 3240/6/2
f 3240/6/2 3232/6/2 3241/6/2
f 3233/6/2 3234/6/2 3243/6/2
f 3243/6/2 3234/6/2 3244/6/2
f 3235/6/2 3236/6/2 3245/6/2
f 3245/6/2 3236/6/2 3246/6/2
f 3237/7/2 3238/7/2 3248/7/2
f 3238/7/2 3239/7/2 3248/7/2
f 3248/7/2 3239/7/2 3249/7/2
f 3249/7/2 3239/7/2 3250/7/2
f 3241/7/2 3242/7/2 3251/7/2
f 3240/7/2 3241/7/2 3251/7/2
f 3251/7/2 3242/7/2 3252/7/2
f 3252/7/2 3242/7/2 3253/7/2
f 3243/7/2 3244/7/2 3255/7/2
f 3255/7/2 3244/7/2 3256/7/2
f 3245/7/2 3246/7/2 3257/7/2
f 3257/7/2 3246/7/2 3258/7/2
f 3248/7/2 3249/7/2 3259/7/2
f 3247/7/2 3248/7/2 3259/7/2
f 3259/7/2 3249/7/2 3260/7/2
f 3253/7/2 3254/7/2 3266/7/2
f 3252/7/2 3253/7/2 3266/7/2
f 3266/7/2 3254/7/2 3267/7/2
f 3267/7/2 3254/7/2 3268/7/2
f 3261/7/2 3262/7/2 3269/7/2
f 3263/7/2 3264/7/2 3271/7/2
f 3271/7/2 3264/7/2 3272/7/2
f 3247/7/2 3259/7/2 3273/7/2
f 3265/7/2 3266/7/2 3276/7/2
f 3266/7/2 3267/7/2 3276/7/2
f 3276/7/2 3267/7/2 3277/7/2
f 3277/7/2 3267/7/2 3278/7/2
f 3273/7/2 3274/7/2 3279/7/2
f 3247/7/2 3273/7/2 3279/7/2
f 3279/7/2 3274/7/2 3280/7/2
f 3280/7/2 3274/7/2 3281/7/2
f 3276/7/2 3277/7/2 3283/7/2
f 3275/7/2 3276/7/2 3283/7/2
f 3283/7/2 3277/7/2 3284/7/2
f 3284/7/2 3277/7/2 3285/7/2
f 3269/7/2 3270/7/2 3286/7/2
f 3261/7/2 3269/7/2 3286/7/2
f 3286/7/2 3270/7/2 3287/7/2
f 3287/7/2 3270/7/2 3288/7/2
f 3288/7/2 3270/7/2 3289/7/2
f 3280/7/2 3281/7/2 3290/7/2
f 3281/4/2 3282/4/2 3291/4/2
f 3290/7/2 3281/7/2 3291/7/2
f 3282/7/2 3283/7/2 3292/7/2
f 3291/4/2 3282/4/2 3292/4/2
f 3283/4/2 3284/4/2 3293/4/2
f 3292/7/2 3283/7/2 3293/7/2
f 3293/4/2 3284/4/2 3294/4/2
f 3287/7/2 3288/7/2 3295/7/2
f 3295/7/2 3288/7/2 3296/7/2
f 3297/6/2 3298/6/2 3301/6/2
f 3301/6/2 3298/6/2 3302/6/2
f 3299/6/2 3300/6/2 3303/6/2
f 3303/6/2 3300/6/2 3304/6/2
f 3304/6/2 3305/6/2 3306/6/2
f 3306/6/2 3305/6/2 3307/6/2
f 3307/6/2 3305/6/2 3308/6/2
f 3308/6/2 3309/6/2 3310/6/2
f 3307/6/2 3308/6/2 3310/6/2
f 3310/6/2 3309/6/2 3311/6/2
f 3297/6/2 3301/6/2 3312/6/2
f 3312/6/2 3301/6/2 3313/6/2
f 3314/6/2 3315/6/2 3320/6/2
f 3320/6/2 3315/6/2 3321/6/2
f 3311/6/2 3309/6/2 3324/6/2
f 3316/5/2 3317/5/2 3325/5/2
f 3325/5/2 3317/5/2 3326/5/2
f 3318/6/2 3319/6/2 3327/6/2
f 3327/6/2 3319/6/2 3328/6/2
f 3321/6/2 3322/6/2 3329/6/2
f 3323/6/2 3324/6/2 3330/6/2
f 3324/6/2 3309/6/2 3331/6/2
f 3330/6/2 3324/6/2 3331/6/2
f 3331/6/2 3309/6/2 3332/6/2
f 3330/6/2 3331/6/2 3333/6/2
f 3321/6/2 3329/6/2 3333/6/2
f 3329/6/2 3330/6/2 3333/6/2
f 3333/6/2 3331/6/2 3334/6/2
f 3334/6/2 3331/6/2 3335/6/2
f 3335/6/2 3331/6/2 3336/6/2
f 3334/6/2 3335/6/2 3337/6/2
f 3337/6/2 3335/6/2 3338/6/2
f 3339/6/2 3340/6/2 3342/6/2
f 3342/6/2 3340/6/2 3343/6/2
f 3341/10/2 3342/10/2 3344/10/2
f 3344/10/2 3342/10/2 3345/10/2
f 3346/10/2 3347/10/2 3349/10/2
f 3349/10/2 3347/10/2 3350/10/2
f 3350/10/2 3351/10/2 3357/10/2
f 3349/10/2 3350/10/2 3357/10/2
f 3348/10/2 3349/10/2 3357/10/2
f 3352/6/2 3353/6/2 3358/6/2
f 3358/6/2 3353/6/2 3359/6/2
f 3354/6/2 3355/6/2 3360/6/2
f 3360/6/2 3355/6/2 3361/6/2
f 3356/10/2 3357/10/2 3364/10/2
f 3357/10/2 3351/10/2 3365/10/2
f 3364/10/2 3357/10/2 3365/10/2
f 3365/10/2 3351/10/2 3366/10/2
f 3362/7/2 3363/7/2 3378/7/2
f 3378/7/2 3363/7/2 3379/7/2
f 3364/10/2 3365/10/2 3380/10/2
f 3380/10/2 3365/10/2 3381/10/2
f 3381/10/2 3365/10/2 3382/10/2
f 3382/10/2 3365/10/2 3383/10/2
f 3367/10/2 3368/10/2 3385/10/2
f 3368/6/2 3369/6/2 3386/6/2
f 3385/10/2 3368/10/2 3386/10/2
f 3386/6/2 3369/6/2 3387/6/2
f 3370/6/2 3371/6/2 3391/6/2
f 3391/6/2 3371/6/2 3392/6/2
f 3372/6/2 3373/6/2 3393/6/2
f 3393/6/2 3373/6/2 3394/6/2
f 3374/6/2 3375/6/2 3395/6/2
f 3395/6/2 3375/6/2 3396/6/2
f 3376/7/2 3377/7/2 3397/7/2
f 3397/7/2 3377/7/2 3398/7/2
f 3381/10/2 3382/10/2 3399/10/2
f 3399/10/2 3382/10/2 3400/10/2
f 3383/10/2 3384/10/2 3401/10/2
f 3401/10/2 3384/10/2 3402/10/2
f 3388/6/2 3389/6/2 3403/6/2
f 3403/6/2 3389/6/2 3404/6/2
f 3404/6/2 3389/6/2 3405/6/2
f 3376/7/2 3397/7/2 3407/7/2
f 3397/4/2 3398/4/2 3408/4/2
f 3407/7/2 3397/7/2 3408/7/2
f 3398/7/2 3377/7/2 3409/7/2
f 3408/4/2 3398/4/2 3409/4/2
f 3378/4/2 3379/4/2 3410/4/2
f 3379/7/2 3363/7/2 3411/7/2
f 3410/4/2 3379/4/2 3411/4/2
f 3411/7/2 3363/7/2 3412/7/2
f 3400/10/2 3401/10/2 3413/10/2
f 3413/10/2 3401/10/2 3414/10/2
f 3404/6/2 3405/6/2 3415/6/2
f 3405/6/2 3406/6/2 3415/6/2
f 3415/6/2 3406/6/2 3416/6/2
f 3391/6/2 3392/6/2 3417/6/2
f 3392/6/2 3393/6/2 3417/6/2
f 3390/6/2 3391/6/2 3417/6/2
f 3417/6/2 3393/6/2 3418/6/2
f 3418/6/2 3393/6/2 3419/6/2
f 3419/6/2 3393/6/2 3420/6/2
f 3407/4/2 3408/4/2 3424/4/2
f 3408/7/2 3409/7/2 3425/7/2
f 3424/4/2 3408/4/2 3425/4/2
f 3409/7/2 3377/7/2 3426/7/2
f 3425/7/2 3409/7/2 3426/7/2
f 3426/7/2 3377/7/2 3427/7/2
f 3418/6/2 3419/6/2 3430/6/2
f 3430/6/2 3419/6/2 3431/6/2
f 3422/6/2 3423/6/2 3432/6/2
f 3432/6/2 3423/6/2 3433/6/2
f 3424/7/2 3425/7/2 3434/7/2
f 3425/7/2 3426/7/2 3434/7/2
f 3426/4/2 3427/4/2 3435/4/2
f 3434/7/2 3426/7/2 3435/7/2
f 3435/4/2 3427/4/2 3436/4/2
f 3410/7/2 3411/7/2 3437/7/2
f 3411/4/2 3412/4/2 3438/4/2
f 3437/7/2 3411/7/2 3438/7/2
f 3438/4/2 3412/4/2 3439/4/2
f 3416/6/2 3406/6/2 3441/6/2
f 3424/7/2 3434/7/2 3444/7/2
f 3434/4/2 3435/4/2 3445/4/2
f 3444/7/2 3434/7/2 3445/7/2
f 3435/7/2 3436/7/2 3446/7/2
f 3445/4/2 3435/4/2 3446/4/2
f 3446/7/2 3436/7/2 3447/7/2
f 3428/10/2 3429/10/2 3448/10/2
f 3448/10/2 3429/10/2 3449/10/2
f 3440/6/2 3441/6/2 3451/6/2
f 3441/6/2 3406/6/2 3452/6/2
f 3451/6/2 3441/6/2 3452/6/2
f 3452/6/2 3406/6/2 3453/6/2
f 3450/6/2 3451/6/2 3457/6/2
f 3451/6/2 3452/6/2 3457/6/2
f 3457/6/2 3452/6/2 3458/6/2
f 3458/6/2 3452/6/2 3459/6/2
f 3420/6/2 3421/6/2 3460/6/2
f 3442/6/2 3443/6/2 3463/6/2
f 3454/6/2 3455/6/2 3464/6/2
f 3464/6/2 3455/6/2 3465/6/2
f 3457/6/2 3458/6/2 3467/6/2
f 3456/6/2 3457/6/2 3467/6/2
f 3467/6/2 3458/6/2 3468/6/2
f 3468/6/2 3458/6/2 3469/6/2
f 3460/6/2 3461/6/2 3470/6/2
f 3420/6/2 3460/6/2 3470/6/2
f 3470/6/2 3461/6/2 3471/6/2
f 3471/6/2 3461/6/2 3472/6/2
f 3462/6/2 3463/6/2 3473/6/2
f 3463/6/2 3443/6/2 3474/6/2
f 3473/6/2 3463/6/2 3474/6/2
f 3474/6/2 3443/6/2 3475/6/2
f 3467/6/2 3468/6/2 3476/6/2
f 3466/6/2 3467/6/2 3476/6/2
f 3476/6/2 3468/6/2 3477/6/2
f 3471/6/2 3472/6/2 3478/6/2
f 3472/6/2 3473/6/2 3478/6/2
f 3473/6/2 3474/6/2 3478/6/2
f 3478/6/2 3474/6/2 3479/6/2
f 3480/6/2 3481/6/2 3483/6/2
f 3482/6/2 3483/6/2 3484/6/2
f 3483/6/2 3481/6/2 3485/6/2
f 3484/6/2 3483/6/2 3485/6/2
f 3485/6/2 3481/6/2 3486/6/2
f 3486/6/2 3481/6/2 3487/6/2
f 3490/6/2 3491/6/2 3492/6/2
f 3492/6/2 3491/6/2 3493/6/2
f 3494/6/2 3495/6/2 3496/6/2
f 3496/6/2 3495/6/2 3497/6/2
f 3488/6/2 3489/6/2 3500/6/2
f 3500/6/2 3489/6/2 3501/6/2
f 3501/6/2 3502/6/2 3503/6/2
f 3503/6/2 3502/6/2 3504/6/2
f 3498/6/2 3499/6/2 3507/6/2
f 3507/6/2 3499/6/2 3508/6/2
f 3505/6/2 3506/6/2 3511/6/2
f 3509/6/2 3510/6/2 3515/6/2
f 3515/6/2 3510/6/2 3516/6/2
f 3505/6/2 3511/6/2 3517/6/2
f 3511/6/2 3512/6/2 3517/6/2
f 3517/6/2 3512/6/2 3518/6/2
f 3518/6/2 3512/6/2 3519/6/2
f 3513/6/2 3514/6/2 3520/6/2
f 3520/6/2 3514/6/2 3521/6/2
f 3521/6/2 3514/6/2 3522/6/2
f 3518/6/2 3519/6/2 3523/6/2
f 3520/6/2 3521/6/2 3523/6/2
f 3519/6/2 3520/6/2 3523/6/2
f 3523/6/2 3521/6/2 3524/6/2
f 3525/10/2 3526/10/2 3527/10/2
f 3527/10/2 3526/10/2 3528/10/2
f 3529/6/2 3530/6/2 3532/6/2
f 3532/6/2 3530/6/2 3533/6/2
f 3533/6/2 3530/6/2 3534/6/2
f 3534/6/2 3530/6/2 3535/6/2
f 3531/6/2 3532/6/2 3538/6/2
f 3532/6/2 3533/6/2 3538/6/2
f 3538/6/2 3533/6/2 3539/6/2
f 3539/6/2 3533/6/2 3540/6/2
f 3534/6/2 3535/6/2 3541/6/2
f 3535/6/2 3536/6/2 3541/6/2
f 3541/6/2 3536/6/2 3542/6/2
f 3538/6/2 3539/6/2 3543/6/2
f 3537/6/2 3538/6/2 3543/6/2
f 3543/6/2 3539/6/2 3544/6/2
f 3544/6/2 3539/6/2 3545/6/2
f 3542/6/2 3536/6/2 3546/6/2
f 3543/10/2 3544/10/2 3550/10/2
f 3550/10/2 3544/10/2 3551/10/2
f 3546/6/2 3547/6/2 3553/6/2
f 3542/6/2 3546/6/2 3553/6/2
f 3553/6/2 3547/6/2 3554/6/2
f 3554/6/2 3547/6/2 3555/6/2
f 3548/6/2 3549/6/2 3559/6/2
f 3559/6/2 3549/6/2 3560/6/2
f 3560/6/2 3549/6/2 3561/6/2
f 3561/6/2 3549/6/2 3562/6/2
f 3550/6/2 3551/6/2 3563/6/2
f 3552/6/2 3553/6/2 3566/6/2
f 3553/6/2 3554/6/2 3566/6/2
f 3566/6/2 3554/6/2 3567/6/2
f 3556/6/2 3557/6/2 3568/6/2
f 3568/6/2 3557/6/2 3569/6/2
f 3558/6/2 3559/6/2 3572/6/2
f 3559/6/2 3560/6/2 3572/6/2
f 3572/6/2 3560/6/2 3573/6/2
f 3561/6/2 3562/6/2 3574/6/2
f 3574/6/2 3562/6/2 3575/6/2
f 3563/6/2 3564/6/2 3576/6/2
f 3550/6/2 3563/6/2 3576/6/2
f 3576/6/2 3564/6/2 3577/6/2
f 3577/6/2 3564/6/2 3578/6/2
f 3565/6/2 3566/6/2 3579/6/2
f 3579/6/2 3566/6/2 3580/6/2
f 3570/6/2 3571/6/2 3581/6/2
f 3581/6/2 3571/6/2 3582/6/2
f 3558/6/2 3572/6/2 3583/6/2
f 3577/6/2 3578/6/2 3584/6/2
f 3578/6/2 3579/6/2 3584/6/2
f 3584/6/2 3579/6/2 3585/6/2
f 3582/6/2 3583/6/2 3586/6/2
f 3583/6/2 3572/6/2 3586/6/2
f 3585/6/2 3579/6/2 3590/6/2
f 3590/6/2 3579/6/2 3591/6/2
f 3591/6/2 3579/6/2 3592/6/2
f 3586/6/2 3587/6/2 3593/6/2
f 3582/6/2 3586/6/2 3593/6/2
f 3593/6/2 3587/6/2 3594/6/2
f 3594/6/2 3587/6/2 3595/6/2
f 3588/6/2 3589/6/2 3596/6/2
f 3594/6/2 3595/6/2 3597/6/2
f 3595/6/2 3596/6/2 3597/6/2
f 3596/6/2 3589/6/2 3598/6/2
f 3597/6/2 3596/6/2 3598/6/2
f 3582/6/2 3593/6/2 3604/6/2
f 3604/6/2 3593/6/2 3605/6/2
f 3601/6/2 3602/6/2 3606/6/2
f 3606/6/2 3602/6/2 3607/6/2
f 3603/6/2 3604/6/2 3609/6/2
f 3609/6/2 3604/6/2 3610/6/2
f 3598/6/2 3589/6/2 3611/6/2
f 3611/6/2 3589/6/2 3612/6/2
f 3599/6/2 3600/6/2 3613/6/2
f 3613/6/2 3600/6/2 3614/6/2
f 3608/6/2 3609/6/2 3618/6/2
f 3615/6/2 3616/6/2 3623/6/2
f 3623/6/2 3616/6/2 3624/6/2
f 3617/6/2 3618/6/2 3626/6/2
f 3618/6/2 3609/6/2 3627/6/2
f 3626/6/2 3618/6/2 3627/6/2
f 3627/6/2 3609/6/2 3628/6/2
f 3619/6/2 3620/6/2 3629/6/2
f 3629/6/2 3620/6/2 3630/6/2
f 3621/6/2 3622/6/2 3633/6/2
f 3633/6/2 3622/6/2 3634/6/2
f 3625/6/2 3626/6/2 3635/6/2
f 3626/6/2 3627/6/2 3635/6/2
f 3635/6/2 3627/6/2 3636/6/2
f 3631/6/2 3632/6/2 3637/6/2
f 3637/6/2 3632/6/2 3638/6/2
f 3639/6/2 3640/6/2 3642/6/2
f 3642/6/2 3640/6/2 3643/6/2
f 3643/6/2 3640/6/2 3644/6/2
f 3641/6/2 3642/6/2 3645/6/2
f 3642/6/2 3643/6/2 3645/6/2
f 3645/6/2 3643/6/2 3646/6/2
f 3641/6/2 3645/6/2 3647/6/2
f 3641/6/2 3647/6/2 3649/6/2
f 3647/6/2 3648/6/2 3649/6/2
f 3649/6/2 3648/6/2 3650/6/2
f 3651/6/2 3652/6/2 3655/6/2
f 3655/6/2 3652/6/2 3656/6/2
f 3657/6/2 3658/6/2 3659/6/2
f 3659/6/2 3658/6/2 3660/6/2
f 3653/6/2 3654/6/2 3661/6/2
f 3653/6/2 3661/6/2 3663/6/2
f 3661/6/2 3662/6/2 3663/6/2
f 3663/6/2 3662/6/2 3664/6/2
f 3664/6/2 3662/6/2 3665/6/2
f 3665/6/2 3666/6/2 3667/6/2
f 3664/6/2 3665/6/2 3667/6/2
f 3667/6/2 3666/6/2 3668/6/2
f 3669/6/2 3670/6/2 3671/6/2
f 3671/6/2 3670/6/2 3672/6/2
f 3668/6/2 3666/6/2 3673/6/2
f 3673/6/2 3666/6/2 3674/6/2
f 3675/6/2 3676/6/2 3680/6/2
f 3677/6/2 3678/6/2 3681/6/2
f 3681/6/2 3678/6/2 3682/6/2
f 3679/6/2 3680/6/2 3685/6/2
f 3685/6/2 3680/6/2 3686/6/2
f 3680/6/2 3676/6/2 3687/6/2
f 3686/6/2 3680/6/2 3687/6/2
f 3687/6/2 3676/6/2 3688/6/2
f 3683/6/2 3684/6/2 3689/6/2
f 3689/6/2 3684/6/2 3690/6/2
f 3686/6/2 3687/6/2 3691/6/2
f 3691/6/2 3687/6/2 3692/6/2
f 3693/6/2 3694/6/2 3697/6/2
f 3697/6/2 3694/6/2 3698/6/2
f 3695/6/2 3696/6/2 3703/6/2
f 3703/6/2 3696/6/2 3704/6/2
f 3699/6/2 3700/6/2 3705/6/2
f 3705/6/2 3700/6/2 3706/6/2
f 3701/6/2 3702/6/2 3708/6/2
f 3708/6/2 3702/6/2 3709/6/2
f 3706/6/2 3707/6/2 3710/6/2
f 3710/6/2 3711/6/2 3716/6/2
f 3706/6/2 3710/6/2 3716/6/2
f 3716/6/2 3711/6/2 3717/6/2
f 3717/6/2 3711/6/2 3718/6/2
f 3712/6/2 3713/6/2 3722/6/2
f 3722/6/2 3713/6/2 3723/6/2
f 3717/6/2 3718/6/2 3728/6/2
f 3718/6/2 3719/6/2 3728/6/2
f 3728/6/2 3719/6/2 3729/6/2
f 3720/10/2 3721/10/2 3732/10/2
f 3732/10/2 3721/10/2 3733/10/2
f 3724/6/2 3725/6/2 3734/6/2
f 3734/6/2 3725/6/2 3735/6/2
f 3726/6/2 3727/6/2 3736/6/2
f 3736/6/2 3727/6/2 3737/6/2
f 3730/6/2 3731/6/2 3739/6/2
f 3739/6/2 3731/6/2 3740/6/2
f 3714/10/2 3715/10/2 3743/10/2
f 3741/6/2 3742/6/2 3745/6/2
f 3745/6/2 3742/6/2 3746/6/2
f 3737/6/2 3738/6/2 3747/6/2
f 3736/6/2 3737/6/2 3747/6/2
f 3747/6/2 3738/6/2 3748/6/2
f 3714/10/2 3743/10/2 3749/10/2
f 3743/6/2 3744/6/2 3750/6/2
f 3749/10/2 3743/10/2 3750/10/2
f 3750/6/2 3744/6/2 3751/6/2
f 3736/6/2 3747/6/2 3753/6/2
f 3753/6/2 3747/6/2 3754/6/2
f 3751/6/2 3752/6/2 3755/6/2
f 3750/6/2 3751/6/2 3755/6/2
f 3755/6/2 3752/6/2 3756/6/2
f 3756/6/2 3752/6/2 3757/6/2
f 3756/6/2 3757/6/2 3761/6/2
f 3757/6/2 3758/6/2 3761/6/2
f 3761/6/2 3758/6/2 3762/6/2
f 3759/6/2 3760/6/2 3763/6/2
f 3759/6/2 3763/6/2 3767/6/2
f 3767/6/2 3763/6/2 3768/6/2
f 3764/6/2 3765/6/2 3769/6/2
f 3769/6/2 3765/6/2 3770/6/2
f 3766/6/2 3767/6/2 3772/6/2
f 3772/6/2 3767/6/2 3773/6/2
f 3770/6/2 3765/6/2 3774/6/2
f 3771/6/2 3772/6/2 3780/6/2
f 3780/6/2 3772/6/2 3781/6/2
f 3770/6/2 3774/6/2 3782/6/2
f 3774/6/2 3775/6/2 3782/6/2
f 3782/6/2 3775/6/2 3783/6/2
f 3776/6/2 3777/6/2 3784/6/2
f 3784/6/2 3777/6/2 3785/6/2
f 3778/6/2 3779/6/2 3786/6/2
f 3786/6/2 3779/6/2 3787/6/2
f 3783/6/2 3775/6/2 3793/6/2
f 3793/6/2 3775/6/2 3794/6/2
f 3789/6/2 3790/6/2 3799/6/2
f 3799/6/2 3790/6/2 3800/6/2
f 3791/6/2 3792/6/2 3803/6/2
f 3803/6/2 3792/6/2 3804/6/2
f 3795/6/2 3796/6/2 3805/6/2
f 3805/6/2 3796/6/2 3806/6/2
f 3797/6/2 3798/6/2 3807/6/2
f 3807/6/2 3798/6/2 3808/6/2
f 3786/6/2 3787/6/2 3809/6/2
f 3787/6/2 3788/6/2 3809/6/2
f 3785/6/2 3786/6/2 3809/6/2
f 3809/6/2 3788/6/2 3810/6/2
f 3810/6/2 3788/6/2 3811/6/2
f 3811/6/2 3788/6/2 3812/6/2
f 3801/6/2 3802/6/2 3813/6/2
f 3813/6/2 3802/6/2 3814/6/2
f 3810/6/2 3811/6/2 3815/6/2
f 3815/6/2 3811/6/2 3816/6/2
f 3816/6/2 3817/6/2 3820/6/2
f 3820/6/2 3817/6/2 3821/6/2
f 3818/6/2 3819/6/2 3822/6/2
f 3822/6/2 3819/6/2 3823/6/2
f 3824/6/2 3825/6/2 3826/6/2
f 3826/6/2 3825/6/2 3827/6/2
f 3828/6/2 3829/6/2 3830/6/2
f 3830/6/2 3829/6/2 3831/6/2
f 3832/6/2 3833/6/2 3834/6/2
f 3834/6/2 3833/6/2 3835/6/2
f 3836/6/2 3837/6/2 3838/6/2
f 3838/6/2 3837/6/2 3839/6/2
f 3840/6/2 3841/6/2 3844/6/2
f 3844/6/2 3841/6/2 3845/6/2
f 3842/6/2 3843/6/2 3851/6/2
f 3846/6/2 3847/6/2 3853/6/2
f 3853/6/2 3847/6/2 3854/6/2
f 3848/6/2 3849/6/2 3855/6/2
f 3855/6/2 3849/6/2 3856/6/2
f 3856/6/2 3849/6/2 3857/6/2
f 3850/6/2 3851/6/2 3858/6/2
f 3851/6/2 3843/6/2 3859/6/2
f 3858/6/2 3851/6/2 3859/6/2
f 3859/6/2 3843/6/2 3860/6/2
f 3852/10/2 3853/10/2 3864/10/2
f 3864/10/2 3853/10/2 3865/10/2
f 3865/10/2 3853/10/2 3866/10/2
f 3856/10/2 3857/10/2 3869/10/2
f 3857/10/2 3858/10/2 3869/10/2
f 3858/10/2 3859/10/2 3869/10/2
f 3869/10/2 3859/10/2 3870/10/2
f 3861/5/2 3862/5/2 3872/5/2
f 3864/6/2 3865/6/2 3874/6/2
f 3863/6/2 3864/6/2 3874/6/2
f 3874/6/2 3865/6/2 3875/6/2
f 3867/6/2 3868/6/2 3876/6/2
f 3876/6/2 3868/6/2 3877/6/2
f 3873/6/2 3874/6/2 3878/6/2
f 3878/6/2 3874/6/2 3879/6/2
f 3871/6/2 3872/6/2 3882/6/2
f 3872/5/2 3862/5/2 3883/5/2
f 3882/6/2 3872/6/2 3883/6/2
f 3880/6/2 3881/6/2 3886/6/2
f 3886/6/2 3881/6/2 3887/6/2
f 3887/6/2 3881/6/2 3888/6/2
f 3883/5/2 3862/5/2 3895/5/2
f 3895/5/2 3862/5/2 3896/5/2
f 3884/10/2 3885/10/2 3897/10/2
f 3897/10/2 3885/10/2 3898/10/2
f 3887/6/2 3888/6/2 3899/6/2
f 3888/6/2 3889/6/2 3899/6/2
f 3899/6/2 3889/6/2 3900/6/2
f 3900/6/2 3889/6/2 3901/6/2
f 3890/6/2 3891/6/2 3903/6/2
f 3903/6/2 3891/6/2 3904/6/2
f 3892/6/2 3893/6/2 3905/6/2
f 3905/6/2 3893/6/2 3906/6/2
f 3894/6/2 3895/6/2 3907/6/2
f 3907/6/2 3895/6/2 3908/6/2
f 3908/6/2 3895/6/2 3909/6/2
f 3909/6/2 3895/6/2 3910/6/2
f 3901/6/2 3902/6/2 3914/6/2
f 3900/6/2 3901/6/2 3914/6/2
f 3914/6/2 3902/6/2 3915/6/2
f 3907/6/2 3908/6/2 3919/6/2
f 3919/6/2 3908/6/2 3920/6/2
f 3909/6/2 3910/6/2 3921/6/2
f 3910/5/2 3911/5/2 3922/5/2
f 3921/6/2 3910/6/2 3922/6/2
f 3917/6/2 3918/6/2 3923/6/2
f 3916/6/2 3917/6/2 3923/6/2
f 3923/6/2 3918/6/2 3924/6/2
f 3912/10/2 3913/10/2 3925/10/2
f 3925/10/2 3913/10/2 3926/10/2
f 3922/5/2 3911/5/2 3928/5/2
f 3927/6/2 3928/6/2 3932/6/2
f 3928/5/2 3911/5/2 3933/5/2
f 3932/6/2 3928/6/2 3933/6/2
f 3933/5/2 3911/5/2 3934/5/2
f 3929/10/2 3930/10/2 3935/10/2
f 3929/10/2 3935/10/2 3937/10/2
f 3935/6/2 3936/6/2 3938/6/2
f 3937/10/2 3935/10/2 3938/10/2
f 3938/6/2 3936/6/2 3939/6/2
f 3938/6/2 3939/6/2 3943/6/2
f 3939/6/2 3940/6/2 3943/6/2
f 3943/6/2 3940/6/2 3944/6/2
f 3941/6/2 3942/6/2 3946/6/2
f 3946/6/2 3942/6/2 3947/6/2
f 3944/6/2 3940/6/2 3949/6/2
f 3949/6/2 3940/6/2 3950/6/2
f 3947/6/2 3948/6/2 3952/6/2
f 3946/6/2 3947/6/2 3952/6/2
f 3945/6/2 3946/6/2 3952/6/2
f 3952/6/2 3948/6/2 3953/6/2
f 3931/6/2 3932/6/2 3954/6/2
f 3932/6/2 3933/6/2 3954/6/2
f 3954/6/2 3933/6/2 3955/6/2
f 3955/6/2 3933/6/2 3956/6/2
f 3951/6/2 3952/6/2 3959/6/2
f 3959/6/2 3952/6/2 3960/6/2
f 3953/6/2 3948/6/2 3961/6/2
f 3931/6/2 3954/6/2 3964/6/2
f 3964/6/2 3954/6/2 3965/6/2
f 3955/6/2 3956/6/2 3966/6/2
f 3956/5/2 3957/5/2 3967/5/2
f 3966/6/2 3956/6/2 3967/6/2
f 3967/5/2 3957/5/2 3968/5/2
f 3958/6/2 3959/6/2 3969/6/2
f 3969/6/2 3959/6/2 3970/6/2
f 3961/6/2 3962/6/2 3971/6/2
f 3953/6/2 3961/6/2 3971/6/2
f 3971/6/2 3962/6/2 3972/6/2
f 3972/6/2 3962/6/2 3973/6/2
f 3963/6/2 3964/6/2 3975/6/2
f 3973/6/2 3974/6/2 3980/6/2
f 3972/6/2 3973/6/2 3980/6/2
f 3980/6/2 3974/6/2 3981/6/2
f 3975/6/2 3964/6/2 3982/6/2
f 3976/6/2 3977/6/2 3986/6/2
f 3986/6/2 3977/6/2 3987/6/2
f 3978/6/2 3979/6/2 3988/6/2
f 3988/6/2 3979/6/2 3989/6/2
f 3982/6/2 3983/6/2 3990/6/2
f 3975/6/2 3982/6/2 3990/6/2
f 3990/6/2 3983/6/2 3991/6/2
f 3991/6/2 3983/6/2 3992/6/2
f 3984/6/2 3985/6/2 3993/6/2
f 3993/6/2 3985/6/2 3994/6/2
f 3991/6/2 3992/6/2 3996/6/2
f 3992/6/2 3993/6/2 3996/6/2
f 3996/6/2 3993/6/2 3997/6/2
f 3997/6/2 3993/6/2 3998/6/2
f 3995/6/2 3996/6/2 3999/6/2
f 3996/6/2 3997/6/2 3999/6/2
f 3999/6/2 3997/6/2 4000/6/2
f 4000/6/2 3997/6/2 4001/6/2
f 4002/6/2 4003/6/2 4004/6/2
f 4004/6/2 4003/6/2 4005/6/2
f 4006/6/2 4007/6/2 4008/6/2
f 4008/6/2 4007/6/2 4009/6/2
f 4010/6/2 4011/6/2 4012/6/2
f 4012/6/2 4011/6/2 4013/6/2
f 4014/6/2 4015/6/2 4018/6/2
f 4018/6/2 4015/6/2 4019/6/2
f 4016/6/2 4017/6/2 4020/6/2
f 4020/6/2 4017/6/2 4021/6/2
f 4023/6/2 4024/6/2 4029/6/2
f 4022/6/2 4023/6/2 4029/6/2
f 4029/6/2 4024/6/2 4030/6/2
f 4030/6/2 4024/6/2 4031/6/2
f 4020/10/2 4021/10/2 4036/10/2
f 4025/6/2 4026/6/2 4038/6/2
f 4026/5/2 4027/5/2 4039/5/2
f 4038/6/2 4026/6/2 4039/6/2
f 4039/5/2 4027/5/2 4040/5/2
f 4028/10/2 4029/10/2 4042/10/2
f 4029/10/2 4030/10/2 4042/10/2
f 4042/10/2 4030/10/2 4043/10/2
f 4043/10/2 4030/10/2 4044/10/2
f 4031/10/2 4032/10/2 4045/10/2
f 4045/10/2 4032/10/2 4046/10/2
f 4033/10/2 4034/10/2 4047/10/2
f 4047/10/2 4034/10/2 4048/10/2
f 4035/10/2 4036/10/2 4050/10/2
f 4037/6/2 4038/6/2 4051/6/2
f 4038/6/2 4039/6/2 4051/6/2
f 4051/6/2 4039/6/2 4052/6/2
f 4041/6/2 4042/6/2 4053/6/2
f 4042/6/2 4043/6/2 4053/6/2
f 4053/6/2 4043/6/2 4054/6/2
f 4049/10/2 4050/10/2 4056/10/2
f 4056/10/2 4050/10/2 4057/10/2
f 4050/10/2 4036/10/2 4058/10/2
f 4057/10/2 4050/10/2 4058/10/2
f 4036/10/2 4021/10/2 4058/10/2
f 4058/10/2 4021/10/2 4059/10/2
f 4041/6/2 4053/6/2 4062/6/2
f 4062/6/2 4053/6/2 4063/6/2
f 4055/10/2 4056/10/2 4064/10/2
f 4064/10/2 4056/10/2 4065/10/2
f 4057/10/2 4058/10/2 4067/10/2
f 4067/10/2 4058/10/2 4068/10/2
f 4060/6/2 4061/6/2 4070/6/2
f 4070/6/2 4061/6/2 4071/6/2
f 4037/6/2 4051/6/2 4074/6/2
f 4074/6/2 4051/6/2 4075/6/2
f 4066/10/2 4067/10/2 4077/10/2
f 4077/10/2 4067/10/2 4078/10/2
f 4071/6/2 4072/6/2 4080/6/2
f 4069/6/2 4070/6/2 4080/6/2
f 4070/6/2 4071/6/2 4080/6/2
f 4075/6/2 4076/6/2 4083/6/2
f 4074/6/2 4075/6/2 4083/6/2
f 4073/6/2 4074/6/2 4083/6/2
f 4083/6/2 4076/6/2 4084/6/2
f 4078/10/2 4079/10/2 4088/10/2
f 4088/10/2 4079/10/2 4089/10/2
f 4089/10/2 4079/10/2 4090/10/2
f 4080/6/2 4072/6/2 4092/6/2
f 4092/6/2 4072/6/2 4093/6/2
f 4093/6/2 4072/6/2 4094/6/2
f 4094/6/2 4072/6/2 4095/6/2
f 4095/6/2 4072/6/2 4096/6/2
f 4081/6/2 4082/6/2 4097/6/2
f 4097/6/2 4082/6/2 4098/6/2
f 4084/5/2 4085/5/2 4099/5/2
f 4099/5/2 4085/5/2 4100/5/2
f 4086/10/2 4087/10/2 4101/10/2
f 4101/10/2 4087/10/2 4102/10/2
f 4090/10/2 4091/10/2 4103/10/2
f 4089/10/2 4090/10/2 4103/10/2
f 4103/10/2 4091/10/2 4104/10/2
f 4093/6/2 4094/6/2 4105/6/2
f 4105/6/2 4094/6/2 4106/6/2
f 4107/10/2 4108/10/2 4111/10/2
f 4111/10/2 4108/10/2 4112/10/2
f 4113/10/2 4114/10/2 4115/10/2
f 4115/10/2 4114/10/2 4116/10/2
f 4117/6/2 4118/6/2 4119/6/2
f 4119/6/2 4118/6/2 4120/6/2
f 4109/7/2 4110/7/2 4124/7/2
f 4124/7/2 4110/7/2 4125/7/2
f 4120/6/2 4121/6/2 4126/6/2
f 4126/6/2 4121/6/2 4127/6/2
f 4127/6/2 4121/6/2 4128/6/2
f 4122/6/2 4123/6/2 4130/6/2
f 4128/6/2 4129/6/2 4131/6/2
f 4127/6/2 4128/6/2 4131/6/2
f 4131/6/2 4129/6/2 4132/6/2
f 4130/6/2 4123/6/2 4133/6/2
f 4130/6/2 4133/6/2 4137/6/2
f 4133/6/2 4134/6/2 4137/6/2
f 4137/6/2 4134/6/2 4138/6/2
f 4138/6/2 4134/6/2 4139/6/2
f 4138/6/2 4139/6/2 4142/6/2
f 4142/6/2 4139/6/2 4143/6/2
f 4140/6/2 4141/6/2 4144/6/2
f 4144/6/2 4141/6/2 4145/6/2
f 4135/6/2 4136/6/2 4146/6/2
f 4146/6/2 4147/6/2 4148/6/2
f 4135/6/2 4146/6/2 4148/6/2
f 4148/6/2 4147/6/2 4149/6/2
f 4135/6/2 4148/6/2 4150/6/2
f 4135/6/2 4150/6/2 4152/6/2
f 4150/6/2 4151/6/2 4152/6/2
f 4152/6/2 4151/6/2 4153/6/2
f 4153/6/2 4151/6/2 4154/6/2
f 4154/6/2 4151/6/2 4155/6/2
f 4156/6/2 4157/6/2 4158/6/2
f 4156/6/2 4158/6/2 4162/6/2
f 4158/6/2 4159/6/2 4162/6/2
f 4162/6/2 4159/6/2 4163/6/2
f 4163/6/2 4159/6/2 4164/6/2
f 4163/6/2 4164/6/2 4169/6/2
f 4164/6/2 4165/6/2 4169/6/2
f 4169/6/2 4165/6/2 4170/6/2
f 4166/5/2 4167/5/2 4173/5/2
f 4173/5/2 4167/5/2 4174/5/2
f 4168/6/2 4169/6/2 4176/6/2
f 4176/6/2 4169/6/2 4177/6/2
f 4171/6/2 4172/6/2 4178/6/2
f 4178/6/2 4172/6/2 4179/6/2
f 4175/10/2 4176/10/2 4180/10/2
f 4180/10/2 4176/10/2 4181/10/2
f 4182/6/2 4183/6/2 4192/6/2
f 4192/6/2 4183/6/2 4193/6/2
f 4184/6/2 4185/6/2 4194/6/2
f 4194/6/2 4185/6/2 4195/6/2
f 4160/6/2 4161/6/2 4198/6/2
f 4186/6/2 4187/6/2 4200/6/2
f 4200/6/2 4187/6/2 4201/6/2
f 4201/6/2 4187/6/2 4202/6/2
f 4202/6/2 4187/6/2 4203/6/2
f 4195/6/2 4196/6/2 4205/6/2
f 4205/6/2 4196/6/2 4206/6/2
f 4197/6/2 4198/6/2 4207/6/2
f 4198/6/2 4161/6/2 4208/6/2
f 4207/6/2 4198/6/2 4208/6/2
f 4208/6/2 4161/6/2 4209/6/2
f 4200/6/2 4201/6/2 4210/6/2
f 4199/6/2 4200/6/2 4210/6/2
f 4210/6/2 4201/6/2 4211/6/2
f 4203/6/2 4204/6/2 4212/6/2
f 4202/6/2 4203/6/2 4212/6/2
f 4212/6/2 4204/6/2 4213/6/2
f 4188/6/2 4189/6/2 4215/6/2
f 4215/6/2 4189/6/2 4216/6/2
f 4190/10/2 4191/10/2 4217/10/2
f 4217/10/2 4191/10/2 4218/10/2
f 4206/6/2 4207/6/2 4219/6/2
f 4207/6/2 4208/6/2 4219/6/2
f 4219/6/2 4208/6/2 4220/6/2
f 4199/6/2 4210/6/2 4221/6/2
f 4221/6/2 4210/6/2 4222/6/2
f 4214/6/2 4215/6/2 4223/6/2
f 4223/6/2 4215/6/2 4224/6/2
f 4220/6/2 4208/6/2 4225/6/2
f 4225/6/2 4208/6/2 4226/6/2
f 4213/6/2 4204/6/2 4229/6/2
f 4229/6/2 4204/6/2 4230/6/2
f 4226/6/2 4227/6/2 4232/6/2
f 4232/6/2 4227/6/2 4233/6/2
f 4230/6/2 4231/6/2 4234/6/2
f 4229/6/2 4230/6/2 4234/6/2
f 4228/6/2 4229/6/2 4234/6/2
f 4234/6/2 4231/6/2 4235/6/2
f 4236/10/2 4237/10/2 4238/10/2
f 4238/10/2 4237/10/2 4239/10/2
f 4240/6/2 4241/6/2 4242/6/2
f 4242/6/2 4241/6/2 4243/6/2
f 4244/6/2 4245/6/2 4246/6/2
f 4246/6/2 4245/6/2 4247/6/2
f 4247/6/2 4248/6/2 4251/6/2
f 4251/6/2 4248/6/2 4252/6/2
f 4249/6/2 4250/6/2 4255/6/2
f 4253/6/2 4254/6/2 4258/6/2
f 4258/6/2 4254/6/2 4259/6/2
f 4255/6/2 4250/6/2 4260/6/2
f 4256/6/2 4257/6/2 4266/6/2
f 4266/6/2 4257/6/2 4267/6/2
f 4255/6/2 4260/6/2 4268/6/2
f 4260/6/2 4261/6/2 4268/6/2
f 4268/6/2 4261/6/2 4269/6/2
f 4269/6/2 4261/6/2 4270/6/2
f 4262/6/2 4263/6/2 4271/6/2
f 4271/6/2 4263/6/2 4272/6/2
f 4264/6/2 4265/6/2 4273/6/2
f 4273/6/2 4265/6/2 4274/6/2
f 4271/6/2 4272/6/2 4275/6/2
f 4269/6/2 4270/6/2 4275/6/2
f 4270/6/2 4271/6/2 4275/6/2
f 4275/6/2 4272/6/2 4276/6/2
f 4277/6/2 4278/6/2 4279/6/2
f 4279/6/2 4278/6/2 4280/6/2
f 4281/6/2 4282/6/2 4283/6/2
f 4283/6/2 4282/6/2 4284/6/2
f 4285/6/2 4286/6/2 4289/6/2
f 4289/6/2 4286/6/2 4290/6/2
f 4287/10/2 4288/10/2 4291/10/2
f 4291/10/2 4288/10/2 4292/10/2
f 4293/6/2 4294/6/2 4297/6/2
f 4297/6/2 4294/6/2 4298/6/2
f 4295/6/2 4296/6/2 4301/6/2
f 4301/6/2 4296/6/2 4302/6/2
f 4303/10/2 4304/10/2 4311/10/2
f 4311/10/2 4304/10/2 4312/10/2
f 4305/10/2 4306/10/2 4315/10/2
f 4315/10/2 4306/10/2 4316/10/2
f 4307/6/2 4308/6/2 4319/6/2
f 4319/6/2 4308/6/2 4320/6/2
f 4309/10/2 4310/10/2 4321/10/2
f 4321/10/2 4310/10/2 4322/10/2
f 4313/10/2 4314/10/2 4323/10/2
f 4323/10/2 4314/10/2 4324/10/2
f 4317/6/2 4318/6/2 4325/6/2
f 4325/6/2 4318/6/2 4326/6/2
f 4299/10/2 4300/10/2 4328/10/2
f 4328/10/2 4300/10/2 4329/10/2
f 4330/10/2 4331/10/2 4334/10/2
f 4334/10/2 4331/10/2 4335/10/2
f 4332/6/2 4333/6/2 4336/6/2
f 4327/10/2 4328/10/2 4337/10/2
f 4337/10/2 4328/10/2 4338/10/2
f 4332/6/2 4336/6/2 4339/6/2
f 4339/6/2 4336/6/2 4340/6/2
f 4341/10/2 4342/10/2 4343/10/2
f 4343/10/2 4342/10/2 4344/10/2
f 4345/6/2 4346/6/2 4347/6/2
f 4347/6/2 4346/6/2 4348/6/2
f 4348/6/2 4349/6/2 4350/6/2
f 4350/6/2 4349/6/2 4351/6/2
f 4352/6/2 4353/6/2 4356/6/2
f 4356/6/2 4353/6/2 4357/6/2
f 4354/6/2 4355/6/2 4361/6/2
f 4361/6/2 4355/6/2 4362/6/2
f 4358/6/2 4359/6/2 4365/6/2
f 4365/6/2 4359/6/2 4366/6/2
f 4360/6/2 4361/6/2 4367/6/2
f 4367/6/2 4361/6/2 4368/6/2
f 4369/6/2 4370/6/2 4373/6/2
f 4373/6/2 4370/6/2 4374/6/2
f 4371/6/2 4372/6/2 4377/6/2
f 4377/6/2 4372/6/2 4378/6/2
f 4363/6/2 4364/6/2 4379/6/2
f 4379/6/2 4364/6/2 4380/6/2
f 4375/6/2 4376/6/2 4381/6/2
f 4381/6/2 4376/6/2 4382/6/2
f 4383/6/2 4384/6/2 4385/6/2
f 4385/6/2 4384/6/2 4386/6/2
f 4387/6/2 4388/6/2 4389/6/2
f 4389/6/2 4388/6/2 4390/6/2
f 4391/6/2 4392/6/2 4393/6/2
f 4393/6/2 4392/6/2 4394/6/2
f 4395/6/2 4396/6/2 4397/6/2
f 4397/6/2 4396/6/2 4398/6/2
f 4399/10/2 4400/10/2 4401/10/2
f 4401/10/2 4400/10/2 4402/10/2
f 4405/6/2 4406/6/2 4411/6/2
f 4411/6/2 4406/6/2 4412/6/2
f 4407/6/2 4408/6/2 4413/6/2
f 4413/6/2 4408/6/2 4414/6/2
f 4409/6/2 4410/6/2 4415/6/2
f 4415/6/2 4410/6/2 4416/6/2
f 4403/6/2 4404/6/2 4417/6/2
f 4417/6/2 4404/6/2 4418/6/2
f 4419/10/2 4420/10/2 4425/10/2
f 4425/10/2 4420/10/2 4426/10/2
f 4421/6/2 4422/6/2 4427/6/2
f 4427/6/2 4422/6/2 4428/6/2
f 4423/10/2 4424/10/2 4429/10/2
f 4429/10/2 4424/10/2 4430/10/2
f 4431/10/2 4432/10/2 4433/10/2
f 4433/10/2 4432/10/2 4434/10/2
f 4435/7/2 4436/7/2 4437/7/2
f 4435/7/2 4437/7/2 4441/7/2
f 4437/6/2 4438/6/2 4441/6/2
f 4441/6/2 4438/6/2 4442/6/2
f 4439/10/2 4440/10/2 4443/10/2
f 4443/10/2 4440/10/2 4444/10/2
f 4435/7/2 4441/7/2 4445/7/2
f 4445/7/2 4441/7/2 4446/7/2
f 4447/6/2 4448/6/2 4449/6/2
f 4449/6/2 4448/6/2 4450/6/2
f 4451/6/2 4452/6/2 4455/6/2
f 4455/6/2 4452/6/2 4456/6/2
f 4453/6/2 4454/6/2 4463/6/2
f 4463/6/2 4454/6/2 4464/6/2
f 4457/6/2 4458/6/2 4465/6/2
f 4465/6/2 4458/6/2 4466/6/2
f 4459/6/2 4460/6/2 4467/6/2
f 4467/6/2 4460/6/2 4468/6/2
f 4461/6/2 4462/6/2 4471/6/2
f 4471/6/2 4462/6/2 4472/6/2
f 4469/6/2 4470/6/2 4473/6/2
f 4473/6/2 4470/6/2 4474/6/2
f 4475/6/2 4476/6/2 4479/6/2
f 4479/6/2 4476/6/2 4480/6/2
f 4477/6/2 4478/6/2 4481/6/2
f 4481/6/2 4478/6/2 4482/6/2
f 4483/10/2 4484/10/2 4487/10/2
f 4487/10/2 4484/10/2 4488/10/2
f 4485/6/2 4486/6/2 4490/6/2
f 4490/6/2 4486/6/2 4491/6/2
f 4488/6/2 4489/6/2 4492/6/2
f 4492/6/2 4489/6/2 4493/6/2
f 4494/6/2 4495/6/2 4496/6/2
f 4496/6/2 4495/6/2 4497/6/2
f 4498/7/2 4499/7/2 4500/7/2
f 4500/7/2 4499/7/2 4501/7/2
f 4501/6/2 4502/6/2 4503/6/2
f 4503/6/2 4502/6/2 4504/6/2
f 4505/6/2 4506/6/2 4508/6/2
f 4508/6/2 4506/6/2 4509/6/2
f 4507/7/2 4508/7/2 4510/7/2
f 4510/7/2 4508/7/2 4511/7/2
f 4512/6/2 4513/6/2 4514/6/2
f 4514/6/2 4513/6/2 4515/6/2
f 4515/6/2 4516/6/2 4521/6/2
f 4521/6/2 4516/6/2 4522/6/2
f 4517/6/2 4518/6/2 4523/6/2
f 4523/6/2 4518/6/2 4524/6/2
f 4522/6/2 4523/6/2 4529/6/2
f 4523/6/2 4524/6/2 4529/6/2
f 4529/6/2 4524/6/2 4530/6/2
f 4525/6/2 4526/6/2 4531/6/2
f 4531/6/2 4526/6/2 4532/6/2
f 4527/6/2 4528/6/2 4533/6/2
f 4533/6/2 4528/6/2 4534/6/2
f 4519/6/2 4520/6/2 4535/6/2
f 4535/6/2 4520/6/2 4536/6/2
f 4539/6/2 4540/6/2 4541/6/2
f 4541/6/2 4540/6/2 4542/6/2
f 4537/10/2 4538/10/2 4545/10/2
f 4545/10/2 4538/10/2 4546/10/2
f 4543/6/2 4544/6/2 4547/6/2
f 4547/6/2 4544/6/2 4548/6/2
f 4549/6/2 4550/6/2 4553/6/2
f 4553/6/2 4550/6/2 4554/6/2
f 4551/6/2 4552/6/2 4555/6/2
f 4555/6/2 4552/6/2 4556/6/2
f 4557/6/2 4558/6/2 4559/6/2
f 4559/6/2 4558/6/2 4560/6/2
f 4560/6/2 4561/6/2 4562/6/2
f 4560/6/2 4562/6/2 4565/6/2
f 4562/10/2 4563/10/2 4566/10/2
f 4565/6/2 4562/6/2 4566/6/2
f 4566/10/2 4563/10/2 4567/10/2
f 4564/6/2 4565/6/2 4569/6/2
f 4565/6/2 4566/6/2 4569/6/2
f 4569/6/2 4566/6/2 4570/6/2
f 4570/6/2 4566/6/2 4571/6/2
f 4568/7/2 4569/7/2 4574/7/2
f 4569/6/2 4570/6/2 4574/6/2
f 4574/6/2 4570/6/2 4575/6/2
f 4568/7/2 4574/7/2 4576/7/2
f 4576/7/2 4574/7/2 4577/7/2
f 4572/6/2 4573/6/2 4578/6/2
f 4578/6/2 4579/6/2 4580/6/2
f 4572/6/2 4578/6/2 4580/6/2
f 4580/6/2 4579/6/2 4581/6/2
f 4581/6/2 4579/6/2 4582/6/2
f 4581/6/2 4582/6/2 4586/6/2
f 4582/6/2 4583/6/2 4586/6/2
f 4586/6/2 4583/6/2 4587/6/2
f 4587/6/2 4583/6/2 4588/6/2
f 4584/6/2 4585/6/2 4589/6/2
f 4589/6/2 4585/6/2 4590/6/2
f 4587/6/2 4588/6/2 4595/6/2
f 4589/6/2 4590/6/2 4595/6/2
f 4588/6/2 4589/6/2 4595/6/2
f 4595/6/2 4590/6/2 4596/6/2
f 4591/6/2 4592/6/2 4597/6/2
f 4597/6/2 4592/6/2 4598/6/2
f 4593/6/2 4594/6/2 4599/6/2
f 4599/6/2 4594/6/2 4600/6/2
f 4601/10/2 4602/10/2 4603/10/2
f 4603/10/2 4602/10/2 4604/10/2
f 4605/10/2 4606/10/2 4607/10/2
f 4607/10/2 4606/10/2 4608/10/2
f 4609/10/2 4610/10/2 4613/10/2
f 4613/10/2 4610/10/2 4614/10/2
f 4611/6/2 4612/6/2 4615/6/2
f 4615/6/2 4612/6/2 4616/6/2
f 4617/10/2 4618/10/2 4619/10/2
f 4619/10/2 4618/10/2 4620/10/2
f 4621/10/2 4622/10/2 4623/10/2
f 4623/10/2 4622/10/2 4624/10/2
f 4625/10/2 4626/10/2 4630/10/2
f 4630/10/2 4626/10/2 4631/10/2
f 4627/6/2 4628/6/2 4632/6/2
f 4632/6/2 4628/6/2 4633/6/2
f 4629/6/2 4630/6/2 4635/6/2
f 4635/6/2 4630/6/2 4636/6/2
f 4634/6/2 4635/6/2 4637/6/2
f 4637/6/2 4635/6/2 4638/6/2
f 4632/10/2 4633/10/2 4639/10/2
f 4632/10/2 4639/10/2 4641/10/2
f 4639/10/2 4640/10/2 4641/10/2
f 4641/10/2 4640/10/2 4642/10/2
f 4642/10/2 4640/10/2 4643/10/2
f 4642/10/2 4643/10/2 4649/10/2
f 4643/6/2 4644/6/2 4650/6/2
f 4649/10/2 4643/10/2 4650/10/2
f 4650/6/2 4644/6/2 4651/6/2
f 4645/6/2 4646/6/2 4654/6/2
f 4654/6/2 4646/6/2 4655/6/2
f 4647/6/2 4648/6/2 4656/6/2
f 4656/6/2 4648/6/2 4657/6/2
f 4652/6/2 4653/6/2 4658/6/2
f 4658/6/2 4653/6/2 4659/6/2
f 4660/6/2 4661/6/2 4662/6/2
f 4662/6/2 4661/6/2 4663/6/2
f 4664/6/2 4665/6/2 4666/6/2
f 4666/6/2 4665/6/2 4667/6/2
f 4668/10/2 4669/10/2 4670/10/2
f 4670/10/2 4669/10/2 4671/10/2
f 4672/10/2 4673/10/2 4676/10/2
f 4676/10/2 4673/10/2 4677/10/2
f 4674/6/2 4675/6/2 4678/6/2
f 4678/6/2 4675/6/2 4679/6/2
f 4680/10/2 4681/10/2 4684/10/2
f 4684/10/2 4681/10/2 4685/10/2
f 4682/10/2 4683/10/2 4688/10/2
f 4688/10/2 4683/10/2 4689/10/2
f 4686/10/2 4687/10/2 4690/10/2
f 4690/10/2 4687/10/2 4691/10/2
f 4693/10/2 4694/10/2 4695/10/2
f 4695/10/2 4694/10/2 4696/10/2
f 4691/10/2 4692/10/2 4697/10/2
f 4697/10/2 4692/10/2 4698/10/2
f 4699/6/2 4700/6/2 4703/6/2
f 4703/6/2 4700/6/2 4704/6/2
f 4701/6/2 4702/6/2 4709/6/2
f 4709/6/2 4702/6/2 4710/6/2
f 4705/6/2 4706/6/2 4711/6/2
f 4711/6/2 4706/6/2 4712/6/2
f 4707/6/2 4708/6/2 4713/6/2
f 4713/6/2 4708/6/2 4714/6/2
f 4715/5/2 4716/5/2 4717/5/2
f 4717/5/2 4716/5/2 4718/5/2
f 4719/6/2 4720/6/2 4721/6/2
f 4721/6/2 4720/6/2 4722/6/2
f 4723/6/2 4724/6/2 4725/6/2
f 4725/6/2 4724/6/2 4726/6/2
f 4727/6/2 4728/6/2 4729/6/2
f 4729/6/2 4728/6/2 4730/6/2
f 4731/10/2 4732/10/2 4733/10/2
f 4733/10/2 4732/10/2 4736/10/2
f 4736/10/2 4732/10/2 4737/10/2
f 4734/6/2 4735/6/2 4738/6/2
f 4738/6/2 4735/6/2 4739/6/2
f 4742/10/2 4743/10/2 4744/10/2
f 4744/10/2 4743/10/2 4745/10/2
f 4746/6/2 4747/6/2 4752/6/2
f 4752/6/2 4747/6/2 4753/6/2
f 4748/6/2 4749/6/2 4754/6/2
f 4754/6/2 4749/6/2 4755/6/2
f 4750/6/2 4751/6/2 4756/6/2
f 4756/6/2 4751/6/2 4757/6/2
f 4740/5/2 4741/5/2 4758/5/2
f 4758/5/2 4741/5/2 4759/5/2
f 4760/6/2 4761/6/2 4764/6/2
f 4761/6/2 4762/6/2 4764/6/2
f 4764/6/2 4762/6/2 4765/6/2
f 4763/6/2 4764/6/2 4768/6/2
f 4768/6/2 4764/6/2 4769/6/2
f 4768/10/2 4769/10/2 4771/10/2
f 4771/10/2 4769/10/2 4772/10/2
f 4766/6/2 4767/6/2 4773/6/2
f 4773/6/2 4767/6/2 4774/6/2
f 4770/10/2 4771/10/2 4775/10/2
f 4775/10/2 4771/10/2 4776/10/2
f 4777/6/2 4778/6/2 4779/6/2
f 4779/6/2 4778/6/2 4780/6/2
f 4781/10/2 4782/10/2 4784/10/2
f 4784/10/2 4782/10/2 4785/10/2
f 4786/6/2 4787/6/2 4788/6/2
f 4788/6/2 4787/6/2 4789/6/2
f 4783/6/2 4784/6/2 4790/6/2
f 4790/6/2 4784/6/2 4791/6/2
f 4791/6/2 4784/6/2 4792/6/2
f 4793/5/2 4794/5/2 4797/5/2
f 4797/5/2 4794/5/2 4798/5/2
f 4795/6/2 4796/6/2 4801/6/2
f 4801/6/2 4796/6/2 4802/6/2
f 4799/6/2 4800/6/2 4803/6/2
f 4803/6/2 4800/6/2 4804/6/2
f 4805/5/2 4806/5/2 4807/5/2
f 4807/5/2 4806/5/2 4808/5/2
f 4809/6/2 4810/6/2 4811/6/2
f 4811/6/2 4810/6/2 4812/6/2
f 4815/5/2 4816/5/2 4819/5/2
f 4819/5/2 4816/5/2 4820/5/2
f 4817/10/2 4818/10/2 4821/10/2
f 4821/10/2 4818/10/2 4822/10/2
f 4813/5/2 4814/5/2 4823/5/2
f 4823/5/2 4814/5/2 4824/5/2
f 4825/6/2 4826/6/2 4828/6/2
f 4828/6/2 4826/6/2 4829/6/2
f 4827/6/2 4828/6/2 4832/6/2
f 4832/6/2 4828/6/2 4833/6/2
f 4830/6/2 4831/6/2 4838/6/2
f 4838/6/2 4831/6/2 4839/6/2
f 4834/6/2 4835/6/2 4840/6/2
f 4840/6/2 4835/6/2 4841/6/2
f 4841/6/2 4835/6/2 4842/6/2
f 4836/6/2 4837/6/2 4844/6/2
f 4844/6/2 4837/6/2 4845/6/2
f 4842/6/2 4843/6/2 4846/6/2
f 4841/6/2 4842/6/2 4846/6/2
f 4846/6/2 4843/6/2 4847/6/2
f 4852/6/2 4853/6/2 4854/6/2
f 4854/6/2 4853/6/2 4855/6/2
f 4850/5/2 4851/5/2 4856/5/2
f 4856/5/2 4851/5/2 4857/5/2
f 4848/5/2 4849/5/2 4858/5/2
f 4858/5/2 4849/5/2 4859/5/2
f 4858/10/2 4859/10/2 4860/10/2
f 4860/10/2 4859/10/2 4861/10/2
f 4860/5/2 4861/5/2 4862/5/2
f 4862/5/2 4861/5/2 4863/5/2
f 4864/10/2 4865/10/2 4866/10/2
f 4866/10/2 4865/10/2 4867/10/2
f 4868/6/2 4869/6/2 4872/6/2
f 4872/6/2 4869/6/2 4873/6/2
f 4870/10/2 4871/10/2 4874/10/2
f 4874/10/2 4871/10/2 4875/10/2
f 4876/6/2 4877/6/2 4879/6/2
f 4879/6/2 4877/6/2 4880/6/2
f 4878/6/2 4879/6/2 4883/6/2
f 4883/6/2 4879/6/2 4884/6/2
f 4881/6/2 4882/6/2 4887/6/2
f 4887/6/2 4882/6/2 4888/6/2
f 4885/6/2 4886/6/2 4889/6/2
f 4889/6/2 4886/6/2 4890/6/2
f 4890/6/2 4886/6/2 4891/6/2
f 4890/6/2 4891/6/2 4895/6/2
f 4891/6/2 4892/6/2 4895/6/2
f 4895/6/2 4892/6/2 4896/6/2
f 4896/6/2 4892/6/2 4897/6/2
f 4893/6/2 4894/6/2 4898/6/2
f 4898/6/2 4894/6/2 4899/6/2
f 4899/6/2 4894/6/2 4900/6/2
f 4896/6/2 4897/6/2 4901/6/2
f 4898/6/2 4899/6/2 4901/6/2
f 4897/6/2 4898/6/2 4901/6/2
f 4901/6/2 4899/6/2 4902/6/2
f 4903/6/2 4904/6/2 4907/6/2
f 4907/6/2 4904/6/2 4908/6/2
f 4905/6/2 4906/6/2 4909/6/2
f 4909/6/2 4906/6/2 4910/6/2
f 4911/3/2 4912/3/2 4913/3/2
f 4913/3/2 4914/3/2 4915/3/2
f 4911/3/2 4913/3/2 4919/3/2
f 4913/3/2 4915/3/2 4919/3/2
f 4915/3/2 4916/3/2 4919/3/2
f 4919/3/2 4916/3/2 4920/3/2
f 4917/6/2 4918/6/2 4921/6/2
f 4921/6/2 4918/6/2 4922/6/2
f 4920/3/2 4916/3/2 4925/3/2
f 4925/3/2 4916/3/2 4926/3/2
f 4926/3/2 4916/3/2 4929/3/2
f 4929/3/2 4916/3/2 4930/3/2
f 4927/6/2 4928/6/2 4931/6/2
f 4931/6/2 4928/6/2 4932/6/2
f 4923/10/2 4924/10/2 4933/10/2
f 4933/10/2 4924/10/2 4934/10/2
f 4930/3/2 4916/3/2 4935/3/2
f 4935/3/2 4916/3/2 4936/3/2
f 4936/3/2 4916/3/2 4941/3/2
f 4941/3/2 4916/3/2 4942/3/2
f 4939/6/2 4940/6/2 4943/6/2
f 4943/6/2 4940/6/2 4944/6/2
f 4937/6/2 4938/6/2 4946/6/2
f 4946/6/2 4938/6/2 4947/6/2
f 4945/6/2 4946/6/2 4953/6/2
f 4953/6/2 4946/6/2 4954/6/2
f 4948/6/2 4949/6/2 4955/6/2
f 4949/6/2 4950/6/2 4955/6/2
f 4951/6/2 4952/6/2 4957/6/2
f 4957/6/2 4952/6/2 4958/6/2
f 4955/6/2 4956/6/2 4959/6/2
f 4948/6/2 4955/6/2 4962/6/2
f 4955/6/2 4959/6/2 4962/6/2
f 4962/6/2 4959/6/2 4963/6/2
f 4960/6/2 4961/6/2 4967/6/2
f 4964/6/2 4965/6/2 4968/6/2
f 4968/6/2 4965/6/2 4969/6/2
f 4966/6/2 4967/6/2 4970/6/2
f 4967/6/2 4961/6/2 4971/6/2
f 4970/6/2 4967/6/2 4971/6/2
f 4972/6/2 4973/6/2 4974/6/2
f 4974/6/2 4973/6/2 4975/6/2
f 4976/6/2 4977/6/2 4978/6/2
f 4978/6/2 4977/6/2 4979/6/2
f 4980/10/2 4981/10/2 4986/10/2
f 4981/6/2 4982/6/2 4987/6/2
f 4986/10/2 4981/10/2 4987/10/2
f 4987/6/2 4982/6/2 4988/6/2
f 4983/3/2 4984/3/2 4989/3/2
f 4989/3/2 4984/3/2 4990/3/2
f 4985/10/2 4986/10/2 4991/10/2
f 4991/10/2 4986/10/2 4992/10/2
f 4993/6/2 4994/6/2 4995/6/2
f 4995/6/2 4994/6/2 4996/6/2
f 4999/6/2 5000/6/2 5001/6/2
f 5001/6/2 5000/6/2 5002/6/2
f 4997/6/2 4998/6/2 5003/6/2
f 5003/6/2 4998/6/2 5004/6/2
f 5004/6/2 5005/6/2 5008/6/2
f 5008/6/2 5005/6/2 5009/6/2
f 5009/6/2 5005/6/2 5010/6/2
f 5010/6/2 5005/6/2 5011/6/2
f 5006/6/2 5007/6/2 5014/6/2
f 5014/6/2 5007/6/2 5015/6/2
f 5012/6/2 5013/6/2 5018/6/2
f 5018/6/2 5013/6/2 5019/6/2
f 5016/6/2 5017/6/2 5023/6/2
f 5023/6/2 5017/6/2 5024/6/2
f 5009/6/2 5010/6/2 5025/6/2
f 5025/6/2 5010/6/2 5026/6/2
f 5020/6/2 5021/6/2 5027/6/2
f 5027/6/2 5021/6/2 5028/6/2
f 5022/6/2 5023/6/2 5029/6/2
f 5026/6/2 5027/6/2 5031/6/2
f 5031/6/2 5027/6/2 5032/6/2
f 5029/6/2 5030/6/2 5033/6/2
f 5022/6/2 5029/6/2 5033/6/2
f 5033/6/2 5030/6/2 5034/6/2
f 5035/5/2 5036/5/2 5037/5/2
f 5035/5/2 5037/5/2 5039/5/2
f 5037/6/2 5038/6/2 5040/6/2
f 5039/5/2 5037/5/2 5040/5/2
f 5040/6/2 5038/6/2 5041/6/2
f 5041/6/2 5038/6/2 5042/6/2
f 5043/3/2 5044/3/2 5045/3/2
f 5045/3/2 5044/3/2 5046/3/2
f 5047/3/2 5048/3/2 5049/3/2
f 5049/3/2 5048/3/2 5050/3/2
f 5050/3/2 5051/3/2 5052/3/2
f 5052/3/2 5051/3/2 5053/3/2
f 5054/6/2 5055/6/2 5056/6/2
f 5056/6/2 5055/6/2 5057/6/2
f 5058/6/2 5059/6/2 5062/6/2
f 5062/6/2 5059/6/2 5063/6/2
f 5060/6/2 5061/6/2 5064/6/2
f 5064/6/2 5061/6/2 5065/6/2
f 5066/6/2 5067/6/2 5068/6/2
f 5068/6/2 5067/6/2 5069/6/2
f 5070/6/2 5071/6/2 5074/6/2
f 5074/6/2 5071/6/2 5075/6/2
f 5072/6/2 5073/6/2 5077/6/2
f 5077/6/2 5073/6/2 5078/6/2
f 5078/6/2 5073/6/2 5079/6/2
f 5076/6/2 5077/6/2 5082/6/2
f 5077/6/2 5078/6/2 5082/6/2
f 5082/6/2 5078/6/2 5083/6/2
f 5083/6/2 5078/6/2 5084/6/2
f 5084/6/2 5078/6/2 5085/6/2
f 5080/6/2 5081/6/2 5086/6/2
f 5086/6/2 5081/6/2 5087/6/2
f 5083/6/2 5084/6/2 5088/6/2
f 5088/6/2 5084/6/2 5089/6/2
f 5090/5/2 5091/5/2 5092/5/2
f 5092/5/2 5091/5/2 5093/5/2
f 5093/6/2 5094/6/2 5097/6/2
f 5097/6/2 5094/6/2 5098/6/2
f 5095/6/2 5096/6/2 5100/6/2
f 5100/6/2 5096/6/2 5101/6/2
f 5099/6/2 5100/6/2 5103/6/2
f 5100/6/2 5101/6/2 5103/6/2
f 5103/6/2 5101/6/2 5104/6/2
f 5101/5/2 5102/5/2 5105/5/2
f 5104/6/2 5101/6/2 5105/6/2
f 5105/5/2 5102/5/2 5106/5/2
f 5104/6/2 5105/6/2 5107/6/2
f 5107/6/2 5105/6/2 5108/6/2
f 5109/5/2 5110/5/2 5111/5/2
f 5111/5/2 5110/5/2 5112/5/2
f 5113/3/2 5114/3/2 5116/3/2
f 5114/3/2 5115/3/2 5116/3/2
f 5116/3/2 5115/3/2 5117/3/2
f 5117/3/2 5118/3/2 5119/3/2
f 5119/3/2 5118/3/2 5120/3/2
f 5121/6/2 5122/6/2 5125/6/2
f 5125/6/2 5122/6/2 5126/6/2
f 5123/6/2 5124/6/2 5127/6/2
f 5127/6/2 5124/6/2 5128/6/2
f 5129/6/2 5130/6/2 5134/6/2
f 5134/6/2 5130/6/2 5135/6/2
f 5131/6/2 5132/6/2 5137/6/2
f 5137/6/2 5132/6/2 5138/6/2
f 5132/5/2 5133/5/2 5139/5/2
f 5138/6/2 5132/6/2 5139/6/2
f 5137/6/2 5138/6/2 5140/6/2
f 5136/6/2 5137/6/2 5140/6/2
f 5140/6/2 5138/6/2 5141/6/2
f 5139/5/2 5133/5/2 5142/5/2
f 5142/5/2 5133/5/2 5143/5/2
f 5136/6/2 5140/6/2 5144/6/2
f 5136/6/2 5144/6/2 5148/6/2
f 5144/6/2 5145/6/2 5148/6/2
f 5148/6/2 5145/6/2 5149/6/2
f 5149/6/2 5145/6/2 5150/6/2
f 5146/5/2 5147/5/2 5151/5/2
f 5149/6/2 5150/6/2 5152/6/2
f 5150/6/2 5151/6/2 5152/6/2
f 5151/5/2 5147/5/2 5153/5/2
f 5152/6/2 5151/6/2 5153/6/2
f 5153/5/2 5147/5/2 5154/5/2
f 5155/6/2 5156/6/2 5157/6/2
f 5157/6/2 5156/6/2 5158/6/2
f 5159/6/2 5160/6/2 5161/6/2
f 5161/6/2 5160/6/2 5162/6/2
f 5162/6/2 5163/6/2 5164/6/2
f 5164/6/2 5163/6/2 5165/6/2
f 5166/6/2 5167/6/2 5168/6/2
f 5168/6/2 5167/6/2 5169/6/2
f 5170/6/2 5171/6/2 5172/6/2
f 5172/6/2 5171/6/2 5173/6/2
f 5174/6/2 5175/6/2 5178/6/2
f 5178/6/2 5175/6/2 5179/6/2
f 5176/6/2 5177/6/2 5181/6/2
f 5181/6/2 5177/6/2 5182/6/2
f 5180/6/2 5181/6/2 5184/6/2
f 5183/6/2 5184/6/2 5185/6/2
f 5184/6/2 5181/6/2 5186/6/2
f 5185/6/2 5184/6/2 5186/6/2
f 5186/6/2 5181/6/2 5187/6/2
f 5187/6/2 5181/6/2 5188/6/2
f 5188/6/2 5189/6/2 5190/6/2
f 5190/6/2 5189/6/2 5191/6/2
f 5192/6/2 5193/6/2 5194/6/2
f 5194/6/2 5193/6/2 5195/6/2
f 5196/6/2 5197/6/2 5198/6/2
f 5198/6/2 5197/6/2 5199/6/2
f 5200/6/2 5201/6/2 5202/6/2
f 5202/6/2 5201/6/2 5203/6/2
f 5204/6/2 5205/6/2 5208/6/2
f 5208/6/2 5205/6/2 5209/6/2
f 5206/6/2 5207/6/2 5211/6/2
f 5211/6/2 5207/6/2 5212/6/2
f 5212/6/2 5207/6/2 5213/6/2
f 5210/6/2 5211/6/2 5214/6/2
f 5211/6/2 5212/6/2 5214/6/2
f 5214/6/2 5212/6/2 5215/6/2
f 5210/6/2 5214/6/2 5217/6/2
f 5216/6/2 5217/6/2 5219/6/2
f 5217/6/2 5214/6/2 5220/6/2
f 5219/6/2 5217/6/2 5220/6/2
f 5218/6/2 5219/6/2 5222/6/2
f 5220/6/2 5221/6/2 5222/6/2
f 5219/6/2 5220/6/2 5222/6/2
f 5218/6/2 5222/6/2 5224/6/2
f 5222/6/2 5223/6/2 5224/6/2
f 5224/6/2 5223/6/2 5225/6/2
f 5225/6/2 5223/6/2 5226/6/2
f 5226/6/2 5223/6/2 5227/6/2
f 5225/6/2 5226/6/2 5232/6/2
f 5232/6/2 5226/6/2 5233/6/2
f 5228/6/2 5229/6/2 5234/6/2
f 5234/6/2 5229/6/2 5235/6/2
f 5230/5/2 5231/5/2 5236/5/2
f 5236/5/2 5231/5/2 5237/5/2
f 5238/6/2 5239/6/2 5241/6/2
f 5241/6/2 5239/6/2 5242/6/2
f 5243/6/2 5244/6/2 5245/6/2
f 5245/6/2 5244/6/2 5246/6/2
f 5240/6/2 5241/6/2 5247/6/2
f 5247/6/2 5241/6/2 5248/6/2
f 5249/6/2 5250/6/2 5253/6/2
f 5253/6/2 5250/6/2 5254/6/2
f 5251/6/2 5252/6/2 5255/6/2
f 5255/6/2 5252/6/2 5256/6/2
f 5257/6/2 5258/6/2 5260/6/2
f 5260/6/2 5258/6/2 5261/6/2
f 5261/6/2 5258/6/2 5262/6/2
f 5259/10/2 5260/10/2 5263/10/2
f 5260/6/2 5261/6/2 5263/6/2
f 5263/6/2 5261/6/2 5264/6/2
f 5259/10/2 5263/10/2 5265/10/2
f 5259/10/2 5265/10/2 5269/10/2
f 5265/6/2 5266/6/2 5270/6/2
f 5269/10/2 5265/10/2 5270/10/2
f 5270/6/2 5266/6/2 5271/6/2
f 5267/6/2 5268/6/2 5272/6/2
f 5272/6/2 5268/6/2 5273/6/2
f 5273/6/2 5268/6/2 5274/6/2
f 5270/10/2 5271/10/2 5275/10/2
f 5272/6/2 5273/6/2 5276/6/2
f 5275/10/2 5271/10/2 5276/10/2
f 5271/6/2 5272/6/2 5276/6/2
f 5276/6/2 5273/6/2 5277/6/2
f 5278/10/2 5279/10/2 5280/10/2
f 5280/10/2 5279/10/2 5281/10/2
f 5284/6/2 5285/6/2 5286/6/2
f 5286/6/2 5285/6/2 5287/6/2
f 5282/6/2 5283/6/2 5288/6/2
f 5288/6/2 5283/6/2 5289/6/2
f 5290/6/2 5291/6/2 5292/6/2
f 5292/6/2 5291/6/2 5293/6/2
f 5296/6/2 5297/6/2 5298/6/2
f 5294/6/2 5295/6/2 5301/6/2
f 5301/6/2 5295/6/2 5302/6/2
f 5298/6/2 5299/6/2 5303/6/2
f 5296/6/2 5298/6/2 5303/6/2
f 5303/6/2 5299/6/2 5304/6/2
f 5300/6/2 5301/6/2 5305/6/2
f 5305/6/2 5301/6/2 5306/6/2
f 5307/6/2 5308/6/2 5311/6/2
f 5311/6/2 5308/6/2 5312/6/2
f 5309/6/2 5310/6/2 5313/6/2
f 5313/6/2 5310/6/2 5314/6/2
f 5315/6/2 5316/6/2 5319/6/2
f 5319/6/2 5316/6/2 5320/6/2
f 5317/10/2 5318/10/2 5321/10/2
f 5321/10/2 5318/10/2 5322/10/2
f 5323/6/2 5324/6/2 5325/6/2
f 5325/6/2 5324/6/2 5326/6/2
f 5327/6/2 5328/6/2 5333/6/2
f 5333/6/2 5328/6/2 5334/6/2
f 5329/10/2 5330/10/2 5335/10/2
f 5335/10/2 5330/10/2 5336/10/2
f 5331/6/2 5332/6/2 5339/6/2
f 5339/6/2 5332/6/2 5340/6/2
f 5337/6/2 5338/6/2 5341/6/2
f 5341/6/2 5338/6/2 5342/6/2
f 5343/6/2 5344/6/2 5346/6/2
f 5346/6/2 5344/6/2 5347/6/2
f 5345/6/2 5346/6/2 5348/6/2
f 5348/6/2 5346/6/2 5349/6/2
f 5350/10/2 5351/10/2 5352/10/2
f 5352/10/2 5351/10/2 5353/10/2
f 5354/6/2 5355/6/2 5357/6/2
f 5357/6/2 5355/6/2 5358/6/2
f 5359/6/2 5360/6/2 5361/6/2
f 5361/6/2 5360/6/2 5362/6/2
f 5362/6/2 5363/6/2 5365/6/2
f 5365/6/2 5363/6/2 5366/6/2
f 5356/6/2 5357/6/2 5367/6/2
f 5367/6/2 5357/6/2 5368/6/2
f 5364/6/2 5365/6/2 5369/6/2
f 5369/6/2 5365/6/2 5370/6/2
f 5371/6/2 5372/6/2 5375/6/2
f 5375/6/2 5372/6/2 5376/6/2
f 5373/6/2 5374/6/2 5377/6/2
f 5377/6/2 5374/6/2 5378/6/2
f 5379/6/2 5380/6/2 5381/6/2
f 5381/6/2 5380/6/2 5382/6/2
f 5383/6/2 5384/6/2 5385/6/2
f 5385/6/2 5384/6/2 5386/6/2
f 5387/6/2 5388/6/2 5393/6/2
f 5393/6/2 5388/6/2 5394/6/2
f 5389/10/2 5390/10/2 5395/10/2
f 5395/10/2 5390/10/2 5396/10/2
f 5391/6/2 5392/6/2 5397/6/2
f 5397/6/2 5392/6/2 5398/6/2
f 5399/6/2 5400/6/2 5402/6/2
f 5402/6/2 5400/6/2 5403/6/2
f 5401/6/2 5402/6/2 5404/6/2
f 5404/6/2 5402/6/2 5405/6/2
f 5406/6/2 5407/6/2 5408/6/2
f 5408/6/2 5407/6/2 5409/6/2
f 5410/6/2 5411/6/2 5412/6/2
f 5412/6/2 5411/6/2 5413/6/2
f 5414/6/2 5415/6/2 5416/6/2
f 5416/6/2 5415/6/2 5417/6/2
f 5418/6/2 5419/6/2 5420/6/2
f 5420/6/2 5419/6/2 5421/6/2
f 5422/6/2 5423/6/2 5424/6/2
f 5424/6/2 5423/6/2 5425/6/2
f 5426/6/2 5427/6/2 5429/6/2
f 5429/6/2 5427/6/2 5430/6/2
f 5428/6/2 5429/6/2 5432/6/2
f 5430/6/2 5431/6/2 5432/6/2
f 5429/6/2 5430/6/2 5432/6/2
f 5432/6/2 5431/6/2 5433/6/2
f 5433/6/2 5431/6/2 5434/6/2
f 5433/6/2 5434/6/2 5437/6/2
f 5437/6/2 5434/6/2 5438/6/2
f 5438/6/2 5434/6/2 5439/6/2
f 5439/6/2 5434/6/2 5440/6/2
f 5435/6/2 5436/6/2 5443/6/2
f 5443/6/2 5436/6/2 5444/6/2
f 5438/6/2 5439/6/2 5445/6/2
f 5445/6/2 5439/6/2 5446/6/2
f 5441/6/2 5442/6/2 5447/6/2
f 5447/6/2 5442/6/2 5448/6/2
f 5449/6/2 5450/6/2 5451/6/2
f 5451/6/2 5450/6/2 5452/6/2
f 5453/6/2 5454/6/2 5455/6/2
f 5455/6/2 5454/6/2 5456/6/2
f 5457/6/2 5458/6/2 5459/6/2
f 5459/6/2 5458/6/2 5460/6/2
f 5461/6/2 5462/6/2 5463/6/2
f 5463/6/2 5462/6/2 5464/6/2
f 5465/6/2 5466/6/2 5467/6/2
f 5467/6/2 5466/6/2 5468/6/2
f 5469/6/2 5470/6/2 5471/6/2
f 5471/6/2 5470/6/2 5472/6/2
f 5473/6/2 5474/6/2 5476/6/2
f 5476/6/2 5474/6/2 5477/6/2
f 5477/6/2 5474/6/2 5478/6/2
f 5478/6/2 5474/6/2 5479/6/2
f 5475/6/2 5476/6/2 5480/6/2
f 5476/6/2 5477/6/2 5480/6/2
f 5480/6/2 5477/6/2 5481/6/2
f 5478/6/2 5479/6/2 5482/6/2
f 5482/6/2 5479/6/2 5483/6/2
f 5475/6/2 5480/6/2 5486/6/2
f 5484/6/2 5485/6/2 5490/6/2
f 5490/6/2 5485/6/2 5491/6/2
f 5475/6/2 5486/6/2 5492/6/2
f 5486/6/2 5487/6/2 5492/6/2
f 5492/6/2 5487/6/2 5493/6/2
f 5493/6/2 5487/6/2 5494/6/2
f 5488/6/2 5489/6/2 5497/6/2
f 5497/6/2 5489/6/2 5498/6/2
f 5494/6/2 5495/6/2 5502/6/2
f 5493/6/2 5494/6/2 5502/6/2
f 5502/6/2 5495/6/2 5503/6/2
f 5503/6/2 5495/6/2 5504/6/2
f 5497/6/2 5498/6/2 5505/6/2
f 5496/6/2 5497/6/2 5505/6/2
f 5505/6/2 5498/6/2 5506/6/2
f 5498/10/2 5499/10/2 5507/10/2
f 5506/6/2 5498/6/2 5507/6/2
f 5507/10/2 5499/10/2 5508/10/2
f 5500/6/2 5501/6/2 5511/6/2
f 5511/6/2 5501/6/2 5512/6/2
f 5505/6/2 5506/6/2 5513/6/2
f 5503/6/2 5504/6/2 5513/6/2
f 5504/6/2 5505/6/2 5513/6/2
f 5513/6/2 5506/6/2 5514/6/2
f 5509/6/2 5510/6/2 5515/6/2
f 5515/6/2 5510/6/2 5516/6/2
f 5517/5/2 5518/5/2 5519/5/2
f 5519/5/2 5518/5/2 5520/5/2
f 5521/6/2 5522/6/2 5523/6/2
f 5523/6/2 5522/6/2 5524/6/2
f 5525/6/2 5526/6/2 5529/6/2
f 5529/6/2 5526/6/2 5530/6/2
f 5527/6/2 5528/6/2 5533/6/2
f 5533/6/2 5528/6/2 5534/6/2
f 5531/6/2 5532/6/2 5535/6/2
f 5535/6/2 5532/6/2 5536/6/2
f 5539/6/2 5540/6/2 5542/6/2
f 5542/6/2 5540/6/2 5543/6/2
f 5537/6/2 5538/6/2 5545/6/2
f 5545/6/2 5538/6/2 5546/6/2
f 5541/6/2 5542/6/2 5547/6/2
f 5547/6/2 5542/6/2 5548/6/2
f 5543/6/2 5544/6/2 5549/6/2
f 5549/6/2 5544/6/2 5550/6/2
f 5551/6/2 5552/6/2 5553/6/2
f 5553/6/2 5552/6/2 5554/6/2
f 5555/6/2 5556/6/2 5557/6/2
f 5557/6/2 5556/6/2 5558/6/2
f 5558/6/2 5559/6/2 5566/6/2
f 5566/6/2 5559/6/2 5567/6/2
f 5560/6/2 5561/6/2 5569/6/2
f 5569/6/2 5561/6/2 5570/6/2
f 5570/6/2 5561/6/2 5571/6/2
f 5562/6/2 5563/6/2 5572/6/2
f 5572/6/2 5563/6/2 5573/6/2
f 5564/6/2 5565/6/2 5574/6/2
f 5574/6/2 5565/6/2 5575/6/2
f 5568/6/2 5569/6/2 5576/6/2
f 5569/6/2 5570/6/2 5576/6/2
f 5576/6/2 5570/6/2 5577/6/2
f 5578/3/2 5579/3/2 5584/3/2
f 5580/3/2 5581/3/2 5585/3/2
f 5582/6/2 5583/6/2 5588/6/2
f 5588/6/2 5583/6/2 5589/6/2
f 5578/3/2 5584/3/2 5590/3/2
f 5590/3/2 5584/3/2 5591/3/2
f 5585/3/2 5581/3/2 5592/3/2
f 5592/3/2 5581/3/2 5593/3/2
f 5586/5/2 5587/5/2 5594/5/2
f 5586/5/2 5594/5/2 5596/5/2
f 5594/6/2 5595/6/2 5597/6/2
f 5596/5/2 5594/5/2 5597/5/2
f 5598/5/2 5599/5/2 5600/5/2
f 5600/5/2 5599/5/2 5601/5/2
f 5597/6/2 5595/6/2 5602/6/2
f 5602/6/2 5595/6/2 5603/6/2
f 5604/6/2 5605/6/2 5608/6/2
f 5608/6/2 5605/6/2 5609/6/2
f 5606/6/2 5607/6/2 5610/6/2
f 5610/6/2 5607/6/2 5611/6/2
f 5612/6/2 5613/6/2 5616/6/2
f 5616/6/2 5613/6/2 5617/6/2
f 5614/6/2 5615/6/2 5620/6/2
f 5620/6/2 5615/6/2 5621/6/2
f 5618/6/2 5619/6/2 5624/6/2
f 5624/6/2 5619/6/2 5625/6/2
f 5622/6/2 5623/6/2 5626/6/2
f 5626/6/2 5623/6/2 5627/6/2
f 5628/6/2 5629/6/2 5632/6/2
f 5632/6/2 5629/6/2 5633/6/2
f 5630/6/2 5631/6/2 5634/6/2
f 5634/6/2 5631/6/2 5635/6/2
f 5636/6/2 5637/6/2 5638/6/2
f 5638/6/2 5637/6/2 5639/6/2
f 5639/6/2 5640/6/2 5643/6/2
f 5643/6/2 5640/6/2 5644/6/2
f 5641/6/2 5642/6/2 5649/6/2
f 5649/6/2 5642/6/2 5650/6/2
f 5645/6/2 5646/6/2 5651/6/2
f 5651/6/2 5646/6/2 5652/6/2
f 5647/6/2 5648/6/2 5655/6/2
f 5655/6/2 5648/6/2 5656/6/2
f 5653/6/2 5654/6/2 5657/6/2
f 5657/6/2 5654/6/2 5658/6/2
f 5661/6/2 5662/6/2 5666/6/2
f 5666/6/2 5662/6/2 5667/6/2
f 5663/3/2 5664/3/2 5668/3/2
f 5668/3/2 5664/3/2 5669/3/2
f 5659/5/2 5660/5/2 5670/5/2
f 5670/5/2 5660/5/2 5671/5/2
f 5665/6/2 5666/6/2 5675/6/2
f 5674/6/2 5675/6/2 5676/6/2
f 5675/6/2 5666/6/2 5677/6/2
f 5676/6/2 5675/6/2 5677/6/2
f 5672/5/2 5673/5/2 5678/5/2
f 5678/5/2 5673/5/2 5679/5/2
f 5680/5/2 5681/5/2 5686/5/2
f 5686/5/2 5681/5/2 5687/5/2
f 5682/6/2 5683/6/2 5688/6/2
f 5688/6/2 5683/6/2 5689/6/2
f 5684/6/2 5685/6/2 5690/6/2
f 5690/6/2 5685/6/2 5691/6/2
f 5692/6/2 5693/6/2 5694/6/2
f 5694/6/2 5693/6/2 5695/6/2
f 5696/6/2 5697/6/2 5698/6/2
f 5696/6/2 5698/6/2 5700/6/2
f 5698/6/2 5699/6/2 5700/6/2
f 5700/6/2 5699/6/2 5701/6/2
f 5701/6/2 5699/6/2 5702/6/2
f 5701/6/2 5702/6/2 5704/6/2
f 5702/6/2 5703/6/2 5704/6/2
f 5704/6/2 5703/6/2 5705/6/2
f 5706/6/2 5707/6/2 5710/6/2
f 5710/6/2 5707/6/2 5711/6/2
f 5708/6/2 5709/6/2 5712/6/2
f 5712/6/2 5709/6/2 5713/6/2
f 5714/5/2 5715/5/2 5718/5/2
f 5718/5/2 5715/5/2 5719/5/2
f 5716/5/2 5717/5/2 5720/5/2
f 5720/5/2 5717/5/2 5721/5/2
f 5722/6/2 5723/6/2 5724/6/2
f 5724/6/2 5723/6/2 5725/6/2
f 5726/10/2 5727/10/2 5728/10/2
f 5728/10/2 5727/10/2 5729/10/2
f 5734/6/2 5735/6/2 5736/6/2
f 5736/6/2 5735/6/2 5737/6/2
f 5740/6/2 5741/6/2 5743/6/2
f 5743/6/2 5741/6/2 5744/6/2
f 5738/6/2 5739/6/2 5745/6/2
f 5745/6/2 5739/6/2 5746/6/2
f 5743/6/2 5744/6/2 5749/6/2
f 5742/6/2 5743/6/2 5749/6/2
f 5744/6/2 5745/6/2 5749/6/2
f 5749/6/2 5745/6/2 5750/6/2
f 5750/6/2 5745/6/2 5751/6/2
f 5751/6/2 5745/6/2 5752/6/2
f 5747/6/2 5748/6/2 5753/6/2
f 5753/6/2 5748/6/2 5754/6/2
f 5750/6/2 5751/6/2 5757/6/2
f 5757/6/2 5751/6/2 5758/6/2
f 5755/6/2 5756/6/2 5759/6/2
f 5759/6/2 5756/6/2 5760/6/2
f 5730/5/2 5731/5/2 5761/5/2
f 5761/5/2 5731/5/2 5762/5/2
f 5732/5/2 5733/5/2 5765/5/2
f 5765/5/2 5733/5/2 5766/5/2
f 5762/6/2 5763/6/2 5767/6/2
f 5762/6/2 5767/6/2 5768/6/2
f 5768/6/2 5767/6/2 5769/6/2
f 5764/6/2 5765/6/2 5772/6/2
f 5770/6/2 5771/6/2 5773/6/2
f 5771/6/2 5772/6/2 5773/6/2
f 5772/6/2 5765/6/2 5774/6/2
f 5773/6/2 5772/6/2 5774/6/2
f 5775/6/2 5776/6/2 5779/6/2
f 5779/6/2 5776/6/2 5780/6/2
f 5777/6/2 5778/6/2 5783/6/2
f 5783/6/2 5778/6/2 5784/6/2
f 5781/6/2 5782/6/2 5785/6/2
f 5785/6/2 5782/6/2 5786/6/2
f 5787/6/2 5788/6/2 5789/6/2
f 5789/6/2 5788/6/2 5790/6/2
f 5791/6/2 5792/6/2 5794/6/2
f 5794/6/2 5792/6/2 5795/6/2
f 5793/6/2 5794/6/2 5797/6/2
f 5797/6/2 5794/6/2 5798/6/2
f 5798/6/2 5794/6/2 5799/6/2
f 5796/6/2 5797/6/2 5800/6/2
f 5797/6/2 5798/6/2 5800/6/2
f 5800/6/2 5798/6/2 5801/6/2
f 5799/6/2 5794/6/2 5802/6/2
f 5802/6/2 5794/6/2 5803/6/2
f 5796/6/2 5800/6/2 5806/6/2
f 5806/6/2 5800/6/2 5807/6/2
f 5803/6/2 5804/6/2 5810/6/2
f 5810/6/2 5804/6/2 5811/6/2
f 5807/6/2 5808/6/2 5817/6/2
f 5805/6/2 5806/6/2 5817/6/2
f 5806/6/2 5807/6/2 5817/6/2
f 5817/6/2 5808/6/2 5818/6/2
f 5809/6/2 5810/6/2 5819/6/2
f 5810/6/2 5811/6/2 5819/6/2
f 5819/6/2 5811/6/2 5820/6/2
f 5820/6/2 5811/6/2 5821/6/2
f 5812/6/2 5813/6/2 5822/6/2
f 5822/6/2 5813/6/2 5823/6/2
f 5814/6/2 5815/6/2 5824/6/2
f 5824/6/2 5815/6/2 5825/6/2
f 5817/6/2 5818/6/2 5826/6/2
f 5816/6/2 5817/6/2 5826/6/2
f 5819/6/2 5820/6/2 5826/6/2
f 5818/6/2 5819/6/2 5826/6/2
f 5826/6/2 5820/6/2 5827/6/2
f 5816/6/2 5826/6/2 5830/6/2
f 5830/6/2 5826/6/2 5831/6/2
f 5831/6/2 5826/6/2 5832/6/2
f 5832/6/2 5826/6/2 5833/6/2
f 5833/6/2 5826/6/2 5834/6/2
f 5834/6/2 5826/6/2 5835/6/2
f 5833/6/2 5834/6/2 5836/6/2
f 5836/6/2 5834/6/2 5837/6/2
f 5828/6/2 5829/6/2 5838/6/2
f 5838/6/2 5829/6/2 5839/6/2
f 5842/6/2 5843/6/2 5850/6/2
f 5850/6/2 5843/6/2 5851/6/2
f 5840/6/2 5841/6/2 5854/6/2
f 5854/6/2 5841/6/2 5855/6/2
f 5846/6/2 5847/6/2 5857/6/2
f 5857/6/2 5847/6/2 5858/6/2
f 5848/6/2 5849/6/2 5859/6/2
f 5859/6/2 5849/6/2 5860/6/2
f 5852/6/2 5853/6/2 5861/6/2
f 5861/6/2 5853/6/2 5862/6/2
f 5855/6/2 5856/6/2 5863/6/2
f 5863/6/2 5856/6/2 5864/6/2
f 5844/6/2 5845/6/2 5865/6/2
f 5865/6/2 5845/6/2 5866/6/2
f 5867/6/2 5868/6/2 5869/6/2
f 5869/6/2 5868/6/2 5870/6/2
f 5871/6/2 5872/6/2 5874/6/2
f 5874/6/2 5872/6/2 5875/6/2
f 5873/6/2 5874/6/2 5878/6/2
f 5878/6/2 5874/6/2 5879/6/2
f 5876/6/2 5877/6/2 5880/6/2
f 5880/6/2 5877/6/2 5881/6/2
f 5882/6/2 5883/6/2 5885/6/2
f 5884/6/2 5885/6/2 5887/6/2
f 5885/6/2 5883/6/2 5888/6/2
f 5887/6/2 5885/6/2 5888/6/2
f 5888/6/2 5883/6/2 5889/6/2
f 5887/6/2 5888/6/2 5892/6/2
f 5886/6/2 5887/6/2 5892/6/2
f 5892/6/2 5888/6/2 5893/6/2
f 5890/6/2 5891/6/2 5896/6/2
f 5896/6/2 5891/6/2 5897/6/2
f 5894/6/2 5895/6/2 5899/6/2
f 5899/6/2 5895/6/2 5900/6/2
f 5886/6/2 5892/6/2 5901/6/2
f 5901/6/2 5892/6/2 5902/6/2
f 5898/6/2 5899/6/2 5904/6/2
f 5902/6/2 5903/6/2 5907/6/2
f 5901/6/2 5902/6/2 5907/6/2
f 5907/6/2 5903/6/2 5908/6/2
f 5908/6/2 5903/6/2 5909/6/2
f 5898/6/2 5904/6/2 5912/6/2
f 5905/6/2 5906/6/2 5915/6/2
f 5909/6/2 5910/6/2 5917/6/2
f 5908/6/2 5909/6/2 5917/6/2
f 5917/6/2 5910/6/2 5918/6/2
f 5918/6/2 5910/6/2 5919/6/2
f 5911/6/2 5912/6/2 5920/6/2
f 5912/6/2 5904/6/2 5921/6/2
f 5920/6/2 5912/6/2 5921/6/2
f 5921/6/2 5904/6/2 5922/6/2
f 5913/6/2 5914/6/2 5924/6/2
f 5915/6/2 5916/6/2 5925/6/2
f 5918/6/2 5919/6/2 5927/6/2
f 5919/6/2 5920/6/2 5927/6/2
f 5920/6/2 5921/6/2 5927/6/2
f 5927/6/2 5921/6/2 5928/6/2
f 5923/6/2 5924/6/2 5930/6/2
f 5925/6/2 5926/6/2 5931/6/2
f 5929/6/2 5930/6/2 5939/6/2
f 5915/6/2 5925/6/2 5940/6/2
f 5905/6/2 5915/6/2 5940/6/2
f 5925/6/2 5931/6/2 5940/6/2
f 5931/6/2 5932/6/2 5940/6/2
f 5940/6/2 5932/6/2 5941/6/2
f 5933/7/2 5934/7/2 5942/7/2
f 5934/4/2 5935/4/2 5943/4/2
f 5942/7/2 5934/7/2 5943/7/2
f 5935/7/2 5936/7/2 5944/7/2
f 5943/4/2 5935/4/2 5944/4/2
f 5936/4/2 5937/4/2 5945/4/2
f 5944/7/2 5936/7/2 5945/7/2
f 5937/7/2 5938/7/2 5946/7/2
f 5945/4/2 5937/4/2 5946/4/2
f 5946/7/2 5938/7/2 5947/7/2
f 5947/7/2 5938/7/2 5948/7/2
f 5948/7/2 5938/7/2 5949/7/2
f 5938/6/2 5939/6/2 5950/6/2
f 5949/7/2 5938/7/2 5950/7/2
f 5950/6/2 5939/6/2 5951/6/2
f 5933/7/2 5942/7/2 5952/7/2
f 5942/4/2 5943/4/2 5953/4/2
f 5952/7/2 5942/7/2 5953/7/2
f 5944/7/2 5945/7/2 5954/7/2
f 5953/4/2 5943/4/2 5954/4/2
f 5943/7/2 5944/7/2 5954/7/2
f 5945/7/2 5946/7/2 5954/7/2
f 5954/7/2 5946/7/2 5955/7/2
f 5955/7/2 5946/7/2 5956/7/2
f 5947/7/2 5948/7/2 5957/7/2
f 5946/4/2 5947/4/2 5957/4/2
f 5948/4/2 5949/4/2 5958/4/2
f 5957/7/2 5948/7/2 5958/7/2
f 5949/7/2 5950/7/2 5959/7/2
f 5958/4/2 5949/4/2 5959/4/2
f 5950/7/2 5951/7/2 5959/7/2
f 5951/6/2 5939/6/2 5960/6/2
f 5959/7/2 5951/7/2 5960/7/2
f 5939/6/2 5930/6/2 5961/6/2
f 5960/6/2 5939/6/2 5961/6/2
f 5933/7/2 5952/7/2 5962/7/2
f 5952/4/2 5953/4/2 5963/4/2
f 5962/7/2 5952/7/2 5963/7/2
f 5954/7/2 5955/7/2 5964/7/2
f 5963/4/2 5953/4/2 5964/4/2
f 5953/7/2 5954/7/2 5964/7/2
f 5964/7/2 5955/7/2 5965/7/2
f 5955/4/2 5956/4/2 5966/4/2
f 5965/7/2 5955/7/2 5966/7/2
f 5956/7/2 5946/7/2 5967/7/2
f 5966/4/2 5956/4/2 5967/4/2
f 5967/7/2 5946/7/2 5968/7/2
f 5968/7/2 5946/7/2 5969/7/2
f 5946/4/2 5957/4/2 5970/4/2
f 5969/7/2 5946/7/2 5970/7/2
f 5957/4/2 5958/4/2 5970/4/2
f 5959/7/2 5960/7/2 5971/7/2
f 5970/4/2 5958/4/2 5971/4/2
f 5958/7/2 5959/7/2 5971/7/2
f 5960/7/2 5961/7/2 5971/7/2
f 5971/7/2 5961/7/2 5972/7/2
f 5972/7/2 5961/7/2 5973/7/2
f 5973/7/2 5961/7/2 5974/7/2
f 5964/7/2 5965/7/2 5975/7/2
f 5963/7/2 5964/7/2 5975/7/2
f 5965/4/2 5966/4/2 5976/4/2
f 5975/7/2 5965/7/2 5976/7/2
f 5967/7/2 5968/7/2 5977/7/2
f 5976/4/2 5966/4/2 5977/4/2
f 5966/7/2 5967/7/2 5977/7/2
f 5977/7/2 5968/7/2 5978/7/2
f 5969/7/2 5970/7/2 5979/7/2
f 5970/7/2 5971/7/2 5979/7/2
f 5979/7/2 5971/7/2 5980/7/2
f 5973/4/2 5974/4/2 5981/4/2
f 5972/7/2 5973/7/2 5981/7/2
f 5974/7/2 5961/7/2 5982/7/2
f 5981/4/2 5974/4/2 5982/4/2
f 5980/7/2 5971/7/2 5983/7/2
f 5983/7/2 5971/7/2 5984/7/2
f 5982/7/2 5961/7/2 5985/7/2
f 5981/7/2 5982/7/2 5985/7/2
f 5985/7/2 5961/7/2 5986/7/2
f 5984/7/2 5971/7/2 5987/7/2
f 5971/4/2 5972/4/2 5988/4/2
f 5987/7/2 5971/7/2 5988/7/2
f 5988/4/2 5972/4/2 5989/4/2
f 5972/7/2 5981/7/2 5990/7/2
f 5989/4/2 5972/4/2 5990/4/2
f 5981/7/2 5985/7/2 5990/7/2
f 5985/4/2 5986/4/2 5991/4/2
f 5990/7/2 5985/7/2 5991/7/2
f 5986/7/2 5961/7/2 5992/7/2
f 5991/4/2 5986/4/2 5992/4/2
f 5961/6/2 5930/6/2 5993/6/2
f 5992/7/2 5961/7/2 5993/7/2
f 5990/7/2 5991/7/2 5994/7/2
f 5991/7/2 5992/7/2 5994/7/2
f 5994/7/2 5992/7/2 5995/7/2
f 5992/4/2 5993/4/2 5996/4/2
f 5995/7/2 5992/7/2 5996/7/2
f 5993/6/2 5930/6/2 5997/6/2
f 5996/4/2 5993/4/2 5997/4/2
f 5995/7/2 5996/7/2 5998/7/2
f 5996/6/2 5997/6/2 5999/6/2
f 5998/7/2 5996/7/2 5999/7/2
f 5930/6/2 5924/6/2 6000/6/2
f 5999/6/2 5997/6/2 6000/6/2
f 5924/6/2 5914/6/2 6000/6/2
f 5997/6/2 5930/6/2 6000/6/2
f 6001/6/2 6002/6/2 6007/6/2
f 6007/6/2 6002/6/2 6008/6/2
f 6003/6/2 6004/6/2 6009/6/2
f 6009/6/2 6004/6/2 6010/6/2
f 6005/6/2 6006/6/2 6014/6/2
f 6014/6/2 6006/6/2 6015/6/2
f 6011/6/2 6012/6/2 6016/6/2
f 6016/6/2 6012/6/2 6017/6/2
f 6013/6/2 6014/6/2 6018/6/2
f 6018/6/2 6014/6/2 6019/6/2
f 6020/6/2 6021/6/2 6024/6/2
f 6024/6/2 6021/6/2 6025/6/2
f 6022/6/2 6023/6/2 6026/6/2
f 6026/6/2 6023/6/2 6027/6/2
f 6028/6/2 6029/6/2 6031/6/2
f 6031/6/2 6029/6/2 6032/6/2
f 6030/6/2 6031/6/2 6034/6/2
f 6034/6/2 6031/6/2 6035/6/2
f 6035/6/2 6031/6/2 6036/6/2
f 6033/6/2 6034/6/2 6037/6/2
f 6034/6/2 6035/6/2 6037/6/2
f 6037/6/2 6035/6/2 6038/6/2
f 6039/6/2 6040/6/2 6043/6/2
f 6043/6/2 6040/6/2 6044/6/2
f 6041/6/2 6042/6/2 6045/6/2
f 6045/6/2 6042/6/2 6046/6/2
f 6033/6/2 6037/6/2 6049/6/2
f 6049/6/2 6037/6/2 6050/6/2
f 6047/6/2 6048/6/2 6051/6/2
f 6051/6/2 6048/6/2 6052/6/2
f 6053/10/2 6054/10/2 6055/10/2
f 6055/10/2 6054/10/2 6056/10/2
f 6051/10/2 6052/10/2 6059/10/2
f 6056/10/2 6057/10/2 6060/10/2
f 6060/10/2 6057/10/2 6061/10/2
f 6058/10/2 6059/10/2 6063/10/2
f 6059/10/2 6052/10/2 6064/10/2
f 6063/10/2 6059/10/2 6064/10/2
f 6064/10/2 6052/10/2 6065/10/2
f 6062/10/2 6063/10/2 6066/10/2
f 6063/10/2 6064/10/2 6066/10/2
f 6066/10/2 6064/10/2 6067/10/2
f 6068/6/2 6069/6/2 6070/6/2
f 6070/6/2 6069/6/2 6071/6/2
f 6071/6/2 6072/6/2 6075/6/2
f 6075/6/2 6072/6/2 6076/6/2
f 6073/6/2 6074/6/2 6078/6/2
f 6078/6/2 6074/6/2 6079/6/2
f 6077/6/2 6078/6/2 6082/6/2
f 6082/6/2 6078/6/2 6083/6/2
f 6080/6/2 6081/6/2 6084/6/2
f 6084/6/2 6081/6/2 6085/6/2
f 6086/6/2 6087/6/2 6090/6/2
f 6090/6/2 6087/6/2 6091/6/2
f 6088/6/2 6089/6/2 6093/6/2
f 6093/6/2 6089/6/2 6094/6/2
f 6092/6/2 6093/6/2 6095/6/2
f 6095/6/2 6093/6/2 6096/6/2
f 6096/10/2 6097/10/2 6100/10/2
f 6100/10/2 6097/10/2 6101/10/2
f 6098/10/2 6099/10/2 6103/10/2
f 6103/10/2 6099/10/2 6104/10/2
f 6101/10/2 6102/10/2 6105/10/2
f 6100/10/2 6101/10/2 6105/10/2
f 6105/10/2 6102/10/2 6106/10/2
f 6106/10/2 6102/10/2 6107/10/2
f 6106/10/2 6107/10/2 6111/10/2
f 6107/10/2 6108/10/2 6111/10/2
f 6111/10/2 6108/10/2 6112/10/2
f 6109/10/2 6110/10/2 6113/10/2
f 6113/10/2 6110/10/2 6114/10/2
f 6115/6/2 6116/6/2 6119/6/2
f 6119/6/2 6116/6/2 6120/6/2
f 6117/6/2 6118/6/2 6123/6/2
f 6123/6/2 6118/6/2 6124/6/2
f 6121/6/2 6122/6/2 6125/6/2
f 6125/6/2 6122/6/2 6126/6/2
f 6127/6/2 6128/6/2 6130/6/2
f 6129/6/2 6130/6/2 6133/6/2
f 6130/6/2 6128/6/2 6134/6/2
f 6133/6/2 6130/6/2 6134/6/2
f 6134/6/2 6128/6/2 6135/6/2
f 6131/6/2 6132/6/2 6137/6/2
f 6137/6/2 6132/6/2 6138/6/2
f 6135/10/2 6136/10/2 6139/10/2
f 6134/10/2 6135/10/2 6139/10/2
f 6139/10/2 6136/10/2 6140/10/2
f 6140/10/2 6136/10/2 6141/10/2
f 6141/10/2 6136/10/2 6142/10/2
f 6143/10/2 6144/10/2 6145/10/2
f 6145/10/2 6144/10/2 6146/10/2
f 6147/6/2 6148/6/2 6150/6/2
f 6150/6/2 6148/6/2 6151/6/2
f 6149/6/2 6150/6/2 6152/6/2
f 6152/6/2 6150/6/2 6153/6/2
f 6154/6/2 6155/6/2 6158/6/2
f 6158/6/2 6155/6/2 6159/6/2
f 6156/6/2 6157/6/2 6160/6/2
f 6160/6/2 6157/6/2 6161/6/2
f 6162/6/2 6163/6/2 6165/6/2
f 6165/6/2 6163/6/2 6166/6/2
f 6164/6/2 6165/6/2 6168/6/2
f 6167/6/2 6168/6/2 6171/6/2
f 6168/6/2 6165/6/2 6172/6/2
f 6171/6/2 6168/6/2 6172/6/2
f 6169/6/2 6170/6/2 6173/6/2
f 6173/6/2 6170/6/2 6174/6/2
f 6175/10/2 6176/10/2 6177/10/2
f 6177/10/2 6176/10/2 6178/10/2
f 6179/6/2 6180/6/2 6181/6/2
f 6181/6/2 6180/6/2 6182/6/2
f 6183/6/2 6184/6/2 6186/6/2
f 6186/6/2 6184/6/2 6187/6/2
f 6185/6/2 6186/6/2 6188/6/2
f 6188/6/2 6186/6/2 6189/6/2
f 6190/6/2 6191/6/2 6192/6/2
f 6192/6/2 6191/6/2 6193/6/2
f 6194/9/2 6195/9/2 6196/9/2
f 6196/9/2 6195/9/2 6197/9/2
f 6198/2/2 6199/2/2 6200/2/2
f 6200/2/2 6199/2/2 6201/2/2
f 6202/2/2 6203/2/2 6204/2/2
f 6204/2/2 6203/2/2 6205/2/2
f 6206/6/2 6207/6/2 6208/6/2
f 6208/6/2 6207/6/2 6209/6/2
f 6210/6/2 6211/6/2 6212/6/2
f 6212/6/2 6211/6/2 6213/6/2
f 6214/2/2 6215/2/2 6216/2/2
f 6216/2/2 6215/2/2 6217/2/2
f 6218/2/2 6219/2/2 6220/2/2
f 6220/2/2 6219/2/2 6221/2/2
f 6222/6/2 6223/6/2 6224/6/2
f 6224/6/2 6223/6/2 6225/6/2
f 6226/9/2 6227/9/2 6231/9/2
f 6231/9/2 6227/9/2 6232/9/2
f 6228/9/2 6229/9/2 6233/9/2
f 6233/9/2 6229/9/2 6234/9/2
f 6230/2/2 6231/2/2 6235/2/2
f 6235/2/2 6231/2/2 6236/2/2
f 6237/2/2 6238/2/2 6239/2/2
f 6239/2/2 6238/2/2 6240/2/2
f 6241/2/2 6242/2/2 6245/2/2
f 6245/2/2 6242/2/2 6246/2/2
f 6243/6/2 6244/6/2 6247/6/2
f 6247/6/2 6244/6/2 6248/6/2
f 6249/6/2 6250/6/2 6251/6/2
f 6251/6/2 6250/6/2 6252/6/2
f 6253/6/2 6254/6/2 6255/6/2
f 6255/6/2 6254/6/2 6256/6/2
f 6257/6/2 6258/6/2 6259/6/2
f 6259/6/2 6258/6/2 6260/6/2
f 6263/2/2 6264/2/2 6265/2/2
f 6265/2/2 6264/2/2 6266/2/2
f 6261/9/2 6262/9/2 6267/9/2
f 6267/9/2 6262/9/2 6268/9/2
f 6269/6/2 6270/6/2 6271/6/2
f 6271/6/2 6270/6/2 6272/6/2
f 6273/2/2 6274/2/2 6277/2/2
f 6277/2/2 6274/2/2 6278/2/2
f 6275/6/2 6276/6/2 6279/6/2
f 6279/6/2 6276/6/2 6280/6/2
f 6281/6/2 6282/6/2 6283/6/2
f 6283/6/2 6282/6/2 6284/6/2
f 6285/10/2 6286/10/2 6289/10/2
f 6289/10/2 6286/10/2 6290/10/2
f 6287/10/2 6288/10/2 6292/10/2
f 6292/10/2 6288/10/2 6293/10/2
f 6291/10/2 6292/10/2 6295/10/2
f 6295/10/2 6292/10/2 6296/10/2
f 6296/10/2 6292/10/2 6297/10/2
f 6294/10/2 6295/10/2 6299/10/2
f 6295/10/2 6296/10/2 6299/10/2
f 6299/10/2 6296/10/2 6300/10/2
f 6300/10/2 6296/10/2 6301/10/2
f 6298/10/2 6299/10/2 6302/10/2
f 6299/10/2 6300/10/2 6302/10/2
f 6302/10/2 6300/10/2 6303/10/2
f 6304/9/2 6305/9/2 6306/9/2
f 6306/9/2 6305/9/2 6307/9/2
f 6308/2/2 6309/2/2 6312/2/2
f 6312/2/2 6309/2/2 6313/2/2
f 6310/9/2 6311/9/2 6315/9/2
f 6314/6/2 6315/6/2 6316/6/2
f 6315/9/2 6311/9/2 6317/9/2
f 6316/6/2 6315/6/2 6317/6/2
f 6317/9/2 6311/9/2 6318/9/2
f 6318/9/2 6311/9/2 6319/9/2
f 6321/2/2 6322/2/2 6323/2/2
f 6323/2/2 6322/2/2 6324/2/2
f 6318/6/2 6319/6/2 6325/6/2
f 6319/6/2 6320/6/2 6325/6/2
f 6325/6/2 6320/6/2 6326/6/2
f 6327/6/2 6328/6/2 6329/6/2
f 6329/6/2 6328/6/2 6330/6/2
f 6331/6/2 6332/6/2 6335/6/2
f 6335/6/2 6332/6/2 6336/6/2
f 6333/6/2 6334/6/2 6337/6/2
f 6337/6/2 6334/6/2 6338/6/2
f 6339/6/2 6340/6/2 6343/6/2
f 6343/6/2 6340/6/2 6344/6/2
f 6341/10/2 6342/10/2 6345/10/2
f 6345/10/2 6342/10/2 6346/10/2
f 6347/10/2 6348/10/2 6350/10/2
f 6350/10/2 6348/10/2 6351/10/2
f 6349/10/2 6350/10/2 6353/10/2
f 6353/10/2 6350/10/2 6354/10/2
f 6352/10/2 6353/10/2 6355/10/2
f 6355/10/2 6353/10/2 6356/10/2
f 6357/9/2 6358/9/2 6359/9/2
f 6359/9/2 6358/9/2 6360/9/2
f 6363/6/2 6364/6/2 6365/6/2
f 6365/6/2 6364/6/2 6366/6/2
f 6361/2/2 6362/2/2 6367/2/2
f 6367/2/2 6362/2/2 6368/2/2
f 6369/6/2 6370/6/2 6371/6/2
f 6371/6/2 6370/6/2 6372/6/2
f 6373/6/2 6374/6/2 6377/6/2
f 6377/6/2 6374/6/2 6378/6/2
f 6375/6/2 6376/6/2 6379/6/2
f 6379/6/2 6376/6/2 6380/6/2
f 6381/6/2 6382/6/2 6384/6/2
f 6384/6/2 6382/6/2 6385/6/2
f 6383/10/2 6384/10/2 6387/10/2
f 6386/10/2 6387/10/2 6389/10/2
f 6387/10/2 6384/10/2 6390/10/2
f 6389/10/2 6387/10/2 6390/10/2
f 6390/10/2 6384/10/2 6391/10/2
f 6388/10/2 6389/10/2 6393/10/2
f 6389/10/2 6390/10/2 6393/10/2
f 6393/10/2 6390/10/2 6394/10/2
f 6394/10/2 6390/10/2 6395/10/2
f 6392/10/2 6393/10/2 6396/10/2
f 6393/10/2 6394/10/2 6396/10/2
f 6396/10/2 6394/10/2 6397/10/2
f 6398/9/2 6399/9/2 6400/9/2
f 6400/9/2 6399/9/2 6401/9/2
f 6402/6/2 6403/6/2 6404/6/2
f 6404/6/2 6403/6/2 6405/6/2
f 6402/6/2 6404/6/2 6406/6/2
f 6406/6/2 6404/6/2 6408/6/2
f 6407/6/2 6408/6/2 6409/6/2
f 6408/6/2 6404/6/2 6410/6/2
f 6409/6/2 6408/6/2 6410/6/2
f 6410/6/2 6404/6/2 6411/6/2
f 6410/6/2 6411/6/2 6412/6/2
f 6412/6/2 6411/6/2 6413/6/2
f 6405/6/2 6403/6/2 6415/6/2
f 6415/6/2 6403/6/2 6416/6/2
f 6414/10/2 6415/10/2 6418/10/2
f 6418/10/2 6415/10/2 6419/10/2
f 6419/10/2 6415/10/2 6420/10/2
f 6417/10/2 6418/10/2 6422/10/2
f 6418/10/2 6419/10/2 6422/10/2
f 6422/10/2 6419/10/2 6423/10/2
f 6423/10/2 6419/10/2 6424/10/2
f 6421/10/2 6422/10/2 6426/10/2
f 6422/10/2 6423/10/2 6426/10/2
f 6426/10/2 6423/10/2 6427/10/2
f 6427/10/2 6423/10/2 6428/10/2
f 6425/10/2 6426/10/2 6429/10/2
f 6426/10/2 6427/10/2 6429/10/2
f 6429/10/2 6427/10/2 6430/10/2
f 6431/9/2 6432/9/2 6438/9/2
f 6438/9/2 6432/9/2 6439/9/2
f 6435/10/2 6436/10/2 6440/10/2
f 6440/10/2 6436/10/2 6441/10/2
f 6441/10/2 6436/10/2 6442/10/2
f 6438/6/2 6439/6/2 6444/6/2
f 6437/6/2 6438/6/2 6444/6/2
f 6444/6/2 6439/6/2 6445/6/2
f 6433/10/2 6434/10/2 6446/10/2
f 6442/10/2 6443/10/2 6449/10/2
f 6441/10/2 6442/10/2 6449/10/2
f 6446/10/2 6447/10/2 6450/10/2
f 6433/10/2 6446/10/2 6450/10/2
f 6450/10/2 6447/10/2 6451/10/2
f 6451/10/2 6447/10/2 6452/10/2
f 6452/10/2 6447/10/2 6453/10/2
f 6453/10/2 6454/10/2 6455/10/2
f 6455/10/2 6454/10/2 6456/10/2
f 6448/10/2 6449/10/2 6458/10/2
f 6457/10/2 6458/10/2 6460/10/2
f 6459/10/2 6460/10/2 6464/10/2
f 6458/10/2 6449/10/2 6465/10/2
f 6449/10/2 6443/10/2 6465/10/2
f 6464/10/2 6460/10/2 6465/10/2
f 6460/10/2 6458/10/2 6465/10/2
f 6465/10/2 6443/10/2 6466/10/2
f 6461/10/2 6462/10/2 6467/10/2
f 6467/10/2 6462/10/2 6468/10/2
f 6468/10/2 6462/10/2 6469/10/2
f 6463/10/2 6464/10/2 6472/10/2
f 6464/10/2 6465/10/2 6472/10/2
f 6472/10/2 6465/10/2 6473/10/2
f 6473/10/2 6465/10/2 6474/10/2
f 6469/10/2 6470/10/2 6475/10/2
f 6468/10/2 6469/10/2 6475/10/2
f 6472/10/2 6473/10/2 6476/10/2
f 6471/10/2 6472/10/2 6476/10/2
f 6476/10/2 6473/10/2 6477/10/2
f 6477/10/2 6473/10/2 6478/10/2
f 6468/10/2 6475/10/2 6479/10/2
f 6475/10/2 6476/10/2 6479/10/2
f 6476/10/2 6477/10/2 6479/10/2
f 6479/10/2 6477/10/2 6480/10/2
f 6481/1/2 6482/1/2 6484/1/2
f 6484/1/2 6482/1/2 6485/1/2
f 6483/1/2 6484/1/2 6489/1/2
f 6484/10/2 6485/10/2 6490/10/2
f 6485/10/2 6486/10/2 6490/10/2
f 6489/1/2 6484/1/2 6490/1/2
f 6490/10/2 6486/10/2 6491/10/2
f 6486/1/2 6487/1/2 6492/1/2
f 6491/10/2 6486/10/2 6492/10/2
f 6492/1/2 6487/1/2 6493/1/2
f 6488/1/2 6489/1/2 6496/1/2
f 6489/10/2 6490/10/2 6497/10/2
f 6496/1/2 6489/1/2 6497/1/2
f 6497/10/2 6490/10/2 6498/10/2
f 6492/10/2 6493/10/2 6499/10/2
f 6491/10/2 6492/10/2 6499/10/2
f 6499/10/2 6493/10/2 6500/10/2
f 6493/1/2 6494/1/2 6501/1/2
f 6500/10/2 6493/10/2 6501/10/2
f 6501/1/2 6494/1/2 6502/1/2
f 6496/10/2 6497/10/2 6504/10/2
f 6504/10/2 6497/10/2 6505/10/2
f 6501/10/2 6502/10/2 6506/10/2
f 6506/10/2 6502/10/2 6507/10/2
f 6495/1/2 6496/1/2 6509/1/2
f 6496/10/2 6504/10/2 6510/10/2
f 6509/1/2 6496/1/2 6510/1/2
f 6510/10/2 6504/10/2 6511/10/2
f 6507/10/2 6502/10/2 6512/10/2
f 6502/1/2 6503/1/2 6513/1/2
f 6512/10/2 6502/10/2 6513/10/2
f 6513/1/2 6503/1/2 6514/1/2
f 6508/1/2 6509/1/2 6517/1/2
f 6517/1/2 6509/1/2 6518/1/2
f 6510/10/2 6511/10/2 6519/10/2
f 6517/1/2 6518/1/2 6522/1/2
f 6516/1/2 6517/1/2 6522/1/2
f 6518/10/2 6519/10/2 6523/10/2
f 6522/1/2 6518/1/2 6523/1/2
f 6519/10/2 6511/10/2 6524/10/2
f 6523/10/2 6519/10/2 6524/10/2
f 6524/10/2 6511/10/2 6525/10/2
f 6513/10/2 6514/10/2 6526/10/2
f 6514/1/2 6515/1/2 6527/1/2
f 6526/10/2 6514/10/2 6527/10/2
f 6527/1/2 6515/1/2 6528/1/2
f 6520/10/2 6521/10/2 6530/10/2
f 6530/10/2 6521/10/2 6531/10/2
f 6516/1/2 6522/1/2 6532/1/2
f 6522/10/2 6523/10/2 6533/10/2
f 6532/1/2 6522/1/2 6533/1/2
f 6523/10/2 6524/10/2 6533/10/2
f 6533/10/2 6524/10/2 6534/10/2
f 6534/10/2 6524/10/2 6535/10/2
f 6527/10/2 6528/10/2 6538/10/2
f 6528/1/2 6529/1/2 6539/1/2
f 6538/10/2 6528/10/2 6539/10/2
f 6539/1/2 6529/1/2 6540/1/2
f 6533/1/2 6534/1/2 6541/1/2
f 6535/10/2 6536/10/2 6542/10/2
f 6541/1/2 6534/1/2 6542/1/2
f 6534/10/2 6535/10/2 6542/10/2
f 6542/10/2 6536/10/2 6543/10/2
f 6543/10/2 6536/10/2 6544/10/2
f 6537/10/2 6538/10/2 6547/10/2
f 6538/1/2 6539/1/2 6548/1/2
f 6547/10/2 6538/10/2 6548/10/2
f 6544/10/2 6545/10/2 6549/10/2
f 6543/10/2 6544/10/2 6549/10/2
f 6546/10/2 6547/10/2 6552/10/2
f 6548/1/2 6539/1/2 6553/1/2
f 6547/1/2 6548/1/2 6553/1/2
f 6553/1/2 6539/1/2 6554/1/2
f 6542/1/2 6543/1/2 6555/1/2
f 6549/10/2 6550/10/2 6556/10/2
f 6555/1/2 6543/1/2 6556/1/2
f 6543/10/2 6549/10/2 6556/10/2
f 6556/10/2 6550/10/2 6557/10/2
f 6557/10/2 6550/10/2 6558/10/2
f 6551/10/2 6552/10/2 6560/10/2
f 6552/10/2 6547/10/2 6561/10/2
f 6547/1/2 6553/1/2 6561/1/2
f 6560/10/2 6552/10/2 6561/10/2
f 6561/1/2 6553/1/2 6562/1/2
f 6556/1/2 6557/1/2 6563/1/2
f 6557/10/2 6558/10/2 6564/10/2
f 6563/1/2 6557/1/2 6564/1/2
f 6564/10/2 6558/10/2 6565/10/2
f 6559/10/2 6560/10/2 6566/10/2
f 6560/1/2 6561/1/2 6567/1/2
f 6566/10/2 6560/10/2 6567/10/2
f 6567/1/2 6561/1/2 6568/1/2
f 6564/1/2 6565/1/2 6569/1/2
f 6565/10/2 6566/10/2 6570/10/2
f 6569/1/2 6565/1/2 6570/1/2
f 6566/1/2 6567/1/2 6571/1/2
f 6570/10/2 6566/10/2 6571/10/2
f 6571/1/2 6567/1/2 6572/1/2
f 6570/1/2 6571/1/2 6573/1/2
f 6573/1/2 6571/1/2 6574/1/2
f 6575/1/2 6576/1/2 6578/1/2
f 6578/1/2 6576/1/2 6579/1/2
f 6577/1/2 6578/1/2 6583/1/2
f 6578/10/2 6579/10/2 6584/10/2
f 6579/10/2 6580/10/2 6584/10/2
f 6583/1/2 6578/1/2 6584/1/2
f 6580/1/2 6581/1/2 6585/1/2
f 6584/10/2 6580/10/2 6585/10/2
f 6585/1/2 6581/1/2 6586/1/2
f 6582/1/2 6583/1/2 6590/1/2
f 6583/10/2 6584/10/2 6591/10/2
f 6590/1/2 6583/1/2 6591/1/2
f 6584/10/2 6585/10/2 6591/10/2
f 6585/10/2 6586/10/2 6591/10/2
f 6591/10/2 6586/10/2 6592/10/2
f 6592/10/2 6586/10/2 6593/10/2
f 6586/1/2 6587/1/2 6594/1/2
f 6593/10/2 6586/10/2 6594/10/2
f 6594/1/2 6587/1/2 6595/1/2
f 6588/1/2 6589/1/2 6597/1/2
f 6597/1/2 6589/1/2 6598/1/2
f 6590/10/2 6591/10/2 6599/10/2
f 6591/10/2 6592/10/2 6599/10/2
f 6599/10/2 6592/10/2 6600/10/2
f 6600/10/2 6592/10/2 6601/10/2
f 6594/10/2 6595/10/2 6602/10/2
f 6593/10/2 6594/10/2 6602/10/2
f 6602/10/2 6595/10/2 6603/10/2
f 6590/10/2 6599/10/2 6605/10/2
f 6605/10/2 6599/10/2 6606/10/2
f 6603/10/2 6595/10/2 6607/10/2
f 6607/10/2 6595/10/2 6608/10/2
f 6595/1/2 6596/1/2 6609/1/2
f 6608/10/2 6595/10/2 6609/10/2
f 6609/1/2 6596/1/2 6610/1/2
f 6604/10/2 6605/10/2 6612/10/2
f 6612/10/2 6605/10/2 6613/10/2
f 6609/10/2 6610/10/2 6616/10/2
f 6608/10/2 6609/10/2 6616/10/2
f 6616/10/2 6610/10/2 6617/10/2
f 6610/1/2 6611/1/2 6618/1/2
f 6617/10/2 6610/10/2 6618/10/2
f 6618/1/2 6611/1/2 6619/1/2
f 6613/10/2 6614/10/2 6620/10/2
f 6616/10/2 6617/10/2 6623/10/2
f 6615/10/2 6616/10/2 6623/10/2
f 6620/10/2 6621/10/2 6624/10/2
f 6613/10/2 6620/10/2 6624/10/2
f 6624/10/2 6621/10/2 6625/10/2
f 6625/10/2 6621/10/2 6626/10/2
f 6622/10/2 6623/10/2 6628/10/2
f 6623/10/2 6617/10/2 6629/10/2
f 6628/10/2 6623/10/2 6629/10/2
f 6617/1/2 6618/1/2 6630/1/2
f 6629/10/2 6617/10/2 6630/10/2
f 6630/1/2 6618/1/2 6631/1/2
f 6626/10/2 6627/10/2 6632/10/2
f 6628/10/2 6629/10/2 6632/10/2
f 6627/10/2 6628/10/2 6632/10/2
f 6625/10/2 6626/10/2 6632/10/2
f 6632/10/2 6629/10/2 6633/10/2
f 6633/10/2 6629/10/2 6634/10/2
f 6629/1/2 6630/1/2 6635/1/2
f 6634/10/2 6629/10/2 6635/10/2
f 6635/1/2 6630/1/2 6636/1/2
f 6633/10/2 6634/10/2 6637/10/2
f 6634/1/2 6635/1/2 6638/1/2
f 6637/10/2 6634/10/2 6638/10/2
f 6638/1/2 6635/1/2 6639/1/2
f 6637/1/2 6638/1/2 6640/1/2
f 6640/1/2 6638/1/2 6641/1/2
f 6642/10/2 6643/10/2 6646/10/2
f 6646/10/2 6643/10/2 6647/10/2
f 6644/1/2 6645/1/2 6650/1/2
f 6647/10/2 6648/10/2 6651/10/2
f 6645/10/2 6646/10/2 6651/10/2
f 6650/1/2 6645/1/2 6651/1/2
f 6646/10/2 6647/10/2 6651/10/2
f 6651/10/2 6648/10/2 6652/10/2
f 6649/1/2 6650/1/2 6654/1/2
f 6652/10/2 6653/10/2 6655/10/2
f 6654/1/2 6650/1/2 6655/1/2
f 6650/10/2 6651/10/2 6655/10/2
f 6651/10/2 6652/10/2 6655/10/2
f 6655/10/2 6653/10/2 6656/10/2
f 6656/10/2 6653/10/2 6657/10/2
f 6657/10/2 6653/10/2 6658/10/2
f 6655/1/2 6656/1/2 6659/1/2
f 6656/10/2 6657/10/2 6660/10/2
f 6659/1/2 6656/1/2 6660/1/2
f 6660/10/2 6657/10/2 6661/10/2
f 6661/10/2 6657/10/2 6662/10/2
f 6662/10/2 6657/10/2 6663/10/2
f 6660/1/2 6661/1/2 6664/1/2
f 6661/10/2 6662/10/2 6665/10/2
f 6664/1/2 6661/1/2 6665/1/2
f 6665/10/2 6662/10/2 6666/10/2
f 6669/6/3 6668/6/3 6667/6/3
f 6670/6/3 6668/6/3 6669/6/3
f 6672/6/3 6671/6/3 6670/6/3
f 6673/6/3 6671/6/3 6672/6/3
f 6675/6/3 6674/6/3 6673/6/3
f 6676/6/3 6674/6/3 6675/6/3
f 6679/6/3 6677/6/3 6676/6/3
f 6680/6/3 6677/6/3 6679/6/3
f 6682/6/3 6679/6/3 6678/6/3
f 6683/6/3 6679/6/3 6682/6/3
f 6685/6/3 6682/6/3 6681/6/3
f 6686/6/3 6682/6/3 6685/6/3
f 6687/6/3 6685/6/3 6684/6/3
f 6688/6/3 6685/6/3 6687/6/3
f 6693/7/3 6690/7/3 6689/7/3
f 6694/4/3 6691/4/3 6690/4/3
f 6694/7/3 6690/7/3 6693/7/3
f 6695/7/3 6692/7/3 6691/7/3
f 6695/4/3 6691/4/3 6694/4/3
f 6696/7/3 6692/7/3 6695/7/3
f 6699/6/3 6698/6/3 6697/6/3
f 6700/6/3 6698/6/3 6699/6/3
f 6702/6/3 6701/6/3 6700/6/3
f 6703/6/3 6701/6/3 6702/6/3
f 6705/6/3 6704/6/3 6703/6/3
f 6706/6/3 6704/6/3 6705/6/3
f 6708/6/3 6707/6/3 6706/6/3
f 6709/6/3 6707/6/3 6708/6/3
f 6712/6/3 6710/6/3 6709/6/3
f 6713/6/3 6710/6/3 6712/6/3
f 6715/6/3 6712/6/3 6711/6/3
f 6716/6/3 6712/6/3 6715/6/3
f 6718/6/3 6715/6/3 6714/6/3
f 6719/6/3 6715/6/3 6718/6/3
f 6721/6/3 6718/6/3 6717/6/3
f 6722/6/3 6718/6/3 6721/6/3
f 6723/6/3 6721/6/3 6720/6/3
f 6724/6/3 6721/6/3 6723/6/3
f 6729/6/3 6726/6/3 6725/6/3
f 6730/6/3 6726/6/3 6729/6/3
f 6733/2/3 6728/2/3 6727/2/3
f 6734/2/3 6728/2/3 6733/2/3
f 6737/2/3 6733/2/3 6732/2/3
f 6737/2/3 6735/2/3 6734/2/3
f 6737/2/3 6734/2/3 6733/2/3
f 6738/2/3 6735/2/3 6737/2/3
f 6740/6/3 6731/6/3 6730/6/3
f 6741/6/3 6731/6/3 6740/6/3
f 6743/2/3 6739/2/3 6738/2/3
f 6743/2/3 6737/2/3 6736/2/3
f 6743/2/3 6738/2/3 6737/2/3
f 6744/2/3 6739/2/3 6743/2/3
f 6745/2/3 6739/2/3 6744/2/3
f 6746/2/3 6739/2/3 6745/2/3
f 6748/6/3 6742/6/3 6741/6/3
f 6749/6/3 6742/6/3 6748/6/3
f 6750/2/3 6745/2/3 6744/2/3
f 6751/2/3 6745/2/3 6750/2/3
f 6752/2/3 6745/2/3 6751/2/3
f 6753/2/3 6745/2/3 6752/2/3
f 6754/2/3 6752/2/3 6751/2/3
f 6755/2/3 6752/2/3 6754/2/3
f 6757/6/3 6748/6/3 6747/6/3
f 6758/6/3 6748/6/3 6757/6/3
f 6759/6/3 6757/6/3 6756/6/3
f 6760/6/3 6757/6/3 6759/6/3
f 6765/6/3 6762/6/3 6761/6/3
f 6766/6/3 6762/6/3 6765/6/3
f 6769/2/3 6764/2/3 6763/2/3
f 6770/2/3 6764/2/3 6769/2/3
f 6772/6/3 6767/6/3 6766/6/3
f 6773/6/3 6767/6/3 6772/6/3
f 6776/2/3 6771/2/3 6770/2/3
f 6776/2/3 6769/2/3 6768/2/3
f 6776/2/3 6770/2/3 6769/2/3
f 6777/2/3 6771/2/3 6776/2/3
f 6780/2/3 6776/2/3 6775/2/3
f 6780/2/3 6778/2/3 6777/2/3
f 6780/2/3 6777/2/3 6776/2/3
f 6781/2/3 6778/2/3 6780/2/3
f 6783/6/3 6774/6/3 6773/6/3
f 6784/6/3 6774/6/3 6783/6/3
f 6786/2/3 6782/2/3 6781/2/3
f 6786/2/3 6780/2/3 6779/2/3
f 6786/2/3 6781/2/3 6780/2/3
f 6787/2/3 6782/2/3 6786/2/3
f 6788/2/3 6782/2/3 6787/2/3
f 6789/2/3 6782/2/3 6788/2/3
f 6791/6/3 6785/6/3 6784/6/3
f 6792/6/3 6785/6/3 6791/6/3
f 6793/2/3 6788/2/3 6787/2/3
f 6794/2/3 6788/2/3 6793/2/3
f 6795/2/3 6788/2/3 6794/2/3
f 6796/2/3 6788/2/3 6795/2/3
f 6797/2/3 6795/2/3 6794/2/3
f 6798/2/3 6795/2/3 6797/2/3
f 6799/2/3 6795/2/3 6798/2/3
f 6800/2/3 6795/2/3 6799/2/3
f 6802/6/3 6791/6/3 6790/6/3
f 6803/6/3 6791/6/3 6802/6/3
f 6804/2/3 6799/2/3 6798/2/3
f 6805/2/3 6799/2/3 6804/2/3
f 6807/6/3 6802/6/3 6801/6/3
f 6808/6/3 6802/6/3 6807/6/3
f 6809/6/3 6807/6/3 6806/6/3
f 6810/6/3 6807/6/3 6809/6/3
f 6815/8/3 6812/8/3 6811/8/3
f 6816/8/3 6812/8/3 6815/8/3
f 6818/9/3 6814/9/3 6813/9/3
f 6819/9/3 6814/9/3 6818/9/3
f 6822/9/3 6818/9/3 6817/9/3
f 6822/9/3 6820/9/3 6819/9/3
f 6822/9/3 6819/9/3 6818/9/3
f 6823/9/3 6820/9/3 6822/9/3
f 6824/9/3 6820/9/3 6823/9/3
f 6825/9/3 6820/9/3 6824/9/3
f 6827/9/3 6822/9/3 6821/9/3
f 6827/9/3 6823/9/3 6822/9/3
f 6828/9/3 6823/9/3 6827/9/3
f 6829/9/3 6826/9/3 6825/9/3
f 6829/9/3 6825/9/3 6824/9/3
f 6830/9/3 6826/9/3 6829/9/3
f 6832/9/3 6827/9/3 6821/9/3
f 6833/9/3 6827/9/3 6832/9/3
f 6834/9/3 6826/9/3 6830/9/3
f 6835/9/3 6826/9/3 6834/9/3
f 6836/9/3 6826/9/3 6835/9/3
f 6838/9/3 6832/9/3 6831/9/3
f 6839/9/3 6832/9/3 6838/9/3
f 6842/9/3 6837/9/3 6836/9/3
f 6842/9/3 6836/9/3 6835/9/3
f 6843/9/3 6837/9/3 6842/9/3
f 6844/9/3 6837/9/3 6843/9/3
f 6845/9/3 6840/9/3 6839/9/3
f 6848/9/3 6843/9/3 6842/9/3
f 6848/9/3 6842/9/3 6841/9/3
f 6849/9/3 6846/9/3 6845/9/3
f 6849/9/3 6845/9/3 6839/9/3
f 6850/9/3 6846/9/3 6849/9/3
f 6851/9/3 6846/9/3 6850/9/3
f 6852/9/3 6848/9/3 6847/9/3
f 6853/9/3 6843/9/3 6848/9/3
f 6853/9/3 6848/9/3 6852/9/3
f 6854/9/3 6843/9/3 6853/9/3
f 6855/9/3 6851/9/3 6850/9/3
f 6855/9/3 6852/9/3 6851/9/3
f 6855/9/3 6853/9/3 6852/9/3
f 6856/9/3 6853/9/3 6855/9/3
f 6857/9/3 6853/9/3 6856/9/3
f 6858/9/3 6853/9/3 6857/9/3
f 6863/5/3 6862/5/3 6861/5/3
f 6864/5/3 6862/5/3 6863/5/3
f 6868/5/3 6865/5/3 6864/5/3
f 6868/5/3 6867/5/3 6866/5/3
f 6868/5/3 6866/5/3 6865/5/3
f 6869/5/3 6867/5/3 6868/5/3
f 6872/5/3 6863/5/3 6861/5/3
f 6873/5/3 6870/5/3 6869/5/3
f 6873/7/3 6869/7/3 6868/7/3
f 6874/5/3 6870/5/3 6873/5/3
f 6876/7/3 6873/7/3 6868/7/3
f 6876/7/3 6874/7/3 6873/7/3
f 6877/7/3 6874/7/3 6876/7/3
f 6878/7/3 6874/7/3 6877/7/3
f 6879/7/3 6874/7/3 6878/7/3
f 6880/5/3 6860/5/3 6859/5/3
f 6882/7/3 6876/7/3 6868/7/3
f 6882/4/3 6877/4/3 6876/4/3
f 6883/7/3 6878/7/3 6877/7/3
f 6883/4/3 6877/4/3 6882/4/3
f 6884/7/3 6878/7/3 6883/7/3
f 6885/4/3 6879/4/3 6878/4/3
f 6885/7/3 6878/7/3 6884/7/3
f 6886/7/3 6874/7/3 6879/7/3
f 6886/4/3 6879/4/3 6885/4/3
f 6887/7/3 6874/7/3 6886/7/3
f 6888/5/3 6881/5/3 6880/5/3
f 6890/5/3 6872/5/3 6871/5/3
f 6891/4/3 6884/4/3 6883/4/3
f 6891/7/3 6883/7/3 6882/7/3
f 6892/7/3 6885/7/3 6884/7/3
f 6892/4/3 6884/4/3 6891/4/3
f 6892/7/3 6886/7/3 6885/7/3
f 6893/4/3 6887/4/3 6886/4/3
f 6893/7/3 6886/7/3 6892/7/3
f 6894/7/3 6874/7/3 6887/7/3
f 6894/4/3 6887/4/3 6893/4/3
f 6895/7/3 6893/7/3 6892/7/3
f 6895/7/3 6892/7/3 6891/7/3
f 6895/7/3 6894/7/3 6893/7/3
f 6896/7/3 6894/7/3 6895/7/3
f 6897/7/3 6891/7/3 6882/7/3
f 6897/7/3 6882/7/3 6868/7/3
f 6897/7/3 6895/7/3 6891/7/3
f 6898/7/3 6895/7/3 6897/7/3
f 6899/4/3 6896/4/3 6895/4/3
f 6899/7/3 6895/7/3 6898/7/3
f 6900/4/3 6896/4/3 6899/4/3
f 6901/5/3 6868/5/3 6864/5/3
f 6901/7/3 6897/7/3 6868/7/3
f 6902/7/3 6897/7/3 6901/7/3
f 6903/7/3 6900/7/3 6899/7/3
f 6903/7/3 6899/7/3 6898/7/3
f 6904/7/3 6900/7/3 6903/7/3
f 6905/4/3 6896/4/3 6900/4/3
f 6905/7/3 6900/7/3 6904/7/3
f 6906/7/3 6894/7/3 6896/7/3
f 6906/4/3 6896/4/3 6905/4/3
f 6907/7/3 6874/7/3 6894/7/3
f 6907/7/3 6894/7/3 6906/7/3
f 6908/7/3 6905/7/3 6904/7/3
f 6908/7/3 6906/7/3 6905/7/3
f 6909/7/3 6906/7/3 6908/7/3
f 6910/4/3 6907/4/3 6906/4/3
f 6910/7/3 6906/7/3 6909/7/3
f 6911/7/3 6874/7/3 6907/7/3
f 6911/4/3 6907/4/3 6910/4/3
f 6912/5/3 6889/5/3 6888/5/3
f 6913/10/3 6890/10/3 6889/10/3
f 6913/5/3 6889/5/3 6912/5/3
f 6914/5/3 6912/5/3 6888/5/3
f 6915/10/3 6913/10/3 6912/10/3
f 6915/5/3 6912/5/3 6914/5/3
f 6916/7/3 6910/7/3 6909/7/3
f 6916/7/3 6911/7/3 6910/7/3
f 6917/7/3 6874/7/3 6911/7/3
f 6917/7/3 6911/7/3 6916/7/3
f 6917/5/3 6875/5/3 6874/5/3
f 6918/5/3 6875/5/3 6917/5/3
f 6919/5/3 6914/5/3 6888/5/3
f 6920/10/3 6915/10/3 6914/10/3
f 6920/5/3 6914/5/3 6919/5/3
f 6921/10/3 6913/10/3 6915/10/3
f 6921/10/3 6915/10/3 6920/10/3
f 6921/10/3 6890/10/3 6913/10/3
f 6921/5/3 6872/5/3 6890/5/3
f 6922/5/3 6863/5/3 6872/5/3
f 6922/5/3 6872/5/3 6921/5/3
f 6923/5/3 6917/5/3 6916/5/3
f 6924/5/3 6917/5/3 6923/5/3
f 6925/5/3 6919/5/3 6888/5/3
f 6925/5/3 6888/5/3 6880/5/3
f 6926/10/3 6920/10/3 6919/10/3
f 6926/5/3 6919/5/3 6925/5/3
f 6926/10/3 6921/10/3 6920/10/3
f 6926/10/3 6922/10/3 6921/10/3
f 6927/5/3 6863/5/3 6922/5/3
f 6927/10/3 6922/10/3 6926/10/3
f 6928/5/3 6863/5/3 6927/5/3
f 6929/5/3 6925/5/3 6880/5/3
f 6929/10/3 6926/10/3 6925/10/3
f 6929/10/3 6928/10/3 6927/10/3
f 6929/10/3 6927/10/3 6926/10/3
f 6930/10/3 6928/10/3 6929/10/3
f 6931/10/3 6928/10/3 6930/10/3
f 6932/5/3 6863/5/3 6928/5/3
f 6932/10/3 6928/10/3 6931/10/3
f 6933/10/3 6931/10/3 6930/10/3
f 6933/5/3 6930/5/3 6929/5/3
f 6934/5/3 6932/5/3 6931/5/3
f 6934/10/3 6931/10/3 6933/10/3
f 6935/5/3 6901/5/3 6864/5/3
f 6936/5/3 6901/5/3 6935/5/3
f 6937/5/3 6880/5/3 6859/5/3
f 6937/5/3 6929/5/3 6880/5/3
f 6937/5/3 6933/5/3 6929/5/3
f 6937/5/3 6934/5/3 6933/5/3
f 6938/5/3 6863/5/3 6932/5/3
f 6938/5/3 6934/5/3 6937/5/3
f 6938/10/3 6864/10/3 6863/10/3
f 6938/5/3 6932/5/3 6934/5/3
f 6939/5/3 6935/5/3 6864/5/3
f 6939/10/3 6864/10/3 6938/10/3
f 6940/5/3 6935/5/3 6939/5/3
f 6947/5/3 6942/5/3 6941/5/3
f 6948/5/3 6942/5/3 6947/5/3
f 6949/5/3 6946/5/3 6945/5/3
f 6950/5/3 6946/5/3 6949/5/3
f 6952/5/3 6947/5/3 6941/5/3
f 6953/5/3 6947/5/3 6952/5/3
f 6954/5/3 6944/5/3 6943/5/3
f 6955/5/3 6944/5/3 6954/5/3
f 6956/7/3 6950/7/3 6949/7/3
f 6957/7/3 6950/7/3 6956/7/3
f 6958/4/3 6957/4/3 6956/4/3
f 6958/7/3 6956/7/3 6949/7/3
f 6959/7/3 6950/7/3 6957/7/3
f 6959/4/3 6957/4/3 6958/4/3
f 6960/7/3 6950/7/3 6959/7/3
f 6961/7/3 6959/7/3 6958/7/3
f 6961/4/3 6960/4/3 6959/4/3
f 6962/7/3 6950/7/3 6960/7/3
f 6962/4/3 6960/4/3 6961/4/3
f 6964/5/3 6944/5/3 6955/5/3
f 6965/7/3 6958/7/3 6949/7/3
f 6965/5/3 6949/5/3 6945/5/3
f 6965/7/3 6961/7/3 6958/7/3
f 6965/7/3 6962/7/3 6961/7/3
f 6966/7/3 6962/7/3 6965/7/3
f 6967/5/3 6952/5/3 6941/5/3
f 6968/5/3 6964/5/3 6963/5/3
f 6969/5/3 6965/5/3 6945/5/3
f 6969/4/3 6966/4/3 6965/4/3
f 6970/4/3 6966/4/3 6969/4/3
f 6971/7/3 6962/7/3 6966/7/3
f 6971/4/3 6966/4/3 6970/4/3
f 6972/7/3 6962/7/3 6971/7/3
f 6973/10/3 6945/10/3 6944/10/3
f 6973/5/3 6944/5/3 6964/5/3
f 6973/5/3 6968/5/3 6967/5/3
f 6973/5/3 6964/5/3 6968/5/3
f 6974/5/3 6969/5/3 6945/5/3
f 6974/10/3 6945/10/3 6973/10/3
f 6975/4/3 6972/4/3 6971/4/3
f 6975/7/3 6970/7/3 6969/7/3
f 6975/4/3 6971/4/3 6970/4/3
f 6976/4/3 6972/4/3 6975/4/3
f 6977/7/3 6962/7/3 6972/7/3
f 6977/4/3 6972/4/3 6976/4/3
f 6978/7/3 6962/7/3 6977/7/3
f 6979/7/3 6976/7/3 6975/7/3
f 6979/4/3 6977/4/3 6976/4/3
f 6979/4/3 6978/4/3 6977/4/3
f 6980/7/3 6962/7/3 6978/7/3
f 6980/4/3 6978/4/3 6979/4/3
f 6981/7/3 6962/7/3 6980/7/3
f 6982/7/3 6950/7/3 6962/7/3
f 6982/7/3 6962/7/3 6981/7/3
f 6983/5/3 6974/5/3 6973/5/3
f 6983/5/3 6973/5/3 6967/5/3
f 6984/5/3 6974/5/3 6983/5/3
f 6985/7/3 6981/7/3 6980/7/3
f 6985/4/3 6982/4/3 6981/4/3
f 6985/7/3 6980/7/3 6979/7/3
f 6986/7/3 6950/7/3 6982/7/3
f 6986/4/3 6982/4/3 6985/4/3
f 6987/5/3 6983/5/3 6967/5/3
f 6988/10/3 6984/10/3 6983/10/3
f 6988/5/3 6983/5/3 6987/5/3
f 6989/5/3 6974/5/3 6984/5/3
f 6989/10/3 6984/10/3 6988/10/3
f 6990/5/3 6974/5/3 6989/5/3
f 6991/7/3 6985/7/3 6979/7/3
f 6991/7/3 6986/7/3 6985/7/3
f 6992/5/3 6951/5/3 6950/5/3
f 6992/7/3 6986/7/3 6991/7/3
f 6992/7/3 6950/7/3 6986/7/3
f 6993/5/3 6951/5/3 6992/5/3
f 6994/5/3 6987/5/3 6967/5/3
f 6995/10/3 6988/10/3 6987/10/3
f 6995/5/3 6987/5/3 6994/5/3
f 6995/10/3 6989/10/3 6988/10/3
f 6995/10/3 6990/10/3 6989/10/3
f 6996/5/3 6974/5/3 6990/5/3
f 6996/10/3 6990/10/3 6995/10/3
f 6997/5/3 6974/5/3 6996/5/3
f 6998/7/3 6979/7/3 6975/7/3
f 6998/5/3 6974/5/3 6997/5/3
f 6998/7/3 6991/7/3 6979/7/3
f 6998/5/3 6969/5/3 6974/5/3
f 6998/7/3 6975/7/3 6969/7/3
f 6999/5/3 6992/5/3 6991/5/3
f 6999/7/3 6991/7/3 6998/7/3
f 7000/5/3 6992/5/3 6999/5/3
f 7001/10/3 6997/10/3 6996/10/3
f 7001/10/3 6996/10/3 6995/10/3
f 7001/5/3 6994/5/3 6967/5/3
f 7001/10/3 6995/10/3 6994/10/3
f 7002/5/3 6999/5/3 6998/5/3
f 7002/10/3 6997/10/3 7001/10/3
f 7002/5/3 6998/5/3 6997/5/3
f 7003/5/3 6999/5/3 7002/5/3
f 7004/5/3 6999/5/3 7003/5/3
f 7005/5/3 7002/5/3 7001/5/3
f 7005/5/3 7003/5/3 7002/5/3
f 7006/5/3 7003/5/3 7005/5/3
f 7007/5/3 6967/5/3 6941/5/3
f 7007/5/3 7001/5/3 6967/5/3
f 7007/5/3 7005/5/3 7001/5/3
f 7008/5/3 7005/5/3 7007/5/3
f 7012/9/3 7010/9/3 7009/9/3
f 7014/9/3 7012/9/3 7011/9/3
f 7015/9/3 7012/9/3 7014/9/3
f 7016/9/3 7010/9/3 7012/9/3
f 7016/9/3 7012/9/3 7015/9/3
f 7017/9/3 7010/9/3 7016/9/3
f 7020/9/3 7015/9/3 7014/9/3
f 7020/9/3 7014/9/3 7013/9/3
f 7021/9/3 7015/9/3 7020/9/3
f 7022/9/3 7015/9/3 7021/9/3
f 7023/9/3 7017/9/3 7016/9/3
f 7023/9/3 7018/9/3 7017/9/3
f 7024/9/3 7018/9/3 7023/9/3
f 7025/9/3 7018/9/3 7024/9/3
f 7027/9/3 7021/9/3 7020/9/3
f 7027/9/3 7020/9/3 7019/9/3
f 7028/9/3 7021/9/3 7027/9/3
f 7029/9/3 7026/9/3 7025/9/3
f 7029/9/3 7025/9/3 7024/9/3
f 7030/9/3 7026/9/3 7029/9/3
f 7032/9/3 7027/9/3 7019/9/3
f 7033/9/3 7027/9/3 7032/9/3
f 7034/9/3 7026/9/3 7030/9/3
f 7035/9/3 7026/9/3 7034/9/3
f 7036/9/3 7026/9/3 7035/9/3
f 7038/9/3 7032/9/3 7031/9/3
f 7039/9/3 7032/9/3 7038/9/3
f 7042/9/3 7037/9/3 7036/9/3
f 7042/9/3 7036/9/3 7035/9/3
f 7043/9/3 7037/9/3 7042/9/3
f 7044/9/3 7037/9/3 7043/9/3
f 7045/9/3 7040/9/3 7039/9/3
f 7048/9/3 7043/9/3 7042/9/3
f 7048/9/3 7042/9/3 7041/9/3
f 7049/9/3 7046/9/3 7045/9/3
f 7049/9/3 7045/9/3 7039/9/3
f 7050/9/3 7046/9/3 7049/9/3
f 7051/9/3 7046/9/3 7050/9/3
f 7054/9/3 7048/9/3 7047/9/3
f 7055/9/3 7043/9/3 7048/9/3
f 7055/9/3 7048/9/3 7054/9/3
f 7056/9/3 7043/9/3 7055/9/3
f 7057/9/3 7052/9/3 7051/9/3
f 7057/9/3 7051/9/3 7050/9/3
f 7058/9/3 7052/9/3 7057/9/3
f 7059/9/3 7052/9/3 7058/9/3
f 7060/9/3 7054/9/3 7053/9/3
f 7060/9/3 7055/9/3 7054/9/3
f 7061/9/3 7055/9/3 7060/9/3
f 7062/9/3 7055/9/3 7061/9/3
f 7063/9/3 7059/9/3 7058/9/3
f 7063/9/3 7061/9/3 7060/9/3
f 7063/9/3 7060/9/3 7059/9/3
f 7064/9/3 7061/9/3 7063/9/3
f 7065/9/3 7061/9/3 7064/9/3
f 7066/9/3 7061/9/3 7065/9/3
f 7072/6/3 7068/6/3 7067/6/3
f 7073/6/3 7072/6/3 7071/6/3
f 7074/6/3 7068/6/3 7072/6/3
f 7074/6/3 7072/6/3 7073/6/3
f 7075/6/3 7068/6/3 7074/6/3
f 7076/6/3 7068/6/3 7075/6/3
f 7077/6/3 7070/6/3 7069/6/3
f 7078/6/3 7070/6/3 7077/6/3
f 7080/6/3 7076/6/3 7075/6/3
f 7080/6/3 7079/6/3 7078/6/3
f 7080/6/3 7078/6/3 7077/6/3
f 7080/6/3 7077/6/3 7076/6/3
f 7081/6/3 7079/6/3 7080/6/3
f 7082/6/3 7079/6/3 7081/6/3
f 7084/6/3 7083/6/3 7082/6/3
f 7084/6/3 7082/6/3 7081/6/3
f 7085/6/3 7083/6/3 7084/6/3
f 7086/6/3 7083/6/3 7085/6/3
f 7088/6/3 7087/6/3 7086/6/3
f 7088/6/3 7086/6/3 7085/6/3
f 7089/6/3 7087/6/3 7088/6/3
f 7091/6/3 7087/6/3 7089/6/3
f 7093/6/3 7091/6/3 7090/6/3
f 7095/6/3 7093/6/3 7092/6/3
f 7096/6/3 7087/6/3 7091/6/3
f 7096/6/3 7091/6/3 7093/6/3
f 7096/6/3 7093/6/3 7095/6/3
f 7097/6/3 7087/6/3 7096/6/3
f 7100/6/3 7095/6/3 7094/6/3
f 7100/6/3 7096/6/3 7095/6/3
f 7101/6/3 7096/6/3 7100/6/3
f 7102/10/3 7097/10/3 7096/10/3
f 7102/6/3 7096/6/3 7101/6/3
f 7103/6/3 7087/6/3 7097/6/3
f 7103/10/3 7097/10/3 7102/10/3
f 7104/6/3 7087/6/3 7103/6/3
f 7107/6/3 7099/6/3 7098/6/3
f 7107/6/3 7101/6/3 7100/6/3
f 7107/6/3 7100/6/3 7099/6/3
f 7108/6/3 7101/6/3 7107/6/3
f 7109/6/3 7101/6/3 7108/6/3
f 7110/6/3 7101/6/3 7109/6/3
f 7111/6/3 7105/6/3 7104/6/3
f 7111/6/3 7104/6/3 7103/6/3
f 7112/6/3 7105/6/3 7111/6/3
f 7113/6/3 7105/6/3 7112/6/3
f 7114/7/3 7106/7/3 7105/7/3
f 7114/6/3 7105/6/3 7113/6/3
f 7115/7/3 7106/7/3 7114/7/3
f 7116/7/3 7106/7/3 7115/7/3
f 7118/5/3 7109/5/3 7108/5/3
f 7119/5/3 7109/5/3 7118/5/3
f 7120/6/3 7117/6/3 7116/6/3
f 7120/6/3 7116/6/3 7115/6/3
f 7121/6/3 7117/6/3 7120/6/3
f 7124/6/3 7117/6/3 7121/6/3
f 7125/6/3 7117/6/3 7124/6/3
f 7126/5/3 7123/5/3 7122/5/3
f 7127/5/3 7123/5/3 7126/5/3
f 7128/6/3 7117/6/3 7125/6/3
f 7129/6/3 7117/6/3 7128/6/3
f 7132/5/3 7131/5/3 7130/5/3
f 7133/5/3 7131/5/3 7132/5/3
f 7137/5/3 7134/5/3 7133/5/3
f 7138/5/3 7134/5/3 7137/5/3
f 7139/10/3 7136/10/3 7135/10/3
f 7140/10/3 7136/10/3 7139/10/3
f 7146/6/3 7142/6/3 7141/6/3
f 7147/6/3 7142/6/3 7146/6/3
f 7148/6/3 7144/6/3 7143/6/3
f 7149/6/3 7144/6/3 7148/6/3
f 7151/6/3 7146/6/3 7145/6/3
f 7152/6/3 7146/6/3 7151/6/3
f 7153/6/3 7150/6/3 7149/6/3
f 7154/6/3 7150/6/3 7153/6/3
f 7157/6/3 7156/6/3 7155/6/3
f 7158/6/3 7156/6/3 7157/6/3
f 7160/6/3 7117/6/3 7129/6/3
f 7163/6/3 7160/6/3 7159/6/3
f 7165/6/3 7162/6/3 7161/6/3
f 7165/6/3 7163/6/3 7162/6/3
f 7167/6/3 7165/6/3 7164/6/3
f 7169/6/3 7167/6/3 7166/6/3
f 7170/6/3 7107/6/3 7098/6/3
f 7173/6/3 7169/6/3 7168/6/3
f 7174/6/3 7171/6/3 7170/6/3
f 7175/6/3 7171/6/3 7174/6/3
f 7176/6/3 7170/6/3 7098/6/3
f 7176/6/3 7174/6/3 7170/6/3
f 7177/6/3 7174/6/3 7176/6/3
f 7178/6/3 7174/6/3 7177/6/3
f 7179/6/3 7174/6/3 7178/6/3
f 7180/6/3 7171/6/3 7175/6/3
f 7181/6/3 7171/6/3 7180/6/3
f 7182/10/3 7172/10/3 7171/10/3
f 7182/6/3 7171/6/3 7181/6/3
f 7183/6/3 7173/6/3 7172/6/3
f 7183/10/3 7172/10/3 7182/10/3
f 7184/6/3 7163/6/3 7165/6/3
f 7184/6/3 7173/6/3 7183/6/3
f 7184/6/3 7165/6/3 7167/6/3
f 7184/6/3 7167/6/3 7169/6/3
f 7184/6/3 7169/6/3 7173/6/3
f 7187/6/3 7178/6/3 7177/6/3
f 7188/6/3 7178/6/3 7187/6/3
f 7189/6/3 7163/6/3 7184/6/3
f 7190/6/3 7160/6/3 7163/6/3
f 7190/6/3 7163/6/3 7189/6/3
f 7192/6/3 7186/6/3 7185/6/3
f 7193/6/3 7186/6/3 7192/6/3
f 7196/6/3 7192/6/3 7191/6/3
f 7197/6/3 7192/6/3 7196/6/3
f 7198/6/3 7195/6/3 7194/6/3
f 7199/6/3 7195/6/3 7198/6/3
f 7205/6/3 7201/6/3 7200/6/3
f 7206/6/3 7201/6/3 7205/6/3
f 7207/6/3 7203/6/3 7202/6/3
f 7208/6/3 7203/6/3 7207/6/3
f 7209/6/3 7205/6/3 7204/6/3
f 7210/6/3 7205/6/3 7209/6/3
f 7212/6/3 7160/6/3 7190/6/3
f 7215/6/3 7212/6/3 7211/6/3
f 7216/6/3 7117/6/3 7160/6/3
f 7216/6/3 7212/6/3 7215/6/3
f 7216/6/3 7160/6/3 7212/6/3
f 7218/6/3 7214/6/3 7213/6/3
f 7219/6/3 7214/6/3 7218/6/3
f 7220/6/3 7214/6/3 7219/6/3
f 7222/6/3 7218/6/3 7217/6/3
f 7222/6/3 7219/6/3 7218/6/3
f 7223/6/3 7219/6/3 7222/6/3
f 7224/6/3 7219/6/3 7223/6/3
f 7225/6/3 7176/6/3 7098/6/3
f 7226/6/3 7222/6/3 7221/6/3
f 7226/6/3 7223/6/3 7222/6/3
f 7227/6/3 7223/6/3 7226/6/3
f 7228/6/3 7225/6/3 7098/6/3
f 7228/6/3 7226/6/3 7225/6/3
f 7229/6/3 7226/6/3 7228/6/3
f 7230/6/3 7226/6/3 7229/6/3
f 7231/6/3 7228/6/3 7098/6/3
f 7232/6/3 7228/6/3 7231/6/3
f 7233/6/3 7226/6/3 7230/6/3
f 7234/6/3 7226/6/3 7233/6/3
f 7235/6/3 7226/6/3 7234/6/3
f 7236/6/3 7226/6/3 7235/6/3
f 7237/6/3 7226/6/3 7236/6/3
f 7238/6/3 7226/6/3 7237/6/3
f 7239/6/3 7226/6/3 7238/6/3
f 7240/6/3 7226/6/3 7239/6/3
f 7241/6/3 7226/6/3 7240/6/3
f 7242/6/3 7226/6/3 7241/6/3
f 7243/6/3 7241/6/3 7240/6/3
f 7244/6/3 7241/6/3 7243/6/3
f 7245/6/3 7243/6/3 7240/6/3
f 7246/6/3 7243/6/3 7245/6/3
f 7248/6/3 7245/6/3 7240/6/3
f 7249/6/3 7245/6/3 7248/6/3
f 7250/6/3 7245/6/3 7249/6/3
f 7252/6/3 7248/6/3 7247/6/3
f 7252/6/3 7249/6/3 7248/6/3
f 7253/6/3 7249/6/3 7252/6/3
f 7254/6/3 7249/6/3 7253/6/3
f 7256/6/3 7252/6/3 7251/6/3
f 7256/6/3 7253/6/3 7252/6/3
f 7257/6/3 7256/6/3 7255/6/3
f 7258/6/3 7253/6/3 7256/6/3
f 7258/6/3 7256/6/3 7257/6/3
f 7261/6/3 7260/6/3 7259/6/3
f 7262/6/3 7260/6/3 7261/6/3
f 7264/6/3 7263/6/3 7262/6/3
f 7265/6/3 7263/6/3 7264/6/3
f 7267/6/3 7266/6/3 7265/6/3
f 7268/6/3 7266/6/3 7267/6/3
f 7273/6/3 7269/6/3 7268/6/3
f 7274/6/3 7269/6/3 7273/6/3
f 7275/6/3 7271/6/3 7270/6/3
f 7276/10/3 7272/10/3 7271/10/3
f 7276/6/3 7271/6/3 7275/6/3
f 7277/10/3 7272/10/3 7276/10/3
f 7279/10/3 7277/10/3 7276/10/3
f 7280/6/3 7278/6/3 7277/6/3
f 7280/10/3 7277/10/3 7279/10/3
f 7281/6/3 7278/6/3 7280/6/3
f 7282/6/3 7278/6/3 7281/6/3
f 7286/6/3 7284/6/3 7283/6/3
f 7287/6/3 7284/6/3 7286/6/3
f 7290/6/3 7286/6/3 7285/6/3
f 7290/6/3 7288/6/3 7287/6/3
f 7290/6/3 7287/6/3 7286/6/3
f 7291/6/3 7288/6/3 7290/6/3
f 7294/6/3 7293/6/3 7292/6/3
f 7295/6/3 7293/6/3 7294/6/3
f 7297/6/3 7290/6/3 7289/6/3
f 7298/6/3 7290/6/3 7297/6/3
f 7299/6/3 7296/6/3 7295/6/3
f 7300/6/3 7299/6/3 7295/6/3
f 7301/6/3 7299/6/3 7300/6/3
f 7306/6/3 7303/6/3 7302/6/3
f 7307/6/3 7303/6/3 7306/6/3
f 7308/6/3 7305/6/3 7304/6/3
f 7309/6/3 7305/6/3 7308/6/3
f 7313/6/3 7311/6/3 7310/6/3
f 7314/6/3 7311/6/3 7313/6/3
f 7317/6/3 7313/6/3 7312/6/3
f 7317/6/3 7315/6/3 7314/6/3
f 7317/6/3 7314/6/3 7313/6/3
f 7319/6/3 7317/6/3 7316/6/3
f 7321/6/3 7319/6/3 7318/6/3
f 7322/6/3 7315/6/3 7317/6/3
f 7322/6/3 7317/6/3 7319/6/3
f 7322/6/3 7319/6/3 7321/6/3
f 7324/6/3 7321/6/3 7320/6/3
f 7324/6/3 7323/6/3 7322/6/3
f 7324/6/3 7322/6/3 7321/6/3
f 7325/6/3 7323/6/3 7324/6/3
f 7326/6/3 7324/6/3 7320/6/3
f 7327/6/3 7324/6/3 7326/6/3
f 7328/6/3 7324/6/3 7327/6/3
f 7329/6/3 7324/6/3 7328/6/3
f 7330/6/3 7328/6/3 7327/6/3
f 7331/6/3 7328/6/3 7330/6/3
f 7334/6/3 7333/6/3 7332/6/3
f 7335/6/3 7333/6/3 7334/6/3
f 7336/6/3 7334/6/3 7332/6/3
f 7337/6/3 7334/6/3 7336/6/3
f 7342/6/3 7339/6/3 7338/6/3
f 7343/6/3 7339/6/3 7342/6/3
f 7344/6/3 7341/6/3 7340/6/3
f 7345/6/3 7341/6/3 7344/6/3
f 7347/10/3 7346/10/3 7345/10/3
f 7348/10/3 7346/10/3 7347/10/3
f 7351/6/3 7350/6/3 7349/6/3
f 7352/6/3 7350/6/3 7351/6/3
f 7356/6/3 7353/6/3 7352/6/3
f 7357/6/3 7353/6/3 7356/6/3
f 7358/10/3 7355/10/3 7354/10/3
f 7359/10/3 7355/10/3 7358/10/3
f 7362/10/3 7361/10/3 7360/10/3
f 7363/10/3 7361/10/3 7362/10/3
f 7365/10/3 7364/10/3 7363/10/3
f 7366/10/3 7364/10/3 7365/10/3
f 7369/10/3 7368/10/3 7367/10/3
f 7370/10/3 7368/10/3 7369/10/3
f 7373/6/3 7372/6/3 7371/6/3
f 7374/6/3 7372/6/3 7373/6/3
f 7375/6/3 7372/6/3 7374/6/3
f 7376/10/3 7374/10/3 7373/10/3
f 7377/10/3 7374/10/3 7376/10/3
f 7380/10/3 7379/10/3 7378/10/3
f 7381/10/3 7379/10/3 7380/10/3
f 7385/10/3 7383/10/3 7382/10/3
f 7386/10/3 7383/10/3 7385/10/3
f 7388/10/3 7385/10/3 7384/10/3
f 7388/10/3 7387/10/3 7386/10/3
f 7388/10/3 7386/10/3 7385/10/3
f 7390/10/3 7388/10/3 7384/10/3
f 7390/10/3 7389/10/3 7388/10/3
f 7391/10/3 7389/10/3 7390/10/3
f 7392/10/3 7389/10/3 7391/10/3
f 7393/10/3 7389/10/3 7392/10/3
f 7394/10/3 7389/10/3 7393/10/3
f 7395/10/3 7389/10/3 7394/10/3
f 7396/10/3 7394/10/3 7393/10/3
f 7397/10/3 7394/10/3 7396/10/3
f 7401/10/3 7399/10/3 7398/10/3
f 7401/10/3 7400/10/3 7399/10/3
f 7402/10/3 7400/10/3 7401/10/3
f 7403/10/3 7400/10/3 7402/10/3
f 7405/10/3 7404/10/3 7403/10/3
f 7405/10/3 7403/10/3 7402/10/3
f 7406/10/3 7404/10/3 7405/10/3
f 7407/10/3 7404/10/3 7406/10/3
f 7410/10/3 7409/10/3 7408/10/3
f 7411/10/3 7409/10/3 7410/10/3
f 7414/10/3 7413/10/3 7412/10/3
f 7415/10/3 7413/10/3 7414/10/3
f 7418/9/3 7417/9/3 7416/9/3
f 7419/9/3 7417/9/3 7418/9/3
f 7422/10/3 7421/10/3 7420/10/3
f 7423/10/3 7421/10/3 7422/10/3
f 7426/9/3 7425/9/3 7424/9/3
f 7427/9/3 7425/9/3 7426/9/3
f 7430/6/3 7429/6/3 7428/6/3
f 7431/6/3 7429/6/3 7430/6/3
f 7434/6/3 7433/6/3 7432/6/3
f 7435/6/3 7433/6/3 7434/6/3
f 7439/9/3 7437/9/3 7436/9/3
f 7440/10/3 7438/10/3 7437/10/3
f 7440/9/3 7437/9/3 7439/9/3
f 7441/10/3 7438/10/3 7440/10/3
f 7444/6/3 7443/6/3 7442/6/3
f 7445/6/3 7443/6/3 7444/6/3
f 7446/10/3 7445/10/3 7444/10/3
f 7447/10/3 7445/10/3 7446/10/3
f 7450/10/3 7449/10/3 7448/10/3
f 7451/10/3 7449/10/3 7450/10/3
f 7454/10/3 7453/10/3 7452/10/3
f 7455/10/3 7453/10/3 7454/10/3
f 7458/10/3 7457/10/3 7456/10/3
f 7459/10/3 7457/10/3 7458/10/3
f 7462/6/3 7461/6/3 7460/6/3
f 7463/6/3 7461/6/3 7462/6/3
f 7465/6/3 7464/6/3 7463/6/3
f 7466/6/3 7464/6/3 7465/6/3
f 7469/1/3 7468/1/3 7467/1/3
f 7470/1/3 7468/1/3 7469/1/3
f 7473/10/3 7472/10/3 7471/10/3
f 7474/10/3 7472/10/3 7473/10/3
f 7477/10/3 7476/10/3 7475/10/3
f 7478/10/3 7476/10/3 7477/10/3
f 7480/10/3 7479/10/3 7478/10/3
f 7481/10/3 7479/10/3 7480/10/3
f 7483/10/3 7482/10/3 7481/10/3
f 7484/10/3 7482/10/3 7483/10/3
f 7486/10/3 7485/10/3 7484/10/3
f 7487/10/3 7485/10/3 7486/10/3
f 7490/6/3 7489/6/3 7488/6/3
f 7491/6/3 7489/6/3 7490/6/3
f 7494/10/3 7493/10/3 7492/10/3
f 7495/10/3 7493/10/3 7494/10/3
f 7498/6/3 7497/6/3 7496/6/3
f 7499/6/3 7497/6/3 7498/6/3
f 7502/6/3 7501/6/3 7500/6/3
f 7503/6/3 7501/6/3 7502/6/3
f 7506/6/3 7505/6/3 7504/6/3
f 7507/6/3 7505/6/3 7506/6/3
f 7510/6/3 7509/6/3 7508/6/3
f 7511/6/3 7509/6/3 7510/6/3
f 7517/10/3 7513/10/3 7512/10/3
f 7518/10/3 7513/10/3 7517/10/3
f 7519/1/3 7515/1/3 7514/1/3
f 7520/1/3 7515/1/3 7519/1/3
f 7521/1/3 7517/1/3 7516/1/3
f 7522/1/3 7517/1/3 7521/1/3
f 7527/6/3 7524/6/3 7523/6/3
f 7528/6/3 7524/6/3 7527/6/3
f 7529/6/3 7526/6/3 7525/6/3
f 7530/6/3 7526/6/3 7529/6/3
f 7533/6/3 7532/6/3 7531/6/3
f 7534/6/3 7532/6/3 7533/6/3
f 7537/6/3 7536/6/3 7535/6/3
f 7538/6/3 7536/6/3 7537/6/3
f 7541/6/3 7540/6/3 7539/6/3
f 7542/6/3 7540/6/3 7541/6/3
f 7543/6/3 7540/6/3 7542/6/3
f 7544/6/3 7540/6/3 7543/6/3
f 7547/6/3 7546/6/3 7545/6/3
f 7548/6/3 7546/6/3 7547/6/3
f 7551/6/3 7550/6/3 7549/6/3
f 7552/6/3 7550/6/3 7551/6/3
f 7555/6/3 7554/6/3 7553/6/3
f 7556/6/3 7554/6/3 7555/6/3
f 7559/6/3 7558/6/3 7557/6/3
f 7560/6/3 7558/6/3 7559/6/3
f 7566/10/3 7562/10/3 7561/10/3
f 7567/10/3 7562/10/3 7566/10/3
f 7568/1/3 7564/1/3 7563/1/3
f 7569/1/3 7564/1/3 7568/1/3
f 7571/1/3 7566/1/3 7565/1/3
f 7571/1/3 7567/1/3 7566/1/3
f 7572/1/3 7567/1/3 7571/1/3
f 7573/1/3 7570/1/3 7569/1/3
f 7574/1/3 7570/1/3 7573/1/3
f 7579/6/3 7576/6/3 7575/6/3
f 7580/6/3 7576/6/3 7579/6/3
f 7581/6/3 7578/6/3 7577/6/3
f 7582/6/3 7578/6/3 7581/6/3
f 7586/6/3 7584/6/3 7583/6/3
f 7587/6/3 7584/6/3 7586/6/3
f 7587/10/3 7586/10/3 7585/10/3
f 7588/6/3 7584/6/3 7587/6/3
f 7589/10/3 7587/10/3 7585/10/3
f 7590/10/3 7587/10/3 7589/10/3
f 7595/6/3 7592/6/3 7591/6/3
f 7596/6/3 7592/6/3 7595/6/3
f 7597/6/3 7594/6/3 7593/6/3
f 7598/6/3 7594/6/3 7597/6/3
f 7601/6/3 7600/6/3 7599/6/3
f 7603/6/3 7601/6/3 7599/6/3
f 7603/6/3 7602/6/3 7601/6/3
f 7604/6/3 7602/6/3 7603/6/3
f 7605/6/3 7602/6/3 7604/6/3
f 7607/6/3 7605/6/3 7604/6/3
f 7607/6/3 7606/6/3 7605/6/3
f 7608/6/3 7606/6/3 7607/6/3
f 7609/6/3 7606/6/3 7608/6/3
f 7611/6/3 7610/6/3 7609/6/3
f 7611/6/3 7609/6/3 7608/6/3
f 7612/6/3 7610/6/3 7611/6/3
f 7614/6/3 7613/6/3 7612/6/3
f 7615/6/3 7613/6/3 7614/6/3
f 7618/6/3 7617/6/3 7616/6/3
f 7619/6/3 7617/6/3 7618/6/3
f 7622/6/3 7621/6/3 7620/6/3
f 7623/6/3 7621/6/3 7622/6/3
f 7626/6/3 7625/6/3 7624/6/3
f 7627/6/3 7625/6/3 7626/6/3
f 7630/6/3 7629/6/3 7628/6/3
f 7631/6/3 7629/6/3 7630/6/3
f 7636/10/3 7633/10/3 7632/10/3
f 7637/10/3 7633/10/3 7636/10/3
f 7638/10/3 7633/10/3 7637/10/3
f 7639/1/3 7635/1/3 7634/1/3
f 7640/1/3 7635/1/3 7639/1/3
f 7643/1/3 7637/1/3 7636/1/3
f 7644/1/3 7637/1/3 7643/1/3
f 7645/10/3 7642/10/3 7641/10/3
f 7646/10/3 7642/10/3 7645/10/3
f 7649/6/3 7648/6/3 7647/6/3
f 7650/6/3 7648/6/3 7649/6/3
f 7656/6/3 7652/6/3 7651/6/3
f 7657/6/3 7652/6/3 7656/6/3
f 7658/6/3 7654/6/3 7653/6/3
f 7659/6/3 7654/6/3 7658/6/3
f 7660/6/3 7656/6/3 7655/6/3
f 7661/6/3 7656/6/3 7660/6/3
f 7662/10/3 7661/10/3 7660/10/3
f 7663/10/3 7661/10/3 7662/10/3
f 7666/10/3 7665/10/3 7664/10/3
f 7667/10/3 7665/10/3 7666/10/3
f 7668/6/3 7667/6/3 7666/6/3
f 7669/6/3 7667/6/3 7668/6/3
f 7674/6/3 7671/6/3 7670/6/3
f 7675/6/3 7671/6/3 7674/6/3
f 7677/6/3 7673/6/3 7672/6/3
f 7678/6/3 7673/6/3 7677/6/3
f 7681/6/3 7676/6/3 7675/6/3
f 7682/6/3 7676/6/3 7681/6/3
f 7683/6/3 7680/6/3 7679/6/3
f 7684/6/3 7680/6/3 7683/6/3
f 7687/6/3 7686/6/3 7685/6/3
f 7688/6/3 7686/6/3 7687/6/3
f 7690/6/3 7689/6/3 7688/6/3
f 7691/6/3 7689/6/3 7690/6/3
f 7692/6/3 7689/6/3 7691/6/3
f 7694/6/3 7693/6/3 7692/6/3
f 7694/6/3 7692/6/3 7691/6/3
f 7695/6/3 7693/6/3 7694/6/3
f 7696/6/3 7693/6/3 7695/6/3
f 7699/6/3 7698/6/3 7697/6/3
f 7700/6/3 7698/6/3 7699/6/3
f 7705/6/3 7702/6/3 7701/6/3
f 7706/6/3 7702/6/3 7705/6/3
f 7707/6/3 7704/6/3 7703/6/3
f 7708/6/3 7704/6/3 7707/6/3
f 7711/6/3 7710/6/3 7709/6/3
f 7712/6/3 7710/6/3 7711/6/3
f 7715/10/3 7714/10/3 7713/10/3
f 7716/10/3 7714/10/3 7715/10/3
f 7719/6/3 7718/6/3 7717/6/3
f 7723/6/3 7719/6/3 7717/6/3
f 7724/10/3 7720/10/3 7719/10/3
f 7724/6/3 7719/6/3 7723/6/3
f 7725/10/3 7720/10/3 7724/10/3
f 7726/6/3 7722/6/3 7721/6/3
f 7729/10/3 7724/10/3 7723/10/3
f 7730/10/3 7724/10/3 7729/10/3
f 7731/6/3 7727/6/3 7726/6/3
f 7731/6/3 7726/6/3 7721/6/3
f 7732/6/3 7727/6/3 7731/6/3
f 7733/6/3 7727/6/3 7732/6/3
f 7735/10/3 7729/10/3 7728/10/3
f 7736/6/3 7734/6/3 7733/6/3
f 7736/6/3 7733/6/3 7732/6/3
f 7737/10/3 7735/10/3 7734/10/3
f 7737/6/3 7734/6/3 7736/6/3
f 7738/10/3 7729/10/3 7735/10/3
f 7738/10/3 7735/10/3 7737/10/3
f 7739/10/3 7729/10/3 7738/10/3
f 7741/10/3 7740/10/3 7739/10/3
f 7741/10/3 7739/10/3 7738/10/3
f 7742/10/3 7740/10/3 7741/10/3
f 7748/1/3 7744/1/3 7743/1/3
f 7749/10/3 7745/10/3 7744/10/3
f 7749/1/3 7744/1/3 7748/1/3
f 7750/10/3 7745/10/3 7749/10/3
f 7751/10/3 7747/10/3 7746/10/3
f 7752/10/3 7747/10/3 7751/10/3
f 7753/1/3 7751/1/3 7750/1/3
f 7754/1/3 7751/1/3 7753/1/3
f 7757/6/3 7756/6/3 7755/6/3
f 7758/6/3 7756/6/3 7757/6/3
f 7763/6/3 7760/6/3 7759/6/3
f 7764/6/3 7760/6/3 7763/6/3
f 7767/6/3 7762/6/3 7761/6/3
f 7768/6/3 7762/6/3 7767/6/3
f 7769/6/3 7766/6/3 7765/6/3
f 7770/6/3 7766/6/3 7769/6/3
f 7773/6/3 7772/6/3 7771/6/3
f 7774/6/3 7772/6/3 7773/6/3
f 7777/6/3 7776/6/3 7775/6/3
f 7778/6/3 7776/6/3 7777/6/3
f 7781/6/3 7780/6/3 7779/6/3
f 7782/6/3 7780/6/3 7781/6/3
f 7785/6/3 7784/6/3 7783/6/3
f 7786/6/3 7784/6/3 7785/6/3
f 7789/6/3 7788/6/3 7787/6/3
f 7790/6/3 7788/6/3 7789/6/3
f 7793/6/3 7792/6/3 7791/6/3
f 7794/6/3 7792/6/3 7793/6/3
f 7798/6/3 7795/6/3 7794/6/3
f 7799/6/3 7795/6/3 7798/6/3
f 7800/6/3 7797/6/3 7796/6/3
f 7801/6/3 7797/6/3 7800/6/3
f 7804/6/3 7795/6/3 7799/6/3
f 7805/6/3 7795/6/3 7804/6/3
f 7807/6/3 7803/6/3 7802/6/3
f 7808/6/3 7803/6/3 7807/6/3
f 7811/6/3 7806/6/3 7805/6/3
f 7812/6/3 7806/6/3 7811/6/3
f 7813/6/3 7809/6/3 7808/6/3
f 7814/10/3 7810/10/3 7809/10/3
f 7814/6/3 7809/6/3 7813/6/3
f 7815/10/3 7810/10/3 7814/10/3
f 7818/10/3 7817/10/3 7816/10/3
f 7819/10/3 7817/10/3 7818/10/3
f 7824/6/3 7821/6/3 7820/6/3
f 7825/6/3 7821/6/3 7824/6/3
f 7826/6/3 7823/6/3 7822/6/3
f 7827/6/3 7823/6/3 7826/6/3
f 7833/10/3 7828/10/3 7827/10/3
f 7834/10/3 7828/10/3 7833/10/3
f 7835/10/3 7828/10/3 7834/10/3
f 7837/6/3 7830/6/3 7829/6/3
f 7838/6/3 7830/6/3 7837/6/3
f 7839/6/3 7832/6/3 7831/6/3
f 7840/6/3 7832/6/3 7839/6/3
f 7842/10/3 7836/10/3 7835/10/3
f 7842/10/3 7835/10/3 7834/10/3
f 7843/10/3 7836/10/3 7842/10/3
f 7844/10/3 7836/10/3 7843/10/3
f 7845/6/3 7840/6/3 7839/6/3
f 7845/6/3 7839/6/3 7838/6/3
f 7846/6/3 7840/6/3 7845/6/3
f 7847/6/3 7840/6/3 7846/6/3
f 7848/6/3 7840/6/3 7847/6/3
f 7849/10/3 7843/10/3 7842/10/3
f 7849/10/3 7842/10/3 7841/10/3
f 7850/10/3 7843/10/3 7849/10/3
f 7851/10/3 7843/10/3 7850/10/3
f 7852/6/3 7847/6/3 7846/6/3
f 7853/6/3 7847/6/3 7852/6/3
f 7854/6/3 7847/6/3 7853/6/3
f 7855/10/3 7850/10/3 7849/10/3
f 7855/10/3 7849/10/3 7848/10/3
f 7856/10/3 7850/10/3 7855/10/3
f 7857/10/3 7855/10/3 7848/10/3
f 7858/10/3 7855/10/3 7857/10/3
f 7859/10/3 7855/10/3 7858/10/3
f 7864/1/3 7861/1/3 7860/1/3
f 7865/1/3 7861/1/3 7864/1/3
f 7870/1/3 7863/1/3 7862/1/3
f 7871/1/3 7863/1/3 7870/1/3
f 7872/1/3 7867/1/3 7866/1/3
f 7873/1/3 7867/1/3 7872/1/3
f 7878/10/3 7869/10/3 7868/10/3
f 7879/10/3 7869/10/3 7878/10/3
f 7880/1/3 7875/1/3 7874/1/3
f 7881/1/3 7875/1/3 7880/1/3
f 7882/1/3 7877/1/3 7876/1/3
f 7883/1/3 7877/1/3 7882/1/3
f 7892/6/3 7885/6/3 7884/6/3
f 7893/6/3 7885/6/3 7892/6/3
f 7894/6/3 7887/6/3 7886/6/3
f 7895/6/3 7887/6/3 7894/6/3
f 7896/7/3 7889/7/3 7888/7/3
f 7897/7/3 7889/7/3 7896/7/3
f 7898/6/3 7891/6/3 7890/6/3
f 7899/6/3 7891/6/3 7898/6/3
f 7902/6/3 7901/6/3 7900/6/3
f 7903/6/3 7901/6/3 7902/6/3
f 7906/6/3 7905/6/3 7904/6/3
f 7907/6/3 7905/6/3 7906/6/3
f 7910/6/3 7909/6/3 7908/6/3
f 7911/6/3 7909/6/3 7910/6/3
f 7914/6/3 7913/6/3 7912/6/3
f 7915/6/3 7913/6/3 7914/6/3
f 7918/6/3 7917/6/3 7916/6/3
f 7919/6/3 7917/6/3 7918/6/3
f 7920/6/3 7917/6/3 7919/6/3
f 7922/6/3 7920/6/3 7919/6/3
f 7923/10/3 7921/10/3 7920/10/3
f 7923/6/3 7920/6/3 7922/6/3
f 7924/10/3 7921/10/3 7923/10/3
f 7928/7/3 7923/7/3 7922/7/3
f 7928/7/3 7924/7/3 7923/7/3
f 7928/7/3 7925/7/3 7924/7/3
f 7929/7/3 7925/7/3 7928/7/3
f 7930/7/3 7925/7/3 7929/7/3
f 7932/6/3 7927/6/3 7926/6/3
f 7934/7/3 7931/7/3 7930/7/3
f 7934/7/3 7930/7/3 7929/7/3
f 7935/7/3 7931/7/3 7934/7/3
f 7936/6/3 7933/6/3 7932/6/3
f 7936/6/3 7932/6/3 7926/6/3
f 7937/6/3 7933/6/3 7936/6/3
f 7938/6/3 7933/6/3 7937/6/3
f 7941/10/3 7940/10/3 7939/10/3
f 7941/6/3 7939/6/3 7938/6/3
f 7941/6/3 7938/6/3 7937/6/3
f 7942/10/3 7940/10/3 7941/10/3
f 7943/10/3 7940/10/3 7942/10/3
f 7945/6/3 7941/6/3 7937/6/3
f 7946/6/3 7941/6/3 7945/6/3
f 7947/10/3 7944/10/3 7943/10/3
f 7947/10/3 7943/10/3 7942/10/3
f 7948/10/3 7944/10/3 7947/10/3
f 7949/6/3 7945/6/3 7937/6/3
f 7950/6/3 7945/6/3 7949/6/3
f 7951/10/3 7944/10/3 7948/10/3
f 7952/10/3 7944/10/3 7951/10/3
f 7955/6/3 7954/6/3 7953/6/3
f 7959/6/3 7955/6/3 7953/6/3
f 7960/10/3 7956/10/3 7955/10/3
f 7960/6/3 7955/6/3 7959/6/3
f 7961/10/3 7956/10/3 7960/10/3
f 7962/10/3 7958/10/3 7957/10/3
f 7967/10/3 7961/10/3 7960/10/3
f 7967/10/3 7962/10/3 7961/10/3
f 7968/10/3 7962/10/3 7967/10/3
f 7969/6/3 7964/6/3 7963/6/3
f 7970/6/3 7964/6/3 7969/6/3
f 7973/6/3 7966/6/3 7965/6/3
f 7974/6/3 7966/6/3 7973/6/3
f 7975/10/3 7962/10/3 7968/10/3
f 7976/10/3 7958/10/3 7962/10/3
f 7976/10/3 7962/10/3 7975/10/3
f 7977/6/3 7972/6/3 7971/6/3
f 7978/6/3 7972/6/3 7977/6/3
f 7981/1/3 7980/1/3 7979/1/3
f 7982/1/3 7980/1/3 7981/1/3
f 7991/6/3 7984/6/3 7983/6/3
f 7992/6/3 7984/6/3 7991/6/3
f 7993/7/3 7986/7/3 7985/7/3
f 7994/7/3 7986/7/3 7993/7/3
f 7995/7/3 7988/7/3 7987/7/3
f 7996/7/3 7988/7/3 7995/7/3
f 8000/6/3 7990/6/3 7989/6/3
f 8001/6/3 7990/6/3 8000/6/3
f 8004/6/3 7998/6/3 7997/6/3
f 8005/6/3 7998/6/3 8004/6/3
f 8006/6/3 8000/6/3 7999/6/3
f 8007/6/3 8000/6/3 8006/6/3
f 8008/6/3 8003/6/3 8002/6/3
f 8009/6/3 8003/6/3 8008/6/3
f 8014/6/3 8011/6/3 8010/6/3
f 8015/6/3 8011/6/3 8014/6/3
f 8016/10/3 8013/10/3 8012/10/3
f 8017/10/3 8013/10/3 8016/10/3
f 8020/6/3 8019/6/3 8018/6/3
f 8021/6/3 8019/6/3 8020/6/3
f 8023/6/3 8022/6/3 8021/6/3
f 8024/6/3 8022/6/3 8023/6/3
f 8027/6/3 8026/6/3 8025/6/3
f 8028/6/3 8026/6/3 8027/6/3
f 8031/6/3 8030/6/3 8029/6/3
f 8032/6/3 8030/6/3 8031/6/3
f 8036/10/3 8034/10/3 8033/10/3
f 8037/10/3 8034/10/3 8036/10/3
f 8040/6/3 8036/6/3 8035/6/3
f 8041/10/3 8037/10/3 8036/10/3
f 8041/10/3 8038/10/3 8037/10/3
f 8043/6/3 8040/6/3 8039/6/3
f 8043/6/3 8036/6/3 8040/6/3
f 8044/10/3 8042/10/3 8041/10/3
f 8044/6/3 8036/6/3 8043/6/3
f 8044/10/3 8041/10/3 8036/10/3
f 8045/10/3 8042/10/3 8044/10/3
f 8046/10/3 8042/10/3 8045/10/3
f 8047/10/3 8042/10/3 8046/10/3
f 8048/10/3 8042/10/3 8047/10/3
f 8052/6/3 8043/6/3 8039/6/3
f 8053/10/3 8047/10/3 8046/10/3
f 8054/10/3 8047/10/3 8053/10/3
f 8055/6/3 8050/6/3 8049/6/3
f 8056/6/3 8050/6/3 8055/6/3
f 8057/6/3 8050/6/3 8056/6/3
f 8058/6/3 8052/6/3 8051/6/3
f 8059/6/3 8043/6/3 8052/6/3
f 8059/6/3 8052/6/3 8058/6/3
f 8060/6/3 8043/6/3 8059/6/3
f 8061/6/3 8057/6/3 8056/6/3
f 8061/6/3 8058/6/3 8057/6/3
f 8061/6/3 8059/6/3 8058/6/3
f 8062/6/3 8059/6/3 8061/6/3
f 8067/1/3 8064/1/3 8063/1/3
f 8068/1/3 8064/1/3 8067/1/3
f 8074/1/3 8066/1/3 8065/1/3
f 8075/1/3 8066/1/3 8074/1/3
f 8076/1/3 8070/1/3 8069/1/3
f 8077/1/3 8070/1/3 8076/1/3
f 8080/10/3 8072/10/3 8071/10/3
f 8081/1/3 8073/1/3 8072/1/3
f 8081/10/3 8072/10/3 8080/10/3
f 8082/1/3 8073/1/3 8081/1/3
f 8083/10/3 8079/10/3 8078/10/3
f 8084/10/3 8079/10/3 8083/10/3
f 8093/7/3 8086/7/3 8085/7/3
f 8094/7/3 8086/7/3 8093/7/3
f 8097/6/3 8088/6/3 8087/6/3
f 8098/6/3 8088/6/3 8097/6/3
f 8099/6/3 8090/6/3 8089/6/3
f 8100/6/3 8090/6/3 8099/6/3
f 8101/6/3 8092/6/3 8091/6/3
f 8102/6/3 8092/6/3 8101/6/3
f 8103/6/3 8096/6/3 8095/6/3
f 8104/6/3 8096/6/3 8103/6/3
f 8111/6/3 8106/6/3 8105/6/3
f 8112/6/3 8106/6/3 8111/6/3
f 8113/6/3 8108/6/3 8107/6/3
f 8114/6/3 8108/6/3 8113/6/3
f 8115/6/3 8110/6/3 8109/6/3
f 8116/6/3 8110/6/3 8115/6/3
f 8121/6/3 8118/6/3 8117/6/3
f 8122/6/3 8118/6/3 8121/6/3
f 8125/6/3 8120/6/3 8119/6/3
f 8126/6/3 8120/6/3 8125/6/3
f 8128/10/3 8124/10/3 8123/10/3
f 8129/10/3 8124/10/3 8128/10/3
f 8132/6/3 8128/6/3 8127/6/3
f 8133/6/3 8128/6/3 8132/6/3
f 8136/10/3 8131/10/3 8130/10/3
f 8137/10/3 8131/10/3 8136/10/3
f 8138/6/3 8135/6/3 8134/6/3
f 8139/6/3 8135/6/3 8138/6/3
f 8142/6/3 8141/6/3 8140/6/3
f 8143/6/3 8141/6/3 8142/6/3
f 8146/6/3 8145/6/3 8144/6/3
f 8147/6/3 8145/6/3 8146/6/3
f 8150/7/3 8149/7/3 8148/7/3
f 8151/7/3 8149/7/3 8150/7/3
f 8155/6/3 8153/6/3 8152/6/3
f 8157/6/3 8155/6/3 8154/6/3
f 8158/6/3 8153/6/3 8155/6/3
f 8158/6/3 8155/6/3 8157/6/3
f 8159/6/3 8153/6/3 8158/6/3
f 8160/6/3 8157/6/3 8156/6/3
f 8160/6/3 8158/6/3 8157/6/3
f 8161/6/3 8158/6/3 8160/6/3
f 8170/6/3 8163/6/3 8162/6/3
f 8171/6/3 8163/6/3 8170/6/3
f 8174/6/3 8165/6/3 8164/6/3
f 8175/6/3 8165/6/3 8174/6/3
f 8176/6/3 8167/6/3 8166/6/3
f 8177/6/3 8167/6/3 8176/6/3
f 8180/6/3 8169/6/3 8168/6/3
f 8181/6/3 8169/6/3 8180/6/3
f 8182/6/3 8173/6/3 8172/6/3
f 8183/6/3 8173/6/3 8182/6/3
f 8186/6/3 8179/6/3 8178/6/3
f 8187/6/3 8179/6/3 8186/6/3
f 8194/6/3 8185/6/3 8184/6/3
f 8195/6/3 8185/6/3 8194/6/3
f 8196/6/3 8189/6/3 8188/6/3
f 8197/6/3 8189/6/3 8196/6/3
f 8198/6/3 8193/6/3 8192/6/3
f 8199/6/3 8193/6/3 8198/6/3
f 8206/10/3 8201/10/3 8200/10/3
f 8207/10/3 8201/10/3 8206/10/3
f 8208/10/3 8203/10/3 8202/10/3
f 8209/10/3 8203/10/3 8208/10/3
f 8210/6/3 8191/6/3 8190/6/3
f 8211/6/3 8191/6/3 8210/6/3
f 8212/6/3 8205/6/3 8204/6/3
f 8213/6/3 8205/6/3 8212/6/3
f 8216/6/3 8215/6/3 8214/6/3
f 8217/6/3 8215/6/3 8216/6/3
f 8222/6/3 8219/6/3 8218/6/3
f 8223/6/3 8219/6/3 8222/6/3
f 8225/6/3 8221/6/3 8220/6/3
f 8226/6/3 8221/6/3 8225/6/3
f 8227/6/3 8224/6/3 8223/6/3
f 8228/6/3 8224/6/3 8227/6/3
f 8231/6/3 8230/6/3 8229/6/3
f 8232/6/3 8230/6/3 8231/6/3
f 8235/6/3 8234/6/3 8233/6/3
f 8236/6/3 8234/6/3 8235/6/3
f 8243/6/3 8238/6/3 8237/6/3
f 8244/6/3 8238/6/3 8243/6/3
f 8248/6/3 8240/6/3 8239/6/3
f 8249/6/3 8240/6/3 8248/6/3
f 8250/6/3 8240/6/3 8249/6/3
f 8251/6/3 8240/6/3 8250/6/3
f 8253/6/3 8242/6/3 8241/6/3
f 8254/6/3 8242/6/3 8253/6/3
f 8255/6/3 8246/6/3 8245/6/3
f 8256/6/3 8246/6/3 8255/6/3
f 8258/6/3 8248/6/3 8247/6/3
f 8258/6/3 8249/6/3 8248/6/3
f 8259/6/3 8249/6/3 8258/6/3
f 8260/6/3 8252/6/3 8251/6/3
f 8260/6/3 8251/6/3 8250/6/3
f 8261/6/3 8252/6/3 8260/6/3
f 8264/6/3 8257/6/3 8256/6/3
f 8265/6/3 8257/6/3 8264/6/3
f 8266/6/3 8257/6/3 8265/6/3
f 8268/6/3 8252/6/3 8261/6/3
f 8270/6/3 8263/6/3 8262/6/3
f 8271/6/3 8263/6/3 8270/6/3
f 8272/6/3 8267/6/3 8266/6/3
f 8272/6/3 8266/6/3 8265/6/3
f 8273/6/3 8267/6/3 8272/6/3
f 8274/6/3 8268/6/3 8261/6/3
f 8275/10/3 8269/10/3 8268/10/3
f 8275/6/3 8268/6/3 8274/6/3
f 8276/10/3 8269/10/3 8275/10/3
f 8281/6/3 8258/6/3 8247/6/3
f 8282/6/3 8258/6/3 8281/6/3
f 8284/6/3 8278/6/3 8277/6/3
f 8285/6/3 8278/6/3 8284/6/3
f 8286/6/3 8280/6/3 8279/6/3
f 8287/6/3 8280/6/3 8286/6/3
f 8288/10/3 8283/10/3 8282/10/3
f 8288/10/3 8282/10/3 8281/10/3
f 8289/10/3 8283/10/3 8288/10/3
f 8290/10/3 8283/10/3 8289/10/3
f 8292/6/3 8267/6/3 8273/6/3
f 8293/6/3 8267/6/3 8292/6/3
f 8295/6/3 8291/6/3 8290/6/3
f 8295/6/3 8290/6/3 8289/6/3
f 8296/6/3 8291/6/3 8295/6/3
f 8297/6/3 8294/6/3 8293/6/3
f 8298/6/3 8294/6/3 8297/6/3
f 8299/6/3 8291/6/3 8296/6/3
f 8300/6/3 8291/6/3 8299/6/3
f 8303/6/3 8302/6/3 8301/6/3
f 8304/6/3 8302/6/3 8303/6/3
f 8307/6/3 8306/6/3 8305/6/3
f 8308/6/3 8306/6/3 8307/6/3
f 8313/3/3 8310/3/3 8309/3/3
f 8314/3/3 8310/3/3 8313/3/3
f 8317/6/3 8316/6/3 8315/6/3
f 8318/6/3 8316/6/3 8317/6/3
f 8320/6/3 8319/6/3 8318/6/3
f 8321/6/3 8319/6/3 8320/6/3
f 8322/6/3 8312/6/3 8311/6/3
f 8323/6/3 8312/6/3 8322/6/3
f 8324/3/3 8313/3/3 8309/3/3
f 8325/3/3 8313/3/3 8324/3/3
f 8328/6/3 8327/6/3 8326/6/3
f 8329/6/3 8327/6/3 8328/6/3
f 8331/6/3 8330/6/3 8329/6/3
f 8332/6/3 8330/6/3 8331/6/3
f 8335/6/3 8334/6/3 8333/6/3
f 8336/6/3 8334/6/3 8335/6/3
f 8339/6/3 8338/6/3 8337/6/3
f 8340/6/3 8338/6/3 8339/6/3
f 8346/6/3 8342/6/3 8341/6/3
f 8347/6/3 8342/6/3 8346/6/3
f 8350/6/3 8344/6/3 8343/6/3
f 8351/6/3 8344/6/3 8350/6/3
f 8353/6/3 8346/6/3 8345/6/3
f 8354/6/3 8346/6/3 8353/6/3
f 8355/6/3 8348/6/3 8347/6/3
f 8356/6/3 8348/6/3 8355/6/3
f 8358/6/3 8357/6/3 8356/6/3
f 8359/6/3 8357/6/3 8358/6/3
f 8361/6/3 8352/6/3 8351/6/3
f 8361/6/3 8350/6/3 8349/6/3
f 8361/6/3 8351/6/3 8350/6/3
f 8366/6/3 8361/6/3 8349/6/3
f 8366/6/3 8362/6/3 8361/6/3
f 8366/6/3 8363/6/3 8362/6/3
f 8367/6/3 8363/6/3 8366/6/3
f 8368/6/3 8363/6/3 8367/6/3
f 8369/6/3 8363/6/3 8368/6/3
f 8371/6/3 8365/6/3 8364/6/3
f 8372/6/3 8365/6/3 8371/6/3
f 8373/6/3 8360/6/3 8359/6/3
f 8374/6/3 8360/6/3 8373/6/3
f 8375/10/3 8368/10/3 8367/10/3
f 8376/10/3 8368/10/3 8375/10/3
f 8377/10/3 8368/10/3 8376/10/3
f 8378/10/3 8368/10/3 8377/10/3
f 8379/10/3 8371/10/3 8370/10/3
f 8380/10/3 8371/10/3 8379/10/3
f 8381/6/3 8377/6/3 8376/6/3
f 8383/6/3 8381/6/3 8376/6/3
f 8383/6/3 8382/6/3 8381/6/3
f 8384/6/3 8382/6/3 8383/6/3
f 8385/6/3 8382/6/3 8384/6/3
f 8388/6/3 8387/6/3 8386/6/3
f 8389/6/3 8387/6/3 8388/6/3
f 8392/6/3 8391/6/3 8390/6/3
f 8393/6/3 8391/6/3 8392/6/3
f 8398/3/3 8397/3/3 8396/3/3
f 8399/3/3 8397/3/3 8398/3/3
f 8400/6/3 8395/6/3 8394/6/3
f 8401/6/3 8395/6/3 8400/6/3
f 8406/6/3 8405/6/3 8404/6/3
f 8407/6/3 8405/6/3 8406/6/3
f 8408/6/3 8403/6/3 8402/6/3
f 8410/6/3 8408/6/3 8402/6/3
f 8410/6/3 8409/6/3 8408/6/3
f 8411/6/3 8409/6/3 8410/6/3
f 8412/6/3 8409/6/3 8411/6/3
f 8414/6/3 8413/6/3 8412/6/3
f 8414/6/3 8412/6/3 8411/6/3
f 8415/6/3 8413/6/3 8414/6/3
f 8416/6/3 8413/6/3 8415/6/3
f 8418/6/3 8417/6/3 8416/6/3
f 8418/6/3 8416/6/3 8415/6/3
f 8419/6/3 8417/6/3 8418/6/3
f 8422/6/3 8421/6/3 8420/6/3
f 8423/6/3 8421/6/3 8422/6/3
f 8426/6/3 8425/6/3 8424/6/3
f 8427/6/3 8425/6/3 8426/6/3
f 8432/7/3 8429/7/3 8428/7/3
f 8433/7/3 8429/7/3 8432/7/3
f 8434/6/3 8431/6/3 8430/6/3
f 8435/6/3 8431/6/3 8434/6/3
f 8438/6/3 8437/6/3 8436/6/3
f 8439/6/3 8437/6/3 8438/6/3
f 8442/6/3 8441/6/3 8440/6/3
f 8443/6/3 8441/6/3 8442/6/3
f 8446/6/3 8445/6/3 8444/6/3
f 8447/6/3 8445/6/3 8446/6/3
f 8449/6/3 8448/6/3 8447/6/3
f 8450/6/3 8448/6/3 8449/6/3
f 8452/6/3 8451/6/3 8450/6/3
f 8453/6/3 8451/6/3 8452/6/3
f 8457/10/3 8455/10/3 8454/10/3
f 8458/10/3 8455/10/3 8457/10/3
f 8459/10/3 8455/10/3 8458/10/3
f 8462/6/3 8457/6/3 8456/6/3
f 8463/10/3 8458/10/3 8457/10/3
f 8463/6/3 8457/6/3 8462/6/3
f 8464/10/3 8458/10/3 8463/10/3
f 8465/10/3 8458/10/3 8464/10/3
f 8466/10/3 8461/10/3 8460/10/3
f 8466/10/3 8460/10/3 8459/10/3
f 8467/10/3 8461/10/3 8466/10/3
f 8468/10/3 8461/10/3 8467/10/3
f 8469/10/3 8461/10/3 8468/10/3
f 8470/10/3 8464/10/3 8463/10/3
f 8470/10/3 8463/10/3 8462/10/3
f 8471/10/3 8464/10/3 8470/10/3
f 8472/10/3 8464/10/3 8471/10/3
f 8475/10/3 8468/10/3 8467/10/3
f 8477/10/3 8474/10/3 8473/10/3
f 8478/10/3 8474/10/3 8477/10/3
f 8479/10/3 8476/10/3 8475/10/3
f 8481/10/3 8479/10/3 8475/10/3
f 8481/10/3 8480/10/3 8479/10/3
f 8481/10/3 8475/10/3 8467/10/3
f 8482/10/3 8480/10/3 8481/10/3
f 8487/6/3 8484/6/3 8483/6/3
f 8488/6/3 8484/6/3 8487/6/3
f 8489/6/3 8486/6/3 8485/6/3
f 8490/6/3 8486/6/3 8489/6/3
f 8495/3/3 8492/3/3 8491/3/3
f 8496/3/3 8492/3/3 8495/3/3
f 8497/10/3 8494/10/3 8493/10/3
f 8498/10/3 8494/10/3 8497/10/3
f 8500/6/3 8498/6/3 8497/6/3
f 8500/6/3 8499/6/3 8498/6/3
f 8501/6/3 8499/6/3 8500/6/3
f 8502/6/3 8499/6/3 8501/6/3
f 8504/6/3 8503/6/3 8502/6/3
f 8504/6/3 8502/6/3 8501/6/3
f 8505/6/3 8503/6/3 8504/6/3
f 8506/6/3 8503/6/3 8505/6/3
f 8508/6/3 8507/6/3 8506/6/3
f 8508/6/3 8506/6/3 8505/6/3
f 8509/6/3 8507/6/3 8508/6/3
f 8510/6/3 8507/6/3 8509/6/3
f 8513/6/3 8512/6/3 8511/6/3
f 8514/6/3 8512/6/3 8513/6/3
f 8517/6/3 8516/6/3 8515/6/3
f 8518/6/3 8516/6/3 8517/6/3
f 8521/3/3 8520/3/3 8519/3/3
f 8522/3/3 8520/3/3 8521/3/3
f 8525/10/3 8524/10/3 8523/10/3
f 8526/10/3 8524/10/3 8525/10/3
f 8529/7/3 8528/7/3 8527/7/3
f 8530/7/3 8528/7/3 8529/7/3
f 8533/6/3 8532/6/3 8531/6/3
f 8534/6/3 8532/6/3 8533/6/3
f 8539/6/3 8536/6/3 8535/6/3
f 8540/6/3 8536/6/3 8539/6/3
f 8541/6/3 8538/6/3 8537/6/3
f 8542/6/3 8538/6/3 8541/6/3
f 8547/6/3 8544/6/3 8543/6/3
f 8548/6/3 8544/6/3 8547/6/3
f 8549/6/3 8546/6/3 8545/6/3
f 8550/6/3 8546/6/3 8549/6/3
f 8553/6/3 8552/6/3 8551/6/3
f 8554/6/3 8552/6/3 8553/6/3
f 8558/6/3 8556/6/3 8555/6/3
f 8559/6/3 8556/6/3 8558/6/3
f 8560/6/3 8556/6/3 8559/6/3
f 8561/6/3 8556/6/3 8560/6/3
f 8567/6/3 8558/6/3 8557/6/3
f 8567/6/3 8559/6/3 8558/6/3
f 8568/6/3 8559/6/3 8567/6/3
f 8569/6/3 8562/6/3 8561/6/3
f 8569/6/3 8561/6/3 8560/6/3
f 8570/6/3 8562/6/3 8569/6/3
f 8571/6/3 8567/6/3 8566/6/3
f 8572/6/3 8567/6/3 8571/6/3
f 8573/6/3 8562/6/3 8570/6/3
f 8574/6/3 8562/6/3 8573/6/3
f 8575/6/3 8564/6/3 8563/6/3
f 8575/6/3 8565/6/3 8564/6/3
f 8576/6/3 8565/6/3 8575/6/3
f 8577/6/3 8565/6/3 8576/6/3
f 8581/10/3 8574/10/3 8573/10/3
f 8582/10/3 8574/10/3 8581/10/3
f 8583/10/3 8578/10/3 8577/10/3
f 8583/10/3 8577/10/3 8576/10/3
f 8584/10/3 8578/10/3 8583/10/3
f 8585/10/3 8578/10/3 8584/10/3
f 8589/6/3 8585/6/3 8584/6/3
f 8590/6/3 8587/6/3 8586/6/3
f 8591/6/3 8587/6/3 8590/6/3
f 8592/6/3 8589/6/3 8588/6/3
f 8593/6/3 8585/6/3 8589/6/3
f 8593/6/3 8589/6/3 8592/6/3
f 8594/6/3 8580/6/3 8579/6/3
f 8595/6/3 8580/6/3 8594/6/3
f 8598/6/3 8597/6/3 8596/6/3
f 8599/6/3 8597/6/3 8598/6/3
f 8605/6/3 8600/6/3 8599/6/3
f 8606/6/3 8600/6/3 8605/6/3
f 8608/3/3 8602/3/3 8601/3/3
f 8609/3/3 8602/3/3 8608/3/3
f 8610/3/3 8604/3/3 8603/3/3
f 8611/3/3 8604/3/3 8610/3/3
f 8612/6/3 8607/6/3 8606/6/3
f 8613/6/3 8607/6/3 8612/6/3
f 8618/6/3 8615/6/3 8614/6/3
f 8619/6/3 8615/6/3 8618/6/3
f 8621/3/3 8617/3/3 8616/3/3
f 8622/3/3 8617/3/3 8621/3/3
f 8625/6/3 8620/6/3 8619/6/3
f 8626/6/3 8620/6/3 8625/6/3
f 8628/6/3 8624/6/3 8623/6/3
f 8629/6/3 8624/6/3 8628/6/3
f 8630/6/3 8627/6/3 8626/6/3
f 8631/6/3 8627/6/3 8630/6/3
f 8634/6/3 8633/6/3 8632/6/3
f 8635/6/3 8633/6/3 8634/6/3
f 8638/6/3 8637/6/3 8636/6/3
f 8639/6/3 8637/6/3 8638/6/3
f 8645/6/3 8640/6/3 8639/6/3
f 8646/6/3 8640/6/3 8645/6/3
f 8649/6/3 8642/6/3 8641/6/3
f 8650/6/3 8642/6/3 8649/6/3
f 8651/6/3 8644/6/3 8643/6/3
f 8652/6/3 8644/6/3 8651/6/3
f 8653/6/3 8648/6/3 8647/6/3
f 8654/6/3 8648/6/3 8653/6/3
f 8661/6/3 8656/6/3 8655/6/3
f 8662/6/3 8656/6/3 8661/6/3
f 8664/3/3 8658/3/3 8657/3/3
f 8665/3/3 8658/3/3 8664/3/3
f 8666/6/3 8660/6/3 8659/6/3
f 8667/6/3 8660/6/3 8666/6/3
f 8668/3/3 8664/3/3 8663/3/3
f 8669/3/3 8664/3/3 8668/3/3
f 8671/10/3 8670/10/3 8669/10/3
f 8672/10/3 8670/10/3 8671/10/3
f 8675/6/3 8674/6/3 8673/6/3
f 8676/6/3 8674/6/3 8675/6/3
f 8679/6/3 8678/6/3 8677/6/3
f 8680/6/3 8678/6/3 8679/6/3
f 8685/6/3 8682/6/3 8681/6/3
f 8686/6/3 8682/6/3 8685/6/3
f 8687/6/3 8684/6/3 8683/6/3
f 8688/6/3 8684/6/3 8687/6/3
f 8689/6/3 8684/6/3 8688/6/3
f 8693/6/3 8689/6/3 8688/6/3
f 8693/6/3 8690/6/3 8689/6/3
f 8694/6/3 8690/6/3 8693/6/3
f 8697/6/3 8692/6/3 8691/6/3
f 8698/6/3 8692/6/3 8697/6/3
f 8699/6/3 8696/6/3 8695/6/3
f 8700/6/3 8696/6/3 8699/6/3
f 8704/6/3 8702/6/3 8701/6/3
f 8705/6/3 8702/6/3 8704/6/3
f 8708/6/3 8704/6/3 8703/6/3
f 8708/6/3 8706/6/3 8705/6/3
f 8708/6/3 8705/6/3 8704/6/3
f 8709/6/3 8706/6/3 8708/6/3
f 8710/6/3 8706/6/3 8709/6/3
f 8711/6/3 8706/6/3 8710/6/3
f 8712/6/3 8708/6/3 8707/6/3
f 8712/6/3 8709/6/3 8708/6/3
f 8713/6/3 8709/6/3 8712/6/3
f 8714/10/3 8711/10/3 8710/10/3
f 8715/10/3 8711/10/3 8714/10/3
f 8716/10/3 8711/10/3 8715/10/3
f 8718/6/3 8716/6/3 8715/6/3
f 8718/6/3 8717/6/3 8716/6/3
f 8719/6/3 8717/6/3 8718/6/3
f 8722/6/3 8717/6/3 8719/6/3
f 8724/6/3 8721/6/3 8720/6/3
f 8725/6/3 8721/6/3 8724/6/3
f 8726/6/3 8723/6/3 8722/6/3
f 8726/6/3 8722/6/3 8719/6/3
f 8727/6/3 8723/6/3 8726/6/3
f 8728/6/3 8712/6/3 8707/6/3
f 8730/6/3 8723/6/3 8727/6/3
f 8731/6/3 8723/6/3 8730/6/3
f 8732/6/3 8729/6/3 8728/6/3
f 8732/6/3 8728/6/3 8707/6/3
f 8733/6/3 8729/6/3 8732/6/3
f 8734/6/3 8729/6/3 8733/6/3
f 8738/6/3 8735/6/3 8734/6/3
f 8738/6/3 8734/6/3 8733/6/3
f 8739/6/3 8735/6/3 8738/6/3
f 8740/6/3 8735/6/3 8739/6/3
f 8742/6/3 8723/6/3 8731/6/3
f 8743/6/3 8723/6/3 8742/6/3
f 8746/6/3 8737/6/3 8736/6/3
f 8747/6/3 8737/6/3 8746/6/3
f 8748/6/3 8741/6/3 8740/6/3
f 8748/6/3 8740/6/3 8739/6/3
f 8749/6/3 8741/6/3 8748/6/3
f 8750/6/3 8741/6/3 8749/6/3
f 8754/3/3 8745/3/3 8744/3/3
f 8755/3/3 8745/3/3 8754/3/3
f 8756/6/3 8750/6/3 8749/6/3
f 8756/6/3 8751/6/3 8750/6/3
f 8757/6/3 8751/6/3 8756/6/3
f 8758/6/3 8751/6/3 8757/6/3
f 8762/6/3 8758/6/3 8757/6/3
f 8762/6/3 8759/6/3 8758/6/3
f 8763/6/3 8759/6/3 8762/6/3
f 8764/6/3 8759/6/3 8763/6/3
f 8766/3/3 8753/3/3 8752/3/3
f 8767/3/3 8753/3/3 8766/3/3
f 8768/6/3 8761/6/3 8760/6/3
f 8769/6/3 8761/6/3 8768/6/3
f 8770/6/3 8765/6/3 8764/6/3
f 8770/6/3 8764/6/3 8763/6/3
f 8771/6/3 8765/6/3 8770/6/3
f 8772/6/3 8765/6/3 8771/6/3
f 8775/6/3 8774/6/3 8773/6/3
f 8776/6/3 8774/6/3 8775/6/3
f 8777/6/3 8772/6/3 8771/6/3
f 8779/6/3 8777/6/3 8771/6/3
f 8779/6/3 8778/6/3 8777/6/3
f 8780/6/3 8778/6/3 8779/6/3
f 8781/6/3 8778/6/3 8780/6/3
f 8783/6/3 8782/6/3 8781/6/3
f 8783/6/3 8781/6/3 8780/6/3
f 8784/6/3 8782/6/3 8783/6/3
f 8785/6/3 8782/6/3 8784/6/3
f 8789/6/3 8786/6/3 8785/6/3
f 8789/6/3 8785/6/3 8784/6/3
f 8790/6/3 8786/6/3 8789/6/3
f 8793/6/3 8788/6/3 8787/6/3
f 8794/6/3 8788/6/3 8793/6/3
f 8802/6/3 8792/6/3 8791/6/3
f 8803/6/3 8792/6/3 8802/6/3
f 8804/6/3 8796/6/3 8795/6/3
f 8805/6/3 8796/6/3 8804/6/3
f 8806/6/3 8798/6/3 8797/6/3
f 8807/6/3 8798/6/3 8806/6/3
f 8808/3/3 8800/3/3 8799/3/3
f 8809/3/3 8800/3/3 8808/3/3
f 8810/6/3 8802/6/3 8801/6/3
f 8811/6/3 8802/6/3 8810/6/3
f 8816/6/3 8813/6/3 8812/6/3
f 8817/6/3 8813/6/3 8816/6/3
f 8818/6/3 8815/6/3 8814/6/3
f 8819/6/3 8815/6/3 8818/6/3
f 8822/6/3 8821/6/3 8820/6/3
f 8823/6/3 8821/6/3 8822/6/3
f 8826/6/3 8825/6/3 8824/6/3
f 8827/6/3 8825/6/3 8826/6/3
f 8833/6/3 8829/6/3 8828/6/3
f 8834/6/3 8831/6/3 8830/6/3
f 8835/6/3 8831/6/3 8834/6/3
f 8836/6/3 8833/6/3 8832/6/3
f 8837/6/3 8829/6/3 8833/6/3
f 8837/6/3 8833/6/3 8836/6/3
f 8838/6/3 8829/6/3 8837/6/3
f 8839/6/3 8835/6/3 8834/6/3
f 8839/6/3 8836/6/3 8835/6/3
f 8839/6/3 8837/6/3 8836/6/3
f 8840/6/3 8837/6/3 8839/6/3
f 8843/6/3 8842/6/3 8841/6/3
f 8844/6/3 8842/6/3 8843/6/3
f 8847/6/3 8846/6/3 8845/6/3
f 8848/6/3 8846/6/3 8847/6/3
f 8854/10/3 8850/10/3 8849/10/3
f 8855/10/3 8850/10/3 8854/10/3
f 8859/6/3 8852/6/3 8851/6/3
f 8860/6/3 8852/6/3 8859/6/3
f 8861/10/3 8854/10/3 8853/10/3
f 8861/10/3 8855/10/3 8854/10/3
f 8861/10/3 8856/10/3 8855/10/3
f 8863/10/3 8858/10/3 8857/10/3
f 8864/10/3 8858/10/3 8863/10/3
f 8867/10/3 8862/10/3 8861/10/3
f 8869/10/3 8861/10/3 8853/10/3
f 8869/10/3 8868/10/3 8867/10/3
f 8869/10/3 8867/10/3 8861/10/3
f 8870/10/3 8868/10/3 8869/10/3
f 8871/10/3 8868/10/3 8870/10/3
f 8875/10/3 8871/10/3 8870/10/3
f 8875/10/3 8872/10/3 8871/10/3
f 8876/10/3 8872/10/3 8875/10/3
f 8877/10/3 8874/10/3 8873/10/3
f 8878/10/3 8874/10/3 8877/10/3
f 8879/6/3 8866/6/3 8865/6/3
f 8880/6/3 8866/6/3 8879/6/3
f 8881/10/3 8872/10/3 8876/10/3
f 8882/10/3 8872/10/3 8881/10/3
f 8883/10/3 8872/10/3 8882/10/3
f 8884/10/3 8872/10/3 8883/10/3
f 8889/10/3 8883/10/3 8882/10/3
f 8890/10/3 8883/10/3 8889/10/3
f 8893/3/3 8886/3/3 8885/3/3
f 8894/3/3 8886/3/3 8893/3/3
f 8895/6/3 8888/6/3 8887/6/3
f 8896/6/3 8888/6/3 8895/6/3
f 8897/10/3 8883/10/3 8890/10/3
f 8898/10/3 8883/10/3 8897/10/3
f 8900/3/3 8892/3/3 8891/3/3
f 8901/3/3 8892/3/3 8900/3/3
f 8905/3/3 8900/3/3 8899/3/3
f 8906/3/3 8900/3/3 8905/3/3
f 8907/6/3 8903/6/3 8902/6/3
f 8908/6/3 8903/6/3 8907/6/3
f 8911/10/3 8905/10/3 8904/10/3
f 8913/6/3 8910/6/3 8909/6/3
f 8914/6/3 8910/6/3 8913/6/3
f 8915/10/3 8912/10/3 8911/10/3
f 8917/10/3 8911/10/3 8904/10/3
f 8917/10/3 8916/10/3 8915/10/3
f 8917/10/3 8915/10/3 8911/10/3
f 8918/10/3 8916/10/3 8917/10/3
f 8919/10/3 8916/10/3 8918/10/3
f 8920/10/3 8916/10/3 8919/10/3
f 8921/10/3 8919/10/3 8918/10/3
f 8922/10/3 8919/10/3 8921/10/3
f 8923/10/3 8919/10/3 8922/10/3
f 8924/10/3 8919/10/3 8923/10/3
f 8925/10/3 8919/10/3 8924/10/3
f 8926/10/3 8919/10/3 8925/10/3
f 8927/6/3 8926/6/3 8925/6/3
f 8928/6/3 8926/6/3 8927/6/3
f 8932/6/3 8929/6/3 8928/6/3
f 8933/6/3 8929/6/3 8932/6/3
f 8934/6/3 8931/6/3 8930/6/3
f 8935/6/3 8931/6/3 8934/6/3
f 8940/6/3 8937/6/3 8936/6/3
f 8941/6/3 8937/6/3 8940/6/3
f 8944/10/3 8943/10/3 8942/10/3
f 8945/10/3 8943/10/3 8944/10/3
f 8946/6/3 8939/6/3 8938/6/3
f 8947/6/3 8939/6/3 8946/6/3
f 8952/7/3 8949/7/3 8948/7/3
f 8953/7/3 8949/7/3 8952/7/3
f 8955/6/3 8951/6/3 8950/6/3
f 8957/6/3 8955/6/3 8954/6/3
f 8958/6/3 8951/6/3 8955/6/3
f 8958/6/3 8955/6/3 8957/6/3
f 8959/6/3 8951/6/3 8958/6/3
f 8961/6/3 8957/6/3 8956/6/3
f 8961/6/3 8958/6/3 8957/6/3
f 8962/6/3 8958/6/3 8961/6/3
f 8963/6/3 8958/6/3 8962/6/3
f 8964/6/3 8961/6/3 8960/6/3
f 8964/6/3 8962/6/3 8961/6/3
f 8965/6/3 8962/6/3 8964/6/3
f 8970/6/3 8967/6/3 8966/6/3
f 8971/6/3 8967/6/3 8970/6/3
f 8972/6/3 8969/6/3 8968/6/3
f 8973/6/3 8969/6/3 8972/6/3
f 8976/6/3 8975/6/3 8974/6/3
f 8977/6/3 8975/6/3 8976/6/3
f 8980/6/3 8979/6/3 8978/6/3
f 8981/6/3 8979/6/3 8980/6/3
f 8984/6/3 8983/6/3 8982/6/3
f 8985/6/3 8983/6/3 8984/6/3
f 8990/6/3 8989/6/3 8988/6/3
f 8991/6/3 8989/6/3 8990/6/3
f 8992/10/3 8991/10/3 8990/10/3
f 8993/10/3 8991/10/3 8992/10/3
f 8996/6/3 8987/6/3 8986/6/3
f 8997/6/3 8987/6/3 8996/6/3
f 8999/10/3 8995/10/3 8994/10/3
f 9000/10/3 8995/10/3 8999/10/3
f 9001/6/3 8998/6/3 8997/6/3
f 9002/6/3 8998/6/3 9001/6/3
f 9005/6/3 9004/6/3 9003/6/3
f 9006/6/3 9004/6/3 9005/6/3
f 9012/10/3 9008/10/3 9007/10/3
f 9013/6/3 9010/6/3 9009/6/3
f 9015/10/3 9012/10/3 9011/10/3
f 9015/10/3 9008/10/3 9012/10/3
f 9017/6/3 9014/6/3 9013/6/3
f 9017/6/3 9013/6/3 9009/6/3
f 9018/6/3 9014/6/3 9017/6/3
f 9019/10/3 9016/10/3 9015/10/3
f 9019/10/3 9015/10/3 9011/10/3
f 9020/10/3 9016/10/3 9019/10/3
f 9021/6/3 9014/6/3 9018/6/3
f 9023/10/3 9016/10/3 9020/10/3
f 9024/10/3 9016/10/3 9023/10/3
f 9027/6/3 9022/6/3 9021/6/3
f 9027/6/3 9021/6/3 9018/6/3
f 9028/6/3 9022/6/3 9027/6/3
f 9030/10/3 9026/10/3 9025/10/3
f 9031/10/3 9026/10/3 9030/10/3
f 9031/10/3 9030/10/3 9029/10/3
f 9032/10/3 9026/10/3 9031/10/3
f 9033/10/3 9031/10/3 9029/10/3
f 9034/10/3 9031/10/3 9033/10/3
f 9035/10/3 9031/10/3 9034/10/3
f 9040/6/3 9037/6/3 9036/6/3
f 9041/6/3 9037/6/3 9040/6/3
f 9045/6/3 9043/6/3 9042/6/3
f 9046/10/3 9044/10/3 9043/10/3
f 9046/6/3 9043/6/3 9045/6/3
f 9047/10/3 9044/10/3 9046/10/3
f 9050/7/3 9049/7/3 9048/7/3
f 9051/7/3 9049/7/3 9050/7/3
f 9053/6/3 9039/6/3 9038/6/3
f 9054/6/3 9039/6/3 9053/6/3
f 9056/6/3 9053/6/3 9052/6/3
f 9057/6/3 9053/6/3 9056/6/3
f 9057/6/3 9056/6/3 9055/6/3
f 9058/6/3 9053/6/3 9057/6/3
f 9059/6/3 9057/6/3 9055/6/3
f 9060/6/3 9057/6/3 9059/6/3
f 9063/6/3 9062/6/3 9061/6/3
f 9064/6/3 9062/6/3 9063/6/3
f 9067/6/3 9066/6/3 9065/6/3
f 9068/6/3 9066/6/3 9067/6/3
f 9072/6/3 9070/6/3 9069/6/3
f 9074/6/3 9072/6/3 9071/6/3
f 9075/6/3 9070/6/3 9072/6/3
f 9075/6/3 9072/6/3 9074/6/3
f 9076/6/3 9070/6/3 9075/6/3
f 9079/10/3 9074/10/3 9073/10/3
f 9079/10/3 9075/10/3 9074/10/3
f 9080/10/3 9075/10/3 9079/10/3
f 9081/10/3 9075/10/3 9080/10/3
f 9082/6/3 9078/6/3 9077/6/3
f 9083/6/3 9078/6/3 9082/6/3
f 9086/6/3 9081/6/3 9080/6/3
f 9087/6/3 9081/6/3 9086/6/3
f 9090/6/3 9084/6/3 9083/6/3
f 9090/6/3 9083/6/3 9082/6/3
f 9091/6/3 9084/6/3 9090/6/3
f 9092/6/3 9084/6/3 9091/6/3
f 9095/6/3 9087/6/3 9086/6/3
f 9095/6/3 9088/6/3 9087/6/3
f 9095/6/3 9086/6/3 9085/6/3
f 9096/6/3 9088/6/3 9095/6/3
f 9098/6/3 9091/6/3 9090/6/3
f 9098/6/3 9090/6/3 9089/6/3
f 9099/6/3 9091/6/3 9098/6/3
f 9100/6/3 9094/6/3 9093/6/3
f 9101/6/3 9094/6/3 9100/6/3
f 9102/6/3 9097/6/3 9096/6/3
f 9103/6/3 9097/6/3 9102/6/3
f 9106/6/3 9105/6/3 9104/6/3
f 9107/6/3 9105/6/3 9106/6/3
f 9108/6/3 9098/6/3 9089/6/3
f 9109/6/3 9098/6/3 9108/6/3
f 9115/6/3 9114/6/3 9113/6/3
f 9116/6/3 9114/6/3 9115/6/3
f 9119/6/3 9111/6/3 9110/6/3
f 9119/6/3 9112/6/3 9111/6/3
f 9120/6/3 9112/6/3 9119/6/3
f 9122/6/3 9118/6/3 9117/6/3
f 9123/6/3 9118/6/3 9122/6/3
f 9124/6/3 9121/6/3 9120/6/3
f 9125/6/3 9121/6/3 9124/6/3
f 9127/6/3 9122/6/3 9117/6/3
f 9128/6/3 9122/6/3 9127/6/3
f 9128/6/3 9127/6/3 9126/6/3
f 9129/6/3 9122/6/3 9128/6/3
f 9130/6/3 9128/6/3 9126/6/3
f 9131/6/3 9128/6/3 9130/6/3
f 9133/6/3 9131/6/3 9130/6/3
f 9133/6/3 9132/6/3 9131/6/3
f 9134/6/3 9132/6/3 9133/6/3
f 9135/6/3 9132/6/3 9134/6/3
f 9137/6/3 9135/6/3 9134/6/3
f 9137/6/3 9136/6/3 9135/6/3
f 9138/6/3 9136/6/3 9137/6/3
f 9139/6/3 9136/6/3 9138/6/3
f 9142/10/3 9141/10/3 9140/10/3
f 9143/10/3 9141/10/3 9142/10/3
f 9148/7/3 9145/7/3 9144/7/3
f 9149/7/3 9145/7/3 9148/7/3
f 9150/6/3 9147/6/3 9146/6/3
f 9151/6/3 9147/6/3 9150/6/3
f 9154/6/3 9153/6/3 9152/6/3
f 9155/6/3 9153/6/3 9154/6/3
f 9160/6/3 9157/6/3 9156/6/3
f 9161/6/3 9157/6/3 9160/6/3
f 9162/6/3 9159/6/3 9158/6/3
f 9163/6/3 9159/6/3 9162/6/3
f 9168/6/3 9165/6/3 9164/6/3
f 9169/6/3 9165/6/3 9168/6/3
f 9170/6/3 9167/6/3 9166/6/3
f 9171/6/3 9167/6/3 9170/6/3
f 9174/6/3 9173/6/3 9172/6/3
f 9175/6/3 9173/6/3 9174/6/3
f 9178/6/3 9177/6/3 9176/6/3
f 9179/6/3 9177/6/3 9178/6/3
f 9184/6/3 9181/6/3 9180/6/3
f 9185/6/3 9181/6/3 9184/6/3
f 9187/10/3 9183/10/3 9182/10/3
f 9188/6/3 9184/6/3 9183/6/3
f 9188/10/3 9183/10/3 9187/10/3
f 9189/6/3 9184/6/3 9188/6/3
f 9191/10/3 9187/10/3 9186/10/3
f 9191/10/3 9188/10/3 9187/10/3
f 9192/10/3 9188/10/3 9191/10/3
f 9193/10/3 9188/10/3 9192/10/3
f 9194/10/3 9188/10/3 9193/10/3
f 9196/6/3 9191/6/3 9190/6/3
f 9196/6/3 9192/6/3 9191/6/3
f 9197/6/3 9192/6/3 9196/6/3
f 9198/6/3 9195/6/3 9194/6/3
f 9198/6/3 9194/6/3 9193/6/3
f 9199/6/3 9195/6/3 9198/6/3
f 9200/6/3 9196/6/3 9190/6/3
f 9203/6/3 9195/6/3 9199/6/3
f 9204/6/3 9201/6/3 9200/6/3
f 9204/6/3 9200/6/3 9190/6/3
f 9205/6/3 9201/6/3 9204/6/3
f 9206/6/3 9201/6/3 9205/6/3
f 9207/6/3 9203/6/3 9202/6/3
f 9208/6/3 9195/6/3 9203/6/3
f 9208/6/3 9203/6/3 9207/6/3
f 9209/6/3 9195/6/3 9208/6/3
f 9211/6/3 9206/6/3 9205/6/3
f 9211/6/3 9208/6/3 9207/6/3
f 9211/6/3 9207/6/3 9206/6/3
f 9212/6/3 9208/6/3 9211/6/3
f 9213/6/3 9208/6/3 9212/6/3
f 9214/6/3 9208/6/3 9213/6/3
f 9217/6/3 9212/6/3 9211/6/3
f 9217/6/3 9211/6/3 9210/6/3
f 9218/6/3 9212/6/3 9217/6/3
f 9219/6/3 9214/6/3 9213/6/3
f 9219/6/3 9215/6/3 9214/6/3
f 9220/6/3 9215/6/3 9219/6/3
f 9221/6/3 9215/6/3 9220/6/3
f 9223/6/3 9218/6/3 9217/6/3
f 9223/6/3 9217/6/3 9216/6/3
f 9223/6/3 9220/6/3 9219/6/3
f 9223/6/3 9219/6/3 9218/6/3
f 9224/6/3 9220/6/3 9223/6/3
f 9225/6/3 9222/6/3 9221/6/3
f 9226/6/3 9222/6/3 9225/6/3
f 9227/6/3 9223/6/3 9216/6/3
f 9228/6/3 9223/6/3 9227/6/3
f 9231/6/3 9227/6/3 9216/6/3
f 9233/6/3 9230/6/3 9229/6/3
f 9234/6/3 9230/6/3 9233/6/3
f 9235/6/3 9232/6/3 9231/6/3
f 9235/6/3 9231/6/3 9216/6/3
f 9236/6/3 9232/6/3 9235/6/3
f 9237/6/3 9232/6/3 9236/6/3
f 9241/6/3 9237/6/3 9236/6/3
f 9241/6/3 9238/6/3 9237/6/3
f 9242/6/3 9238/6/3 9241/6/3
f 9243/6/3 9238/6/3 9242/6/3
f 9244/6/3 9240/6/3 9239/6/3
f 9245/6/3 9240/6/3 9244/6/3
f 9248/6/3 9245/6/3 9244/6/3
f 9248/6/3 9244/6/3 9243/6/3
f 9248/6/3 9243/6/3 9242/6/3
f 9248/6/3 9246/6/3 9245/6/3
f 9249/6/3 9246/6/3 9248/6/3
f 9250/6/3 9246/6/3 9249/6/3
f 9252/6/3 9248/6/3 9247/6/3
f 9252/6/3 9249/6/3 9248/6/3
f 9253/6/3 9249/6/3 9252/6/3
f 9254/6/3 9251/6/3 9250/6/3
f 9255/6/3 9251/6/3 9254/6/3
f 9257/6/3 9252/6/3 9247/6/3
f 9258/6/3 9252/6/3 9257/6/3
f 9258/6/3 9257/6/3 9256/6/3
f 9259/6/3 9252/6/3 9258/6/3
f 9260/6/3 9258/6/3 9256/6/3
f 9261/6/3 9258/6/3 9260/6/3
f 9264/6/3 9258/6/3 9261/6/3
f 9265/6/3 9258/6/3 9264/6/3
f 9266/6/3 9263/6/3 9262/6/3
f 9267/6/3 9263/6/3 9266/6/3
f 9268/6/3 9258/6/3 9265/6/3
f 9269/6/3 9258/6/3 9268/6/3
f 9270/10/3 9269/10/3 9268/10/3
f 9271/10/3 9269/10/3 9270/10/3
f 9278/7/3 9273/7/3 9272/7/3
f 9279/7/3 9273/7/3 9278/7/3
f 9282/6/3 9275/6/3 9274/6/3
f 9283/6/3 9275/6/3 9282/6/3
f 9284/6/3 9277/6/3 9276/6/3
f 9285/6/3 9277/6/3 9284/6/3
f 9286/7/3 9281/7/3 9280/7/3
f 9287/7/3 9281/7/3 9286/7/3
f 9292/6/3 9289/6/3 9288/6/3
f 9293/6/3 9289/6/3 9292/6/3
f 9294/6/3 9291/6/3 9290/6/3
f 9295/6/3 9291/6/3 9294/6/3
f 9300/6/3 9297/6/3 9296/6/3
f 9301/6/3 9297/6/3 9300/6/3
f 9304/6/3 9299/6/3 9298/6/3
f 9305/6/3 9299/6/3 9304/6/3
f 9306/6/3 9303/6/3 9302/6/3
f 9307/6/3 9303/6/3 9306/6/3
f 9310/6/3 9309/6/3 9308/6/3
f 9311/6/3 9309/6/3 9310/6/3
f 9314/6/3 9313/6/3 9312/6/3
f 9315/6/3 9313/6/3 9314/6/3
f 9319/6/3 9317/6/3 9316/6/3
f 9320/6/3 9317/6/3 9319/6/3
f 9322/6/3 9319/6/3 9318/6/3
f 9322/6/3 9321/6/3 9320/6/3
f 9322/6/3 9320/6/3 9319/6/3
f 9323/6/3 9321/6/3 9322/6/3
f 9324/6/3 9321/6/3 9323/6/3
f 9325/6/3 9321/6/3 9324/6/3
f 9326/6/3 9324/6/3 9323/6/3
f 9327/6/3 9324/6/3 9326/6/3
f 9331/6/3 9329/6/3 9328/6/3
f 9332/6/3 9329/6/3 9331/6/3
f 9333/6/3 9329/6/3 9332/6/3
f 9334/6/3 9329/6/3 9333/6/3
f 9337/6/3 9331/6/3 9330/6/3
f 9337/6/3 9332/6/3 9331/6/3
f 9338/6/3 9332/6/3 9337/6/3
f 9339/6/3 9332/6/3 9338/6/3
f 9340/6/3 9334/6/3 9333/6/3
f 9340/6/3 9335/6/3 9334/6/3
f 9341/6/3 9335/6/3 9340/6/3
f 9342/6/3 9338/6/3 9337/6/3
f 9342/6/3 9337/6/3 9336/6/3
f 9343/6/3 9338/6/3 9342/6/3
f 9344/6/3 9338/6/3 9343/6/3
f 9347/6/3 9335/6/3 9341/6/3
f 9348/6/3 9345/6/3 9344/6/3
f 9348/6/3 9344/6/3 9343/6/3
f 9349/6/3 9345/6/3 9348/6/3
f 9350/6/3 9345/6/3 9349/6/3
f 9351/6/3 9347/6/3 9346/6/3
f 9352/6/3 9335/6/3 9347/6/3
f 9352/6/3 9347/6/3 9351/6/3
f 9353/6/3 9335/6/3 9352/6/3
f 9356/6/3 9350/6/3 9349/6/3
f 9356/6/3 9351/6/3 9350/6/3
f 9356/6/3 9352/6/3 9351/6/3
f 9357/6/3 9352/6/3 9356/6/3
f 9358/6/3 9355/6/3 9354/6/3
f 9359/6/3 9355/6/3 9358/6/3
f 9365/6/3 9361/6/3 9360/6/3
f 9366/6/3 9361/6/3 9365/6/3
f 9368/6/3 9363/6/3 9362/6/3
f 9369/6/3 9363/6/3 9368/6/3
f 9370/6/3 9365/6/3 9364/6/3
f 9371/6/3 9365/6/3 9370/6/3
f 9372/6/3 9367/6/3 9366/6/3
f 9373/6/3 9367/6/3 9372/6/3
f 9376/6/3 9375/6/3 9374/6/3
f 9377/6/3 9375/6/3 9376/6/3
f 9378/10/3 9377/10/3 9376/10/3
f 9380/10/3 9378/10/3 9376/10/3
f 9380/10/3 9379/10/3 9378/10/3
f 9381/10/3 9379/10/3 9380/10/3
f 9382/10/3 9379/10/3 9381/10/3
f 9384/7/3 9383/7/3 9382/7/3
f 9384/7/3 9382/7/3 9381/7/3
f 9385/7/3 9383/7/3 9384/7/3
f 9386/7/3 9383/7/3 9385/7/3
f 9390/4/3 9386/4/3 9385/4/3
f 9391/4/3 9386/4/3 9390/4/3
f 9392/6/3 9389/6/3 9388/6/3
f 9392/6/3 9388/6/3 9387/6/3
f 9393/6/3 9389/6/3 9392/6/3
f 9394/6/3 9392/6/3 9387/6/3
f 9398/6/3 9395/6/3 9394/6/3
f 9398/6/3 9394/6/3 9387/6/3
f 9399/6/3 9395/6/3 9398/6/3
f 9400/6/3 9395/6/3 9399/6/3
f 9401/6/3 9397/6/3 9396/6/3
f 9402/6/3 9397/6/3 9401/6/3
f 9403/6/3 9397/6/3 9402/6/3
f 9404/6/3 9400/6/3 9399/6/3
f 9404/6/3 9402/6/3 9401/6/3
f 9404/6/3 9401/6/3 9400/6/3
f 9405/6/3 9402/6/3 9404/6/3
f 9410/6/3 9407/6/3 9406/6/3
f 9411/6/3 9407/6/3 9410/6/3
f 9412/6/3 9409/6/3 9408/6/3
f 9413/6/3 9409/6/3 9412/6/3
f 9418/6/3 9417/6/3 9416/6/3
f 9419/6/3 9417/6/3 9418/6/3
f 9420/6/3 9415/6/3 9414/6/3
f 9421/6/3 9415/6/3 9420/6/3
f 9424/6/3 9423/6/3 9422/6/3
f 9425/6/3 9423/6/3 9424/6/3
f 9432/6/3 9427/6/3 9426/6/3
f 9433/6/3 9427/6/3 9432/6/3
f 9434/6/3 9429/6/3 9428/6/3
f 9435/6/3 9429/6/3 9434/6/3
f 9436/6/3 9431/6/3 9430/6/3
f 9437/6/3 9431/6/3 9436/6/3
f 9441/6/3 9439/6/3 9438/6/3
f 9442/6/3 9439/6/3 9441/6/3
f 9444/6/3 9441/6/3 9440/6/3
f 9444/6/3 9443/6/3 9442/6/3
f 9444/6/3 9442/6/3 9441/6/3
f 9445/6/3 9443/6/3 9444/6/3
f 9446/6/3 9443/6/3 9445/6/3
f 9447/6/3 9443/6/3 9446/6/3
f 9448/6/3 9446/6/3 9445/6/3
f 9449/6/3 9446/6/3 9448/6/3
f 9452/6/3 9451/6/3 9450/6/3
f 9453/6/3 9451/6/3 9452/6/3
f 9459/6/3 9455/6/3 9454/6/3
f 9460/6/3 9455/6/3 9459/6/3
f 9461/6/3 9455/6/3 9460/6/3
f 9462/6/3 9455/6/3 9461/6/3
f 9464/6/3 9457/6/3 9456/6/3
f 9465/6/3 9457/6/3 9464/6/3
f 9466/6/3 9459/6/3 9458/6/3
f 9466/6/3 9460/6/3 9459/6/3
f 9467/6/3 9460/6/3 9466/6/3
f 9468/6/3 9463/6/3 9462/6/3
f 9468/6/3 9462/6/3 9461/6/3
f 9469/6/3 9463/6/3 9468/6/3
f 9470/6/3 9463/6/3 9469/6/3
f 9471/6/3 9463/6/3 9470/6/3
f 9472/6/3 9470/6/3 9469/6/3
f 9473/6/3 9470/6/3 9472/6/3
f 9474/6/3 9466/6/3 9458/6/3
f 9475/6/3 9466/6/3 9474/6/3
f 9479/10/3 9475/10/3 9474/10/3
f 9479/10/3 9476/10/3 9475/10/3
f 9480/10/3 9476/10/3 9479/10/3
f 9481/10/3 9476/10/3 9480/10/3
f 9482/10/3 9478/10/3 9477/10/3
f 9483/10/3 9478/10/3 9482/10/3
f 9484/10/3 9481/10/3 9480/10/3
f 9484/10/3 9482/10/3 9481/10/3
f 9485/10/3 9482/10/3 9484/10/3
f 9486/10/3 9482/10/3 9485/10/3
f 9487/7/3 9486/7/3 9485/7/3
f 9488/7/3 9486/7/3 9487/7/3
f 9490/7/3 9488/7/3 9487/7/3
f 9490/7/3 9489/7/3 9488/7/3
f 9491/7/3 9489/7/3 9490/7/3
f 9494/6/3 9493/6/3 9492/6/3
f 9496/6/3 9494/6/3 9492/6/3
f 9496/6/3 9495/6/3 9494/6/3
f 9497/6/3 9495/6/3 9496/6/3
f 9498/6/3 9495/6/3 9497/6/3
f 9500/6/3 9499/6/3 9498/6/3
f 9500/6/3 9498/6/3 9497/6/3
f 9501/6/3 9499/6/3 9500/6/3
f 9504/6/3 9503/6/3 9502/6/3
f 9505/6/3 9503/6/3 9504/6/3
f 9508/6/3 9507/6/3 9506/6/3
f 9509/6/3 9507/6/3 9508/6/3
f 9516/6/3 9511/6/3 9510/6/3
f 9517/6/3 9511/6/3 9516/6/3
f 9518/6/3 9513/6/3 9512/6/3
f 9519/6/3 9513/6/3 9518/6/3
f 9520/6/3 9515/6/3 9514/6/3
f 9521/6/3 9515/6/3 9520/6/3
f 9524/6/3 9523/6/3 9522/6/3
f 9525/6/3 9523/6/3 9524/6/3
f 9528/6/3 9527/6/3 9526/6/3
f 9529/6/3 9527/6/3 9528/6/3
f 9534/6/3 9531/6/3 9530/6/3
f 9535/6/3 9531/6/3 9534/6/3
f 9536/6/3 9533/6/3 9532/6/3
f 9537/6/3 9533/6/3 9536/6/3
f 9540/6/3 9539/6/3 9538/6/3
f 9541/6/3 9539/6/3 9540/6/3
f 9545/6/3 9543/6/3 9542/6/3
f 9546/6/3 9543/6/3 9545/6/3
f 9550/6/3 9545/6/3 9544/6/3
f 9550/6/3 9546/6/3 9545/6/3
f 9550/6/3 9547/6/3 9546/6/3
f 9551/6/3 9549/6/3 9548/6/3
f 9552/6/3 9550/6/3 9544/6/3
f 9552/6/3 9551/6/3 9550/6/3
f 9553/6/3 9551/6/3 9552/6/3
f 9554/6/3 9551/6/3 9553/6/3
f 9555/6/3 9551/6/3 9554/6/3
f 9556/6/3 9549/6/3 9551/6/3
f 9556/6/3 9551/6/3 9555/6/3
f 9557/10/3 9554/10/3 9553/10/3
f 9558/10/3 9554/10/3 9557/10/3
f 9559/10/3 9556/10/3 9555/10/3
f 9560/10/3 9559/10/3 9558/10/3
f 9561/6/3 9549/6/3 9556/6/3
f 9561/10/3 9559/10/3 9560/10/3
f 9561/10/3 9556/10/3 9559/10/3
f 9562/6/3 9549/6/3 9561/6/3
f 9563/7/3 9561/7/3 9560/7/3
f 9564/7/3 9561/7/3 9563/7/3
f 9565/7/3 9561/7/3 9564/7/3
f 9566/7/3 9561/7/3 9565/7/3
f 9569/6/3 9568/6/3 9567/6/3
f 9570/6/3 9568/6/3 9569/6/3
f 9575/6/3 9572/6/3 9571/6/3
f 9576/6/3 9572/6/3 9575/6/3
f 9577/6/3 9574/6/3 9573/6/3
f 9578/6/3 9574/6/3 9577/6/3
f 9581/6/3 9580/6/3 9579/6/3
f 9582/6/3 9580/6/3 9581/6/3
f 9587/6/3 9584/6/3 9583/6/3
f 9588/6/3 9584/6/3 9587/6/3
f 9589/6/3 9586/6/3 9585/6/3
f 9590/6/3 9586/6/3 9589/6/3
f 9594/6/3 9592/6/3 9591/6/3
f 9595/6/3 9592/6/3 9594/6/3
f 9596/6/3 9592/6/3 9595/6/3
f 9597/6/3 9594/6/3 9593/6/3
f 9597/6/3 9595/6/3 9594/6/3
f 9598/6/3 9595/6/3 9597/6/3
f 9599/6/3 9597/6/3 9593/6/3
f 9603/6/3 9599/6/3 9593/6/3
f 9603/6/3 9600/6/3 9599/6/3
f 9604/6/3 9600/6/3 9603/6/3
f 9605/6/3 9600/6/3 9604/6/3
f 9606/6/3 9602/6/3 9601/6/3
f 9607/6/3 9602/6/3 9606/6/3
f 9609/6/3 9605/6/3 9604/6/3
f 9609/6/3 9608/6/3 9607/6/3
f 9609/6/3 9607/6/3 9606/6/3
f 9609/6/3 9606/6/3 9605/6/3
f 9610/6/3 9608/6/3 9609/6/3
f 9613/6/3 9612/6/3 9611/6/3
f 9614/6/3 9612/6/3 9613/6/3
f 9617/6/3 9616/6/3 9615/6/3
f 9618/6/3 9616/6/3 9617/6/3
f 9623/6/3 9620/6/3 9619/6/3
f 9624/6/3 9620/6/3 9623/6/3
f 9625/6/3 9622/6/3 9621/6/3
f 9626/6/3 9622/6/3 9625/6/3
f 9631/6/3 9628/6/3 9627/6/3
f 9632/6/3 9628/6/3 9631/6/3
f 9635/6/3 9630/6/3 9629/6/3
f 9636/6/3 9630/6/3 9635/6/3
f 9637/7/3 9634/7/3 9633/7/3
f 9638/7/3 9634/7/3 9637/7/3
f 9643/6/3 9642/6/3 9641/6/3
f 9644/6/3 9642/6/3 9643/6/3
f 9645/6/3 9642/6/3 9644/6/3
f 9647/6/3 9640/6/3 9639/6/3
f 9648/6/3 9640/6/3 9647/6/3
f 9649/6/3 9646/6/3 9645/6/3
f 9649/6/3 9645/6/3 9644/6/3
f 9650/6/3 9646/6/3 9649/6/3
f 9651/6/3 9646/6/3 9650/6/3
f 9652/6/3 9646/6/3 9651/6/3
f 9656/6/3 9654/6/3 9653/6/3
f 9657/6/3 9656/6/3 9655/6/3
f 9658/6/3 9654/6/3 9656/6/3
f 9658/6/3 9656/6/3 9657/6/3
f 9659/6/3 9654/6/3 9658/6/3
f 9661/6/3 9660/6/3 9659/6/3
f 9661/6/3 9659/6/3 9658/6/3
f 9662/6/3 9660/6/3 9661/6/3
f 9665/6/3 9664/6/3 9663/6/3
f 9666/6/3 9664/6/3 9665/6/3
f 9669/6/3 9668/6/3 9667/6/3
f 9670/6/3 9668/6/3 9669/6/3
f 9673/6/3 9672/6/3 9671/6/3
f 9674/6/3 9672/6/3 9673/6/3
f 9679/6/3 9676/6/3 9675/6/3
f 9680/6/3 9676/6/3 9679/6/3
f 9683/6/3 9678/6/3 9677/6/3
f 9684/6/3 9678/6/3 9683/6/3
f 9685/6/3 9682/6/3 9681/6/3
f 9686/6/3 9682/6/3 9685/6/3
f 9691/6/3 9688/6/3 9687/6/3
f 9692/6/3 9688/6/3 9691/6/3
f 9693/7/3 9689/7/3 9688/7/3
f 9693/6/3 9688/6/3 9692/6/3
f 9694/7/3 9689/7/3 9693/7/3
f 9695/7/3 9689/7/3 9694/7/3
f 9697/6/3 9692/6/3 9691/6/3
f 9697/6/3 9691/6/3 9690/6/3
f 9698/6/3 9692/6/3 9697/6/3
f 9699/6/3 9696/6/3 9695/6/3
f 9699/6/3 9695/6/3 9694/6/3
f 9700/6/3 9696/6/3 9699/6/3
f 9701/6/3 9696/6/3 9700/6/3
f 9704/6/3 9701/6/3 9700/6/3
f 9704/6/3 9702/6/3 9701/6/3
f 9705/6/3 9702/6/3 9704/6/3
f 9707/6/3 9697/6/3 9690/6/3
f 9708/6/3 9697/6/3 9707/6/3
f 9709/6/3 9706/6/3 9705/6/3
f 9709/6/3 9704/6/3 9703/6/3
f 9709/6/3 9705/6/3 9704/6/3
f 9710/6/3 9706/6/3 9709/6/3
f 9713/6/3 9712/6/3 9711/6/3
f 9714/6/3 9712/6/3 9713/6/3
f 9717/6/3 9716/6/3 9715/6/3
f 9718/6/3 9716/6/3 9717/6/3
f 9723/6/3 9720/6/3 9719/6/3
f 9724/6/3 9720/6/3 9723/6/3
f 9725/6/3 9722/6/3 9721/6/3
f 9726/6/3 9722/6/3 9725/6/3
f 9731/6/3 9728/6/3 9727/6/3
f 9732/6/3 9728/6/3 9731/6/3
f 9733/6/3 9730/6/3 9729/6/3
f 9734/6/3 9730/6/3 9733/6/3
f 9739/6/3 9738/6/3 9737/6/3
f 9740/6/3 9738/6/3 9739/6/3
f 9743/6/3 9742/6/3 9741/6/3
f 9744/6/3 9742/6/3 9743/6/3
f 9750/6/3 9736/6/3 9735/6/3
f 9751/6/3 9746/6/3 9745/6/3
f 9752/6/3 9746/6/3 9751/6/3
f 9753/6/3 9748/6/3 9747/6/3
f 9754/6/3 9748/6/3 9753/6/3
f 9755/6/3 9748/6/3 9754/6/3
f 9756/6/3 9750/6/3 9749/6/3
f 9757/6/3 9736/6/3 9750/6/3
f 9757/6/3 9750/6/3 9756/6/3
f 9758/6/3 9736/6/3 9757/6/3
f 9759/6/3 9755/6/3 9754/6/3
f 9759/6/3 9757/6/3 9756/6/3
f 9759/6/3 9756/6/3 9755/6/3
f 9760/6/3 9757/6/3 9759/6/3
f 9765/6/3 9762/6/3 9761/6/3
f 9765/6/3 9763/6/3 9762/6/3
f 9766/6/3 9763/6/3 9765/6/3
f 9768/6/3 9765/6/3 9764/6/3
f 9768/6/3 9767/6/3 9766/6/3
f 9768/6/3 9766/6/3 9765/6/3
f 9769/6/3 9767/6/3 9768/6/3
f 9770/6/3 9767/6/3 9769/6/3
f 9773/6/3 9772/6/3 9771/6/3
f 9774/6/3 9772/6/3 9773/6/3
f 9779/6/3 9776/6/3 9775/6/3
f 9780/6/3 9776/6/3 9779/6/3
f 9781/6/3 9778/6/3 9777/6/3
f 9785/6/3 9782/6/3 9781/6/3
f 9785/6/3 9781/6/3 9777/6/3
f 9786/6/3 9782/6/3 9785/6/3
f 9787/6/3 9784/6/3 9783/6/3
f 9788/6/3 9784/6/3 9787/6/3
f 9792/6/3 9782/6/3 9786/6/3
f 9794/6/3 9792/6/3 9791/6/3
f 9795/6/3 9790/6/3 9789/6/3
f 9796/6/3 9790/6/3 9795/6/3
f 9800/6/3 9794/6/3 9793/6/3
f 9801/6/3 9798/6/3 9797/6/3
f 9802/6/3 9798/6/3 9801/6/3
f 9805/6/3 9800/6/3 9799/6/3
f 9806/6/3 9794/6/3 9800/6/3
f 9806/6/3 9800/6/3 9805/6/3
f 9807/6/3 9782/6/3 9792/6/3
f 9807/6/3 9794/6/3 9806/6/3
f 9807/6/3 9792/6/3 9794/6/3
f 9808/6/3 9782/6/3 9807/6/3
f 9809/6/3 9804/6/3 9803/6/3
f 9810/6/3 9804/6/3 9809/6/3
f 9811/6/3 9807/6/3 9806/6/3
f 9812/6/3 9807/6/3 9811/6/3
f 9815/8/3 9814/8/3 9813/8/3
f 9816/8/3 9814/8/3 9815/8/3
f 9819/6/3 9818/6/3 9817/6/3
f 9820/6/3 9818/6/3 9819/6/3
f 9825/6/3 9822/6/3 9821/6/3
f 9826/6/3 9824/6/3 9823/6/3
f 9827/6/3 9824/6/3 9826/6/3
f 9830/6/3 9825/6/3 9821/6/3
f 9830/6/3 9828/6/3 9827/6/3
f 9830/6/3 9827/6/3 9826/6/3
f 9830/6/3 9826/6/3 9825/6/3
f 9831/6/3 9828/6/3 9830/6/3
f 9832/6/3 9828/6/3 9831/6/3
f 9833/6/3 9830/6/3 9829/6/3
f 9833/6/3 9831/6/3 9830/6/3
f 9834/6/3 9831/6/3 9833/6/3
f 9835/6/3 9828/6/3 9832/6/3
f 9836/6/3 9828/6/3 9835/6/3
f 9837/6/3 9828/6/3 9836/6/3
f 9838/6/3 9828/6/3 9837/6/3
f 9839/6/3 9837/6/3 9836/6/3
f 9840/6/3 9837/6/3 9839/6/3
f 9841/6/3 9833/6/3 9829/6/3
f 9844/6/3 9839/6/3 9836/6/3
f 9845/6/3 9842/6/3 9841/6/3
f 9845/6/3 9841/6/3 9829/6/3
f 9846/6/3 9842/6/3 9845/6/3
f 9847/6/3 9842/6/3 9846/6/3
f 9848/6/3 9844/6/3 9843/6/3
f 9849/6/3 9839/6/3 9844/6/3
f 9849/6/3 9844/6/3 9848/6/3
f 9850/6/3 9839/6/3 9849/6/3
f 9851/6/3 9847/6/3 9846/6/3
f 9851/6/3 9848/6/3 9847/6/3
f 9851/6/3 9849/6/3 9848/6/3
f 9852/6/3 9849/6/3 9851/6/3
f 9855/10/3 9854/10/3 9853/10/3
f 9856/10/3 9854/10/3 9855/10/3
f 9865/6/3 9858/6/3 9857/6/3
f 9866/6/3 9858/6/3 9865/6/3
f 9867/6/3 9860/6/3 9859/6/3
f 9868/6/3 9860/6/3 9867/6/3
f 9869/6/3 9862/6/3 9861/6/3
f 9870/6/3 9862/6/3 9869/6/3
f 9871/6/3 9864/6/3 9863/6/3
f 9872/6/3 9864/6/3 9871/6/3
f 9877/6/3 9874/6/3 9873/6/3
f 9878/6/3 9874/6/3 9877/6/3
f 9879/6/3 9876/6/3 9875/6/3
f 9880/6/3 9876/6/3 9879/6/3
f 9885/6/3 9882/6/3 9881/6/3
f 9886/6/3 9882/6/3 9885/6/3
f 9887/6/3 9884/6/3 9883/6/3
f 9888/6/3 9884/6/3 9887/6/3
f 9892/6/3 9890/6/3 9889/6/3
f 9893/6/3 9890/6/3 9892/6/3
f 9895/6/3 9892/6/3 9891/6/3
f 9895/6/3 9894/6/3 9893/6/3
f 9895/6/3 9893/6/3 9892/6/3
f 9896/6/3 9894/6/3 9895/6/3
f 9897/6/3 9894/6/3 9896/6/3
f 9898/6/3 9894/6/3 9897/6/3
f 9899/6/3 9897/6/3 9896/6/3
f 9900/6/3 9897/6/3 9899/6/3
f 9904/9/3 9902/9/3 9901/9/3
f 9906/9/3 9904/9/3 9903/9/3
f 9908/9/3 9906/9/3 9905/9/3
f 9909/9/3 9908/9/3 9907/9/3
f 9910/9/3 9906/9/3 9908/9/3
f 9910/9/3 9908/9/3 9909/9/3
f 9911/9/3 9906/9/3 9910/9/3
f 9912/9/3 9904/9/3 9906/9/3
f 9912/9/3 9906/9/3 9911/9/3
f 9913/9/3 9904/9/3 9912/9/3
f 9914/9/3 9902/9/3 9904/9/3
f 9914/9/3 9904/9/3 9913/9/3
f 9915/9/3 9902/9/3 9914/9/3
f 9916/9/3 9902/9/3 9915/9/3
f 9921/5/3 9918/5/3 9917/5/3
f 9922/5/3 9918/5/3 9921/5/3
f 9925/5/3 9920/5/3 9919/5/3
f 9926/5/3 9920/5/3 9925/5/3
f 9927/7/3 9924/7/3 9923/7/3
f 9928/7/3 9924/7/3 9927/7/3
f 9931/5/3 9930/5/3 9929/5/3
f 9932/5/3 9930/5/3 9931/5/3
f 9935/5/3 9934/5/3 9933/5/3
f 9936/5/3 9934/5/3 9935/5/3
f 9941/5/3 9938/5/3 9937/5/3
f 9942/5/3 9938/5/3 9941/5/3
f 9943/5/3 9940/5/3 9939/5/3
f 9944/5/3 9940/5/3 9943/5/3
f 9947/5/3 9946/5/3 9945/5/3
f 9948/5/3 9946/5/3 9947/5/3
f 9951/5/3 9950/5/3 9949/5/3
f 9952/5/3 9950/5/3 9951/5/3
f 9957/5/3 9954/5/3 9953/5/3
f 9958/5/3 9954/5/3 9957/5/3
f 9959/5/3 9956/5/3 9955/5/3
f 9960/5/3 9956/5/3 9959/5/3
f 9964/9/3 9962/9/3 9961/9/3
f 9966/9/3 9964/9/3 9963/9/3
f 9968/9/3 9966/9/3 9965/9/3
f 9969/9/3 9968/9/3 9967/9/3
f 9970/9/3 9966/9/3 9968/9/3
f 9970/9/3 9968/9/3 9969/9/3
f 9971/9/3 9966/9/3 9970/9/3
f 9972/9/3 9964/9/3 9966/9/3
f 9972/9/3 9966/9/3 9971/9/3
f 9973/9/3 9964/9/3 9972/9/3
f 9974/9/3 9962/9/3 9964/9/3
f 9974/9/3 9964/9/3 9973/9/3
f 9975/9/3 9962/9/3 9974/9/3
f 9977/9/3 9976/9/3 9975/9/3
f 9977/9/3 9975/9/3 9974/9/3
f 9978/9/3 9976/9/3 9977/9/3
f 9979/9/4 9980/9/4 9982/9/4
f 9981/9/4 9982/9/4 9984/9/4
f 9983/9/4 9984/9/4 9986/9/4
f 9985/9/4 9986/9/4 9987/9/4
f 9986/9/4 9984/9/4 9988/9/4
f 9987/9/4 9986/9/4 9988/9/4
f 9988/9/4 9984/9/4 9989/9/4
f 9984/9/4 9982/9/4 9990/9/4
f 9989/9/4 9984/9/4 9990/9/4
f 9990/9/4 9982/9/4 9991/9/4
f 9982/9/4 9980/9/4 9992/9/4
f 9991/9/4 9982/9/4 9992/9/4
f 9992/9/4 9980/9/4 9993/9/4
f 9993/9/4 9980/9/4 9994/9/4
f 9995/9/4 9996/9/4 9998/9/4
f 9997/9/4 9998/9/4 10000/9/4
f 9999/9/4 10000/9/4 10002/9/4
f 10001/9/4 10002/9/4 10003/9/4
f 10002/9/4 10000/9/4 10004/9/4
f 10003/9/4 10002/9/4 10004/9/4
f 9998/9/4 9996/9/4 10005/9/4
f 10004/9/4 10000/9/4 10005/9/4
f 10000/9/4 9998/9/4 10005/9/4
f 10004/9/4 10005/9/4 10007/9/4
f 10005/9/4 10006/9/4 10007/9/4
f 10007/9/4 10006/9/4 10008/9/4
f 10008/9/4 10006/9/4 10009/9/4
f 10009/9/4 10010/9/4 10011/9/4
f 10008/9/4 10009/9/4 10011/9/4
f 10011/9/4 10010/9/4 10012/9/4
f 10012/9/4 10010/9/4 10013/9/4
f 10013/9/4 10014/9/4 10015/9/4
f 10012/9/4 10013/9/4 10015/9/4
f 10015/9/4 10014/9/4 10016/9/4
f 10016/9/4 10014/9/4 10017/9/4
f 10016/9/4 10017/9/4 10020/9/4
f 10017/9/4 10018/9/4 10020/9/4
f 10018/6/4 10019/6/4 10021/6/4
f 10020/9/4 10018/9/4 10021/9/4
f 10021/6/4 10019/6/4 10022/6/4
f 10023/5/4 10024/5/4 10025/5/4
f 10025/5/4 10024/5/4 10026/5/4
f 10027/5/4 10028/5/4 10029/5/4
f 10029/5/4 10028/5/4 10030/5/4
f 10030/5/4 10031/5/4 10034/5/4
f 10034/5/4 10031/5/4 10035/5/4
f 10032/10/4 10033/10/4 10036/10/4
f 10036/10/4 10033/10/4 10037/10/4
f 10038/5/4 10039/5/4 10041/5/4
f 10039/6/4 10040/6/4 10042/6/4
f 10041/5/4 10039/5/4 10042/5/4
f 10038/5/4 10041/5/4 10043/5/4
f 10041/6/4 10042/6/4 10044/6/4
f 10043/5/4 10041/5/4 10044/5/4
f 10043/6/4 10044/6/4 10045/6/4
f 10042/6/4 10040/6/4 10046/6/4
f 10045/6/4 10044/6/4 10046/6/4
f 10044/6/4 10042/6/4 10046/6/4
f 10047/6/4 10048/6/4 10049/6/4
f 10049/6/4 10048/6/4 10050/6/4
f 10050/6/4 10048/6/4 10051/6/4
f 10052/6/4 10053/6/4 10054/6/4
f 10054/6/4 10053/6/4 10055/6/4
f 10052/6/4 10054/6/4 10056/6/4
f 10056/6/4 10054/6/4 10057/6/4
f 10058/6/4 10059/6/4 10061/6/4
f 10061/6/4 10059/6/4 10062/6/4
f 10060/6/4 10061/6/4 10063/6/4
f 10063/6/4 10061/6/4 10064/6/4
f 10065/6/4 10066/6/4 10067/6/4
f 10067/6/4 10066/6/4 10068/6/4
f 10069/8/4 10070/8/4 10071/8/4
f 10071/8/4 10070/8/4 10072/8/4
f 10073/6/4 10074/6/4 10076/6/4
f 10076/6/4 10074/6/4 10077/6/4
f 10076/6/4 10077/6/4 10079/6/4
f 10077/6/4 10078/6/4 10079/6/4
f 10075/10/4 10076/10/4 10081/10/4
f 10079/6/4 10080/6/4 10082/6/4
f 10081/10/4 10076/10/4 10082/10/4
f 10076/6/4 10079/6/4 10082/6/4
f 10082/6/4 10080/6/4 10083/6/4
f 10083/6/4 10080/6/4 10084/6/4
f 10084/6/4 10080/6/4 10085/6/4
f 10085/6/4 10086/6/4 10087/6/4
f 10084/6/4 10085/6/4 10087/6/4
f 10087/6/4 10086/6/4 10088/6/4
f 10088/6/4 10086/6/4 10089/6/4
f 10089/6/4 10086/6/4 10090/6/4
f 10090/6/4 10086/6/4 10091/6/4
f 10091/6/4 10086/6/4 10092/6/4
f 10090/6/4 10091/6/4 10093/6/4
f 10093/6/4 10091/6/4 10094/6/4
f 10095/6/4 10096/6/4 10101/6/4
f 10096/6/4 10097/6/4 10101/6/4
f 10101/6/4 10097/6/4 10102/6/4
f 10098/6/4 10099/6/4 10104/6/4
f 10104/6/4 10099/6/4 10105/6/4
f 10100/10/4 10101/10/4 10106/10/4
f 10106/10/4 10101/10/4 10107/10/4
f 10107/10/4 10101/10/4 10108/10/4
f 10102/6/4 10103/6/4 10109/6/4
f 10109/6/4 10103/6/4 10110/6/4
f 10108/6/4 10109/6/4 10113/6/4
f 10110/6/4 10111/6/4 10116/6/4
f 10114/6/4 10115/6/4 10117/6/4
f 10110/6/4 10116/6/4 10118/6/4
f 10116/6/4 10117/6/4 10118/6/4
f 10118/6/4 10117/6/4 10119/6/4
f 10112/10/4 10113/10/4 10120/10/4
f 10113/6/4 10109/6/4 10121/6/4
f 10120/10/4 10113/10/4 10121/10/4
f 10121/6/4 10109/6/4 10122/6/4
f 10117/6/4 10115/6/4 10123/6/4
f 10119/6/4 10117/6/4 10123/6/4
f 10123/6/4 10124/6/4 10125/6/4
f 10119/6/4 10123/6/4 10125/6/4
f 10125/6/4 10124/6/4 10126/6/4
f 10122/6/4 10109/6/4 10127/6/4
f 10127/6/4 10109/6/4 10128/6/4
f 10126/6/4 10124/6/4 10132/6/4
f 10132/6/4 10124/6/4 10133/6/4
f 10129/6/4 10130/6/4 10135/6/4
f 10133/6/4 10134/6/4 10136/6/4
f 10131/6/4 10132/6/4 10136/6/4
f 10132/6/4 10133/6/4 10136/6/4
f 10136/6/4 10134/6/4 10137/6/4
f 10129/6/4 10135/6/4 10138/6/4
f 10135/6/4 10136/6/4 10138/6/4
f 10138/6/4 10136/6/4 10139/6/4
f 10139/6/4 10136/6/4 10140/6/4
f 10140/6/4 10136/6/4 10141/6/4
f 10141/6/4 10136/6/4 10143/6/4
f 10143/6/4 10136/6/4 10144/6/4
f 10142/6/4 10143/6/4 10147/6/4
f 10144/6/4 10145/6/4 10147/6/4
f 10143/6/4 10144/6/4 10147/6/4
f 10147/6/4 10145/6/4 10148/6/4
f 10146/6/4 10147/6/4 10149/6/4
f 10149/6/4 10147/6/4 10150/6/4
f 10151/6/4 10152/6/4 10154/6/4
f 10154/6/4 10152/6/4 10155/6/4
f 10153/6/4 10154/6/4 10156/6/4
f 10156/6/4 10154/6/4 10157/6/4
f 10158/6/4 10159/6/4 10160/6/4
f 10160/6/4 10159/6/4 10161/6/4
f 10162/6/4 10163/6/4 10164/6/4
f 10164/6/4 10163/6/4 10165/6/4
f 10166/10/4 10167/10/4 10169/10/4
f 10169/10/4 10167/10/4 10170/10/4
f 10170/10/4 10167/10/4 10171/10/4
f 10171/10/4 10167/10/4 10172/10/4
f 10168/10/4 10169/10/4 10174/10/4
f 10169/10/4 10170/10/4 10174/10/4
f 10174/10/4 10170/10/4 10175/10/4
f 10172/10/4 10173/10/4 10176/10/4
f 10171/10/4 10172/10/4 10176/10/4
f 10176/10/4 10173/10/4 10177/10/4
f 10177/10/4 10173/10/4 10178/10/4
f 10168/10/4 10174/10/4 10181/10/4
f 10178/10/4 10179/10/4 10182/10/4
f 10177/10/4 10178/10/4 10182/10/4
f 10182/10/4 10179/10/4 10183/10/4
f 10180/10/4 10181/10/4 10185/10/4
f 10181/10/4 10174/10/4 10186/10/4
f 10185/10/4 10181/10/4 10186/10/4
f 10183/10/4 10179/10/4 10188/10/4
f 10186/10/4 10187/10/4 10190/10/4
f 10184/10/4 10185/10/4 10190/10/4
f 10185/10/4 10186/10/4 10190/10/4
f 10188/10/4 10189/10/4 10192/10/4
f 10183/10/4 10188/10/4 10192/10/4
f 10192/10/4 10189/10/4 10193/10/4
f 10190/10/4 10191/10/4 10194/10/4
f 10184/10/4 10190/10/4 10194/10/4
f 10194/10/4 10191/10/4 10195/10/4
f 10195/10/4 10191/10/4 10196/10/4
f 10196/10/4 10191/10/4 10197/10/4
f 10197/10/4 10191/10/4 10198/10/4
f 10195/10/4 10196/10/4 10202/10/4
f 10202/10/4 10196/10/4 10203/10/4
f 10198/10/4 10199/10/4 10204/10/4
f 10197/10/4 10198/10/4 10204/10/4
f 10204/10/4 10199/10/4 10205/10/4
f 10205/10/4 10199/10/4 10206/10/4
f 10193/10/4 10189/10/4 10208/10/4
f 10208/10/4 10189/10/4 10209/10/4
f 10200/6/4 10201/6/4 10211/6/4
f 10211/6/4 10201/6/4 10212/6/4
f 10206/10/4 10207/10/4 10214/10/4
f 10205/10/4 10206/10/4 10214/10/4
f 10214/10/4 10207/10/4 10215/10/4
f 10215/10/4 10207/10/4 10216/10/4
f 10216/10/4 10207/10/4 10217/10/4
f 10212/6/4 10213/6/4 10220/6/4
f 10211/6/4 10212/6/4 10220/6/4
f 10210/6/4 10211/6/4 10220/6/4
f 10220/6/4 10213/6/4 10221/6/4
f 10221/6/4 10213/6/4 10222/6/4
f 10222/6/4 10213/6/4 10223/6/4
f 10218/10/4 10219/10/4 10225/10/4
f 10225/10/4 10219/10/4 10226/10/4
f 10221/6/4 10222/6/4 10228/6/4
f 10228/6/4 10222/6/4 10229/6/4
f 10226/10/4 10227/10/4 10231/10/4
f 10225/10/4 10226/10/4 10231/10/4
f 10224/10/4 10225/10/4 10231/10/4
f 10230/10/4 10231/10/4 10233/10/4
f 10232/10/4 10233/10/4 10234/10/4
f 10233/10/4 10231/10/4 10235/10/4
f 10234/10/4 10233/10/4 10235/10/4
f 10231/10/4 10227/10/4 10236/10/4
f 10235/10/4 10231/10/4 10236/10/4
f 10236/10/4 10227/10/4 10237/10/4
f 10235/10/4 10236/10/4 10239/10/4
f 10239/10/4 10236/10/4 10240/10/4
f 10240/10/4 10236/10/4 10241/10/4
f 10238/10/4 10239/10/4 10245/10/4
f 10239/10/4 10240/10/4 10245/10/4
f 10245/10/4 10240/10/4 10246/10/4
f 10246/10/4 10240/10/4 10247/10/4
f 10242/10/4 10243/10/4 10250/10/4
f 10250/10/4 10243/10/4 10251/10/4
f 10247/6/4 10248/6/4 10252/6/4
f 10246/6/4 10247/6/4 10252/6/4
f 10252/6/4 10248/6/4 10253/6/4
f 10249/6/4 10250/6/4 10255/6/4
f 10246/6/4 10252/6/4 10256/6/4
f 10256/6/4 10252/6/4 10257/6/4
f 10244/6/4 10245/6/4 10258/6/4
f 10255/6/4 10250/6/4 10260/6/4
f 10260/6/4 10250/6/4 10261/6/4
f 10253/6/4 10254/6/4 10264/6/4
f 10264/6/4 10254/6/4 10265/6/4
f 10261/10/4 10262/10/4 10267/10/4
f 10262/6/4 10263/6/4 10268/6/4
f 10267/10/4 10262/10/4 10268/10/4
f 10258/6/4 10259/6/4 10269/6/4
f 10268/6/4 10263/6/4 10271/6/4
f 10271/6/4 10263/6/4 10272/6/4
f 10269/6/4 10270/6/4 10273/6/4
f 10244/6/4 10258/6/4 10273/6/4
f 10258/6/4 10269/6/4 10273/6/4
f 10272/6/4 10273/6/4 10274/6/4
f 10273/6/4 10270/6/4 10275/6/4
f 10274/6/4 10273/6/4 10275/6/4
f 10275/6/4 10270/6/4 10276/6/4
f 10276/6/4 10270/6/4 10277/6/4
f 10277/6/4 10270/6/4 10278/6/4
f 10278/6/4 10270/6/4 10279/6/4
f 10265/6/4 10266/6/4 10280/6/4
f 10280/6/4 10266/6/4 10281/6/4
f 10277/6/4 10278/6/4 10282/6/4
f 10282/6/4 10278/6/4 10283/6/4
f 10275/6/4 10276/6/4 10284/6/4
f 10284/6/4 10276/6/4 10285/6/4
f 10285/6/4 10286/6/4 10287/6/4
f 10287/6/4 10286/6/4 10288/6/4
f 10288/6/4 10289/6/4 10290/6/4
f 10290/6/4 10289/6/4 10291/6/4
f 10291/6/4 10289/6/4 10292/6/4
f 10293/6/4 10294/6/4 10296/6/4
f 10296/6/4 10294/6/4 10297/6/4
f 10297/6/4 10294/6/4 10298/6/4
f 10295/6/4 10296/6/4 10299/6/4
f 10296/6/4 10297/6/4 10299/6/4
f 10299/6/4 10297/6/4 10300/6/4
f 10295/6/4 10299/6/4 10301/6/4
f 10301/6/4 10299/6/4 10302/6/4
f 10303/6/4 10304/6/4 10305/6/4
f 10305/6/4 10304/6/4 10306/6/4
f 10307/10/4 10308/10/4 10312/10/4
f 10309/10/4 10310/10/4 10312/10/4
f 10308/10/4 10309/10/4 10312/10/4
f 10312/10/4 10310/10/4 10313/10/4
f 10313/10/4 10310/10/4 10314/10/4
f 10311/10/4 10312/10/4 10319/10/4
f 10312/10/4 10313/10/4 10319/10/4
f 10319/10/4 10313/10/4 10320/10/4
f 10315/10/4 10316/10/4 10321/10/4
f 10321/10/4 10316/10/4 10322/10/4
f 10317/10/4 10318/10/4 10326/10/4
f 10326/10/4 10318/10/4 10327/10/4
f 10311/10/4 10319/10/4 10330/10/4
f 10323/10/4 10324/10/4 10331/10/4
f 10331/10/4 10324/10/4 10332/10/4
f 10329/10/4 10330/10/4 10334/10/4
f 10334/10/4 10330/10/4 10335/10/4
f 10330/10/4 10319/10/4 10336/10/4
f 10335/10/4 10330/10/4 10336/10/4
f 10327/10/4 10328/10/4 10339/10/4
f 10325/10/4 10326/10/4 10339/10/4
f 10326/10/4 10327/10/4 10339/10/4
f 10339/10/4 10328/10/4 10340/10/4
f 10340/10/4 10328/10/4 10341/10/4
f 10341/10/4 10328/10/4 10342/10/4
f 10333/10/4 10334/10/4 10345/10/4
f 10334/10/4 10335/10/4 10345/10/4
f 10345/10/4 10335/10/4 10346/10/4
f 10337/10/4 10338/10/4 10347/10/4
f 10347/10/4 10338/10/4 10348/10/4
f 10340/10/4 10341/10/4 10349/10/4
f 10349/10/4 10341/10/4 10350/10/4
f 10343/10/4 10344/10/4 10352/10/4
f 10352/10/4 10344/10/4 10353/10/4
f 10353/10/4 10354/10/4 10357/10/4
f 10352/10/4 10353/10/4 10357/10/4
f 10351/10/4 10352/10/4 10357/10/4
f 10333/10/4 10345/10/4 10359/10/4
f 10357/10/4 10358/10/4 10363/10/4
f 10351/10/4 10357/10/4 10363/10/4
f 10363/10/4 10358/10/4 10364/10/4
f 10364/10/4 10358/10/4 10365/10/4
f 10359/10/4 10360/10/4 10366/10/4
f 10333/10/4 10359/10/4 10366/10/4
f 10366/10/4 10360/10/4 10367/10/4
f 10367/10/4 10360/10/4 10368/10/4
f 10361/10/4 10362/10/4 10369/10/4
f 10369/10/4 10362/10/4 10370/10/4
f 10355/10/4 10356/10/4 10372/10/4
f 10372/10/4 10356/10/4 10373/10/4
f 10351/10/4 10363/10/4 10374/10/4
f 10374/10/4 10363/10/4 10375/10/4
f 10364/10/4 10365/10/4 10376/10/4
f 10365/10/4 10366/10/4 10376/10/4
f 10376/10/4 10366/10/4 10377/10/4
f 10370/10/4 10371/10/4 10378/10/4
f 10367/10/4 10368/10/4 10378/10/4
f 10369/10/4 10370/10/4 10378/10/4
f 10368/10/4 10369/10/4 10378/10/4
f 10378/10/4 10371/10/4 10379/10/4
f 10379/10/4 10371/10/4 10380/10/4
f 10380/10/4 10381/10/4 10386/10/4
f 10379/10/4 10380/10/4 10386/10/4
f 10384/10/4 10385/10/4 10388/10/4
f 10382/10/4 10383/10/4 10388/10/4
f 10383/10/4 10384/10/4 10388/10/4
f 10388/10/4 10385/10/4 10389/10/4
f 10389/10/4 10385/10/4 10390/10/4
f 10390/10/4 10385/10/4 10391/10/4
f 10391/10/4 10385/10/4 10392/10/4
f 10351/10/4 10374/10/4 10394/10/4
f 10377/10/4 10366/10/4 10397/10/4
f 10386/10/4 10387/10/4 10398/10/4
f 10379/10/4 10386/10/4 10398/10/4
f 10398/10/4 10387/10/4 10399/10/4
f 10389/10/4 10390/10/4 10400/10/4
f 10400/10/4 10390/10/4 10401/10/4
f 10391/10/4 10392/10/4 10402/10/4
f 10392/6/4 10393/6/4 10403/6/4
f 10402/10/4 10392/10/4 10403/10/4
f 10394/10/4 10395/10/4 10404/10/4
f 10351/10/4 10394/10/4 10404/10/4
f 10404/10/4 10395/10/4 10405/10/4
f 10405/10/4 10395/10/4 10406/10/4
f 10396/10/4 10397/10/4 10407/10/4
f 10397/10/4 10366/10/4 10408/10/4
f 10407/10/4 10397/10/4 10408/10/4
f 10408/10/4 10366/10/4 10409/10/4
f 10399/10/4 10387/10/4 10412/10/4
f 10412/10/4 10387/10/4 10413/10/4
f 10405/10/4 10406/10/4 10414/10/4
f 10406/10/4 10407/10/4 10414/10/4
f 10407/10/4 10408/10/4 10414/10/4
f 10414/10/4 10408/10/4 10415/10/4
f 10411/10/4 10412/10/4 10416/10/4
f 10410/10/4 10411/10/4 10416/10/4
f 10416/10/4 10412/10/4 10417/10/4
f 10418/10/4 10419/10/4 10420/10/4
f 10403/6/4 10393/6/4 10423/6/4
f 10410/10/4 10416/10/4 10424/10/4
f 10424/10/4 10416/10/4 10425/10/4
f 10420/10/4 10421/10/4 10426/10/4
f 10418/10/4 10420/10/4 10426/10/4
f 10426/10/4 10421/10/4 10427/10/4
f 10422/6/4 10423/6/4 10429/6/4
f 10423/6/4 10393/6/4 10430/6/4
f 10429/6/4 10423/6/4 10430/6/4
f 10430/6/4 10393/6/4 10431/6/4
f 10425/10/4 10416/10/4 10432/10/4
f 10432/10/4 10416/10/4 10433/10/4
f 10429/6/4 10430/6/4 10434/6/4
f 10428/6/4 10429/6/4 10434/6/4
f 10434/6/4 10430/6/4 10435/6/4
f 10436/6/4 10437/6/4 10438/6/4
f 10438/6/4 10437/6/4 10439/6/4
f 10439/6/4 10437/6/4 10440/6/4
f 10439/6/4 10440/6/4 10442/6/4
f 10440/6/4 10441/6/4 10442/6/4
f 10442/6/4 10441/6/4 10443/6/4
f 10444/6/4 10445/6/4 10447/6/4
f 10447/6/4 10445/6/4 10448/6/4
f 10446/6/4 10447/6/4 10450/6/4
f 10450/6/4 10447/6/4 10451/6/4
f 10448/10/4 10449/10/4 10452/10/4
f 10452/10/4 10449/10/4 10453/10/4
f 10454/6/4 10455/6/4 10456/6/4
f 10456/6/4 10455/6/4 10457/6/4
f 10458/10/4 10459/10/4 10463/10/4
f 10459/6/4 10460/6/4 10464/6/4
f 10463/10/4 10459/10/4 10464/10/4
f 10464/6/4 10460/6/4 10465/6/4
f 10461/6/4 10462/6/4 10470/6/4
f 10470/6/4 10462/6/4 10471/6/4
f 10466/6/4 10467/6/4 10472/6/4
f 10472/6/4 10467/6/4 10473/6/4
f 10468/6/4 10469/6/4 10477/6/4
f 10477/6/4 10469/6/4 10478/6/4
f 10478/6/4 10469/6/4 10479/6/4
f 10479/6/4 10469/6/4 10480/6/4
f 10474/6/4 10475/6/4 10484/6/4
f 10484/6/4 10475/6/4 10485/6/4
f 10476/6/4 10477/6/4 10486/6/4
f 10477/6/4 10478/6/4 10486/6/4
f 10486/6/4 10478/6/4 10487/6/4
f 10480/6/4 10481/6/4 10488/6/4
f 10479/6/4 10480/6/4 10488/6/4
f 10488/6/4 10481/6/4 10489/6/4
f 10482/6/4 10483/6/4 10492/6/4
f 10492/6/4 10483/6/4 10493/6/4
f 10489/6/4 10481/6/4 10496/6/4
f 10490/10/4 10491/10/4 10499/10/4
f 10499/10/4 10491/10/4 10500/10/4
f 10494/6/4 10495/6/4 10501/6/4
f 10501/6/4 10495/6/4 10502/6/4
f 10476/6/4 10486/6/4 10503/6/4
f 10496/6/4 10497/6/4 10506/6/4
f 10489/6/4 10496/6/4 10506/6/4
f 10506/6/4 10497/6/4 10507/6/4
f 10507/6/4 10497/6/4 10508/6/4
f 10508/6/4 10497/6/4 10509/6/4
f 10498/6/4 10499/6/4 10510/6/4
f 10503/6/4 10504/6/4 10513/6/4
f 10476/6/4 10503/6/4 10513/6/4
f 10513/6/4 10504/6/4 10514/6/4
f 10514/6/4 10504/6/4 10515/6/4
f 10505/6/4 10506/6/4 10516/6/4
f 10506/6/4 10507/6/4 10516/6/4
f 10516/6/4 10507/6/4 10517/6/4
f 10517/6/4 10507/6/4 10518/6/4
f 10509/6/4 10510/6/4 10519/6/4
f 10508/6/4 10509/6/4 10519/6/4
f 10519/6/4 10510/6/4 10520/6/4
f 10511/6/4 10512/6/4 10521/6/4
f 10521/6/4 10512/6/4 10522/6/4
f 10516/6/4 10517/6/4 10523/6/4
f 10514/6/4 10515/6/4 10523/6/4
f 10515/6/4 10516/6/4 10523/6/4
f 10523/6/4 10517/6/4 10524/6/4
f 10520/6/4 10510/6/4 10525/6/4
f 10510/6/4 10499/6/4 10526/6/4
f 10525/6/4 10510/6/4 10526/6/4
f 10526/6/4 10499/6/4 10527/6/4
f 10527/6/4 10499/6/4 10528/6/4
f 10528/10/4 10529/10/4 10533/10/4
f 10530/6/4 10531/6/4 10536/6/4
f 10531/10/4 10532/10/4 10537/10/4
f 10536/6/4 10531/6/4 10537/6/4
f 10537/10/4 10532/10/4 10538/10/4
f 10534/6/4 10535/6/4 10541/6/4
f 10541/6/4 10535/6/4 10542/6/4
f 10539/6/4 10540/6/4 10543/6/4
f 10543/6/4 10540/6/4 10544/6/4
f 10524/6/4 10517/6/4 10545/6/4
f 10545/6/4 10517/6/4 10546/6/4
f 10528/10/4 10533/10/4 10547/10/4
f 10547/10/4 10533/10/4 10548/10/4
f 10542/6/4 10535/6/4 10550/6/4
f 10550/6/4 10535/6/4 10551/6/4
f 10550/6/4 10551/6/4 10560/6/4
f 10549/6/4 10550/6/4 10560/6/4
f 10551/10/4 10552/10/4 10561/10/4
f 10560/6/4 10551/6/4 10561/6/4
f 10561/10/4 10552/10/4 10562/10/4
f 10555/6/4 10556/6/4 10563/6/4
f 10563/6/4 10556/6/4 10564/6/4
f 10557/6/4 10558/6/4 10565/6/4
f 10565/6/4 10558/6/4 10566/6/4
f 10564/6/4 10565/6/4 10567/6/4
f 10567/6/4 10565/6/4 10568/6/4
f 10553/6/4 10554/6/4 10569/6/4
f 10569/6/4 10554/6/4 10570/6/4
f 10559/6/4 10560/6/4 10571/6/4
f 10571/6/4 10560/6/4 10572/6/4
f 10572/6/4 10573/6/4 10576/6/4
f 10576/6/4 10573/6/4 10577/6/4
f 10574/6/4 10575/6/4 10579/6/4
f 10579/6/4 10575/6/4 10580/6/4
f 10577/6/4 10578/6/4 10582/6/4
f 10582/6/4 10578/6/4 10583/6/4
f 10580/6/4 10581/6/4 10584/6/4
f 10584/6/4 10581/6/4 10585/6/4
f 10585/6/4 10586/6/4 10587/6/4
f 10587/6/4 10586/6/4 10588/6/4
f 10589/6/4 10590/6/4 10594/6/4
f 10590/10/4 10591/10/4 10595/10/4
f 10594/6/4 10590/6/4 10595/6/4
f 10595/10/4 10591/10/4 10596/10/4
f 10592/6/4 10593/6/4 10598/6/4
f 10598/6/4 10593/6/4 10599/6/4
f 10596/10/4 10597/10/4 10600/10/4
f 10595/10/4 10596/10/4 10600/10/4
f 10600/10/4 10597/10/4 10601/10/4
f 10602/6/4 10603/6/4 10604/6/4
f 10604/6/4 10603/6/4 10605/6/4
f 10606/6/4 10607/6/4 10608/6/4
f 10608/6/4 10607/6/4 10609/6/4
f 10610/6/4 10611/6/4 10616/6/4
f 10616/6/4 10611/6/4 10617/6/4
f 10612/6/4 10613/6/4 10618/6/4
f 10618/6/4 10613/6/4 10619/6/4
f 10614/6/4 10615/6/4 10622/6/4
f 10622/6/4 10615/6/4 10623/6/4
f 10620/6/4 10621/6/4 10628/6/4
f 10628/6/4 10621/6/4 10629/6/4
f 10614/6/4 10622/6/4 10630/6/4
f 10630/6/4 10622/6/4 10631/6/4
f 10624/6/4 10625/6/4 10632/6/4
f 10632/6/4 10625/6/4 10633/6/4
f 10626/6/4 10627/6/4 10635/6/4
f 10635/6/4 10627/6/4 10636/6/4
f 10634/6/4 10635/6/4 10641/6/4
f 10641/6/4 10635/6/4 10642/6/4
f 10637/6/4 10638/6/4 10643/6/4
f 10643/6/4 10638/6/4 10644/6/4
f 10639/6/4 10640/6/4 10646/6/4
f 10646/6/4 10640/6/4 10647/6/4
f 10645/6/4 10646/6/4 10650/6/4
f 10650/6/4 10646/6/4 10651/6/4
f 10648/6/4 10649/6/4 10652/6/4
f 10652/6/4 10649/6/4 10653/6/4
f 10655/6/4 10656/6/4 10657/6/4
f 10657/6/4 10656/6/4 10658/6/4
f 10653/6/4 10654/6/4 10661/6/4
f 10659/6/4 10660/6/4 10663/6/4
f 10663/6/4 10660/6/4 10664/6/4
f 10661/6/4 10662/6/4 10665/6/4
f 10653/6/4 10661/6/4 10665/6/4
f 10665/6/4 10662/6/4 10666/6/4
f 10667/10/4 10668/10/4 10671/10/4
f 10671/10/4 10668/10/4 10672/10/4
f 10664/6/4 10660/6/4 10673/6/4
f 10673/6/4 10660/6/4 10674/6/4
f 10669/6/4 10670/6/4 10675/6/4
f 10675/6/4 10670/6/4 10676/6/4
f 10676/6/4 10677/6/4 10684/6/4
f 10684/6/4 10677/6/4 10685/6/4
f 10678/6/4 10679/6/4 10686/6/4
f 10686/6/4 10679/6/4 10687/6/4
f 10680/6/4 10681/6/4 10688/6/4
f 10688/6/4 10681/6/4 10689/6/4
f 10682/10/4 10683/10/4 10690/10/4
f 10682/10/4 10690/10/4 10694/10/4
f 10691/6/4 10692/6/4 10695/6/4
f 10695/6/4 10692/6/4 10696/6/4
f 10693/6/4 10694/6/4 10699/6/4
f 10694/10/4 10690/10/4 10700/10/4
f 10699/6/4 10694/6/4 10700/6/4
f 10697/6/4 10698/6/4 10703/6/4
f 10703/6/4 10698/6/4 10704/6/4
f 10700/10/4 10690/10/4 10705/10/4
f 10705/10/4 10690/10/4 10706/10/4
f 10701/6/4 10702/6/4 10708/6/4
f 10708/6/4 10702/6/4 10709/6/4
f 10706/6/4 10707/6/4 10710/6/4
f 10705/6/4 10706/6/4 10710/6/4
f 10705/6/4 10710/6/4 10714/6/4
f 10710/6/4 10711/6/4 10714/6/4
f 10714/6/4 10711/6/4 10715/6/4
f 10712/6/4 10713/6/4 10716/6/4
f 10716/6/4 10713/6/4 10717/6/4
f 10715/6/4 10711/6/4 10718/6/4
f 10718/6/4 10711/6/4 10719/6/4
f 10719/6/4 10711/6/4 10720/6/4
f 10720/6/4 10711/6/4 10721/6/4
f 10722/6/4 10723/6/4 10725/6/4
f 10725/6/4 10723/6/4 10726/6/4
f 10724/6/4 10725/6/4 10726/6/4
f 10726/6/4 10727/6/4 10728/6/4
f 10724/6/4 10726/6/4 10730/6/4
f 10728/6/4 10729/6/4 10730/6/4
f 10726/6/4 10728/6/4 10730/6/4
f 10730/6/4 10729/6/4 10731/6/4
f 10731/6/4 10729/6/4 10732/6/4
f 10732/6/4 10733/6/4 10734/6/4
f 10731/6/4 10732/6/4 10734/6/4
f 10734/6/4 10733/6/4 10735/6/4
f 10731/6/4 10734/6/4 10736/6/4
f 10736/6/4 10734/6/4 10737/6/4
f 10738/6/4 10739/6/4 10742/6/4
f 10742/6/4 10739/6/4 10743/6/4
f 10740/6/4 10741/6/4 10746/6/4
f 10746/6/4 10741/6/4 10747/6/4
f 10744/10/4 10745/10/4 10748/10/4
f 10748/10/4 10745/10/4 10749/10/4
f 10749/10/4 10750/10/4 10753/10/4
f 10753/10/4 10750/10/4 10754/10/4
f 10751/6/4 10752/6/4 10755/6/4
f 10755/6/4 10752/6/4 10756/6/4
f 10757/6/4 10758/6/4 10759/6/4
f 10759/6/4 10758/6/4 10760/6/4
f 10761/6/4 10762/6/4 10763/6/4
f 10763/6/4 10762/6/4 10764/6/4
f 10765/6/4 10766/6/4 10767/6/4
f 10767/6/4 10766/6/4 10768/6/4
f 10768/6/4 10769/6/4 10772/6/4
f 10772/6/4 10769/6/4 10773/6/4
f 10770/6/4 10771/6/4 10776/6/4
f 10776/6/4 10771/6/4 10777/6/4
f 10774/6/4 10775/6/4 10778/6/4
f 10774/6/4 10778/6/4 10784/6/4
f 10778/6/4 10779/6/4 10784/6/4
f 10784/6/4 10779/6/4 10785/6/4
f 10780/10/4 10781/10/4 10786/10/4
f 10786/10/4 10781/10/4 10787/10/4
f 10782/6/4 10783/6/4 10788/6/4
f 10788/6/4 10783/6/4 10789/6/4
f 10785/6/4 10779/6/4 10791/6/4
f 10791/6/4 10779/6/4 10792/6/4
f 10789/6/4 10790/6/4 10793/6/4
f 10793/6/4 10790/6/4 10794/6/4
f 10794/6/4 10795/6/4 10796/6/4
f 10796/6/4 10795/6/4 10797/6/4
f 10798/6/4 10799/6/4 10802/6/4
f 10802/6/4 10799/6/4 10803/6/4
f 10800/6/4 10801/6/4 10805/6/4
f 10805/6/4 10801/6/4 10806/6/4
f 10803/6/4 10804/6/4 10807/6/4
f 10807/6/4 10804/6/4 10808/6/4
f 10809/6/4 10810/6/4 10813/6/4
f 10813/6/4 10810/6/4 10814/6/4
f 10811/6/4 10812/6/4 10817/6/4
f 10817/6/4 10812/6/4 10818/6/4
f 10815/6/4 10816/6/4 10819/6/4
f 10819/6/4 10816/6/4 10820/6/4
f 10821/6/4 10822/6/4 10825/6/4
f 10825/6/4 10822/6/4 10826/6/4
f 10823/6/4 10824/6/4 10827/6/4
f 10827/6/4 10824/6/4 10828/6/4
f 10829/6/4 10830/6/4 10831/6/4
f 10831/6/4 10830/6/4 10832/6/4
f 10828/6/4 10824/6/4 10833/6/4
f 10833/6/4 10824/6/4 10834/6/4
f 10834/6/4 10835/6/4 10836/6/4
f 10836/6/4 10835/6/4 10837/6/4
f 10837/6/4 10838/6/4 10839/6/4
f 10839/6/4 10838/6/4 10840/6/4
f 10841/6/4 10842/6/4 10843/6/4
f 10843/6/4 10842/6/4 10844/6/4
f 10844/6/4 10845/6/4 10847/6/4
f 10847/6/4 10845/6/4 10848/6/4
f 10846/6/4 10847/6/4 10850/6/4
f 10850/6/4 10847/6/4 10851/6/4
f 10849/6/4 10850/6/4 10852/6/4
f 10852/6/4 10850/6/4 10853/6/4
f 10853/6/4 10854/6/4 10855/6/4
f 10855/6/4 10854/6/4 10856/6/4
f 10856/6/4 10854/6/4 10857/6/4
f 10857/6/4 10854/6/4 10858/6/4
f 10858/6/4 10859/6/4 10860/6/4
f 10860/6/4 10859/6/4 10861/6/4
f 10862/6/4 10863/6/4 10868/6/4
f 10868/6/4 10863/6/4 10869/6/4
f 10864/6/4 10865/6/4 10870/6/4
f 10870/6/4 10865/6/4 10871/6/4
f 10866/6/4 10867/6/4 10875/6/4
f 10875/6/4 10867/6/4 10876/6/4
f 10872/10/4 10873/10/4 10877/10/4
f 10877/10/4 10873/10/4 10878/10/4
f 10874/6/4 10875/6/4 10879/6/4
f 10879/6/4 10875/6/4 10880/6/4
f 10881/6/4 10882/6/4 10883/6/4
f 10883/6/4 10882/6/4 10884/6/4
f 10885/6/4 10886/6/4 10887/6/4
f 10887/6/4 10886/6/4 10888/6/4
f 10889/6/4 10890/6/4 10891/6/4
f 10891/6/4 10890/6/4 10892/6/4
f 10893/6/4 10894/6/4 10895/6/4
f 10895/6/4 10894/6/4 10896/6/4
f 10896/6/4 10894/6/4 10897/6/4
f 10896/6/4 10897/6/4 10903/6/4
f 10897/6/4 10898/6/4 10903/6/4
f 10903/6/4 10898/6/4 10904/6/4
f 10904/6/4 10898/6/4 10905/6/4
f 10899/6/4 10900/6/4 10907/6/4
f 10907/6/4 10900/6/4 10908/6/4
f 10901/6/4 10902/6/4 10909/6/4
f 10909/6/4 10902/6/4 10910/6/4
f 10905/6/4 10906/6/4 10912/6/4
f 10904/6/4 10905/6/4 10912/6/4
f 10912/6/4 10906/6/4 10913/6/4
f 10913/6/4 10906/6/4 10914/6/4
f 10910/6/4 10911/6/4 10918/6/4
f 10909/6/4 10910/6/4 10918/6/4
f 10918/6/4 10911/6/4 10919/6/4
f 10914/6/4 10915/6/4 10920/6/4
f 10913/6/4 10914/6/4 10920/6/4
f 10920/6/4 10915/6/4 10921/6/4
f 10916/6/4 10917/6/4 10922/6/4
f 10922/6/4 10917/6/4 10923/6/4
f 10919/6/4 10911/6/4 10924/6/4
f 10924/6/4 10911/6/4 10925/6/4
f 10921/6/4 10915/6/4 10926/6/4
f 10921/6/4 10926/6/4 10929/6/4
f 10929/6/4 10926/6/4 10930/6/4
f 10927/6/4 10928/6/4 10931/6/4
f 10931/6/4 10928/6/4 10932/6/4
f 10933/6/4 10934/6/4 10935/6/4
f 10935/6/4 10934/6/4 10936/6/4
f 10937/6/4 10938/6/4 10939/6/4
f 10939/6/4 10938/6/4 10940/6/4
f 10941/6/4 10942/6/4 10943/6/4
f 10943/6/4 10942/6/4 10944/6/4
f 10945/10/4 10946/10/4 10947/10/4
f 10947/10/4 10946/10/4 10948/10/4
f 10948/6/4 10949/6/4 10950/6/4
f 10950/6/4 10949/6/4 10951/6/4
f 10951/6/4 10949/6/4 10952/6/4
f 10952/6/4 10953/6/4 10954/6/4
f 10951/6/4 10952/6/4 10954/6/4
f 10954/6/4 10953/6/4 10955/6/4
f 10955/6/4 10953/6/4 10956/6/4
f 10957/6/4 10958/6/4 10962/6/4
f 10962/6/4 10958/6/4 10963/6/4
f 10963/6/4 10958/6/4 10964/6/4
f 10959/6/4 10960/6/4 10965/6/4
f 10965/6/4 10960/6/4 10966/6/4
f 10961/6/4 10962/6/4 10967/6/4
f 10962/6/4 10963/6/4 10967/6/4
f 10967/6/4 10963/6/4 10968/6/4
f 10969/10/4 10970/10/4 10971/10/4
f 10971/10/4 10970/10/4 10972/10/4
f 10961/6/4 10967/6/4 10973/6/4
f 10973/6/4 10967/6/4 10974/6/4
f 10975/6/4 10976/6/4 10977/6/4
f 10977/6/4 10976/6/4 10978/6/4
f 10979/6/4 10980/6/4 10981/6/4
f 10981/6/4 10980/6/4 10982/6/4
f 10983/6/4 10984/6/4 10987/6/4
f 10987/6/4 10984/6/4 10988/6/4
f 10985/6/4 10986/6/4 10993/6/4
f 10993/6/4 10986/6/4 10994/6/4
f 10989/6/4 10990/6/4 10995/6/4
f 10995/6/4 10990/6/4 10996/6/4
f 10991/10/4 10992/10/4 10999/10/4
f 10999/10/4 10992/10/4 11000/10/4
f 11000/10/4 10992/10/4 11001/10/4
f 11001/10/4 10992/10/4 11002/10/4
f 10996/6/4 10997/6/4 11004/6/4
f 11004/6/4 10997/6/4 11005/6/4
f 10999/6/4 11000/6/4 11008/6/4
f 10998/6/4 10999/6/4 11008/6/4
f 11008/6/4 11000/6/4 11009/6/4
f 11002/6/4 11003/6/4 11010/6/4
f 11001/6/4 11002/6/4 11010/6/4
f 11010/6/4 11003/6/4 11011/6/4
f 11006/6/4 11007/6/4 11012/6/4
f 11012/6/4 11007/6/4 11013/6/4
f 11014/6/4 11015/6/4 11016/6/4
f 11016/6/4 11015/6/4 11017/6/4
f 11011/6/4 11003/6/4 11018/6/4
f 11018/6/4 11003/6/4 11019/6/4
f 11020/6/4 11021/6/4 11022/6/4
f 11022/6/4 11021/6/4 11023/6/4
f 11024/6/4 11025/6/4 11026/6/4
f 11026/6/4 11025/6/4 11027/6/4
f 11027/6/4 11028/6/4 11029/6/4
f 11029/6/4 11028/6/4 11030/6/4
f 11031/6/4 11032/6/4 11033/6/4
f 11033/6/4 11032/6/4 11034/6/4
f 11035/6/4 11036/6/4 11037/6/4
f 11035/6/4 11037/6/4 11039/6/4
f 11037/6/4 11038/6/4 11039/6/4
f 11039/6/4 11038/6/4 11040/6/4
f 11040/6/4 11038/6/4 11041/6/4
f 11041/6/4 11038/6/4 11042/6/4
f 11043/6/4 11044/6/4 11045/6/4
f 11043/6/4 11045/6/4 11047/6/4
f 11045/10/4 11046/10/4 11048/10/4
f 11047/6/4 11045/6/4 11048/6/4
f 11048/10/4 11046/10/4 11049/10/4
f 11048/10/4 11049/10/4 11051/10/4
f 11049/6/4 11050/6/4 11052/6/4
f 11051/10/4 11049/10/4 11052/10/4
f 11052/6/4 11050/6/4 11053/6/4
f 11053/6/4 11054/6/4 11055/6/4
f 11055/6/4 11054/6/4 11056/6/4
f 11057/6/4 11058/6/4 11059/6/4
f 11059/6/4 11058/6/4 11060/6/4
f 11060/6/4 11061/6/4 11062/6/4
f 11062/6/4 11061/6/4 11063/6/4
f 11064/6/4 11065/6/4 11070/6/4
f 11070/6/4 11065/6/4 11071/6/4
f 11066/6/4 11067/6/4 11072/6/4
f 11072/6/4 11067/6/4 11073/6/4
f 11068/6/4 11069/6/4 11075/6/4
f 11075/6/4 11069/6/4 11076/6/4
f 11073/6/4 11074/6/4 11077/6/4
f 11077/6/4 11074/6/4 11078/6/4
f 11079/6/4 11080/6/4 11081/6/4
f 11081/6/4 11080/6/4 11082/6/4
f 11083/6/4 11084/6/4 11085/6/4
f 11085/6/4 11084/6/4 11086/6/4
f 11087/6/4 11088/6/4 11093/6/4
f 11093/6/4 11088/6/4 11094/6/4
f 11089/6/4 11090/6/4 11095/6/4
f 11095/6/4 11090/6/4 11096/6/4
f 11091/7/4 11092/7/4 11099/7/4
f 11099/7/4 11092/7/4 11100/7/4
f 11097/10/4 11098/10/4 11106/10/4
f 11106/10/4 11098/10/4 11107/10/4
f 11101/6/4 11102/6/4 11108/6/4
f 11108/6/4 11102/6/4 11109/6/4
f 11103/6/4 11104/6/4 11110/6/4
f 11110/6/4 11104/6/4 11111/6/4
f 11105/6/4 11106/6/4 11112/6/4
f 11112/6/4 11106/6/4 11113/6/4
f 11116/6/4 11117/6/4 11118/6/4
f 11118/6/4 11117/6/4 11119/6/4
f 11114/6/4 11115/6/4 11120/6/4
f 11120/6/4 11115/6/4 11121/6/4
f 11122/6/4 11123/6/4 11124/6/4
f 11124/6/4 11123/6/4 11125/6/4
f 11126/6/4 11127/6/4 11128/6/4
f 11128/6/4 11127/6/4 11129/6/4
f 11130/6/4 11131/6/4 11132/6/4
f 11130/6/4 11132/6/4 11134/6/4
f 11132/6/4 11133/6/4 11134/6/4
f 11134/6/4 11133/6/4 11135/6/4
f 11135/6/4 11133/6/4 11136/6/4
f 11136/6/4 11137/6/4 11138/6/4
f 11135/6/4 11136/6/4 11138/6/4
f 11138/6/4 11137/6/4 11139/6/4
f 11139/6/4 11137/6/4 11140/6/4
f 11140/6/4 11137/6/4 11141/6/4
f 11141/6/4 11142/6/4 11143/6/4
f 11143/6/4 11142/6/4 11144/6/4
f 11145/6/4 11146/6/4 11147/6/4
f 11147/6/4 11146/6/4 11148/6/4
f 11149/6/4 11150/6/4 11155/6/4
f 11155/6/4 11150/6/4 11156/6/4
f 11151/6/4 11152/6/4 11158/6/4
f 11158/6/4 11152/6/4 11159/6/4
f 11153/6/4 11154/6/4 11160/6/4
f 11160/6/4 11154/6/4 11161/6/4
f 11156/6/4 11157/6/4 11162/6/4
f 11162/6/4 11157/6/4 11163/6/4
f 11163/6/4 11164/6/4 11167/6/4
f 11167/6/4 11164/6/4 11168/6/4
f 11165/6/4 11166/6/4 11169/6/4
f 11169/6/4 11166/6/4 11170/6/4
f 11171/6/4 11172/6/4 11173/6/4
f 11173/6/4 11172/6/4 11174/6/4
f 11175/6/4 11176/6/4 11177/6/4
f 11177/6/4 11176/6/4 11178/6/4
f 11179/7/4 11180/7/4 11187/7/4
f 11187/7/4 11180/7/4 11188/7/4
f 11181/7/4 11182/7/4 11189/7/4
f 11189/7/4 11182/7/4 11190/7/4
f 11183/6/4 11184/6/4 11191/6/4
f 11191/6/4 11184/6/4 11192/6/4
f 11185/10/4 11186/10/4 11193/10/4
f 11193/10/4 11186/10/4 11194/10/4
f 11195/6/4 11196/6/4 11197/6/4
f 11197/6/4 11196/6/4 11198/6/4
f 11199/6/4 11200/6/4 11201/6/4
f 11201/6/4 11200/6/4 11202/6/4
f 11203/6/4 11204/6/4 11205/6/4
f 11205/6/4 11204/6/4 11206/6/4
f 11207/6/4 11208/6/4 11209/6/4
f 11209/6/4 11208/6/4 11210/6/4
f 11211/6/4 11212/6/4 11213/6/4
f 11213/6/4 11212/6/4 11214/6/4
f 11215/6/4 11216/6/4 11217/6/4
f 11217/6/4 11216/6/4 11218/6/4
f 11218/6/4 11216/6/4 11219/6/4
f 11219/6/4 11216/6/4 11220/6/4
f 11221/6/4 11222/6/4 11223/6/4
f 11223/6/4 11222/6/4 11224/6/4
f 11225/6/4 11226/6/4 11227/6/4
f 11227/6/4 11226/6/4 11228/6/4
f 11229/6/4 11230/6/4 11231/6/4
f 11231/6/4 11230/6/4 11232/6/4
f 11233/6/4 11234/6/4 11235/6/4
f 11235/6/4 11234/6/4 11236/6/4
f 11237/1/4 11238/1/4 11239/1/4
f 11239/1/4 11238/1/4 11240/1/4
f 11241/6/4 11242/6/4 11245/6/4
f 11245/6/4 11242/6/4 11246/6/4
f 11243/7/4 11244/7/4 11247/7/4
f 11247/7/4 11244/7/4 11248/7/4
f 11249/6/4 11250/6/4 11251/6/4
f 11251/6/4 11250/6/4 11252/6/4
f 11253/6/4 11254/6/4 11255/6/4
f 11255/6/4 11254/6/4 11256/6/4
f 11257/10/4 11258/10/4 11261/10/4
f 11259/6/4 11260/6/4 11262/6/4
f 11262/6/4 11260/6/4 11263/6/4
f 11257/10/4 11261/10/4 11264/10/4
f 11264/10/4 11261/10/4 11265/10/4
f 11266/6/4 11267/6/4 11268/6/4
f 11268/6/4 11267/6/4 11269/6/4
f 11270/6/4 11271/6/4 11272/6/4
f 11272/6/4 11271/6/4 11273/6/4
f 11274/6/4 11275/6/4 11276/6/4
f 11276/6/4 11275/6/4 11277/6/4
f 11278/6/4 11279/6/4 11280/6/4
f 11280/6/4 11279/6/4 11281/6/4
f 11282/6/4 11283/6/4 11284/6/4
f 11284/6/4 11283/6/4 11285/6/4
f 11286/6/4 11287/6/4 11288/6/4
f 11288/6/4 11287/6/4 11289/6/4
f 11290/6/4 11291/6/4 11292/6/4
f 11292/6/4 11291/6/4 11293/6/4
f 11294/6/4 11295/6/4 11296/6/4
f 11296/6/4 11295/6/4 11297/6/4
f 11298/6/4 11299/6/4 11300/6/4
f 11300/6/4 11299/6/4 11301/6/4
f 11302/10/4 11303/10/4 11306/10/4
f 11306/10/4 11303/10/4 11307/10/4
f 11304/6/4 11305/6/4 11310/6/4
f 11310/6/4 11305/6/4 11311/6/4
f 11308/10/4 11309/10/4 11312/10/4
f 11312/10/4 11309/10/4 11313/10/4
f 11312/6/4 11313/6/4 11316/6/4
f 11316/6/4 11313/6/4 11317/6/4
f 11314/6/4 11315/6/4 11318/6/4
f 11318/6/4 11315/6/4 11319/6/4
f 11320/6/4 11321/6/4 11322/6/4
f 11322/6/4 11321/6/4 11323/6/4
f 11324/6/4 11325/6/4 11326/6/4
f 11326/6/4 11325/6/4 11327/6/4
f 11328/6/4 11329/6/4 11330/6/4
f 11330/6/4 11329/6/4 11331/6/4
f 11332/6/4 11333/6/4 11334/6/4
f 11334/6/4 11333/6/4 11335/6/4
f 11336/6/4 11337/6/4 11339/6/4
f 11339/6/4 11337/6/4 11340/6/4
f 11338/6/4 11339/6/4 11342/6/4
f 11342/6/4 11339/6/4 11343/6/4
f 11341/6/4 11342/6/4 11344/6/4
f 11344/6/4 11342/6/4 11345/6/4
f 11346/6/4 11347/6/4 11348/6/4
f 11348/6/4 11347/6/4 11349/6/4
f 11350/6/4 11351/6/4 11352/6/4
f 11352/6/4 11351/6/4 11353/6/4
f 11354/6/4 11355/6/4 11358/6/4
f 11358/6/4 11355/6/4 11359/6/4
f 11356/6/4 11357/6/4 11360/6/4
f 11360/6/4 11357/6/4 11361/6/4
f 11362/6/4 11363/6/4 11364/6/4
f 11364/6/4 11363/6/4 11365/6/4
f 11366/6/4 11367/6/4 11368/6/4
f 11368/6/4 11367/6/4 11369/6/4
f 11370/6/4 11371/6/4 11374/6/4
f 11374/6/4 11371/6/4 11375/6/4
f 11372/6/4 11373/6/4 11378/6/4
f 11378/6/4 11373/6/4 11379/6/4
f 11376/6/4 11377/6/4 11380/6/4
f 11380/6/4 11377/6/4 11381/6/4
f 11382/6/4 11383/6/4 11384/6/4
f 11384/6/4 11383/6/4 11385/6/4
f 11385/6/4 11386/6/4 11387/6/4
f 11387/6/4 11386/6/4 11388/6/4
f 11389/6/4 11390/6/4 11392/6/4
f 11392/6/4 11390/6/4 11393/6/4
f 11393/6/4 11390/6/4 11394/6/4
f 11394/6/4 11390/6/4 11395/6/4
f 11391/6/4 11392/6/4 11398/6/4
f 11392/6/4 11393/6/4 11398/6/4
f 11398/6/4 11393/6/4 11399/6/4
f 11399/6/4 11393/6/4 11400/6/4
f 11394/6/4 11395/6/4 11401/6/4
f 11395/6/4 11396/6/4 11401/6/4
f 11401/6/4 11396/6/4 11402/6/4
f 11398/6/4 11399/6/4 11404/6/4
f 11397/6/4 11398/6/4 11404/6/4
f 11404/6/4 11399/6/4 11405/6/4
f 11405/6/4 11399/6/4 11406/6/4
f 11403/6/4 11404/6/4 11407/6/4
f 11404/6/4 11405/6/4 11407/6/4
f 11407/6/4 11405/6/4 11408/6/4
f 11403/6/4 11407/6/4 11409/6/4
f 11403/6/4 11409/6/4 11411/6/4
f 11409/6/4 11410/6/4 11411/6/4
f 11411/6/4 11410/6/4 11412/6/4
f 11412/6/4 11410/6/4 11413/6/4
f 11413/6/4 11410/6/4 11414/6/4
f 11415/6/4 11416/6/4 11417/6/4
f 11417/6/4 11416/6/4 11418/6/4
f 11419/6/4 11420/6/4 11421/6/4
f 11421/6/4 11420/6/4 11422/6/4
f 11422/6/4 11420/6/4 11423/6/4
f 11423/6/4 11424/6/4 11425/6/4
f 11422/6/4 11423/6/4 11425/6/4
f 11425/6/4 11424/6/4 11426/6/4
f 11426/6/4 11424/6/4 11427/6/4
f 11428/6/4 11429/6/4 11430/6/4
f 11430/6/4 11429/6/4 11431/6/4
f 11432/6/4 11433/6/4 11434/6/4
f 11434/6/4 11433/6/4 11435/6/4
f 11436/6/4 11437/6/4 11439/6/4
f 11439/6/4 11437/6/4 11440/6/4
f 11439/6/4 11440/6/4 11445/6/4
f 11438/6/4 11439/6/4 11445/6/4
f 11440/6/4 11441/6/4 11445/6/4
f 11445/6/4 11441/6/4 11446/6/4
f 11446/6/4 11441/6/4 11447/6/4
f 11442/6/4 11443/6/4 11450/6/4
f 11450/6/4 11443/6/4 11451/6/4
f 11444/6/4 11445/6/4 11453/6/4
f 11445/6/4 11446/6/4 11453/6/4
f 11453/6/4 11446/6/4 11454/6/4
f 11448/6/4 11449/6/4 11455/6/4
f 11455/6/4 11449/6/4 11456/6/4
f 11451/10/4 11452/10/4 11457/10/4
f 11457/10/4 11452/10/4 11458/10/4
f 11444/6/4 11453/6/4 11460/6/4
f 11460/6/4 11453/6/4 11461/6/4
f 11461/6/4 11453/6/4 11462/6/4
f 11459/6/4 11460/6/4 11465/6/4
f 11460/6/4 11461/6/4 11465/6/4
f 11465/6/4 11461/6/4 11466/6/4
f 11463/6/4 11464/6/4 11467/6/4
f 11467/6/4 11464/6/4 11468/6/4
f 11459/6/4 11465/6/4 11469/6/4
f 11459/6/4 11469/6/4 11471/6/4
f 11469/6/4 11470/6/4 11471/6/4
f 11471/6/4 11470/6/4 11472/6/4
f 11472/6/4 11470/6/4 11473/6/4
f 11473/6/4 11474/6/4 11475/6/4
f 11472/6/4 11473/6/4 11475/6/4
f 11475/6/4 11474/6/4 11476/6/4
f 11477/6/4 11478/6/4 11479/6/4
f 11479/6/4 11478/6/4 11480/6/4
f 11481/6/4 11482/6/4 11483/6/4
f 11483/6/4 11482/6/4 11484/6/4
f 11485/6/4 11486/6/4 11487/6/4
f 11487/6/4 11486/6/4 11488/6/4
f 11488/6/4 11489/6/4 11490/6/4
f 11490/6/4 11489/6/4 11491/6/4
f 11492/6/4 11493/6/4 11496/6/4
f 11496/6/4 11493/6/4 11497/6/4
f 11494/6/4 11495/6/4 11499/6/4
f 11499/6/4 11495/6/4 11500/6/4
f 11500/6/4 11495/6/4 11501/6/4
f 11501/6/4 11495/6/4 11502/6/4
f 11498/6/4 11499/6/4 11505/6/4
f 11499/6/4 11500/6/4 11505/6/4
f 11505/6/4 11500/6/4 11506/6/4
f 11506/6/4 11500/6/4 11507/6/4
f 11501/6/4 11502/6/4 11508/6/4
f 11502/6/4 11503/6/4 11508/6/4
f 11508/6/4 11503/6/4 11509/6/4
f 11505/6/4 11506/6/4 11511/6/4
f 11504/6/4 11505/6/4 11511/6/4
f 11511/6/4 11506/6/4 11512/6/4
f 11509/6/4 11510/6/4 11513/6/4
f 11513/6/4 11510/6/4 11514/6/4
f 11515/10/4 11516/10/4 11519/10/4
f 11519/10/4 11516/10/4 11520/10/4
f 11504/6/4 11511/6/4 11523/6/4
f 11523/6/4 11511/6/4 11524/6/4
f 11517/6/4 11518/6/4 11525/6/4
f 11525/6/4 11518/6/4 11526/6/4
f 11521/7/4 11522/7/4 11527/7/4
f 11527/7/4 11522/7/4 11528/7/4
f 11529/6/4 11530/6/4 11531/6/4
f 11531/6/4 11530/6/4 11532/6/4
f 11533/6/4 11534/6/4 11535/6/4
f 11535/6/4 11534/6/4 11536/6/4
f 11537/6/4 11538/6/4 11539/6/4
f 11539/6/4 11538/6/4 11540/6/4
f 11541/6/4 11542/6/4 11543/6/4
f 11543/6/4 11542/6/4 11544/6/4
f 11545/6/4 11546/6/4 11547/6/4
f 11547/6/4 11546/6/4 11548/6/4
f 11549/6/4 11550/6/4 11553/6/4
f 11553/6/4 11550/6/4 11554/6/4
f 11551/6/4 11552/6/4 11560/6/4
f 11560/6/4 11552/6/4 11561/6/4
f 11555/6/4 11556/6/4 11562/6/4
f 11562/6/4 11556/6/4 11563/6/4
f 11557/6/4 11558/6/4 11565/6/4
f 11565/6/4 11558/6/4 11566/6/4
f 11559/6/4 11560/6/4 11567/6/4
f 11567/6/4 11560/6/4 11568/6/4
f 11563/6/4 11564/6/4 11569/6/4
f 11569/6/4 11564/6/4 11570/6/4
f 11571/6/4 11572/6/4 11575/6/4
f 11575/6/4 11572/6/4 11576/6/4
f 11577/7/4 11578/7/4 11579/7/4
f 11579/7/4 11578/7/4 11580/7/4
f 11573/6/4 11574/6/4 11581/6/4
f 11581/6/4 11574/6/4 11582/6/4
f 11583/6/4 11584/6/4 11587/6/4
f 11587/6/4 11584/6/4 11588/6/4
f 11585/6/4 11586/6/4 11589/6/4
f 11589/6/4 11586/6/4 11590/6/4
f 11591/6/4 11592/6/4 11597/6/4
f 11597/6/4 11592/6/4 11598/6/4
f 11593/6/4 11594/6/4 11599/6/4
f 11599/6/4 11594/6/4 11600/6/4
f 11595/6/4 11596/6/4 11601/6/4
f 11601/6/4 11596/6/4 11602/6/4
f 11603/6/4 11604/6/4 11605/6/4
f 11605/6/4 11604/6/4 11606/6/4
f 11607/6/4 11608/6/4 11611/6/4
f 11611/6/4 11608/6/4 11612/6/4
f 11609/6/4 11610/6/4 11613/6/4
f 11613/6/4 11610/6/4 11614/6/4
f 11615/6/4 11616/6/4 11617/6/4
f 11617/6/4 11616/6/4 11618/6/4
f 11619/6/4 11620/6/4 11625/6/4
f 11625/6/4 11620/6/4 11626/6/4
f 11621/6/4 11622/6/4 11627/6/4
f 11627/6/4 11622/6/4 11628/6/4
f 11623/6/4 11624/6/4 11629/6/4
f 11629/6/4 11624/6/4 11630/6/4
f 11631/6/4 11632/6/4 11633/6/4
f 11633/6/4 11632/6/4 11634/6/4
f 11635/6/4 11636/6/4 11637/6/4
f 11637/6/4 11636/6/4 11638/6/4
f 11639/6/4 11640/6/4 11641/6/4
f 11641/6/4 11640/6/4 11642/6/4
f 11642/6/4 11640/6/4 11643/6/4
f 11643/6/4 11644/6/4 11645/6/4
f 11642/6/4 11643/6/4 11645/6/4
f 11645/6/4 11644/6/4 11646/6/4
f 11646/6/4 11644/6/4 11647/6/4
f 11647/6/4 11644/6/4 11648/6/4
f 11649/6/4 11650/6/4 11651/6/4
f 11651/6/4 11650/6/4 11652/6/4
f 11653/6/4 11654/6/4 11655/6/4
f 11655/6/4 11654/6/4 11656/6/4
f 11657/6/4 11658/6/4 11659/6/4
f 11659/6/4 11658/6/4 11660/6/4
f 11661/1/4 11662/1/4 11663/1/4
f 11663/1/4 11662/1/4 11664/1/4
f 11665/1/4 11666/1/4 11667/1/4
f 11667/1/4 11666/1/4 11668/1/4
f 11669/6/4 11670/6/4 11672/6/4
f 11672/6/4 11670/6/4 11673/6/4
f 11673/6/4 11670/6/4 11674/6/4
f 11671/6/4 11672/6/4 11675/6/4
f 11672/6/4 11673/6/4 11675/6/4
f 11675/6/4 11673/6/4 11676/6/4
f 11671/6/4 11675/6/4 11679/6/4
f 11679/6/4 11675/6/4 11680/6/4
f 11677/6/4 11678/6/4 11681/6/4
f 11681/6/4 11678/6/4 11682/6/4
f 11683/6/4 11684/6/4 11685/6/4
f 11685/6/4 11684/6/4 11686/6/4
f 11687/6/4 11688/6/4 11689/6/4
f 11689/6/4 11688/6/4 11690/6/4
f 11691/6/4 11692/6/4 11693/6/4
f 11693/6/4 11692/6/4 11694/6/4
f 11695/6/4 11696/6/4 11697/6/4
f 11697/6/4 11696/6/4 11698/6/4
f 11699/1/4 11700/1/4 11703/1/4
f 11703/1/4 11700/1/4 11704/1/4
f 11701/1/4 11702/1/4 11709/1/4
f 11709/1/4 11702/1/4 11710/1/4
f 11705/10/4 11706/10/4 11711/10/4
f 11711/10/4 11706/10/4 11712/10/4
f 11707/10/4 11708/10/4 11713/10/4
f 11713/10/4 11708/10/4 11714/10/4
f 11715/6/4 11716/6/4 11719/6/4
f 11719/6/4 11716/6/4 11720/6/4
f 11717/10/4 11718/10/4 11723/10/4
f 11723/10/4 11718/10/4 11724/10/4
f 11721/6/4 11722/6/4 11725/6/4
f 11725/6/4 11722/6/4 11726/6/4
f 11727/10/4 11728/10/4 11731/10/4
f 11731/10/4 11728/10/4 11732/10/4
f 11729/6/4 11730/6/4 11733/6/4
f 11733/6/4 11730/6/4 11734/6/4
f 11735/10/4 11736/10/4 11739/10/4
f 11739/10/4 11736/10/4 11740/10/4
f 11737/6/4 11738/6/4 11741/6/4
f 11741/6/4 11738/6/4 11742/6/4
f 11743/6/4 11744/6/4 11745/6/4
f 11745/6/4 11744/6/4 11746/6/4
f 11747/3/4 11748/3/4 11749/3/4
f 11749/3/4 11748/3/4 11750/3/4
f 11751/7/4 11752/7/4 11753/7/4
f 11753/7/4 11752/7/4 11754/7/4
f 11755/6/4 11756/6/4 11757/6/4
f 11757/6/4 11756/6/4 11758/6/4
f 11759/10/4 11760/10/4 11763/10/4
f 11763/10/4 11760/10/4 11764/10/4
f 11761/10/4 11762/10/4 11765/10/4
f 11765/10/4 11762/10/4 11766/10/4
f 11767/6/4 11768/6/4 11771/6/4
f 11771/6/4 11768/6/4 11772/6/4
f 11769/6/4 11770/6/4 11773/6/4
f 11773/6/4 11770/6/4 11774/6/4
f 11775/6/4 11776/6/4 11779/6/4
f 11779/6/4 11776/6/4 11780/6/4
f 11777/6/4 11778/6/4 11781/6/4
f 11781/6/4 11778/6/4 11782/6/4
f 11783/6/4 11784/6/4 11785/6/4
f 11785/6/4 11784/6/4 11786/6/4
f 11787/10/4 11788/10/4 11789/10/4
f 11789/10/4 11788/10/4 11790/10/4
f 11791/6/4 11792/6/4 11793/6/4
f 11793/6/4 11792/6/4 11794/6/4
f 11795/6/4 11796/6/4 11798/6/4
f 11798/6/4 11796/6/4 11799/6/4
f 11797/6/4 11798/6/4 11801/6/4
f 11799/6/4 11800/6/4 11801/6/4
f 11798/6/4 11799/6/4 11801/6/4
f 11801/6/4 11800/6/4 11802/6/4
f 11797/6/4 11801/6/4 11803/6/4
f 11803/6/4 11801/6/4 11804/6/4
f 11804/6/4 11801/6/4 11805/6/4
f 11806/3/4 11807/3/4 11809/3/4
f 11809/3/4 11807/3/4 11810/3/4
f 11808/3/4 11809/3/4 11811/3/4
f 11811/3/4 11809/3/4 11812/3/4
f 11813/6/4 11814/6/4 11815/6/4
f 11815/6/4 11814/6/4 11816/6/4
f 11817/6/4 11818/6/4 11819/6/4
f 11819/6/4 11818/6/4 11820/6/4
f 11821/6/4 11822/6/4 11823/6/4
f 11823/6/4 11822/6/4 11824/6/4
f 11825/6/4 11826/6/4 11827/6/4
f 11827/6/4 11826/6/4 11828/6/4
f 11829/1/4 11830/1/4 11833/1/4
f 11833/1/4 11830/1/4 11834/1/4
f 11831/1/4 11832/1/4 11839/1/4
f 11839/1/4 11832/1/4 11840/1/4
f 11835/1/4 11836/1/4 11841/1/4
f 11841/1/4 11836/1/4 11842/1/4
f 11837/1/4 11838/1/4 11845/1/4
f 11845/1/4 11838/1/4 11846/1/4
f 11843/10/4 11844/10/4 11847/10/4
f 11847/10/4 11844/10/4 11848/10/4
f 11849/6/4 11850/6/4 11851/6/4
f 11851/6/4 11850/6/4 11852/6/4
f 11853/6/4 11854/6/4 11855/6/4
f 11855/6/4 11854/6/4 11856/6/4
f 11857/6/4 11858/6/4 11861/6/4
f 11858/6/4 11859/6/4 11861/6/4
f 11861/6/4 11859/6/4 11862/6/4
f 11860/6/4 11861/6/4 11864/6/4
f 11862/6/4 11863/6/4 11864/6/4
f 11861/6/4 11862/6/4 11864/6/4
f 11860/6/4 11864/6/4 11866/6/4
f 11864/6/4 11865/6/4 11866/6/4
f 11866/6/4 11865/6/4 11867/6/4
f 11867/6/4 11865/6/4 11868/6/4
f 11868/6/4 11865/6/4 11869/6/4
f 11867/10/4 11868/10/4 11871/10/4
f 11871/10/4 11868/10/4 11872/10/4
f 11869/10/4 11870/10/4 11873/10/4
f 11873/10/4 11870/10/4 11874/10/4
f 11875/6/4 11876/6/4 11878/6/4
f 11878/6/4 11876/6/4 11879/6/4
f 11879/6/4 11876/6/4 11880/6/4
f 11880/6/4 11876/6/4 11881/6/4
f 11877/6/4 11878/6/4 11883/6/4
f 11878/6/4 11879/6/4 11883/6/4
f 11883/6/4 11879/6/4 11884/6/4
f 11881/6/4 11882/6/4 11885/6/4
f 11880/6/4 11881/6/4 11885/6/4
f 11885/6/4 11882/6/4 11886/6/4
f 11877/6/4 11883/6/4 11887/6/4
f 11886/6/4 11882/6/4 11889/6/4
f 11889/6/4 11882/6/4 11890/6/4
f 11887/6/4 11888/6/4 11893/6/4
f 11877/6/4 11887/6/4 11893/6/4
f 11893/6/4 11888/6/4 11894/6/4
f 11894/6/4 11888/6/4 11895/6/4
f 11891/3/4 11892/3/4 11896/3/4
f 11896/3/4 11892/3/4 11897/3/4
f 11898/6/4 11899/6/4 11900/6/4
f 11900/6/4 11899/6/4 11901/6/4
f 11902/6/4 11903/6/4 11904/6/4
f 11904/6/4 11903/6/4 11905/6/4
f 11906/6/4 11907/6/4 11910/6/4
f 11910/6/4 11907/6/4 11911/6/4
f 11908/6/4 11909/6/4 11912/6/4
f 11912/6/4 11909/6/4 11913/6/4
f 11914/1/4 11915/1/4 11918/1/4
f 11918/1/4 11915/1/4 11919/1/4
f 11916/1/4 11917/1/4 11920/1/4
f 11920/1/4 11917/1/4 11921/1/4
f 11922/6/4 11923/6/4 11924/6/4
f 11924/6/4 11923/6/4 11925/6/4
f 11926/6/4 11927/6/4 11928/6/4
f 11928/6/4 11927/6/4 11929/6/4
f 11930/6/4 11931/6/4 11934/6/4
f 11934/6/4 11931/6/4 11935/6/4
f 11932/10/4 11933/10/4 11937/10/4
f 11937/10/4 11933/10/4 11938/10/4
f 11938/10/4 11933/10/4 11939/10/4
f 11936/10/4 11937/10/4 11940/10/4
f 11937/10/4 11938/10/4 11940/10/4
f 11940/10/4 11938/10/4 11941/10/4
f 11936/10/4 11940/10/4 11942/10/4
f 11942/10/4 11943/10/4 11946/10/4
f 11936/10/4 11942/10/4 11946/10/4
f 11946/10/4 11943/10/4 11947/10/4
f 11947/10/4 11943/10/4 11948/10/4
f 11944/10/4 11945/10/4 11949/10/4
f 11949/10/4 11945/10/4 11950/10/4
f 11947/10/4 11948/10/4 11952/10/4
f 11950/10/4 11951/10/4 11952/10/4
f 11949/10/4 11950/10/4 11952/10/4
f 11948/10/4 11949/10/4 11952/10/4
f 11952/10/4 11951/10/4 11953/10/4
f 11954/3/4 11955/3/4 11957/3/4
f 11955/3/4 11956/3/4 11957/3/4
f 11957/3/4 11956/3/4 11958/3/4
f 11959/10/4 11960/10/4 11963/10/4
f 11963/10/4 11960/10/4 11964/10/4
f 11961/10/4 11962/10/4 11967/10/4
f 11967/10/4 11962/10/4 11968/10/4
f 11965/10/4 11966/10/4 11969/10/4
f 11969/10/4 11966/10/4 11970/10/4
f 11973/10/4 11974/10/4 11975/10/4
f 11973/10/4 11975/10/4 11976/10/4
f 11976/10/4 11975/10/4 11977/10/4
f 11971/6/4 11972/6/4 11978/6/4
f 11971/6/4 11978/6/4 11980/6/4
f 11978/6/4 11979/6/4 11980/6/4
f 11980/6/4 11979/6/4 11981/6/4
f 11981/6/4 11979/6/4 11982/6/4
f 11983/1/4 11984/1/4 11987/1/4
f 11987/1/4 11984/1/4 11988/1/4
f 11985/1/4 11986/1/4 11993/1/4
f 11993/1/4 11986/1/4 11994/1/4
f 11989/1/4 11990/1/4 11995/1/4
f 11995/1/4 11990/1/4 11996/1/4
f 11991/1/4 11992/1/4 11997/1/4
f 11997/1/4 11992/1/4 11998/1/4
f 11999/6/4 12000/6/4 12003/6/4
f 12000/6/4 12001/6/4 12003/6/4
f 12003/6/4 12001/6/4 12004/6/4
f 12002/6/4 12003/6/4 12006/6/4
f 12006/6/4 12003/6/4 12007/6/4
f 12004/6/4 12005/6/4 12008/6/4
f 12008/6/4 12005/6/4 12009/6/4
f 12009/6/4 12005/6/4 12010/6/4
f 12010/6/4 12011/6/4 12012/6/4
f 12009/6/4 12010/6/4 12012/6/4
f 12012/6/4 12011/6/4 12013/6/4
f 12014/6/4 12015/6/4 12018/6/4
f 12018/6/4 12015/6/4 12019/6/4
f 12016/10/4 12017/10/4 12020/10/4
f 12020/10/4 12017/10/4 12021/10/4
f 12022/6/4 12023/6/4 12024/6/4
f 12024/6/4 12023/6/4 12025/6/4
f 12026/6/4 12027/6/4 12028/6/4
f 12028/6/4 12027/6/4 12029/6/4
f 12030/6/4 12031/6/4 12034/6/4
f 12034/6/4 12031/6/4 12035/6/4
f 12032/6/4 12033/6/4 12036/6/4
f 12036/6/4 12033/6/4 12037/6/4
f 12038/6/4 12039/6/4 12042/6/4
f 12042/6/4 12039/6/4 12043/6/4
f 12040/6/4 12041/6/4 12044/6/4
f 12044/6/4 12041/6/4 12045/6/4
f 12046/6/4 12047/6/4 12050/6/4
f 12050/6/4 12047/6/4 12051/6/4
f 12048/10/4 12049/10/4 12052/10/4
f 12052/10/4 12049/10/4 12053/10/4
f 12054/6/4 12055/6/4 12056/6/4
f 12056/6/4 12055/6/4 12057/6/4
f 12058/6/4 12059/6/4 12060/6/4
f 12060/6/4 12059/6/4 12061/6/4
f 12062/1/4 12063/1/4 12066/1/4
f 12066/1/4 12063/1/4 12067/1/4
f 12064/1/4 12065/1/4 12070/1/4
f 12070/1/4 12065/1/4 12071/1/4
f 12068/1/4 12069/1/4 12072/1/4
f 12072/1/4 12069/1/4 12073/1/4
f 12074/6/4 12075/6/4 12079/6/4
f 12079/6/4 12075/6/4 12080/6/4
f 12076/7/4 12077/7/4 12081/7/4
f 12080/6/4 12075/6/4 12081/6/4
f 12075/7/4 12076/7/4 12081/7/4
f 12081/7/4 12077/7/4 12082/7/4
f 12082/7/4 12077/7/4 12083/7/4
f 12079/6/4 12080/6/4 12085/6/4
f 12078/6/4 12079/6/4 12085/6/4
f 12085/6/4 12080/6/4 12086/6/4
f 12083/6/4 12084/6/4 12087/6/4
f 12082/6/4 12083/6/4 12087/6/4
f 12087/6/4 12084/6/4 12088/6/4
f 12089/6/4 12090/6/4 12091/6/4
f 12091/6/4 12090/6/4 12092/6/4
f 12078/6/4 12085/6/4 12093/6/4
f 12093/6/4 12085/6/4 12094/6/4
f 12095/6/4 12096/6/4 12097/6/4
f 12097/6/4 12096/6/4 12098/6/4
f 12099/6/4 12100/6/4 12101/6/4
f 12101/6/4 12100/6/4 12102/6/4
f 12103/6/4 12104/6/4 12105/6/4
f 12105/6/4 12104/6/4 12106/6/4
f 12107/6/4 12108/6/4 12109/6/4
f 12109/6/4 12108/6/4 12110/6/4
f 12111/6/4 12112/6/4 12117/6/4
f 12117/6/4 12112/6/4 12118/6/4
f 12113/6/4 12114/6/4 12119/6/4
f 12119/6/4 12114/6/4 12120/6/4
f 12115/6/4 12116/6/4 12121/6/4
f 12121/6/4 12116/6/4 12122/6/4
f 12123/6/4 12124/6/4 12125/6/4
f 12125/6/4 12124/6/4 12126/6/4
f 12127/6/4 12128/6/4 12129/6/4
f 12129/6/4 12128/6/4 12130/6/4
f 12132/1/4 12133/1/4 12136/1/4
f 12131/1/4 12132/1/4 12136/1/4
f 12136/1/4 12133/1/4 12137/1/4
f 12134/1/4 12135/1/4 12138/1/4
f 12138/1/4 12135/1/4 12139/1/4
f 12140/6/4 12141/6/4 12145/6/4
f 12141/10/4 12142/10/4 12146/10/4
f 12145/6/4 12141/6/4 12146/6/4
f 12146/10/4 12142/10/4 12147/10/4
f 12143/6/4 12144/6/4 12150/6/4
f 12150/6/4 12144/6/4 12151/6/4
f 12148/7/4 12149/7/4 12152/7/4
f 12152/7/4 12149/7/4 12153/7/4
f 12154/6/4 12155/6/4 12158/6/4
f 12158/6/4 12155/6/4 12159/6/4
f 12156/6/4 12157/6/4 12162/6/4
f 12162/6/4 12157/6/4 12163/6/4
f 12160/6/4 12161/6/4 12164/6/4
f 12164/6/4 12161/6/4 12165/6/4
f 12166/6/4 12167/6/4 12168/6/4
f 12168/6/4 12167/6/4 12169/6/4
f 12170/10/4 12171/10/4 12173/10/4
f 12173/10/4 12171/10/4 12174/10/4
f 12172/10/4 12173/10/4 12175/10/4
f 12175/10/4 12173/10/4 12176/10/4
f 12177/6/4 12178/6/4 12180/6/4
f 12180/6/4 12178/6/4 12181/6/4
f 12181/6/4 12178/6/4 12182/6/4
f 12179/6/4 12180/6/4 12183/6/4
f 12180/6/4 12181/6/4 12183/6/4
f 12183/6/4 12181/6/4 12184/6/4
f 12179/6/4 12183/6/4 12185/6/4
f 12185/6/4 12183/6/4 12186/6/4
f 12187/6/4 12188/6/4 12191/6/4
f 12191/6/4 12188/6/4 12192/6/4
f 12189/6/4 12190/6/4 12193/6/4
f 12189/6/4 12193/6/4 12195/6/4
f 12193/6/4 12194/6/4 12195/6/4
f 12195/6/4 12194/6/4 12196/6/4
f 12196/6/4 12194/6/4 12197/6/4
f 12197/6/4 12194/6/4 12198/6/4
f 12199/6/4 12200/6/4 12201/6/4
f 12201/6/4 12200/6/4 12202/6/4
f 12203/6/4 12204/6/4 12205/6/4
f 12205/6/4 12204/6/4 12206/6/4
f 12207/1/4 12208/1/4 12209/1/4
f 12209/1/4 12208/1/4 12210/1/4
f 12211/10/4 12212/10/4 12213/10/4
f 12213/10/4 12212/10/4 12214/10/4
f 12214/10/4 12215/10/4 12216/10/4
f 12216/10/4 12215/10/4 12217/10/4
f 12217/10/4 12218/10/4 12219/10/4
f 12219/10/4 12218/10/4 12220/10/4
f 12220/10/4 12221/10/4 12222/10/4
f 12222/10/4 12221/10/4 12223/10/4
f 12223/10/4 12224/10/4 12225/10/4
f 12225/10/4 12224/10/4 12226/10/4
f 12226/10/4 12227/10/4 12228/10/4
f 12228/10/4 12227/10/4 12229/10/4
f 12230/6/4 12231/6/4 12232/6/4
f 12232/6/4 12231/6/4 12233/6/4
f 12234/6/4 12235/6/4 12236/6/4
f 12236/6/4 12235/6/4 12237/6/4
f 12238/6/4 12239/6/4 12240/6/4
f 12240/6/4 12239/6/4 12241/6/4
f 12242/6/4 12243/6/4 12245/6/4
f 12243/6/4 12244/6/4 12245/6/4
f 12242/6/4 12245/6/4 12248/6/4
f 12245/6/4 12246/6/4 12248/6/4
f 12248/6/4 12246/6/4 12249/6/4
f 12247/10/4 12248/10/4 12252/10/4
f 12248/10/4 12249/10/4 12252/10/4
f 12252/10/4 12249/10/4 12253/10/4
f 12249/6/4 12246/6/4 12254/6/4
f 12253/10/4 12249/10/4 12254/10/4
f 12254/6/4 12246/6/4 12255/6/4
f 12255/6/4 12246/6/4 12256/6/4
f 12250/6/4 12251/6/4 12257/6/4
f 12257/6/4 12251/6/4 12258/6/4
f 12254/6/4 12255/6/4 12259/6/4
f 12253/6/4 12254/6/4 12259/6/4
f 12259/6/4 12255/6/4 12260/6/4
f 12261/6/4 12262/6/4 12265/6/4
f 12265/6/4 12262/6/4 12266/6/4
f 12263/6/4 12264/6/4 12267/6/4
f 12267/6/4 12264/6/4 12268/6/4
f 12269/6/4 12270/6/4 12271/6/4
f 12271/6/4 12270/6/4 12272/6/4
f 12273/6/4 12274/6/4 12277/6/4
f 12277/6/4 12274/6/4 12278/6/4
f 12275/6/4 12276/6/4 12279/6/4
f 12275/6/4 12279/6/4 12281/6/4
f 12279/6/4 12280/6/4 12281/6/4
f 12281/6/4 12280/6/4 12282/6/4
f 12282/6/4 12280/6/4 12283/6/4
f 12283/6/4 12284/6/4 12285/6/4
f 12282/6/4 12283/6/4 12285/6/4
f 12285/6/4 12284/6/4 12286/6/4
f 12286/6/4 12287/6/4 12290/6/4
f 12290/6/4 12287/6/4 12291/6/4
f 12288/6/4 12289/6/4 12292/6/4
f 12292/6/4 12289/6/4 12293/6/4
f 12294/6/4 12295/6/4 12296/6/4
f 12296/6/4 12295/6/4 12297/6/4
f 12298/9/4 12299/9/4 12301/9/4
f 12299/10/4 12300/10/4 12302/10/4
f 12301/9/4 12299/9/4 12302/9/4
f 12302/10/4 12300/10/4 12303/10/4
f 12304/10/4 12305/10/4 12306/10/4
f 12306/10/4 12305/10/4 12307/10/4
f 12308/6/4 12309/6/4 12312/6/4
f 12310/6/4 12311/6/4 12313/6/4
f 12313/6/4 12311/6/4 12314/6/4
f 12308/6/4 12312/6/4 12316/6/4
f 12314/6/4 12315/6/4 12316/6/4
f 12313/6/4 12314/6/4 12316/6/4
f 12312/6/4 12313/6/4 12316/6/4
f 12316/6/4 12315/6/4 12317/6/4
f 12317/6/4 12315/6/4 12318/6/4
f 12318/6/4 12315/6/4 12319/6/4
f 12319/6/4 12315/6/4 12320/6/4
f 12320/6/4 12315/6/4 12321/6/4
f 12319/6/4 12320/6/4 12322/6/4
f 12322/6/4 12320/6/4 12323/6/4
f 12323/6/4 12320/6/4 12329/6/4
f 12324/6/4 12325/6/4 12330/6/4
f 12330/6/4 12325/6/4 12331/6/4
f 12326/6/4 12327/6/4 12332/6/4
f 12332/6/4 12327/6/4 12333/6/4
f 12333/6/4 12327/6/4 12334/6/4
f 12328/6/4 12329/6/4 12335/6/4
f 12329/6/4 12320/6/4 12336/6/4
f 12335/6/4 12329/6/4 12336/6/4
f 12336/6/4 12320/6/4 12337/6/4
f 12333/6/4 12334/6/4 12338/6/4
f 12335/6/4 12336/6/4 12338/6/4
f 12334/6/4 12335/6/4 12338/6/4
f 12338/6/4 12336/6/4 12339/6/4
f 12340/6/4 12341/6/4 12344/6/4
f 12344/6/4 12341/6/4 12345/6/4
f 12342/6/4 12343/6/4 12346/6/4
f 12346/6/4 12343/6/4 12347/6/4
f 12348/6/4 12349/6/4 12350/6/4
f 12350/6/4 12349/6/4 12351/6/4
f 12352/6/4 12353/6/4 12354/6/4
f 12354/6/4 12353/6/4 12355/6/4
f 12356/6/4 12357/6/4 12358/6/4
f 12358/6/4 12357/6/4 12359/6/4
f 12360/6/4 12361/6/4 12362/6/4
f 12362/6/4 12361/6/4 12363/6/4
f 12364/6/4 12365/6/4 12366/6/4
f 12366/6/4 12365/6/4 12367/6/4
f 12368/10/4 12369/10/4 12370/10/4
f 12370/10/4 12369/10/4 12371/10/4
f 12372/9/4 12373/9/4 12374/9/4
f 12374/9/4 12373/9/4 12375/9/4
f 12376/6/4 12377/6/4 12378/6/4
f 12378/6/4 12377/6/4 12379/6/4
f 12379/6/4 12377/6/4 12380/6/4
f 12380/6/4 12377/6/4 12381/6/4
f 12381/6/4 12377/6/4 12382/6/4
f 12379/6/4 12380/6/4 12384/6/4
f 12384/6/4 12380/6/4 12385/6/4
f 12382/6/4 12383/6/4 12386/6/4
f 12381/6/4 12382/6/4 12386/6/4
f 12386/6/4 12383/6/4 12387/6/4
f 12387/6/4 12383/6/4 12389/6/4
f 12389/6/4 12383/6/4 12390/6/4
f 12388/6/4 12389/6/4 12390/6/4
f 12388/6/4 12390/6/4 12395/6/4
f 12390/6/4 12391/6/4 12395/6/4
f 12395/6/4 12391/6/4 12396/6/4
f 12396/6/4 12391/6/4 12397/6/4
f 12392/6/4 12393/6/4 12398/6/4
f 12398/6/4 12393/6/4 12399/6/4
f 12394/6/4 12395/6/4 12402/6/4
f 12395/6/4 12396/6/4 12402/6/4
f 12402/6/4 12396/6/4 12403/6/4
f 12400/6/4 12401/6/4 12404/6/4
f 12404/6/4 12401/6/4 12405/6/4
f 12406/6/4 12407/6/4 12408/6/4
f 12408/6/4 12407/6/4 12409/6/4
f 12410/6/4 12411/6/4 12412/6/4
f 12412/6/4 12411/6/4 12413/6/4
f 12414/6/4 12415/6/4 12416/6/4
f 12416/6/4 12415/6/4 12417/6/4
f 12418/10/4 12419/10/4 12422/10/4
f 12422/10/4 12419/10/4 12423/10/4
f 12420/10/4 12421/10/4 12424/10/4
f 12424/10/4 12421/10/4 12425/10/4
f 12426/9/4 12427/9/4 12428/9/4
f 12428/9/4 12427/9/4 12429/9/4
f 12430/6/4 12431/6/4 12437/6/4
f 12437/6/4 12431/6/4 12438/6/4
f 12432/6/4 12433/6/4 12439/6/4
f 12439/6/4 12433/6/4 12440/6/4
f 12435/6/4 12436/6/4 12443/6/4
f 12434/6/4 12435/6/4 12443/6/4
f 12443/6/4 12436/6/4 12444/6/4
f 12441/6/4 12442/6/4 12445/6/4
f 12445/6/4 12442/6/4 12446/6/4
f 12434/6/4 12443/6/4 12447/6/4
f 12447/6/4 12443/6/4 12448/6/4
f 12451/6/4 12452/6/4 12453/6/4
f 12453/6/4 12452/6/4 12454/6/4
f 12449/6/4 12450/6/4 12455/6/4
f 12455/6/4 12450/6/4 12456/6/4
f 12457/6/4 12458/6/4 12462/6/4
f 12459/6/4 12460/6/4 12463/6/4
f 12463/6/4 12460/6/4 12464/6/4
f 12461/6/4 12462/6/4 12465/6/4
f 12462/6/4 12458/6/4 12466/6/4
f 12465/6/4 12462/6/4 12466/6/4
f 12467/10/4 12468/10/4 12470/10/4
f 12470/10/4 12468/10/4 12471/10/4
f 12469/10/4 12470/10/4 12474/10/4
f 12474/10/4 12470/10/4 12475/10/4
f 12472/10/4 12473/10/4 12478/10/4
f 12478/10/4 12473/10/4 12479/10/4
f 12476/10/4 12477/10/4 12480/10/4
f 12480/10/4 12477/10/4 12481/10/4
f 12482/6/4 12483/6/4 12488/6/4
f 12488/6/4 12483/6/4 12489/6/4
f 12484/6/4 12485/6/4 12492/6/4
f 12492/6/4 12485/6/4 12493/6/4
f 12486/6/4 12487/6/4 12495/6/4
f 12495/6/4 12487/6/4 12496/6/4
f 12490/6/4 12491/6/4 12497/6/4
f 12497/6/4 12491/6/4 12498/6/4
f 12493/6/4 12494/6/4 12499/6/4
f 12492/6/4 12493/6/4 12499/6/4
f 12499/6/4 12494/6/4 12500/6/4
f 12500/6/4 12494/6/4 12503/6/4
f 12503/6/4 12494/6/4 12504/6/4
f 12501/6/4 12502/6/4 12505/6/4
f 12505/6/4 12502/6/4 12506/6/4
f 12507/6/4 12508/6/4 12509/6/4
f 12509/6/4 12508/6/4 12510/6/4
f 12511/6/4 12512/6/4 12513/6/4
f 12513/6/4 12512/6/4 12514/6/4
f 12515/6/4 12516/6/4 12517/6/4
f 12517/6/4 12516/6/4 12518/6/4
f 12519/6/4 12520/6/4 12522/6/4
f 12522/6/4 12520/6/4 12523/6/4
f 12521/6/4 12522/6/4 12525/6/4
f 12525/6/4 12522/6/4 12526/6/4
f 12523/6/4 12524/6/4 12527/6/4
f 12527/6/4 12524/6/4 12528/6/4
f 12529/10/4 12530/10/4 12533/10/4
f 12533/10/4 12530/10/4 12534/10/4
f 12531/10/4 12532/10/4 12536/10/4
f 12536/10/4 12532/10/4 12537/10/4
f 12535/10/4 12536/10/4 12540/10/4
f 12540/10/4 12536/10/4 12541/10/4
f 12538/10/4 12539/10/4 12542/10/4
f 12542/10/4 12539/10/4 12543/10/4
f 12544/6/4 12545/6/4 12553/6/4
f 12553/6/4 12545/6/4 12554/6/4
f 12554/6/4 12545/6/4 12555/6/4
f 12546/6/4 12547/6/4 12556/6/4
f 12556/6/4 12547/6/4 12557/6/4
f 12548/6/4 12549/6/4 12558/6/4
f 12558/6/4 12549/6/4 12559/6/4
f 12550/6/4 12551/6/4 12560/6/4
f 12560/6/4 12551/6/4 12561/6/4
f 12552/6/4 12553/6/4 12562/6/4
f 12553/6/4 12554/6/4 12562/6/4
f 12562/6/4 12554/6/4 12563/6/4
f 12555/6/4 12545/6/4 12564/6/4
f 12564/6/4 12545/6/4 12565/6/4
f 12566/6/4 12567/6/4 12569/6/4
f 12569/6/4 12567/6/4 12570/6/4
f 12568/6/4 12569/6/4 12572/6/4
f 12571/6/4 12572/6/4 12573/6/4
f 12572/6/4 12569/6/4 12574/6/4
f 12573/6/4 12572/6/4 12574/6/4
f 12574/6/4 12569/6/4 12575/6/4
f 12575/6/4 12576/6/4 12577/6/4
f 12574/6/4 12575/6/4 12577/6/4
f 12577/6/4 12576/6/4 12578/6/4
f 12579/6/4 12580/6/4 12583/6/4
f 12583/6/4 12580/6/4 12584/6/4
f 12581/6/4 12582/6/4 12585/6/4
f 12585/6/4 12582/6/4 12586/6/4
f 12587/6/4 12588/6/4 12589/6/4
f 12589/6/4 12588/6/4 12590/6/4
f 12591/6/4 12592/6/4 12595/6/4
f 12595/6/4 12592/6/4 12596/6/4
f 12593/6/4 12594/6/4 12597/6/4
f 12597/6/4 12594/6/4 12598/6/4
f 12599/6/4 12600/6/4 12603/6/4
f 12603/6/4 12600/6/4 12604/6/4
f 12601/6/4 12602/6/4 12607/6/4
f 12607/6/4 12602/6/4 12608/6/4
f 12605/6/4 12606/6/4 12609/6/4
f 12609/6/4 12606/6/4 12610/6/4
f 12611/6/4 12612/6/4 12615/6/4
f 12615/6/4 12612/6/4 12616/6/4
f 12613/6/4 12614/6/4 12617/6/4
f 12617/6/4 12614/6/4 12618/6/4
f 12619/10/4 12620/10/4 12621/10/4
f 12621/10/4 12620/10/4 12622/10/4
f 12623/6/4 12624/6/4 12625/6/4
f 12625/6/4 12624/6/4 12626/6/4
f 12626/6/4 12627/6/4 12628/6/4
f 12628/6/4 12627/6/4 12629/6/4
f 12629/6/4 12630/6/4 12631/6/4
f 12631/6/4 12630/6/4 12632/6/4
f 12633/6/4 12634/6/4 12637/6/4
f 12637/6/4 12634/6/4 12638/6/4
f 12635/6/4 12636/6/4 12639/6/4
f 12639/6/4 12636/6/4 12640/6/4
f 12641/6/4 12642/6/4 12644/6/4
f 12644/6/4 12642/6/4 12645/6/4
f 12645/6/4 12642/6/4 12646/6/4
f 12643/6/4 12644/6/4 12647/6/4
f 12644/6/4 12645/6/4 12647/6/4
f 12647/6/4 12645/6/4 12648/6/4
f 12643/6/4 12647/6/4 12649/6/4
f 12643/6/4 12649/6/4 12651/6/4
f 12649/6/4 12650/6/4 12651/6/4
f 12651/6/4 12650/6/4 12652/6/4
f 12652/6/4 12650/6/4 12653/6/4
f 12652/6/4 12653/6/4 12655/6/4
f 12653/6/4 12654/6/4 12655/6/4
f 12655/6/4 12654/6/4 12656/6/4
f 12657/6/4 12658/6/4 12659/6/4
f 12659/6/4 12658/6/4 12660/6/4
f 12661/6/4 12662/6/4 12663/6/4
f 12663/6/4 12662/6/4 12664/6/4
f 12665/6/4 12666/6/4 12669/6/4
f 12669/6/4 12666/6/4 12670/6/4
f 12667/6/4 12668/6/4 12671/6/4
f 12671/6/4 12668/6/4 12672/6/4
f 12673/6/4 12674/6/4 12677/6/4
f 12677/6/4 12674/6/4 12678/6/4
f 12675/6/4 12676/6/4 12679/6/4
f 12679/6/4 12676/6/4 12680/6/4
f 12681/6/4 12682/6/4 12685/6/4
f 12685/6/4 12682/6/4 12686/6/4
f 12683/6/4 12684/6/4 12687/6/4
f 12687/6/4 12684/6/4 12688/6/4
f 12689/10/4 12690/10/4 12692/10/4
f 12692/10/4 12690/10/4 12693/10/4
f 12691/10/4 12692/10/4 12694/10/4
f 12694/10/4 12692/10/4 12695/10/4
f 12696/6/4 12697/6/4 12698/6/4
f 12696/6/4 12698/6/4 12700/6/4
f 12698/6/4 12699/6/4 12700/6/4
f 12700/6/4 12699/6/4 12701/6/4
f 12701/6/4 12699/6/4 12702/6/4
f 12702/6/4 12703/6/4 12704/6/4
f 12701/6/4 12702/6/4 12704/6/4
f 12704/6/4 12703/6/4 12705/6/4
f 12705/6/4 12703/6/4 12706/6/4
f 12706/6/4 12707/6/4 12708/6/4
f 12705/6/4 12706/6/4 12708/6/4
f 12708/6/4 12707/6/4 12709/6/4
f 12709/6/4 12707/6/4 12710/6/4
f 12710/6/4 12707/6/4 12711/6/4
f 12711/6/4 12707/6/4 12712/6/4
f 12712/6/4 12707/6/4 12713/6/4
f 12714/6/4 12715/6/4 12718/6/4
f 12718/6/4 12715/6/4 12719/6/4
f 12716/6/4 12717/6/4 12720/6/4
f 12720/6/4 12717/6/4 12721/6/4
f 12722/6/4 12723/6/4 12726/6/4
f 12726/6/4 12723/6/4 12727/6/4
f 12724/6/4 12725/6/4 12730/6/4
f 12730/6/4 12725/6/4 12731/6/4
f 12728/6/4 12729/6/4 12732/6/4
f 12732/6/4 12729/6/4 12733/6/4
f 12734/6/4 12735/6/4 12736/6/4
f 12736/6/4 12735/6/4 12737/6/4
f 12738/6/4 12739/6/4 12740/6/4
f 12740/6/4 12739/6/4 12741/6/4
f 12742/6/4 12743/6/4 12744/6/4
f 12744/6/4 12743/6/4 12745/6/4
f 12746/6/4 12747/6/4 12748/6/4
f 12748/6/4 12747/6/4 12749/6/4
f 12750/6/4 12751/6/4 12752/6/4
f 12752/6/4 12751/6/4 12753/6/4
f 12753/6/4 12751/6/4 12754/6/4
f 12750/6/4 12752/6/4 12755/6/4
f 12752/10/4 12753/10/4 12756/10/4
f 12755/6/4 12752/6/4 12756/6/4
f 12756/10/4 12753/10/4 12757/10/4
f 12755/10/4 12756/10/4 12759/10/4
f 12758/10/4 12759/10/4 12761/10/4
f 12759/10/4 12756/10/4 12762/10/4
f 12761/10/4 12759/10/4 12762/10/4
f 12760/10/4 12761/10/4 12764/10/4
f 12764/10/4 12761/10/4 12765/10/4
f 12763/10/4 12764/10/4 12766/10/4
f 12766/10/4 12764/10/4 12767/10/4
f 12763/10/4 12766/10/4 12768/10/4
f 12768/10/4 12766/10/4 12769/10/4
f 12770/6/4 12771/6/4 12775/6/4
f 12775/6/4 12771/6/4 12776/6/4
f 12774/6/4 12775/6/4 12776/6/4
f 12772/6/4 12773/6/4 12777/6/4
f 12774/6/4 12776/6/4 12778/6/4
f 12776/6/4 12777/6/4 12778/6/4
f 12778/6/4 12777/6/4 12779/6/4
f 12779/6/4 12777/6/4 12780/6/4
f 12777/6/4 12773/6/4 12781/6/4
f 12780/6/4 12777/6/4 12781/6/4
f 12781/6/4 12782/6/4 12783/6/4
f 12780/6/4 12781/6/4 12783/6/4
f 12783/6/4 12782/6/4 12784/6/4
f 12784/6/4 12782/6/4 12785/6/4
f 12785/6/4 12786/6/4 12787/6/4
f 12784/6/4 12785/6/4 12787/6/4
f 12787/6/4 12786/6/4 12788/6/4
f 12788/6/4 12786/6/4 12789/6/4
f 12789/6/4 12790/6/4 12791/6/4
f 12788/6/4 12789/6/4 12791/6/4
f 12788/6/4 12791/6/4 12793/6/4
f 12791/6/4 12792/6/4 12793/6/4
f 12793/6/4 12792/6/4 12794/6/4
f 12794/6/4 12792/6/4 12796/6/4
f 12795/6/4 12796/6/4 12798/6/4
f 12797/6/4 12798/6/4 12800/6/4
f 12796/6/4 12792/6/4 12801/6/4
f 12798/6/4 12796/6/4 12801/6/4
f 12800/6/4 12798/6/4 12801/6/4
f 12799/6/4 12800/6/4 12806/6/4
f 12800/6/4 12801/6/4 12806/6/4
f 12801/6/4 12802/6/4 12806/6/4
f 12806/6/4 12802/6/4 12807/6/4
f 12802/7/4 12803/7/4 12808/7/4
f 12807/6/4 12802/6/4 12808/6/4
f 12808/7/4 12803/7/4 12809/7/4
f 12809/7/4 12803/7/4 12810/7/4
f 12810/7/4 12803/7/4 12811/7/4
f 12804/6/4 12805/6/4 12813/6/4
f 12806/6/4 12807/6/4 12813/6/4
f 12805/6/4 12806/6/4 12813/6/4
f 12811/6/4 12812/6/4 12816/6/4
f 12810/6/4 12811/6/4 12816/6/4
f 12816/6/4 12812/6/4 12817/6/4
f 12817/6/4 12812/6/4 12818/6/4
f 12814/6/4 12815/6/4 12819/6/4
f 12813/6/4 12814/6/4 12819/6/4
f 12816/6/4 12817/6/4 12819/6/4
f 12815/6/4 12816/6/4 12819/6/4
f 12819/6/4 12817/6/4 12820/6/4
f 12804/6/4 12813/6/4 12821/6/4
f 12813/6/4 12819/6/4 12821/6/4
f 12821/6/4 12819/6/4 12822/6/4
f 12822/6/4 12819/6/4 12823/6/4
f 12823/6/4 12819/6/4 12824/6/4
f 12824/6/4 12819/6/4 12825/6/4
f 12823/6/4 12824/6/4 12830/6/4
f 12830/6/4 12824/6/4 12831/6/4
f 12826/6/4 12827/6/4 12832/6/4
f 12832/6/4 12827/6/4 12833/6/4
f 12828/6/4 12829/6/4 12834/6/4
f 12834/6/4 12829/6/4 12835/6/4
f 12836/6/4 12837/6/4 12838/6/4
f 12838/6/4 12837/6/4 12839/6/4
f 12840/6/4 12841/6/4 12842/6/4
f 12842/6/4 12841/6/4 12843/6/4
f 12844/6/4 12845/6/4 12848/6/4
f 12848/6/4 12845/6/4 12849/6/4
f 12846/6/4 12847/6/4 12850/6/4
f 12850/6/4 12847/6/4 12851/6/4
f 12804/6/4 12821/6/4 12857/6/4
f 12852/6/4 12853/6/4 12860/6/4
f 12853/6/4 12854/6/4 12860/6/4
f 12860/6/4 12854/6/4 12861/6/4
f 12855/6/4 12856/6/4 12862/6/4
f 12857/6/4 12858/6/4 12863/6/4
f 12861/6/4 12862/6/4 12864/6/4
f 12860/6/4 12861/6/4 12864/6/4
f 12859/6/4 12860/6/4 12864/6/4
f 12857/6/4 12863/6/4 12865/6/4
f 12863/6/4 12864/6/4 12865/6/4
f 12864/6/4 12862/6/4 12866/6/4
f 12865/6/4 12864/6/4 12866/6/4
f 12857/6/4 12865/6/4 12867/6/4
f 12804/6/4 12857/6/4 12867/6/4
f 12867/6/4 12865/6/4 12868/6/4
f 12866/6/4 12862/6/4 12869/6/4
f 12869/6/4 12862/6/4 12870/6/4
f 12870/6/4 12862/6/4 12871/6/4
f 12871/6/4 12862/6/4 12872/6/4
f 12804/6/4 12867/6/4 12873/6/4
f 12804/6/4 12873/6/4 12874/6/4
f 12874/6/4 12873/6/4 12875/6/4
f 12804/6/4 12874/6/4 12876/6/4
f 12876/6/4 12877/6/4 12878/6/4
f 12872/6/4 12862/6/4 12880/6/4
f 12879/6/4 12880/6/4 12882/6/4
f 12876/6/4 12878/6/4 12883/6/4
f 12881/6/4 12882/6/4 12886/6/4
f 12804/6/4 12876/6/4 12887/6/4
f 12883/6/4 12884/6/4 12887/6/4
f 12876/6/4 12883/6/4 12887/6/4
f 12887/6/4 12884/6/4 12888/6/4
f 12888/6/4 12884/6/4 12889/6/4
f 12885/6/4 12886/6/4 12890/6/4
f 12862/6/4 12856/6/4 12891/6/4
f 12886/6/4 12882/6/4 12891/6/4
f 12890/6/4 12886/6/4 12891/6/4
f 12880/6/4 12862/6/4 12891/6/4
f 12882/6/4 12880/6/4 12891/6/4
f 12889/6/4 12890/6/4 12892/6/4
f 12892/6/4 12890/6/4 12893/6/4
f 12893/6/4 12890/6/4 12894/6/4
f 12894/6/4 12890/6/4 12895/6/4
f 12895/6/4 12890/6/4 12896/6/4
f 12896/6/4 12890/6/4 12897/6/4
f 12897/6/4 12890/6/4 12899/6/4
f 12898/6/4 12899/6/4 12901/6/4
f 12900/6/4 12901/6/4 12903/6/4
f 12902/6/4 12903/6/4 12906/6/4
f 12899/6/4 12890/6/4 12907/6/4
f 12901/6/4 12899/6/4 12907/6/4
f 12906/6/4 12903/6/4 12907/6/4
f 12903/6/4 12901/6/4 12907/6/4
f 12907/6/4 12890/6/4 12908/6/4
f 12905/6/4 12906/6/4 12909/6/4
f 12904/6/4 12905/6/4 12909/6/4
f 12906/6/4 12907/6/4 12909/6/4
f 12909/6/4 12907/6/4 12910/6/4
f 12910/6/4 12907/6/4 12911/6/4
f 12911/6/4 12907/6/4 12912/6/4
f 12910/6/4 12911/6/4 12913/6/4
f 12913/6/4 12911/6/4 12914/6/4
f 12915/8/4 12916/8/4 12917/8/4
f 12917/8/4 12916/8/4 12918/8/4
f 12919/9/4 12920/9/4 12922/9/4
f 12921/9/4 12922/9/4 12924/9/4
f 12922/9/4 12920/9/4 12925/9/4
f 12924/9/4 12922/9/4 12925/9/4
f 12925/9/4 12920/9/4 12926/9/4
f 12923/9/4 12924/9/4 12928/9/4
f 12924/9/4 12925/9/4 12928/9/4
f 12928/9/4 12925/9/4 12929/9/4
f 12926/9/4 12927/9/4 12930/9/4
f 12930/9/4 12927/9/4 12931/9/4
f 12923/9/4 12928/9/4 12933/9/4
f 12933/9/4 12928/9/4 12934/9/4
f 12934/9/4 12928/9/4 12935/9/4
f 12931/9/4 12927/9/4 12936/9/4
f 12936/9/4 12927/9/4 12937/9/4
f 12932/9/4 12933/9/4 12939/9/4
f 12933/9/4 12934/9/4 12939/9/4
f 12939/9/4 12934/9/4 12940/9/4
f 12940/9/4 12934/9/4 12941/9/4
f 12937/9/4 12938/9/4 12944/9/4
f 12944/9/4 12938/9/4 12945/9/4
f 12941/9/4 12942/9/4 12946/9/4
f 12940/9/4 12941/9/4 12946/9/4
f 12943/9/4 12944/9/4 12949/9/4
f 12946/9/4 12947/9/4 12950/9/4
f 12940/9/4 12946/9/4 12950/9/4
f 12950/9/4 12947/9/4 12951/9/4
f 12951/9/4 12947/9/4 12952/9/4
f 12948/9/4 12949/9/4 12953/9/4
f 12949/9/4 12944/9/4 12954/9/4
f 12953/9/4 12949/9/4 12954/9/4
f 12951/9/4 12952/9/4 12955/9/4
f 12952/9/4 12953/9/4 12955/9/4
f 12955/9/4 12953/9/4 12956/9/4
f 12956/9/4 12953/9/4 12957/9/4
f 12957/9/4 12953/9/4 12958/9/4
f 12959/5/4 12960/5/4 12961/5/4
f 12961/5/4 12960/5/4 12962/5/4
f 12962/5/4 12960/5/4 12963/5/4
f 12963/5/4 12960/5/4 12964/5/4
f 12964/5/4 12960/5/4 12965/5/4
f 12965/5/4 12960/5/4 12966/5/4
f 12959/5/4 12961/5/4 12967/5/4
f 12967/5/4 12961/5/4 12968/5/4
f 12962/5/4 12963/5/4 12969/5/4
f 12969/5/4 12963/5/4 12970/5/4
f 12964/7/4 12965/7/4 12971/7/4
f 12971/7/4 12965/7/4 12972/7/4
f 12959/5/4 12967/5/4 12973/5/4
f 12973/5/4 12967/5/4 12974/5/4
f 12959/5/4 12973/5/4 12975/5/4
f 12975/5/4 12976/5/4 12977/5/4
f 12975/5/4 12977/5/4 12982/5/4
f 12959/5/4 12975/5/4 12982/5/4
f 12977/5/4 12978/5/4 12982/5/4
f 12982/5/4 12978/5/4 12983/5/4
f 12979/5/4 12980/5/4 12985/5/4
f 12980/7/4 12981/7/4 12986/7/4
f 12959/5/4 12982/5/4 12988/5/4
f 12983/10/4 12984/10/4 12989/10/4
f 12988/5/4 12982/5/4 12989/5/4
f 12982/10/4 12983/10/4 12989/10/4
f 12984/5/4 12985/5/4 12990/5/4
f 12989/10/4 12984/10/4 12990/10/4
f 12990/5/4 12985/5/4 12991/5/4
f 12986/7/4 12987/7/4 12992/7/4
f 12959/5/4 12988/5/4 12994/5/4
f 12988/10/4 12989/10/4 12995/10/4
f 12994/5/4 12988/5/4 12995/5/4
f 12989/10/4 12990/10/4 12995/10/4
f 12990/10/4 12991/10/4 12995/10/4
f 12991/5/4 12985/5/4 12996/5/4
f 12995/10/4 12991/10/4 12996/10/4
f 12996/5/4 12985/5/4 12997/5/4
f 12992/7/4 12993/7/4 12998/7/4
f 12996/10/4 12997/10/4 13000/10/4
f 12959/5/4 12994/5/4 13000/5/4
f 12995/10/4 12996/10/4 13000/10/4
f 12994/10/4 12995/10/4 13000/10/4
f 12997/5/4 12985/5/4 13001/5/4
f 13000/10/4 12997/10/4 13001/10/4
f 12992/7/4 12998/7/4 13002/7/4
f 13001/5/4 12985/5/4 13002/5/4
f 12986/7/4 12992/7/4 13002/7/4
f 12985/5/4 12980/5/4 13002/5/4
f 12980/7/4 12986/7/4 13002/7/4
f 12998/5/4 12999/5/4 13003/5/4
f 13002/7/4 12998/7/4 13003/7/4
f 13003/5/4 12999/5/4 13004/5/4
f 13000/5/4 13001/5/4 13005/5/4
f 13001/5/4 13002/5/4 13005/5/4
f 13002/5/4 13003/5/4 13005/5/4
f 12959/5/4 13000/5/4 13005/5/4
f 13005/5/4 13003/5/4 13006/5/4
f 13006/5/4 13003/5/4 13007/5/4
f 13007/5/4 13003/5/4 13008/5/4
f 13006/5/4 13007/5/4 13009/5/4
f 13009/5/4 13007/5/4 13010/5/4
f 13011/5/4 13012/5/4 13014/5/4
f 13014/5/4 13012/5/4 13015/5/4
f 13014/5/4 13015/5/4 13017/5/4
f 13015/5/4 13016/5/4 13017/5/4
f 13013/5/4 13014/5/4 13017/5/4
f 13017/5/4 13016/5/4 13018/5/4
f 13018/5/4 13016/5/4 13019/5/4
f 13019/5/4 13016/5/4 13020/5/4
f 13013/5/4 13017/5/4 13022/5/4
f 13022/5/4 13017/5/4 13023/5/4
f 13018/5/4 13019/5/4 13024/5/4
f 13024/5/4 13019/5/4 13025/5/4
f 13025/5/4 13019/5/4 13026/5/4
f 13026/5/4 13019/5/4 13027/5/4
f 13027/5/4 13019/5/4 13029/5/4
f 13028/5/4 13029/5/4 13033/5/4
f 13030/5/4 13031/5/4 13034/5/4
f 13032/5/4 13033/5/4 13035/5/4
f 13029/5/4 13019/5/4 13036/5/4
f 13033/5/4 13029/5/4 13036/5/4
f 13035/5/4 13033/5/4 13036/5/4
f 13034/5/4 13035/5/4 13037/5/4
f 13035/10/4 13036/10/4 13038/10/4
f 13037/5/4 13035/5/4 13038/5/4
f 13036/5/4 13019/5/4 13039/5/4
f 13038/10/4 13036/10/4 13039/10/4
f 13039/5/4 13019/5/4 13040/5/4
f 13019/7/4 13020/7/4 13041/7/4
f 13020/5/4 13021/5/4 13042/5/4
f 13041/7/4 13020/7/4 13042/7/4
f 13042/5/4 13021/5/4 13043/5/4
f 13030/5/4 13034/5/4 13044/5/4
f 13034/5/4 13037/5/4 13044/5/4
f 13037/10/4 13038/10/4 13045/10/4
f 13044/5/4 13037/5/4 13045/5/4
f 13038/10/4 13039/10/4 13045/10/4
f 13039/10/4 13040/10/4 13045/10/4
f 13040/5/4 13019/5/4 13046/5/4
f 13045/10/4 13040/10/4 13046/10/4
f 13046/5/4 13019/5/4 13047/5/4
f 13019/7/4 13041/7/4 13048/7/4
f 13047/5/4 13019/5/4 13048/5/4
f 13041/5/4 13042/5/4 13049/5/4
f 13048/7/4 13041/7/4 13049/7/4
f 13049/5/4 13042/5/4 13050/5/4
f 13030/5/4 13044/5/4 13051/5/4
f 13051/5/4 13044/5/4 13052/5/4
f 13046/10/4 13047/10/4 13053/10/4
f 13052/5/4 13044/5/4 13053/5/4
f 13044/10/4 13045/10/4 13053/10/4
f 13045/10/4 13046/10/4 13053/10/4
f 13047/5/4 13048/5/4 13054/5/4
f 13053/10/4 13047/10/4 13054/10/4
f 13048/5/4 13049/5/4 13054/5/4
f 13054/5/4 13049/5/4 13055/5/4
f 13055/5/4 13049/5/4 13056/5/4
f 13052/5/4 13053/5/4 13059/5/4
f 13053/5/4 13054/5/4 13059/5/4
f 13054/5/4 13055/5/4 13059/5/4
f 13059/5/4 13055/5/4 13060/5/4
f 13057/9/4 13058/9/4 13062/9/4
f 13061/9/4 13062/9/4 13064/9/4
f 13062/9/4 13058/9/4 13065/9/4
f 13064/9/4 13062/9/4 13065/9/4
f 13065/9/4 13058/9/4 13066/9/4
f 13063/9/4 13064/9/4 13068/9/4
f 13064/9/4 13065/9/4 13068/9/4
f 13068/9/4 13065/9/4 13069/9/4
f 13066/9/4 13067/9/4 13070/9/4
f 13070/9/4 13067/9/4 13071/9/4
f 13063/9/4 13068/9/4 13073/9/4
f 13073/9/4 13068/9/4 13074/9/4
f 13074/9/4 13068/9/4 13075/9/4
f 13071/9/4 13067/9/4 13076/9/4
f 13076/9/4 13067/9/4 13077/9/4
f 13072/9/4 13073/9/4 13079/9/4
f 13073/9/4 13074/9/4 13079/9/4
f 13079/9/4 13074/9/4 13080/9/4
f 13080/9/4 13074/9/4 13081/9/4
f 13077/9/4 13078/9/4 13084/9/4
f 13084/9/4 13078/9/4 13085/9/4
f 13081/9/4 13082/9/4 13086/9/4
f 13080/9/4 13081/9/4 13086/9/4
f 13083/9/4 13084/9/4 13089/9/4
f 13086/9/4 13087/9/4 13090/9/4
f 13080/9/4 13086/9/4 13090/9/4
f 13090/9/4 13087/9/4 13091/9/4
f 13091/9/4 13087/9/4 13092/9/4
f 13088/9/4 13089/9/4 13093/9/4
f 13089/9/4 13084/9/4 13094/9/4
f 13093/9/4 13089/9/4 13094/9/4
f 13091/9/4 13092/9/4 13095/9/4
f 13092/9/4 13093/9/4 13095/9/4
f 13095/9/4 13093/9/4 13096/9/4
f 13096/9/4 13093/9/4 13097/9/4
f 13097/9/4 13093/9/4 13098/9/4
f 13099/6/4 13100/6/4 13102/6/4
f 13102/6/4 13100/6/4 13103/6/4
f 13101/2/4 13102/2/4 13106/2/4
f 13106/2/4 13102/2/4 13107/2/4
f 13105/2/4 13106/2/4 13110/2/4
f 13107/2/4 13108/2/4 13110/2/4
f 13106/2/4 13107/2/4 13110/2/4
f 13110/2/4 13108/2/4 13111/2/4
f 13103/6/4 13104/6/4 13112/6/4
f 13112/6/4 13104/6/4 13113/6/4
f 13110/2/4 13111/2/4 13115/2/4
f 13109/2/4 13110/2/4 13115/2/4
f 13111/2/4 13112/2/4 13115/2/4
f 13115/2/4 13112/2/4 13116/2/4
f 13116/2/4 13112/2/4 13117/2/4
f 13117/2/4 13112/2/4 13118/2/4
f 13113/6/4 13114/6/4 13119/6/4
f 13119/6/4 13114/6/4 13120/6/4
f 13116/2/4 13117/2/4 13121/2/4
f 13121/2/4 13117/2/4 13122/2/4
f 13122/2/4 13117/2/4 13123/2/4
f 13123/2/4 13117/2/4 13124/2/4
f 13122/2/4 13123/2/4 13125/2/4
f 13125/2/4 13123/2/4 13126/2/4
f 13118/6/4 13119/6/4 13127/6/4
f 13127/6/4 13119/6/4 13128/6/4
f 13126/6/4 13127/6/4 13129/6/4
f 13129/6/4 13127/6/4 13130/6/4
f 13131/6/4 13132/6/4 13134/6/4
f 13134/6/4 13132/6/4 13135/6/4
f 13133/2/4 13134/2/4 13138/2/4
f 13138/2/4 13134/2/4 13139/2/4
f 13137/2/4 13138/2/4 13142/2/4
f 13139/2/4 13140/2/4 13142/2/4
f 13138/2/4 13139/2/4 13142/2/4
f 13142/2/4 13140/2/4 13143/2/4
f 13135/6/4 13136/6/4 13144/6/4
f 13144/6/4 13136/6/4 13145/6/4
f 13142/2/4 13143/2/4 13147/2/4
f 13143/2/4 13144/2/4 13147/2/4
f 13141/2/4 13142/2/4 13147/2/4
f 13147/2/4 13144/2/4 13148/2/4
f 13148/2/4 13144/2/4 13149/2/4
f 13149/2/4 13144/2/4 13150/2/4
f 13145/6/4 13146/6/4 13151/6/4
f 13151/6/4 13146/6/4 13152/6/4
f 13148/2/4 13149/2/4 13153/2/4
f 13153/2/4 13149/2/4 13154/2/4
f 13154/2/4 13149/2/4 13155/2/4
f 13155/2/4 13149/2/4 13156/2/4
f 13154/2/4 13155/2/4 13157/2/4
f 13157/2/4 13155/2/4 13158/2/4
f 13150/6/4 13151/6/4 13159/6/4
f 13159/6/4 13151/6/4 13160/6/4
f 13158/6/4 13159/6/4 13161/6/4
f 13161/6/4 13159/6/4 13162/6/4
f 13163/6/4 13164/6/4 13165/6/4
f 13165/6/4 13164/6/4 13166/6/4
f 13166/6/4 13167/6/4 13168/6/4
f 13168/6/4 13167/6/4 13169/6/4
f 13169/6/4 13170/6/4 13171/6/4
f 13171/6/4 13170/6/4 13172/6/4
f 13172/6/4 13173/6/4 13175/6/4
f 13175/6/4 13173/6/4 13176/6/4
f 13174/6/4 13175/6/4 13178/6/4
f 13178/6/4 13175/6/4 13179/6/4
f 13177/6/4 13178/6/4 13181/6/4
f 13181/6/4 13178/6/4 13182/6/4
f 13180/6/4 13181/6/4 13183/6/4
f 13183/6/4 13181/6/4 13184/6/4
f 13185/7/4 13186/7/4 13189/7/4
f 13186/4/4 13187/4/4 13190/4/4
f 13189/7/4 13186/7/4 13190/7/4
f 13187/7/4 13188/7/4 13191/7/4
f 13190/4/4 13187/4/4 13191/4/4
f 13191/7/4 13188/7/4 13192/7/4
f 13193/6/4 13194/6/4 13195/6/4
f 13195/6/4 13194/6/4 13196/6/4
f 13196/6/4 13197/6/4 13198/6/4
f 13198/6/4 13197/6/4 13199/6/4
f 13199/6/4 13200/6/4 13201/6/4
f 13201/6/4 13200/6/4 13202/6/4
f 13202/6/4 13203/6/4 13205/6/4
f 13205/6/4 13203/6/4 13206/6/4
f 13204/6/4 13205/6/4 13208/6/4
f 13208/6/4 13205/6/4 13209/6/4
f 13207/6/4 13208/6/4 13211/6/4
f 13211/6/4 13208/6/4 13212/6/4
f 13210/6/4 13211/6/4 13213/6/4
f 13213/6/4 13211/6/4 13214/6/4
f 13217/9/5 13216/9/5 13215/9/5
f 13218/9/5 13216/9/5 13217/9/5
f 13223/9/5 13220/9/5 13219/9/5
f 13224/9/5 13220/9/5 13223/9/5
f 13225/9/5 13222/9/5 13221/9/5
f 13226/9/5 13222/9/5 13225/9/5
f 13230/2/5 13228/2/5 13227/2/5
f 13231/2/5 13228/2/5 13230/2/5
f 13235/9/5 13230/9/5 13229/9/5
f 13236/9/5 13230/9/5 13235/9/5
f 13237/9/5 13232/9/5 13231/9/5
f 13238/9/5 13232/9/5 13237/9/5
f 13239/9/5 13234/9/5 13233/9/5
f 13240/9/5 13234/9/5 13239/9/5
f 13249/9/5 13242/9/5 13241/9/5
f 13250/9/5 13242/9/5 13249/9/5
f 13251/9/5 13244/9/5 13243/9/5
f 13252/9/5 13244/9/5 13251/9/5
f 13253/9/5 13246/9/5 13245/9/5
f 13254/9/5 13246/9/5 13253/9/5
f 13255/9/5 13248/9/5 13247/9/5
f 13256/9/5 13248/9/5 13255/9/5
f 13265/2/5 13258/2/5 13257/2/5
f 13266/2/5 13258/2/5 13265/2/5
f 13267/2/5 13260/2/5 13259/2/5
f 13268/2/5 13260/2/5 13267/2/5
f 13272/2/5 13262/2/5 13261/2/5
f 13273/2/5 13262/2/5 13272/2/5
f 13275/9/5 13264/9/5 13263/9/5
f 13276/9/5 13264/9/5 13275/9/5
f 13277/9/5 13270/9/5 13269/9/5
f 13278/9/5 13270/9/5 13277/9/5
f 13279/9/5 13272/9/5 13271/9/5
f 13280/9/5 13272/9/5 13279/9/5
f 13281/9/5 13274/9/5 13273/9/5
f 13282/9/5 13274/9/5 13281/9/5
f 13291/9/5 13284/9/5 13283/9/5
f 13292/9/5 13284/9/5 13291/9/5
f 13295/9/5 13286/9/5 13285/9/5
f 13296/9/5 13286/9/5 13295/9/5
f 13297/9/5 13288/9/5 13287/9/5
f 13298/9/5 13288/9/5 13297/9/5
f 13301/9/5 13290/9/5 13289/9/5
f 13302/9/5 13290/9/5 13301/9/5
f 13303/2/5 13294/2/5 13293/2/5
f 13304/2/5 13294/2/5 13303/2/5
f 13305/2/5 13300/2/5 13299/2/5
f 13306/2/5 13300/2/5 13305/2/5
f 13315/2/5 13308/2/5 13307/2/5
f 13316/2/5 13308/2/5 13315/2/5
f 13317/2/5 13310/2/5 13309/2/5
f 13318/2/5 13310/2/5 13317/2/5
f 13321/2/5 13312/2/5 13311/2/5
f 13322/2/5 13312/2/5 13321/2/5
f 13323/2/5 13314/2/5 13313/2/5
f 13324/2/5 13314/2/5 13323/2/5
f 13327/9/5 13320/9/5 13319/9/5
f 13328/9/5 13320/9/5 13327/9/5
f 13329/9/5 13326/9/5 13325/9/5
f 13330/9/5 13326/9/5 13329/9/5
f 13339/2/5 13332/2/5 13331/2/5
f 13340/2/5 13332/2/5 13339/2/5
f 13341/2/5 13334/2/5 13333/2/5
f 13342/2/5 13334/2/5 13341/2/5
f 13343/2/5 13336/2/5 13335/2/5
f 13344/2/5 13336/2/5 13343/2/5
f 13345/2/5 13338/2/5 13337/2/5
f 13346/2/5 13338/2/5 13345/2/5
f 13357/2/5 13348/2/5 13347/2/5
f 13358/2/5 13348/2/5 13357/2/5
f 13359/2/5 13350/2/5 13349/2/5
f 13360/2/5 13350/2/5 13359/2/5
f 13363/9/5 13352/9/5 13351/9/5
f 13364/9/5 13352/9/5 13363/9/5
f 13365/9/5 13354/9/5 13353/9/5
f 13366/9/5 13354/9/5 13365/9/5
f 13367/9/5 13356/9/5 13355/9/5
f 13368/9/5 13356/9/5 13367/9/5
f 13369/9/5 13362/9/5 13361/9/5
f 13370/9/5 13362/9/5 13369/9/5
f 13373/1/5 13372/1/5 13371/1/5
f 13374/1/5 13372/1/5 13373/1/5
f 13383/9/5 13376/9/5 13375/9/5
f 13384/9/5 13376/9/5 13383/9/5
f 13389/9/5 13378/9/5 13377/9/5
f 13390/9/5 13378/9/5 13389/9/5
f 13391/9/5 13380/9/5 13379/9/5
f 13392/9/5 13380/9/5 13391/9/5
f 13397/9/5 13382/9/5 13381/9/5
f 13398/9/5 13382/9/5 13397/9/5
f 13399/2/5 13386/2/5 13385/2/5
f 13400/2/5 13386/2/5 13399/2/5
f 13401/2/5 13388/2/5 13387/2/5
f 13402/2/5 13388/2/5 13401/2/5
f 13403/2/5 13394/2/5 13393/2/5
f 13404/2/5 13394/2/5 13403/2/5
f 13405/2/5 13396/2/5 13395/2/5
f 13406/2/5 13396/2/5 13405/2/5
f 13411/2/5 13408/2/5 13407/2/5
f 13412/2/5 13408/2/5 13411/2/5
f 13413/2/5 13410/2/5 13409/2/5
f 13414/2/5 13410/2/5 13413/2/5
f 13420/6/5 13416/6/5 13415/6/5
f 13420/6/5 13419/6/5 13418/6/5
f 13420/6/5 13418/6/5 13417/6/5
f 13420/6/5 13417/6/5 13416/6/5
f 13421/6/5 13419/6/5 13420/6/5
f 13422/6/5 13420/6/5 13415/6/5
f 13423/6/5 13420/6/5 13422/6/5
f 13424/10/5 13421/10/5 13420/10/5
f 13424/6/5 13420/6/5 13423/6/5
f 13425/6/5 13419/6/5 13421/6/5
f 13425/10/5 13421/10/5 13424/10/5
f 13426/6/5 13424/6/5 13423/6/5
f 13426/9/5 13423/9/5 13422/9/5
f 13426/6/5 13425/6/5 13424/6/5
f 13427/6/5 13425/6/5 13426/6/5
f 13428/6/5 13425/6/5 13427/6/5
f 13429/6/5 13425/6/5 13428/6/5
f 13430/6/5 13428/6/5 13427/6/5
f 13431/6/5 13428/6/5 13430/6/5
f 13432/6/5 13425/6/5 13429/6/5
f 13433/6/5 13425/6/5 13432/6/5
f 13434/6/5 13430/6/5 13427/6/5
f 13435/6/5 13430/6/5 13434/6/5
f 13436/6/5 13434/6/5 13427/6/5
f 13437/6/5 13434/6/5 13436/6/5
f 13439/6/5 13425/6/5 13433/6/5
f 13441/6/5 13439/6/5 13438/6/5
f 13444/6/5 13436/6/5 13427/6/5
f 13446/6/5 13445/6/5 13444/6/5
f 13448/1/5 13443/1/5 13442/1/5
f 13449/1/5 13443/1/5 13448/1/5
f 13450/6/5 13447/6/5 13446/6/5
f 13453/6/5 13441/6/5 13440/6/5
f 13454/6/5 13451/6/5 13450/6/5
f 13455/10/5 13453/10/5 13452/10/5
f 13458/10/5 13457/10/5 13456/10/5
f 13459/10/5 13457/10/5 13458/10/5
f 13460/1/5 13459/1/5 13458/1/5
f 13461/1/5 13459/1/5 13460/1/5
f 13462/10/5 13453/10/5 13455/10/5
f 13462/6/5 13455/6/5 13454/6/5
f 13463/6/5 13441/6/5 13453/6/5
f 13463/10/5 13453/10/5 13462/10/5
f 13464/9/5 13426/9/5 13422/9/5
f 13464/9/5 13427/9/5 13426/9/5
f 13465/6/5 13454/6/5 13450/6/5
f 13465/9/5 13427/9/5 13464/9/5
f 13465/6/5 13463/6/5 13462/6/5
f 13465/6/5 13444/6/5 13427/6/5
f 13465/6/5 13446/6/5 13444/6/5
f 13465/6/5 13450/6/5 13446/6/5
f 13465/6/5 13462/6/5 13454/6/5
f 13466/9/5 13464/9/5 13422/9/5
f 13467/6/5 13465/6/5 13464/6/5
f 13467/9/5 13464/9/5 13466/9/5
f 13468/6/5 13467/6/5 13466/6/5
f 13469/6/5 13463/6/5 13465/6/5
f 13469/6/5 13467/6/5 13468/6/5
f 13469/6/5 13465/6/5 13467/6/5
f 13470/6/5 13463/6/5 13469/6/5
f 13471/6/5 13419/6/5 13425/6/5
f 13471/6/5 13463/6/5 13470/6/5
f 13471/6/5 13441/6/5 13463/6/5
f 13471/6/5 13425/6/5 13439/6/5
f 13471/6/5 13439/6/5 13441/6/5
f 13472/6/5 13419/6/5 13471/6/5
f 13479/9/5 13474/9/5 13473/9/5
f 13480/9/5 13474/9/5 13479/9/5
f 13483/9/5 13476/9/5 13475/9/5
f 13484/9/5 13476/9/5 13483/9/5
f 13485/6/5 13478/6/5 13477/6/5
f 13487/6/5 13485/6/5 13477/6/5
f 13488/6/5 13485/6/5 13487/6/5
f 13491/1/5 13490/1/5 13489/1/5
f 13492/1/5 13490/1/5 13491/1/5
f 13495/1/5 13494/1/5 13493/1/5
f 13496/1/5 13494/1/5 13495/1/5
f 13499/1/5 13498/1/5 13497/1/5
f 13500/1/5 13498/1/5 13499/1/5
f 13501/9/5 13487/9/5 13486/9/5
f 13501/9/5 13488/9/5 13487/9/5
f 13502/9/5 13488/9/5 13501/9/5
f 13503/9/5 13488/9/5 13502/9/5
f 13504/6/5 13503/6/5 13502/6/5
f 13505/6/5 13504/6/5 13502/6/5
f 13506/6/5 13504/6/5 13505/6/5
f 13507/6/5 13482/6/5 13481/6/5
f 13508/6/5 13482/6/5 13507/6/5
f 13513/1/5 13512/1/5 13511/1/5
f 13514/1/5 13512/1/5 13513/1/5
f 13517/1/5 13516/1/5 13515/1/5
f 13518/1/5 13516/1/5 13517/1/5
f 13521/10/5 13520/10/5 13519/10/5
f 13522/10/5 13520/10/5 13521/10/5
f 13523/1/5 13522/1/5 13521/1/5
f 13524/1/5 13522/1/5 13523/1/5
f 13527/1/5 13526/1/5 13525/1/5
f 13528/1/5 13526/1/5 13527/1/5
f 13529/6/5 13510/6/5 13509/6/5
f 13530/6/5 13510/6/5 13529/6/5
f 13535/5/5 13532/5/5 13531/5/5
f 13536/5/5 13532/5/5 13535/5/5
f 13537/5/5 13534/5/5 13533/5/5
f 13538/5/5 13534/5/5 13537/5/5
f 13543/1/5 13542/1/5 13541/1/5
f 13544/1/5 13542/1/5 13543/1/5
f 13547/1/5 13546/1/5 13545/1/5
f 13548/1/5 13546/1/5 13547/1/5
f 13549/6/5 13540/6/5 13539/6/5
f 13550/6/5 13540/6/5 13549/6/5
f 13556/6/5 13554/6/5 13553/6/5
f 13557/6/5 13552/6/5 13551/6/5
f 13558/6/5 13552/6/5 13557/6/5
f 13559/6/5 13556/6/5 13555/6/5
f 13560/6/5 13554/6/5 13556/6/5
f 13560/6/5 13556/6/5 13559/6/5
f 13565/6/5 13562/6/5 13561/6/5
f 13566/6/5 13562/6/5 13565/6/5
f 13567/6/5 13564/6/5 13563/6/5
f 13568/6/5 13564/6/5 13567/6/5
f 13572/6/5 13570/6/5 13569/6/5
f 13573/6/5 13570/6/5 13572/6/5
f 13574/6/5 13572/6/5 13571/6/5
f 13575/6/5 13572/6/5 13574/6/5
f 13580/6/5 13577/6/5 13576/6/5
f 13581/6/5 13577/6/5 13580/6/5
f 13582/1/5 13579/1/5 13578/1/5
f 13583/1/5 13579/1/5 13582/1/5
f 13585/1/5 13584/1/5 13583/1/5
f 13586/1/5 13584/1/5 13585/1/5
f 13589/10/5 13588/10/5 13587/10/5
f 13590/10/5 13588/10/5 13589/10/5
f 13593/1/5 13592/1/5 13591/1/5
f 13594/1/5 13592/1/5 13593/1/5
f 13597/1/5 13596/1/5 13595/1/5
f 13598/1/5 13596/1/5 13597/1/5
f 13607/6/5 13600/6/5 13599/6/5
f 13608/6/5 13600/6/5 13607/6/5
f 13609/6/5 13602/6/5 13601/6/5
f 13610/6/5 13602/6/5 13609/6/5
f 13611/6/5 13604/6/5 13603/6/5
f 13612/6/5 13604/6/5 13611/6/5
f 13613/6/5 13606/6/5 13605/6/5
f 13614/6/5 13606/6/5 13613/6/5
f 13615/6/5 13607/6/5 13599/6/5
f 13616/6/5 13607/6/5 13615/6/5
f 13617/6/5 13602/6/5 13610/6/5
f 13618/6/5 13602/6/5 13617/6/5
f 13619/6/5 13611/6/5 13603/6/5
f 13620/6/5 13611/6/5 13619/6/5
f 13621/6/5 13606/6/5 13614/6/5
f 13622/6/5 13606/6/5 13621/6/5
f 13625/6/5 13624/6/5 13623/6/5
f 13626/6/5 13624/6/5 13625/6/5
f 13633/6/5 13630/6/5 13629/6/5
f 13634/6/5 13630/6/5 13633/6/5
f 13635/6/5 13632/6/5 13631/6/5
f 13636/6/5 13632/6/5 13635/6/5
f 13641/6/5 13638/6/5 13637/6/5
f 13642/6/5 13638/6/5 13641/6/5
f 13643/10/5 13628/10/5 13627/10/5
f 13645/6/5 13640/6/5 13639/6/5
f 13646/6/5 13640/6/5 13645/6/5
f 13647/1/5 13644/1/5 13643/1/5
f 13647/10/5 13643/10/5 13627/10/5
f 13648/1/5 13644/1/5 13647/1/5
f 13651/10/5 13647/10/5 13627/10/5
f 13652/6/5 13650/6/5 13649/6/5
f 13653/6/5 13650/6/5 13652/6/5
f 13658/1/5 13655/1/5 13654/1/5
f 13659/1/5 13655/1/5 13658/1/5
f 13660/6/5 13657/6/5 13656/6/5
f 13661/6/5 13657/6/5 13660/6/5
f 13662/10/5 13659/10/5 13658/10/5
f 13663/10/5 13659/10/5 13662/10/5
f 13666/10/5 13665/10/5 13664/10/5
f 13667/10/5 13665/10/5 13666/10/5
f 13668/10/5 13651/10/5 13627/10/5
f 13669/10/5 13668/10/5 13627/10/5
f 13670/10/5 13669/10/5 13627/10/5
f 13672/10/5 13670/10/5 13627/10/5
f 13672/10/5 13671/10/5 13670/10/5
f 13673/10/5 13671/10/5 13672/10/5
f 13680/5/5 13675/5/5 13674/5/5
f 13681/5/5 13675/5/5 13680/5/5
f 13682/5/5 13677/5/5 13676/5/5
f 13683/5/5 13677/5/5 13682/5/5
f 13684/5/5 13679/5/5 13678/5/5
f 13685/5/5 13679/5/5 13684/5/5
f 13694/6/5 13687/6/5 13686/6/5
f 13695/6/5 13687/6/5 13694/6/5
f 13698/6/5 13689/6/5 13688/6/5
f 13699/6/5 13689/6/5 13698/6/5
f 13700/6/5 13691/6/5 13690/6/5
f 13703/6/5 13693/6/5 13692/6/5
f 13704/6/5 13696/6/5 13695/6/5
f 13705/6/5 13696/6/5 13704/6/5
f 13706/6/5 13698/6/5 13697/6/5
f 13707/6/5 13698/6/5 13706/6/5
f 13708/6/5 13701/6/5 13700/6/5
f 13708/6/5 13700/6/5 13690/6/5
f 13709/6/5 13701/6/5 13708/6/5
f 13710/6/5 13703/6/5 13702/6/5
f 13711/6/5 13693/6/5 13703/6/5
f 13711/6/5 13703/6/5 13710/6/5
f 13715/6/5 13713/6/5 13712/6/5
f 13716/6/5 13713/6/5 13715/6/5
f 13717/6/5 13713/6/5 13716/6/5
f 13718/6/5 13715/6/5 13714/6/5
f 13718/6/5 13716/6/5 13715/6/5
f 13719/6/5 13716/6/5 13718/6/5
f 13723/6/5 13721/6/5 13720/6/5
f 13724/6/5 13721/6/5 13723/6/5
f 13725/6/5 13723/6/5 13722/6/5
f 13726/6/5 13723/6/5 13725/6/5
f 13731/10/5 13728/10/5 13727/10/5
f 13732/10/5 13728/10/5 13731/10/5
f 13734/1/5 13733/1/5 13732/1/5
f 13735/1/5 13733/1/5 13734/1/5
f 13736/6/5 13730/6/5 13729/6/5
f 13737/6/5 13730/6/5 13736/6/5
f 13740/6/5 13739/6/5 13738/6/5
f 13741/6/5 13739/6/5 13740/6/5
f 13744/6/5 13743/6/5 13742/6/5
f 13745/6/5 13743/6/5 13744/6/5
f 13748/10/5 13747/10/5 13746/10/5
f 13749/10/5 13747/10/5 13748/10/5
f 13752/1/5 13751/1/5 13750/1/5
f 13753/1/5 13751/1/5 13752/1/5
f 13756/1/5 13755/1/5 13754/1/5
f 13757/1/5 13755/1/5 13756/1/5
f 13768/5/5 13759/5/5 13758/5/5
f 13769/5/5 13759/5/5 13768/5/5
f 13770/5/5 13761/5/5 13760/5/5
f 13771/5/5 13761/5/5 13770/5/5
f 13772/5/5 13763/5/5 13762/5/5
f 13773/5/5 13763/5/5 13772/5/5
f 13779/6/5 13765/6/5 13764/6/5
f 13780/6/5 13765/6/5 13779/6/5
f 13781/6/5 13767/6/5 13766/6/5
f 13782/6/5 13767/6/5 13781/6/5
f 13785/6/5 13775/6/5 13774/6/5
f 13786/6/5 13775/6/5 13785/6/5
f 13787/6/5 13777/6/5 13776/6/5
f 13788/6/5 13777/6/5 13787/6/5
f 13790/6/5 13779/6/5 13778/6/5
f 13791/6/5 13779/6/5 13790/6/5
f 13792/6/5 13783/6/5 13782/6/5
f 13793/6/5 13783/6/5 13792/6/5
f 13794/6/5 13785/6/5 13784/6/5
f 13795/6/5 13785/6/5 13794/6/5
f 13796/6/5 13789/6/5 13788/6/5
f 13797/6/5 13789/6/5 13796/6/5
f 13802/6/5 13799/6/5 13798/6/5
f 13803/6/5 13799/6/5 13802/6/5
f 13804/6/5 13801/6/5 13800/6/5
f 13805/6/5 13801/6/5 13804/6/5
f 13808/6/5 13804/6/5 13803/6/5
f 13809/6/5 13804/6/5 13808/6/5
f 13810/8/5 13807/8/5 13806/8/5
f 13811/8/5 13807/8/5 13810/8/5
f 13812/8/5 13810/8/5 13806/8/5
f 13813/8/5 13810/8/5 13812/8/5
f 13816/6/5 13815/6/5 13814/6/5
f 13817/6/5 13815/6/5 13816/6/5
f 13820/6/5 13819/6/5 13818/6/5
f 13821/6/5 13819/6/5 13820/6/5
f 13824/6/5 13823/6/5 13822/6/5
f 13825/6/5 13823/6/5 13824/6/5
f 13828/8/5 13827/8/5 13826/8/5
f 13830/8/5 13828/8/5 13826/8/5
f 13830/8/5 13829/8/5 13828/8/5
f 13831/8/5 13829/8/5 13830/8/5
f 13837/6/5 13833/6/5 13832/6/5
f 13838/6/5 13833/6/5 13837/6/5
f 13841/6/5 13835/6/5 13834/6/5
f 13842/6/5 13835/6/5 13841/6/5
f 13844/6/5 13837/6/5 13836/6/5
f 13845/6/5 13837/6/5 13844/6/5
f 13846/6/5 13839/6/5 13838/6/5
f 13847/6/5 13839/6/5 13846/6/5
f 13848/6/5 13841/6/5 13840/6/5
f 13849/6/5 13841/6/5 13848/6/5
f 13850/6/5 13843/6/5 13842/6/5
f 13851/6/5 13843/6/5 13850/6/5
f 13858/6/5 13853/6/5 13852/6/5
f 13859/6/5 13853/6/5 13858/6/5
f 13860/6/5 13855/6/5 13854/6/5
f 13861/6/5 13855/6/5 13860/6/5
f 13864/6/5 13857/6/5 13856/6/5
f 13865/6/5 13857/6/5 13864/6/5
f 13866/6/5 13862/6/5 13861/6/5
f 13867/6/5 13862/6/5 13866/6/5
f 13868/6/5 13864/6/5 13863/6/5
f 13869/6/5 13864/6/5 13868/6/5
f 13872/6/5 13871/6/5 13870/6/5
f 13873/6/5 13871/6/5 13872/6/5
f 13878/6/5 13875/6/5 13874/6/5
f 13879/6/5 13875/6/5 13878/6/5
f 13880/6/5 13877/6/5 13876/6/5
f 13881/6/5 13877/6/5 13880/6/5
f 13884/6/5 13883/6/5 13882/6/5
f 13885/6/5 13883/6/5 13884/6/5
f 13888/6/5 13887/6/5 13886/6/5
f 13890/6/5 13888/6/5 13886/6/5
f 13890/6/5 13889/6/5 13888/6/5
f 13891/6/5 13889/6/5 13890/6/5
f 13892/6/5 13889/6/5 13891/6/5
f 13894/6/5 13893/6/5 13892/6/5
f 13894/6/5 13892/6/5 13891/6/5
f 13895/6/5 13893/6/5 13894/6/5
f 13898/6/5 13897/6/5 13896/6/5
f 13899/6/5 13897/6/5 13898/6/5
f 13904/6/5 13901/6/5 13900/6/5
f 13905/6/5 13901/6/5 13904/6/5
f 13906/6/5 13903/6/5 13902/6/5
f 13907/6/5 13903/6/5 13906/6/5
f 13912/6/5 13909/6/5 13908/6/5
f 13913/6/5 13909/6/5 13912/6/5
f 13914/6/5 13911/6/5 13910/6/5
f 13915/6/5 13911/6/5 13914/6/5
f 13920/6/5 13917/6/5 13916/6/5
f 13921/6/5 13917/6/5 13920/6/5
f 13924/6/5 13919/6/5 13918/6/5
f 13925/6/5 13919/6/5 13924/6/5
f 13926/6/5 13922/6/5 13921/6/5
f 13927/6/5 13922/6/5 13926/6/5
f 13928/6/5 13924/6/5 13923/6/5
f 13929/6/5 13924/6/5 13928/6/5
f 13936/10/5 13931/10/5 13930/10/5
f 13937/10/5 13931/10/5 13936/10/5
f 13938/10/5 13933/10/5 13932/10/5
f 13939/10/5 13933/10/5 13938/10/5
f 13942/6/5 13935/6/5 13934/6/5
f 13943/6/5 13935/6/5 13942/6/5
f 13944/6/5 13941/6/5 13940/6/5
f 13945/6/5 13941/6/5 13944/6/5
f 13950/6/5 13947/6/5 13946/6/5
f 13951/6/5 13947/6/5 13950/6/5
f 13954/6/5 13949/6/5 13948/6/5
f 13955/6/5 13949/6/5 13954/6/5
f 13956/6/5 13953/6/5 13952/6/5
f 13957/6/5 13953/6/5 13956/6/5
f 13960/6/5 13959/6/5 13958/6/5
f 13961/6/5 13959/6/5 13960/6/5
f 13964/6/5 13963/6/5 13962/6/5
f 13965/6/5 13963/6/5 13964/6/5
f 13968/6/5 13967/6/5 13966/6/5
f 13969/6/5 13967/6/5 13968/6/5
f 13974/6/5 13971/6/5 13970/6/5
f 13975/6/5 13971/6/5 13974/6/5
f 13978/6/5 13973/6/5 13972/6/5
f 13979/6/5 13973/6/5 13978/6/5
f 13980/6/5 13977/6/5 13976/6/5
f 13981/6/5 13977/6/5 13980/6/5
f 13986/5/5 13983/5/5 13982/5/5
f 13987/5/5 13983/5/5 13986/5/5
f 13988/5/5 13985/5/5 13984/5/5
f 13989/5/5 13985/5/5 13988/5/5
f 13994/6/5 13991/6/5 13990/6/5
f 13995/6/5 13991/6/5 13994/6/5
f 13996/6/5 13993/6/5 13992/6/5
f 13997/6/5 13993/6/5 13996/6/5
f 13998/6/5 13996/6/5 13995/6/5
f 13999/6/5 13996/6/5 13998/6/5
f 14002/6/5 14001/6/5 14000/6/5
f 14003/6/5 14001/6/5 14002/6/5
f 14008/10/5 14005/10/5 14004/10/5
f 14009/10/5 14005/10/5 14008/10/5
f 14012/6/5 14007/6/5 14006/6/5
f 14013/6/5 14007/6/5 14012/6/5
f 14014/6/5 14011/6/5 14010/6/5
f 14015/6/5 14011/6/5 14014/6/5
f 14017/6/5 14016/6/5 14015/6/5
f 14018/6/5 14016/6/5 14017/6/5
f 14022/6/5 14020/6/5 14019/6/5
f 14023/6/5 14020/6/5 14022/6/5
f 14024/6/5 14020/6/5 14023/6/5
f 14025/6/5 14022/6/5 14021/6/5
f 14025/6/5 14023/6/5 14022/6/5
f 14026/6/5 14023/6/5 14025/6/5
f 14027/6/5 14025/6/5 14021/6/5
f 14029/6/5 14027/6/5 14021/6/5
f 14029/6/5 14028/6/5 14027/6/5
f 14030/6/5 14028/6/5 14029/6/5
f 14031/6/5 14028/6/5 14030/6/5
f 14032/6/5 14028/6/5 14031/6/5
f 14035/6/5 14034/6/5 14033/6/5
f 14036/6/5 14034/6/5 14035/6/5
f 14039/6/5 14038/6/5 14037/6/5
f 14040/6/5 14038/6/5 14039/6/5
f 14043/6/5 14042/6/5 14041/6/5
f 14044/6/5 14042/6/5 14043/6/5
f 14047/6/5 14046/6/5 14045/6/5
f 14048/6/5 14046/6/5 14047/6/5
f 14052/6/5 14050/6/5 14049/6/5
f 14053/6/5 14050/6/5 14052/6/5
f 14054/6/5 14052/6/5 14051/6/5
f 14055/6/5 14052/6/5 14054/6/5
f 14062/6/5 14057/6/5 14056/6/5
f 14063/6/5 14057/6/5 14062/6/5
f 14064/6/5 14059/6/5 14058/6/5
f 14065/6/5 14059/6/5 14064/6/5
f 14066/6/5 14061/6/5 14060/6/5
f 14067/6/5 14061/6/5 14066/6/5
f 14070/6/5 14069/6/5 14068/6/5
f 14071/6/5 14069/6/5 14070/6/5
f 14080/10/5 14073/10/5 14072/10/5
f 14081/10/5 14073/10/5 14080/10/5
f 14082/6/5 14075/6/5 14074/6/5
f 14083/6/5 14075/6/5 14082/6/5
f 14084/6/5 14077/6/5 14076/6/5
f 14085/6/5 14077/6/5 14084/6/5
f 14086/10/5 14079/10/5 14078/10/5
f 14087/10/5 14079/10/5 14086/10/5
f 14091/10/5 14088/10/5 14087/10/5
f 14092/10/5 14088/10/5 14091/10/5
f 14093/10/5 14090/10/5 14089/10/5
f 14094/10/5 14090/10/5 14093/10/5
f 14097/10/5 14096/10/5 14095/10/5
f 14098/10/5 14096/10/5 14097/10/5
f 14099/10/5 14096/10/5 14098/10/5
f 14101/10/5 14100/10/5 14099/10/5
f 14101/10/5 14099/10/5 14098/10/5
f 14102/10/5 14100/10/5 14101/10/5
f 14106/10/5 14104/10/5 14103/10/5
f 14107/10/5 14104/10/5 14106/10/5
f 14107/10/5 14106/10/5 14105/10/5
f 14109/10/5 14107/10/5 14105/10/5
f 14109/10/5 14108/10/5 14107/10/5
f 14110/10/5 14108/10/5 14109/10/5
f 14111/10/5 14108/10/5 14110/10/5
f 14112/10/5 14108/10/5 14111/10/5
f 14113/10/5 14111/10/5 14110/10/5
f 14114/10/5 14111/10/5 14113/10/5
f 14117/10/5 14116/10/5 14115/10/5
f 14118/10/5 14116/10/5 14117/10/5
f 14121/10/5 14120/10/5 14119/10/5
f 14122/10/5 14120/10/5 14121/10/5
f 14125/6/5 14124/6/5 14123/6/5
f 14126/6/5 14124/6/5 14125/6/5
f 14131/6/5 14130/6/5 14129/6/5
f 14132/6/5 14130/6/5 14131/6/5
f 14133/6/5 14128/6/5 14127/6/5
f 14134/6/5 14128/6/5 14133/6/5
f 14139/6/5 14136/6/5 14135/6/5
f 14140/6/5 14136/6/5 14139/6/5
f 14142/6/5 14138/6/5 14137/6/5
f 14143/6/5 14138/6/5 14142/6/5
f 14146/6/5 14142/6/5 14141/6/5
f 14146/6/5 14144/6/5 14143/6/5
f 14146/6/5 14143/6/5 14142/6/5
f 14147/6/5 14144/6/5 14146/6/5
f 14148/6/5 14144/6/5 14147/6/5
f 14152/6/5 14146/6/5 14145/6/5
f 14152/6/5 14147/6/5 14146/6/5
f 14153/6/5 14147/6/5 14152/6/5
f 14154/6/5 14149/6/5 14148/6/5
f 14155/6/5 14149/6/5 14154/6/5
f 14156/6/5 14149/6/5 14155/6/5
f 14157/6/5 14149/6/5 14156/6/5
f 14158/6/5 14151/6/5 14150/6/5
f 14159/6/5 14151/6/5 14158/6/5
f 14160/6/5 14152/6/5 14145/6/5
f 14161/6/5 14152/6/5 14160/6/5
f 14164/6/5 14156/6/5 14155/6/5
f 14165/6/5 14156/6/5 14164/6/5
f 14166/5/5 14162/5/5 14161/5/5
f 14166/5/5 14161/5/5 14160/5/5
f 14167/5/5 14162/5/5 14166/5/5
f 14168/5/5 14165/5/5 14164/5/5
f 14168/5/5 14164/5/5 14163/5/5
f 14169/5/5 14165/5/5 14168/5/5
f 14179/5/5 14171/5/5 14170/5/5
f 14180/5/5 14171/5/5 14179/5/5
f 14181/5/5 14171/5/5 14180/5/5
f 14182/5/5 14173/5/5 14172/5/5
f 14183/5/5 14173/5/5 14182/5/5
f 14186/5/5 14175/5/5 14174/5/5
f 14187/5/5 14175/5/5 14186/5/5
f 14188/6/5 14177/6/5 14176/6/5
f 14189/6/5 14177/6/5 14188/6/5
f 14191/5/5 14179/5/5 14178/5/5
f 14191/5/5 14180/5/5 14179/5/5
f 14192/5/5 14180/5/5 14191/5/5
f 14194/6/5 14184/6/5 14183/6/5
f 14194/6/5 14183/6/5 14182/6/5
f 14195/6/5 14184/6/5 14194/6/5
f 14196/6/5 14186/6/5 14185/6/5
f 14197/6/5 14186/6/5 14196/6/5
f 14198/6/5 14193/6/5 14192/6/5
f 14198/6/5 14192/6/5 14191/6/5
f 14198/6/5 14191/6/5 14190/6/5
f 14199/6/5 14193/6/5 14198/6/5
f 14200/6/5 14193/6/5 14199/6/5
f 14201/6/5 14193/6/5 14200/6/5
f 14202/10/5 14200/10/5 14199/10/5
f 14203/10/5 14200/10/5 14202/10/5
f 14206/6/5 14205/6/5 14204/6/5
f 14207/6/5 14205/6/5 14206/6/5
f 14208/6/5 14205/6/5 14207/6/5
f 14210/6/5 14209/6/5 14208/6/5
f 14210/6/5 14208/6/5 14207/6/5
f 14211/6/5 14209/6/5 14210/6/5
f 14217/6/5 14213/6/5 14212/6/5
f 14218/10/5 14214/10/5 14213/10/5
f 14218/6/5 14213/6/5 14217/6/5
f 14219/6/5 14215/6/5 14214/6/5
f 14219/10/5 14214/10/5 14218/10/5
f 14220/6/5 14215/6/5 14219/6/5
f 14221/6/5 14218/6/5 14217/6/5
f 14221/10/5 14217/10/5 14216/10/5
f 14222/6/5 14218/6/5 14221/6/5
f 14225/6/5 14224/6/5 14223/6/5
f 14226/6/5 14224/6/5 14225/6/5
f 14229/10/5 14221/10/5 14216/10/5
f 14230/10/5 14221/10/5 14229/10/5
f 14233/6/5 14228/6/5 14227/6/5
f 14234/6/5 14228/6/5 14233/6/5
f 14235/6/5 14232/6/5 14231/6/5
f 14236/6/5 14232/6/5 14235/6/5
f 14242/10/5 14238/10/5 14237/10/5
f 14243/10/5 14238/10/5 14242/10/5
f 14246/6/5 14241/6/5 14240/6/5
f 14246/6/5 14240/6/5 14239/6/5
f 14247/6/5 14241/6/5 14246/6/5
f 14250/10/5 14245/10/5 14244/10/5
f 14251/10/5 14245/10/5 14250/10/5
f 14255/6/5 14249/6/5 14248/6/5
f 14257/6/5 14255/6/5 14254/6/5
f 14258/6/5 14249/6/5 14255/6/5
f 14258/6/5 14255/6/5 14257/6/5
f 14259/6/5 14249/6/5 14258/6/5
f 14260/6/5 14253/6/5 14252/6/5
f 14261/6/5 14253/6/5 14260/6/5
f 14262/6/5 14257/6/5 14256/6/5
f 14262/6/5 14258/6/5 14257/6/5
f 14263/6/5 14258/6/5 14262/6/5
f 14266/6/5 14262/6/5 14256/6/5
f 14267/6/5 14262/6/5 14266/6/5
f 14268/6/5 14265/6/5 14264/6/5
f 14272/6/5 14271/6/5 14270/6/5
f 14273/6/5 14271/6/5 14272/6/5
f 14274/6/5 14268/6/5 14264/6/5
f 14274/6/5 14269/6/5 14268/6/5
f 14275/6/5 14269/6/5 14274/6/5
f 14276/6/5 14269/6/5 14275/6/5
f 14281/6/5 14276/6/5 14275/6/5
f 14281/6/5 14277/6/5 14276/6/5
f 14282/6/5 14277/6/5 14281/6/5
f 14285/6/5 14279/6/5 14278/6/5
f 14286/6/5 14279/6/5 14285/6/5
f 14288/6/5 14281/6/5 14280/6/5
f 14289/6/5 14281/6/5 14288/6/5
f 14291/6/5 14284/6/5 14283/6/5
f 14292/6/5 14284/6/5 14291/6/5
f 14293/6/5 14290/6/5 14289/6/5
f 14293/6/5 14288/6/5 14287/6/5
f 14293/6/5 14289/6/5 14288/6/5
f 14294/6/5 14290/6/5 14293/6/5
f 14295/6/5 14290/6/5 14294/6/5
f 14296/6/5 14290/6/5 14295/6/5
f 14297/5/5 14295/5/5 14294/5/5
f 14298/5/5 14295/5/5 14297/5/5
f 14303/5/5 14300/5/5 14299/5/5
f 14304/5/5 14300/5/5 14303/5/5
f 14305/5/5 14300/5/5 14304/5/5
f 14306/5/5 14302/5/5 14301/5/5
f 14307/5/5 14302/5/5 14306/5/5
f 14308/5/5 14302/5/5 14307/5/5
f 14309/5/5 14302/5/5 14308/5/5
f 14310/5/5 14304/5/5 14303/5/5
f 14311/5/5 14304/5/5 14310/5/5
f 14312/6/5 14308/6/5 14307/6/5
f 14313/6/5 14308/6/5 14312/6/5
f 14316/6/5 14315/6/5 14314/6/5
f 14317/6/5 14315/6/5 14316/6/5
f 14320/6/5 14319/6/5 14318/6/5
f 14321/6/5 14319/6/5 14320/6/5
f 14326/6/5 14323/6/5 14322/6/5
f 14327/6/5 14323/6/5 14326/6/5
f 14328/6/5 14325/6/5 14324/6/5
f 14329/6/5 14325/6/5 14328/6/5
f 14334/6/5 14331/6/5 14330/6/5
f 14335/6/5 14331/6/5 14334/6/5
f 14338/6/5 14333/6/5 14332/6/5
f 14339/6/5 14333/6/5 14338/6/5
f 14340/6/5 14337/6/5 14336/6/5
f 14341/6/5 14337/6/5 14340/6/5
f 14345/10/5 14343/10/5 14342/10/5
f 14346/10/5 14343/10/5 14345/10/5
f 14347/10/5 14343/10/5 14346/10/5
f 14350/10/5 14346/10/5 14345/10/5
f 14350/10/5 14345/10/5 14344/10/5
f 14351/10/5 14346/10/5 14350/10/5
f 14352/10/5 14346/10/5 14351/10/5
f 14354/6/5 14349/6/5 14348/6/5
f 14355/6/5 14349/6/5 14354/6/5
f 14356/6/5 14349/6/5 14355/6/5
f 14357/6/5 14354/6/5 14353/6/5
f 14357/6/5 14355/6/5 14354/6/5
f 14358/6/5 14355/6/5 14357/6/5
f 14359/6/5 14351/6/5 14350/6/5
f 14361/6/5 14357/6/5 14353/6/5
f 14362/6/5 14357/6/5 14361/6/5
f 14363/6/5 14360/6/5 14359/6/5
f 14363/6/5 14359/6/5 14350/6/5
f 14364/6/5 14360/6/5 14363/6/5
f 14365/6/5 14360/6/5 14364/6/5
f 14369/6/5 14366/6/5 14365/6/5
f 14369/6/5 14365/6/5 14364/6/5
f 14370/6/5 14366/6/5 14369/6/5
f 14371/6/5 14368/6/5 14367/6/5
f 14372/6/5 14368/6/5 14371/6/5
f 14373/6/5 14366/6/5 14370/6/5
f 14377/6/5 14373/6/5 14370/6/5
f 14377/6/5 14374/6/5 14373/6/5
f 14378/6/5 14374/6/5 14377/6/5
f 14379/6/5 14374/6/5 14378/6/5
f 14381/6/5 14376/6/5 14375/6/5
f 14382/6/5 14376/6/5 14381/6/5
f 14383/6/5 14380/6/5 14379/6/5
f 14383/6/5 14379/6/5 14378/6/5
f 14384/6/5 14380/6/5 14383/6/5
f 14387/6/5 14386/6/5 14385/6/5
f 14388/6/5 14386/6/5 14387/6/5
f 14394/6/5 14390/6/5 14389/6/5
f 14395/6/5 14390/6/5 14394/6/5
f 14397/6/5 14394/6/5 14393/6/5
f 14398/6/5 14394/6/5 14397/6/5
f 14401/6/5 14392/6/5 14391/6/5
f 14402/6/5 14392/6/5 14401/6/5
f 14403/6/5 14397/6/5 14396/6/5
f 14404/6/5 14397/6/5 14403/6/5
f 14405/6/5 14400/6/5 14399/6/5
f 14406/6/5 14400/6/5 14405/6/5
f 14411/10/5 14408/10/5 14407/10/5
f 14412/10/5 14408/10/5 14411/10/5
f 14416/10/5 14413/10/5 14412/10/5
f 14417/10/5 14413/10/5 14416/10/5
f 14421/6/5 14410/6/5 14409/6/5
f 14422/6/5 14410/6/5 14421/6/5
f 14423/6/5 14415/6/5 14414/6/5
f 14424/6/5 14415/6/5 14423/6/5
f 14425/6/5 14419/6/5 14418/6/5
f 14426/10/5 14420/10/5 14419/10/5
f 14426/6/5 14419/6/5 14425/6/5
f 14427/10/5 14420/10/5 14426/10/5
f 14434/6/5 14429/6/5 14428/6/5
f 14435/6/5 14429/6/5 14434/6/5
f 14436/6/5 14431/6/5 14430/6/5
f 14439/6/5 14433/6/5 14432/6/5
f 14440/6/5 14433/6/5 14439/6/5
f 14443/6/5 14431/6/5 14436/6/5
f 14446/6/5 14438/6/5 14437/6/5
f 14447/6/5 14438/6/5 14446/6/5
f 14449/10/5 14442/10/5 14441/10/5
f 14450/6/5 14443/6/5 14442/6/5
f 14450/10/5 14442/10/5 14449/10/5
f 14451/6/5 14445/6/5 14444/6/5
f 14452/6/5 14445/6/5 14451/6/5
f 14453/6/5 14443/6/5 14450/6/5
f 14453/6/5 14431/6/5 14443/6/5
f 14453/6/5 14449/6/5 14448/6/5
f 14453/6/5 14450/6/5 14449/6/5
f 14456/6/5 14451/6/5 14444/6/5
f 14457/6/5 14454/6/5 14453/6/5
f 14457/6/5 14453/6/5 14448/6/5
f 14458/6/5 14454/6/5 14457/6/5
f 14459/6/5 14454/6/5 14458/6/5
f 14460/6/5 14454/6/5 14459/6/5
f 14461/6/5 14456/6/5 14455/6/5
f 14462/6/5 14451/6/5 14456/6/5
f 14462/6/5 14456/6/5 14461/6/5
f 14463/6/5 14451/6/5 14462/6/5
f 14465/6/5 14459/6/5 14458/6/5
f 14466/6/5 14459/6/5 14465/6/5
f 14467/6/5 14459/6/5 14466/6/5
f 14468/6/5 14459/6/5 14467/6/5
f 14469/6/5 14464/6/5 14463/6/5
f 14469/6/5 14463/6/5 14462/6/5
f 14470/6/5 14464/6/5 14469/6/5
f 14471/6/5 14467/6/5 14466/6/5
f 14474/6/5 14464/6/5 14470/6/5
f 14475/6/5 14472/6/5 14471/6/5
f 14475/6/5 14471/6/5 14466/6/5
f 14476/6/5 14472/6/5 14475/6/5
f 14477/6/5 14472/6/5 14476/6/5
f 14478/6/5 14474/6/5 14473/6/5
f 14479/6/5 14464/6/5 14474/6/5
f 14479/6/5 14474/6/5 14478/6/5
f 14480/6/5 14464/6/5 14479/6/5
f 14481/6/5 14477/6/5 14476/6/5
f 14481/6/5 14478/6/5 14477/6/5
f 14481/6/5 14479/6/5 14478/6/5
f 14482/6/5 14479/6/5 14481/6/5
f 14487/6/5 14484/6/5 14483/6/5
f 14488/6/5 14484/6/5 14487/6/5
f 14489/6/5 14486/6/5 14485/6/5
f 14490/6/5 14486/6/5 14489/6/5
f 14493/6/5 14492/6/5 14491/6/5
f 14494/6/5 14492/6/5 14493/6/5
f 14500/6/5 14496/6/5 14495/6/5
f 14501/6/5 14498/6/5 14497/6/5
f 14502/6/5 14498/6/5 14501/6/5
f 14504/6/5 14500/6/5 14499/6/5
f 14505/6/5 14496/6/5 14500/6/5
f 14505/6/5 14500/6/5 14504/6/5
f 14506/6/5 14496/6/5 14505/6/5
f 14509/6/5 14504/6/5 14503/6/5
f 14509/6/5 14505/6/5 14504/6/5
f 14510/6/5 14505/6/5 14509/6/5
f 14515/6/5 14508/6/5 14507/6/5
f 14516/6/5 14508/6/5 14515/6/5
f 14517/10/5 14512/10/5 14511/10/5
f 14518/10/5 14512/10/5 14517/10/5
f 14519/10/5 14512/10/5 14518/10/5
f 14520/10/5 14512/10/5 14519/10/5
f 14523/3/5 14514/3/5 14513/3/5
f 14524/3/5 14514/3/5 14523/3/5
f 14528/6/5 14521/6/5 14520/6/5
f 14528/6/5 14520/6/5 14519/6/5
f 14529/6/5 14521/6/5 14528/6/5
f 14530/3/5 14525/3/5 14524/3/5
f 14530/3/5 14524/3/5 14523/3/5
f 14530/3/5 14523/3/5 14522/3/5
f 14531/3/5 14525/3/5 14530/3/5
f 14532/6/5 14509/6/5 14503/6/5
f 14533/6/5 14509/6/5 14532/6/5
f 14536/6/5 14527/6/5 14526/6/5
f 14537/6/5 14527/6/5 14536/6/5
f 14538/3/5 14530/3/5 14522/3/5
f 14539/3/5 14530/3/5 14538/3/5
f 14544/6/5 14535/6/5 14534/6/5
f 14545/6/5 14535/6/5 14544/6/5
f 14546/6/5 14541/6/5 14540/6/5
f 14547/6/5 14543/6/5 14542/6/5
f 14548/6/5 14543/6/5 14547/6/5
f 14549/6/5 14546/6/5 14540/6/5
f 14549/6/5 14547/6/5 14546/6/5
f 14550/6/5 14547/6/5 14549/6/5
f 14551/6/5 14547/6/5 14550/6/5
f 14552/6/5 14547/6/5 14551/6/5
f 14554/6/5 14551/6/5 14550/6/5
f 14555/6/5 14551/6/5 14554/6/5
f 14558/6/5 14554/6/5 14553/6/5
f 14558/6/5 14556/6/5 14555/6/5
f 14558/6/5 14555/6/5 14554/6/5
f 14559/6/5 14556/6/5 14558/6/5
f 14561/6/5 14559/6/5 14558/6/5
f 14561/6/5 14560/6/5 14559/6/5
f 14561/6/5 14558/6/5 14557/6/5
f 14562/6/5 14560/6/5 14561/6/5
f 14563/6/5 14560/6/5 14562/6/5
f 14564/6/5 14560/6/5 14563/6/5
f 14565/6/5 14563/6/5 14562/6/5
f 14566/6/5 14563/6/5 14565/6/5
f 14571/5/5 14568/5/5 14567/5/5
f 14572/5/5 14568/5/5 14571/5/5
f 14573/5/5 14570/5/5 14569/5/5
f 14574/5/5 14570/5/5 14573/5/5
f 14577/10/5 14576/10/5 14575/10/5
f 14578/10/5 14576/10/5 14577/10/5
f 14581/6/5 14580/6/5 14579/6/5
f 14582/6/5 14580/6/5 14581/6/5
f 14585/6/5 14584/6/5 14583/6/5
f 14586/6/5 14584/6/5 14585/6/5
f 14592/6/5 14588/6/5 14587/6/5
f 14593/6/5 14588/6/5 14592/6/5
f 14595/6/5 14591/6/5 14590/6/5
f 14595/6/5 14590/6/5 14589/6/5
f 14596/6/5 14591/6/5 14595/6/5
f 14597/6/5 14591/6/5 14596/6/5
f 14600/6/5 14595/6/5 14594/6/5
f 14600/6/5 14596/6/5 14595/6/5
f 14601/6/5 14596/6/5 14600/6/5
f 14604/6/5 14599/6/5 14598/6/5
f 14605/6/5 14599/6/5 14604/6/5
f 14606/6/5 14603/6/5 14602/6/5
f 14607/6/5 14603/6/5 14606/6/5
f 14608/6/5 14603/6/5 14607/6/5
f 14613/6/5 14600/6/5 14594/6/5
f 14614/6/5 14600/6/5 14613/6/5
f 14616/6/5 14609/6/5 14608/6/5
f 14616/6/5 14608/6/5 14607/6/5
f 14617/6/5 14609/6/5 14616/6/5
f 14619/6/5 14615/6/5 14614/6/5
f 14619/6/5 14614/6/5 14613/6/5
f 14619/6/5 14613/6/5 14612/6/5
f 14620/6/5 14615/6/5 14619/6/5
f 14621/6/5 14615/6/5 14620/6/5
f 14623/3/5 14611/3/5 14610/3/5
f 14624/3/5 14611/3/5 14623/3/5
f 14625/6/5 14619/6/5 14618/6/5
f 14625/6/5 14620/6/5 14619/6/5
f 14626/6/5 14620/6/5 14625/6/5
f 14627/6/5 14622/6/5 14621/6/5
f 14628/6/5 14622/6/5 14627/6/5
f 14630/6/5 14609/6/5 14617/6/5
f 14631/3/5 14623/3/5 14610/3/5
f 14632/3/5 14623/3/5 14631/3/5
f 14633/3/5 14611/3/5 14624/3/5
f 14634/3/5 14611/3/5 14633/3/5
f 14638/6/5 14630/6/5 14629/6/5
f 14639/6/5 14609/6/5 14630/6/5
f 14639/6/5 14630/6/5 14638/6/5
f 14640/6/5 14609/6/5 14639/6/5
f 14641/3/5 14611/3/5 14634/3/5
f 14642/3/5 14611/3/5 14641/3/5
f 14643/6/5 14625/6/5 14618/6/5
f 14646/6/5 14636/6/5 14635/6/5
f 14647/6/5 14636/6/5 14646/6/5
f 14648/6/5 14638/6/5 14637/6/5
f 14648/6/5 14639/6/5 14638/6/5
f 14649/6/5 14639/6/5 14648/6/5
f 14650/6/5 14639/6/5 14649/6/5
f 14653/6/5 14644/6/5 14643/6/5
f 14653/6/5 14643/6/5 14618/6/5
f 14654/6/5 14644/6/5 14653/6/5
f 14655/6/5 14644/6/5 14654/6/5
f 14656/6/5 14647/6/5 14646/6/5
f 14656/6/5 14646/6/5 14645/6/5
f 14656/6/5 14649/6/5 14648/6/5
f 14656/6/5 14648/6/5 14647/6/5
f 14657/6/5 14649/6/5 14656/6/5
f 14658/6/5 14649/6/5 14657/6/5
f 14659/10/5 14652/10/5 14651/10/5
f 14660/10/5 14652/10/5 14659/10/5
f 14661/6/5 14655/6/5 14654/6/5
f 14661/6/5 14657/6/5 14656/6/5
f 14661/6/5 14656/6/5 14655/6/5
f 14662/6/5 14657/6/5 14661/6/5
f 14665/6/5 14664/6/5 14663/6/5
f 14666/6/5 14664/6/5 14665/6/5
f 14671/6/5 14668/6/5 14667/6/5
f 14672/6/5 14668/6/5 14671/6/5
f 14673/6/5 14670/6/5 14669/6/5
f 14674/6/5 14670/6/5 14673/6/5
f 14677/6/5 14676/6/5 14675/6/5
f 14678/6/5 14676/6/5 14677/6/5
f 14681/7/5 14680/7/5 14679/7/5
f 14682/7/5 14680/7/5 14681/7/5
f 14687/6/5 14684/6/5 14683/6/5
f 14688/6/5 14684/6/5 14687/6/5
f 14689/6/5 14686/6/5 14685/6/5
f 14690/6/5 14686/6/5 14689/6/5
f 14695/10/5 14692/10/5 14691/10/5
f 14696/10/5 14692/10/5 14695/10/5
f 14697/6/5 14694/6/5 14693/6/5
f 14698/6/5 14694/6/5 14697/6/5
f 14704/6/5 14700/6/5 14699/6/5
f 14705/6/5 14700/6/5 14704/6/5
f 14707/6/5 14702/6/5 14701/6/5
f 14708/6/5 14702/6/5 14707/6/5
f 14710/6/5 14706/6/5 14705/6/5
f 14710/6/5 14704/6/5 14703/6/5
f 14710/6/5 14705/6/5 14704/6/5
f 14711/6/5 14706/6/5 14710/6/5
f 14712/6/5 14706/6/5 14711/6/5
f 14713/6/5 14710/6/5 14709/6/5
f 14713/6/5 14711/6/5 14710/6/5
f 14715/6/5 14713/6/5 14709/6/5
f 14715/6/5 14714/6/5 14713/6/5
f 14716/6/5 14714/6/5 14715/6/5
f 14717/6/5 14714/6/5 14716/6/5
f 14720/6/5 14718/6/5 14717/6/5
f 14720/6/5 14717/6/5 14716/6/5
f 14721/6/5 14718/6/5 14720/6/5
f 14723/6/5 14720/6/5 14719/6/5
f 14724/6/5 14720/6/5 14723/6/5
f 14725/6/5 14718/6/5 14721/6/5
f 14726/6/5 14718/6/5 14725/6/5
f 14727/6/5 14718/6/5 14726/6/5
f 14728/6/5 14724/6/5 14723/6/5
f 14728/6/5 14723/6/5 14722/6/5
f 14728/6/5 14726/6/5 14725/6/5
f 14728/6/5 14725/6/5 14724/6/5
f 14729/6/5 14726/6/5 14728/6/5
f 14730/6/5 14726/6/5 14729/6/5
f 14731/6/5 14726/6/5 14730/6/5
f 14734/6/5 14728/6/5 14722/6/5
f 14735/6/5 14728/6/5 14734/6/5
f 14736/6/5 14728/6/5 14735/6/5
f 14737/6/5 14728/6/5 14736/6/5
f 14738/6/5 14730/6/5 14729/6/5
f 14739/6/5 14730/6/5 14738/6/5
f 14740/6/5 14733/6/5 14732/6/5
f 14741/6/5 14733/6/5 14740/6/5
f 14742/6/5 14736/6/5 14735/6/5
f 14743/6/5 14736/6/5 14742/6/5
f 14746/7/5 14745/7/5 14744/7/5
f 14747/7/5 14745/7/5 14746/7/5
f 14750/6/5 14749/6/5 14748/6/5
f 14751/6/5 14749/6/5 14750/6/5
f 14754/6/5 14753/6/5 14752/6/5
f 14755/6/5 14753/6/5 14754/6/5
f 14761/6/5 14757/6/5 14756/6/5
f 14762/6/5 14757/6/5 14761/6/5
f 14765/6/5 14759/6/5 14758/6/5
f 14766/6/5 14759/6/5 14765/6/5
f 14767/10/5 14760/10/5 14759/10/5
f 14767/6/5 14759/6/5 14766/6/5
f 14768/10/5 14760/10/5 14767/10/5
f 14769/6/5 14763/6/5 14762/6/5
f 14770/6/5 14763/6/5 14769/6/5
f 14772/6/5 14766/6/5 14765/6/5
f 14772/6/5 14765/6/5 14764/6/5
f 14773/6/5 14766/6/5 14772/6/5
f 14774/6/5 14766/6/5 14773/6/5
f 14775/6/5 14772/6/5 14771/6/5
f 14775/6/5 14773/6/5 14772/6/5
f 14776/6/5 14773/6/5 14775/6/5
f 14779/6/5 14778/6/5 14777/6/5
f 14780/6/5 14778/6/5 14779/6/5
f 14783/10/5 14782/10/5 14781/10/5
f 14784/10/5 14782/10/5 14783/10/5
f 14790/10/5 14786/10/5 14785/10/5
f 14791/10/5 14786/10/5 14790/10/5
f 14792/6/5 14788/6/5 14787/6/5
f 14793/6/5 14788/6/5 14792/6/5
f 14794/10/5 14790/10/5 14789/10/5
f 14795/10/5 14790/10/5 14794/10/5
f 14800/6/5 14799/6/5 14798/6/5
f 14801/6/5 14799/6/5 14800/6/5
f 14802/6/5 14797/6/5 14796/6/5
f 14803/6/5 14797/6/5 14802/6/5
f 14806/6/5 14805/6/5 14804/6/5
f 14807/6/5 14805/6/5 14806/6/5
f 14812/6/5 14809/6/5 14808/6/5
f 14813/6/5 14809/6/5 14812/6/5
f 14814/6/5 14811/6/5 14810/6/5
f 14815/6/5 14811/6/5 14814/6/5
f 14818/10/5 14817/10/5 14816/10/5
f 14819/10/5 14817/10/5 14818/10/5
f 14824/6/5 14821/6/5 14820/6/5
f 14825/6/5 14821/6/5 14824/6/5
f 14826/10/5 14823/10/5 14822/10/5
f 14827/10/5 14823/10/5 14826/10/5
f 14830/6/5 14829/6/5 14828/6/5
f 14831/6/5 14829/6/5 14830/6/5
f 14834/6/5 14833/6/5 14832/6/5
f 14835/6/5 14833/6/5 14834/6/5
f 14838/6/5 14837/6/5 14836/6/5
f 14839/6/5 14837/6/5 14838/6/5
f 14843/6/5 14841/6/5 14840/6/5
f 14844/6/5 14841/6/5 14843/6/5
f 14847/6/5 14843/6/5 14842/6/5
f 14848/6/5 14843/6/5 14847/6/5
f 14849/6/5 14846/6/5 14845/6/5
f 14850/6/5 14846/6/5 14849/6/5
f 14853/6/5 14852/6/5 14851/6/5
f 14854/6/5 14852/6/5 14853/6/5
f 14859/6/5 14856/6/5 14855/6/5
f 14860/6/5 14856/6/5 14859/6/5
f 14861/6/5 14858/6/5 14857/6/5
f 14862/6/5 14858/6/5 14861/6/5
f 14863/6/5 14858/6/5 14862/6/5
f 14866/7/5 14865/7/5 14864/7/5
f 14867/7/5 14865/7/5 14866/7/5
f 14872/6/5 14869/6/5 14868/6/5
f 14873/6/5 14869/6/5 14872/6/5
f 14875/10/5 14871/10/5 14870/10/5
f 14876/10/5 14871/10/5 14875/10/5
f 14877/6/5 14874/6/5 14873/6/5
f 14878/6/5 14874/6/5 14877/6/5
f 14881/6/5 14880/6/5 14879/6/5
f 14882/6/5 14880/6/5 14881/6/5
f 14888/10/5 14884/10/5 14883/10/5
f 14889/10/5 14884/10/5 14888/10/5
f 14890/10/5 14888/10/5 14887/10/5
f 14891/10/5 14888/10/5 14890/10/5
f 14892/6/5 14886/6/5 14885/6/5
f 14893/6/5 14886/6/5 14892/6/5
f 14896/6/5 14895/6/5 14894/6/5
f 14897/6/5 14895/6/5 14896/6/5
f 14900/10/5 14899/10/5 14898/10/5
f 14901/10/5 14899/10/5 14900/10/5
f 14904/10/5 14903/10/5 14902/10/5
f 14905/10/5 14903/10/5 14904/10/5
f 14908/6/5 14907/6/5 14906/6/5
f 14909/6/5 14907/6/5 14908/6/5
f 14912/6/5 14911/6/5 14910/6/5
f 14913/6/5 14911/6/5 14912/6/5
f 14918/7/5 14915/7/5 14914/7/5
f 14919/7/5 14915/7/5 14918/7/5
f 14920/6/5 14917/6/5 14916/6/5
f 14921/6/5 14917/6/5 14920/6/5
f 14924/7/5 14923/7/5 14922/7/5
f 14925/7/5 14923/7/5 14924/7/5
f 14928/6/5 14927/6/5 14926/6/5
f 14929/6/5 14927/6/5 14928/6/5
f 14936/10/5 14931/10/5 14930/10/5
f 14937/10/5 14931/10/5 14936/10/5
f 14938/10/5 14933/10/5 14932/10/5
f 14939/10/5 14933/10/5 14938/10/5
f 14940/10/5 14935/10/5 14934/10/5
f 14941/10/5 14935/10/5 14940/10/5
f 14942/10/5 14938/10/5 14932/10/5
f 14943/10/5 14938/10/5 14942/10/5
f 14949/10/5 14947/10/5 14946/10/5
f 14950/6/5 14945/6/5 14944/6/5
f 14951/6/5 14945/6/5 14950/6/5
f 14952/10/5 14949/10/5 14948/10/5
f 14952/10/5 14947/10/5 14949/10/5
f 14953/10/5 14947/10/5 14952/10/5
f 14954/10/5 14952/10/5 14948/10/5
f 14955/10/5 14952/10/5 14954/10/5
f 14958/10/5 14957/10/5 14956/10/5
f 14959/10/5 14957/10/5 14958/10/5
f 14966/10/5 14961/10/5 14960/10/5
f 14967/10/5 14961/10/5 14966/10/5
f 14968/10/5 14963/10/5 14962/10/5
f 14969/10/5 14963/10/5 14968/10/5
f 14970/7/5 14965/7/5 14964/7/5
f 14971/7/5 14965/7/5 14970/7/5
f 14974/6/5 14973/6/5 14972/6/5
f 14975/6/5 14973/6/5 14974/6/5
f 14979/6/5 14977/6/5 14976/6/5
f 14979/6/5 14978/6/5 14977/6/5
f 14980/6/5 14978/6/5 14979/6/5
f 14981/6/5 14979/6/5 14976/6/5
f 14982/6/5 14979/6/5 14981/6/5
f 14987/10/5 14984/10/5 14983/10/5
f 14988/10/5 14984/10/5 14987/10/5
f 14989/7/5 14986/7/5 14985/7/5
f 14991/7/5 14989/7/5 14985/7/5
f 14992/6/5 14990/6/5 14989/6/5
f 14992/7/5 14989/7/5 14991/7/5
f 14993/6/5 14990/6/5 14992/6/5
f 14995/6/5 14994/6/5 14993/6/5
f 14995/6/5 14993/6/5 14992/6/5
f 14996/6/5 14994/6/5 14995/6/5
f 14999/6/5 14998/6/5 14997/6/5
f 15000/6/5 14998/6/5 14999/6/5
f 15005/6/5 15002/6/5 15001/6/5
f 15006/6/5 15002/6/5 15005/6/5
f 15009/10/5 15004/10/5 15003/10/5
f 15010/10/5 15004/10/5 15009/10/5
f 15014/10/5 15008/10/5 15007/10/5
f 15015/10/5 15008/10/5 15014/10/5
f 15016/10/5 15008/10/5 15015/10/5
f 15017/10/5 15012/10/5 15011/10/5
f 15018/10/5 15012/10/5 15017/10/5
f 15019/6/5 15014/6/5 15013/6/5
f 15019/6/5 15015/6/5 15014/6/5
f 15020/6/5 15015/6/5 15019/6/5
f 15021/6/5 15019/6/5 15013/6/5
f 15022/6/5 15019/6/5 15021/6/5
f 15025/6/5 15024/6/5 15023/6/5
f 15026/6/5 15024/6/5 15025/6/5
f 15029/7/5 15028/7/5 15027/7/5
f 15030/7/5 15028/7/5 15029/7/5
f 15033/7/5 15032/7/5 15031/7/5
f 15034/7/5 15032/7/5 15033/7/5
f 15037/6/5 15036/6/5 15035/6/5
f 15038/6/5 15036/6/5 15037/6/5
f 15041/6/5 15040/6/5 15039/6/5
f 15042/6/5 15040/6/5 15041/6/5
f 15044/6/5 15043/6/5 15042/6/5
f 15045/6/5 15043/6/5 15044/6/5
f 15049/6/5 15046/6/5 15045/6/5
f 15050/6/5 15046/6/5 15049/6/5
f 15051/3/5 15048/3/5 15047/3/5
f 15055/3/5 15052/3/5 15051/3/5
f 15055/3/5 15051/3/5 15047/3/5
f 15056/3/5 15052/3/5 15055/3/5
f 15057/6/5 15054/6/5 15053/6/5
f 15058/6/5 15054/6/5 15057/6/5
f 15059/3/5 15055/3/5 15047/3/5
f 15060/3/5 15055/3/5 15059/3/5
f 15063/6/5 15062/6/5 15061/6/5
f 15064/6/5 15062/6/5 15063/6/5
f 15067/7/5 15066/7/5 15065/7/5
f 15068/7/5 15066/7/5 15067/7/5
f 15072/6/5 15069/6/5 15068/6/5
f 15073/6/5 15069/6/5 15072/6/5
f 15074/6/5 15071/6/5 15070/6/5
f 15075/6/5 15071/6/5 15074/6/5
f 15081/10/5 15077/10/5 15076/10/5
f 15082/10/5 15077/10/5 15081/10/5
f 15085/10/5 15079/10/5 15078/10/5
f 15086/10/5 15079/10/5 15085/10/5
f 15088/10/5 15081/10/5 15080/10/5
f 15088/10/5 15082/10/5 15081/10/5
f 15089/10/5 15082/10/5 15088/10/5
f 15090/10/5 15082/10/5 15089/10/5
f 15091/10/5 15082/10/5 15090/10/5
f 15092/10/5 15084/10/5 15083/10/5
f 15093/10/5 15084/10/5 15092/10/5
f 15095/6/5 15088/6/5 15087/6/5
f 15095/6/5 15089/6/5 15088/6/5
f 15096/6/5 15089/6/5 15095/6/5
f 15097/6/5 15089/6/5 15096/6/5
f 15098/6/5 15091/6/5 15090/6/5
f 15099/6/5 15091/6/5 15098/6/5
f 15100/6/5 15095/6/5 15094/6/5
f 15100/6/5 15096/6/5 15095/6/5
f 15101/6/5 15096/6/5 15100/6/5
f 15103/6/5 15100/6/5 15094/6/5
f 15104/6/5 15100/6/5 15103/6/5
f 15106/6/5 15103/6/5 15102/6/5
f 15109/6/5 15106/6/5 15105/6/5
f 15110/6/5 15103/6/5 15106/6/5
f 15110/6/5 15106/6/5 15109/6/5
f 15111/6/5 15108/6/5 15107/6/5
f 15112/6/5 15108/6/5 15111/6/5
f 15115/4/5 15114/4/5 15113/4/5
f 15116/4/5 15114/4/5 15115/4/5
f 15117/7/5 15116/7/5 15115/7/5
f 15118/7/5 15116/7/5 15117/7/5
f 15121/6/5 15120/6/5 15119/6/5
f 15122/6/5 15120/6/5 15121/6/5
f 15125/6/5 15124/6/5 15123/6/5
f 15126/6/5 15124/6/5 15125/6/5
f 15128/6/5 15127/6/5 15126/6/5
f 15129/6/5 15127/6/5 15128/6/5
f 15131/6/5 15130/6/5 15129/6/5
f 15132/6/5 15130/6/5 15131/6/5
f 15134/6/5 15133/6/5 15132/6/5
f 15135/6/5 15133/6/5 15134/6/5
f 15138/6/5 15137/6/5 15136/6/5
f 15139/6/5 15137/6/5 15138/6/5
f 15142/6/5 15141/6/5 15140/6/5
f 15143/6/5 15141/6/5 15142/6/5
f 15148/6/5 15145/6/5 15144/6/5
f 15149/6/5 15145/6/5 15148/6/5
f 15150/6/5 15147/6/5 15146/6/5
f 15151/6/5 15147/6/5 15150/6/5
f 15154/6/5 15153/6/5 15152/6/5
f 15155/6/5 15153/6/5 15154/6/5
f 15158/7/5 15157/7/5 15156/7/5
f 15159/7/5 15157/7/5 15158/7/5
f 15162/6/5 15161/6/5 15160/6/5
f 15163/6/5 15161/6/5 15162/6/5
f 15171/10/5 15164/10/5 15163/10/5
f 15172/10/5 15164/10/5 15171/10/5
f 15173/10/5 15166/10/5 15165/10/5
f 15174/10/5 15166/10/5 15173/10/5
f 15175/6/5 15168/6/5 15167/6/5
f 15176/6/5 15168/6/5 15175/6/5
f 15177/6/5 15170/6/5 15169/6/5
f 15178/6/5 15170/6/5 15177/6/5
f 15182/6/5 15180/6/5 15179/6/5
f 15183/6/5 15180/6/5 15182/6/5
f 15185/6/5 15182/6/5 15181/6/5
f 15185/6/5 15183/6/5 15182/6/5
f 15186/6/5 15183/6/5 15185/6/5
f 15188/6/5 15185/6/5 15184/6/5
f 15189/6/5 15185/6/5 15188/6/5
f 15190/6/5 15188/6/5 15187/6/5
f 15191/6/5 15188/6/5 15190/6/5
f 15195/6/5 15193/6/5 15192/6/5
f 15196/6/5 15193/6/5 15195/6/5
f 15197/6/5 15193/6/5 15196/6/5
f 15198/6/5 15195/6/5 15194/6/5
f 15198/6/5 15196/6/5 15195/6/5
f 15199/6/5 15196/6/5 15198/6/5
f 15200/6/5 15196/6/5 15199/6/5
f 15201/6/5 15199/6/5 15198/6/5
f 15202/6/5 15199/6/5 15201/6/5
f 15203/6/5 15199/6/5 15202/6/5
f 15204/6/5 15199/6/5 15203/6/5
f 15207/6/5 15206/6/5 15205/6/5
f 15208/6/5 15206/6/5 15207/6/5
f 15211/6/5 15210/6/5 15209/6/5
f 15212/6/5 15210/6/5 15211/6/5
f 15214/6/5 15213/6/5 15212/6/5
f 15215/6/5 15213/6/5 15214/6/5
f 15216/6/5 15213/6/5 15215/6/5
f 15219/6/5 15218/6/5 15217/6/5
f 15220/6/5 15218/6/5 15219/6/5
f 15223/6/5 15222/6/5 15221/6/5
f 15224/6/5 15222/6/5 15223/6/5
f 15233/10/5 15226/10/5 15225/10/5
f 15234/10/5 15226/10/5 15233/10/5
f 15235/6/5 15228/6/5 15227/6/5
f 15236/6/5 15228/6/5 15235/6/5
f 15237/6/5 15230/6/5 15229/6/5
f 15238/6/5 15230/6/5 15237/6/5
f 15239/10/5 15235/10/5 15234/10/5
f 15240/10/5 15235/10/5 15239/10/5
f 15241/6/5 15232/6/5 15231/6/5
f 15242/6/5 15232/6/5 15241/6/5
f 15245/6/5 15244/6/5 15243/6/5
f 15246/6/5 15244/6/5 15245/6/5
f 15249/6/5 15248/6/5 15247/6/5
f 15250/6/5 15248/6/5 15249/6/5
f 15255/6/5 15252/6/5 15251/6/5
f 15256/6/5 15252/6/5 15255/6/5
f 15257/6/5 15254/6/5 15253/6/5
f 15258/6/5 15257/6/5 15256/6/5
f 15259/6/5 15257/6/5 15258/6/5
f 15260/6/5 15254/6/5 15257/6/5
f 15260/6/5 15257/6/5 15259/6/5
f 15261/6/5 15254/6/5 15260/6/5
f 15262/10/5 15260/10/5 15259/10/5
f 15263/10/5 15260/10/5 15262/10/5
f 15266/6/5 15265/6/5 15264/6/5
f 15267/6/5 15265/6/5 15266/6/5
f 15271/6/5 15269/6/5 15268/6/5
f 15272/6/5 15269/6/5 15271/6/5
f 15273/6/5 15269/6/5 15272/6/5
f 15275/6/5 15271/6/5 15270/6/5
f 15275/6/5 15272/6/5 15271/6/5
f 15276/6/5 15272/6/5 15275/6/5
f 15277/6/5 15272/6/5 15276/6/5
f 15278/6/5 15275/6/5 15274/6/5
f 15278/6/5 15276/6/5 15275/6/5
f 15279/6/5 15276/6/5 15278/6/5
f 15281/6/5 15278/6/5 15274/6/5
f 15283/6/5 15281/6/5 15280/6/5
f 15284/6/5 15281/6/5 15283/6/5
f 15285/6/5 15278/6/5 15281/6/5
f 15285/6/5 15281/6/5 15284/6/5
f 15286/6/5 15284/6/5 15283/6/5
f 15286/6/5 15283/6/5 15282/6/5
f 15287/6/5 15284/6/5 15286/6/5
f 15288/6/5 15278/6/5 15285/6/5
f 15289/6/5 15278/6/5 15288/6/5
f 15290/6/5 15286/6/5 15282/6/5
f 15291/6/5 15286/6/5 15290/6/5
f 15294/6/5 15293/6/5 15292/6/5
f 15295/6/5 15293/6/5 15294/6/5
f 15298/6/5 15297/6/5 15296/6/5
f 15299/6/5 15297/6/5 15298/6/5
f 15300/6/5 15297/6/5 15299/6/5
f 15303/6/5 15302/6/5 15301/6/5
f 15304/6/5 15302/6/5 15303/6/5
f 15308/6/5 15306/6/5 15305/6/5
f 15314/6/5 15308/6/5 15307/6/5
f 15315/6/5 15306/6/5 15308/6/5
f 15315/6/5 15308/6/5 15314/6/5
f 15316/6/5 15306/6/5 15315/6/5
f 15317/10/5 15310/10/5 15309/10/5
f 15318/10/5 15310/10/5 15317/10/5
f 15321/6/5 15312/6/5 15311/6/5
f 15322/6/5 15312/6/5 15321/6/5
f 15323/6/5 15314/6/5 15313/6/5
f 15323/6/5 15315/6/5 15314/6/5
f 15324/6/5 15315/6/5 15323/6/5
f 15328/6/5 15320/6/5 15319/6/5
f 15329/6/5 15320/6/5 15328/6/5
f 15332/6/5 15327/6/5 15326/6/5
f 15332/6/5 15326/6/5 15325/6/5
f 15333/6/5 15327/6/5 15332/6/5
f 15334/6/5 15323/6/5 15313/6/5
f 15337/6/5 15331/6/5 15330/6/5
f 15338/6/5 15331/6/5 15337/6/5
f 15339/6/5 15335/6/5 15334/6/5
f 15339/6/5 15334/6/5 15313/6/5
f 15340/6/5 15335/6/5 15339/6/5
f 15341/6/5 15335/6/5 15340/6/5
f 15342/6/5 15337/6/5 15336/6/5
f 15343/6/5 15337/6/5 15342/6/5
f 15344/6/5 15341/6/5 15340/6/5
f 15344/6/5 15342/6/5 15341/6/5
f 15345/6/5 15342/6/5 15344/6/5
f 15346/6/5 15342/6/5 15345/6/5
f 15350/7/5 15348/7/5 15347/7/5
f 15351/7/5 15348/7/5 15350/7/5
f 15352/5/5 15349/5/5 15348/5/5
f 15352/7/5 15348/7/5 15351/7/5
f 15353/5/5 15349/5/5 15352/5/5
f 15354/6/5 15352/6/5 15351/6/5
f 15355/5/5 15353/5/5 15352/5/5
f 15355/6/5 15352/6/5 15354/6/5
f 15356/5/5 15353/5/5 15355/5/5
f 15360/6/5 15358/6/5 15357/6/5
f 15361/6/5 15358/6/5 15360/6/5
f 15363/6/5 15360/6/5 15359/6/5
f 15365/6/5 15363/6/5 15362/6/5
f 15366/6/5 15360/6/5 15363/6/5
f 15366/6/5 15363/6/5 15365/6/5
f 15367/6/5 15360/6/5 15366/6/5
f 15370/6/5 15365/6/5 15364/6/5
f 15370/6/5 15366/6/5 15365/6/5
f 15373/6/5 15369/6/5 15368/6/5
f 15374/6/5 15369/6/5 15373/6/5
f 15375/6/5 15371/6/5 15370/6/5
f 15375/6/5 15370/6/5 15364/6/5
f 15376/6/5 15371/6/5 15375/6/5
f 15377/6/5 15371/6/5 15376/6/5
f 15378/6/5 15374/6/5 15373/6/5
f 15378/6/5 15373/6/5 15372/6/5
f 15378/6/5 15376/6/5 15375/6/5
f 15378/6/5 15375/6/5 15374/6/5
f 15379/6/5 15376/6/5 15378/6/5
f 15380/6/5 15376/6/5 15379/6/5
f 15381/6/5 15376/6/5 15380/6/5
f 15382/6/5 15378/6/5 15372/6/5
f 15383/6/5 15378/6/5 15382/6/5
f 15384/6/5 15380/6/5 15379/6/5
f 15385/6/5 15380/6/5 15384/6/5
f 15386/6/5 15382/6/5 15372/6/5
f 15390/6/5 15386/6/5 15372/6/5
f 15390/6/5 15387/6/5 15386/6/5
f 15391/6/5 15387/6/5 15390/6/5
f 15392/6/5 15387/6/5 15391/6/5
f 15393/6/5 15389/6/5 15388/6/5
f 15394/6/5 15392/6/5 15391/6/5
f 15394/6/5 15393/6/5 15392/6/5
f 15395/6/5 15389/6/5 15393/6/5
f 15395/6/5 15393/6/5 15394/6/5
f 15397/6/5 15396/6/5 15395/6/5
f 15398/6/5 15396/6/5 15397/6/5
f 15401/6/5 15400/6/5 15399/6/5
f 15402/6/5 15400/6/5 15401/6/5
f 15406/6/5 15404/6/5 15403/6/5
f 15406/6/5 15405/6/5 15404/6/5
f 15407/6/5 15405/6/5 15406/6/5
f 15413/6/5 15406/6/5 15403/6/5
f 15414/6/5 15406/6/5 15413/6/5
f 15417/6/5 15409/6/5 15408/6/5
f 15418/6/5 15409/6/5 15417/6/5
f 15419/6/5 15411/6/5 15410/6/5
f 15420/6/5 15411/6/5 15419/6/5
f 15422/6/5 15415/6/5 15414/6/5
f 15422/6/5 15413/6/5 15412/6/5
f 15422/6/5 15414/6/5 15413/6/5
f 15423/6/5 15415/6/5 15422/6/5
f 15424/6/5 15417/6/5 15416/6/5
f 15425/6/5 15417/6/5 15424/6/5
f 15426/6/5 15417/6/5 15425/6/5
f 15427/6/5 15423/6/5 15422/6/5
f 15427/6/5 15422/6/5 15421/6/5
f 15427/6/5 15425/6/5 15424/6/5
f 15427/6/5 15424/6/5 15423/6/5
f 15428/6/5 15425/6/5 15427/6/5
f 15429/6/5 15425/6/5 15428/6/5
f 15430/6/5 15427/6/5 15421/6/5
f 15431/6/5 15427/6/5 15430/6/5
f 15432/6/5 15427/6/5 15431/6/5
f 15433/6/5 15427/6/5 15432/6/5
f 15435/6/5 15429/6/5 15428/6/5
f 15436/6/5 15429/6/5 15435/6/5
f 15437/6/5 15432/6/5 15431/6/5
f 15438/6/5 15432/6/5 15437/6/5
f 15439/6/5 15434/6/5 15433/6/5
f 15440/6/5 15434/6/5 15439/6/5
f 15443/6/5 15442/6/5 15441/6/5
f 15444/6/5 15442/6/5 15443/6/5
f 15447/6/5 15446/6/5 15445/6/5
f 15448/6/5 15446/6/5 15447/6/5
f 15453/10/5 15450/10/5 15449/10/5
f 15454/10/5 15450/10/5 15453/10/5
f 15455/6/5 15452/6/5 15451/6/5
f 15456/6/5 15452/6/5 15455/6/5
f 15459/10/5 15458/10/5 15457/10/5
f 15460/10/5 15458/10/5 15459/10/5
f 15464/6/5 15462/6/5 15461/6/5
f 15465/6/5 15462/6/5 15464/6/5
f 15466/6/5 15464/6/5 15463/6/5
f 15467/6/5 15464/6/5 15466/6/5
f 15474/6/5 15469/6/5 15468/6/5
f 15474/6/5 15470/6/5 15469/6/5
f 15475/6/5 15470/6/5 15474/6/5
f 15476/6/5 15470/6/5 15475/6/5
f 15478/6/5 15472/6/5 15471/6/5
f 15479/6/5 15472/6/5 15478/6/5
f 15480/6/5 15474/6/5 15473/6/5
f 15480/6/5 15475/6/5 15474/6/5
f 15481/6/5 15475/6/5 15480/6/5
f 15482/6/5 15475/6/5 15481/6/5
f 15483/6/5 15479/6/5 15478/6/5
f 15483/6/5 15478/6/5 15477/6/5
f 15483/6/5 15481/6/5 15480/6/5
f 15483/6/5 15480/6/5 15479/6/5
f 15484/6/5 15481/6/5 15483/6/5
f 15485/6/5 15481/6/5 15484/6/5
f 15486/6/5 15481/6/5 15485/6/5
f 15487/6/5 15485/6/5 15484/6/5
f 15488/6/5 15485/6/5 15487/6/5
f 15489/6/5 15481/6/5 15486/6/5
f 15491/6/5 15490/6/5 15489/6/5
f 15491/6/5 15489/6/5 15486/6/5
f 15492/6/5 15490/6/5 15491/6/5
f 15495/6/5 15490/6/5 15492/6/5
f 15496/6/5 15490/6/5 15495/6/5
f 15497/6/5 15494/6/5 15493/6/5
f 15498/6/5 15494/6/5 15497/6/5
f 15501/6/5 15500/6/5 15499/6/5
f 15502/6/5 15500/6/5 15501/6/5
f 15508/6/5 15505/6/5 15504/6/5
f 15508/6/5 15504/6/5 15503/6/5
f 15510/6/5 15507/6/5 15506/6/5
f 15511/6/5 15507/6/5 15510/6/5
f 15512/6/5 15507/6/5 15511/6/5
f 15513/6/5 15509/6/5 15508/6/5
f 15513/6/5 15508/6/5 15503/6/5
f 15514/6/5 15509/6/5 15513/6/5
f 15515/6/5 15509/6/5 15514/6/5
f 15516/6/5 15509/6/5 15515/6/5
f 15517/6/5 15515/6/5 15514/6/5
f 15518/6/5 15515/6/5 15517/6/5
f 15523/6/5 15520/6/5 15519/6/5
f 15524/6/5 15520/6/5 15523/6/5
f 15525/6/5 15522/6/5 15521/6/5
f 15526/6/5 15522/6/5 15525/6/5
f 15529/6/5 15528/6/5 15527/6/5
f 15530/6/5 15528/6/5 15529/6/5
f 15533/6/5 15532/6/5 15531/6/5
f 15534/6/5 15532/6/5 15533/6/5
f 15540/6/5 15536/6/5 15535/6/5
f 15541/6/5 15536/6/5 15540/6/5
f 15544/6/5 15538/6/5 15537/6/5
f 15545/6/5 15538/6/5 15544/6/5
f 15547/6/5 15540/6/5 15539/6/5
f 15548/6/5 15543/6/5 15542/6/5
f 15549/6/5 15543/6/5 15548/6/5
f 15550/6/5 15547/6/5 15546/6/5
f 15551/6/5 15540/6/5 15547/6/5
f 15551/6/5 15547/6/5 15550/6/5
f 15554/6/5 15540/6/5 15551/6/5
f 15555/6/5 15540/6/5 15554/6/5
f 15556/6/5 15553/6/5 15552/6/5
f 15557/6/5 15553/6/5 15556/6/5
f 15560/6/5 15559/6/5 15558/6/5
f 15561/6/5 15559/6/5 15560/6/5
f 15566/6/5 15563/6/5 15562/6/5
f 15566/6/5 15564/6/5 15563/6/5
f 15567/6/5 15564/6/5 15566/6/5
f 15567/6/5 15566/6/5 15565/6/5
f 15568/6/5 15564/6/5 15567/6/5
f 15569/6/5 15567/6/5 15565/6/5
f 15570/6/5 15567/6/5 15569/6/5
f 15572/6/5 15567/6/5 15570/6/5
f 15573/6/5 15567/6/5 15572/6/5
f 15576/6/5 15572/6/5 15571/6/5
f 15576/6/5 15574/6/5 15573/6/5
f 15576/6/5 15573/6/5 15572/6/5
f 15577/6/5 15574/6/5 15576/6/5
f 15578/6/5 15574/6/5 15577/6/5
f 15579/6/5 15576/6/5 15575/6/5
f 15579/6/5 15577/6/5 15576/6/5
f 15580/6/5 15577/6/5 15579/6/5
f 15581/6/5 15574/6/5 15578/6/5
f 15582/6/5 15574/6/5 15581/6/5
f 15584/6/5 15583/6/5 15582/6/5
f 15586/6/5 15579/6/5 15575/6/5
f 15589/6/5 15585/6/5 15584/6/5
f 15589/6/5 15584/6/5 15582/6/5
f 15590/6/5 15585/6/5 15589/6/5
f 15592/6/5 15587/6/5 15586/6/5
f 15592/6/5 15586/6/5 15575/6/5
f 15593/6/5 15587/6/5 15592/6/5
f 15594/6/5 15587/6/5 15593/6/5
f 15595/6/5 15591/6/5 15590/6/5
f 15595/6/5 15590/6/5 15589/6/5
f 15595/6/5 15589/6/5 15588/6/5
f 15596/6/5 15591/6/5 15595/6/5
f 15597/6/5 15591/6/5 15596/6/5
f 15599/6/5 15594/6/5 15593/6/5
f 15599/6/5 15596/6/5 15595/6/5
f 15599/6/5 15595/6/5 15594/6/5
f 15600/6/5 15596/6/5 15599/6/5
f 15601/6/5 15598/6/5 15597/6/5
f 15602/6/5 15598/6/5 15601/6/5
f 15604/6/5 15603/6/5 15602/6/5
f 15605/6/5 15603/6/5 15604/6/5
f 15609/6/5 15606/6/5 15605/6/5
f 15610/6/5 15606/6/5 15609/6/5
f 15613/6/5 15608/6/5 15607/6/5
f 15614/6/5 15608/6/5 15613/6/5
f 15619/6/5 15612/6/5 15611/6/5
f 15620/6/5 15612/6/5 15619/6/5
f 15621/6/5 15616/6/5 15615/6/5
f 15622/6/5 15616/6/5 15621/6/5
f 15623/6/5 15618/6/5 15617/6/5
f 15624/6/5 15618/6/5 15623/6/5
f 15627/6/5 15626/6/5 15625/6/5
f 15628/6/5 15626/6/5 15627/6/5
f 15632/6/5 15630/6/5 15629/6/5
f 15633/6/5 15630/6/5 15632/6/5
f 15636/6/5 15632/6/5 15631/6/5
f 15637/6/5 15632/6/5 15636/6/5
f 15639/6/5 15635/6/5 15634/6/5
f 15640/6/5 15635/6/5 15639/6/5
f 15641/6/5 15635/6/5 15640/6/5
f 15642/6/5 15635/6/5 15641/6/5
f 15644/6/5 15639/6/5 15638/6/5
f 15644/6/5 15640/6/5 15639/6/5
f 15645/6/5 15640/6/5 15644/6/5
f 15646/6/5 15640/6/5 15645/6/5
f 15647/6/5 15643/6/5 15642/6/5
f 15647/6/5 15642/6/5 15641/6/5
f 15648/6/5 15643/6/5 15647/6/5
f 15649/6/5 15643/6/5 15648/6/5
f 15650/6/5 15649/6/5 15648/6/5
f 15651/6/5 15649/6/5 15650/6/5
f 15653/6/5 15645/6/5 15644/6/5
f 15654/6/5 15645/6/5 15653/6/5
f 15654/6/5 15653/6/5 15652/6/5
f 15655/6/5 15645/6/5 15654/6/5
f 15656/6/5 15654/6/5 15652/6/5
f 15658/6/5 15656/6/5 15652/6/5
f 15658/6/5 15657/6/5 15656/6/5
f 15659/6/5 15657/6/5 15658/6/5
f 15660/6/5 15657/6/5 15659/6/5
f 15662/6/5 15660/6/5 15659/6/5
f 15662/6/5 15661/6/5 15660/6/5
f 15665/6/5 15662/6/5 15659/6/5
f 15665/6/5 15663/6/5 15662/6/5
f 15666/6/5 15665/6/5 15664/6/5
f 15667/6/5 15663/6/5 15665/6/5
f 15667/6/5 15665/6/5 15666/6/5
f 15668/6/5 15663/6/5 15667/6/5
f 15672/6/5 15669/6/5 15668/6/5
f 15672/6/5 15668/6/5 15667/6/5
f 15675/6/5 15671/6/5 15670/6/5
f 15676/6/5 15671/6/5 15675/6/5
f 15677/6/5 15673/6/5 15672/6/5
f 15677/6/5 15672/6/5 15667/6/5
f 15678/6/5 15673/6/5 15677/6/5
f 15679/6/5 15673/6/5 15678/6/5
f 15680/6/5 15673/6/5 15679/6/5
f 15681/6/5 15673/6/5 15680/6/5
f 15683/6/5 15676/6/5 15675/6/5
f 15683/6/5 15675/6/5 15674/6/5
f 15683/6/5 15677/6/5 15676/6/5
f 15684/6/5 15677/6/5 15683/6/5
f 15685/6/5 15677/6/5 15684/6/5
f 15686/6/5 15677/6/5 15685/6/5
f 15687/6/5 15682/6/5 15681/6/5
f 15687/6/5 15681/6/5 15680/6/5
f 15688/6/5 15682/6/5 15687/6/5
f 15689/6/5 15682/6/5 15688/6/5
f 15691/6/5 15685/6/5 15684/6/5
f 15692/6/5 15685/6/5 15691/6/5
f 15693/6/5 15690/6/5 15689/6/5
f 15693/6/5 15689/6/5 15688/6/5
f 15694/6/5 15690/6/5 15693/6/5
f 15695/6/5 15690/6/5 15694/6/5
f 15697/6/5 15695/6/5 15694/6/5
f 15697/6/5 15696/6/5 15695/6/5
f 15698/6/5 15696/6/5 15697/6/5
f 15699/6/5 15696/6/5 15698/6/5
f 15703/6/5 15700/6/5 15699/6/5
f 15703/6/5 15699/6/5 15698/6/5
f 15704/6/5 15700/6/5 15703/6/5
f 15705/6/5 15700/6/5 15704/6/5
f 15706/6/5 15702/6/5 15701/6/5
f 15707/6/5 15702/6/5 15706/6/5
f 15708/6/5 15702/6/5 15707/6/5
f 15709/6/5 15705/6/5 15704/6/5
f 15709/6/5 15707/6/5 15706/6/5
f 15709/6/5 15706/6/5 15705/6/5
f 15710/6/5 15707/6/5 15709/6/5
f 15713/6/5 15712/6/5 15711/6/5
f 15714/6/5 15712/6/5 15713/6/5
f 15717/6/5 15716/6/5 15715/6/5
f 15718/6/5 15716/6/5 15717/6/5
f 15721/6/5 15720/6/5 15719/6/5
f 15722/6/5 15720/6/5 15721/6/5
f 15726/6/5 15724/6/5 15723/6/5
f 15727/6/5 15724/6/5 15726/6/5
f 15729/6/5 15726/6/5 15725/6/5
f 15729/6/5 15728/6/5 15727/6/5
f 15729/6/5 15727/6/5 15726/6/5
f 15731/6/5 15729/6/5 15725/6/5
f 15731/6/5 15730/6/5 15729/6/5
f 15732/6/5 15730/6/5 15731/6/5
f 15734/6/5 15731/6/5 15725/6/5
f 15735/6/5 15731/6/5 15734/6/5
f 15735/6/5 15734/6/5 15733/6/5
f 15736/6/5 15731/6/5 15735/6/5
f 15737/6/5 15735/6/5 15733/6/5
f 15738/6/5 15735/6/5 15737/6/5
f 15739/6/5 15735/6/5 15738/6/5
f 15740/6/5 15735/6/5 15739/6/5
f 15741/6/5 15739/6/5 15738/6/5
f 15742/6/5 15739/6/5 15741/6/5
f 15743/6/5 15739/6/5 15742/6/5
f 15744/6/5 15739/6/5 15743/6/5
f 15745/6/5 15739/6/5 15744/6/5
f 15749/6/5 15746/6/5 15745/6/5
f 15749/6/5 15745/6/5 15744/6/5
f 15750/6/5 15746/6/5 15749/6/5
f 15751/6/5 15746/6/5 15750/6/5
f 15752/6/5 15748/6/5 15747/6/5
f 15753/6/5 15751/6/5 15750/6/5
f 15753/6/5 15752/6/5 15751/6/5
f 15754/6/5 15752/6/5 15753/6/5
f 15755/6/5 15752/6/5 15754/6/5
f 15756/6/5 15752/6/5 15755/6/5
f 15757/6/5 15748/6/5 15752/6/5
f 15757/6/5 15752/6/5 15756/6/5
f 15759/6/5 15758/6/5 15757/6/5
f 15759/6/5 15757/6/5 15756/6/5
f 15760/6/5 15758/6/5 15759/6/5
f 15761/6/5 15758/6/5 15760/6/5
f 15762/6/5 15758/6/5 15761/6/5
f 15763/6/5 15758/6/5 15762/6/5
f 15765/6/5 15764/6/5 15763/6/5
f 15765/6/5 15763/6/5 15762/6/5
f 15766/6/5 15764/6/5 15765/6/5
f 15767/6/5 15764/6/5 15766/6/5
f 15768/6/5 15767/6/5 15766/6/5
f 15769/6/5 15767/6/5 15768/6/5
f 15778/6/5 15771/6/5 15770/6/5
f 15779/6/5 15771/6/5 15778/6/5
f 15780/10/5 15773/10/5 15772/10/5
f 15781/10/5 15773/10/5 15780/10/5
f 15782/6/5 15775/6/5 15774/6/5
f 15783/6/5 15775/6/5 15782/6/5
f 15784/6/5 15777/6/5 15776/6/5
f 15785/6/5 15777/6/5 15784/6/5
f 15788/6/5 15787/6/5 15786/6/5
f 15789/6/5 15787/6/5 15788/6/5
f 15793/6/5 15791/6/5 15790/6/5
f 15793/6/5 15792/6/5 15791/6/5
f 15794/6/5 15792/6/5 15793/6/5
f 15797/6/5 15796/6/5 15795/6/5
f 15798/6/5 15796/6/5 15797/6/5
f 15801/6/5 15800/6/5 15799/6/5
f 15803/6/5 15802/6/5 15801/6/5
f 15805/6/5 15804/6/5 15803/6/5
f 15807/6/5 15803/6/5 15801/6/5
f 15807/6/5 15806/6/5 15805/6/5
f 15807/6/5 15805/6/5 15803/6/5
f 15807/6/5 15801/6/5 15799/6/5
f 15808/6/5 15806/6/5 15807/6/5
f 15809/6/5 15806/6/5 15808/6/5
f 15810/6/5 15806/6/5 15809/6/5
f 15812/6/5 15809/6/5 15808/6/5
f 15813/6/5 15809/6/5 15812/6/5
f 15814/6/5 15811/6/5 15810/6/5
f 15815/6/5 15811/6/5 15814/6/5
f 15818/6/5 15817/6/5 15816/6/5
f 15819/6/5 15817/6/5 15818/6/5
f 15822/6/5 15821/6/5 15820/6/5
f 15823/6/5 15821/6/5 15822/6/5
f 15825/6/5 15824/6/5 15823/6/5
f 15826/6/5 15824/6/5 15825/6/5
f 15828/6/5 15827/6/5 15826/6/5
f 15829/6/5 15827/6/5 15828/6/5
f 15831/6/5 15830/6/5 15829/6/5
f 15832/6/5 15830/6/5 15831/6/5
f 15837/6/5 15834/6/5 15833/6/5
f 15838/6/5 15834/6/5 15837/6/5
f 15841/6/5 15836/6/5 15835/6/5
f 15842/6/5 15836/6/5 15841/6/5
f 15843/6/5 15840/6/5 15839/6/5
f 15844/6/5 15840/6/5 15843/6/5
f 15848/6/5 15846/6/5 15845/6/5
f 15849/6/5 15846/6/5 15848/6/5
f 15850/6/5 15848/6/5 15847/6/5
f 15851/6/5 15848/6/5 15850/6/5
f 15855/6/5 15852/6/5 15851/6/5
f 15856/6/5 15852/6/5 15855/6/5
f 15857/6/5 15854/6/5 15853/6/5
f 15858/6/5 15854/6/5 15857/6/5
f 15861/6/5 15860/6/5 15859/6/5
f 15862/6/5 15860/6/5 15861/6/5
f 15865/6/5 15864/6/5 15863/6/5
f 15866/6/5 15864/6/5 15865/6/5
f 15869/6/5 15868/6/5 15867/6/5
f 15871/6/5 15869/6/5 15867/6/5
f 15871/6/5 15870/6/5 15869/6/5
f 15872/6/5 15870/6/5 15871/6/5
f 15873/6/5 15870/6/5 15872/6/5
f 15875/6/5 15874/6/5 15873/6/5
f 15875/6/5 15873/6/5 15872/6/5
f 15876/6/5 15874/6/5 15875/6/5
f 15882/6/5 15878/6/5 15877/6/5
f 15883/6/5 15878/6/5 15882/6/5
f 15884/6/5 15878/6/5 15883/6/5
f 15885/6/5 15880/6/5 15879/6/5
f 15886/6/5 15880/6/5 15885/6/5
f 15889/6/5 15882/6/5 15881/6/5
f 15889/6/5 15883/6/5 15882/6/5
f 15890/6/5 15883/6/5 15889/6/5
f 15893/6/5 15888/6/5 15887/6/5
f 15894/6/5 15888/6/5 15893/6/5
f 15895/6/5 15892/6/5 15891/6/5
f 15896/6/5 15892/6/5 15895/6/5
f 15899/6/5 15898/6/5 15897/6/5
f 15900/6/5 15898/6/5 15899/6/5
f 15903/6/5 15902/6/5 15901/6/5
f 15904/6/5 15902/6/5 15903/6/5
f 15905/6/6 15906/6/6 15909/6/6
f 15909/6/6 15906/6/6 15910/6/6
f 15907/6/6 15908/6/6 15913/6/6
f 15913/6/6 15908/6/6 15914/6/6
f 15911/6/6 15912/6/6 15915/6/6
f 15915/6/6 15912/6/6 15916/6/6
f 15919/6/6 15920/6/6 15921/6/6
f 15921/6/6 15920/6/6 15922/6/6
f 15917/6/6 15918/6/6 15923/6/6
f 15923/6/6 15918/6/6 15924/6/6
f 15927/6/6 15928/6/6 15929/6/6
f 15929/6/6 15928/6/6 15930/6/6
f 15925/6/6 15926/6/6 15931/6/6
f 15931/6/6 15926/6/6 15932/6/6
f 15935/6/6 15936/6/6 15937/6/6
f 15937/6/6 15936/6/6 15938/6/6
f 15938/6/6 15939/6/6 15940/6/6
f 15933/6/6 15934/6/6 15943/6/6
f 15940/6/6 15941/6/6 15944/6/6
f 15938/6/6 15940/6/6 15944/6/6
f 15944/6/6 15941/6/6 15945/6/6
f 15945/6/6 15941/6/6 15946/6/6
f 15942/10/6 15943/10/6 15947/10/6
f 15943/6/6 15934/6/6 15948/6/6
f 15947/10/6 15943/10/6 15948/10/6
f 15948/6/6 15934/6/6 15949/6/6
f 15945/6/6 15946/6/6 15950/6/6
f 15946/6/6 15947/6/6 15950/6/6
f 15947/10/6 15948/10/6 15951/10/6
f 15950/6/6 15947/6/6 15951/6/6
f 15951/10/6 15948/10/6 15952/10/6
f 15953/6/6 15954/6/6 15959/6/6
f 15959/6/6 15954/6/6 15960/6/6
f 15955/6/6 15956/6/6 15961/6/6
f 15961/6/6 15956/6/6 15962/6/6
f 15957/9/6 15958/9/6 15963/9/6
f 15963/9/6 15958/9/6 15964/9/6
f 15965/6/6 15966/6/6 15967/6/6
f 15967/6/6 15966/6/6 15968/6/6
f 15969/6/6 15970/6/6 15973/6/6
f 15973/6/6 15970/6/6 15974/6/6
f 15971/6/6 15972/6/6 15975/6/6
f 15975/6/6 15972/6/6 15976/6/6
f 15977/6/6 15978/6/6 15979/6/6
f 15979/6/6 15978/6/6 15980/6/6
f 15983/6/6 15984/6/6 15985/6/6
f 15985/6/6 15984/6/6 15986/6/6
f 15981/6/6 15982/6/6 15987/6/6
f 15987/6/6 15982/6/6 15988/6/6
f 15989/6/6 15990/6/6 15993/6/6
f 15993/6/6 15990/6/6 15994/6/6
f 15991/6/6 15992/6/6 15997/6/6
f 15997/6/6 15992/6/6 15998/6/6
f 15995/6/6 15996/6/6 15999/6/6
f 15999/6/6 15996/6/6 16000/6/6
f 16001/2/6 16002/2/6 16005/2/6
f 16005/2/6 16002/2/6 16006/2/6
f 16003/2/6 16004/2/6 16007/2/6
f 16007/2/6 16004/2/6 16008/2/6
f 16009/6/6 16010/6/6 16011/6/6
f 16009/6/6 16011/6/6 16013/6/6
f 16011/6/6 16012/6/6 16013/6/6
f 16013/6/6 16012/6/6 16014/6/6
f 16009/6/6 16013/6/6 16015/6/6
f 16015/6/6 16013/6/6 16016/6/6
f 16017/6/6 16018/6/6 16021/6/6
f 16021/6/6 16018/6/6 16022/6/6
f 16019/6/6 16020/6/6 16023/6/6
f 16023/6/6 16020/6/6 16024/6/6
f 16025/6/6 16026/6/6 16029/6/6
f 16029/6/6 16026/6/6 16030/6/6
f 16027/6/6 16028/6/6 16031/6/6
f 16031/6/6 16028/6/6 16032/6/6
f 16033/6/6 16034/6/6 16037/6/6
f 16037/6/6 16034/6/6 16038/6/6
f 16035/10/6 16036/10/6 16039/10/6
f 16039/10/6 16036/10/6 16040/10/6
f 16041/6/6 16042/6/6 16046/6/6
f 16046/6/6 16042/6/6 16047/6/6
f 16043/9/6 16044/9/6 16049/9/6
f 16049/9/6 16044/9/6 16050/9/6
f 16047/6/6 16048/6/6 16051/6/6
f 16045/6/6 16046/6/6 16051/6/6
f 16046/6/6 16047/6/6 16051/6/6
f 16051/6/6 16048/6/6 16052/6/6
f 16052/6/6 16048/6/6 16053/6/6
f 16053/6/6 16048/6/6 16054/6/6
f 16052/6/6 16053/6/6 16055/6/6
f 16055/6/6 16053/6/6 16056/6/6
f 16057/2/6 16058/2/6 16061/2/6
f 16061/2/6 16058/2/6 16062/2/6
f 16059/2/6 16060/2/6 16063/2/6
f 16063/2/6 16060/2/6 16064/2/6
f 16065/6/6 16066/6/6 16069/6/6
f 16069/6/6 16066/6/6 16070/6/6
f 16070/6/6 16066/6/6 16071/6/6
f 16067/9/6 16068/9/6 16073/9/6
f 16073/9/6 16068/9/6 16074/9/6
f 16071/6/6 16072/6/6 16075/6/6
f 16070/6/6 16071/6/6 16075/6/6
f 16075/6/6 16072/6/6 16076/6/6
f 16076/6/6 16072/6/6 16077/6/6
f 16077/6/6 16078/6/6 16080/6/6
f 16076/6/6 16077/6/6 16080/6/6
f 16080/6/6 16078/6/6 16081/6/6
f 16081/6/6 16078/6/6 16082/6/6
f 16079/6/6 16080/6/6 16084/6/6
f 16080/6/6 16081/6/6 16084/6/6
f 16084/6/6 16081/6/6 16085/6/6
f 16085/6/6 16081/6/6 16086/6/6
f 16083/6/6 16084/6/6 16087/6/6
f 16084/6/6 16085/6/6 16087/6/6
f 16087/6/6 16085/6/6 16088/6/6
f 16083/6/6 16087/6/6 16089/6/6
f 16089/6/6 16087/6/6 16090/6/6
f 16091/6/6 16092/6/6 16098/6/6
f 16098/6/6 16092/6/6 16099/6/6
f 16093/6/6 16094/6/6 16100/6/6
f 16100/6/6 16094/6/6 16101/6/6
f 16101/6/6 16094/6/6 16102/6/6
f 16102/6/6 16094/6/6 16103/6/6
f 16095/9/6 16096/9/6 16105/9/6
f 16105/9/6 16096/9/6 16106/9/6
f 16098/6/6 16099/6/6 16107/6/6
f 16097/6/6 16098/6/6 16107/6/6
f 16099/6/6 16100/6/6 16107/6/6
f 16100/6/6 16101/6/6 16107/6/6
f 16107/6/6 16101/6/6 16108/6/6
f 16103/6/6 16104/6/6 16109/6/6
f 16102/6/6 16103/6/6 16109/6/6
f 16109/6/6 16104/6/6 16110/6/6
f 16097/6/6 16107/6/6 16111/6/6
f 16111/6/6 16107/6/6 16112/6/6
f 16112/6/6 16107/6/6 16113/6/6
f 16113/6/6 16107/6/6 16114/6/6
f 16114/6/6 16107/6/6 16115/6/6
f 16110/6/6 16104/6/6 16118/6/6
f 16112/6/6 16113/6/6 16120/6/6
f 16120/6/6 16113/6/6 16121/6/6
f 16115/6/6 16116/6/6 16122/6/6
f 16114/6/6 16115/6/6 16122/6/6
f 16122/6/6 16116/6/6 16123/6/6
f 16123/6/6 16116/6/6 16124/6/6
f 16117/6/6 16118/6/6 16125/6/6
f 16118/6/6 16104/6/6 16126/6/6
f 16125/6/6 16118/6/6 16126/6/6
f 16126/6/6 16104/6/6 16127/6/6
f 16119/6/6 16120/6/6 16129/6/6
f 16129/6/6 16120/6/6 16130/6/6
f 16123/6/6 16124/6/6 16132/6/6
f 16124/6/6 16125/6/6 16132/6/6
f 16125/6/6 16126/6/6 16132/6/6
f 16132/6/6 16126/6/6 16133/6/6
f 16130/6/6 16131/6/6 16134/6/6
f 16129/6/6 16130/6/6 16134/6/6
f 16128/6/6 16129/6/6 16134/6/6
f 16134/6/6 16131/6/6 16135/6/6
f 16136/2/6 16137/2/6 16144/2/6
f 16144/2/6 16137/2/6 16145/2/6
f 16138/2/6 16139/2/6 16146/2/6
f 16146/2/6 16139/2/6 16147/2/6
f 16140/2/6 16141/2/6 16148/2/6
f 16148/2/6 16141/2/6 16149/2/6
f 16142/2/6 16143/2/6 16150/2/6
f 16150/2/6 16143/2/6 16151/2/6
f 16152/2/6 16153/2/6 16158/2/6
f 16158/2/6 16153/2/6 16159/2/6
f 16154/2/6 16155/2/6 16162/2/6
f 16162/2/6 16155/2/6 16163/2/6
f 16156/2/6 16157/2/6 16164/2/6
f 16164/2/6 16157/2/6 16165/2/6
f 16160/5/6 16161/5/6 16166/5/6
f 16166/5/6 16161/5/6 16167/5/6
f 16167/5/6 16161/5/6 16168/5/6
f 16168/5/6 16161/5/6 16169/5/6
f 16167/6/6 16168/6/6 16170/6/6
f 16170/6/6 16168/6/6 16171/6/6
f 16172/6/6 16173/6/6 16174/6/6
f 16174/6/6 16173/6/6 16175/6/6
f 16175/6/6 16173/6/6 16176/6/6
f 16176/6/6 16177/6/6 16178/6/6
f 16175/6/6 16176/6/6 16178/6/6
f 16178/6/6 16177/6/6 16179/6/6
f 16179/6/6 16177/6/6 16180/6/6
f 16180/6/6 16181/6/6 16182/6/6
f 16179/6/6 16180/6/6 16182/6/6
f 16182/6/6 16181/6/6 16183/6/6
f 16183/6/6 16181/6/6 16185/6/6
f 16184/6/6 16185/6/6 16187/6/6
f 16185/6/6 16181/6/6 16188/6/6
f 16187/6/6 16185/6/6 16188/6/6
f 16188/6/6 16181/6/6 16189/6/6
f 16187/6/6 16188/6/6 16194/6/6
f 16186/6/6 16187/6/6 16194/6/6
f 16194/6/6 16188/6/6 16195/6/6
f 16190/1/6 16191/1/6 16196/1/6
f 16196/1/6 16191/1/6 16197/1/6
f 16192/6/6 16193/6/6 16199/6/6
f 16199/6/6 16193/6/6 16200/6/6
f 16198/6/6 16199/6/6 16201/6/6
f 16201/6/6 16199/6/6 16202/6/6
f 16203/6/6 16204/6/6 16206/6/6
f 16206/6/6 16204/6/6 16207/6/6
f 16205/6/6 16206/6/6 16208/6/6
f 16208/6/6 16206/6/6 16209/6/6
f 16210/6/6 16211/6/6 16213/6/6
f 16213/6/6 16211/6/6 16214/6/6
f 16212/6/6 16213/6/6 16218/6/6
f 16213/6/6 16214/6/6 16218/6/6
f 16214/6/6 16215/6/6 16218/6/6
f 16218/6/6 16215/6/6 16219/6/6
f 16219/6/6 16215/6/6 16220/6/6
f 16220/6/6 16215/6/6 16221/6/6
f 16216/6/6 16217/6/6 16223/6/6
f 16223/6/6 16217/6/6 16224/6/6
f 16219/6/6 16220/6/6 16226/6/6
f 16226/6/6 16220/6/6 16227/6/6
f 16224/6/6 16225/6/6 16229/6/6
f 16222/6/6 16223/6/6 16229/6/6
f 16223/6/6 16224/6/6 16229/6/6
f 16229/6/6 16225/6/6 16230/6/6
f 16228/6/6 16229/6/6 16233/6/6
f 16230/6/6 16231/6/6 16233/6/6
f 16229/6/6 16230/6/6 16233/6/6
f 16233/6/6 16231/6/6 16234/6/6
f 16234/6/6 16231/6/6 16235/6/6
f 16235/6/6 16231/6/6 16236/6/6
f 16236/6/6 16231/6/6 16237/6/6
f 16232/6/6 16233/6/6 16240/6/6
f 16233/6/6 16234/6/6 16240/6/6
f 16240/6/6 16234/6/6 16241/6/6
f 16235/6/6 16236/6/6 16242/6/6
f 16242/6/6 16236/6/6 16243/6/6
f 16238/6/6 16239/6/6 16244/6/6
f 16244/6/6 16239/6/6 16245/6/6
f 16232/6/6 16240/6/6 16249/6/6
f 16249/6/6 16240/6/6 16250/6/6
f 16246/6/6 16247/6/6 16254/6/6
f 16254/6/6 16247/6/6 16255/6/6
f 16248/6/6 16249/6/6 16257/6/6
f 16249/6/6 16250/6/6 16257/6/6
f 16250/6/6 16251/6/6 16257/6/6
f 16257/6/6 16251/6/6 16258/6/6
f 16258/6/6 16251/6/6 16259/6/6
f 16252/6/6 16253/6/6 16260/6/6
f 16260/6/6 16253/6/6 16261/6/6
f 16256/6/6 16257/6/6 16265/6/6
f 16257/6/6 16258/6/6 16265/6/6
f 16265/6/6 16258/6/6 16266/6/6
f 16261/6/6 16262/6/6 16267/6/6
f 16260/6/6 16261/6/6 16267/6/6
f 16259/6/6 16260/6/6 16267/6/6
f 16267/6/6 16262/6/6 16268/6/6
f 16268/6/6 16262/6/6 16269/6/6
f 16269/6/6 16262/6/6 16270/6/6
f 16263/6/6 16264/6/6 16273/6/6
f 16273/6/6 16264/6/6 16274/6/6
f 16271/6/6 16272/6/6 16275/6/6
f 16275/6/6 16272/6/6 16276/6/6
f 16256/6/6 16265/6/6 16277/6/6
f 16277/6/6 16265/6/6 16278/6/6
f 16268/6/6 16269/6/6 16279/6/6
f 16279/6/6 16269/6/6 16280/6/6
f 16281/2/6 16282/2/6 16289/2/6
f 16289/2/6 16282/2/6 16290/2/6
f 16283/2/6 16284/2/6 16291/2/6
f 16291/2/6 16284/2/6 16292/2/6
f 16285/2/6 16286/2/6 16293/2/6
f 16293/2/6 16286/2/6 16294/2/6
f 16287/2/6 16288/2/6 16295/2/6
f 16295/2/6 16288/2/6 16296/2/6
f 16301/2/6 16302/2/6 16309/2/6
f 16309/2/6 16302/2/6 16310/2/6
f 16303/2/6 16304/2/6 16311/2/6
f 16311/2/6 16304/2/6 16312/2/6
f 16297/6/6 16298/6/6 16313/6/6
f 16313/6/6 16298/6/6 16314/6/6
f 16299/6/6 16300/6/6 16315/6/6
f 16315/6/6 16300/6/6 16316/6/6
f 16305/5/6 16306/5/6 16317/5/6
f 16317/5/6 16306/5/6 16318/5/6
f 16318/5/6 16306/5/6 16319/5/6
f 16319/5/6 16306/5/6 16320/5/6
f 16307/5/6 16308/5/6 16321/5/6
f 16321/5/6 16308/5/6 16322/5/6
f 16318/5/6 16319/5/6 16327/5/6
f 16327/5/6 16319/5/6 16328/5/6
f 16322/6/6 16323/6/6 16330/6/6
f 16330/6/6 16323/6/6 16331/6/6
f 16324/6/6 16325/6/6 16332/6/6
f 16332/6/6 16325/6/6 16333/6/6
f 16328/6/6 16329/6/6 16334/6/6
f 16326/6/6 16327/6/6 16334/6/6
f 16327/6/6 16328/6/6 16334/6/6
f 16334/6/6 16329/6/6 16335/6/6
f 16335/6/6 16329/6/6 16336/6/6
f 16336/6/6 16329/6/6 16337/6/6
f 16335/6/6 16336/6/6 16338/6/6
f 16338/6/6 16336/6/6 16339/6/6
f 16340/10/6 16341/10/6 16344/10/6
f 16344/10/6 16341/10/6 16345/10/6
f 16342/6/6 16343/6/6 16348/6/6
f 16348/6/6 16343/6/6 16349/6/6
f 16346/6/6 16347/6/6 16350/6/6
f 16350/6/6 16347/6/6 16351/6/6
f 16351/6/6 16352/6/6 16353/6/6
f 16353/6/6 16352/6/6 16354/6/6
f 16355/6/6 16356/6/6 16357/6/6
f 16357/6/6 16356/6/6 16358/6/6
f 16359/6/6 16360/6/6 16363/6/6
f 16363/6/6 16360/6/6 16364/6/6
f 16361/6/6 16362/6/6 16366/6/6
f 16366/6/6 16362/6/6 16367/6/6
f 16367/6/6 16362/6/6 16368/6/6
f 16365/6/6 16366/6/6 16370/6/6
f 16366/6/6 16367/6/6 16370/6/6
f 16369/6/6 16370/6/6 16371/6/6
f 16370/6/6 16367/6/6 16372/6/6
f 16371/6/6 16370/6/6 16372/6/6
f 16372/6/6 16367/6/6 16373/6/6
f 16373/6/6 16367/6/6 16374/6/6
f 16372/6/6 16373/6/6 16378/6/6
f 16375/6/6 16376/6/6 16380/6/6
f 16380/6/6 16376/6/6 16381/6/6
f 16377/6/6 16378/6/6 16384/6/6
f 16378/6/6 16373/6/6 16385/6/6
f 16384/6/6 16378/6/6 16385/6/6
f 16385/6/6 16373/6/6 16386/6/6
f 16381/6/6 16382/6/6 16388/6/6
f 16379/6/6 16380/6/6 16388/6/6
f 16380/6/6 16381/6/6 16388/6/6
f 16383/6/6 16384/6/6 16389/6/6
f 16384/6/6 16385/6/6 16389/6/6
f 16389/6/6 16385/6/6 16390/6/6
f 16387/6/6 16388/6/6 16391/6/6
f 16388/6/6 16382/6/6 16391/6/6
f 16391/6/6 16382/6/6 16392/6/6
f 16387/6/6 16391/6/6 16393/6/6
f 16393/6/6 16391/6/6 16394/6/6
f 16387/6/6 16393/6/6 16395/6/6
f 16395/6/6 16393/6/6 16396/6/6
f 16396/6/6 16393/6/6 16397/6/6
f 16397/6/6 16393/6/6 16398/6/6
f 16398/6/6 16393/6/6 16399/6/6
f 16396/6/6 16397/6/6 16401/6/6
f 16401/6/6 16397/6/6 16402/6/6
f 16399/6/6 16400/6/6 16403/6/6
f 16398/6/6 16399/6/6 16403/6/6
f 16403/6/6 16400/6/6 16404/6/6
f 16404/6/6 16400/6/6 16405/6/6
f 16405/6/6 16400/6/6 16406/6/6
f 16402/6/6 16403/6/6 16408/6/6
f 16403/6/6 16404/6/6 16408/6/6
f 16408/6/6 16404/6/6 16409/6/6
f 16406/6/6 16407/6/6 16410/6/6
f 16405/6/6 16406/6/6 16410/6/6
f 16410/6/6 16407/6/6 16411/6/6
f 16412/6/6 16413/6/6 16415/6/6
f 16415/6/6 16413/6/6 16416/6/6
f 16416/6/6 16413/6/6 16417/6/6
f 16417/6/6 16413/6/6 16418/6/6
f 16402/6/6 16408/6/6 16420/6/6
f 16411/6/6 16407/6/6 16423/6/6
f 16414/6/6 16415/6/6 16424/6/6
f 16415/6/6 16416/6/6 16424/6/6
f 16424/6/6 16416/6/6 16425/6/6
f 16418/6/6 16419/6/6 16426/6/6
f 16417/6/6 16418/6/6 16426/6/6
f 16426/6/6 16419/6/6 16427/6/6
f 16420/6/6 16421/6/6 16428/6/6
f 16402/6/6 16420/6/6 16428/6/6
f 16428/6/6 16421/6/6 16429/6/6
f 16429/6/6 16421/6/6 16430/6/6
f 16422/6/6 16423/6/6 16431/6/6
f 16423/6/6 16407/6/6 16432/6/6
f 16431/6/6 16423/6/6 16432/6/6
f 16432/6/6 16407/6/6 16433/6/6
f 16414/6/6 16424/6/6 16436/6/6
f 16436/6/6 16424/6/6 16437/6/6
f 16427/6/6 16419/6/6 16438/6/6
f 16438/6/6 16419/6/6 16439/6/6
f 16429/6/6 16430/6/6 16442/6/6
f 16430/6/6 16431/6/6 16442/6/6
f 16431/6/6 16432/6/6 16442/6/6
f 16442/6/6 16432/6/6 16443/6/6
f 16434/6/6 16435/6/6 16444/6/6
f 16444/6/6 16435/6/6 16445/6/6
f 16440/6/6 16441/6/6 16446/6/6
f 16446/6/6 16441/6/6 16447/6/6
f 16450/6/6 16451/6/6 16452/6/6
f 16452/6/6 16451/6/6 16453/6/6
f 16448/6/6 16449/6/6 16455/6/6
f 16455/6/6 16449/6/6 16456/6/6
f 16454/6/6 16455/6/6 16459/6/6
f 16459/6/6 16455/6/6 16460/6/6
f 16457/6/6 16458/6/6 16461/6/6
f 16461/6/6 16458/6/6 16462/6/6
f 16467/6/6 16468/6/6 16473/6/6
f 16473/6/6 16468/6/6 16474/6/6
f 16469/6/6 16470/6/6 16475/6/6
f 16475/6/6 16470/6/6 16476/6/6
f 16471/10/6 16472/10/6 16477/10/6
f 16477/10/6 16472/10/6 16478/10/6
f 16463/6/6 16464/6/6 16483/6/6
f 16483/6/6 16464/6/6 16484/6/6
f 16465/6/6 16466/6/6 16485/6/6
f 16485/6/6 16466/6/6 16486/6/6
f 16487/6/6 16488/6/6 16493/6/6
f 16491/2/6 16492/2/6 16496/2/6
f 16496/2/6 16492/2/6 16497/2/6
f 16494/2/6 16495/2/6 16498/2/6
f 16498/2/6 16495/2/6 16499/2/6
f 16479/6/6 16480/6/6 16500/6/6
f 16500/6/6 16480/6/6 16501/6/6
f 16481/6/6 16482/6/6 16502/6/6
f 16502/6/6 16482/6/6 16503/6/6
f 16493/6/6 16488/6/6 16504/6/6
f 16504/6/6 16488/6/6 16505/6/6
f 16489/6/6 16490/6/6 16506/6/6
f 16506/6/6 16490/6/6 16507/6/6
f 16512/2/6 16513/2/6 16518/2/6
f 16518/2/6 16513/2/6 16519/2/6
f 16514/2/6 16515/2/6 16520/2/6
f 16520/2/6 16515/2/6 16521/2/6
f 16508/6/6 16509/6/6 16522/6/6
f 16522/6/6 16509/6/6 16523/6/6
f 16510/6/6 16511/6/6 16524/6/6
f 16524/6/6 16511/6/6 16525/6/6
f 16516/5/6 16517/5/6 16529/5/6
f 16529/5/6 16517/5/6 16530/5/6
f 16526/5/6 16527/5/6 16533/5/6
f 16533/5/6 16527/5/6 16534/5/6
f 16528/5/6 16529/5/6 16535/5/6
f 16535/5/6 16529/5/6 16536/5/6
f 16531/6/6 16532/6/6 16538/6/6
f 16538/6/6 16532/6/6 16539/6/6
f 16536/6/6 16537/6/6 16543/6/6
f 16543/6/6 16537/6/6 16544/6/6
f 16540/6/6 16541/6/6 16545/6/6
f 16545/6/6 16541/6/6 16546/6/6
f 16542/6/6 16543/6/6 16547/6/6
f 16547/6/6 16543/6/6 16548/6/6
f 16549/10/6 16550/10/6 16553/10/6
f 16553/10/6 16550/10/6 16554/10/6
f 16551/10/6 16552/10/6 16555/10/6
f 16555/10/6 16552/10/6 16556/10/6
f 16557/6/6 16558/6/6 16559/6/6
f 16559/6/6 16558/6/6 16560/6/6
f 16561/6/6 16562/6/6 16563/6/6
f 16563/6/6 16562/6/6 16564/6/6
f 16565/6/6 16566/6/6 16568/6/6
f 16568/6/6 16566/6/6 16569/6/6
f 16567/6/6 16568/6/6 16571/6/6
f 16571/6/6 16568/6/6 16572/6/6
f 16570/6/6 16571/6/6 16575/6/6
f 16573/6/6 16574/6/6 16578/6/6
f 16578/6/6 16574/6/6 16579/6/6
f 16579/6/6 16574/6/6 16580/6/6
f 16580/6/6 16574/6/6 16581/6/6
f 16575/6/6 16576/6/6 16583/6/6
f 16577/6/6 16578/6/6 16586/6/6
f 16578/6/6 16579/6/6 16586/6/6
f 16586/6/6 16579/6/6 16587/6/6
f 16587/6/6 16579/6/6 16588/6/6
f 16581/6/6 16582/6/6 16589/6/6
f 16580/6/6 16581/6/6 16589/6/6
f 16589/6/6 16582/6/6 16590/6/6
f 16570/6/6 16575/6/6 16592/6/6
f 16583/6/6 16584/6/6 16592/6/6
f 16575/6/6 16583/6/6 16592/6/6
f 16592/6/6 16584/6/6 16593/6/6
f 16585/6/6 16586/6/6 16595/6/6
f 16586/6/6 16587/6/6 16595/6/6
f 16595/6/6 16587/6/6 16596/6/6
f 16593/6/6 16594/6/6 16599/6/6
f 16592/6/6 16593/6/6 16599/6/6
f 16591/6/6 16592/6/6 16599/6/6
f 16590/6/6 16582/6/6 16601/6/6
f 16597/6/6 16598/6/6 16602/6/6
f 16602/6/6 16598/6/6 16603/6/6
f 16603/6/6 16598/6/6 16604/6/6
f 16599/6/6 16594/6/6 16605/6/6
f 16605/6/6 16594/6/6 16606/6/6
f 16606/6/6 16594/6/6 16607/6/6
f 16607/6/6 16594/6/6 16608/6/6
f 16600/6/6 16601/6/6 16610/6/6
f 16601/6/6 16582/6/6 16611/6/6
f 16610/6/6 16601/6/6 16611/6/6
f 16611/6/6 16582/6/6 16612/6/6
f 16606/6/6 16607/6/6 16613/6/6
f 16613/6/6 16607/6/6 16614/6/6
f 16585/6/6 16595/6/6 16615/6/6
f 16610/6/6 16611/6/6 16619/6/6
f 16609/6/6 16610/6/6 16619/6/6
f 16619/6/6 16611/6/6 16620/6/6
f 16620/6/6 16611/6/6 16621/6/6
f 16621/6/6 16611/6/6 16622/6/6
f 16615/6/6 16616/6/6 16623/6/6
f 16585/6/6 16615/6/6 16623/6/6
f 16623/6/6 16616/6/6 16624/6/6
f 16624/6/6 16616/6/6 16625/6/6
f 16617/6/6 16618/6/6 16626/6/6
f 16626/6/6 16618/6/6 16627/6/6
f 16620/6/6 16621/6/6 16628/6/6
f 16628/6/6 16621/6/6 16629/6/6
f 16630/6/6 16631/6/6 16635/6/6
f 16635/6/6 16631/6/6 16636/6/6
f 16636/6/6 16631/6/6 16637/6/6
f 16624/6/6 16625/6/6 16638/6/6
f 16625/6/6 16626/6/6 16638/6/6
f 16635/6/6 16636/6/6 16639/6/6
f 16634/6/6 16635/6/6 16639/6/6
f 16639/6/6 16636/6/6 16640/6/6
f 16638/6/6 16626/6/6 16641/6/6
f 16641/6/6 16626/6/6 16642/6/6
f 16632/6/6 16633/6/6 16643/6/6
f 16643/6/6 16633/6/6 16644/6/6
f 16642/6/6 16626/6/6 16645/6/6
f 16634/6/6 16639/6/6 16649/6/6
f 16649/6/6 16639/6/6 16650/6/6
f 16642/6/6 16645/6/6 16651/6/6
f 16645/6/6 16646/6/6 16651/6/6
f 16651/6/6 16646/6/6 16652/6/6
f 16652/6/6 16646/6/6 16653/6/6
f 16647/6/6 16648/6/6 16656/6/6
f 16656/6/6 16648/6/6 16657/6/6
f 16652/6/6 16653/6/6 16660/6/6
f 16660/6/6 16653/6/6 16661/6/6
f 16654/6/6 16655/6/6 16662/6/6
f 16662/6/6 16655/6/6 16663/6/6
f 16658/6/6 16659/6/6 16664/6/6
f 16664/6/6 16659/6/6 16665/6/6
f 16661/6/6 16662/6/6 16666/6/6
f 16666/6/6 16662/6/6 16667/6/6
f 16668/6/6 16669/6/6 16670/6/6
f 16670/6/6 16669/6/6 16671/6/6
f 16676/5/6 16677/5/6 16684/5/6
f 16684/5/6 16677/5/6 16685/5/6
f 16678/5/6 16679/5/6 16686/5/6
f 16686/5/6 16679/5/6 16687/5/6
f 16672/6/6 16673/6/6 16688/6/6
f 16688/6/6 16673/6/6 16689/6/6
f 16674/6/6 16675/6/6 16690/6/6
f 16690/6/6 16675/6/6 16691/6/6
f 16680/6/6 16681/6/6 16692/6/6
f 16692/6/6 16681/6/6 16693/6/6
f 16682/6/6 16683/6/6 16694/6/6
f 16694/6/6 16683/6/6 16695/6/6
f 16704/2/6 16705/2/6 16708/2/6
f 16708/2/6 16705/2/6 16709/2/6
f 16696/6/6 16697/6/6 16710/6/6
f 16710/6/6 16697/6/6 16711/6/6
f 16698/6/6 16699/6/6 16712/6/6
f 16712/6/6 16699/6/6 16713/6/6
f 16706/5/6 16707/5/6 16718/5/6
f 16718/5/6 16707/5/6 16719/5/6
f 16700/6/6 16701/6/6 16720/6/6
f 16720/6/6 16701/6/6 16721/6/6
f 16702/6/6 16703/6/6 16722/6/6
f 16722/6/6 16703/6/6 16723/6/6
f 16714/6/6 16715/6/6 16724/6/6
f 16724/6/6 16715/6/6 16725/6/6
f 16716/5/6 16717/5/6 16726/5/6
f 16726/5/6 16717/5/6 16727/5/6
f 16728/6/6 16729/6/6 16730/6/6
f 16730/6/6 16729/6/6 16731/6/6
f 16732/10/6 16733/10/6 16734/10/6
f 16734/10/6 16733/10/6 16735/10/6
f 16736/6/6 16737/6/6 16743/6/6
f 16743/6/6 16737/6/6 16744/6/6
f 16738/6/6 16739/6/6 16747/6/6
f 16739/6/6 16740/6/6 16747/6/6
f 16747/6/6 16740/6/6 16748/6/6
f 16748/6/6 16740/6/6 16749/6/6
f 16741/6/6 16742/6/6 16753/6/6
f 16753/6/6 16742/6/6 16754/6/6
f 16745/6/6 16746/6/6 16755/6/6
f 16755/6/6 16746/6/6 16756/6/6
f 16748/6/6 16749/6/6 16757/6/6
f 16749/6/6 16750/6/6 16757/6/6
f 16757/6/6 16750/6/6 16758/6/6
f 16758/6/6 16750/6/6 16759/6/6
f 16751/6/6 16752/6/6 16762/6/6
f 16762/6/6 16752/6/6 16763/6/6
f 16759/6/6 16760/6/6 16766/6/6
f 16758/6/6 16759/6/6 16766/6/6
f 16766/6/6 16760/6/6 16767/6/6
f 16764/6/6 16765/6/6 16772/6/6
f 16772/6/6 16765/6/6 16773/6/6
f 16768/10/6 16769/10/6 16774/10/6
f 16774/10/6 16769/10/6 16775/10/6
f 16770/6/6 16771/6/6 16776/6/6
f 16776/6/6 16771/6/6 16777/6/6
f 16767/6/6 16760/6/6 16780/6/6
f 16777/10/6 16778/10/6 16783/10/6
f 16776/10/6 16777/10/6 16783/10/6
f 16783/10/6 16778/10/6 16784/10/6
f 16784/10/6 16778/10/6 16785/10/6
f 16779/6/6 16780/6/6 16786/6/6
f 16780/6/6 16760/6/6 16787/6/6
f 16786/6/6 16780/6/6 16787/6/6
f 16787/6/6 16760/6/6 16788/6/6
f 16781/6/6 16782/6/6 16789/6/6
f 16789/6/6 16782/6/6 16790/6/6
f 16784/6/6 16785/6/6 16791/6/6
f 16785/6/6 16786/6/6 16791/6/6
f 16786/6/6 16787/6/6 16791/6/6
f 16791/6/6 16787/6/6 16792/6/6
f 16761/6/6 16762/6/6 16794/6/6
f 16794/6/6 16762/6/6 16795/6/6
f 16793/6/6 16794/6/6 16801/6/6
f 16801/6/6 16794/6/6 16802/6/6
f 16795/6/6 16796/6/6 16803/6/6
f 16797/6/6 16798/6/6 16804/6/6
f 16804/6/6 16798/6/6 16805/6/6
f 16799/10/6 16800/10/6 16806/10/6
f 16806/10/6 16800/10/6 16807/10/6
f 16803/6/6 16796/6/6 16808/6/6
f 16808/6/6 16796/6/6 16809/6/6
f 16812/6/6 16813/6/6 16814/6/6
f 16814/6/6 16813/6/6 16815/6/6
f 16810/6/6 16811/6/6 16816/6/6
f 16816/6/6 16811/6/6 16817/6/6
f 16818/6/6 16819/6/6 16822/6/6
f 16822/6/6 16819/6/6 16823/6/6
f 16820/6/6 16821/6/6 16825/6/6
f 16825/6/6 16821/6/6 16826/6/6
f 16823/6/6 16824/6/6 16827/6/6
f 16827/6/6 16824/6/6 16828/6/6
f 16829/6/6 16830/6/6 16837/6/6
f 16837/6/6 16830/6/6 16838/6/6
f 16831/6/6 16832/6/6 16839/6/6
f 16839/6/6 16832/6/6 16840/6/6
f 16833/6/6 16834/6/6 16841/6/6
f 16841/6/6 16834/6/6 16842/6/6
f 16835/6/6 16836/6/6 16843/6/6
f 16843/6/6 16836/6/6 16844/6/6
f 16845/6/6 16846/6/6 16851/6/6
f 16851/6/6 16846/6/6 16852/6/6
f 16847/6/6 16848/6/6 16855/6/6
f 16855/6/6 16848/6/6 16856/6/6
f 16849/6/6 16850/6/6 16857/6/6
f 16857/6/6 16850/6/6 16858/6/6
f 16853/6/6 16854/6/6 16859/6/6
f 16859/6/6 16854/6/6 16860/6/6
f 16861/6/6 16862/6/6 16864/6/6
f 16864/6/6 16862/6/6 16865/6/6
f 16863/6/6 16864/6/6 16868/6/6
f 16868/6/6 16864/6/6 16869/6/6
f 16866/6/6 16867/6/6 16871/6/6
f 16871/6/6 16867/6/6 16872/6/6
f 16874/6/6 16875/6/6 16878/6/6
f 16878/6/6 16875/6/6 16879/6/6
f 16871/6/6 16872/6/6 16884/6/6
f 16872/6/6 16873/6/6 16884/6/6
f 16870/6/6 16871/6/6 16884/6/6
f 16876/6/6 16877/6/6 16888/6/6
f 16888/6/6 16877/6/6 16889/6/6
f 16880/6/6 16881/6/6 16890/6/6
f 16890/6/6 16881/6/6 16891/6/6
f 16882/6/6 16883/6/6 16892/6/6
f 16892/6/6 16883/6/6 16893/6/6
f 16870/6/6 16884/6/6 16894/6/6
f 16884/6/6 16885/6/6 16894/6/6
f 16886/6/6 16887/6/6 16897/6/6
f 16897/6/6 16887/6/6 16898/6/6
f 16893/6/6 16894/6/6 16901/6/6
f 16894/6/6 16885/6/6 16902/6/6
f 16901/6/6 16894/6/6 16902/6/6
f 16902/6/6 16885/6/6 16903/6/6
f 16903/6/6 16885/6/6 16904/6/6
f 16895/6/6 16896/6/6 16905/6/6
f 16905/6/6 16896/6/6 16906/6/6
f 16899/6/6 16900/6/6 16907/6/6
f 16907/6/6 16900/6/6 16908/6/6
f 16902/6/6 16903/6/6 16909/6/6
f 16909/6/6 16903/6/6 16910/6/6
f 16913/6/6 16914/6/6 16917/6/6
f 16917/6/6 16914/6/6 16918/6/6
f 16915/10/6 16916/10/6 16919/10/6
f 16919/10/6 16916/10/6 16920/10/6
f 16902/6/6 16909/6/6 16923/6/6
f 16923/6/6 16909/6/6 16924/6/6
f 16911/6/6 16912/6/6 16925/6/6
f 16925/6/6 16912/6/6 16926/6/6
f 16920/6/6 16921/6/6 16929/6/6
f 16929/6/6 16921/6/6 16930/6/6
f 16922/6/6 16923/6/6 16933/6/6
f 16933/6/6 16923/6/6 16934/6/6
f 16927/6/6 16928/6/6 16939/6/6
f 16939/6/6 16928/6/6 16940/6/6
f 16931/6/6 16932/6/6 16941/6/6
f 16941/6/6 16932/6/6 16942/6/6
f 16935/6/6 16936/6/6 16943/6/6
f 16943/6/6 16936/6/6 16944/6/6
f 16937/6/6 16938/6/6 16945/6/6
f 16945/6/6 16938/6/6 16946/6/6
f 16947/6/6 16948/6/6 16949/6/6
f 16949/6/6 16948/6/6 16950/6/6
f 16951/6/6 16952/6/6 16953/6/6
f 16953/6/6 16952/6/6 16954/6/6
f 16955/6/6 16956/6/6 16957/6/6
f 16957/6/6 16956/6/6 16958/6/6
f 16959/6/6 16960/6/6 16964/6/6
f 16964/6/6 16960/6/6 16965/6/6
f 16965/5/6 16966/5/6 16969/5/6
f 16964/5/6 16965/5/6 16969/5/6
f 16963/5/6 16964/5/6 16969/5/6
f 16969/5/6 16966/5/6 16970/5/6
f 16961/6/6 16962/6/6 16971/6/6
f 16971/6/6 16962/6/6 16972/6/6
f 16967/6/6 16968/6/6 16973/6/6
f 16973/6/6 16968/6/6 16974/6/6
f 16975/6/6 16976/6/6 16981/6/6
f 16981/6/6 16976/6/6 16982/6/6
f 16977/6/6 16978/6/6 16983/6/6
f 16983/6/6 16978/6/6 16984/6/6
f 16979/6/6 16980/6/6 16985/6/6
f 16985/6/6 16980/6/6 16986/6/6
f 16987/6/6 16988/6/6 16990/6/6
f 16990/6/6 16988/6/6 16991/6/6
f 16989/6/6 16990/6/6 16994/6/6
f 16994/6/6 16990/6/6 16995/6/6
f 16992/6/6 16993/6/6 16996/6/6
f 16992/6/6 16996/6/6 16999/6/6
f 16996/6/6 16997/6/6 16999/6/6
f 16999/6/6 16997/6/6 17000/6/6
f 17000/6/6 16997/6/6 17001/6/6
f 17001/6/6 16997/6/6 17002/6/6
f 16998/6/6 16999/6/6 17006/6/6
f 16999/6/6 17000/6/6 17006/6/6
f 17006/6/6 17000/6/6 17007/6/6
f 17007/6/6 17000/6/6 17008/6/6
f 17001/6/6 17002/6/6 17009/6/6
f 17002/6/6 17003/6/6 17009/6/6
f 17009/6/6 17003/6/6 17010/6/6
f 17011/6/6 17012/6/6 17014/6/6
f 17014/6/6 17012/6/6 17015/6/6
f 17015/6/6 17012/6/6 17016/6/6
f 17016/6/6 17012/6/6 17017/6/6
f 17010/6/6 17003/6/6 17019/6/6
f 17013/6/6 17014/6/6 17023/6/6
f 17014/6/6 17015/6/6 17023/6/6
f 17023/6/6 17015/6/6 17024/6/6
f 17017/6/6 17018/6/6 17025/6/6
f 17016/6/6 17017/6/6 17025/6/6
f 17025/6/6 17018/6/6 17026/6/6
f 17004/6/6 17005/6/6 17027/6/6
f 17027/6/6 17005/6/6 17028/6/6
f 17006/6/6 17007/6/6 17029/6/6
f 17019/6/6 17020/6/6 17030/6/6
f 17010/6/6 17019/6/6 17030/6/6
f 17030/6/6 17020/6/6 17031/6/6
f 17021/6/6 17022/6/6 17034/6/6
f 17034/6/6 17022/6/6 17035/6/6
f 17029/6/6 17007/6/6 17036/6/6
f 17036/6/6 17007/6/6 17037/6/6
f 17032/6/6 17033/6/6 17038/6/6
f 17038/6/6 17033/6/6 17039/6/6
f 17031/6/6 17020/6/6 17041/6/6
f 17040/6/6 17041/6/6 17045/6/6
f 17041/6/6 17020/6/6 17046/6/6
f 17045/6/6 17041/6/6 17046/6/6
f 17046/6/6 17020/6/6 17047/6/6
f 17042/6/6 17043/6/6 17048/6/6
f 17048/6/6 17043/6/6 17049/6/6
f 17044/6/6 17045/6/6 17050/6/6
f 17045/6/6 17046/6/6 17050/6/6
f 17050/6/6 17046/6/6 17051/6/6
f 17052/10/6 17053/10/6 17054/10/6
f 17054/10/6 17053/10/6 17055/10/6
f 17044/6/6 17050/6/6 17057/6/6
f 17057/6/6 17050/6/6 17058/6/6
f 17056/6/6 17057/6/6 17067/6/6
f 17067/6/6 17057/6/6 17068/6/6
f 17059/6/6 17060/6/6 17069/6/6
f 17069/6/6 17060/6/6 17070/6/6
f 17061/6/6 17062/6/6 17071/6/6
f 17071/6/6 17062/6/6 17072/6/6
f 17063/6/6 17064/6/6 17073/6/6
f 17073/6/6 17064/6/6 17074/6/6
f 17065/6/6 17066/6/6 17075/6/6
f 17075/6/6 17066/6/6 17076/6/6
f 17077/10/6 17078/10/6 17079/10/6
f 17079/10/6 17078/10/6 17080/10/6
f 17081/6/6 17082/6/6 17083/6/6
f 17083/6/6 17082/6/6 17084/6/6
f 17085/6/6 17086/6/6 17087/6/6
f 17087/6/6 17086/6/6 17088/6/6
f 17089/6/6 17090/6/6 17092/6/6
f 17092/6/6 17090/6/6 17093/6/6
f 17093/6/6 17090/6/6 17094/6/6
f 17094/6/6 17090/6/6 17095/6/6
f 17091/6/6 17092/6/6 17097/6/6
f 17092/6/6 17093/6/6 17097/6/6
f 17097/6/6 17093/6/6 17098/6/6
f 17098/6/6 17093/6/6 17099/6/6
f 17095/6/6 17096/6/6 17100/6/6
f 17094/6/6 17095/6/6 17100/6/6
f 17100/6/6 17096/6/6 17101/6/6
f 17101/6/6 17096/6/6 17102/6/6
f 17097/5/6 17098/5/6 17103/5/6
f 17103/5/6 17098/5/6 17104/5/6
f 17101/5/6 17102/5/6 17105/5/6
f 17105/5/6 17102/5/6 17106/5/6
f 17107/6/6 17108/6/6 17111/6/6
f 17111/6/6 17108/6/6 17112/6/6
f 17109/6/6 17110/6/6 17113/6/6
f 17113/6/6 17110/6/6 17114/6/6
f 17115/6/6 17116/6/6 17118/6/6
f 17118/6/6 17116/6/6 17119/6/6
f 17117/6/6 17118/6/6 17120/6/6
f 17120/6/6 17118/6/6 17121/6/6
f 17123/6/6 17124/6/6 17127/6/6
f 17122/6/6 17123/6/6 17127/6/6
f 17127/6/6 17124/6/6 17128/6/6
f 17125/6/6 17126/6/6 17132/6/6
f 17132/6/6 17126/6/6 17133/6/6
f 17130/1/6 17131/1/6 17136/1/6
f 17136/1/6 17131/1/6 17137/1/6
f 17128/6/6 17129/6/6 17138/6/6
f 17138/6/6 17129/6/6 17139/6/6
f 17134/6/6 17135/6/6 17143/6/6
f 17143/6/6 17135/6/6 17144/6/6
f 17140/6/6 17141/6/6 17148/6/6
f 17148/6/6 17141/6/6 17149/6/6
f 17144/6/6 17145/6/6 17150/6/6
f 17142/6/6 17143/6/6 17150/6/6
f 17143/6/6 17144/6/6 17150/6/6
f 17146/6/6 17147/6/6 17151/6/6
f 17151/6/6 17147/6/6 17152/6/6
f 17152/6/6 17153/6/6 17160/6/6
f 17142/6/6 17150/6/6 17160/6/6
f 17150/6/6 17151/6/6 17160/6/6
f 17151/6/6 17152/6/6 17160/6/6
f 17160/6/6 17153/6/6 17161/6/6
f 17154/10/6 17155/10/6 17162/10/6
f 17162/10/6 17155/10/6 17163/10/6
f 17142/6/6 17160/6/6 17166/6/6
f 17166/6/6 17160/6/6 17167/6/6
f 17161/6/6 17153/6/6 17168/6/6
f 17168/6/6 17153/6/6 17169/6/6
f 17169/6/6 17153/6/6 17170/6/6
f 17170/6/6 17153/6/6 17171/6/6
f 17163/1/6 17164/1/6 17172/1/6
f 17172/1/6 17164/1/6 17173/1/6
f 17158/6/6 17159/6/6 17174/6/6
f 17174/6/6 17159/6/6 17175/6/6
f 17165/6/6 17166/6/6 17179/6/6
f 17179/6/6 17166/6/6 17180/6/6
f 17156/6/6 17157/6/6 17181/6/6
f 17181/6/6 17157/6/6 17182/6/6
f 17177/6/6 17178/6/6 17183/6/6
f 17183/6/6 17178/6/6 17184/6/6
f 17169/6/6 17170/6/6 17185/6/6
f 17185/6/6 17170/6/6 17186/6/6
f 17175/6/6 17176/6/6 17188/6/6
f 17188/6/6 17176/6/6 17189/6/6
f 17187/6/6 17188/6/6 17192/6/6
f 17192/6/6 17188/6/6 17193/6/6
f 17190/6/6 17191/6/6 17194/6/6
f 17194/6/6 17191/6/6 17195/6/6
f 17195/6/6 17191/6/6 17196/6/6
f 17197/6/6 17198/6/6 17203/6/6
f 17203/6/6 17198/6/6 17204/6/6
f 17199/6/6 17200/6/6 17207/6/6
f 17207/6/6 17200/6/6 17208/6/6
f 17201/6/6 17202/6/6 17211/6/6
f 17211/6/6 17202/6/6 17212/6/6
f 17205/10/6 17206/10/6 17215/10/6
f 17215/10/6 17206/10/6 17216/10/6
f 17209/6/6 17210/6/6 17217/6/6
f 17217/6/6 17210/6/6 17218/6/6
f 17213/6/6 17214/6/6 17219/6/6
f 17219/6/6 17214/6/6 17220/6/6
f 17221/1/6 17222/1/6 17225/1/6
f 17225/1/6 17222/1/6 17226/1/6
f 17223/6/6 17224/6/6 17228/6/6
f 17228/6/6 17224/6/6 17229/6/6
f 17231/1/6 17232/1/6 17233/1/6
f 17233/1/6 17232/1/6 17234/1/6
f 17227/6/6 17228/6/6 17235/6/6
f 17228/6/6 17229/6/6 17235/6/6
f 17229/6/6 17230/6/6 17235/6/6
f 17235/6/6 17230/6/6 17236/6/6
f 17236/6/6 17230/6/6 17237/6/6
f 17237/6/6 17230/6/6 17238/6/6
f 17236/6/6 17237/6/6 17239/6/6
f 17239/6/6 17237/6/6 17240/6/6
f 17241/6/6 17242/6/6 17245/6/6
f 17245/6/6 17242/6/6 17246/6/6
f 17243/6/6 17244/6/6 17249/6/6
f 17249/6/6 17244/6/6 17250/6/6
f 17247/6/6 17248/6/6 17251/6/6
f 17251/6/6 17248/6/6 17252/6/6
f 17253/5/6 17254/5/6 17257/5/6
f 17257/5/6 17254/5/6 17258/5/6
f 17255/5/6 17256/5/6 17259/5/6
f 17259/5/6 17256/5/6 17260/5/6
f 17263/8/6 17264/8/6 17265/8/6
f 17265/8/6 17264/8/6 17266/8/6
f 17261/6/6 17262/6/6 17267/6/6
f 17267/6/6 17262/6/6 17268/6/6
f 17263/8/6 17265/8/6 17269/8/6
f 17269/8/6 17265/8/6 17270/8/6
f 17271/6/6 17272/6/6 17277/6/6
f 17274/10/6 17275/10/6 17280/10/6
f 17280/10/6 17275/10/6 17281/10/6
f 17278/10/6 17279/10/6 17284/10/6
f 17284/10/6 17279/10/6 17285/10/6
f 17282/10/6 17283/10/6 17286/10/6
f 17286/10/6 17283/10/6 17287/10/6
f 17288/10/6 17289/10/6 17292/10/6
f 17292/10/6 17289/10/6 17293/10/6
f 17276/6/6 17277/6/6 17298/6/6
f 17277/6/6 17272/6/6 17299/6/6
f 17298/6/6 17277/6/6 17299/6/6
f 17290/10/6 17291/10/6 17300/10/6
f 17300/10/6 17291/10/6 17301/10/6
f 17294/6/6 17295/6/6 17302/6/6
f 17302/6/6 17295/6/6 17303/6/6
f 17296/6/6 17297/6/6 17306/6/6
f 17306/6/6 17297/6/6 17307/6/6
f 17299/6/6 17272/6/6 17311/6/6
f 17272/10/6 17273/10/6 17312/10/6
f 17311/6/6 17272/6/6 17312/6/6
f 17312/10/6 17273/10/6 17313/10/6
f 17307/6/6 17308/6/6 17319/6/6
f 17305/6/6 17306/6/6 17319/6/6
f 17306/6/6 17307/6/6 17319/6/6
f 17309/6/6 17310/6/6 17321/6/6
f 17321/6/6 17310/6/6 17322/6/6
f 17314/10/6 17315/10/6 17324/10/6
f 17324/10/6 17315/10/6 17325/10/6
f 17316/10/6 17317/10/6 17326/10/6
f 17318/6/6 17319/6/6 17329/6/6
f 17329/6/6 17319/6/6 17330/6/6
f 17319/6/6 17308/6/6 17331/6/6
f 17330/6/6 17319/6/6 17331/6/6
f 17331/6/6 17308/6/6 17332/6/6
f 17322/6/6 17323/6/6 17333/6/6
f 17320/6/6 17321/6/6 17333/6/6
f 17321/6/6 17322/6/6 17333/6/6
f 17326/10/6 17327/10/6 17334/10/6
f 17316/10/6 17326/10/6 17334/10/6
f 17334/10/6 17327/10/6 17335/10/6
f 17303/6/6 17304/6/6 17336/6/6
f 17336/6/6 17304/6/6 17337/6/6
f 17329/6/6 17330/6/6 17338/6/6
f 17328/6/6 17329/6/6 17338/6/6
f 17338/6/6 17330/6/6 17339/6/6
f 17332/6/6 17333/6/6 17340/6/6
f 17331/6/6 17332/6/6 17340/6/6
f 17340/6/6 17333/6/6 17341/6/6
f 17341/6/6 17333/6/6 17342/6/6
f 17342/6/6 17333/6/6 17343/6/6
f 17333/6/6 17323/6/6 17344/6/6
f 17343/6/6 17333/6/6 17344/6/6
f 17344/6/6 17323/6/6 17345/6/6
f 17335/10/6 17327/10/6 17346/10/6
f 17346/10/6 17327/10/6 17347/10/6
f 17341/6/6 17342/6/6 17352/6/6
f 17352/6/6 17342/6/6 17353/6/6
f 17343/6/6 17344/6/6 17354/6/6
f 17354/6/6 17344/6/6 17355/6/6
f 17355/6/6 17344/6/6 17356/6/6
f 17356/6/6 17344/6/6 17357/6/6
f 17348/10/6 17349/10/6 17358/10/6
f 17358/10/6 17349/10/6 17359/10/6
f 17350/6/6 17351/6/6 17360/6/6
f 17360/6/6 17351/6/6 17361/6/6
f 17328/6/6 17338/6/6 17365/6/6
f 17365/6/6 17338/6/6 17366/6/6
f 17355/6/6 17356/6/6 17368/6/6
f 17362/6/6 17363/6/6 17371/6/6
f 17371/6/6 17363/6/6 17372/6/6
f 17364/6/6 17365/6/6 17373/6/6
f 17373/6/6 17365/6/6 17374/6/6
f 17367/6/6 17368/6/6 17375/6/6
f 17368/6/6 17356/6/6 17375/6/6
f 17375/6/6 17356/6/6 17376/6/6
f 17369/1/6 17370/1/6 17377/1/6
f 17377/1/6 17370/1/6 17378/1/6
f 17367/6/6 17375/6/6 17381/6/6
f 17381/6/6 17375/6/6 17382/6/6
f 17379/6/6 17380/6/6 17383/6/6
f 17383/6/6 17380/6/6 17384/6/6
f 17385/6/6 17386/6/6 17389/6/6
f 17389/6/6 17386/6/6 17390/6/6
f 17387/6/6 17388/6/6 17393/6/6
f 17393/6/6 17388/6/6 17394/6/6
f 17391/10/6 17392/10/6 17397/10/6
f 17397/10/6 17392/10/6 17398/10/6
f 17395/10/6 17396/10/6 17399/10/6
f 17399/10/6 17396/10/6 17400/10/6
f 17401/6/6 17402/6/6 17403/6/6
f 17403/6/6 17402/6/6 17404/6/6
f 17405/6/6 17406/6/6 17408/6/6
f 17408/6/6 17406/6/6 17409/6/6
f 17409/6/6 17406/6/6 17410/6/6
f 17410/6/6 17406/6/6 17411/6/6
f 17407/10/6 17408/10/6 17413/10/6
f 17408/6/6 17409/6/6 17413/6/6
f 17413/6/6 17409/6/6 17414/6/6
f 17411/6/6 17412/6/6 17415/6/6
f 17410/6/6 17411/6/6 17415/6/6
f 17415/6/6 17412/6/6 17416/6/6
f 17407/10/6 17413/10/6 17417/10/6
f 17416/6/6 17412/6/6 17420/6/6
f 17407/10/6 17417/10/6 17421/10/6
f 17417/6/6 17418/6/6 17422/6/6
f 17421/10/6 17417/10/6 17422/10/6
f 17422/6/6 17418/6/6 17423/6/6
f 17419/6/6 17420/6/6 17424/6/6
f 17420/6/6 17412/6/6 17425/6/6
f 17424/6/6 17420/6/6 17425/6/6
f 17425/6/6 17412/6/6 17426/6/6
f 17422/6/6 17423/6/6 17427/6/6
f 17423/6/6 17424/6/6 17427/6/6
f 17424/6/6 17425/6/6 17427/6/6
f 17427/6/6 17425/6/6 17428/6/6
f 17429/6/6 17430/6/6 17435/6/6
f 17435/6/6 17430/6/6 17436/6/6
f 17431/6/6 17432/6/6 17437/6/6
f 17437/6/6 17432/6/6 17438/6/6
f 17433/8/6 17434/8/6 17443/8/6
f 17439/6/6 17440/6/6 17445/6/6
f 17445/6/6 17440/6/6 17446/6/6
f 17441/6/6 17442/6/6 17447/6/6
f 17447/6/6 17442/6/6 17448/6/6
f 17443/8/6 17444/8/6 17449/8/6
f 17433/8/6 17443/8/6 17449/8/6
f 17449/8/6 17444/8/6 17450/8/6
f 17451/6/6 17452/6/6 17454/6/6
f 17454/6/6 17452/6/6 17455/6/6
f 17453/6/6 17454/6/6 17455/6/6
f 17455/6/6 17452/6/6 17456/6/6
f 17453/6/6 17455/6/6 17461/6/6
f 17461/6/6 17455/6/6 17462/6/6
f 17457/10/6 17458/10/6 17463/10/6
f 17463/10/6 17458/10/6 17464/10/6
f 17459/10/6 17460/10/6 17465/10/6
f 17465/10/6 17460/10/6 17466/10/6
f 17467/6/6 17468/6/6 17476/6/6
f 17476/6/6 17468/6/6 17477/6/6
f 17469/6/6 17470/6/6 17480/6/6
f 17480/6/6 17470/6/6 17481/6/6
f 17471/6/6 17472/6/6 17484/6/6
f 17484/6/6 17472/6/6 17485/6/6
f 17473/6/6 17474/6/6 17486/6/6
f 17486/6/6 17474/6/6 17487/6/6
f 17475/6/6 17476/6/6 17488/6/6
f 17477/6/6 17478/6/6 17489/6/6
f 17489/6/6 17478/6/6 17490/6/6
f 17480/6/6 17481/6/6 17492/6/6
f 17481/6/6 17482/6/6 17492/6/6
f 17479/6/6 17480/6/6 17492/6/6
f 17492/6/6 17482/6/6 17493/6/6
f 17493/6/6 17482/6/6 17494/6/6
f 17494/6/6 17482/6/6 17495/6/6
f 17453/6/6 17461/6/6 17496/6/6
f 17496/6/6 17461/6/6 17497/6/6
f 17483/6/6 17484/6/6 17500/6/6
f 17487/6/6 17488/6/6 17501/6/6
f 17488/6/6 17476/6/6 17502/6/6
f 17501/6/6 17488/6/6 17502/6/6
f 17491/6/6 17492/6/6 17504/6/6
f 17492/6/6 17493/6/6 17504/6/6
f 17504/6/6 17493/6/6 17505/6/6
f 17505/6/6 17493/6/6 17506/6/6
f 17494/6/6 17495/6/6 17507/6/6
f 17497/6/6 17498/6/6 17507/6/6
f 17496/6/6 17497/6/6 17507/6/6
f 17495/6/6 17496/6/6 17507/6/6
f 17507/6/6 17498/6/6 17508/6/6
f 17508/6/6 17498/6/6 17509/6/6
f 17509/6/6 17498/6/6 17510/6/6
f 17510/6/6 17498/6/6 17511/6/6
f 17499/6/6 17500/6/6 17514/6/6
f 17500/6/6 17484/6/6 17514/6/6
f 17514/6/6 17484/6/6 17515/6/6
f 17504/6/6 17505/6/6 17518/6/6
f 17503/6/6 17504/6/6 17518/6/6
f 17518/6/6 17505/6/6 17519/6/6
f 17508/6/6 17509/6/6 17520/6/6
f 17520/6/6 17509/6/6 17521/6/6
f 17511/6/6 17512/6/6 17522/6/6
f 17510/6/6 17511/6/6 17522/6/6
f 17522/6/6 17512/6/6 17523/6/6
f 17516/6/6 17517/6/6 17524/6/6
f 17524/6/6 17517/6/6 17525/6/6
f 17508/6/6 17520/6/6 17526/6/6
f 17526/6/6 17520/6/6 17527/6/6
f 17512/10/6 17513/10/6 17528/10/6
f 17523/6/6 17512/6/6 17528/6/6
f 17528/10/6 17513/10/6 17529/10/6
f 17499/6/6 17514/6/6 17531/6/6
f 17523/6/6 17528/6/6 17536/6/6
f 17529/1/6 17530/1/6 17537/1/6
f 17537/1/6 17530/1/6 17538/1/6
f 17499/6/6 17531/6/6 17539/6/6
f 17531/6/6 17532/6/6 17539/6/6
f 17539/6/6 17532/6/6 17540/6/6
f 17540/6/6 17532/6/6 17541/6/6
f 17535/6/6 17536/6/6 17546/6/6
f 17536/6/6 17528/6/6 17547/6/6
f 17546/6/6 17536/6/6 17547/6/6
f 17547/6/6 17528/6/6 17548/6/6
f 17540/6/6 17541/6/6 17549/6/6
f 17541/6/6 17542/6/6 17549/6/6
f 17549/6/6 17542/6/6 17550/6/6
f 17550/6/6 17542/6/6 17551/6/6
f 17551/6/6 17542/6/6 17552/6/6
f 17543/6/6 17544/6/6 17555/6/6
f 17533/6/6 17534/6/6 17557/6/6
f 17557/6/6 17534/6/6 17558/6/6
f 17545/6/6 17546/6/6 17559/6/6
f 17546/6/6 17547/6/6 17559/6/6
f 17559/6/6 17547/6/6 17560/6/6
f 17552/10/6 17553/10/6 17563/10/6
f 17551/6/6 17552/6/6 17563/6/6
f 17553/6/6 17554/6/6 17564/6/6
f 17563/10/6 17553/10/6 17564/10/6
f 17564/6/6 17554/6/6 17565/6/6
f 17555/6/6 17556/6/6 17566/6/6
f 17543/6/6 17555/6/6 17566/6/6
f 17566/6/6 17556/6/6 17567/6/6
f 17545/6/6 17559/6/6 17568/6/6
f 17568/6/6 17559/6/6 17569/6/6
f 17561/10/6 17562/10/6 17570/10/6
f 17570/10/6 17562/10/6 17571/10/6
f 17551/6/6 17563/6/6 17572/6/6
f 17572/6/6 17563/6/6 17573/6/6
f 17567/6/6 17556/6/6 17578/6/6
f 17578/6/6 17556/6/6 17579/6/6
f 17574/6/6 17575/6/6 17580/6/6
f 17580/6/6 17575/6/6 17581/6/6
f 17576/1/6 17577/1/6 17582/1/6
f 17582/1/6 17577/1/6 17583/1/6
f 17584/6/6 17585/6/6 17586/6/6
f 17586/6/6 17585/6/6 17587/6/6
f 17588/6/6 17589/6/6 17592/6/6
f 17592/6/6 17589/6/6 17593/6/6
f 17582/10/6 17583/10/6 17594/10/6
f 17594/10/6 17583/10/6 17595/10/6
f 17590/6/6 17591/6/6 17597/6/6
f 17597/6/6 17591/6/6 17598/6/6
f 17596/6/6 17597/6/6 17599/6/6
f 17599/6/6 17597/6/6 17600/6/6
f 17601/10/6 17602/10/6 17607/10/6
f 17607/10/6 17602/10/6 17608/10/6
f 17603/1/6 17604/1/6 17611/1/6
f 17611/1/6 17604/1/6 17612/1/6
f 17605/10/6 17606/10/6 17613/10/6
f 17613/10/6 17606/10/6 17614/10/6
f 17609/6/6 17610/6/6 17615/6/6
f 17615/6/6 17610/6/6 17616/6/6
f 17617/6/6 17618/6/6 17621/6/6
f 17621/6/6 17618/6/6 17622/6/6
f 17619/6/6 17620/6/6 17623/6/6
f 17623/6/6 17620/6/6 17624/6/6
f 17625/6/6 17626/6/6 17629/6/6
f 17629/6/6 17626/6/6 17630/6/6
f 17627/6/6 17628/6/6 17633/6/6
f 17633/6/6 17628/6/6 17634/6/6
f 17631/6/6 17632/6/6 17635/6/6
f 17635/6/6 17632/6/6 17636/6/6
f 17637/6/6 17638/6/6 17639/6/6
f 17639/6/6 17638/6/6 17640/6/6
f 17637/6/6 17639/6/6 17642/6/6
f 17641/6/6 17642/6/6 17644/6/6
f 17643/6/6 17644/6/6 17648/6/6
f 17648/6/6 17644/6/6 17649/6/6
f 17644/6/6 17642/6/6 17650/6/6
f 17649/6/6 17644/6/6 17650/6/6
f 17645/6/6 17646/6/6 17652/6/6
f 17652/6/6 17646/6/6 17653/6/6
f 17653/6/6 17646/6/6 17654/6/6
f 17648/6/6 17649/6/6 17656/6/6
f 17647/6/6 17648/6/6 17656/6/6
f 17656/6/6 17649/6/6 17657/6/6
f 17657/6/6 17649/6/6 17658/6/6
f 17650/6/6 17642/6/6 17659/6/6
f 17659/6/6 17642/6/6 17660/6/6
f 17652/6/6 17653/6/6 17661/6/6
f 17651/6/6 17652/6/6 17661/6/6
f 17661/6/6 17653/6/6 17662/6/6
f 17656/6/6 17657/6/6 17665/6/6
f 17655/6/6 17656/6/6 17665/6/6
f 17665/6/6 17657/6/6 17666/6/6
f 17660/6/6 17642/6/6 17667/6/6
f 17642/6/6 17639/6/6 17668/6/6
f 17667/6/6 17642/6/6 17668/6/6
f 17651/6/6 17661/6/6 17669/6/6
f 17669/6/6 17661/6/6 17670/6/6
f 17663/6/6 17664/6/6 17671/6/6
f 17671/6/6 17664/6/6 17672/6/6
f 17655/6/6 17665/6/6 17674/6/6
f 17674/6/6 17665/6/6 17675/6/6
f 17673/6/6 17674/6/6 17678/6/6
f 17678/6/6 17674/6/6 17679/6/6
f 17676/6/6 17677/6/6 17684/6/6
f 17684/6/6 17677/6/6 17685/6/6
f 17680/6/6 17681/6/6 17688/6/6
f 17688/6/6 17681/6/6 17689/6/6
f 17682/10/6 17683/10/6 17690/10/6
f 17690/10/6 17683/10/6 17691/10/6
f 17686/6/6 17687/6/6 17694/6/6
f 17694/6/6 17687/6/6 17695/6/6
f 17695/6/6 17687/6/6 17696/6/6
f 17692/6/6 17693/6/6 17700/6/6
f 17700/6/6 17693/6/6 17701/6/6
f 17696/6/6 17697/6/6 17704/6/6
f 17695/6/6 17696/6/6 17704/6/6
f 17704/6/6 17697/6/6 17705/6/6
f 17698/6/6 17699/6/6 17710/6/6
f 17710/6/6 17699/6/6 17711/6/6
f 17701/6/6 17702/6/6 17712/6/6
f 17702/10/6 17703/10/6 17713/10/6
f 17712/6/6 17702/6/6 17713/6/6
f 17706/6/6 17707/6/6 17714/6/6
f 17714/6/6 17707/6/6 17715/6/6
f 17708/6/6 17709/6/6 17717/6/6
f 17717/6/6 17709/6/6 17718/6/6
f 17713/10/6 17703/10/6 17721/10/6
f 17716/6/6 17717/6/6 17723/6/6
f 17723/6/6 17717/6/6 17724/6/6
f 17713/10/6 17721/10/6 17725/10/6
f 17721/6/6 17722/6/6 17726/6/6
f 17725/10/6 17721/10/6 17726/10/6
f 17719/10/6 17720/10/6 17729/10/6
f 17729/10/6 17720/10/6 17730/10/6
f 17726/6/6 17722/6/6 17731/6/6
f 17731/6/6 17722/6/6 17732/6/6
f 17727/6/6 17728/6/6 17733/6/6
f 17733/6/6 17728/6/6 17734/6/6
f 17705/6/6 17697/6/6 17736/6/6
f 17735/6/6 17736/6/6 17738/6/6
f 17737/6/6 17738/6/6 17741/6/6
f 17736/6/6 17697/6/6 17742/6/6
f 17741/6/6 17738/6/6 17742/6/6
f 17738/6/6 17736/6/6 17742/6/6
f 17742/6/6 17697/6/6 17743/6/6
f 17739/6/6 17740/6/6 17745/6/6
f 17745/6/6 17740/6/6 17746/6/6
f 17741/6/6 17742/6/6 17747/6/6
f 17747/6/6 17742/6/6 17748/6/6
f 17744/6/6 17745/6/6 17751/6/6
f 17751/6/6 17745/6/6 17752/6/6
f 17749/6/6 17750/6/6 17759/6/6
f 17759/6/6 17750/6/6 17760/6/6
f 17753/1/6 17754/1/6 17761/1/6
f 17761/1/6 17754/1/6 17762/1/6
f 17755/10/6 17756/10/6 17763/10/6
f 17763/10/6 17756/10/6 17764/10/6
f 17757/10/6 17758/10/6 17765/10/6
f 17765/10/6 17758/10/6 17766/10/6
f 17767/6/6 17768/6/6 17773/6/6
f 17773/6/6 17768/6/6 17774/6/6
f 17769/6/6 17770/6/6 17775/6/6
f 17775/6/6 17770/6/6 17776/6/6
f 17771/1/6 17772/1/6 17777/1/6
f 17777/1/6 17772/1/6 17778/1/6
f 17779/6/6 17780/6/6 17783/6/6
f 17783/6/6 17780/6/6 17784/6/6
f 17781/6/6 17782/6/6 17785/6/6
f 17785/6/6 17782/6/6 17786/6/6
f 17787/6/6 17788/6/6 17791/6/6
f 17791/6/6 17788/6/6 17792/6/6
f 17789/6/6 17790/6/6 17793/6/6
f 17793/6/6 17790/6/6 17794/6/6
f 17795/6/6 17796/6/6 17798/6/6
f 17798/6/6 17796/6/6 17799/6/6
f 17797/6/6 17798/6/6 17800/6/6
f 17800/6/6 17798/6/6 17801/6/6
f 17802/6/6 17803/6/6 17804/6/6
f 17804/6/6 17803/6/6 17805/6/6
f 17806/6/6 17807/6/6 17810/6/6
f 17810/6/6 17807/6/6 17811/6/6
f 17808/6/6 17809/6/6 17813/6/6
f 17812/6/6 17813/6/6 17815/6/6
f 17815/6/6 17813/6/6 17816/6/6
f 17813/6/6 17809/6/6 17817/6/6
f 17816/6/6 17813/6/6 17817/6/6
f 17815/6/6 17816/6/6 17825/6/6
f 17814/6/6 17815/6/6 17825/6/6
f 17825/6/6 17816/6/6 17826/6/6
f 17818/10/6 17819/10/6 17829/10/6
f 17829/10/6 17819/10/6 17830/10/6
f 17820/10/6 17821/10/6 17833/10/6
f 17821/6/6 17822/6/6 17834/6/6
f 17833/10/6 17821/10/6 17834/10/6
f 17823/6/6 17824/6/6 17836/6/6
f 17836/6/6 17824/6/6 17837/6/6
f 17827/6/6 17828/6/6 17838/6/6
f 17838/6/6 17828/6/6 17839/6/6
f 17831/6/6 17832/6/6 17842/6/6
f 17842/6/6 17832/6/6 17843/6/6
f 17833/6/6 17834/6/6 17844/6/6
f 17835/6/6 17836/6/6 17845/6/6
f 17845/6/6 17836/6/6 17846/6/6
f 17840/6/6 17841/6/6 17849/6/6
f 17849/6/6 17841/6/6 17850/6/6
f 17843/6/6 17844/6/6 17851/6/6
f 17834/6/6 17822/6/6 17852/6/6
f 17851/6/6 17844/6/6 17852/6/6
f 17844/6/6 17834/6/6 17852/6/6
f 17853/6/6 17854/6/6 17855/6/6
f 17855/6/6 17854/6/6 17856/6/6
f 17806/6/6 17810/6/6 17857/6/6
f 17857/6/6 17810/6/6 17858/6/6
f 17847/6/6 17848/6/6 17859/6/6
f 17859/6/6 17848/6/6 17860/6/6
f 17852/6/6 17822/6/6 17863/6/6
f 17852/6/6 17863/6/6 17867/6/6
f 17863/6/6 17864/6/6 17867/6/6
f 17867/6/6 17864/6/6 17868/6/6
f 17865/6/6 17866/6/6 17873/6/6
f 17873/6/6 17866/6/6 17874/6/6
f 17868/6/6 17869/6/6 17875/6/6
f 17875/6/6 17869/6/6 17876/6/6
f 17870/10/6 17871/10/6 17877/10/6
f 17871/1/6 17872/1/6 17878/1/6
f 17877/10/6 17871/10/6 17878/10/6
f 17878/1/6 17872/1/6 17879/1/6
f 17882/6/6 17883/6/6 17886/6/6
f 17886/6/6 17883/6/6 17887/6/6
f 17884/6/6 17885/6/6 17888/6/6
f 17888/6/6 17885/6/6 17889/6/6
f 17890/10/6 17891/10/6 17892/10/6
f 17892/10/6 17891/10/6 17893/10/6
f 17893/6/6 17894/6/6 17895/6/6
f 17895/6/6 17894/6/6 17896/6/6
f 17880/6/6 17881/6/6 17900/6/6
f 17897/6/6 17898/6/6 17906/6/6
f 17906/6/6 17898/6/6 17907/6/6
f 17899/6/6 17900/6/6 17908/6/6
f 17900/6/6 17881/6/6 17909/6/6
f 17908/6/6 17900/6/6 17909/6/6
f 17909/6/6 17881/6/6 17910/6/6
f 17903/6/6 17904/6/6 17912/6/6
f 17912/6/6 17904/6/6 17913/6/6
f 17907/6/6 17908/6/6 17915/6/6
f 17906/6/6 17907/6/6 17915/6/6
f 17905/6/6 17906/6/6 17915/6/6
f 17908/6/6 17909/6/6 17915/6/6
f 17915/6/6 17909/6/6 17916/6/6
f 17901/1/6 17902/1/6 17917/1/6
f 17917/1/6 17902/1/6 17918/1/6
f 17912/6/6 17913/6/6 17919/6/6
f 17911/6/6 17912/6/6 17919/6/6
f 17913/10/6 17914/10/6 17920/10/6
f 17919/6/6 17913/6/6 17920/6/6
f 17920/10/6 17914/10/6 17921/10/6
f 17911/6/6 17919/6/6 17922/6/6
f 17919/10/6 17920/10/6 17923/10/6
f 17922/6/6 17919/6/6 17923/6/6
f 17920/10/6 17921/10/6 17923/10/6
f 17923/10/6 17921/10/6 17924/10/6
f 17924/10/6 17921/10/6 17925/10/6
f 17923/6/6 17924/6/6 17928/6/6
f 17928/6/6 17924/6/6 17929/6/6
f 17929/6/6 17924/6/6 17930/6/6
f 17926/1/6 17927/1/6 17931/1/6
f 17931/1/6 17927/1/6 17932/1/6
f 17861/10/6 17862/10/6 17935/10/6
f 17935/10/6 17862/10/6 17936/10/6
f 17933/6/6 17934/6/6 17939/6/6
f 17939/6/6 17934/6/6 17940/6/6
f 17940/6/6 17941/6/6 17942/6/6
f 17939/6/6 17940/6/6 17942/6/6
f 17938/6/6 17939/6/6 17942/6/6
f 17942/6/6 17941/6/6 17943/6/6
f 17943/6/6 17941/6/6 17944/6/6
f 17944/6/6 17941/6/6 17945/6/6
f 17943/6/6 17944/6/6 17946/6/6
f 17946/6/6 17944/6/6 17947/6/6
f 17949/6/6 17950/6/6 17952/6/6
f 17948/6/6 17949/6/6 17952/6/6
f 17952/6/6 17950/6/6 17953/6/6
f 17953/6/6 17950/6/6 17954/6/6
f 17954/6/6 17950/6/6 17955/6/6
f 17951/6/6 17952/6/6 17957/6/6
f 17952/6/6 17953/6/6 17957/6/6
f 17957/6/6 17953/6/6 17958/6/6
f 17955/6/6 17956/6/6 17959/6/6
f 17954/6/6 17955/6/6 17959/6/6
f 17959/6/6 17956/6/6 17960/6/6
f 17936/6/6 17937/6/6 17961/6/6
f 17960/6/6 17956/6/6 17963/6/6
f 17963/6/6 17956/6/6 17964/6/6
f 17961/6/6 17962/6/6 17965/6/6
f 17936/6/6 17961/6/6 17965/6/6
f 17965/6/6 17962/6/6 17966/6/6
f 17967/6/6 17968/6/6 17969/6/6
f 17969/6/6 17968/6/6 17970/6/6
f 17951/6/6 17957/6/6 17971/6/6
f 17971/6/6 17957/6/6 17972/6/6
f 17973/5/6 17974/5/6 17975/5/6
f 17975/5/6 17974/5/6 17976/5/6
f 17977/6/6 17978/6/6 17982/6/6
f 17982/6/6 17978/6/6 17983/6/6
f 17979/6/6 17980/6/6 17985/6/6
f 17985/6/6 17980/6/6 17986/6/6
f 17984/6/6 17985/6/6 17995/6/6
f 17995/6/6 17985/6/6 17996/6/6
f 17987/10/6 17988/10/6 17999/10/6
f 17999/10/6 17988/10/6 18000/10/6
f 17989/10/6 17990/10/6 18001/10/6
f 17990/6/6 17991/6/6 18001/6/6
f 18001/6/6 17991/6/6 18002/6/6
f 17992/6/6 17993/6/6 18003/6/6
f 18003/6/6 17993/6/6 18004/6/6
f 17994/6/6 17995/6/6 18006/6/6
f 18006/6/6 17995/6/6 18007/6/6
f 17997/10/6 17998/10/6 18008/10/6
f 18008/10/6 17998/10/6 18009/10/6
f 18001/10/6 18002/10/6 18012/10/6
f 17989/10/6 18001/10/6 18012/10/6
f 18002/10/6 18003/10/6 18012/10/6
f 18012/10/6 18003/10/6 18013/10/6
f 18013/10/6 18003/10/6 18014/10/6
f 18010/6/6 18011/6/6 18017/6/6
f 18017/6/6 18011/6/6 18018/6/6
f 18013/6/6 18014/6/6 18019/6/6
f 18019/6/6 18014/6/6 18020/6/6
f 18015/6/6 18016/6/6 18023/6/6
f 18023/6/6 18016/6/6 18024/6/6
f 18021/6/6 18022/6/6 18025/6/6
f 18025/6/6 18022/6/6 18026/6/6
f 17981/6/6 17982/6/6 18030/6/6
f 18004/6/6 18005/6/6 18031/6/6
f 18027/6/6 18028/6/6 18033/6/6
f 18033/6/6 18028/6/6 18034/6/6
f 18029/10/6 18030/10/6 18035/10/6
f 18030/6/6 17982/6/6 18035/6/6
f 18035/6/6 17982/6/6 18036/6/6
f 18031/6/6 18032/6/6 18037/6/6
f 18004/6/6 18031/6/6 18037/6/6
f 18037/6/6 18032/6/6 18038/6/6
f 18039/6/6 18040/6/6 18041/6/6
f 18041/6/6 18040/6/6 18042/6/6
f 18043/6/6 18044/6/6 18049/6/6
f 18049/6/6 18044/6/6 18050/6/6
f 18047/6/6 18048/6/6 18051/6/6
f 18051/6/6 18048/6/6 18052/6/6
f 18045/1/6 18046/1/6 18055/1/6
f 18055/1/6 18046/1/6 18056/1/6
f 18057/6/6 18058/6/6 18059/6/6
f 18059/6/6 18058/6/6 18060/6/6
f 18063/10/6 18064/10/6 18065/10/6
f 18065/10/6 18064/10/6 18066/10/6
f 18067/6/6 18068/6/6 18069/6/6
f 18069/6/6 18068/6/6 18070/6/6
f 18070/10/6 18071/10/6 18073/10/6
f 18073/10/6 18071/10/6 18074/10/6
f 18061/1/6 18062/1/6 18077/1/6
f 18077/1/6 18062/1/6 18078/1/6
f 18072/10/6 18073/10/6 18080/10/6
f 18073/10/6 18074/10/6 18080/10/6
f 18080/10/6 18074/10/6 18081/10/6
f 18081/10/6 18074/10/6 18082/10/6
f 18082/10/6 18074/10/6 18083/10/6
f 18075/10/6 18076/10/6 18084/10/6
f 18084/10/6 18076/10/6 18085/10/6
f 18053/6/6 18054/6/6 18087/6/6
f 18087/6/6 18054/6/6 18088/6/6
f 18079/6/6 18080/6/6 18089/6/6
f 18080/6/6 18081/6/6 18089/6/6
f 18089/6/6 18081/6/6 18090/6/6
f 18082/10/6 18083/10/6 18091/10/6
f 18083/6/6 18084/6/6 18092/6/6
f 18091/10/6 18083/10/6 18092/10/6
f 18086/6/6 18087/6/6 18095/6/6
f 18095/6/6 18087/6/6 18096/6/6
f 18092/6/6 18084/6/6 18099/6/6
f 18099/6/6 18084/6/6 18100/6/6
f 18093/6/6 18094/6/6 18101/6/6
f 18101/6/6 18094/6/6 18102/6/6
f 18079/6/6 18089/6/6 18103/6/6
f 18097/1/6 18098/1/6 18105/1/6
f 18105/1/6 18098/1/6 18106/1/6
f 18103/6/6 18104/6/6 18107/6/6
f 18079/6/6 18103/6/6 18107/6/6
f 18107/6/6 18104/6/6 18108/6/6
f 18108/6/6 18104/6/6 18109/6/6
f 18109/6/6 18110/6/6 18112/6/6
f 18108/6/6 18109/6/6 18112/6/6
f 18112/6/6 18110/6/6 18113/6/6
f 18113/6/6 18110/6/6 18114/6/6
f 18111/6/6 18112/6/6 18116/6/6
f 18112/6/6 18113/6/6 18116/6/6
f 18116/6/6 18113/6/6 18117/6/6
f 18117/6/6 18113/6/6 18118/6/6
f 18118/6/6 18113/6/6 18119/6/6
f 18029/10/6 18035/10/6 18121/10/6
f 18121/10/6 18035/10/6 18122/10/6
f 18115/6/6 18116/6/6 18124/6/6
f 18116/6/6 18117/6/6 18124/6/6
f 18124/6/6 18117/6/6 18125/6/6
f 18119/6/6 18120/6/6 18126/6/6
f 18118/6/6 18119/6/6 18126/6/6
f 18126/6/6 18120/6/6 18127/6/6
f 18127/6/6 18120/6/6 18128/6/6
f 18115/6/6 18124/6/6 18129/6/6
f 18127/6/6 18128/6/6 18132/6/6
f 18129/6/6 18130/6/6 18135/6/6
f 18115/6/6 18129/6/6 18135/6/6
f 18135/6/6 18130/6/6 18136/6/6
f 18136/6/6 18130/6/6 18137/6/6
f 18131/6/6 18132/6/6 18138/6/6
f 18132/6/6 18128/6/6 18139/6/6
f 18138/6/6 18132/6/6 18139/6/6
f 18133/6/6 18134/6/6 18140/6/6
f 18140/6/6 18134/6/6 18141/6/6
f 18136/6/6 18137/6/6 18146/6/6
f 18137/6/6 18138/6/6 18146/6/6
f 18138/6/6 18139/6/6 18146/6/6
f 18146/6/6 18139/6/6 18147/6/6
f 18147/6/6 18139/6/6 18148/6/6
f 18142/6/6 18143/6/6 18149/6/6
f 18149/6/6 18143/6/6 18150/6/6
f 18122/6/6 18123/6/6 18155/6/6
f 18155/6/6 18123/6/6 18156/6/6
f 18156/6/6 18157/6/6 18158/6/6
f 18158/6/6 18157/6/6 18159/6/6
f 18151/6/6 18152/6/6 18162/6/6
f 18162/6/6 18152/6/6 18163/6/6
f 18153/6/6 18154/6/6 18164/6/6
f 18164/6/6 18154/6/6 18165/6/6
f 18144/10/6 18145/10/6 18167/10/6
f 18167/10/6 18145/10/6 18168/10/6
f 18160/6/6 18161/6/6 18169/6/6
f 18169/6/6 18161/6/6 18170/6/6
f 18166/6/6 18167/6/6 18173/6/6
f 18173/6/6 18167/6/6 18174/6/6
f 18171/5/6 18172/5/6 18175/5/6
f 18175/5/6 18172/5/6 18176/5/6
f 18177/6/6 18178/6/6 18182/6/6
f 18182/6/6 18178/6/6 18183/6/6
f 18179/6/6 18180/6/6 18187/6/6
f 18187/6/6 18180/6/6 18188/6/6
f 18185/10/6 18186/10/6 18194/10/6
f 18184/10/6 18185/10/6 18194/10/6
f 18194/10/6 18186/10/6 18195/10/6
f 18181/6/6 18182/6/6 18197/6/6
f 18189/10/6 18190/10/6 18198/10/6
f 18198/10/6 18190/10/6 18199/10/6
f 18191/10/6 18192/10/6 18200/10/6
f 18200/10/6 18192/10/6 18201/10/6
f 18195/10/6 18196/10/6 18204/10/6
f 18204/10/6 18196/10/6 18205/10/6
f 18181/6/6 18197/6/6 18208/6/6
f 18202/10/6 18203/10/6 18209/10/6
f 18209/10/6 18203/10/6 18210/10/6
f 18193/10/6 18194/10/6 18212/10/6
f 18212/10/6 18194/10/6 18213/10/6
f 18211/10/6 18212/10/6 18214/10/6
f 18214/10/6 18212/10/6 18215/10/6
f 18216/6/6 18217/6/6 18218/6/6
f 18218/6/6 18217/6/6 18219/6/6
f 18206/10/6 18207/10/6 18220/10/6
f 18220/10/6 18207/10/6 18221/10/6
f 18181/6/6 18208/6/6 18224/6/6
f 18224/6/6 18208/6/6 18225/6/6
f 18221/10/6 18222/10/6 18226/10/6
f 18226/10/6 18222/10/6 18227/10/6
f 18228/6/6 18229/6/6 18230/6/6
f 18230/6/6 18229/6/6 18231/6/6
f 18232/10/6 18233/10/6 18238/10/6
f 18238/10/6 18233/10/6 18239/10/6
f 18234/6/6 18235/6/6 18240/6/6
f 18240/6/6 18235/6/6 18241/6/6
f 18236/6/6 18237/6/6 18243/6/6
f 18243/6/6 18237/6/6 18244/6/6
f 18241/6/6 18242/6/6 18247/6/6
f 18240/6/6 18241/6/6 18247/6/6
f 18247/6/6 18242/6/6 18248/6/6
f 18248/6/6 18242/6/6 18249/6/6
f 18245/1/6 18246/1/6 18251/1/6
f 18251/1/6 18246/1/6 18252/1/6
f 18249/6/6 18250/6/6 18255/6/6
f 18248/6/6 18249/6/6 18255/6/6
f 18255/6/6 18250/6/6 18256/6/6
f 18256/6/6 18250/6/6 18257/6/6
f 18256/6/6 18257/6/6 18259/6/6
f 18257/10/6 18258/10/6 18260/10/6
f 18259/6/6 18257/6/6 18260/6/6
f 18260/10/6 18258/10/6 18263/10/6
f 18263/10/6 18258/10/6 18264/10/6
f 18263/6/6 18264/6/6 18268/6/6
f 18264/6/6 18265/6/6 18268/6/6
f 18268/6/6 18265/6/6 18269/6/6
f 18253/6/6 18254/6/6 18274/6/6
f 18274/6/6 18254/6/6 18275/6/6
f 18266/10/6 18267/10/6 18278/10/6
f 18278/10/6 18267/10/6 18279/10/6
f 18270/10/6 18271/10/6 18280/10/6
f 18280/10/6 18271/10/6 18281/10/6
f 18272/10/6 18273/10/6 18282/10/6
f 18282/10/6 18273/10/6 18283/10/6
f 18261/3/6 18262/3/6 18290/3/6
f 18290/3/6 18262/3/6 18291/3/6
f 18284/6/6 18285/6/6 18294/6/6
f 18294/6/6 18285/6/6 18295/6/6
f 18276/1/6 18277/1/6 18296/1/6
f 18296/1/6 18277/1/6 18297/1/6
f 18288/6/6 18289/6/6 18298/6/6
f 18298/6/6 18289/6/6 18299/6/6
f 18291/3/6 18262/3/6 18300/3/6
f 18300/3/6 18262/3/6 18301/3/6
f 18292/6/6 18293/6/6 18303/6/6
f 18303/6/6 18293/6/6 18304/6/6
f 18286/6/6 18287/6/6 18305/6/6
f 18305/6/6 18287/6/6 18306/6/6
f 18301/10/6 18302/10/6 18307/10/6
f 18307/10/6 18302/10/6 18308/10/6
f 18309/6/6 18310/6/6 18314/6/6
f 18310/6/6 18311/6/6 18314/6/6
f 18314/6/6 18311/6/6 18315/6/6
f 18312/6/6 18313/6/6 18318/6/6
f 18318/6/6 18313/6/6 18319/6/6
f 18316/6/6 18317/6/6 18320/6/6
f 18320/6/6 18317/6/6 18321/6/6
f 18223/10/6 18224/10/6 18322/10/6
f 18322/10/6 18224/10/6 18323/10/6
f 18325/6/6 18326/6/6 18329/6/6
f 18329/6/6 18326/6/6 18330/6/6
f 18327/6/6 18328/6/6 18335/6/6
f 18335/6/6 18328/6/6 18336/6/6
f 18331/10/6 18332/10/6 18337/10/6
f 18337/10/6 18332/10/6 18338/10/6
f 18333/6/6 18334/6/6 18339/6/6
f 18339/6/6 18334/6/6 18340/6/6
f 18341/6/6 18342/6/6 18347/6/6
f 18347/6/6 18342/6/6 18348/6/6
f 18348/6/6 18342/6/6 18349/6/6
f 18343/6/6 18344/6/6 18350/6/6
f 18350/6/6 18344/6/6 18351/6/6
f 18323/6/6 18324/6/6 18352/6/6
f 18352/6/6 18324/6/6 18353/6/6
f 18353/6/6 18354/6/6 18355/6/6
f 18355/6/6 18354/6/6 18356/6/6
f 18345/10/6 18346/10/6 18364/10/6
f 18364/10/6 18346/10/6 18365/10/6
f 18357/6/6 18358/6/6 18366/6/6
f 18366/6/6 18358/6/6 18367/6/6
f 18359/6/6 18360/6/6 18368/6/6
f 18368/6/6 18360/6/6 18369/6/6
f 18361/6/6 18362/6/6 18370/6/6
f 18370/6/6 18362/6/6 18371/6/6
f 18363/6/6 18364/6/6 18372/6/6
f 18372/6/6 18364/6/6 18373/6/6
f 18374/5/6 18375/5/6 18378/5/6
f 18378/5/6 18375/5/6 18379/5/6
f 18376/6/6 18377/6/6 18382/6/6
f 18382/6/6 18377/6/6 18383/6/6
f 18379/6/6 18380/6/6 18384/6/6
f 18384/6/6 18380/6/6 18385/6/6
f 18385/6/6 18380/6/6 18390/6/6
f 18390/6/6 18380/6/6 18391/6/6
f 18381/6/6 18382/6/6 18392/6/6
f 18392/6/6 18382/6/6 18393/6/6
f 18386/10/6 18387/10/6 18394/10/6
f 18394/10/6 18387/10/6 18395/10/6
f 18388/6/6 18389/6/6 18398/6/6
f 18398/6/6 18389/6/6 18399/6/6
f 18392/10/6 18393/10/6 18401/10/6
f 18401/10/6 18393/10/6 18402/10/6
f 18396/10/6 18397/10/6 18403/10/6
f 18403/10/6 18397/10/6 18404/10/6
f 18399/6/6 18400/6/6 18405/6/6
f 18405/6/6 18400/6/6 18406/6/6
f 18401/6/6 18402/6/6 18412/6/6
f 18412/6/6 18402/6/6 18413/6/6
f 18409/6/6 18410/6/6 18414/6/6
f 18414/6/6 18410/6/6 18415/6/6
f 18407/6/6 18408/6/6 18416/6/6
f 18416/6/6 18408/6/6 18417/6/6
f 18417/6/6 18418/6/6 18421/6/6
f 18416/6/6 18417/6/6 18421/6/6
f 18415/6/6 18416/6/6 18421/6/6
f 18421/6/6 18418/6/6 18422/6/6
f 18419/6/6 18420/6/6 18424/6/6
f 18422/6/6 18418/6/6 18425/6/6
f 18425/6/6 18418/6/6 18426/6/6
f 18423/10/6 18424/10/6 18427/10/6
f 18424/6/6 18420/6/6 18427/6/6
f 18427/6/6 18420/6/6 18428/6/6
f 18426/6/6 18418/6/6 18429/6/6
f 18429/6/6 18418/6/6 18430/6/6
f 18423/10/6 18427/10/6 18433/10/6
f 18433/10/6 18427/10/6 18434/10/6
f 18431/10/6 18432/10/6 18437/10/6
f 18437/10/6 18432/10/6 18438/10/6
f 18433/6/6 18434/6/6 18441/6/6
f 18439/6/6 18440/6/6 18443/6/6
f 18443/6/6 18440/6/6 18444/6/6
f 18441/6/6 18442/6/6 18447/6/6
f 18433/6/6 18441/6/6 18447/6/6
f 18447/6/6 18442/6/6 18448/6/6
f 18435/6/6 18436/6/6 18449/6/6
f 18449/6/6 18436/6/6 18450/6/6
f 18448/6/6 18442/6/6 18451/6/6
f 18451/6/6 18452/6/6 18455/6/6
f 18448/6/6 18451/6/6 18455/6/6
f 18455/6/6 18452/6/6 18456/6/6
f 18456/6/6 18452/6/6 18457/6/6
f 18457/6/6 18458/6/6 18459/6/6
f 18456/6/6 18457/6/6 18459/6/6
f 18459/6/6 18458/6/6 18460/6/6
f 18453/6/6 18454/6/6 18461/6/6
f 18461/6/6 18454/6/6 18462/6/6
f 18460/6/6 18458/6/6 18463/6/6
f 18463/6/6 18458/6/6 18464/6/6
f 18445/1/6 18446/1/6 18469/1/6
f 18469/1/6 18446/1/6 18470/1/6
f 18465/10/6 18466/10/6 18475/10/6
f 18475/10/6 18466/10/6 18476/10/6
f 18467/6/6 18468/6/6 18477/6/6
f 18477/6/6 18468/6/6 18478/6/6
f 18471/6/6 18472/6/6 18479/6/6
f 18479/6/6 18472/6/6 18480/6/6
f 18473/6/6 18474/6/6 18481/6/6
f 18481/6/6 18474/6/6 18482/6/6
f 18482/6/6 18474/6/6 18487/6/6
f 18487/6/6 18474/6/6 18488/6/6
f 18483/3/6 18484/3/6 18490/3/6
f 18490/3/6 18484/3/6 18491/3/6
f 18485/6/6 18486/6/6 18495/6/6
f 18495/6/6 18486/6/6 18496/6/6
f 18488/10/6 18489/10/6 18499/10/6
f 18499/10/6 18489/10/6 18500/10/6
f 18491/3/6 18492/3/6 18501/3/6
f 18501/3/6 18492/3/6 18502/3/6
f 18493/10/6 18494/10/6 18503/10/6
f 18503/10/6 18494/10/6 18504/10/6
f 18497/6/6 18498/6/6 18506/6/6
f 18506/6/6 18498/6/6 18507/6/6
f 18505/6/6 18506/6/6 18510/6/6
f 18510/6/6 18506/6/6 18511/6/6
f 18508/6/6 18509/6/6 18512/6/6
f 18512/6/6 18509/6/6 18513/6/6
f 18411/10/6 18412/10/6 18516/10/6
f 18516/10/6 18412/10/6 18517/10/6
f 18514/6/6 18515/6/6 18519/6/6
f 18519/6/6 18515/6/6 18520/6/6
f 18521/6/6 18522/6/6 18523/6/6
f 18523/6/6 18522/6/6 18524/6/6
f 18525/10/6 18526/10/6 18531/10/6
f 18531/10/6 18526/10/6 18532/10/6
f 18527/6/6 18528/6/6 18533/6/6
f 18533/6/6 18528/6/6 18534/6/6
f 18529/6/6 18530/6/6 18535/6/6
f 18535/6/6 18530/6/6 18536/6/6
f 18537/10/6 18538/10/6 18541/10/6
f 18541/10/6 18538/10/6 18542/10/6
f 18539/6/6 18540/6/6 18543/6/6
f 18543/6/6 18540/6/6 18544/6/6
f 18517/6/6 18518/6/6 18545/6/6
f 18545/6/6 18518/6/6 18546/6/6
f 18547/6/6 18548/6/6 18552/6/6
f 18552/6/6 18548/6/6 18553/6/6
f 18550/6/6 18551/6/6 18557/6/6
f 18549/6/6 18550/6/6 18557/6/6
f 18557/6/6 18551/6/6 18558/6/6
f 18554/5/6 18555/5/6 18559/5/6
f 18559/5/6 18555/5/6 18560/5/6
f 18556/5/6 18557/5/6 18561/5/6
f 18561/5/6 18557/5/6 18562/5/6
f 18563/5/6 18564/5/6 18567/5/6
f 18567/5/6 18564/5/6 18568/5/6
f 18565/5/6 18566/5/6 18569/5/6
f 18569/5/6 18566/5/6 18570/5/6
f 18571/6/6 18572/6/6 18575/6/6
f 18575/6/6 18572/6/6 18576/6/6
f 18573/6/6 18574/6/6 18579/6/6
f 18579/6/6 18574/6/6 18580/6/6
f 18580/6/6 18574/6/6 18581/6/6
f 18571/6/6 18575/6/6 18582/6/6
f 18575/10/6 18576/10/6 18583/10/6
f 18582/6/6 18575/6/6 18583/6/6
f 18577/10/6 18578/10/6 18584/10/6
f 18584/10/6 18578/10/6 18585/10/6
f 18582/10/6 18583/10/6 18588/10/6
f 18583/10/6 18576/10/6 18589/10/6
f 18588/10/6 18583/10/6 18589/10/6
f 18586/10/6 18587/10/6 18590/10/6
f 18590/10/6 18587/10/6 18591/10/6
f 18588/6/6 18589/6/6 18594/6/6
f 18592/6/6 18593/6/6 18598/6/6
f 18598/6/6 18593/6/6 18599/6/6
f 18588/6/6 18594/6/6 18601/6/6
f 18601/6/6 18594/6/6 18602/6/6
f 18595/6/6 18596/6/6 18603/6/6
f 18603/6/6 18596/6/6 18604/6/6
f 18597/6/6 18598/6/6 18605/6/6
f 18588/6/6 18601/6/6 18607/6/6
f 18607/6/6 18601/6/6 18608/6/6
f 18605/6/6 18598/6/6 18611/6/6
f 18611/6/6 18598/6/6 18612/6/6
f 18599/6/6 18600/6/6 18613/6/6
f 18613/6/6 18600/6/6 18614/6/6
f 18609/6/6 18610/6/6 18617/6/6
f 18617/6/6 18610/6/6 18618/6/6
f 18616/10/6 18617/10/6 18619/10/6
f 18619/10/6 18617/10/6 18620/10/6
f 18621/6/6 18622/6/6 18625/6/6
f 18625/6/6 18622/6/6 18626/6/6
f 18614/6/6 18615/6/6 18627/6/6
f 18626/6/6 18627/6/6 18634/6/6
f 18634/6/6 18627/6/6 18635/6/6
f 18635/6/6 18627/6/6 18636/6/6
f 18627/6/6 18615/6/6 18637/6/6
f 18636/6/6 18627/6/6 18637/6/6
f 18628/6/6 18629/6/6 18639/6/6
f 18639/6/6 18629/6/6 18640/6/6
f 18630/10/6 18631/10/6 18641/10/6
f 18641/10/6 18631/10/6 18642/10/6
f 18632/10/6 18633/10/6 18643/10/6
f 18638/6/6 18639/6/6 18648/6/6
f 18648/6/6 18639/6/6 18649/6/6
f 18623/6/6 18624/6/6 18650/6/6
f 18650/6/6 18624/6/6 18651/6/6
f 18644/6/6 18645/6/6 18652/6/6
f 18652/6/6 18645/6/6 18653/6/6
f 18646/6/6 18647/6/6 18654/6/6
f 18654/6/6 18647/6/6 18655/6/6
f 18656/6/6 18657/6/6 18658/6/6
f 18658/6/6 18657/6/6 18659/6/6
f 18635/6/6 18636/6/6 18660/6/6
f 18660/6/6 18636/6/6 18661/6/6
f 18662/6/6 18663/6/6 18664/6/6
f 18664/6/6 18663/6/6 18665/6/6
f 18665/6/6 18666/6/6 18669/6/6
f 18669/6/6 18666/6/6 18670/6/6
f 18667/6/6 18668/6/6 18675/6/6
f 18672/6/6 18673/6/6 18676/6/6
f 18674/6/6 18675/6/6 18679/6/6
f 18675/6/6 18668/6/6 18680/6/6
f 18679/6/6 18675/6/6 18680/6/6
f 18680/6/6 18668/6/6 18681/6/6
f 18671/10/6 18672/10/6 18682/10/6
f 18676/6/6 18677/6/6 18683/6/6
f 18682/10/6 18672/10/6 18683/10/6
f 18672/6/6 18676/6/6 18683/6/6
f 18683/6/6 18677/6/6 18684/6/6
f 18684/6/6 18677/6/6 18685/6/6
f 18685/6/6 18677/6/6 18686/6/6
f 18686/6/6 18677/6/6 18687/6/6
f 18678/6/6 18679/6/6 18690/6/6
f 18679/6/6 18680/6/6 18690/6/6
f 18690/6/6 18680/6/6 18691/6/6
f 18691/6/6 18680/6/6 18692/6/6
f 18684/10/6 18685/10/6 18693/10/6
f 18693/10/6 18685/10/6 18694/10/6
f 18694/10/6 18685/10/6 18695/10/6
f 18686/10/6 18687/10/6 18696/10/6
f 18696/10/6 18687/10/6 18697/10/6
f 18688/3/6 18689/3/6 18698/3/6
f 18698/3/6 18689/3/6 18699/3/6
f 18699/10/6 18700/10/6 18701/10/6
f 18698/10/6 18699/10/6 18701/10/6
f 18697/10/6 18698/10/6 18701/10/6
f 18701/10/6 18700/10/6 18702/10/6
f 18606/10/6 18607/10/6 18703/10/6
f 18703/10/6 18607/10/6 18704/10/6
f 18704/6/6 18705/6/6 18706/6/6
f 18643/10/6 18633/10/6 18708/10/6
f 18708/10/6 18633/10/6 18709/10/6
f 18706/6/6 18707/6/6 18714/6/6
f 18712/10/6 18713/10/6 18716/10/6
f 18716/10/6 18713/10/6 18717/10/6
f 18714/6/6 18715/6/6 18718/6/6
f 18710/6/6 18711/6/6 18719/6/6
f 18719/6/6 18711/6/6 18720/6/6
f 18721/10/6 18722/10/6 18724/10/6
f 18704/6/6 18706/6/6 18725/6/6
f 18714/6/6 18718/6/6 18725/6/6
f 18706/6/6 18714/6/6 18725/6/6
f 18725/6/6 18718/6/6 18726/6/6
f 18723/10/6 18724/10/6 18727/10/6
f 18724/10/6 18722/10/6 18728/10/6
f 18727/10/6 18724/10/6 18728/10/6
f 18729/5/6 18730/5/6 18731/5/6
f 18731/5/6 18730/5/6 18732/5/6
f 18732/5/6 18730/5/6 18733/5/6
f 18733/5/6 18730/5/6 18734/5/6
f 18732/5/6 18733/5/6 18735/5/6
f 18735/5/6 18733/5/6 18736/5/6
f 18736/5/6 18733/5/6 18737/5/6
f 18737/5/6 18733/5/6 18738/5/6
f 18736/6/6 18737/6/6 18740/6/6
f 18740/6/6 18737/6/6 18741/6/6
f 18740/10/6 18741/10/6 18744/10/6
f 18739/10/6 18740/10/6 18744/10/6
f 18744/10/6 18741/10/6 18745/10/6
f 18742/10/6 18743/10/6 18746/10/6
f 18746/10/6 18743/10/6 18747/10/6
f 18745/10/6 18741/10/6 18748/10/6
f 18748/10/6 18741/10/6 18749/10/6
f 18750/6/6 18751/6/6 18754/6/6
f 18754/6/6 18751/6/6 18755/6/6
f 18752/6/6 18753/6/6 18756/6/6
f 18756/6/6 18753/6/6 18757/6/6
f 18755/6/6 18756/6/6 18762/6/6
f 18762/6/6 18756/6/6 18763/6/6
f 18760/10/6 18761/10/6 18765/10/6
f 18765/10/6 18761/10/6 18766/10/6
f 18758/6/6 18759/6/6 18769/6/6
f 18769/6/6 18759/6/6 18770/6/6
f 18767/10/6 18768/10/6 18771/10/6
f 18771/10/6 18768/10/6 18772/10/6
f 18765/10/6 18766/10/6 18775/10/6
f 18764/10/6 18765/10/6 18775/10/6
f 18764/10/6 18775/10/6 18777/10/6
f 18775/7/6 18776/7/6 18777/7/6
f 18777/7/6 18776/7/6 18778/7/6
f 18773/6/6 18774/6/6 18782/6/6
f 18782/6/6 18774/6/6 18783/6/6
f 18779/10/6 18780/10/6 18784/10/6
f 18784/10/6 18780/10/6 18785/10/6
f 18781/6/6 18782/6/6 18788/6/6
f 18788/6/6 18782/6/6 18789/6/6
f 18764/10/6 18777/10/6 18792/10/6
f 18781/6/6 18788/6/6 18794/6/6
f 18794/6/6 18788/6/6 18795/6/6
f 18790/10/6 18791/10/6 18796/10/6
f 18796/10/6 18791/10/6 18797/10/6
f 18792/7/6 18793/7/6 18798/7/6
f 18764/10/6 18792/10/6 18798/10/6
f 18798/7/6 18793/7/6 18799/7/6
f 18800/6/6 18801/6/6 18802/6/6
f 18802/6/6 18801/6/6 18803/6/6
f 18764/10/6 18798/10/6 18806/10/6
f 18804/6/6 18805/6/6 18807/6/6
f 18807/6/6 18805/6/6 18808/6/6
f 18764/10/6 18806/10/6 18811/10/6
f 18809/6/6 18810/6/6 18818/6/6
f 18818/6/6 18810/6/6 18819/6/6
f 18812/10/6 18813/10/6 18820/10/6
f 18820/10/6 18813/10/6 18821/10/6
f 18814/10/6 18815/10/6 18823/10/6
f 18823/10/6 18815/10/6 18824/10/6
f 18816/10/6 18817/10/6 18828/10/6
f 18817/6/6 18818/6/6 18829/6/6
f 18828/10/6 18817/10/6 18829/10/6
f 18829/6/6 18818/6/6 18830/6/6
f 18821/6/6 18822/6/6 18831/6/6
f 18824/10/6 18825/10/6 18832/10/6
f 18831/6/6 18822/6/6 18832/6/6
f 18822/10/6 18823/10/6 18832/10/6
f 18823/10/6 18824/10/6 18832/10/6
f 18832/10/6 18825/10/6 18833/10/6
f 18826/10/6 18827/10/6 18835/10/6
f 18835/10/6 18827/10/6 18836/10/6
f 18836/10/6 18827/10/6 18837/10/6
f 18764/10/6 18811/10/6 18838/10/6
f 18835/6/6 18836/6/6 18839/6/6
f 18834/6/6 18835/6/6 18839/6/6
f 18839/6/6 18836/6/6 18840/6/6
f 18764/10/6 18838/10/6 18841/10/6
f 18841/10/6 18838/10/6 18842/10/6
f 18764/10/6 18841/10/6 18843/10/6
f 18843/10/6 18841/10/6 18844/10/6
f 18844/10/6 18841/10/6 18845/10/6
f 18845/10/6 18841/10/6 18846/10/6
f 18786/10/6 18787/10/6 18849/10/6
f 18849/10/6 18787/10/6 18850/10/6
f 18847/6/6 18848/6/6 18851/6/6
f 18851/6/6 18848/6/6 18852/6/6
f 18853/10/6 18854/10/6 18858/10/6
f 18858/10/6 18854/10/6 18859/10/6
f 18855/6/6 18856/6/6 18860/6/6
f 18860/6/6 18856/6/6 18861/6/6
f 18857/10/6 18858/10/6 18863/10/6
f 18863/10/6 18858/10/6 18864/10/6
f 18862/10/6 18863/10/6 18865/10/6
f 18865/10/6 18863/10/6 18866/10/6
f 18867/7/6 18868/7/6 18869/7/6
f 18869/7/6 18868/7/6 18870/7/6
f 18870/6/6 18871/6/6 18872/6/6
f 18872/6/6 18871/6/6 18873/6/6
f 18873/6/6 18874/6/6 18877/6/6
f 18877/6/6 18874/6/6 18878/6/6
f 18875/6/6 18876/6/6 18879/6/6
f 18879/6/6 18876/6/6 18880/6/6
f 18883/10/6 18884/10/6 18885/10/6
f 18885/10/6 18884/10/6 18886/10/6
f 18886/10/6 18884/10/6 18887/10/6
f 18881/6/6 18882/6/6 18888/6/6
f 18888/6/6 18882/6/6 18889/6/6
f 18881/6/6 18888/6/6 18892/6/6
f 18892/6/6 18888/6/6 18893/6/6
f 18890/6/6 18891/6/6 18894/6/6
f 18894/6/6 18891/6/6 18895/6/6
f 18897/6/6 18898/6/6 18899/6/6
f 18899/6/6 18898/6/6 18900/6/6
f 18895/6/6 18896/6/6 18903/6/6
f 18903/6/6 18896/6/6 18904/6/6
f 18901/7/6 18902/7/6 18906/7/6
f 18906/7/6 18902/7/6 18907/7/6
f 18904/6/6 18905/6/6 18908/6/6
f 18908/6/6 18905/6/6 18909/6/6
f 18910/10/6 18911/10/6 18914/10/6
f 18914/10/6 18911/10/6 18915/10/6
f 18916/6/6 18917/6/6 18918/6/6
f 18916/6/6 18918/6/6 18922/6/6
f 18918/6/6 18919/6/6 18922/6/6
f 18922/6/6 18919/6/6 18923/6/6
f 18920/3/6 18921/3/6 18924/3/6
f 18924/3/6 18921/3/6 18925/3/6
f 18923/6/6 18919/6/6 18926/6/6
f 18926/6/6 18919/6/6 18927/6/6
f 18928/6/6 18929/6/6 18930/6/6
f 18928/6/6 18930/6/6 18934/6/6
f 18931/10/6 18932/10/6 18935/10/6
f 18935/10/6 18932/10/6 18936/10/6
f 18933/6/6 18934/6/6 18938/6/6
f 18934/6/6 18930/6/6 18939/6/6
f 18938/6/6 18934/6/6 18939/6/6
f 18939/6/6 18930/6/6 18940/6/6
f 18937/10/6 18938/10/6 18947/10/6
f 18938/6/6 18939/6/6 18948/6/6
f 18947/10/6 18938/10/6 18948/10/6
f 18948/6/6 18939/6/6 18949/6/6
f 18941/6/6 18942/6/6 18950/6/6
f 18950/6/6 18942/6/6 18951/6/6
f 18943/6/6 18944/6/6 18952/6/6
f 18952/6/6 18944/6/6 18953/6/6
f 18945/6/6 18946/6/6 18956/6/6
f 18956/6/6 18946/6/6 18957/6/6
f 18954/6/6 18955/6/6 18958/6/6
f 18958/6/6 18955/6/6 18959/6/6
f 18960/6/6 18961/6/6 18962/6/6
f 18962/6/6 18961/6/6 18963/6/6
f 18912/10/6 18913/10/6 18967/10/6
f 18967/10/6 18913/10/6 18968/10/6
f 18964/6/6 18965/6/6 18969/6/6
f 18969/6/6 18965/6/6 18970/6/6
f 18966/10/6 18967/10/6 18971/10/6
f 18971/10/6 18967/10/6 18972/10/6
f 18973/10/6 18974/10/6 18975/10/6
f 18975/10/6 18974/10/6 18976/10/6
f 18977/6/6 18978/6/6 18979/6/6
f 18979/6/6 18978/6/6 18980/6/6
f 18979/7/6 18980/7/6 18981/7/6
f 18981/7/6 18980/7/6 18982/7/6
f 18983/7/6 18984/7/6 18985/7/6
f 18985/7/6 18984/7/6 18986/7/6
f 18985/4/6 18986/4/6 18987/4/6
f 18987/4/6 18986/4/6 18988/4/6
f 18987/7/6 18988/7/6 18989/7/6
f 18989/7/6 18988/7/6 18990/7/6
f 18991/6/6 18992/6/6 18993/6/6
f 18993/6/6 18992/6/6 18994/6/6
f 18995/6/6 18996/6/6 18999/6/6
f 18999/6/6 18996/6/6 19000/6/6
f 18997/6/6 18998/6/6 19001/6/6
f 19001/6/6 18998/6/6 19002/6/6
f 19004/10/6 19005/10/6 19006/10/6
f 19006/10/6 19005/10/6 19007/10/6
f 19002/6/6 19003/6/6 19008/6/6
f 19008/6/6 19003/6/6 19009/6/6
f 19010/6/6 19011/6/6 19012/6/6
f 19012/6/6 19011/6/6 19013/6/6
f 19013/6/6 19014/6/6 19016/6/6
f 19016/6/6 19014/6/6 19017/6/6
f 19015/6/6 19016/6/6 19020/6/6
f 19020/6/6 19016/6/6 19021/6/6
f 19021/6/6 19016/6/6 19022/6/6
f 19023/6/6 19024/6/6 19025/6/6
f 19023/6/6 19025/6/6 19027/6/6
f 19025/10/6 19026/10/6 19028/10/6
f 19027/6/6 19025/6/6 19028/6/6
f 19028/10/6 19026/10/6 19030/10/6
f 19030/10/6 19026/10/6 19031/10/6
f 19029/6/6 19030/6/6 19031/6/6
f 19031/10/6 19026/10/6 19032/10/6
f 19029/6/6 19031/6/6 19033/6/6
f 19033/6/6 19031/6/6 19034/6/6
f 19035/6/6 19036/6/6 19037/6/6
f 19037/6/6 19036/6/6 19038/6/6
f 19039/10/6 19040/10/6 19045/10/6
f 19045/10/6 19040/10/6 19046/10/6
f 19041/6/6 19042/6/6 19049/6/6
f 19049/6/6 19042/6/6 19050/6/6
f 19043/6/6 19044/6/6 19053/6/6
f 19053/6/6 19044/6/6 19054/6/6
f 19047/6/6 19048/6/6 19059/6/6
f 19059/6/6 19048/6/6 19060/6/6
f 19051/6/6 19052/6/6 19061/6/6
f 19061/6/6 19052/6/6 19062/6/6
f 19055/6/6 19056/6/6 19063/6/6
f 19063/6/6 19056/6/6 19064/6/6
f 19057/6/6 19058/6/6 19065/6/6
f 19065/6/6 19058/6/6 19066/6/6
f 19018/10/6 19019/10/6 19067/10/6
f 19067/10/6 19019/10/6 19068/10/6
f 19069/10/6 19070/10/6 19071/10/6
f 19071/10/6 19070/10/6 19072/10/6
f 19073/6/6 19074/6/6 19077/6/6
f 19077/6/6 19074/6/6 19078/6/6
f 19075/7/6 19076/7/6 19079/7/6
f 19079/7/6 19076/7/6 19080/7/6
f 19077/7/6 19078/7/6 19081/7/6
f 19081/7/6 19078/7/6 19082/7/6
f 19079/4/6 19080/4/6 19083/4/6
f 19083/4/6 19080/4/6 19084/4/6
f 19083/7/6 19084/7/6 19085/7/6
f 19085/7/6 19084/7/6 19086/7/6
f 19087/6/6 19088/6/6 19093/6/6
f 19093/6/6 19088/6/6 19094/6/6
f 19091/10/6 19092/10/6 19096/10/6
f 19096/10/6 19092/10/6 19097/10/6
f 19094/6/6 19095/6/6 19100/6/6
f 19100/6/6 19095/6/6 19101/6/6
f 19089/6/6 19090/6/6 19102/6/6
f 19102/6/6 19090/6/6 19103/6/6
f 19103/6/6 19090/6/6 19104/6/6
f 19104/6/6 19090/6/6 19105/6/6
f 19098/10/6 19099/10/6 19106/10/6
f 19106/10/6 19099/10/6 19107/10/6
f 19105/6/6 19090/6/6 19108/6/6
f 19108/6/6 19090/6/6 19109/6/6
f 19098/10/6 19106/10/6 19110/10/6
f 19109/6/6 19110/6/6 19111/6/6
f 19110/10/6 19106/10/6 19112/10/6
f 19111/6/6 19110/6/6 19112/6/6
f 19112/10/6 19106/10/6 19114/10/6
f 19114/10/6 19106/10/6 19115/10/6
f 19113/6/6 19114/6/6 19121/6/6
f 19115/10/6 19116/10/6 19122/10/6
f 19121/6/6 19114/6/6 19122/6/6
f 19114/10/6 19115/10/6 19122/10/6
f 19122/10/6 19116/10/6 19123/10/6
f 19117/10/6 19118/10/6 19126/10/6
f 19119/6/6 19120/6/6 19127/6/6
f 19127/6/6 19120/6/6 19128/6/6
f 19123/10/6 19124/10/6 19130/10/6
f 19122/10/6 19123/10/6 19130/10/6
f 19125/10/6 19126/10/6 19131/10/6
f 19128/10/6 19129/10/6 19132/10/6
f 19132/10/6 19129/10/6 19133/10/6
f 19134/7/6 19135/7/6 19136/7/6
f 19122/10/6 19130/10/6 19137/10/6
f 19130/10/6 19131/10/6 19137/10/6
f 19134/7/6 19136/7/6 19140/7/6
f 19140/7/6 19136/7/6 19141/7/6
f 19137/10/6 19131/10/6 19142/10/6
f 19138/3/6 19139/3/6 19145/3/6
f 19145/3/6 19139/3/6 19146/3/6
f 19143/10/6 19144/10/6 19148/10/6
f 19148/10/6 19144/10/6 19149/10/6
f 19147/3/6 19148/3/6 19150/3/6
f 19150/3/6 19148/3/6 19151/3/6
f 19142/10/6 19131/10/6 19154/10/6
f 19152/6/6 19153/6/6 19155/6/6
f 19155/6/6 19153/6/6 19156/6/6
f 19154/10/6 19131/10/6 19157/10/6
f 19158/6/6 19159/6/6 19166/6/6
f 19166/6/6 19159/6/6 19167/6/6
f 19160/6/6 19161/6/6 19168/6/6
f 19168/6/6 19161/6/6 19169/6/6
f 19162/6/6 19163/6/6 19170/6/6
f 19170/6/6 19163/6/6 19171/6/6
f 19164/6/6 19165/6/6 19172/6/6
f 19172/6/6 19165/6/6 19173/6/6
f 19157/10/6 19131/10/6 19174/10/6
f 19174/10/6 19131/10/6 19175/10/6
f 19126/10/6 19118/10/6 19176/10/6
f 19175/10/6 19131/10/6 19176/10/6
f 19131/10/6 19126/10/6 19176/10/6
f 19177/6/6 19178/6/6 19179/6/6
f 19179/6/6 19178/6/6 19180/6/6
f 19181/6/6 19182/6/6 19183/6/6
f 19183/6/6 19182/6/6 19184/6/6
f 19183/7/6 19184/7/6 19187/7/6
f 19187/7/6 19184/7/6 19188/7/6
f 19185/5/6 19186/5/6 19189/5/6
f 19189/5/6 19186/5/6 19190/5/6
f 19191/6/6 19192/6/6 19195/6/6
f 19192/6/6 19193/6/6 19195/6/6
f 19195/6/6 19193/6/6 19196/6/6
f 19194/6/6 19195/6/6 19200/6/6
f 19198/10/6 19199/10/6 19201/10/6
f 19201/10/6 19199/10/6 19202/10/6
f 19200/6/6 19195/6/6 19203/6/6
f 19203/6/6 19195/6/6 19204/6/6
f 19196/6/6 19197/6/6 19205/6/6
f 19205/6/6 19197/6/6 19206/6/6
f 19207/10/6 19208/10/6 19209/10/6
f 19209/10/6 19208/10/6 19210/10/6
f 19211/7/6 19212/7/6 19213/7/6
f 19213/7/6 19212/7/6 19214/7/6
f 19215/7/6 19216/7/6 19217/7/6
f 19217/7/6 19216/7/6 19218/7/6
f 19219/3/6 19220/3/6 19226/3/6
f 19226/3/6 19220/3/6 19227/3/6
f 19221/3/6 19222/3/6 19228/3/6
f 19222/3/6 19223/3/6 19228/3/6
f 19228/3/6 19223/3/6 19229/3/6
f 19229/3/6 19223/3/6 19230/3/6
f 19224/10/6 19225/10/6 19231/10/6
f 19231/10/6 19225/10/6 19232/10/6
f 19233/6/6 19234/6/6 19237/6/6
f 19237/6/6 19234/6/6 19238/6/6
f 19235/6/6 19236/6/6 19239/6/6
f 19239/6/6 19236/6/6 19240/6/6
f 19241/6/6 19242/6/6 19245/6/6
f 19245/6/6 19242/6/6 19246/6/6
f 19243/6/6 19244/6/6 19249/6/6
f 19249/6/6 19244/6/6 19250/6/6
f 19247/6/6 19248/6/6 19251/6/6
f 19251/6/6 19248/6/6 19252/6/6
f 19253/7/6 19254/7/6 19255/7/6
f 19255/7/6 19254/7/6 19256/7/6
f 19257/5/6 19258/5/6 19261/5/6
f 19261/5/6 19258/5/6 19262/5/6
f 19259/5/6 19260/5/6 19263/5/6
f 19263/5/6 19260/5/6 19264/5/6
f 19265/6/6 19266/6/6 19269/6/6
f 19269/6/6 19266/6/6 19270/6/6
f 19267/6/6 19268/6/6 19271/6/6
f 19271/6/6 19268/6/6 19272/6/6
f 19273/7/6 19274/7/6 19275/7/6
f 19275/7/6 19274/7/6 19276/7/6
f 19277/3/6 19278/3/6 19281/3/6
f 19281/3/6 19278/3/6 19282/3/6
f 19283/3/6 19284/3/6 19287/3/6
f 19287/3/6 19284/3/6 19288/3/6
f 19285/3/6 19286/3/6 19289/3/6
f 19289/3/6 19286/3/6 19290/3/6
f 19279/7/6 19280/7/6 19292/7/6
f 19291/10/6 19292/10/6 19294/10/6
f 19292/7/6 19280/7/6 19295/7/6
f 19294/10/6 19292/10/6 19295/10/6
f 19295/7/6 19280/7/6 19296/7/6
f 19293/10/6 19294/10/6 19298/10/6
f 19294/10/6 19295/10/6 19298/10/6
f 19298/10/6 19295/10/6 19299/10/6
f 19299/10/6 19295/10/6 19300/10/6
f 19297/6/6 19298/6/6 19305/6/6
f 19298/10/6 19299/10/6 19306/10/6
f 19305/6/6 19298/6/6 19306/6/6
f 19306/10/6 19299/10/6 19307/10/6
f 19301/6/6 19302/6/6 19308/6/6
f 19308/6/6 19302/6/6 19309/6/6
f 19303/6/6 19304/6/6 19312/6/6
f 19312/6/6 19304/6/6 19313/6/6
f 19310/6/6 19311/6/6 19314/6/6
f 19314/6/6 19311/6/6 19315/6/6
f 19318/6/6 19319/6/6 19320/6/6
f 19320/6/6 19319/6/6 19321/6/6
f 19316/6/6 19317/6/6 19322/6/6
f 19322/6/6 19317/6/6 19323/6/6
f 19324/6/6 19325/6/6 19326/6/6
f 19326/6/6 19325/6/6 19327/6/6
f 19326/5/6 19327/5/6 19330/5/6
f 19330/5/6 19327/5/6 19331/5/6
f 19328/5/6 19329/5/6 19332/5/6
f 19332/5/6 19329/5/6 19333/5/6
f 19334/6/6 19335/6/6 19338/6/6
f 19338/6/6 19335/6/6 19339/6/6
f 19336/6/6 19337/6/6 19343/6/6
f 19343/6/6 19337/6/6 19344/6/6
f 19340/6/6 19341/6/6 19347/6/6
f 19347/6/6 19341/6/6 19348/6/6
f 19342/6/6 19343/6/6 19349/6/6
f 19349/6/6 19343/6/6 19350/6/6
f 19345/10/6 19346/10/6 19351/10/6
f 19351/10/6 19346/10/6 19352/10/6
f 19353/7/6 19354/7/6 19355/7/6
f 19355/7/6 19354/7/6 19356/7/6
f 19357/7/6 19358/7/6 19361/7/6
f 19361/7/6 19358/7/6 19362/7/6
f 19359/3/6 19360/3/6 19363/3/6
f 19363/3/6 19360/3/6 19364/3/6
f 19365/7/6 19366/7/6 19368/7/6
f 19367/10/6 19368/10/6 19371/10/6
f 19368/7/6 19366/7/6 19372/7/6
f 19371/10/6 19368/10/6 19372/10/6
f 19372/7/6 19366/7/6 19373/7/6
f 19369/6/6 19370/6/6 19378/6/6
f 19370/10/6 19371/10/6 19379/10/6
f 19378/6/6 19370/6/6 19379/6/6
f 19371/10/6 19372/10/6 19379/10/6
f 19379/10/6 19372/10/6 19380/10/6
f 19374/6/6 19375/6/6 19381/6/6
f 19381/6/6 19375/6/6 19382/6/6
f 19376/6/6 19377/6/6 19383/6/6
f 19383/6/6 19377/6/6 19384/6/6
f 19385/6/6 19386/6/6 19387/6/6
f 19387/6/6 19386/6/6 19388/6/6
f 19389/6/6 19390/6/6 19391/6/6
f 19391/6/6 19390/6/6 19392/6/6
f 19393/6/6 19394/6/6 19395/6/6
f 19395/6/6 19394/6/6 19396/6/6
f 19397/6/6 19398/6/6 19399/6/6
f 19399/6/6 19398/6/6 19400/6/6
f 19401/7/6 19402/7/6 19403/7/6
f 19403/7/6 19402/7/6 19404/7/6
f 19403/4/6 19404/4/6 19405/4/6
f 19405/4/6 19404/4/6 19406/4/6
f 19405/7/6 19406/7/6 19407/7/6
f 19407/7/6 19406/7/6 19408/7/6
f 19409/7/6 19410/7/6 19411/7/6
f 19411/7/6 19410/7/6 19412/7/6
f 19413/6/6 19414/6/6 19417/6/6
f 19417/6/6 19414/6/6 19418/6/6
f 19418/6/6 19414/6/6 19419/6/6
f 19415/7/6 19416/7/6 19422/7/6
f 19422/7/6 19416/7/6 19423/7/6
f 19418/6/6 19419/6/6 19426/6/6
f 19419/6/6 19420/6/6 19426/6/6
f 19420/10/6 19421/10/6 19427/10/6
f 19426/6/6 19420/6/6 19427/6/6
f 19427/10/6 19421/10/6 19428/10/6
f 19424/6/6 19425/6/6 19429/6/6
f 19429/6/6 19425/6/6 19430/6/6
f 19431/6/6 19432/6/6 19433/6/6
f 19433/6/6 19432/6/6 19434/6/6
f 19435/6/6 19436/6/6 19437/6/6
f 19437/6/6 19436/6/6 19438/6/6
f 19439/6/6 19440/6/6 19441/6/6
f 19441/6/6 19440/6/6 19442/6/6
f 19442/6/6 19440/6/6 19443/6/6
f 19444/7/6 19445/7/6 19448/7/6
f 19448/7/6 19445/7/6 19449/7/6
f 19446/6/6 19447/6/6 19450/6/6
f 19450/6/6 19447/6/6 19451/6/6
f 19451/6/6 19452/6/6 19455/6/6
f 19455/6/6 19452/6/6 19456/6/6
f 19453/10/6 19454/10/6 19459/10/6
f 19459/10/6 19454/10/6 19460/10/6
f 19457/6/6 19458/6/6 19461/6/6
f 19461/6/6 19458/6/6 19462/6/6
f 19463/6/6 19464/6/6 19465/6/6
f 19465/6/6 19464/6/6 19466/6/6
f 19467/7/6 19468/7/6 19469/7/6
f 19469/7/6 19468/7/6 19470/7/6
f 19471/6/6 19472/6/6 19477/6/6
f 19477/6/6 19472/6/6 19478/6/6
f 19473/10/6 19474/10/6 19479/10/6
f 19479/10/6 19474/10/6 19480/10/6
f 19475/6/6 19476/6/6 19481/6/6
f 19481/6/6 19476/6/6 19482/6/6
f 19483/6/6 19484/6/6 19485/6/6
f 19485/6/6 19484/6/6 19486/6/6
f 19487/6/6 19488/6/6 19490/6/6
f 19489/6/6 19490/6/6 19493/6/6
f 19490/6/6 19488/6/6 19493/6/6
f 19493/6/6 19488/6/6 19494/6/6
f 19489/6/6 19493/6/6 19495/6/6
f 19495/6/6 19493/6/6 19496/6/6
f 19491/6/6 19492/6/6 19497/6/6
f 19497/6/6 19492/6/6 19498/6/6
f 19499/6/6 19500/6/6 19501/6/6
f 19501/6/6 19500/6/6 19502/6/6
f 19503/7/6 19504/7/6 19506/7/6
f 19504/4/6 19505/4/6 19507/4/6
f 19506/7/6 19504/7/6 19507/7/6
f 19507/4/6 19505/4/6 19508/4/6
f 19509/6/6 19510/6/6 19513/6/6
f 19513/6/6 19510/6/6 19514/6/6
f 19511/6/6 19512/6/6 19517/6/6
f 19517/6/6 19512/6/6 19518/6/6
f 19515/6/6 19516/6/6 19519/6/6
f 19519/6/6 19516/6/6 19520/6/6
f 19521/5/6 19522/5/6 19523/5/6
f 19523/5/6 19522/5/6 19524/5/6
f 19525/5/6 19526/5/6 19529/5/6
f 19529/5/6 19526/5/6 19530/5/6
f 19527/5/6 19528/5/6 19531/5/6
f 19531/5/6 19528/5/6 19532/5/6
f 19533/10/6 19534/10/6 19536/10/6
f 19534/7/6 19535/7/6 19537/7/6
f 19536/10/6 19534/10/6 19537/10/6
f 19537/7/6 19535/7/6 19538/7/6
f 19539/6/6 19540/6/6 19543/6/6
f 19543/6/6 19540/6/6 19544/6/6
f 19541/6/6 19542/6/6 19545/6/6
f 19545/6/6 19542/6/6 19546/6/6
f 19547/6/6 19548/6/6 19549/6/6
f 19549/6/6 19548/6/6 19550/6/6
f 19551/6/6 19552/6/6 19553/6/6
f 19553/6/6 19552/6/6 19554/6/6
f 19555/5/6 19556/5/6 19559/5/6
f 19559/5/6 19556/5/6 19560/5/6
f 19557/5/6 19558/5/6 19561/5/6
f 19561/5/6 19558/5/6 19562/5/6
f 19563/5/6 19564/5/6 19569/5/6
f 19569/5/6 19564/5/6 19570/5/6
f 19565/5/6 19566/5/6 19571/5/6
f 19571/5/6 19566/5/6 19572/5/6
f 19567/5/6 19568/5/6 19573/5/6
f 19573/5/6 19568/5/6 19574/5/6
f 19575/10/6 19576/10/6 19579/10/6
f 19579/10/6 19576/10/6 19580/10/6
f 19577/7/6 19578/7/6 19581/7/6
f 19581/7/6 19578/7/6 19582/7/6
f 19583/5/6 19584/5/6 19585/5/6
f 19585/5/6 19584/5/6 19586/5/6
f 19587/5/6 19588/5/6 19591/5/6
f 19591/5/6 19588/5/6 19592/5/6
f 19589/7/6 19590/7/6 19593/7/6
f 19593/7/6 19590/7/6 19594/7/6
f 19593/4/6 19594/4/6 19595/4/6
f 19595/4/6 19594/4/6 19596/4/6
f 19597/6/6 19598/6/6 19599/6/6
f 19599/6/6 19598/6/6 19600/6/6
f 19601/6/6 19602/6/6 19603/6/6
f 19603/6/6 19602/6/6 19604/6/6
f 19605/7/6 19606/7/6 19607/7/6
f 19607/7/6 19606/7/6 19608/7/6
f 19607/6/6 19608/6/6 19609/6/6
f 19609/6/6 19608/6/6 19610/6/6
f 19595/7/6 19596/7/6 19611/7/6
f 19611/7/6 19596/7/6 19612/7/6
f 19613/6/6 19614/6/6 19615/6/6
f 19615/6/6 19614/6/6 19616/6/6
f 19613/6/6 19615/6/6 19617/6/6
f 19617/6/6 19615/6/6 19618/6/6
f 19618/6/6 19615/6/6 19619/6/6
f 19619/6/6 19615/6/6 19620/6/6
f 19613/6/6 19617/6/6 19621/6/6
f 19617/10/6 19618/10/6 19621/10/6
f 19618/6/6 19619/6/6 19622/6/6
f 19621/10/6 19618/10/6 19622/10/6
f 19621/6/6 19622/6/6 19623/6/6
f 19622/6/6 19619/6/6 19623/6/6
f 19623/6/6 19619/6/6 19624/6/6
f 19621/6/6 19623/6/6 19625/6/6
f 19625/6/6 19623/6/6 19626/6/6
f 19621/6/6 19625/6/6 19627/6/6
f 19621/6/6 19627/6/6 19629/6/6
f 19627/6/6 19628/6/6 19629/6/6
f 19629/6/6 19628/6/6 19630/6/6
f 19621/6/6 19629/6/6 19631/6/6
f 19631/6/6 19629/6/6 19632/6/6
f 19621/6/6 19631/6/6 19633/6/6
f 19633/6/6 19634/6/6 19635/6/6
f 19635/6/6 19636/6/6 19637/6/6
f 19637/6/6 19638/6/6 19639/6/6
f 19639/6/6 19640/6/6 19641/6/6
f 19641/6/6 19642/6/6 19643/6/6
f 19643/6/6 19644/6/6 19645/6/6
f 19645/6/6 19646/6/6 19647/6/6
f 19647/6/6 19648/6/6 19649/6/6
f 19649/6/6 19650/6/6 19651/6/6
f 19651/6/6 19652/6/6 19653/6/6
f 19653/6/6 19654/6/6 19655/6/6
f 19653/6/6 19655/6/6 19657/6/6
f 19655/6/6 19656/6/6 19657/6/6
f 19651/6/6 19653/6/6 19657/6/6
f 19643/6/6 19645/6/6 19657/6/6
f 19641/6/6 19643/6/6 19657/6/6
f 19639/6/6 19641/6/6 19657/6/6
f 19635/6/6 19637/6/6 19657/6/6
f 19621/6/6 19633/6/6 19657/6/6
f 19633/6/6 19635/6/6 19657/6/6
f 19637/6/6 19639/6/6 19657/6/6
f 19645/6/6 19647/6/6 19657/6/6
f 19647/6/6 19649/6/6 19657/6/6
f 19649/6/6 19651/6/6 19657/6/6
f 19657/6/6 19656/6/6 19658/6/6
f 19621/6/6 19657/6/6 19659/6/6
f 19659/6/6 19657/6/6 19660/6/6
f 19658/6/6 19656/6/6 19661/6/6
f 19661/6/6 19656/6/6 19662/6/6
f 19621/6/6 19659/6/6 19663/6/6
f 19663/6/6 19659/6/6 19664/6/6
f 19613/6/6 19621/6/6 19665/6/6
f 19621/6/6 19663/6/6 19665/6/6
f 19665/6/6 19663/6/6 19666/6/6
f 19662/6/6 19656/6/6 19667/6/6
f 19667/6/6 19656/6/6 19668/6/6
f 19613/6/6 19665/6/6 19669/6/6
f 19669/6/6 19665/6/6 19670/6/6
f 19668/6/6 19656/6/6 19672/6/6
f 19613/6/6 19669/6/6 19673/6/6
f 19673/6/6 19669/6/6 19674/6/6
f 19671/6/6 19672/6/6 19675/6/6
f 19672/6/6 19656/6/6 19676/6/6
f 19675/6/6 19672/6/6 19676/6/6
