# MagicaVoxel @ Ephtracy

# group
o 

# material
mtllib AlienSpaceship0.mtl
usemtl palette

# normals
vn -1 0 0
vn 1 0 0
vn 0 0 1
vn 0 0 -1
vn 0 -1 0
vn 0 1 0

# texcoords
vt 0.916016 0.5
vt 0.919922 0.5
vt 0.923828 0.5
vt 0.931641 0.5
vt 0.990234 0.5
vt 0.994141 0.5

# verts
v -3.7 2.6 1.9
v -3.7 2.6 0.8
v -3.7 2.7 1.9
v -3.7 2.7 0.8
v -3.7 2.9 1.9
v -3.7 2.9 0.8
v -3.7 3 1.9
v -3.7 3 0.8
v -3.6 2.6 2.4
v -3.6 2.6 1.9
v -3.6 2.6 0.8
v -3.6 2.6 0.3
v -3.6 2.7 2.4
v -3.6 2.7 1.9
v -3.6 2.7 0.8
v -3.6 2.7 0.3
v -3.6 2.9 2.4
v -3.6 2.9 1.9
v -3.6 2.9 0.8
v -3.6 2.9 0.3
v -3.6 3 2.4
v -3.6 3 1.9
v -3.6 3 0.8
v -3.6 3 0.3
v -3.5 2.6 2.6
v -3.5 2.6 2.4
v -3.5 2.6 0.3
v -3.5 2.6 0.0999999
v -3.5 2.7 2.6
v -3.5 2.7 2.4
v -3.5 2.7 0.3
v -3.5 2.7 0.0999999
v -3.5 2.9 2.6
v -3.5 2.9 2.4
v -3.5 2.9 0.3
v -3.5 2.9 0.0999999
v -3.5 3 2.6
v -3.5 3 2.4
v -3.5 3 0.3
v -3.5 3 0.0999999
v -3.4 2.6 2.9
v -3.4 2.6 2.6
v -3.4 2.6 0.0999999
v -3.4 2.6 -0.2
v -3.4 2.7 2.9
v -3.4 2.7 2.6
v -3.4 2.7 0.0999999
v -3.4 2.7 -0.2
v -3.4 2.9 2.9
v -3.4 2.9 2.6
v -3.4 2.9 0.0999999
v -3.4 2.9 -0.2
v -3.4 3 2.9
v -3.4 3 2.6
v -3.4 3 0.0999999
v -3.4 3 -0.2
v -3.3 2.6 -0.2
v -3.3 2.6 -0.4
v -3.3 2.7 -0.2
v -3.3 2.7 -0.4
v -3.3 2.9 -0.2
v -3.3 2.9 -0.4
v -3.3 3 -0.2
v -3.3 3 -0.4
v -3.2 2.4 1.8
v -3.2 2.4 0.7
v -3.2 2.6 1.8
v -3.2 2.6 0.7
v -3.2 2.6 -0.4
v -3.2 2.6 -0.5
v -3.2 2.7 -0.4
v -3.2 2.7 -0.5
v -3.2 2.9 -0.4
v -3.2 2.9 -0.5
v -3.2 3 -0.4
v -3.2 3 -0.5
v -3.1 2.4 2.2
v -3.1 2.4 1.8
v -3.1 2.4 0.7
v -3.1 2.4 0.3
v -3.1 2.6 2.2
v -3.1 2.6 1.8
v -3.1 2.6 0.7
v -3.1 2.6 0.3
v -3.1 2.6 -0.5
v -3.1 2.6 -0.7
v -3.1 2.7 -0.5
v -3.1 2.7 -0.7
v -3.1 2.9 -0.5
v -3.1 2.9 -0.7
v -3.1 3 -0.5
v -3.1 3 -0.7
v -3 2.1 1.9
v -3 2.1 1.5
v -3 2.2 2
v -3 2.2 1.9
v -3 2.2 1.5
v -3 2.2 1.4
v -3 2.4 2.4
v -3 2.4 2.2
v -3 2.4 2
v -3 2.4 1.4
v -3 2.4 0.3
v -3 2.4 0.0999999
v -3 2.6 2.4
v -3 2.6 2.2
v -3 2.6 0.3
v -3 2.6 0.0999999
v -3 2.6 -0.7
v -3 2.6 -0.8
v -3 2.7 -0.7
v -3 2.7 -0.8
v -3 2.9 -0.7
v -3 2.9 -0.8
v -3 3 -0.7
v -3 3 -0.8
v -2.9 1.9 2
v -2.9 1.9 1.4
v -2.9 2 2.1
v -2.9 2 2
v -2.9 2 1.4
v -2.9 2 1.3
v -2.9 2.1 2.2
v -2.9 2.1 2.1
v -2.9 2.1 1.9
v -2.9 2.1 1.5
v -2.9 2.1 1.3
v -2.9 2.1 1.2
v -2.9 2.2 2
v -2.9 2.2 1.9
v -2.9 2.2 1.5
v -2.9 2.2 1.4
v -2.9 2.4 2.6
v -2.9 2.4 2.4
v -2.9 2.4 2.2
v -2.9 2.4 2
v -2.9 2.4 1.4
v -2.9 2.4 1.2
v -2.9 2.4 0.0999999
v -2.9 2.4 -0.1
v -2.9 2.6 2.6
v -2.9 2.6 2.4
v -2.9 2.6 0.0999999
v -2.9 2.6 -0.1
v -2.9 2.6 -0.8
v -2.9 2.6 -0.9
v -2.9 2.7 -0.8
v -2.9 2.7 -0.9
v -2.9 2.9 -0.8
v -2.9 2.9 -0.9
v -2.9 3 2
v -2.9 3 0.9
v -2.9 3 -0.8
v -2.9 3 -0.9
v -2.9 3.3 2
v -2.9 3.3 0.9
v -2.8 1.7 1.8
v -2.8 1.7 1.6
v -2.8 1.8 2.1
v -2.8 1.8 1.8
v -2.8 1.8 1.6
v -2.8 1.8 1.3
v -2.8 1.9 2.2
v -2.8 1.9 2.1
v -2.8 1.9 2
v -2.8 1.9 1.4
v -2.8 1.9 1.3
v -2.8 1.9 1.2
v -2.8 2 2.3
v -2.8 2 2.2
v -2.8 2 2.1
v -2.8 2 2
v -2.8 2 1.4
v -2.8 2 1.3
v -2.8 2 1.2
v -2.8 2 1.1
v -2.8 2.1 2.2
v -2.8 2.1 2.1
v -2.8 2.1 1.3
v -2.8 2.1 1.2
v -2.8 2.3 2.4
v -2.8 2.3 2.3
v -2.8 2.3 1.1
v -2.8 2.3 1
v -2.8 2.4 2.8
v -2.8 2.4 2.6
v -2.8 2.4 2.4
v -2.8 2.4 2.2
v -2.8 2.4 1.2
v -2.8 2.4 1
v -2.8 2.4 -0.1
v -2.8 2.4 -0.3
v -2.8 2.6 2.8
v -2.8 2.6 2.7
v -2.8 2.6 2.6
v -2.8 2.6 -0.1
v -2.8 2.6 -0.3
v -2.8 2.6 -0.9
v -2.8 2.6 -1
v -2.8 2.7 -0.9
v -2.8 2.7 -1
v -2.8 2.9 -0.9
v -2.8 2.9 -1
v -2.8 3 2.3
v -2.8 3 2
v -2.8 3 0.9
v -2.8 3 0.6
v -2.8 3 -0.9
v -2.8 3 -1
v -2.8 3.3 2.3
v -2.8 3.3 2
v -2.8 3.3 0.9
v -2.8 3.3 0.6
v -2.8 3.8 2
v -2.8 3.8 0.9
v -2.7 1.6 1.8
v -2.7 1.6 1.6
v -2.7 1.7 2.1
v -2.7 1.7 1.8
v -2.7 1.7 1.6
v -2.7 1.7 1.3
v -2.7 1.8 2.2
v -2.7 1.8 2.1
v -2.7 1.8 1.8
v -2.7 1.8 1.6
v -2.7 1.8 1.3
v -2.7 1.8 1.2
v -2.7 1.9 2.3
v -2.7 1.9 2.2
v -2.7 1.9 2.1
v -2.7 1.9 1.3
v -2.7 1.9 1.2
v -2.7 1.9 1.1
v -2.7 2 2.4
v -2.7 2 2.3
v -2.7 2 2.2
v -2.7 2 1.2
v -2.7 2 1.1
v -2.7 2 1
v -2.7 2.3 2.5
v -2.7 2.3 2.4
v -2.7 2.3 2.3
v -2.7 2.3 1.1
v -2.7 2.3 1
v -2.7 2.3 0.9
v -2.7 2.4 2.5
v -2.7 2.4 2.4
v -2.7 2.4 1
v -2.7 2.4 0.9
v -2.7 2.4 -0.3
v -2.7 2.4 -0.5
v -2.7 2.6 -0.3
v -2.7 2.6 -0.5
v -2.7 2.6 -1
v -2.7 2.6 -1.1
v -2.7 2.7 -1
v -2.7 2.7 -1.1
v -2.7 2.9 -1
v -2.7 2.9 -1.1
v -2.7 3 2.6
v -2.7 3 2.3
v -2.7 3 0.6
v -2.7 3 0.3
v -2.7 3 -1
v -2.7 3 -1.1
v -2.7 3.3 2.6
v -2.7 3.3 2.3
v -2.7 3.3 2
v -2.7 3.3 0.9
v -2.7 3.3 0.6
v -2.7 3.3 0.3
v -2.7 3.6 2.3
v -2.7 3.6 2.2
v -2.7 3.7 2.2
v -2.7 3.7 2.1
v -2.7 3.8 2.1
v -2.7 3.8 2
v -2.7 3.8 0.9
v -2.7 3.8 0.6
v -2.6 1.6 2.1
v -2.6 1.6 1.8
v -2.6 1.6 1.6
v -2.6 1.6 1.3
v -2.6 1.7 2.2
v -2.6 1.7 2.1
v -2.6 1.7 1.8
v -2.6 1.7 1.6
v -2.6 1.7 1.3
v -2.6 1.7 1.2
v -2.6 1.8 2.3
v -2.6 1.8 2.2
v -2.6 1.8 2.1
v -2.6 1.8 1.3
v -2.6 1.8 1.2
v -2.6 1.8 1.1
v -2.6 1.9 2.4
v -2.6 1.9 2.3
v -2.6 1.9 2.2
v -2.6 1.9 1.2
v -2.6 1.9 1.1
v -2.6 1.9 1
v -2.6 2 2.5
v -2.6 2 2.4
v -2.6 2 2.3
v -2.6 2 1.1
v -2.6 2 1
v -2.6 2 0.9
v -2.6 2.3 2.5
v -2.6 2.3 2.4
v -2.6 2.3 1
v -2.6 2.3 0.9
v -2.6 2.4 -0.5
v -2.6 2.4 -0.6
v -2.6 2.6 2.8
v -2.6 2.6 2.7
v -2.6 2.6 -0.5
v -2.6 2.6 -0.6
v -2.6 2.6 -1.1
v -2.6 2.6 -1.2
v -2.6 2.7 2.8
v -2.6 2.7 2.7
v -2.6 2.7 -1.1
v -2.6 2.7 -1.2
v -2.6 2.9 -1.1
v -2.6 2.9 -1.2
v -2.6 3 2.7
v -2.6 3 2.6
v -2.6 3 0.3
v -2.6 3 0.0999999
v -2.6 3 -1.1
v -2.6 3 -1.2
v -2.6 3.1 2.8
v -2.6 3.1 2.7
v -2.6 3.2 2.8
v -2.6 3.2 2.7
v -2.6 3.3 2.7
v -2.6 3.3 2.6
v -2.6 3.3 2.3
v -2.6 3.3 0.6
v -2.6 3.3 0.3
v -2.6 3.3 0.0999999
v -2.6 3.4 2.6
v -2.6 3.4 2.4
v -2.6 3.4 2.3
v -2.6 3.5 2.4
v -2.6 3.5 2.3
v -2.6 3.8 1.9
v -2.6 3.8 1
v -2.6 3.8 0.6
v -2.6 3.8 0.3
v -2.6 3.9 1.9
v -2.6 3.9 1.8
v -2.6 4.1 1.8
v -2.6 4.1 1
v -2.5 1.5 2
v -2.5 1.5 1.4
v -2.5 1.6 2.2
v -2.5 1.6 2.1
v -2.5 1.6 2
v -2.5 1.6 1.4
v -2.5 1.6 1.3
v -2.5 1.6 1.2
v -2.5 1.7 2.3
v -2.5 1.7 2.2
v -2.5 1.7 2.1
v -2.5 1.7 1.3
v -2.5 1.7 1.2
v -2.5 1.7 1.1
v -2.5 1.8 2.4
v -2.5 1.8 2.3
v -2.5 1.8 2.2
v -2.5 1.8 1.2
v -2.5 1.8 1.1
v -2.5 1.8 1
v -2.5 1.9 2.5
v -2.5 1.9 2.4
v -2.5 1.9 2.3
v -2.5 1.9 1.1
v -2.5 1.9 1
v -2.5 1.9 0.9
v -2.5 2 2.5
v -2.5 2 2.4
v -2.5 2 1
v -2.5 2 0.9
v -2.5 2.1 2.6
v -2.5 2.1 2.5
v -2.5 2.1 0.9
v -2.5 2.1 0.8
v -2.5 2.4 2.9
v -2.5 2.4 2.8
v -2.5 2.4 2.6
v -2.5 2.4 2.5
v -2.5 2.4 0.9
v -2.5 2.4 0.8
v -2.5 2.4 -0.6
v -2.5 2.4 -0.7
v -2.5 2.5 2.9
v -2.5 2.5 2.8
v -2.5 2.6 -0.6
v -2.5 2.6 -0.7
v -2.5 2.6 -1.2
v -2.5 2.6 -1.3
v -2.5 2.7 2.8
v -2.5 2.7 2.7
v -2.5 2.7 -1.2
v -2.5 2.7 -1.3
v -2.5 2.8 3
v -2.5 2.8 2.8
v -2.5 2.9 -1.2
v -2.5 2.9 -1.3
v -2.5 3 0.0999999
v -2.5 3 0
v -2.5 3 -1.2
v -2.5 3 -1.3
v -2.5 3.1 3
v -2.5 3.1 2.9
v -2.5 3.1 2.8
v -2.5 3.1 2.7
v -2.5 3.2 2.9
v -2.5 3.2 2.8
v -2.5 3.3 2.7
v -2.5 3.3 2.6
v -2.5 3.3 0.3
v -2.5 3.3 0.2
v -2.5 3.3 0.0999999
v -2.5 3.3 0
v -2.5 3.4 2.7
v -2.5 3.4 2.6
v -2.5 3.4 2.4
v -2.5 3.5 2.6
v -2.5 3.5 2.4
v -2.5 3.5 2.3
v -2.5 3.6 2.4
v -2.5 3.6 2.3
v -2.5 3.6 2.2
v -2.5 3.7 2.3
v -2.5 3.7 2.2
v -2.5 3.7 2.1
v -2.5 3.7 2
v -2.5 3.8 2.2
v -2.5 3.8 2
v -2.5 3.8 1
v -2.5 3.8 0.6
v -2.5 3.8 0.3
v -2.5 3.8 0.2
v -2.5 4.1 1
v -2.5 4.1 0.6
v -2.4 1.5 2.1
v -2.4 1.5 2
v -2.4 1.5 1.4
v -2.4 1.5 1.3
v -2.4 1.6 2.3
v -2.4 1.6 2.2
v -2.4 1.6 2.1
v -2.4 1.6 2
v -2.4 1.6 1.4
v -2.4 1.6 1.3
v -2.4 1.6 1.2
v -2.4 1.6 1.1
v -2.4 1.7 2.4
v -2.4 1.7 2.3
v -2.4 1.7 2.2
v -2.4 1.7 1.2
v -2.4 1.7 1.1
v -2.4 1.7 1
v -2.4 1.8 2.5
v -2.4 1.8 2.4
v -2.4 1.8 2.3
v -2.4 1.8 1.1
v -2.4 1.8 1
v -2.4 1.8 0.9
v -2.4 1.9 2.5
v -2.4 1.9 2.4
v -2.4 1.9 1
v -2.4 1.9 0.9
v -2.4 2 2.6
v -2.4 2 2.5
v -2.4 2 0.9
v -2.4 2 0.8
v -2.4 2.1 2.6
v -2.4 2.1 2.5
v -2.4 2.1 0.9
v -2.4 2.1 0.8
v -2.4 2.4 -0.7
v -2.4 2.4 -0.8
v -2.4 2.5 2.9
v -2.4 2.5 2.8
v -2.4 2.6 2.9
v -2.4 2.6 2.8
v -2.4 2.6 -0.7
v -2.4 2.6 -0.8
v -2.4 2.6 -1.3
v -2.4 2.6 -1.4
v -2.4 2.7 3
v -2.4 2.7 2.8
v -2.4 2.7 -1.3
v -2.4 2.7 -1.4
v -2.4 2.8 3.1
v -2.4 2.8 3
v -2.4 2.8 2.8
v -2.4 2.9 -1.3
v -2.4 2.9 -1.4
v -2.4 3 0
v -2.4 3 -0.2
v -2.4 3 -1.3
v -2.4 3 -1.4
v -2.4 3.1 3.1
v -2.4 3.1 3
v -2.4 3.1 2.9
v -2.4 3.2 3
v -2.4 3.2 2.9
v -2.4 3.2 2.7
v -2.4 3.3 2.9
v -2.4 3.3 2.7
v -2.4 3.3 0.2
v -2.4 3.3 0
v -2.4 3.3 -0.2
v -2.4 3.8 2
v -2.4 3.8 1.9
v -2.4 3.8 1.8
v -2.4 3.8 0.6
v -2.4 3.8 0.4
v -2.4 3.8 0.2
v -2.4 3.8 0
v -2.4 3.9 2
v -2.4 3.9 1.8
v -2.4 4.1 0.6
v -2.4 4.1 0.4
v -2.3 1.4 1.9
v -2.3 1.4 1.5
v -2.3 1.5 2.2
v -2.3 1.5 2.1
v -2.3 1.5 1.9
v -2.3 1.5 1.5
v -2.3 1.5 1.3
v -2.3 1.5 1.2
v -2.3 1.6 2.2
v -2.3 1.6 2.1
v -2.3 1.6 1.3
v -2.3 1.6 1.2
v -2.3 1.9 2.6
v -2.3 1.9 2.5
v -2.3 1.9 0.9
v -2.3 1.9 0.8
v -2.3 2 2.6
v -2.3 2 2.5
v -2.3 2 0.9
v -2.3 2 0.8
v -2.3 2.2 2.7
v -2.3 2.2 2.6
v -2.3 2.2 0.8
v -2.3 2.2 0.7
v -2.3 2.4 3
v -2.3 2.4 2.9
v -2.3 2.4 2.7
v -2.3 2.4 2.6
v -2.3 2.4 0.8
v -2.3 2.4 0.7
v -2.3 2.4 -0.8
v -2.3 2.4 -0.9
v -2.3 2.5 3
v -2.3 2.5 2.9
v -2.3 2.6 2.9
v -2.3 2.6 2.8
v -2.3 2.6 -0.8
v -2.3 2.6 -0.9
v -2.3 2.6 -1.4
v -2.3 2.6 -1.5
v -2.3 2.7 3.1
v -2.3 2.7 3
v -2.3 2.7 2.9
v -2.3 2.7 2.8
v -2.3 2.7 -1.4
v -2.3 2.7 -1.5
v -2.3 2.8 3.1
v -2.3 2.8 3
v -2.3 2.9 -1.4
v -2.3 2.9 -1.5
v -2.3 3 -0.2
v -2.3 3 -0.3
v -2.3 3 -1.4
v -2.3 3 -1.5
v -2.3 3.3 0
v -2.3 3.3 -0.1
v -2.3 3.3 -0.2
v -2.3 3.3 -0.3
v -2.3 3.8 0.4
v -2.3 3.8 0.2
v -2.3 3.8 0
v -2.3 3.8 -0.1
v -2.3 3.9 1.9
v -2.3 3.9 1.7
v -2.3 4 1.9
v -2.3 4 1.7
v -2.3 4.1 0.4
v -2.3 4.1 0.2
v -2.2 1.4 2
v -2.2 1.4 1.9
v -2.2 1.4 1.5
v -2.2 1.4 1.4
v -2.2 1.5 2
v -2.2 1.5 1.9
v -2.2 1.5 1.5
v -2.2 1.5 1.4
v -2.2 2.1 2.7
v -2.2 2.1 2.6
v -2.2 2.1 0.8
v -2.2 2.1 0.7
v -2.2 2.2 2.7
v -2.2 2.2 2.6
v -2.2 2.2 0.8
v -2.2 2.2 0.7
v -2.2 2.4 3.1
v -2.2 2.4 3
v -2.2 2.4 -0.9
v -2.2 2.4 -1
v -2.2 2.5 3.1
v -2.2 2.5 3
v -2.2 2.5 2.9
v -2.2 2.6 3.1
v -2.2 2.6 3
v -2.2 2.6 -0.9
v -2.2 2.6 -1
v -2.2 2.7 3.2
v -2.2 2.7 3.1
v -2.2 2.7 3
v -2.2 2.7 2.9
v -2.2 3 3.2
v -2.2 3 3.1
v -2.2 3 -0.3
v -2.2 3 -0.4
v -2.2 3.3 -0.1
v -2.2 3.3 -0.3
v -2.2 3.3 -0.4
v -2.2 3.8 0.2
v -2.2 3.8 0.0999999
v -2.2 3.8 -0.1
v -2.2 3.8 -0.3
v -2.2 4.1 1.5
v -2.2 4.1 1
v -2.2 4.1 0.2
v -2.2 4.1 0.0999999
v -2.2 4.3 1.5
v -2.2 4.3 1
v -2.1 1.6 2.4
v -2.1 1.6 2.3
v -2.1 1.6 1.1
v -2.1 1.6 1
v -2.1 1.7 2.5
v -2.1 1.7 2.4
v -2.1 1.7 2.3
v -2.1 1.7 1.1
v -2.1 1.7 1
v -2.1 1.7 0.9
v -2.1 1.8 2.5
v -2.1 1.8 2.4
v -2.1 1.8 1
v -2.1 1.8 0.9
v -2.1 2.4 3.2
v -2.1 2.4 3.1
v -2.1 2.4 -1
v -2.1 2.4 -1.1
v -2.1 2.5 3.2
v -2.1 2.5 3.1
v -2.1 2.5 3
v -2.1 2.6 3.2
v -2.1 2.6 3.1
v -2.1 2.6 3
v -2.1 2.6 -1
v -2.1 2.6 -1.1
v -2.1 2.6 -1.5
v -2.1 2.6 -1.6
v -2.1 2.7 3.3
v -2.1 2.7 3.2
v -2.1 2.7 3.1
v -2.1 2.7 -1.5
v -2.1 2.7 -1.6
v -2.1 2.9 -1.5
v -2.1 2.9 -1.6
v -2.1 3 3.3
v -2.1 3 3.2
v -2.1 3 3.1
v -2.1 3 -0.4
v -2.1 3 -0.5
v -2.1 3 -1.5
v -2.1 3 -1.6
v -2.1 3.1 3.2
v -2.1 3.1 3.1
v -2.1 3.3 -0.3
v -2.1 3.3 -0.4
v -2.1 3.3 -0.5
v -2.1 3.4 2.7
v -2.1 3.4 2.6
v -2.1 3.5 2.7
v -2.1 3.5 2.6
v -2.1 3.5 2.4
v -2.1 3.6 2.6
v -2.1 3.6 2.4
v -2.1 3.8 0.0999999
v -2.1 3.8 -0.1
v -2.1 3.8 -0.3
v -2.1 3.8 -0.4
v -2.1 4 1.6
v -2.1 4 1.5
v -2.1 4.1 1.6
v -2.1 4.1 1.5
v -2.1 4.1 1
v -2.1 4.1 0.7
v -2.1 4.1 0.0999999
v -2.1 4.1 -0.1
v -2.1 4.3 1
v -2.1 4.3 0.7
v -2 2.4 3.4
v -2 2.4 3.2
v -2 2.4 -1.1
v -2 2.4 -1.2
v -2 2.5 3.4
v -2 2.5 3.3
v -2 2.5 3.2
v -2 2.5 3.1
v -2 2.6 3.3
v -2 2.6 3.2
v -2 2.6 3.1
v -2 2.6 -1.1
v -2 2.6 -1.2
v -2 2.6 -1.6
v -2 2.6 -1.7
v -2 2.7 -1.6
v -2 2.7 -1.7
v -2 2.9 -1.6
v -2 2.9 -1.7
v -2 3 -0.5
v -2 3 -0.6
v -2 3 -1.6
v -2 3 -1.7
v -2 3.1 3.1
v -2 3.1 3
v -2 3.2 3.1
v -2 3.2 3
v -2 3.2 2.9
v -2 3.3 3
v -2 3.3 2.9
v -2 3.3 2.7
v -2 3.3 -0.4
v -2 3.3 -0.5
v -2 3.3 -0.6
v -2 3.4 2.9
v -2 3.4 2.7
v -2 3.4 1.7
v -2 3.4 1.5
v -2 3.5 2.7
v -2 3.5 2.6
v -2 3.5 1.7
v -2 3.5 1.5
v -2 3.6 2.7
v -2 3.6 2.6
v -2 3.6 2.3
v -2 3.7 2.6
v -2 3.7 2.3
v -2 3.8 -0.1
v -2 3.8 -0.2
v -2 3.8 -0.4
v -2 3.8 -0.5
v -2 4.1 0.7
v -2 4.1 0.5
v -2 4.1 -0.1
v -2 4.1 -0.2
v -2 4.3 0.7
v -2 4.3 0.5
v -1.9 2.4 3.5
v -1.9 2.4 3.4
v -1.9 2.5 3.5
v -1.9 2.5 3.4
v -1.9 2.5 3.3
v -1.9 2.6 3.3
v -1.9 2.6 3.2
v -1.9 2.7 3.4
v -1.9 2.7 3.3
v -1.9 2.7 3.2
v -1.9 3 3.4
v -1.9 3 3.3
v -1.9 3 3.2
v -1.9 3 -0.6
v -1.9 3 -0.7
v -1.9 3.1 3.3
v -1.9 3.1 3.2
v -1.9 3.1 3.1
v -1.9 3.2 3.2
v -1.9 3.2 3.1
v -1.9 3.3 -0.6
v -1.9 3.3 -0.7
v -1.9 3.4 1.5
v -1.9 3.4 1.4
v -1.9 3.5 1.5
v -1.9 3.5 1.4
v -1.9 3.8 -0.2
v -1.9 3.8 -0.3
v -1.9 4.1 0.5
v -1.9 4.1 0.4
v -1.9 4.1 -0.2
v -1.9 4.1 -0.3
v -1.9 4.3 0.5
v -1.9 4.3 0.4
v -1.8 2.4 -1.2
v -1.8 2.4 -1.3
v -1.8 2.6 -1.2
v -1.8 2.6 -1.3
v -1.8 2.6 -1.7
v -1.8 2.6 -1.8
v -1.8 2.7 -1.7
v -1.8 2.7 -1.8
v -1.8 2.9 -1.7
v -1.8 2.9 -1.8
v -1.8 3 -1.7
v -1.8 3 -1.8
v -1.8 3.3 -0.5
v -1.8 3.3 -0.6
v -1.8 3.6 2.7
v -1.8 3.6 2.6
v -1.8 3.7 2.7
v -1.8 3.7 2.6
v -1.8 3.7 -0.5
v -1.8 3.7 -0.6
v -1.8 3.8 -0.3
v -1.8 3.8 -0.4
v -1.8 3.8 -0.5
v -1.8 3.8 -0.6
v -1.8 4 1.7
v -1.8 4 1.6
v -1.8 4.1 1.7
v -1.8 4.1 1.6
v -1.8 4.1 0.4
v -1.8 4.1 0.3
v -1.8 4.1 -0.3
v -1.8 4.1 -0.4
v -1.8 4.3 0.4
v -1.8 4.3 0.3
v -1.7 2.5 3.5
v -1.7 2.5 3.4
v -1.7 2.6 3.5
v -1.7 2.6 3.4
v -1.7 3 -0.7
v -1.7 3 -0.8
v -1.7 3.3 -0.6
v -1.7 3.3 -0.7
v -1.7 3.3 -0.8
v -1.7 3.4 2.8
v -1.7 3.4 2.7
v -1.7 3.6 -0.6
v -1.7 3.6 -0.7
v -1.7 3.7 2.8
v -1.7 3.7 2.7
v -1.7 3.7 2.4
v -1.7 3.7 -0.6
v -1.7 3.8 2.7
v -1.7 3.8 2.4
v -1.7 3.8 -0.6
v -1.7 3.8 -0.7
v -1.7 4.1 0.3
v -1.7 4.1 0.2
v -1.7 4.3 0.3
v -1.7 4.3 0.2
v -1.6 2.4 3.6
v -1.6 2.4 3.5
v -1.6 2.4 -1.3
v -1.6 2.4 -1.4
v -1.6 2.5 3.6
v -1.6 2.5 3.5
v -1.6 2.6 3.5
v -1.6 2.6 3.4
v -1.6 2.6 -1.3
v -1.6 2.6 -1.4
v -1.6 2.7 3.5
v -1.6 2.7 3.4
v -1.6 3 -0.8
v -1.6 3 -0.9
v -1.6 3.2 3
v -1.6 3.2 2.9
v -1.6 3.3 -0.8
v -1.6 3.3 -0.9
v -1.6 3.4 3
v -1.6 3.4 2.9
v -1.6 3.4 2.8
v -1.6 3.5 2.2
v -1.6 3.5 2.1
v -1.6 3.6 2.2
v -1.6 3.6 2.1
v -1.6 3.7 2.9
v -1.6 3.7 2.8
v -1.6 3.7 2.7
v -1.6 3.8 2.8
v -1.6 3.8 2.7
v -1.6 3.8 -0.4
v -1.6 3.8 -0.5
v -1.6 4.1 0.2
v -1.6 4.1 0.0999999
v -1.6 4.1 -0.4
v -1.6 4.1 -0.5
v -1.6 4.3 0.2
v -1.6 4.3 0.0999999
v -1.5 2.1 -0.3
v -1.5 2.1 -0.7
v -1.5 2.2 -0.2
v -1.5 2.2 -0.3
v -1.5 2.2 -0.7
v -1.5 2.2 -0.8
v -1.5 2.4 -0.2
v -1.5 2.4 -0.8
v -1.5 2.6 -1.8
v -1.5 2.6 -1.9
v -1.5 2.7 -1.8
v -1.5 2.7 -1.9
v -1.5 2.9 -1.8
v -1.5 2.9 -1.9
v -1.5 3 -1.8
v -1.5 3 -1.9
v -1.5 3.3 -0.7
v -1.5 3.3 -0.8
v -1.5 3.6 -0.7
v -1.5 3.8 -0.5
v -1.5 3.8 -0.6
v -1.5 3.8 -0.7
v -1.5 3.8 -0.8
v -1.5 4.1 0.0999999
v -1.5 4.1 0
v -1.5 4.1 -0.5
v -1.5 4.1 -0.6
v -1.5 4.3 0.0999999
v -1.5 4.3 0
v -1.4 1.9 -0.2
v -1.4 1.9 -0.8
v -1.4 2 -0.1
v -1.4 2 -0.2
v -1.4 2 -0.8
v -1.4 2 -0.9
v -1.4 2.1 0
v -1.4 2.1 -0.1
v -1.4 2.1 -0.3
v -1.4 2.1 -0.7
v -1.4 2.1 -0.9
v -1.4 2.1 -1
v -1.4 2.2 -0.2
v -1.4 2.2 -0.3
v -1.4 2.2 -0.7
v -1.4 2.2 -0.8
v -1.4 2.4 0
v -1.4 2.4 -0.2
v -1.4 2.4 -0.8
v -1.4 2.4 -1
v -1.4 2.4 -1.4
v -1.4 2.4 -1.5
v -1.4 2.6 -1.4
v -1.4 2.6 -1.5
v -1.4 2.7 3.5
v -1.4 2.7 3.4
v -1.4 3 3.5
v -1.4 3 3.4
v -1.4 3 3.3
v -1.4 3 -0.9
v -1.4 3 -1
v -1.4 3.1 3.3
v -1.4 3.1 3.2
v -1.4 3.2 3.4
v -1.4 3.2 3.2
v -1.4 3.2 3
v -1.4 3.3 3.2
v -1.4 3.3 3.1
v -1.4 3.3 -0.8
v -1.4 3.3 -0.9
v -1.4 3.3 -1
v -1.4 3.4 3.1
v -1.4 3.4 3
v -1.4 3.4 2.9
v -1.4 3.5 3
v -1.4 3.5 2.9
v -1.4 3.6 2.1
v -1.4 3.6 2
v -1.4 3.7 2.9
v -1.4 3.7 2.8
v -1.4 3.7 2
v -1.4 3.7 1.8
v -1.4 3.8 2.9
v -1.4 3.8 2.8
v -1.4 3.8 2.5
v -1.4 3.8 2.1
v -1.4 3.8 1.8
v -1.4 3.8 -0.8
v -1.4 3.8 -0.9
v -1.4 3.9 2.8
v -1.4 3.9 2.5
v -1.4 4.1 0
v -1.4 4.1 -0.1
v -1.4 4.3 1.1
v -1.4 4.3 0.9
v -1.4 4.3 0
v -1.4 4.3 -0.1
v -1.4 4.5 1.1
v -1.4 4.5 0.9
v -1.3 1.7 -0.4
v -1.3 1.7 -0.6
v -1.3 1.8 -0.1
v -1.3 1.8 -0.4
v -1.3 1.8 -0.6
v -1.3 1.8 -0.9
v -1.3 1.9 0
v -1.3 1.9 -0.1
v -1.3 1.9 -0.2
v -1.3 1.9 -0.8
v -1.3 1.9 -0.9
v -1.3 1.9 -1
v -1.3 2 0.0999999
v -1.3 2 0
v -1.3 2 -0.1
v -1.3 2 -0.2
v -1.3 2 -0.8
v -1.3 2 -0.9
v -1.3 2 -1
v -1.3 2 -1.1
v -1.3 2.1 0
v -1.3 2.1 -0.1
v -1.3 2.1 -0.9
v -1.3 2.1 -1
v -1.3 2.3 0.2
v -1.3 2.3 0.0999999
v -1.3 2.3 -1.1
v -1.3 2.3 -1.2
v -1.3 2.4 0.2
v -1.3 2.4 0
v -1.3 2.4 -1
v -1.3 2.4 -1.2
v -1.3 2.6 -1.9
v -1.3 2.6 -2
v -1.3 2.7 -1.9
v -1.3 2.7 -2
v -1.3 2.9 -1.9
v -1.3 2.9 -2
v -1.3 3 3.5
v -1.3 3 3.4
v -1.3 3 -1.9
v -1.3 3 -2
v -1.3 3.2 3.5
v -1.3 3.2 3.4
v -1.3 3.2 3.2
v -1.3 3.3 3.4
v -1.3 3.3 3.2
v -1.3 3.6 2.4
v -1.3 3.6 2.3
v -1.3 3.6 2.2
v -1.3 3.6 2.1
v -1.3 3.7 1.8
v -1.3 3.7 1.7
v -1.3 3.8 2.5
v -1.3 3.8 2.4
v -1.3 3.8 2.3
v -1.3 3.8 2.2
v -1.3 3.8 2.1
v -1.3 3.8 1.8
v -1.3 3.8 1.7
v -1.3 3.8 -0.6
v -1.3 3.8 -0.7
v -1.3 3.9 2.5
v -1.3 3.9 2.4
v -1.3 3.9 2.1
v -1.3 3.9 1.8
v -1.3 4 1.5
v -1.3 4 1.4
v -1.3 4.1 1.5
v -1.3 4.1 1.4
v -1.3 4.1 1.1
v -1.3 4.1 -0.6
v -1.3 4.1 -0.7
v -1.3 4.2 1.4
v -1.3 4.2 1.1
v -1.3 4.3 0.9
v -1.3 4.3 0.8
v -1.3 4.5 0.9
v -1.3 4.5 0.8
v -1.2 1.6 -0.4
v -1.2 1.6 -0.6
v -1.2 1.7 -0.1
v -1.2 1.7 -0.4
v -1.2 1.7 -0.6
v -1.2 1.7 -0.9
v -1.2 1.8 0
v -1.2 1.8 -0.1
v -1.2 1.8 -0.4
v -1.2 1.8 -0.6
v -1.2 1.8 -0.9
v -1.2 1.8 -1
v -1.2 1.9 0.0999999
v -1.2 1.9 0
v -1.2 1.9 -0.1
v -1.2 1.9 -0.9
v -1.2 1.9 -1
v -1.2 1.9 -1.1
v -1.2 2 0.2
v -1.2 2 0.0999999
v -1.2 2 0
v -1.2 2 -1
v -1.2 2 -1.1
v -1.2 2 -1.2
v -1.2 2.1 3.5
v -1.2 2.1 3.1
v -1.2 2.2 3.1
v -1.2 2.2 3
v -1.2 2.3 3.5
v -1.2 2.3 3.4
v -1.2 2.3 0.3
v -1.2 2.3 0.2
v -1.2 2.3 0.0999999
v -1.2 2.3 -1.1
v -1.2 2.3 -1.2
v -1.2 2.3 -1.3
v -1.2 2.4 3.5
v -1.2 2.4 3.4
v -1.2 2.4 3
v -1.2 2.4 0.3
v -1.2 2.4 0.2
v -1.2 2.4 -1.2
v -1.2 2.4 -1.3
v -1.2 2.4 -1.5
v -1.2 2.4 -1.6
v -1.2 2.6 3.4
v -1.2 2.6 -1.5
v -1.2 2.6 -1.6
v -1.2 2.7 3.5
v -1.2 2.7 3.4
v -1.2 3.8 2.9
v -1.2 3.8 2.8
v -1.2 3.9 2.8
v -1.2 3.9 2.6
v -1.2 4 2.9
v -1.2 4 2.6
v -1.2 4.1 -0.1
v -1.2 4.1 -0.2
v -1.2 4.2 -0.1
v -1.2 4.2 -0.2
v -1.2 4.3 0.8
v -1.2 4.3 0.7
v -1.2 4.3 -0.1
v -1.2 4.3 -0.2
v -1.2 4.5 0.8
v -1.2 4.5 0.7
v -1.1 1.6 -0.1
v -1.1 1.6 -0.4
v -1.1 1.6 -0.6
v -1.1 1.6 -0.9
v -1.1 1.7 0
v -1.1 1.7 -0.1
v -1.1 1.7 -0.4
v -1.1 1.7 -0.6
v -1.1 1.7 -0.9
v -1.1 1.7 -1
v -1.1 1.8 0.0999999
v -1.1 1.8 0
v -1.1 1.8 -0.1
v -1.1 1.8 -0.9
v -1.1 1.8 -1
v -1.1 1.8 -1.1
v -1.1 1.9 3.6
v -1.1 1.9 3
v -1.1 1.9 0.2
v -1.1 1.9 0.0999999
v -1.1 1.9 0
v -1.1 1.9 -1
v -1.1 1.9 -1.1
v -1.1 1.9 -1.2
v -1.1 2 3.7
v -1.1 2 3.6
v -1.1 2 3
v -1.1 2 2.9
v -1.1 2 0.3
v -1.1 2 0.2
v -1.1 2 0.0999999
v -1.1 2 -1.1
v -1.1 2 -1.2
v -1.1 2 -1.3
v -1.1 2.1 3.7
v -1.1 2.1 3.6
v -1.1 2.1 3.5
v -1.1 2.1 3.1
v -1.1 2.1 2.9
v -1.1 2.1 2.8
v -1.1 2.2 3.6
v -1.1 2.2 3.5
v -1.1 2.2 3.1
v -1.1 2.2 3
v -1.1 2.3 3.5
v -1.1 2.3 3.4
v -1.1 2.3 0.3
v -1.1 2.3 0.2
v -1.1 2.3 -1.2
v -1.1 2.3 -1.3
v -1.1 2.4 3.6
v -1.1 2.4 3.5
v -1.1 2.4 3.4
v -1.1 2.4 3
v -1.1 2.4 2.9
v -1.1 2.4 2.8
v -1.1 2.7 3.6
v -1.1 2.7 3.5
v -1.1 3 -1
v -1.1 3 -1.1
v -1.1 3.3 3.3
v -1.1 3.3 3.1
v -1.1 3.3 -0.9
v -1.1 3.3 -1
v -1.1 3.3 -1.1
v -1.1 3.4 3.1
v -1.1 3.4 3
v -1.1 3.5 3
v -1.1 3.6 3.3
v -1.1 3.6 3
v -1.1 3.6 2.3
v -1.1 3.6 2.2
v -1.1 3.7 3
v -1.1 3.7 2.9
v -1.1 3.7 2.3
v -1.1 3.7 2.2
v -1.1 3.8 -0.7
v -1.1 3.8 -0.8
v -1.1 3.8 -0.9
v -1.1 3.8 -1
v -1.1 3.9 2.6
v -1.1 3.9 2.5
v -1.1 4 2.9
v -1.1 4 2.6
v -1.1 4 2.5
v -1.1 4.1 2.7
v -1.1 4.1 2.6
v -1.1 4.1 1.5
v -1.1 4.1 1.4
v -1.1 4.1 -0.7
v -1.1 4.1 -0.8
v -1.1 4.2 3
v -1.1 4.2 2.7
v -1.1 4.2 1.5
v -1.1 4.2 1.4
v -1.1 4.2 1.1
v -1.1 4.3 1.4
v -1.1 4.3 1.1
v -1.1 4.3 0.7
v -1.1 4.3 0.6
v -1.1 4.5 0.7
v -1.1 4.5 0.6
v -1 1.5 -0.2
v -1 1.5 -0.8
v -1 1.6 0
v -1 1.6 -0.1
v -1 1.6 -0.2
v -1 1.6 -0.8
v -1 1.6 -0.9
v -1 1.6 -1
v -1 1.7 3.4
v -1 1.7 3.2
v -1 1.7 0.0999999
v -1 1.7 0
v -1 1.7 -0.1
v -1 1.7 -0.9
v -1 1.7 -1
v -1 1.7 -1.1
v -1 1.8 3.5
v -1 1.8 3.4
v -1 1.8 3.2
v -1 1.8 2.9
v -1 1.8 0.2
v -1 1.8 0.0999999
v -1 1.8 0
v -1 1.8 -1
v -1 1.8 -1.1
v -1 1.8 -1.2
v -1 1.9 3.5
v -1 1.9 3
v -1 1.9 2.9
v -1 1.9 2.8
v -1 1.9 0.3
v -1 1.9 0.2
v -1 1.9 0.0999999
v -1 1.9 -1.1
v -1 1.9 -1.2
v -1 1.9 -1.3
v -1 2 3
v -1 2 2.9
v -1 2 2.8
v -1 2 2.7
v -1 2 0.3
v -1 2 0.2
v -1 2 -1.2
v -1 2 -1.3
v -1 2.1 2.9
v -1 2.1 2.8
v -1 2.1 0.4
v -1 2.1 0.3
v -1 2.1 -1.3
v -1 2.1 -1.4
v -1 2.3 2.7
v -1 2.3 2.6
v -1 2.4 2.8
v -1 2.4 2.6
v -1 2.4 0.4
v -1 2.4 0.3
v -1 2.4 -1.3
v -1 2.4 -1.4
v -1 3.3 3.4
v -1 3.3 3.3
v -1 3.4 3
v -1 3.4 2.8
v -1 3.5 2.9
v -1 3.5 2.8
v -1 3.6 3.4
v -1 3.6 3.3
v -1 3.6 3
v -1 3.7 3
v -1 3.7 2.9
v -1 3.8 3.3
v -1 3.8 3.1
v -1 3.8 1.7
v -1 3.8 1.5
v -1 3.9 2.5
v -1 3.9 2.4
v -1 3.9 1.7
v -1 3.9 1.5
v -1 4 2.6
v -1 4 2.5
v -1 4 2.4
v -1 4.1 2.7
v -1 4.1 2.6
v -1 4.1 2.5
v -1 4.2 3.1
v -1 4.2 3
v -1 4.2 2.7
v -1 4.2 2.6
v -1 4.3 3
v -1 4.3 2.7
v -1 4.3 1.2
v -1 4.3 1.1
v -1 4.3 0.6
v -1 4.3 0.5
v -1 4.5 1.2
v -1 4.5 1.1
v -1 4.5 0.6
v -1 4.5 0.5
v -0.9 1.5 -0.1
v -0.9 1.5 -0.2
v -0.9 1.5 -0.8
v -0.9 1.5 -0.9
v -0.9 1.6 3.4
v -0.9 1.6 3.2
v -0.9 1.6 0.0999999
v -0.9 1.6 0
v -0.9 1.6 -0.1
v -0.9 1.6 -0.2
v -0.9 1.6 -0.8
v -0.9 1.6 -0.9
v -0.9 1.6 -1
v -0.9 1.6 -1.1
v -0.9 1.7 3.4
v -0.9 1.7 3.2
v -0.9 1.7 2.9
v -0.9 1.7 0.2
v -0.9 1.7 0.0999999
v -0.9 1.7 0
v -0.9 1.7 -1
v -0.9 1.7 -1.1
v -0.9 1.7 -1.2
v -0.9 1.8 3.2
v -0.9 1.8 2.9
v -0.9 1.8 2.8
v -0.9 1.8 0.3
v -0.9 1.8 0.2
v -0.9 1.8 0.0999999
v -0.9 1.8 -1.1
v -0.9 1.8 -1.2
v -0.9 1.8 -1.3
v -0.9 1.9 2.9
v -0.9 1.9 2.8
v -0.9 1.9 2.7
v -0.9 1.9 0.3
v -0.9 1.9 0.2
v -0.9 1.9 -1.2
v -0.9 1.9 -1.3
v -0.9 2 2.8
v -0.9 2 2.7
v -0.9 2 2.6
v -0.9 2 0.4
v -0.9 2 0.3
v -0.9 2 -1.3
v -0.9 2 -1.4
v -0.9 2.1 0.4
v -0.9 2.1 0.3
v -0.9 2.1 -1.3
v -0.9 2.1 -1.4
v -0.9 2.3 3.6
v -0.9 2.3 3.5
v -0.9 2.3 2.7
v -0.9 2.3 2.6
v -0.9 2.3 2.5
v -0.9 2.4 3.6
v -0.9 2.4 3.5
v -0.9 2.4 2.6
v -0.9 2.4 2.5
v -0.9 3.2 3.5
v -0.9 3.2 3.4
v -0.9 3.5 3.5
v -0.9 3.5 3.4
v -0.9 3.6 3.4
v -0.9 3.6 3.3
v -0.9 3.8 3.4
v -0.9 3.8 3.3
v -0.9 3.8 3.1
v -0.9 3.8 1.8
v -0.9 3.8 1.7
v -0.9 3.9 3.3
v -0.9 3.9 3.2
v -0.9 3.9 1.8
v -0.9 3.9 1.7
v -0.9 3.9 1.5
v -0.9 4 3.2
v -0.9 4 3.1
v -0.9 4 2.5
v -0.9 4 2.4
v -0.9 4 1.7
v -0.9 4 1.6
v -0.9 4.1 2.6
v -0.9 4.1 2.5
v -0.9 4.1 2.4
v -0.9 4.1 -0.2
v -0.9 4.1 -0.3
v -0.9 4.2 2.7
v -0.9 4.2 2.6
v -0.9 4.2 2.5
v -0.9 4.2 1.6
v -0.9 4.2 1.5
v -0.9 4.2 1.4
v -0.9 4.3 2.7
v -0.9 4.3 2.6
v -0.9 4.3 1.5
v -0.9 4.3 1.4
v -0.9 4.3 -0.2
v -0.9 4.3 -0.3
v -0.8 1.4 -0.3
v -0.8 1.4 -0.7
v -0.8 1.5 0
v -0.8 1.5 -0.1
v -0.8 1.5 -0.3
v -0.8 1.5 -0.7
v -0.8 1.5 -0.9
v -0.8 1.5 -1
v -0.8 1.6 3.2
v -0.8 1.6 2.9
v -0.8 1.6 0
v -0.8 1.6 -0.1
v -0.8 1.6 -0.9
v -0.8 1.6 -1
v -0.8 1.7 3.2
v -0.8 1.7 2.9
v -0.8 1.7 2.8
v -0.8 1.8 2.9
v -0.8 1.8 2.8
v -0.8 1.8 2.7
v -0.8 1.9 2.8
v -0.8 1.9 2.7
v -0.8 1.9 2.6
v -0.8 1.9 0.4
v -0.8 1.9 0.3
v -0.8 1.9 -1.3
v -0.8 1.9 -1.4
v -0.8 2 2.7
v -0.8 2 2.6
v -0.8 2 2.5
v -0.8 2 0.4
v -0.8 2 0.3
v -0.8 2 -1.3
v -0.8 2 -1.4
v -0.8 2.2 0.5
v -0.8 2.2 0.4
v -0.8 2.2 -1.4
v -0.8 2.2 -1.5
v -0.8 2.3 2.6
v -0.8 2.3 2.5
v -0.8 2.4 0.5
v -0.8 2.4 0.4
v -0.8 2.4 -1.4
v -0.8 2.4 -1.5
v -0.8 2.4 -1.6
v -0.8 2.4 -1.7
v -0.8 2.6 -1.6
v -0.8 2.6 -1.7
v -0.8 2.6 -2
v -0.8 2.6 -2.1
v -0.8 2.7 -2
v -0.8 2.7 -2.1
v -0.8 2.9 -2
v -0.8 2.9 -2.1
v -0.8 3 -1.1
v -0.8 3 -1.2
v -0.8 3 -2
v -0.8 3 -2.1
v -0.8 3.3 -1
v -0.8 3.3 -1.1
v -0.8 3.3 -1.2
v -0.8 3.5 3.5
v -0.8 3.5 3.4
v -0.8 3.7 3.5
v -0.8 3.7 3.4
v -0.8 3.7 2.4
v -0.8 3.7 2.3
v -0.8 3.8 2.4
v -0.8 3.8 2.3
v -0.8 3.8 1.9
v -0.8 3.8 1.8
v -0.8 3.8 -1
v -0.8 3.8 -1.1
v -0.8 3.9 3.3
v -0.8 3.9 3.2
v -0.8 3.9 1.9
v -0.8 3.9 1.8
v -0.8 3.9 1.7
v -0.8 4 3.3
v -0.8 4 3.2
v -0.8 4 3.1
v -0.8 4 1.8
v -0.8 4 1.7
v -0.8 4.1 3.2
v -0.8 4.1 3.1
v -0.8 4.1 2.5
v -0.8 4.1 2.4
v -0.8 4.2 2.6
v -0.8 4.2 2.5
v -0.8 4.2 2.4
v -0.8 4.3 2.9
v -0.8 4.3 2.6
v -0.8 4.3 2.5
v -0.8 4.3 0.5
v -0.8 4.3 0.4
v -0.8 4.4 2.9
v -0.8 4.4 2.6
v -0.8 4.5 1.2
v -0.8 4.5 1.1
v -0.8 4.5 0.5
v -0.8 4.5 0.4
v -0.8 4.7 1.2
v -0.8 4.7 1.1
v -0.7 1.4 -0.2
v -0.7 1.4 -0.3
v -0.7 1.4 -0.7
v -0.7 1.4 -0.8
v -0.7 1.5 3.3
v -0.7 1.5 3
v -0.7 1.5 -0.2
v -0.7 1.5 -0.3
v -0.7 1.5 -0.7
v -0.7 1.5 -0.8
v -0.7 1.6 3.3
v -0.7 1.6 3
v -0.7 1.6 2.9
v -0.7 1.6 2.8
v -0.7 1.7 2.9
v -0.7 1.7 2.8
v -0.7 1.7 2.7
v -0.7 1.8 2.8
v -0.7 1.8 2.7
v -0.7 1.8 2.6
v -0.7 1.9 3.3
v -0.7 1.9 3.2
v -0.7 1.9 2.7
v -0.7 1.9 2.6
v -0.7 1.9 2.5
v -0.7 2 3.4
v -0.7 2 3.3
v -0.7 2 3.2
v -0.7 2 2.6
v -0.7 2 2.5
v -0.7 2.1 3.3
v -0.7 2.1 2.5
v -0.7 2.1 2.4
v -0.7 2.1 0.5
v -0.7 2.1 0.4
v -0.7 2.1 -1.4
v -0.7 2.1 -1.5
v -0.7 2.2 3.4
v -0.7 2.2 3.3
v -0.7 2.2 0.5
v -0.7 2.2 0.4
v -0.7 2.2 -1.4
v -0.7 2.2 -1.5
v -0.7 2.4 2.5
v -0.7 2.4 2.4
v -0.7 3.7 2.3
v -0.7 3.7 2.2
v -0.7 3.8 2.4
v -0.7 3.8 2.3
v -0.7 3.8 2
v -0.7 3.8 1.9
v -0.7 3.8 -0.8
v -0.7 3.8 -0.9
v -0.7 3.9 2.3
v -0.7 3.9 2.2
v -0.7 3.9 2
v -0.7 3.9 1.9
v -0.7 3.9 1.8
v -0.7 4 1.9
v -0.7 4 1.8
v -0.7 4 1.7
v -0.7 4 1.6
v -0.7 4.1 2.4
v -0.7 4.1 2.3
v -0.7 4.1 -0.8
v -0.7 4.1 -0.9
v -0.7 4.2 1.7
v -0.7 4.2 1.6
v -0.7 4.2 1.5
v -0.7 4.3 1.6
v -0.7 4.3 1.5
v -0.7 4.3 1.3
v -0.7 4.3 1.2
v -0.7 4.5 1.1
v -0.7 4.5 1
v -0.7 4.7 1.3
v -0.7 4.7 1.2
v -0.7 4.7 1.1
v -0.7 4.7 1
v -0.6 1.5 3
v -0.6 1.5 2.9
v -0.6 1.6 3
v -0.6 1.6 2.9
v -0.6 1.6 2.8
v -0.6 1.6 2.7
v -0.6 1.6 0.2
v -0.6 1.6 0.0999999
v -0.6 1.6 -1.1
v -0.6 1.6 -1.2
v -0.6 1.7 2.8
v -0.6 1.7 2.7
v -0.6 1.7 2.6
v -0.6 1.7 0.3
v -0.6 1.7 0.2
v -0.6 1.7 0.0999999
v -0.6 1.7 -1.1
v -0.6 1.7 -1.2
v -0.6 1.7 -1.3
v -0.6 1.8 2.7
v -0.6 1.8 2.6
v -0.6 1.8 2.5
v -0.6 1.8 0.3
v -0.6 1.8 0.2
v -0.6 1.8 -1.2
v -0.6 1.8 -1.3
v -0.6 1.9 2.6
v -0.6 1.9 2.5
v -0.6 2 2.5
v -0.6 2 2.4
v -0.6 2.1 2.5
v -0.6 2.1 2.4
v -0.6 3.7 2.2
v -0.6 3.7 2.1
v -0.6 3.8 2.1
v -0.6 3.8 2
v -0.6 3.9 2.3
v -0.6 3.9 2.2
v -0.6 3.9 2.1
v -0.6 3.9 2
v -0.6 3.9 1.9
v -0.6 4 1.9
v -0.6 4 1.7
v -0.6 4.1 2.4
v -0.6 4.1 2.3
v -0.6 4.2 2.5
v -0.6 4.2 2.4
v -0.6 4.2 2.2
v -0.6 4.2 2.1
v -0.6 4.2 1.7
v -0.6 4.2 1.6
v -0.6 4.3 2.5
v -0.6 4.3 2.4
v -0.6 4.3 1.7
v -0.6 4.3 1.6
v -0.5 1.4 3.2
v -0.5 1.4 3.1
v -0.5 1.5 3.2
v -0.5 1.5 3.1
v -0.5 1.5 2.9
v -0.5 1.5 2.8
v -0.5 1.6 2.9
v -0.5 1.6 2.8
v -0.5 1.9 2.5
v -0.5 1.9 2.4
v -0.5 2 2.5
v -0.5 2 2.4
v -0.5 2.2 2.4
v -0.5 2.2 2.3
v -0.5 2.4 2.4
v -0.5 2.4 2.3
v -0.5 3 3.4
v -0.5 3 3.3
v -0.5 3.1 3.5
v -0.5 3.1 3.4
v -0.5 3.1 3.3
v -0.5 3.2 3.5
v -0.5 3.2 3.4
v -0.5 3.9 2.2
v -0.5 3.9 2.1
v -0.5 4.2 2.4
v -0.5 4.2 2.2
v -0.5 4.2 2.1
v -0.5 4.2 1.7
v -0.5 4.3 2.4
v -0.5 4.3 2.2
v -0.5 4.3 2.1
v -0.5 4.3 1.7
v -0.5 4.3 1.4
v -0.5 4.3 1.3
v -0.5 4.7 1.4
v -0.5 4.7 1.3
v -0.4 1.4 3.1
v -0.4 1.4 3
v -0.4 1.5 3.1
v -0.4 1.5 3
v -0.4 2.1 2.4
v -0.4 2.1 2.3
v -0.4 2.2 2.4
v -0.4 2.2 2.3
v -0.4 2.3 3.6
v -0.4 2.3 3.5
v -0.4 2.7 3.6
v -0.4 2.7 3.5
v -0.4 4.2 2.2
v -0.4 4.2 2.1
v -0.4 4.3 2.2
v -0.4 4.3 2.1
v -0.4 4.3 1.5
v -0.4 4.3 1.4
v -0.4 4.4 1.5
v -0.4 4.4 1.4
v -0.4 4.6 1.5
v -0.4 4.6 1.4
v -0.4 4.7 1.5
v -0.4 4.7 1.4
v -0.3 1.6 2.7
v -0.3 1.6 2.6
v -0.3 1.7 2.7
v -0.3 1.7 2.6
v -0.3 1.7 2.5
v -0.3 1.8 2.6
v -0.3 1.8 2.5
v -0.3 2.1 3.5
v -0.3 2.1 3.4
v -0.3 2.2 3.6
v -0.3 2.2 3.5
v -0.3 2.2 3.4
v -0.3 2.3 3.6
v -0.3 2.3 3.5
v -0.3 2.9 3.4
v -0.3 2.9 3.3
v -0.3 3 3.5
v -0.3 3 3.4
v -0.3 3 3.3
v -0.3 3 3.1
v -0.3 3 3
v -0.3 3.1 3.5
v -0.3 3.1 3.4
v -0.3 3.1 3.1
v -0.3 3.1 3
v -0.3 3.4 -0.2
v -0.3 3.4 -0.3
v -0.3 3.4 -0.7
v -0.3 3.4 -0.8
v -0.3 3.5 -0.2
v -0.3 3.5 -0.3
v -0.3 3.5 -0.7
v -0.3 3.5 -0.8
v -0.3 4.3 1.6
v -0.3 4.3 1.5
v -0.3 4.4 1.6
v -0.3 4.4 1.5
v -0.3 4.4 1.4
v -0.3 4.6 1.6
v -0.3 4.6 1.5
v -0.3 4.6 1.4
v -0.3 4.7 1.6
v -0.3 4.7 1.5
v -0.2 2.4 1.3
v -0.2 2.4 1.2
v -0.2 2.5 1.3
v -0.2 2.5 1.2
v -0.2 3.4 -0.3
v -0.2 3.4 -0.7
v -0.2 3.5 -0.3
v -0.2 3.5 -0.7
v -0.2 4.3 1.7
v -0.2 4.3 1.6
v -0.2 4.4 1.6
v -0.2 4.4 1.5
v -0.2 4.6 1.6
v -0.2 4.6 1.5
v -0.2 4.7 1.7
v -0.2 4.7 1.6
v -0.1 2.8 3.5
v -0.1 2.8 3.4
v -0.1 3 3.5
v -0.1 3 3.4
v -0.1 3.7 2.7
v -0.1 3.7 2.6
v -0.1 3.8 2.7
v -0.1 3.8 2.6
v -0.1 4.2 1.8
v -0.1 4.2 1.7
v -0.1 4.5 1.8
v -0.1 4.5 1.7
v -2.38419e-07 2.5 3.6
v -2.38419e-07 2.5 3.5
v -2.38419e-07 2.8 3.6
v -2.38419e-07 2.8 3.5
v -2.38419e-07 3.7 2.6
v -2.38419e-07 3.7 2.5
v -2.38419e-07 3.8 2.8
v -2.38419e-07 3.8 2.6
v -2.38419e-07 3.8 2.5
v -2.38419e-07 3.9 2.8
v -2.38419e-07 3.9 2.6
v -2.38419e-07 4.1 1.9
v -2.38419e-07 4.1 1.8
v -2.38419e-07 4.2 1.9
v -2.38419e-07 4.2 1.8
v -2.38419e-07 4.4 1.9
v -2.38419e-07 4.4 1.8
v -2.38419e-07 4.5 1.9
v -2.38419e-07 4.5 1.8
v 0.0999999 1.7 3.1
v 0.0999999 1.7 3
v 0.0999999 1.8 3.1
v 0.0999999 1.8 3
v 0.0999999 3 3.6
v 0.0999999 3 3.5
v 0.0999999 3.3 3.6
v 0.0999999 3.3 3.5
v 0.0999999 3.9 2.5
v 0.0999999 3.9 2.4
v 0.0999999 4.1 2.5
v 0.0999999 4.1 2.4
v 0.0999999 4.1 2.3
v 0.0999999 4.1 2
v 0.0999999 4.1 1.9
v 0.0999999 4.2 2.4
v 0.0999999 4.2 2.3
v 0.0999999 4.2 2
v 0.0999999 4.2 1.9
v 0.0999999 4.2 1.8
v 0.0999999 4.4 2
v 0.0999999 4.4 1.9
v 0.0999999 4.4 1.8
v 0.0999999 4.5 2
v 0.0999999 4.5 1.9
v 0.2 1.5 3.2
v 0.2 1.5 3.1
v 0.2 1.6 3.2
v 0.2 1.6 3.1
v 0.2 1.8 3.1
v 0.2 1.8 3
v 0.2 2.1 3.1
v 0.2 2.1 3
v 0.2 3.8 2.6
v 0.2 3.8 2.5
v 0.2 3.9 2.6
v 0.2 3.9 2.5
v 0.2 4.1 2.5
v 0.2 4.1 2.4
v 0.2 4.2 2.5
v 0.2 4.2 2.4
v 0.2 4.2 2.1
v 0.2 4.2 2
v 0.2 4.2 1.9
v 0.2 4.3 2.4
v 0.2 4.3 2.1
v 0.2 4.4 2
v 0.2 4.4 1.9
v 0.2 4.5 2.1
v 0.2 4.5 2
v 0.3 1.6 3.2
v 0.3 1.6 3.1
v 0.3 1.7 3.2
v 0.3 1.7 3.1
v 0.4 1.7 3.2
v 0.4 1.7 3.1
v 0.4 2.1 3.2
v 0.4 2.1 3.1
v 0.4 2.1 1.7
v 0.4 2.1 1.3
v 0.4 2.2 1.8
v 0.4 2.2 1.7
v 0.4 2.2 1.3
v 0.4 2.2 1.2
v 0.4 2.3 2.5
v 0.4 2.3 2.4
v 0.4 2.4 2.5
v 0.4 2.4 2.4
v 0.4 2.4 1.8
v 0.4 2.4 1.5
v 0.4 2.4 1.2
v 0.4 2.7 2.5
v 0.4 2.7 2.4
v 0.4 2.8 2.5
v 0.4 2.8 2.4
v 0.4 2.9 2.5
v 0.4 2.9 2.4
v 0.5 1.7 3.3
v 0.5 1.7 3.2
v 0.5 1.9 3.3
v 0.5 1.9 3.2
v 0.5 1.9 1.8
v 0.5 1.9 1.2
v 0.5 2 1.9
v 0.5 2 1.8
v 0.5 2 1.2
v 0.5 2 1.1
v 0.5 2.1 2
v 0.5 2.1 1.9
v 0.5 2.1 1.7
v 0.5 2.1 1.3
v 0.5 2.1 1.1
v 0.5 2.1 1
v 0.5 2.2 1.8
v 0.5 2.2 1.7
v 0.5 2.2 1.3
v 0.5 2.2 1.2
v 0.5 2.4 2
v 0.5 2.4 1.8
v 0.5 2.4 1.2
v 0.5 2.4 1
v 0.6 1.7 1.6
v 0.6 1.7 1.4
v 0.6 1.8 1.9
v 0.6 1.8 1.6
v 0.6 1.8 1.4
v 0.6 1.8 1.1
v 0.6 1.9 3.3
v 0.6 1.9 3.2
v 0.6 1.9 2
v 0.6 1.9 1.9
v 0.6 1.9 1.8
v 0.6 1.9 1.2
v 0.6 1.9 1.1
v 0.6 1.9 1
v 0.6 2 2.1
v 0.6 2 2
v 0.6 2 1.9
v 0.6 2 1.8
v 0.6 2 1.2
v 0.6 2 1.1
v 0.6 2 1
v 0.6 2 0.9
v 0.6 2.1 3.3
v 0.6 2.1 3.2
v 0.6 2.1 2
v 0.6 2.1 1.9
v 0.6 2.1 1.1
v 0.6 2.1 1
v 0.6 2.3 2.2
v 0.6 2.3 2.1
v 0.6 2.3 0.9
v 0.6 2.3 0.8
v 0.6 2.4 2.2
v 0.6 2.4 2
v 0.6 2.4 1
v 0.6 2.4 0.8
v 0.7 1.6 1.6
v 0.7 1.6 1.4
v 0.7 1.7 1.9
v 0.7 1.7 1.6
v 0.7 1.7 1.4
v 0.7 1.7 1.1
v 0.7 1.8 2
v 0.7 1.8 1.9
v 0.7 1.8 1.6
v 0.7 1.8 1.4
v 0.7 1.8 1.1
v 0.7 1.8 1
v 0.7 1.9 2.1
v 0.7 1.9 2
v 0.7 1.9 1.9
v 0.7 1.9 1.1
v 0.7 1.9 1
v 0.7 1.9 0.9
v 0.7 2 2.2
v 0.7 2 2.1
v 0.7 2 2
v 0.7 2 1
v 0.7 2 0.9
v 0.7 2 0.8
v 0.7 2.3 2.3
v 0.7 2.3 2.2
v 0.7 2.3 2.1
v 0.7 2.3 0.9
v 0.7 2.3 0.8
v 0.7 2.3 0.7
v 0.7 2.4 2.3
v 0.7 2.4 2.2
v 0.7 2.4 0.8
v 0.7 2.4 0.7
v 0.7 2.5 3.1
v 0.7 2.5 3
v 0.7 2.6 3.2
v 0.7 2.6 3.1
v 0.7 2.6 3
v 0.7 2.8 3.2
v 0.7 2.8 3.1
v 0.8 1.6 1.9
v 0.8 1.6 1.6
v 0.8 1.6 1.4
v 0.8 1.6 1.1
v 0.8 1.7 2
v 0.8 1.7 1.9
v 0.8 1.7 1.6
v 0.8 1.7 1.4
v 0.8 1.7 1.1
v 0.8 1.7 1
v 0.8 1.8 2.1
v 0.8 1.8 2
v 0.8 1.8 1.9
v 0.8 1.8 1.1
v 0.8 1.8 1
v 0.8 1.8 0.9
v 0.8 1.9 2.2
v 0.8 1.9 2.1
v 0.8 1.9 2
v 0.8 1.9 1
v 0.8 1.9 0.9
v 0.8 1.9 0.8
v 0.8 2 2.3
v 0.8 2 2.2
v 0.8 2 2.1
v 0.8 2 0.9
v 0.8 2 0.8
v 0.8 2 0.7
v 0.8 2.2 2.5
v 0.8 2.2 2.3
v 0.8 2.3 3
v 0.8 2.3 2.9
v 0.8 2.3 2.5
v 0.8 2.3 2.4
v 0.8 2.3 2.3
v 0.8 2.3 2.2
v 0.8 2.3 0.8
v 0.8 2.3 0.7
v 0.8 2.4 3.1
v 0.8 2.4 3
v 0.8 2.4 2.9
v 0.8 2.4 2.4
v 0.8 2.4 2.3
v 0.8 2.5 3.2
v 0.8 2.5 3.1
v 0.8 2.5 3
v 0.8 2.6 3.2
v 0.8 2.6 3.1
v 0.8 3.4 2.4
v 0.8 3.4 2.3
v 0.8 3.6 2.4
v 0.8 3.6 2.3
v 0.9 1.5 1.8
v 0.9 1.5 1.2
v 0.9 1.6 2
v 0.9 1.6 1.9
v 0.9 1.6 1.8
v 0.9 1.6 1.2
v 0.9 1.6 1.1
v 0.9 1.6 1
v 0.9 1.7 2.1
v 0.9 1.7 2
v 0.9 1.7 1.9
v 0.9 1.7 1.1
v 0.9 1.7 1
v 0.9 1.7 0.9
v 0.9 1.8 2.2
v 0.9 1.8 2.1
v 0.9 1.8 2
v 0.9 1.8 1
v 0.9 1.8 0.9
v 0.9 1.8 0.8
v 0.9 1.9 2.3
v 0.9 1.9 2.2
v 0.9 1.9 2.1
v 0.9 1.9 0.9
v 0.9 1.9 0.8
v 0.9 1.9 0.7
v 0.9 2 2.3
v 0.9 2 2.2
v 0.9 2 0.8
v 0.9 2 0.7
v 0.9 2.1 2.7
v 0.9 2.1 2.3
v 0.9 2.1 0.7
v 0.9 2.1 0.6
v 0.9 2.2 2.7
v 0.9 2.2 2.3
v 0.9 2.4 0.7
v 0.9 2.4 0.6
v 0.9 3.8 2.7
v 0.9 3.8 2.4
v 0.9 3.9 2.7
v 0.9 3.9 2.4
v 0.9 4.2 2.4
v 0.9 4.2 2.3
v 0.9 4.3 2.4
v 0.9 4.3 2.3
v 1 1.5 1.9
v 1 1.5 1.8
v 1 1.5 1.2
v 1 1.5 1.1
v 1 1.6 2.1
v 1 1.6 2
v 1 1.6 1.9
v 1 1.6 1.8
v 1 1.6 1.2
v 1 1.6 1.1
v 1 1.6 1
v 1 1.6 0.9
v 1 1.7 2.2
v 1 1.7 2.1
v 1 1.7 2
v 1 1.7 1
v 1 1.7 0.9
v 1 1.7 0.8
v 1 1.8 2.3
v 1 1.8 2.2
v 1 1.8 2.1
v 1 1.8 0.9
v 1 1.8 0.8
v 1 1.8 0.7
v 1 1.9 2.3
v 1 1.9 2.2
v 1 1.9 0.8
v 1 1.9 0.7
v 1 2 2.7
v 1 2 2.3
v 1 2 0.7
v 1 2 0.6
v 1 2.1 2.8
v 1 2.1 2.7
v 1 2.1 2.3
v 1 2.1 0.7
v 1 2.1 0.6
v 1 2.2 2.8
v 1 2.2 2.7
v 1.1 1.4 1.7
v 1.1 1.4 1.3
v 1.1 1.5 2
v 1.1 1.5 1.9
v 1.1 1.5 1.7
v 1.1 1.5 1.3
v 1.1 1.5 1.1
v 1.1 1.5 1
v 1.1 1.6 2
v 1.1 1.6 1.9
v 1.1 1.6 1.1
v 1.1 1.6 1
v 1.1 1.9 2.4
v 1.1 1.9 2.3
v 1.1 1.9 0.7
v 1.1 1.9 0.6
v 1.1 2 2.4
v 1.1 2 2.3
v 1.1 2 0.7
v 1.1 2 0.6
v 1.1 2.2 3
v 1.1 2.2 2.9
v 1.1 2.2 0.6
v 1.1 2.2 0.5
v 1.1 2.3 3.1
v 1.1 2.3 3
v 1.1 2.3 2.9
v 1.1 2.4 3.1
v 1.1 2.4 3
v 1.1 2.4 0.6
v 1.1 2.4 0.5
v 1.1 3.9 2.5
v 1.1 3.9 2.4
v 1.1 4.1 2.5
v 1.1 4.1 2.4
v 1.2 1.4 1.8
v 1.2 1.4 1.7
v 1.2 1.4 1.3
v 1.2 1.4 1.2
v 1.2 1.5 1.8
v 1.2 1.5 1.7
v 1.2 1.5 1.3
v 1.2 1.5 1.2
v 1.2 2.1 0.6
v 1.2 2.1 0.5
v 1.2 2.2 0.6
v 1.2 2.2 0.5
v 1.2 3.9 2.7
v 1.2 3.9 2.6
v 1.2 3.9 2.5
v 1.2 4 2.7
v 1.2 4 2.6
v 1.2 4.1 2.6
v 1.2 4.1 2.5
v 1.3 1.6 2.2
v 1.3 1.6 2.1
v 1.3 1.6 0.9
v 1.3 1.6 0.8
v 1.3 1.7 2.3
v 1.3 1.7 2.2
v 1.3 1.7 2.1
v 1.3 1.7 0.9
v 1.3 1.7 0.8
v 1.3 1.7 0.7
v 1.3 1.8 2.3
v 1.3 1.8 2.2
v 1.3 1.8 0.8
v 1.3 1.8 0.7
v 1.3 3.6 2.9
v 1.3 3.6 2.8
v 1.3 3.6 2.7
v 1.3 3.7 2.9
v 1.3 3.7 2.8
v 1.3 4 2.8
v 1.3 4 2.7
v 1.3 4 2.6
v 1.3 4.1 2.7
v 1.3 4.1 2.6
v 1.4 3.1 2.9
v 1.4 3.1 2.7
v 1.4 3.2 2.8
v 1.4 3.2 2.7
v 1.4 3.3 2.9
v 1.4 3.3 2.8
v 1.4 3.4 3
v 1.4 3.4 2.9
v 1.4 3.6 2.9
v 1.4 3.6 2.8
v 1.4 3.7 2.9
v 1.4 3.7 2.8
v 1.4 3.8 3
v 1.4 3.8 2.9
v 1.4 4 2.8
v 1.4 4 2.7
v 1.4 4.1 2.9
v 1.4 4.1 2.7
v 1.5 3.2 3
v 1.5 3.2 2.9
v 1.5 3.3 3.1
v 1.5 3.3 3
v 1.5 3.3 2.9
v 1.5 3.4 3.2
v 1.5 3.4 3.1
v 1.5 3.4 3
v 1.5 3.4 2.9
v 1.5 3.6 3.3
v 1.5 3.6 3.2
v 1.5 3.8 3.3
v 1.5 3.8 3
v 1.5 3.8 2.9
v 1.5 4.1 3
v 1.5 4.1 2.9
v 1.6 2.9 2.9
v 1.6 2.9 2.8
v 1.6 3 2.9
v 1.6 3 2.8
v 1.6 3.4 1.8
v 1.6 3.4 1.7
v 1.6 3.4 1.3
v 1.6 3.4 1.2
v 1.6 3.5 1.8
v 1.6 3.5 1.7
v 1.6 3.5 1.3
v 1.6 3.5 1.2
v 1.7 2.5 2.9
v 1.7 2.5 2.8
v 1.7 2.9 2.9
v 1.7 2.9 2.8
v 1.7 3.1 3
v 1.7 3.1 2.9
v 1.7 3.2 3
v 1.7 3.2 2.9
v 1.7 3.4 1.7
v 1.7 3.4 1.3
v 1.7 3.5 1.7
v 1.7 3.5 1.3
v 1.8 3 3
v 1.8 3 2.9
v 1.8 3.1 3
v 1.8 3.1 2.9
v 1.8 3.2 3.1
v 1.8 3.2 3
v 1.8 3.3 3.1
v 1.8 3.3 3
v 1.9 2.4 3
v 1.9 2.4 2.9
v 1.9 2.9 3
v 1.9 2.9 2.9
v 1.9 3 3
v 1.9 3 2.9
v 2 2.4 3.1
v 2 2.4 3
v 2 2.6 3.1
v 2 2.6 3
v 2 2.8 3.1
v 2 2.8 3
v 2 2.9 3.1
v 2 2.9 3
v 2 3 3.1
v 2 3 3
v 2.1 2.6 3.1
v 2.1 2.6 3
v 2.1 2.7 3.1
v 2.1 2.7 3
v 2.1 2.8 3.2
v 2.1 2.8 3.1
v 2.1 2.8 3
v 2.1 2.9 3.2
v 2.1 2.9 3.1
v 2.1 3 3.2
v 2.1 3 3.1
v 2.2 2.6 3.3
v 2.2 2.6 3.1
v 2.2 2.7 3.3
v 2.2 2.7 3.2
v 2.2 2.7 3.1
v 2.2 2.8 3.2
v 2.2 2.8 3.1
v 2.2 2.9 3.3
v 2.2 2.9 3.2
v 2.2 3 3.3
v 2.2 3 3.2
v 2.3 2.6 3.4
v 2.3 2.6 3.3
v 2.3 2.7 3.4
v 2.3 2.7 3.3
v 2.3 2.7 3.2
v 2.3 2.9 3.4
v 2.3 2.9 3.3
v 2.3 2.9 3.2
v 2.3 3 3.4
v 2.3 3 3.3
v 2.4 2.6 3.5
v 2.4 2.6 3.4
v 2.4 2.7 3.5
v 2.4 2.7 3.4
v 2.4 2.7 3.3
v 2.4 2.9 3.5
v 2.4 2.9 3.4
v 2.4 2.9 3.3
v 2.4 3 3.5
v 2.4 3 3.4
v -3.3 2.6 2.9
v -3.3 2.6 2.8
v -3.3 2.7 2.9
v -3.3 2.7 2.8
v -3.3 2.9 2.9
v -3.3 2.9 2.8
v -3.3 3 2.9
v -3.3 3 2.8
v -3.1 2.7 2.8
v -3.1 2.7 2.7
v -3.1 2.9 2.8
v -3.1 2.9 2.7
v -3.1 3 2.8
v -3.1 3 2.7
v -3 2.6 2.8
v -3 2.6 2.7
v -3 2.7 2.8
v -3 2.7 2.7
v -2.6 3.7 2.1
v -2.6 3.7 2
v -2.6 3.8 2.1
v -2.6 3.8 2
v -2.5 3.8 1.9
v -2.5 3.8 1.8
v -2.5 3.9 1.9
v -2.5 3.9 1.8
v -2.5 3.9 1.7
v -2.5 4.1 1.8
v -2.5 4.1 1.7
v -2.4 4 1.7
v -2.4 4 1.6
v -2.4 4.1 1.7
v -2.4 4.1 1.6
v -2.3 3.4 1.7
v -2.3 3.4 1.5
v -2.3 3.5 1.7
v -2.3 3.5 1.5
v -2.2 3.4 1.5
v -2.2 3.4 1.4
v -2.2 3.5 1.5
v -2.2 3.5 1.4
v -2.2 3.6 2.3
v -2.2 3.6 2.2
v -2.2 3.7 2.3
v -2.2 3.7 2.2
v -2.2 3.7 2.1
v -2.2 3.8 2.2
v -2.2 3.8 2.1
v -2.2 4 1.6
v -2.2 4 1.5
v -2.2 4.1 1.6
v -2.2 4.1 1.5
v -2.1 4.1 1.5
v -2.1 4.1 1.4
v -2.1 4.3 1.5
v -2.1 4.3 1.4
v -2 3.6 2.2
v -2 3.6 2.1
v -2 3.7 2.2
v -2 3.7 2.1
v -2 4.2 1.4
v -2 4.2 1.3
v -2 4.3 1.4
v -2 4.3 1.3
v -1.9 1.6 2.4
v -1.9 1.6 2.3
v -1.9 1.6 1.1
v -1.9 1.6 1
v -1.9 1.7 2.5
v -1.9 1.7 2.4
v -1.9 1.7 2.3
v -1.9 1.7 1.1
v -1.9 1.7 1
v -1.9 1.7 0.9
v -1.9 1.8 2.5
v -1.9 1.8 2.4
v -1.9 1.8 1
v -1.9 1.8 0.9
v -1.9 3.7 2.1
v -1.9 3.7 2
v -1.9 3.8 2.1
v -1.9 3.8 2
v -1.9 4.1 1.4
v -1.9 4.1 1.3
v -1.9 4.2 1.4
v -1.9 4.2 1.3
v -1.8 1.4 2
v -1.8 1.4 1.9
v -1.8 1.4 1.5
v -1.8 1.4 1.4
v -1.8 1.5 2
v -1.8 1.5 1.9
v -1.8 1.5 1.5
v -1.8 1.5 1.4
v -1.8 2.1 2.7
v -1.8 2.1 2.6
v -1.8 2.1 0.8
v -1.8 2.1 0.7
v -1.8 2.2 2.7
v -1.8 2.2 2.6
v -1.8 2.2 0.8
v -1.8 2.2 0.7
v -1.8 4.1 1.3
v -1.8 4.1 1.2
v -1.8 4.3 1.3
v -1.8 4.3 1.2
v -1.7 1.4 1.9
v -1.7 1.4 1.5
v -1.7 1.5 2.2
v -1.7 1.5 2.1
v -1.7 1.5 1.9
v -1.7 1.5 1.5
v -1.7 1.5 1.3
v -1.7 1.5 1.2
v -1.7 1.6 2.2
v -1.7 1.6 2.1
v -1.7 1.6 1.3
v -1.7 1.6 1.2
v -1.7 1.9 2.6
v -1.7 1.9 2.5
v -1.7 1.9 0.9
v -1.7 1.9 0.8
v -1.7 2 2.6
v -1.7 2 2.5
v -1.7 2 0.9
v -1.7 2 0.8
v -1.7 2.2 2.7
v -1.7 2.2 2.6
v -1.7 2.2 0.8
v -1.7 2.2 0.7
v -1.7 2.4 2.7
v -1.7 2.4 2.6
v -1.7 2.4 0.8
v -1.7 2.4 0.7
v -1.7 3.2 3
v -1.7 3.2 2.9
v -1.7 3.3 3
v -1.7 3.3 2.9
v -1.7 3.5 2.2
v -1.7 3.5 2.1
v -1.7 3.6 2.2
v -1.7 3.6 2.1
v -1.7 3.6 2
v -1.7 3.7 2.1
v -1.7 3.7 2
v -1.7 3.7 1.9
v -1.7 3.9 2
v -1.7 3.9 1.9
v -1.7 3.9 1.8
v -1.7 4 1.9
v -1.7 4 1.8
v -1.6 1.5 2.1
v -1.6 1.5 2
v -1.6 1.5 1.4
v -1.6 1.5 1.3
v -1.6 1.6 2.3
v -1.6 1.6 2.2
v -1.6 1.6 2.1
v -1.6 1.6 2
v -1.6 1.6 1.4
v -1.6 1.6 1.3
v -1.6 1.6 1.2
v -1.6 1.6 1.1
v -1.6 1.7 2.4
v -1.6 1.7 2.3
v -1.6 1.7 2.2
v -1.6 1.7 1.2
v -1.6 1.7 1.1
v -1.6 1.7 1
v -1.6 1.8 2.5
v -1.6 1.8 2.4
v -1.6 1.8 2.3
v -1.6 1.8 1.1
v -1.6 1.8 1
v -1.6 1.8 0.9
v -1.6 1.9 2.5
v -1.6 1.9 2.4
v -1.6 1.9 1
v -1.6 1.9 0.9
v -1.6 2 2.6
v -1.6 2 2.5
v -1.6 2 0.9
v -1.6 2 0.8
v -1.6 2.1 2.6
v -1.6 2.1 2.5
v -1.6 2.1 0.9
v -1.6 2.1 0.8
v -1.6 3.7 1.9
v -1.6 3.7 1.8
v -1.6 3.9 1.9
v -1.6 3.9 1.8
v -1.6 4.1 1.2
v -1.6 4.1 1.1
v -1.6 4.3 1.2
v -1.6 4.3 1.1
v -1.5 1.5 2
v -1.5 1.5 1.4
v -1.5 1.6 2.2
v -1.5 1.6 2.1
v -1.5 1.6 2
v -1.5 1.6 1.4
v -1.5 1.6 1.3
v -1.5 1.6 1.2
v -1.5 1.7 2.3
v -1.5 1.7 2.2
v -1.5 1.7 2.1
v -1.5 1.7 1.3
v -1.5 1.7 1.2
v -1.5 1.7 1.1
v -1.5 1.8 2.4
v -1.5 1.8 2.3
v -1.5 1.8 2.2
v -1.5 1.8 1.2
v -1.5 1.8 1.1
v -1.5 1.8 1
v -1.5 1.9 2.5
v -1.5 1.9 2.4
v -1.5 1.9 2.3
v -1.5 1.9 1.1
v -1.5 1.9 1
v -1.5 1.9 0.9
v -1.5 2 2.5
v -1.5 2 2.4
v -1.5 2 1
v -1.5 2 0.9
v -1.5 2.1 2.6
v -1.5 2.1 2.5
v -1.5 2.1 0.9
v -1.5 2.1 0.8
v -1.5 2.4 2.6
v -1.5 2.4 2.5
v -1.5 2.4 0.9
v -1.5 2.4 0.8
v -1.4 1.6 2.1
v -1.4 1.6 1.8
v -1.4 1.6 1.6
v -1.4 1.6 1.3
v -1.4 1.7 2.2
v -1.4 1.7 2.1
v -1.4 1.7 1.8
v -1.4 1.7 1.6
v -1.4 1.7 1.3
v -1.4 1.7 1.2
v -1.4 1.8 2.3
v -1.4 1.8 2.2
v -1.4 1.8 2.1
v -1.4 1.8 1.3
v -1.4 1.8 1.2
v -1.4 1.8 1.1
v -1.4 1.9 2.4
v -1.4 1.9 2.3
v -1.4 1.9 2.2
v -1.4 1.9 1.2
v -1.4 1.9 1.1
v -1.4 1.9 1
v -1.4 2 2.5
v -1.4 2 2.4
v -1.4 2 2.3
v -1.4 2 1.1
v -1.4 2 1
v -1.4 2 0.9
v -1.4 2.3 2.5
v -1.4 2.3 2.4
v -1.4 2.3 1
v -1.4 2.3 0.9
v -1.4 2.4 3.6
v -1.4 2.4 3.5
v -1.4 2.5 3.6
v -1.4 2.5 3.5
v -1.4 2.5 3.4
v -1.4 2.7 3.5
v -1.4 2.7 3.4
v -1.4 3.6 2.4
v -1.4 3.6 2.3
v -1.4 3.7 2.4
v -1.4 3.7 2.3
v -1.4 3.7 1.8
v -1.4 3.7 1.7
v -1.4 3.8 1.8
v -1.4 4 1.8
v -1.4 4 1.7
v -1.4 4 1.4
v -1.4 4.1 1.7
v -1.4 4.1 1.4
v -1.3 1.6 1.8
v -1.3 1.6 1.6
v -1.3 1.7 2.1
v -1.3 1.7 1.8
v -1.3 1.7 1.6
v -1.3 1.7 1.3
v -1.3 1.8 2.2
v -1.3 1.8 2.1
v -1.3 1.8 1.8
v -1.3 1.8 1.6
v -1.3 1.8 1.3
v -1.3 1.8 1.2
v -1.3 1.9 2.3
v -1.3 1.9 2.2
v -1.3 1.9 2.1
v -1.3 1.9 1.3
v -1.3 1.9 1.2
v -1.3 1.9 1.1
v -1.3 2 2.4
v -1.3 2 2.3
v -1.3 2 2.2
v -1.3 2 1.2
v -1.3 2 1.1
v -1.3 2 1
v -1.3 2.3 2.5
v -1.3 2.3 2.4
v -1.3 2.3 2.3
v -1.3 2.3 1.1
v -1.3 2.3 1
v -1.3 2.3 0.9
v -1.3 2.4 3.5
v -1.3 2.4 3.4
v -1.3 2.4 2.5
v -1.3 2.4 2.4
v -1.3 2.4 1
v -1.3 2.4 0.9
v -1.3 2.5 3.5
v -1.3 2.5 3.4
v -1.3 3.8 1.7
v -1.3 3.8 1.6
v -1.3 3.9 1.6
v -1.3 3.9 1.5
v -1.3 4 1.7
v -1.3 4 1.5
v -1.2 1.7 1.8
v -1.2 1.7 1.6
v -1.2 1.8 2.1
v -1.2 1.8 1.8
v -1.2 1.8 1.6
v -1.2 1.8 1.3
v -1.2 1.9 2.2
v -1.2 1.9 2.1
v -1.2 1.9 2
v -1.2 1.9 1.4
v -1.2 1.9 1.3
v -1.2 1.9 1.2
v -1.2 2 2.3
v -1.2 2 2.2
v -1.2 2 2.1
v -1.2 2 2
v -1.2 2 1.4
v -1.2 2 1.3
v -1.2 2 1.2
v -1.2 2 1.1
v -1.2 2.1 2.2
v -1.2 2.1 2.1
v -1.2 2.1 1.3
v -1.2 2.1 1.2
v -1.2 2.3 2.4
v -1.2 2.3 2.3
v -1.2 2.3 1.1
v -1.2 2.3 1
v -1.2 2.4 2.4
v -1.2 2.4 2.3
v -1.2 2.4 2.2
v -1.2 2.4 1.2
v -1.2 2.4 1
v -1.1 1.9 2
v -1.1 1.9 1.4
v -1.1 2 2.1
v -1.1 2 2
v -1.1 2 1.4
v -1.1 2 1.3
v -1.1 2.1 2.2
v -1.1 2.1 2.1
v -1.1 2.1 1.9
v -1.1 2.1 1.5
v -1.1 2.1 1.3
v -1.1 2.1 1.2
v -1.1 2.2 2
v -1.1 2.2 1.9
v -1.1 2.2 1.5
v -1.1 2.2 1.4
v -1.1 2.4 2.2
v -1.1 2.4 2
v -1.1 2.4 1.4
v -1.1 2.4 1.2
v -1.1 2.8 3.5
v -1.1 2.8 3.4
v -1.1 2.9 3.5
v -1.1 2.9 3.4
v -1.1 3.4 3
v -1.1 3.4 2.8
v -1.1 3.5 3
v -1.1 3.5 2.9
v -1.1 3.5 2.8
v -1.1 3.8 1.6
v -1.1 3.8 1.5
v -1.1 3.9 1.6
v -1.1 3.9 1.5
v -1 1.9 3.6
v -1 1.9 3.5
v -1 2 3.7
v -1 2 3.6
v -1 2.1 3.7
v -1 2.1 3.6
v -1 2.1 1.9
v -1 2.1 1.5
v -1 2.2 3.6
v -1 2.2 3.5
v -1 2.2 2
v -1 2.2 1.9
v -1 2.2 1.5
v -1 2.2 1.4
v -1 2.4 2
v -1 2.4 1.4
v -1 2.9 3.5
v -1 2.9 3.4
v -1 3.2 3.5
v -1 3.2 3.4
v -1 3.7 2.4
v -1 3.7 2.3
v -1 3.7 2.2
v -1 3.7 2.1
v -1 3.8 2.4
v -1 3.8 2.3
v -1 3.8 2.2
v -1 3.8 2.1
v -1 3.8 1.8
v -1 3.9 2.1
v -1 3.9 1.8
v -0.9 1.8 3.5
v -0.9 1.8 3.4
v -0.9 1.9 3.4
v -0.9 1.9 3.3
v -0.9 2.1 3.4
v -0.9 2.1 3.3
v -0.9 2.2 3.5
v -0.9 2.2 3.4
v -0.9 2.9 3.4
v -0.9 2.9 3.3
v -0.9 3.1 3.4
v -0.9 3.1 3.3
v -0.8 1.6 3.4
v -0.8 1.6 3.3
v -0.8 1.9 3.4
v -0.8 1.9 3.3
v -0.8 1.9 3.2
v -0.8 2 3.3
v -0.8 2 3.2
v -0.8 2.1 3.4
v -0.8 2.1 3.3
v -0.8 2.2 3.4
v -0.8 2.2 3.3
v -0.8 3.4 -0.3
v -0.8 3.4 -0.7
v -0.8 3.5 -0.3
v -0.8 3.5 -0.7
v -0.7 1.6 3.3
v -0.7 1.6 3.2
v -0.7 1.9 3.3
v -0.7 1.9 3.2
v -0.7 2.6 3.6
v -0.7 2.6 3.5
v -0.7 2.7 3.6
v -0.7 2.7 3.5
v -0.7 3.4 -0.2
v -0.7 3.4 -0.3
v -0.7 3.4 -0.7
v -0.7 3.4 -0.8
v -0.7 3.5 -0.2
v -0.7 3.5 -0.3
v -0.7 3.5 -0.7
v -0.7 3.5 -0.8
v -0.7 4.1 3.1
v -0.7 4.1 3
v -0.7 4.2 3.1
v -0.7 4.2 3
v -0.6 1.5 3.3
v -0.6 1.5 3.2
v -0.6 1.6 3.3
v -0.6 1.6 3.2
v -0.6 1.7 3.2
v -0.6 1.7 3.1
v -0.6 1.9 3.2
v -0.6 1.9 3.1
v -0.5 1.6 3.2
v -0.5 1.6 3.1
v -0.5 1.7 3.2
v -0.5 1.7 3.1
v -0.5 2.3 3.6
v -0.5 2.3 3.5
v -0.5 2.6 3.6
v -0.5 2.6 3.5
v -0.5 3.6 3.5
v -0.5 3.6 3.4
v -0.5 3.7 3.5
v -0.5 3.7 3.4
v -0.5 3.7 3.3
v -0.5 3.8 3.4
v -0.5 3.8 3.3
v -0.5 4.1 3
v -0.5 4.1 2.9
v -0.5 4.3 3
v -0.5 4.3 2.9
v -0.5 4.3 2.6
v -0.5 4.4 2.9
v -0.5 4.4 2.6
v -0.4 1.5 3.2
v -0.4 1.5 3.1
v -0.4 1.6 3.2
v -0.4 1.6 3.1
v -0.4 1.6 0.2
v -0.4 1.6 0.0999999
v -0.4 1.6 -1.1
v -0.4 1.6 -1.2
v -0.4 1.7 0.3
v -0.4 1.7 0.2
v -0.4 1.7 0.0999999
v -0.4 1.7 -1.1
v -0.4 1.7 -1.2
v -0.4 1.7 -1.3
v -0.4 1.8 3.1
v -0.4 1.8 3
v -0.4 1.8 0.3
v -0.4 1.8 0.2
v -0.4 1.8 -1.2
v -0.4 1.8 -1.3
v -0.4 1.9 3.1
v -0.4 1.9 3
v -0.4 3 3.1
v -0.4 3 3
v -0.4 3.1 3.1
v -0.4 3.1 3
v -0.4 3.5 3.5
v -0.4 3.5 3.4
v -0.4 3.6 3.5
v -0.4 3.6 3.4
v -0.4 3.6 3.2
v -0.4 3.7 3.4
v -0.4 3.7 3.3
v -0.4 3.7 3.2
v -0.4 4.1 2.9
v -0.4 4.1 2.8
v -0.4 4.2 2.8
v -0.4 4.2 2.7
v -0.4 4.3 2.9
v -0.4 4.3 2.7
v -0.3 1.4 -0.2
v -0.3 1.4 -0.3
v -0.3 1.4 -0.7
v -0.3 1.4 -0.8
v -0.3 1.5 -0.2
v -0.3 1.5 -0.3
v -0.3 1.5 -0.7
v -0.3 1.5 -0.8
v -0.3 1.7 3.1
v -0.3 1.7 3
v -0.3 1.8 3.1
v -0.3 1.8 3
v -0.3 1.9 3.3
v -0.3 1.9 3.2
v -0.3 2 3.4
v -0.3 2 3.3
v -0.3 2 3.2
v -0.3 2.1 3.4
v -0.3 2.1 3.3
v -0.3 2.1 0.5
v -0.3 2.1 0.4
v -0.3 2.1 -1.4
v -0.3 2.1 -1.5
v -0.3 2.2 0.5
v -0.3 2.2 0.4
v -0.3 2.2 -1.4
v -0.3 2.2 -1.5
v -0.3 2.4 1.3
v -0.3 2.4 1.2
v -0.3 2.5 1.3
v -0.3 2.5 1.2
v -0.3 3.4 3.5
v -0.3 3.4 3.4
v -0.3 3.5 3.5
v -0.3 3.5 3.4
v -0.3 3.5 3.1
v -0.3 3.6 3.4
v -0.3 3.6 3.2
v -0.3 3.6 3.1
v -0.3 3.7 3.3
v -0.3 3.7 3.2
v -0.3 3.9 2.8
v -0.3 3.9 2.7
v -0.3 4 3.3
v -0.3 4 3.2
v -0.3 4 2.8
v -0.3 4.1 3.2
v -0.3 4.1 2.8
v -0.3 4.2 2.8
v -0.3 4.2 2.7
v -0.3 4.2 2.6
v -0.3 4.3 2.7
v -0.3 4.3 2.6
v -0.2 1.4 -0.3
v -0.2 1.4 -0.7
v -0.2 1.5 0
v -0.2 1.5 -0.1
v -0.2 1.5 -0.3
v -0.2 1.5 -0.7
v -0.2 1.5 -0.9
v -0.2 1.5 -1
v -0.2 1.6 0
v -0.2 1.6 -0.1
v -0.2 1.6 -0.9
v -0.2 1.6 -1
v -0.2 1.9 0.4
v -0.2 1.9 0.3
v -0.2 1.9 -1.3
v -0.2 1.9 -1.4
v -0.2 2 0.4
v -0.2 2 0.3
v -0.2 2 -1.3
v -0.2 2 -1.4
v -0.2 2.2 0.5
v -0.2 2.2 0.4
v -0.2 2.2 -1.4
v -0.2 2.2 -1.5
v -0.2 2.4 0.5
v -0.2 2.4 0.4
v -0.2 2.4 -1.4
v -0.2 2.4 -1.5
v -0.2 3.7 2.7
v -0.2 3.7 2.6
v -0.2 3.9 3.2
v -0.2 3.9 3.1
v -0.2 3.9 2.7
v -0.2 4 3.2
v -0.2 4 3.1
v -0.2 4.2 2.7
v -0.2 4.2 2.6
v -0.2 4.2 2.4
v -0.2 4.2 1.9
v -0.2 4.2 1.7
v -0.2 4.3 2.6
v -0.2 4.3 2.4
v -0.2 4.3 1.9
v -0.2 4.3 1.7
v -0.2 4.5 1.1
v -0.2 4.5 1
v -0.2 4.7 1.1
v -0.2 4.7 1
v -0.1 1.5 -0.1
v -0.1 1.5 -0.2
v -0.1 1.5 -0.8
v -0.1 1.5 -0.9
v -0.1 1.6 2.7
v -0.1 1.6 2.6
v -0.1 1.6 0.0999999
v -0.1 1.6 0
v -0.1 1.6 -0.1
v -0.1 1.6 -0.2
v -0.1 1.6 -0.8
v -0.1 1.6 -0.9
v -0.1 1.6 -1
v -0.1 1.6 -1.1
v -0.1 1.7 2.7
v -0.1 1.7 2.6
v -0.1 1.7 2.5
v -0.1 1.7 0.2
v -0.1 1.7 0.0999999
v -0.1 1.7 0
v -0.1 1.7 -1
v -0.1 1.7 -1.1
v -0.1 1.7 -1.2
v -0.1 1.8 2.6
v -0.1 1.8 2.5
v -0.1 1.8 0.3
v -0.1 1.8 0.2
v -0.1 1.8 0.0999999
v -0.1 1.8 -1.1
v -0.1 1.8 -1.2
v -0.1 1.8 -1.3
v -0.1 1.9 3.2
v -0.1 1.9 3
v -0.1 1.9 0.3
v -0.1 1.9 0.2
v -0.1 1.9 -1.2
v -0.1 1.9 -1.3
v -0.1 2 3.3
v -0.1 2 3.2
v -0.1 2 3
v -0.1 2 0.4
v -0.1 2 0.3
v -0.1 2 -1.3
v -0.1 2 -1.4
v -0.1 2.1 3.3
v -0.1 2.1 3.2
v -0.1 2.1 0.4
v -0.1 2.1 0.3
v -0.1 2.1 -1.3
v -0.1 2.1 -1.4
v -0.1 2.5 3.6
v -0.1 2.5 3.5
v -0.1 2.7 3.6
v -0.1 2.7 3.5
v -0.1 3.6 3.2
v -0.1 3.6 3.1
v -0.1 3.7 2.6
v -0.1 3.7 2.5
v -0.1 3.8 2.8
v -0.1 3.8 2.7
v -0.1 3.8 2.6
v -0.1 3.9 3.2
v -0.1 3.9 3.1
v -0.1 3.9 2.8
v -0.1 3.9 2.7
v -0.1 3.9 2.5
v -0.1 3.9 2.4
v -0.1 4 3.1
v -0.1 4 2.8
v -0.1 4.1 1.9
v -0.1 4.1 1.8
v -0.1 4.2 2.6
v -0.1 4.2 2.4
v -0.1 4.2 2.3
v -0.1 4.2 2
v -0.1 4.2 1.9
v -0.1 4.2 1.8
v -0.1 4.3 2.4
v -0.1 4.3 2.3
v -0.1 4.3 2
v -0.1 4.3 1.9
v -0.1 4.3 0.5
v -0.1 4.3 0.4
v -0.1 4.5 1.2
v -0.1 4.5 1.1
v -0.1 4.5 0.5
v -0.1 4.5 0.4
v -0.1 4.7 1.2
v -0.1 4.7 1.1
v -2.38419e-07 1.4 3.1
v -2.38419e-07 1.4 3
v -2.38419e-07 1.5 3.1
v -2.38419e-07 1.5 3
v -2.38419e-07 1.5 -0.2
v -2.38419e-07 1.5 -0.8
v -2.38419e-07 1.6 0
v -2.38419e-07 1.6 -0.1
v -2.38419e-07 1.6 -0.2
v -2.38419e-07 1.6 -0.8
v -2.38419e-07 1.6 -0.9
v -2.38419e-07 1.6 -1
v -2.38419e-07 1.7 0.0999999
v -2.38419e-07 1.7 0
v -2.38419e-07 1.7 -0.1
v -2.38419e-07 1.7 -0.9
v -2.38419e-07 1.7 -1
v -2.38419e-07 1.7 -1.1
v -2.38419e-07 1.8 0.2
v -2.38419e-07 1.8 0.0999999
v -2.38419e-07 1.8 0
v -2.38419e-07 1.8 -1
v -2.38419e-07 1.8 -1.1
v -2.38419e-07 1.8 -1.2
v -2.38419e-07 1.9 0.3
v -2.38419e-07 1.9 0.2
v -2.38419e-07 1.9 0.0999999
v -2.38419e-07 1.9 -1.1
v -2.38419e-07 1.9 -1.2
v -2.38419e-07 1.9 -1.3
v -2.38419e-07 2 3.2
v -2.38419e-07 2 3
v -2.38419e-07 2 0.3
v -2.38419e-07 2 0.2
v -2.38419e-07 2 -1.2
v -2.38419e-07 2 -1.3
v -2.38419e-07 2.1 3.2
v -2.38419e-07 2.1 3
v -2.38419e-07 2.1 2.4
v -2.38419e-07 2.1 2.3
v -2.38419e-07 2.1 0.4
v -2.38419e-07 2.1 0.3
v -2.38419e-07 2.1 -1.3
v -2.38419e-07 2.1 -1.4
v -2.38419e-07 2.2 2.4
v -2.38419e-07 2.2 2.3
v -2.38419e-07 2.4 0.4
v -2.38419e-07 2.4 0.3
v -2.38419e-07 2.4 -1.3
v -2.38419e-07 2.4 -1.4
v -2.38419e-07 3.7 3.1
v -2.38419e-07 3.7 3
v -2.38419e-07 3.8 3
v -2.38419e-07 3.8 2.9
v -2.38419e-07 3.9 3.1
v -2.38419e-07 3.9 2.9
v -2.38419e-07 4.1 2.4
v -2.38419e-07 4.1 2.3
v -2.38419e-07 4.1 2
v -2.38419e-07 4.1 1.9
v -2.38419e-07 4.1 -0.2
v -2.38419e-07 4.1 -0.3
v -2.38419e-07 4.2 2.4
v -2.38419e-07 4.2 2.3
v -2.38419e-07 4.2 2
v -2.38419e-07 4.2 1.9
v -2.38419e-07 4.3 2.3
v -2.38419e-07 4.3 2
v -2.38419e-07 4.3 -0.2
v -2.38419e-07 4.3 -0.3
v -2.38419e-07 4.5 1.7
v -2.38419e-07 4.5 1.2
v -2.38419e-07 4.7 1.7
v -2.38419e-07 4.7 1.2
v 0.0999999 1.4 3.2
v 0.0999999 1.4 3.1
v 0.0999999 1.5 3.2
v 0.0999999 1.5 3.1
v 0.0999999 1.5 2.9
v 0.0999999 1.5 2.8
v 0.0999999 1.6 2.9
v 0.0999999 1.6 2.8
v 0.0999999 1.6 -0.1
v 0.0999999 1.6 -0.4
v 0.0999999 1.6 -0.6
v 0.0999999 1.6 -0.9
v 0.0999999 1.7 0
v 0.0999999 1.7 -0.1
v 0.0999999 1.7 -0.4
v 0.0999999 1.7 -0.6
v 0.0999999 1.7 -0.9
v 0.0999999 1.7 -1
v 0.0999999 1.8 0.0999999
v 0.0999999 1.8 0
v 0.0999999 1.8 -0.1
v 0.0999999 1.8 -0.9
v 0.0999999 1.8 -1
v 0.0999999 1.8 -1.1
v 0.0999999 1.9 2.5
v 0.0999999 1.9 2.4
v 0.0999999 1.9 0.2
v 0.0999999 1.9 0.0999999
v 0.0999999 1.9 0
v 0.0999999 1.9 -1
v 0.0999999 1.9 -1.1
v 0.0999999 1.9 -1.2
v 0.0999999 2 2.5
v 0.0999999 2 2.4
v 0.0999999 2 0.3
v 0.0999999 2 0.2
v 0.0999999 2 0.0999999
v 0.0999999 2 -1.1
v 0.0999999 2 -1.2
v 0.0999999 2 -1.3
v 0.0999999 2.2 2.4
v 0.0999999 2.2 2.3
v 0.0999999 2.3 0.3
v 0.0999999 2.3 0.2
v 0.0999999 2.3 -1.2
v 0.0999999 2.3 -1.3
v 0.0999999 2.4 2.4
v 0.0999999 2.4 2.3
v 0.0999999 4.3 0.6
v 0.0999999 4.3 0.5
v 0.0999999 4.5 0.6
v 0.0999999 4.5 0.5
v 0.2 1.5 3
v 0.2 1.5 2.9
v 0.2 1.6 3
v 0.2 1.6 2.9
v 0.2 1.6 2.8
v 0.2 1.6 2.7
v 0.2 1.6 -0.4
v 0.2 1.6 -0.6
v 0.2 1.7 2.8
v 0.2 1.7 2.7
v 0.2 1.7 2.6
v 0.2 1.7 -0.1
v 0.2 1.7 -0.4
v 0.2 1.7 -0.6
v 0.2 1.7 -0.9
v 0.2 1.8 2.7
v 0.2 1.8 2.6
v 0.2 1.8 2.5
v 0.2 1.8 0
v 0.2 1.8 -0.1
v 0.2 1.8 -0.4
v 0.2 1.8 -0.6
v 0.2 1.8 -0.9
v 0.2 1.8 -1
v 0.2 1.9 2.6
v 0.2 1.9 2.5
v 0.2 1.9 0.0999999
v 0.2 1.9 0
v 0.2 1.9 -0.1
v 0.2 1.9 -0.9
v 0.2 1.9 -1
v 0.2 1.9 -1.1
v 0.2 2 2.5
v 0.2 2 2.4
v 0.2 2 0.2
v 0.2 2 0.0999999
v 0.2 2 0
v 0.2 2 -1
v 0.2 2 -1.1
v 0.2 2 -1.2
v 0.2 2.1 3.5
v 0.2 2.1 3.1
v 0.2 2.1 2.5
v 0.2 2.1 2.4
v 0.2 2.2 3.6
v 0.2 2.2 3.5
v 0.2 2.2 3.1
v 0.2 2.3 0.3
v 0.2 2.3 0.2
v 0.2 2.3 0.0999999
v 0.2 2.3 -1.1
v 0.2 2.3 -1.2
v 0.2 2.3 -1.3
v 0.2 2.4 0.3
v 0.2 2.4 0.2
v 0.2 2.4 -1.2
v 0.2 2.4 -1.3
v 0.2 2.5 3.6
v 0.2 2.5 3.5
v 0.2 3.8 -0.8
v 0.2 3.8 -0.9
v 0.2 4.1 -0.8
v 0.2 4.1 -0.9
v 0.2 4.3 0.7
v 0.2 4.3 0.6
v 0.2 4.5 0.7
v 0.2 4.5 0.6
v 0.3 1.5 3.2
v 0.3 1.5 3
v 0.3 1.6 3.2
v 0.3 1.6 3
v 0.3 1.6 2.9
v 0.3 1.6 2.8
v 0.3 1.7 2.9
v 0.3 1.7 2.8
v 0.3 1.7 2.7
v 0.3 1.7 -0.4
v 0.3 1.7 -0.6
v 0.3 1.8 2.8
v 0.3 1.8 2.7
v 0.3 1.8 2.6
v 0.3 1.8 -0.1
v 0.3 1.8 -0.4
v 0.3 1.8 -0.6
v 0.3 1.8 -0.9
v 0.3 1.9 2.7
v 0.3 1.9 2.6
v 0.3 1.9 2.5
v 0.3 1.9 0
v 0.3 1.9 -0.1
v 0.3 1.9 -0.2
v 0.3 1.9 -0.8
v 0.3 1.9 -0.9
v 0.3 1.9 -1
v 0.3 2 2.6
v 0.3 2 2.5
v 0.3 2 0.0999999
v 0.3 2 0
v 0.3 2 -0.1
v 0.3 2 -0.2
v 0.3 2 -0.8
v 0.3 2 -0.9
v 0.3 2 -1
v 0.3 2 -1.1
v 0.3 2.1 2.5
v 0.3 2.1 2.4
v 0.3 2.1 0
v 0.3 2.1 -0.1
v 0.3 2.1 -0.9
v 0.3 2.1 -1
v 0.3 2.2 3.5
v 0.3 2.2 3.1
v 0.3 2.3 3.4
v 0.3 2.3 3.1
v 0.3 2.3 0.2
v 0.3 2.3 0.0999999
v 0.3 2.3 -1.1
v 0.3 2.3 -1.2
v 0.3 2.4 3.5
v 0.3 2.4 3.4
v 0.3 2.4 2.5
v 0.3 2.4 2.4
v 0.3 2.4 0.2
v 0.3 2.4 0
v 0.3 2.4 -1
v 0.3 2.4 -1.2
v 0.3 2.4 -1.6
v 0.3 2.4 -1.7
v 0.3 2.5 3.6
v 0.3 2.5 3.5
v 0.3 2.6 -1.6
v 0.3 2.6 -1.7
v 0.3 2.6 -2
v 0.3 2.6 -2.1
v 0.3 2.7 2.5
v 0.3 2.7 2.4
v 0.3 2.7 -2
v 0.3 2.7 -2.1
v 0.3 2.8 3.6
v 0.3 2.8 3.5
v 0.3 2.9 2.5
v 0.3 2.9 2.4
v 0.3 2.9 -2
v 0.3 2.9 -2.1
v 0.3 3 -1.1
v 0.3 3 -1.2
v 0.3 3 -2
v 0.3 3 -2.1
v 0.3 3.3 -1
v 0.3 3.3 -1.1
v 0.3 3.3 -1.2
v 0.3 3.8 -1
v 0.3 3.8 -1.1
v 0.3 4.1 -0.1
v 0.3 4.1 -0.2
v 0.3 4.3 0.8
v 0.3 4.3 0.7
v 0.3 4.3 -0.1
v 0.3 4.3 -0.2
v 0.3 4.5 0.8
v 0.3 4.5 0.7
v 0.4 1.6 3.2
v 0.4 1.6 3
v 0.4 1.6 2.9
v 0.4 1.7 3.2
v 0.4 1.7 3
v 0.4 1.7 2.9
v 0.4 1.7 2.8
v 0.4 1.8 2.9
v 0.4 1.8 2.8
v 0.4 1.8 2.7
v 0.4 1.9 2.8
v 0.4 1.9 2.7
v 0.4 1.9 2.6
v 0.4 1.9 -0.2
v 0.4 1.9 -0.8
v 0.4 2 2.7
v 0.4 2 2.6
v 0.4 2 2.5
v 0.4 2 -0.1
v 0.4 2 -0.2
v 0.4 2 -0.8
v 0.4 2 -0.9
v 0.4 2.1 0
v 0.4 2.1 -0.1
v 0.4 2.1 -0.3
v 0.4 2.1 -0.7
v 0.4 2.1 -0.9
v 0.4 2.1 -1
v 0.4 2.2 2.6
v 0.4 2.2 2.5
v 0.4 2.2 -0.2
v 0.4 2.2 -0.3
v 0.4 2.2 -0.7
v 0.4 2.2 -0.8
v 0.4 2.3 3.4
v 0.4 2.3 3.1
v 0.4 2.4 3.5
v 0.4 2.4 3.4
v 0.4 2.4 3.1
v 0.4 2.4 0
v 0.4 2.4 -0.2
v 0.4 2.4 -0.8
v 0.4 2.4 -1
v 0.4 2.5 3.1
v 0.4 2.5 3
v 0.4 2.6 3.1
v 0.4 2.6 3
v 0.4 2.8 3.5
v 0.4 2.8 3.4
v 0.4 3 3.6
v 0.4 3 3.5
v 0.4 3.3 3.6
v 0.4 3.3 3.5
v 0.4 3.3 3.4
v 0.4 3.4 3.5
v 0.4 3.4 3.4
v 0.4 3.4 3.1
v 0.4 3.5 3.4
v 0.4 3.5 3.1
v 0.4 4.3 2.1
v 0.4 4.3 2
v 0.4 4.3 0.9
v 0.4 4.3 0.8
v 0.4 4.5 2.1
v 0.4 4.5 2
v 0.4 4.5 0.9
v 0.4 4.5 0.8
v 0.5 1.7 3.2
v 0.5 1.7 3
v 0.5 1.7 2.9
v 0.5 1.8 3.2
v 0.5 1.8 3
v 0.5 1.8 2.9
v 0.5 1.8 2.8
v 0.5 1.9 2.9
v 0.5 1.9 2.8
v 0.5 1.9 2.7
v 0.5 2 2.8
v 0.5 2 2.7
v 0.5 2 2.6
v 0.5 2.1 2.7
v 0.5 2.1 2.6
v 0.5 2.1 -0.3
v 0.5 2.1 -0.7
v 0.5 2.2 -0.2
v 0.5 2.2 -0.3
v 0.5 2.2 -0.7
v 0.5 2.2 -0.8
v 0.5 2.4 3.4
v 0.5 2.4 3.1
v 0.5 2.4 -0.2
v 0.5 2.4 -0.8
v 0.5 2.5 3.1
v 0.5 2.6 3.1
v 0.5 2.7 3.4
v 0.5 2.7 3.1
v 0.5 3.1 3.5
v 0.5 3.1 3.4
v 0.5 3.3 3.5
v 0.5 3.3 3.4
v 0.5 3.3 3.1
v 0.5 3.4 3.4
v 0.5 3.4 3.1
v 0.5 3.8 2.6
v 0.5 3.8 2.5
v 0.5 3.9 2.6
v 0.5 3.9 2.5
v 0.5 4.1 0
v 0.5 4.1 -0.1
v 0.5 4.3 2
v 0.5 4.3 1.8
v 0.5 4.3 1.1
v 0.5 4.3 0.9
v 0.5 4.3 0
v 0.5 4.3 -0.1
v 0.5 4.5 2
v 0.5 4.5 1.8
v 0.5 4.5 1.1
v 0.5 4.5 0.9
v 0.6 1.7 3.3
v 0.6 1.7 3.2
v 0.6 1.8 3.2
v 0.6 1.8 3
v 0.6 1.8 2.9
v 0.6 1.9 3.3
v 0.6 1.9 3
v 0.6 1.9 2.9
v 0.6 1.9 2.8
v 0.6 2 3
v 0.6 2 2.9
v 0.6 2 2.8
v 0.6 2 2.7
v 0.6 2.1 2.9
v 0.6 2.1 2.8
v 0.6 2.1 2.7
v 0.6 2.2 3.1
v 0.6 2.2 3
v 0.6 2.5 3.1
v 0.6 2.5 3
v 0.6 2.7 3.4
v 0.6 2.7 3.1
v 0.6 2.8 3.5
v 0.6 2.8 3.4
v 0.6 2.8 3.1
v 0.6 3 -1
v 0.6 3 -1.1
v 0.6 3.1 3.5
v 0.6 3.1 3.4
v 0.6 3.1 3.2
v 0.6 3.2 3.2
v 0.6 3.2 3.1
v 0.6 3.3 3.4
v 0.6 3.3 3.1
v 0.6 3.3 -0.9
v 0.6 3.3 -1
v 0.6 3.3 -1.1
v 0.6 3.6 3.1
v 0.6 3.6 3
v 0.6 3.7 3.1
v 0.6 3.7 3
v 0.6 3.7 2.9
v 0.6 3.8 3
v 0.6 3.8 2.9
v 0.6 3.8 2.6
v 0.6 3.8 -0.7
v 0.6 3.8 -0.8
v 0.6 3.8 -0.9
v 0.6 3.8 -1
v 0.6 3.9 2.9
v 0.6 3.9 2.6
v 0.6 4 -0.7
v 0.6 4.1 0.0999999
v 0.6 4.1 0
v 0.6 4.1 -0.7
v 0.6 4.1 -0.8
v 0.6 4.3 1.8
v 0.6 4.3 1.6
v 0.6 4.3 1.1
v 0.6 4.3 0.0999999
v 0.6 4.3 0
v 0.6 4.5 1.8
v 0.6 4.5 1.6
v 0.6 4.5 1.1
v 0.7 1.9 3.3
v 0.7 1.9 3
v 0.7 2 3
v 0.7 2 2.9
v 0.7 2.1 3.3
v 0.7 2.1 3.1
v 0.7 2.1 2.9
v 0.7 2.1 2.6
v 0.7 2.2 3.1
v 0.7 2.2 3
v 0.7 2.2 2.9
v 0.7 2.2 2.6
v 0.7 2.4 3
v 0.7 2.4 2.9
v 0.7 2.4 -1.5
v 0.7 2.4 -1.6
v 0.7 2.6 -1.5
v 0.7 2.6 -1.6
v 0.7 2.8 3.4
v 0.7 2.8 3.2
v 0.7 3.1 3.4
v 0.7 3.1 3.2
v 0.7 3.3 3.1
v 0.7 3.3 3
v 0.7 3.4 2.4
v 0.7 3.4 2.3
v 0.7 3.6 3.1
v 0.7 3.6 3
v 0.7 3.6 2.4
v 0.7 3.6 2.3
v 0.7 4.1 0.2
v 0.7 4.1 0.0999999
v 0.7 4.3 0.2
v 0.7 4.3 0.0999999
v 0.8 2.6 -1.9
v 0.8 2.6 -2
v 0.8 2.7 -1.9
v 0.8 2.7 -2
v 0.8 2.9 -1.9
v 0.8 2.9 -2
v 0.8 3 -1.9
v 0.8 3 -2
v 0.8 3.4 3
v 0.8 3.4 2.9
v 0.8 3.7 3
v 0.8 3.7 2.9
v 0.8 3.7 2.8
v 0.8 3.8 2.9
v 0.8 3.8 2.8
v 0.8 3.8 2.5
v 0.8 3.8 2.4
v 0.8 3.8 -0.6
v 0.8 3.8 -0.7
v 0.8 4.1 0.3
v 0.8 4.1 0.2
v 0.8 4.1 -0.6
v 0.8 4.1 -0.7
v 0.8 4.2 2.5
v 0.8 4.2 2.4
v 0.8 4.2 2.3
v 0.8 4.3 2.4
v 0.8 4.3 2.3
v 0.8 4.3 0.3
v 0.8 4.3 0.2
v 0.9 2.4 -1.4
v 0.9 2.4 -1.5
v 0.9 2.6 -1.4
v 0.9 2.6 -1.5
v 0.9 3 -0.9
v 0.9 3 -1
v 0.9 3.3 -0.8
v 0.9 3.3 -0.9
v 0.9 3.3 -1
v 0.9 3.5 2.9
v 0.9 3.5 2.8
v 0.9 3.6 -0.8
v 0.9 3.6 -0.9
v 0.9 3.7 2.9
v 0.9 3.7 2.8
v 0.9 3.7 -0.8
v 0.9 3.8 -0.8
v 0.9 3.8 -0.9
v 0.9 4.1 0.4
v 0.9 4.1 0.3
v 0.9 4.3 0.4
v 0.9 4.3 0.3
v 1 2.6 -1.8
v 1 2.6 -1.9
v 1 2.7 -1.8
v 1 2.7 -1.9
v 1 2.9 -1.8
v 1 2.9 -1.9
v 1 3 3.2
v 1 3 3.1
v 1 3 -1.8
v 1 3 -1.9
v 1 3.2 3.2
v 1 3.2 3.1
v 1 3.3 -0.7
v 1 3.3 -0.8
v 1 3.7 -0.7
v 1 3.7 -0.8
v 1 3.8 -0.5
v 1 3.8 -0.6
v 1 3.8 -0.7
v 1 3.8 -0.8
v 1 3.9 -0.5
v 1 3.9 -0.6
v 1 4.1 0.5
v 1 4.1 0.4
v 1 4.1 -0.5
v 1 4.1 -0.6
v 1 4.3 0.5
v 1 4.3 0.4
v 1.1 2.4 -1.3
v 1.1 2.4 -1.4
v 1.1 2.6 -1.3
v 1.1 2.6 -1.4
v 1.1 3 -0.8
v 1.1 3 -0.9
v 1.1 3.1 3.1
v 1.1 3.1 3
v 1.1 3.3 3.1
v 1.1 3.3 3
v 1.1 3.3 -0.8
v 1.1 3.3 -0.9
v 1.1 3.4 1.7
v 1.1 3.4 1.3
v 1.1 3.5 1.7
v 1.1 3.5 1.3
v 1.1 3.8 -0.4
v 1.1 3.8 -0.5
v 1.1 4.1 2.4
v 1.1 4.1 2.2
v 1.1 4.1 0.7
v 1.1 4.1 0.5
v 1.1 4.1 -0.4
v 1.1 4.1 -0.5
v 1.1 4.3 2.4
v 1.1 4.3 2.2
v 1.1 4.3 0.7
v 1.1 4.3 0.5
v 1.2 3 -0.7
v 1.2 3 -0.8
v 1.2 3.1 3
v 1.2 3.1 2.9
v 1.2 3.2 -0.7
v 1.2 3.3 -0.6
v 1.2 3.3 -0.7
v 1.2 3.3 -0.8
v 1.2 3.4 3
v 1.2 3.4 2.9
v 1.2 3.4 1.8
v 1.2 3.4 1.7
v 1.2 3.4 1.3
v 1.2 3.4 1.2
v 1.2 3.5 1.8
v 1.2 3.5 1.7
v 1.2 3.5 1.3
v 1.2 3.5 1.2
v 1.2 3.6 2.8
v 1.2 3.6 2.7
v 1.2 3.8 2.8
v 1.2 3.8 2.7
v 1.2 3.8 -0.6
v 1.2 3.8 -0.7
v 1.2 4.1 2.2
v 1.2 4.1 1.9
v 1.2 4.1 1
v 1.2 4.1 0.8
v 1.2 4.1 0.7
v 1.2 4.3 2.2
v 1.2 4.3 1.9
v 1.2 4.3 1
v 1.2 4.3 0.7
v 1.3 2.4 -1.2
v 1.3 2.4 -1.3
v 1.3 2.5 3.2
v 1.3 2.5 3.1
v 1.3 2.6 -1.2
v 1.3 2.6 -1.3
v 1.3 2.6 -1.7
v 1.3 2.6 -1.8
v 1.3 2.7 3.2
v 1.3 2.7 3.1
v 1.3 2.7 -1.7
v 1.3 2.7 -1.8
v 1.3 2.9 -1.7
v 1.3 2.9 -1.8
v 1.3 3 -1.7
v 1.3 3 -1.8
v 1.3 3.1 2.9
v 1.3 3.1 2.7
v 1.3 3.2 2.8
v 1.3 3.2 2.7
v 1.3 3.3 2.8
v 1.3 3.3 -0.5
v 1.3 3.3 -0.6
v 1.3 3.5 2.9
v 1.3 3.5 2.8
v 1.3 3.8 -0.3
v 1.3 3.8 -0.4
v 1.3 3.8 -0.5
v 1.3 3.8 -0.6
v 1.3 4.1 1.9
v 1.3 4.1 1
v 1.3 4.1 -0.3
v 1.3 4.1 -0.4
v 1.3 4.3 1.9
v 1.3 4.3 1
v 1.4 2.6 3.1
v 1.4 2.6 3
v 1.4 2.7 3.2
v 1.4 2.7 3.1
v 1.4 2.7 3
v 1.4 3 3.2
v 1.4 3 3.1
v 1.4 3 2.9
v 1.4 3 -0.6
v 1.4 3 -0.7
v 1.4 3.1 3.1
v 1.4 3.1 2.9
v 1.4 3.3 -0.6
v 1.4 3.3 -0.7
v 1.4 3.8 -0.2
v 1.4 3.8 -0.3
v 1.4 4.1 -0.2
v 1.4 4.1 -0.3
v 1.5 1.6 2.2
v 1.5 1.6 2.1
v 1.5 1.6 0.9
v 1.5 1.6 0.8
v 1.5 1.7 2.3
v 1.5 1.7 2.2
v 1.5 1.7 2.1
v 1.5 1.7 0.9
v 1.5 1.7 0.8
v 1.5 1.7 0.7
v 1.5 1.8 2.3
v 1.5 1.8 2.2
v 1.5 1.8 0.8
v 1.5 1.8 0.7
v 1.5 2.2 3
v 1.5 2.2 2.8
v 1.5 2.3 3.1
v 1.5 2.3 3
v 1.5 2.3 2.8
v 1.5 2.4 -1.1
v 1.5 2.4 -1.2
v 1.5 2.6 3.1
v 1.5 2.6 3
v 1.5 2.6 2.8
v 1.5 2.6 -1.1
v 1.5 2.6 -1.2
v 1.5 2.6 -1.6
v 1.5 2.6 -1.7
v 1.5 2.7 3.1
v 1.5 2.7 3
v 1.5 2.7 -1.6
v 1.5 2.7 -1.7
v 1.5 2.9 -1.6
v 1.5 2.9 -1.7
v 1.5 3 3.1
v 1.5 3 2.9
v 1.5 3 2.8
v 1.5 3 -0.5
v 1.5 3 -0.6
v 1.5 3 -1.6
v 1.5 3 -1.7
v 1.5 3.3 -0.4
v 1.5 3.3 -0.5
v 1.5 3.3 -0.6
v 1.5 3.8 -0.1
v 1.5 3.8 -0.2
v 1.5 3.8 -0.4
v 1.5 3.8 -0.5
v 1.5 4.1 -0.1
v 1.5 4.1 -0.2
v 1.6 1.4 1.8
v 1.6 1.4 1.7
v 1.6 1.4 1.3
v 1.6 1.4 1.2
v 1.6 1.5 1.8
v 1.6 1.5 1.7
v 1.6 1.5 1.3
v 1.6 1.5 1.2
v 1.6 2 2.7
v 1.6 2 2.4
v 1.6 2.1 2.8
v 1.6 2.1 2.7
v 1.6 2.1 2.4
v 1.6 2.1 0.6
v 1.6 2.1 0.5
v 1.6 2.2 0.6
v 1.6 2.2 0.5
v 1.6 2.3 3
v 1.6 2.3 2.8
v 1.6 2.4 2.9
v 1.6 2.4 2.7
v 1.6 2.4 -1
v 1.6 2.4 -1.1
v 1.6 2.5 2.9
v 1.6 2.5 2.8
v 1.6 2.6 3
v 1.6 2.6 2.8
v 1.6 2.6 -1
v 1.6 2.6 -1.1
v 1.6 2.6 -1.5
v 1.6 2.6 -1.6
v 1.6 2.7 -1.5
v 1.6 2.7 -1.6
v 1.6 2.9 -1.5
v 1.6 2.9 -1.6
v 1.6 3 -0.4
v 1.6 3 -0.5
v 1.6 3 -1.5
v 1.6 3 -1.6
v 1.6 3.3 -0.3
v 1.6 3.3 -0.4
v 1.6 3.3 -0.5
v 1.6 3.4 -0.3
v 1.6 3.6 3.3
v 1.6 3.6 3.2
v 1.6 3.8 3.3
v 1.6 3.8 3.2
v 1.6 3.8 3
v 1.6 3.8 2.8
v 1.6 3.8 0.0999999
v 1.6 3.8 0
v 1.6 3.8 -0.1
v 1.6 3.8 -0.3
v 1.6 3.8 -0.4
v 1.6 4.1 3
v 1.6 4.1 2.8
v 1.6 4.1 0.0999999
v 1.6 4.1 -0.1
v 1.7 1.4 1.7
v 1.7 1.4 1.3
v 1.7 1.5 2
v 1.7 1.5 1.9
v 1.7 1.5 1.7
v 1.7 1.5 1.3
v 1.7 1.5 1.1
v 1.7 1.5 1
v 1.7 1.6 2
v 1.7 1.6 1.9
v 1.7 1.6 1.1
v 1.7 1.6 1
v 1.7 1.9 2.4
v 1.7 1.9 2.3
v 1.7 1.9 0.7
v 1.7 1.9 0.6
v 1.7 2 2.4
v 1.7 2 2.3
v 1.7 2 0.7
v 1.7 2 0.6
v 1.7 2.1 2.7
v 1.7 2.1 2.4
v 1.7 2.2 2.5
v 1.7 2.2 2.4
v 1.7 2.2 0.6
v 1.7 2.2 0.5
v 1.7 2.4 2.7
v 1.7 2.4 2.5
v 1.7 2.4 2.4
v 1.7 2.4 0.6
v 1.7 2.4 0.5
v 1.7 2.4 -0.9
v 1.7 2.4 -1
v 1.7 2.6 -0.9
v 1.7 2.6 -1
v 1.7 3 -0.3
v 1.7 3 -0.4
v 1.7 3.3 3.1
v 1.7 3.3 3
v 1.7 3.3 -0.1
v 1.7 3.3 -0.3
v 1.7 3.3 -0.4
v 1.7 3.4 3.2
v 1.7 3.4 3.1
v 1.7 3.4 -0.2
v 1.7 3.4 -0.3
v 1.7 3.6 -0.1
v 1.7 3.6 -0.2
v 1.7 3.7 -0.1
v 1.7 3.8 3.2
v 1.7 3.8 3
v 1.7 3.8 2.8
v 1.7 3.8 2.7
v 1.7 3.8 0.2
v 1.7 3.8 0.0999999
v 1.7 3.8 -0.1
v 1.7 3.8 -0.3
v 1.7 4.1 2.8
v 1.7 4.1 2.7
v 1.7 4.1 0.2
v 1.7 4.1 0.0999999
v 1.8 1.5 1.9
v 1.8 1.5 1.8
v 1.8 1.5 1.2
v 1.8 1.5 1.1
v 1.8 1.6 2.1
v 1.8 1.6 2
v 1.8 1.6 1.9
v 1.8 1.6 1.8
v 1.8 1.6 1.2
v 1.8 1.6 1.1
v 1.8 1.6 1
v 1.8 1.6 0.9
v 1.8 1.7 2.2
v 1.8 1.7 2.1
v 1.8 1.7 2
v 1.8 1.7 1
v 1.8 1.7 0.9
v 1.8 1.7 0.8
v 1.8 1.8 2.3
v 1.8 1.8 2.2
v 1.8 1.8 2.1
v 1.8 1.8 0.9
v 1.8 1.8 0.8
v 1.8 1.8 0.7
v 1.8 1.9 2.3
v 1.8 1.9 2.2
v 1.8 1.9 0.8
v 1.8 1.9 0.7
v 1.8 2 2.4
v 1.8 2 2.3
v 1.8 2 0.7
v 1.8 2 0.6
v 1.8 2.1 2.4
v 1.8 2.1 2.3
v 1.8 2.1 0.7
v 1.8 2.1 0.6
v 1.8 2.4 -0.8
v 1.8 2.4 -0.9
v 1.8 2.6 -0.8
v 1.8 2.6 -0.9
v 1.8 2.6 -1.4
v 1.8 2.6 -1.5
v 1.8 2.7 -1.4
v 1.8 2.7 -1.5
v 1.8 2.9 -1.4
v 1.8 2.9 -1.5
v 1.8 3 -0.2
v 1.8 3 -0.3
v 1.8 3 -1.4
v 1.8 3 -1.5
v 1.8 3.3 3
v 1.8 3.3 2.9
v 1.8 3.3 0
v 1.8 3.3 -0.1
v 1.8 3.3 -0.2
v 1.8 3.3 -0.3
v 1.8 3.7 0
v 1.8 3.7 -0.1
v 1.8 3.8 3
v 1.8 3.8 2.9
v 1.8 3.8 2.7
v 1.8 3.8 2.5
v 1.8 3.8 0.4
v 1.8 3.8 0.2
v 1.8 3.8 0
v 1.8 3.8 -0.1
v 1.8 4.1 2.7
v 1.8 4.1 2.5
v 1.8 4.1 0.4
v 1.8 4.1 0.2
v 1.9 1.5 1.8
v 1.9 1.5 1.2
v 1.9 1.6 2
v 1.9 1.6 1.9
v 1.9 1.6 1.8
v 1.9 1.6 1.2
v 1.9 1.6 1.1
v 1.9 1.6 1
v 1.9 1.7 2.1
v 1.9 1.7 2
v 1.9 1.7 1.9
v 1.9 1.7 1.1
v 1.9 1.7 1
v 1.9 1.7 0.9
v 1.9 1.8 2.2
v 1.9 1.8 2.1
v 1.9 1.8 2
v 1.9 1.8 1
v 1.9 1.8 0.9
v 1.9 1.8 0.8
v 1.9 1.9 2.3
v 1.9 1.9 2.2
v 1.9 1.9 2.1
v 1.9 1.9 0.9
v 1.9 1.9 0.8
v 1.9 1.9 0.7
v 1.9 2 2.3
v 1.9 2 2.2
v 1.9 2 0.8
v 1.9 2 0.7
v 1.9 2.1 2.4
v 1.9 2.1 2.3
v 1.9 2.1 0.7
v 1.9 2.1 0.6
v 1.9 2.4 2.4
v 1.9 2.4 2.3
v 1.9 2.4 0.7
v 1.9 2.4 0.6
v 1.9 2.4 -0.7
v 1.9 2.4 -0.8
v 1.9 2.6 -0.7
v 1.9 2.6 -0.8
v 1.9 2.6 -1.3
v 1.9 2.6 -1.4
v 1.9 2.7 -1.3
v 1.9 2.7 -1.4
v 1.9 2.9 -1.3
v 1.9 2.9 -1.4
v 1.9 3 3
v 1.9 3 2.9
v 1.9 3 0
v 1.9 3 -0.2
v 1.9 3 -1.3
v 1.9 3 -1.4
v 1.9 3.2 3.1
v 1.9 3.2 3
v 1.9 3.3 3.1
v 1.9 3.3 2.9
v 1.9 3.3 2.7
v 1.9 3.3 0.2
v 1.9 3.3 0
v 1.9 3.3 -0.2
v 1.9 3.8 2.9
v 1.9 3.8 2.7
v 1.9 3.8 2.5
v 1.9 3.8 2.4
v 1.9 3.8 2.3
v 1.9 3.8 0.6
v 1.9 3.8 0.4
v 1.9 3.8 0.2
v 1.9 3.8 0
v 1.9 3.9 2.3
v 1.9 4.1 2.5
v 1.9 4.1 2.4
v 1.9 4.1 2.3
v 1.9 4.1 0.6
v 1.9 4.1 0.4
v 2 1.6 1.9
v 2 1.6 1.6
v 2 1.6 1.4
v 2 1.6 1.1
v 2 1.7 2
v 2 1.7 1.9
v 2 1.7 1.6
v 2 1.7 1.4
v 2 1.7 1.1
v 2 1.7 1
v 2 1.8 2.1
v 2 1.8 2
v 2 1.8 1.9
v 2 1.8 1.1
v 2 1.8 1
v 2 1.8 0.9
v 2 1.9 2.2
v 2 1.9 2.1
v 2 1.9 2
v 2 1.9 1
v 2 1.9 0.9
v 2 1.9 0.8
v 2 2 2.3
v 2 2 2.2
v 2 2 2.1
v 2 2 0.9
v 2 2 0.8
v 2 2 0.7
v 2 2.3 2.3
v 2 2.3 2.2
v 2 2.3 0.8
v 2 2.3 0.7
v 2 2.4 -0.6
v 2 2.4 -0.7
v 2 2.6 -0.6
v 2 2.6 -0.7
v 2 2.6 -1.2
v 2 2.6 -1.3
v 2 2.7 -1.2
v 2 2.7 -1.3
v 2 2.9 -1.2
v 2 2.9 -1.3
v 2 3 2.9
v 2 3 2.8
v 2 3 0.0999999
v 2 3 0
v 2 3 -1.2
v 2 3 -1.3
v 2 3.3 2.9
v 2 3.3 2.8
v 2 3.3 2.7
v 2 3.3 2.6
v 2 3.3 0.3
v 2 3.3 0.2
v 2 3.3 0.0999999
v 2 3.3 0
v 2 3.8 2.7
v 2 3.8 2.6
v 2 3.8 2.3
v 2 3.8 2.2
v 2 3.8 1.9
v 2 3.8 1
v 2 3.8 0.6
v 2 3.8 0.3
v 2 3.8 0.2
v 2 3.9 2.3
v 2 3.9 2.2
v 2 4.1 2.3
v 2 4.1 1.9
v 2 4.1 1
v 2 4.1 0.6
v 2.1 1.6 1.6
v 2.1 1.6 1.4
v 2.1 1.7 1.9
v 2.1 1.7 1.6
v 2.1 1.7 1.4
v 2.1 1.7 1.1
v 2.1 1.8 2
v 2.1 1.8 1.9
v 2.1 1.8 1.6
v 2.1 1.8 1.4
v 2.1 1.8 1.1
v 2.1 1.8 1
v 2.1 1.9 2.1
v 2.1 1.9 2
v 2.1 1.9 1.9
v 2.1 1.9 1.1
v 2.1 1.9 1
v 2.1 1.9 0.9
v 2.1 2 2.2
v 2.1 2 2.1
v 2.1 2 2
v 2.1 2 1
v 2.1 2 0.9
v 2.1 2 0.8
v 2.1 2.3 2.3
v 2.1 2.3 2.2
v 2.1 2.3 2.1
v 2.1 2.3 0.9
v 2.1 2.3 0.8
v 2.1 2.3 0.7
v 2.1 2.4 3.1
v 2.1 2.4 3
v 2.1 2.4 2.3
v 2.1 2.4 2.2
v 2.1 2.4 0.8
v 2.1 2.4 0.7
v 2.1 2.4 -0.5
v 2.1 2.4 -0.6
v 2.1 2.6 3.1
v 2.1 2.6 3
v 2.1 2.6 -0.5
v 2.1 2.6 -0.6
v 2.1 2.6 -1.1
v 2.1 2.6 -1.2
v 2.1 2.7 -1.1
v 2.1 2.7 -1.2
v 2.1 2.9 -1.1
v 2.1 2.9 -1.2
v 2.1 3 2.8
v 2.1 3 2.6
v 2.1 3 0.3
v 2.1 3 0.0999999
v 2.1 3 -1.1
v 2.1 3 -1.2
v 2.1 3.3 2.8
v 2.1 3.3 2.6
v 2.1 3.3 2.4
v 2.1 3.3 2.3
v 2.1 3.3 0.6
v 2.1 3.3 0.3
v 2.1 3.3 0.0999999
v 2.1 3.4 2.3
v 2.1 3.8 2.6
v 2.1 3.8 2.4
v 2.1 3.8 2.3
v 2.1 3.8 1.9
v 2.1 3.8 1
v 2.1 3.8 0.6
v 2.1 3.8 0.3
v 2.1 4.1 1.9
v 2.1 4.1 1
v 2.2 1.7 1.6
v 2.2 1.7 1.4
v 2.2 1.8 1.9
v 2.2 1.8 1.6
v 2.2 1.8 1.4
v 2.2 1.8 1.1
v 2.2 1.9 2
v 2.2 1.9 1.9
v 2.2 1.9 1.8
v 2.2 1.9 1.2
v 2.2 1.9 1.1
v 2.2 1.9 1
v 2.2 2 2.1
v 2.2 2 2
v 2.2 2 1.9
v 2.2 2 1.8
v 2.2 2 1.2
v 2.2 2 1.1
v 2.2 2 1
v 2.2 2 0.9
v 2.2 2.1 2
v 2.2 2.1 1.9
v 2.2 2.1 1.1
v 2.2 2.1 1
v 2.2 2.3 2.2
v 2.2 2.3 2.1
v 2.2 2.3 0.9
v 2.2 2.3 0.8
v 2.2 2.4 3
v 2.2 2.4 2.8
v 2.2 2.4 2.2
v 2.2 2.4 2
v 2.2 2.4 1
v 2.2 2.4 0.8
v 2.2 2.4 -0.3
v 2.2 2.4 -0.5
v 2.2 2.6 3
v 2.2 2.6 2.8
v 2.2 2.6 -0.3
v 2.2 2.6 -0.5
v 2.2 2.6 -1
v 2.2 2.6 -1.1
v 2.2 2.7 -1
v 2.2 2.7 -1.1
v 2.2 2.9 -1
v 2.2 2.9 -1.1
v 2.2 3 2.6
v 2.2 3 2.4
v 2.2 3 2.3
v 2.2 3 0.6
v 2.2 3 0.3
v 2.2 3 -1
v 2.2 3 -1.1
v 2.2 3.3 2.6
v 2.2 3.3 2.4
v 2.2 3.3 2.3
v 2.2 3.3 2.2
v 2.2 3.3 2
v 2.2 3.3 0.9
v 2.2 3.3 0.6
v 2.2 3.3 0.3
v 2.2 3.4 2.3
v 2.2 3.4 2.2
v 2.2 3.8 2.3
v 2.2 3.8 2
v 2.2 3.8 0.9
v 2.2 3.8 0.6
v 2.3 1.9 1.8
v 2.3 1.9 1.2
v 2.3 2 1.9
v 2.3 2 1.8
v 2.3 2 1.2
v 2.3 2 1.1
v 2.3 2.1 2
v 2.3 2.1 1.9
v 2.3 2.1 1.7
v 2.3 2.1 1.3
v 2.3 2.1 1.1
v 2.3 2.1 1
v 2.3 2.2 1.8
v 2.3 2.2 1.7
v 2.3 2.2 1.3
v 2.3 2.2 1.2
v 2.3 2.4 2.8
v 2.3 2.4 2.6
v 2.3 2.4 2
v 2.3 2.4 1.8
v 2.3 2.4 1.2
v 2.3 2.4 1
v 2.3 2.4 -0.1
v 2.3 2.4 -0.3
v 2.3 2.6 2.8
v 2.3 2.6 2.6
v 2.3 2.6 -0.1
v 2.3 2.6 -0.3
v 2.3 2.6 -0.9
v 2.3 2.6 -1
v 2.3 2.7 -0.9
v 2.3 2.7 -1
v 2.3 2.9 -0.9
v 2.3 2.9 -1
v 2.3 3 2.3
v 2.3 3 2
v 2.3 3 0.9
v 2.3 3 0.6
v 2.3 3 -0.9
v 2.3 3 -1
v 2.3 3.3 2.3
v 2.3 3.3 2
v 2.3 3.3 0.9
v 2.3 3.3 0.6
v 2.3 3.8 2
v 2.3 3.8 0.9
v 2.4 2.1 1.7
v 2.4 2.1 1.3
v 2.4 2.2 1.8
v 2.4 2.2 1.7
v 2.4 2.2 1.3
v 2.4 2.2 1.2
v 2.4 2.4 2.6
v 2.4 2.4 2.4
v 2.4 2.4 1.8
v 2.4 2.4 1.2
v 2.4 2.4 0.0999999
v 2.4 2.4 -0.1
v 2.4 2.6 2.6
v 2.4 2.6 2.4
v 2.4 2.6 0.0999999
v 2.4 2.6 -0.1
v 2.4 2.6 -0.8
v 2.4 2.6 -0.9
v 2.4 2.7 -0.8
v 2.4 2.7 -0.9
v 2.4 2.9 -0.8
v 2.4 2.9 -0.9
v 2.4 3 2
v 2.4 3 0.9
v 2.4 3 -0.8
v 2.4 3 -0.9
v 2.4 3.3 2
v 2.4 3.3 0.9
v 2.5 2.4 2.4
v 2.5 2.4 2.2
v 2.5 2.4 0.3
v 2.5 2.4 0.0999999
v 2.5 2.6 3.5
v 2.5 2.6 3.4
v 2.5 2.6 2.4
v 2.5 2.6 2.2
v 2.5 2.6 0.3
v 2.5 2.6 0.0999999
v 2.5 2.6 -0.7
v 2.5 2.6 -0.8
v 2.5 2.7 3.5
v 2.5 2.7 3.4
v 2.5 2.7 -0.7
v 2.5 2.7 -0.8
v 2.5 2.9 3.5
v 2.5 2.9 3.4
v 2.5 2.9 -0.7
v 2.5 2.9 -0.8
v 2.5 3 3.5
v 2.5 3 3.4
v 2.5 3 -0.7
v 2.5 3 -0.8
v 2.6 2.4 2.2
v 2.6 2.4 1.8
v 2.6 2.4 0.7
v 2.6 2.4 0.3
v 2.6 2.6 3.4
v 2.6 2.6 3.2
v 2.6 2.6 2.2
v 2.6 2.6 1.8
v 2.6 2.6 0.7
v 2.6 2.6 0.3
v 2.6 2.6 -0.5
v 2.6 2.6 -0.7
v 2.6 2.7 3.4
v 2.6 2.7 3.2
v 2.6 2.7 -0.5
v 2.6 2.7 -0.7
v 2.6 2.9 3.4
v 2.6 2.9 3.2
v 2.6 2.9 -0.5
v 2.6 2.9 -0.7
v 2.6 3 3.4
v 2.6 3 3.2
v 2.6 3 -0.5
v 2.6 3 -0.7
v 2.7 2.4 1.8
v 2.7 2.4 0.7
v 2.7 2.6 3.2
v 2.7 2.6 3.1
v 2.7 2.6 1.8
v 2.7 2.6 0.7
v 2.7 2.6 -0.4
v 2.7 2.6 -0.5
v 2.7 2.7 3.2
v 2.7 2.7 3.1
v 2.7 2.7 -0.4
v 2.7 2.7 -0.5
v 2.7 2.9 3.2
v 2.7 2.9 3.1
v 2.7 2.9 -0.4
v 2.7 2.9 -0.5
v 2.7 3 3.2
v 2.7 3 3.1
v 2.7 3 -0.4
v 2.7 3 -0.5
v 2.8 2.6 3.1
v 2.8 2.6 2.9
v 2.8 2.6 -0.2
v 2.8 2.6 -0.4
v 2.8 2.7 3.1
v 2.8 2.7 2.9
v 2.8 2.7 -0.2
v 2.8 2.7 -0.4
v 2.8 2.9 3.1
v 2.8 2.9 2.9
v 2.8 2.9 -0.2
v 2.8 2.9 -0.4
v 2.8 3 3.1
v 2.8 3 2.9
v 2.8 3 -0.2
v 2.8 3 -0.4
v 2.9 2.6 2.9
v 2.9 2.6 2.6
v 2.9 2.6 0.0999999
v 2.9 2.6 -0.2
v 2.9 2.7 2.9
v 2.9 2.7 2.6
v 2.9 2.7 0.0999999
v 2.9 2.7 -0.2
v 2.9 2.9 2.9
v 2.9 2.9 2.6
v 2.9 2.9 0.0999999
v 2.9 2.9 -0.2
v 2.9 3 2.9
v 2.9 3 2.6
v 2.9 3 0.0999999
v 2.9 3 -0.2
v 3 2.6 2.6
v 3 2.6 2.4
v 3 2.6 0.3
v 3 2.6 0.0999999
v 3 2.7 2.6
v 3 2.7 2.4
v 3 2.7 0.3
v 3 2.7 0.0999999
v 3 2.9 2.6
v 3 2.9 2.4
v 3 2.9 0.3
v 3 2.9 0.0999999
v 3 3 2.6
v 3 3 2.4
v 3 3 0.3
v 3 3 0.0999999
v 3.1 2.6 2.4
v 3.1 2.6 1.9
v 3.1 2.6 0.8
v 3.1 2.6 0.3
v 3.1 2.7 2.4
v 3.1 2.7 1.9
v 3.1 2.7 0.8
v 3.1 2.7 0.3
v 3.1 2.9 2.4
v 3.1 2.9 1.9
v 3.1 2.9 0.8
v 3.1 2.9 0.3
v 3.1 3 2.4
v 3.1 3 1.9
v 3.1 3 0.8
v 3.1 3 0.3
v 3.2 2.6 1.9
v 3.2 2.6 0.8
v 3.2 2.7 1.9
v 3.2 2.7 0.8
v 3.2 2.9 1.9
v 3.2 2.9 0.8
v 3.2 3 1.9
v 3.2 3 0.8
v -1.1 2 3.7
v -1.1 2.1 3.7
v -1 2 3.7
v -1 2.1 3.7
v -1.6 2.4 3.6
v -1.6 2.5 3.6
v -1.4 2.4 3.6
v -1.4 2.5 3.6
v -1.1 1.9 3.6
v -1.1 2 3.6
v -1.1 2.1 3.6
v -1.1 2.2 3.6
v -1.1 2.4 3.6
v -1.1 2.7 3.6
v -1 1.9 3.6
v -1 2 3.6
v -1 2.1 3.6
v -1 2.2 3.6
v -0.9 2.3 3.6
v -0.9 2.4 3.6
v -0.7 2.6 3.6
v -0.7 2.7 3.6
v -0.5 2.3 3.6
v -0.5 2.6 3.6
v -0.4 2.3 3.6
v -0.4 2.7 3.6
v -0.3 2.2 3.6
v -0.3 2.3 3.6
v -0.1 2.5 3.6
v -0.1 2.7 3.6
v -2.38419e-07 2.5 3.6
v -2.38419e-07 2.8 3.6
v 0.0999999 3 3.6
v 0.0999999 3.3 3.6
v 0.2 2.2 3.6
v 0.2 2.5 3.6
v 0.3 2.5 3.6
v 0.3 2.8 3.6
v 0.4 3 3.6
v 0.4 3.3 3.6
v -1.9 2.4 3.5
v -1.9 2.5 3.5
v -1.7 2.5 3.5
v -1.7 2.6 3.5
v -1.6 2.4 3.5
v -1.6 2.5 3.5
v -1.6 2.6 3.5
v -1.6 2.7 3.5
v -1.4 2.4 3.5
v -1.4 2.5 3.5
v -1.4 2.7 3.5
v -1.4 3 3.5
v -1.3 2.4 3.5
v -1.3 2.5 3.5
v -1.3 3 3.5
v -1.3 3.2 3.5
v -1.2 2.1 3.5
v -1.2 2.3 3.5
v -1.2 2.4 3.5
v -1.2 2.7 3.5
v -1.1 2.1 3.5
v -1.1 2.2 3.5
v -1.1 2.3 3.5
v -1.1 2.4 3.5
v -1.1 2.7 3.5
v -1.1 2.8 3.5
v -1.1 2.9 3.5
v -1 1.8 3.5
v -1 1.9 3.5
v -1 2.2 3.5
v -1 2.9 3.5
v -1 3.2 3.5
v -0.9 1.8 3.5
v -0.9 2.2 3.5
v -0.9 2.3 3.5
v -0.9 2.4 3.5
v -0.9 3.2 3.5
v -0.9 3.5 3.5
v -0.8 3.5 3.5
v -0.8 3.7 3.5
v -0.7 2.6 3.5
v -0.7 2.7 3.5
v -0.5 2.3 3.5
v -0.5 2.6 3.5
v -0.5 3.1 3.5
v -0.5 3.2 3.5
v -0.5 3.6 3.5
v -0.5 3.7 3.5
v -0.4 2.3 3.5
v -0.4 2.7 3.5
v -0.4 3.5 3.5
v -0.4 3.6 3.5
v -0.3 2.1 3.5
v -0.3 2.2 3.5
v -0.3 2.3 3.5
v -0.3 3 3.5
v -0.3 3.1 3.5
v -0.3 3.4 3.5
v -0.3 3.5 3.5
v -0.1 2.5 3.5
v -0.1 2.7 3.5
v -0.1 2.8 3.5
v -0.1 3 3.5
v -2.38419e-07 2.5 3.5
v -2.38419e-07 2.8 3.5
v 0.0999999 3 3.5
v 0.0999999 3.3 3.5
v 0.2 2.1 3.5
v 0.2 2.2 3.5
v 0.2 2.5 3.5
v 0.3 2.2 3.5
v 0.3 2.4 3.5
v 0.3 2.5 3.5
v 0.3 2.8 3.5
v 0.4 2.4 3.5
v 0.4 2.8 3.5
v 0.4 3 3.5
v 0.4 3.3 3.5
v 0.4 3.4 3.5
v 0.5 3.1 3.5
v 0.5 3.3 3.5
v 0.6 2.8 3.5
v 0.6 3.1 3.5
v 2.4 2.6 3.5
v 2.4 2.7 3.5
v 2.4 2.9 3.5
v 2.4 3 3.5
v 2.5 2.6 3.5
v 2.5 2.7 3.5
v 2.5 2.9 3.5
v 2.5 3 3.5
v -2 2.4 3.4
v -2 2.5 3.4
v -1.9 2.4 3.4
v -1.9 2.5 3.4
v -1.9 2.7 3.4
v -1.9 3 3.4
v -1.7 2.5 3.4
v -1.7 2.6 3.4
v -1.6 2.6 3.4
v -1.6 2.7 3.4
v -1.4 2.5 3.4
v -1.4 2.7 3.4
v -1.4 3 3.4
v -1.4 3.2 3.4
v -1.3 2.4 3.4
v -1.3 2.5 3.4
v -1.3 2.6 3.4
v -1.3 2.7 3.4
v -1.3 3 3.4
v -1.3 3.2 3.4
v -1.3 3.3 3.4
v -1.2 2.3 3.4
v -1.2 2.4 3.4
v -1.2 2.6 3.4
v -1.2 2.7 3.4
v -1.1 2.3 3.4
v -1.1 2.4 3.4
v -1.1 2.8 3.4
v -1.1 2.9 3.4
v -1 1.7 3.4
v -1 1.8 3.4
v -1 2.9 3.4
v -1 3.2 3.4
v -1 3.3 3.4
v -1 3.6 3.4
v -0.9 1.6 3.4
v -0.9 1.7 3.4
v -0.9 1.8 3.4
v -0.9 1.9 3.4
v -0.9 2.1 3.4
v -0.9 2.2 3.4
v -0.9 2.9 3.4
v -0.9 3.1 3.4
v -0.9 3.2 3.4
v -0.9 3.5 3.4
v -0.9 3.6 3.4
v -0.9 3.8 3.4
v -0.8 1.6 3.4
v -0.8 1.9 3.4
v -0.8 2.1 3.4
v -0.8 2.2 3.4
v -0.8 3.5 3.4
v -0.8 3.7 3.4
v -0.7 2 3.4
v -0.7 2.2 3.4
v -0.5 3 3.4
v -0.5 3.1 3.4
v -0.5 3.2 3.4
v -0.5 3.6 3.4
v -0.5 3.7 3.4
v -0.5 3.8 3.4
v -0.4 3.5 3.4
v -0.4 3.6 3.4
v -0.4 3.7 3.4
v -0.3 2 3.4
v -0.3 2.1 3.4
v -0.3 2.2 3.4
v -0.3 2.9 3.4
v -0.3 3 3.4
v -0.3 3.1 3.4
v -0.3 3.4 3.4
v -0.3 3.5 3.4
v -0.3 3.6 3.4
v -0.1 2.8 3.4
v -0.1 3 3.4
v 0.3 2.3 3.4
v 0.3 2.4 3.4
v 0.4 2.3 3.4
v 0.4 2.4 3.4
v 0.4 2.8 3.4
v 0.4 3.3 3.4
v 0.4 3.4 3.4
v 0.4 3.5 3.4
v 0.5 2.4 3.4
v 0.5 2.7 3.4
v 0.5 3.1 3.4
v 0.5 3.3 3.4
v 0.5 3.4 3.4
v 0.6 2.7 3.4
v 0.6 2.8 3.4
v 0.6 3.1 3.4
v 0.6 3.3 3.4
v 0.7 2.8 3.4
v 0.7 3.1 3.4
v 2.3 2.6 3.4
v 2.3 2.7 3.4
v 2.3 2.9 3.4
v 2.3 3 3.4
v 2.4 2.6 3.4
v 2.4 2.7 3.4
v 2.4 2.9 3.4
v 2.4 3 3.4
v 2.5 2.6 3.4
v 2.5 2.7 3.4
v 2.5 2.9 3.4
v 2.5 3 3.4
v 2.6 2.6 3.4
v 2.6 2.7 3.4
v 2.6 2.9 3.4
v 2.6 3 3.4
v -2.1 2.7 3.3
v -2.1 3 3.3
v -2 2.5 3.3
v -2 2.6 3.3
v -1.9 2.5 3.3
v -1.9 2.6 3.3
v -1.9 2.7 3.3
v -1.9 3 3.3
v -1.9 3.1 3.3
v -1.4 3 3.3
v -1.4 3.1 3.3
v -1.1 3.3 3.3
v -1.1 3.6 3.3
v -1 3.3 3.3
v -1 3.6 3.3
v -1 3.8 3.3
v -0.9 1.9 3.3
v -0.9 2.1 3.3
v -0.9 2.9 3.3
v -0.9 3.1 3.3
v -0.9 3.6 3.3
v -0.9 3.8 3.3
v -0.9 3.9 3.3
v -0.8 1.6 3.3
v -0.8 1.9 3.3
v -0.8 2 3.3
v -0.8 2.1 3.3
v -0.8 2.2 3.3
v -0.8 3.9 3.3
v -0.8 4 3.3
v -0.7 1.5 3.3
v -0.7 1.6 3.3
v -0.7 1.9 3.3
v -0.7 2 3.3
v -0.7 2.1 3.3
v -0.7 2.2 3.3
v -0.6 1.5 3.3
v -0.6 1.6 3.3
v -0.5 3 3.3
v -0.5 3.1 3.3
v -0.5 3.7 3.3
v -0.5 3.8 3.3
v -0.4 3.7 3.3
v -0.3 1.9 3.3
v -0.3 2 3.3
v -0.3 2.1 3.3
v -0.3 2.9 3.3
v -0.3 3 3.3
v -0.3 3.7 3.3
v -0.3 4 3.3
v -0.1 2 3.3
v -0.1 2.1 3.3
v 0.5 1.7 3.3
v 0.5 1.9 3.3
v 0.6 1.7 3.3
v 0.6 1.9 3.3
v 0.6 2.1 3.3
v 0.7 1.9 3.3
v 0.7 2.1 3.3
v 1.5 3.6 3.3
v 1.5 3.8 3.3
v 1.6 3.6 3.3
v 1.6 3.8 3.3
v 2.2 2.6 3.3
v 2.2 2.7 3.3
v 2.2 2.9 3.3
v 2.2 3 3.3
v 2.3 2.6 3.3
v 2.3 2.7 3.3
v 2.3 2.9 3.3
v 2.3 3 3.3
v 2.4 2.7 3.3
v 2.4 2.9 3.3
v -2.2 2.7 3.2
v -2.2 3 3.2
v -2.1 2.4 3.2
v -2.1 2.5 3.2
v -2.1 2.6 3.2
v -2.1 2.7 3.2
v -2.1 3 3.2
v -2.1 3.1 3.2
v -2 2.4 3.2
v -2 2.5 3.2
v -2 2.6 3.2
v -2 2.7 3.2
v -1.9 2.6 3.2
v -1.9 2.7 3.2
v -1.9 3 3.2
v -1.9 3.1 3.2
v -1.9 3.2 3.2
v -1.4 3.1 3.2
v -1.4 3.2 3.2
v -1.4 3.3 3.2
v -1.3 3.2 3.2
v -1.3 3.3 3.2
v -0.9 3.9 3.2
v -0.9 4 3.2
v -0.8 1.9 3.2
v -0.8 2 3.2
v -0.8 3.9 3.2
v -0.8 4 3.2
v -0.8 4.1 3.2
v -0.7 1.6 3.2
v -0.7 1.9 3.2
v -0.7 2 3.2
v -0.6 1.5 3.2
v -0.6 1.6 3.2
v -0.6 1.7 3.2
v -0.6 1.9 3.2
v -0.5 1.4 3.2
v -0.5 1.5 3.2
v -0.5 1.6 3.2
v -0.5 1.7 3.2
v -0.4 1.5 3.2
v -0.4 1.6 3.2
v -0.4 3.6 3.2
v -0.4 3.7 3.2
v -0.3 1.9 3.2
v -0.3 2 3.2
v -0.3 3.6 3.2
v -0.3 3.7 3.2
v -0.3 4 3.2
v -0.3 4.1 3.2
v -0.2 3.9 3.2
v -0.2 4 3.2
v -0.1 1.9 3.2
v -0.1 2 3.2
v -0.1 2.1 3.2
v -0.1 3.6 3.2
v -0.1 3.9 3.2
v -2.38419e-07 2 3.2
v -2.38419e-07 2.1 3.2
v 0.0999999 1.4 3.2
v 0.0999999 1.5 3.2
v 0.2 1.5 3.2
v 0.2 1.6 3.2
v 0.3 1.5 3.2
v 0.3 1.6 3.2
v 0.3 1.7 3.2
v 0.4 1.6 3.2
v 0.4 1.7 3.2
v 0.4 2.1 3.2
v 0.5 1.7 3.2
v 0.5 1.9 3.2
v 0.6 1.9 3.2
v 0.6 2.1 3.2
v 0.6 3.1 3.2
v 0.6 3.2 3.2
v 0.7 2.6 3.2
v 0.7 2.8 3.2
v 0.7 3.1 3.2
v 0.8 2.5 3.2
v 0.8 2.6 3.2
v 1 3 3.2
v 1 3.2 3.2
v 1.3 2.5 3.2
v 1.3 2.7 3.2
v 1.4 2.7 3.2
v 1.4 3 3.2
v 1.5 3.4 3.2
v 1.5 3.6 3.2
v 1.6 3.6 3.2
v 1.6 3.8 3.2
v 1.7 3.4 3.2
v 1.7 3.8 3.2
v 2.1 2.8 3.2
v 2.1 2.9 3.2
v 2.1 3 3.2
v 2.2 2.7 3.2
v 2.2 2.8 3.2
v 2.2 2.9 3.2
v 2.2 3 3.2
v 2.3 2.7 3.2
v 2.3 2.9 3.2
v 2.6 2.6 3.2
v 2.6 2.7 3.2
v 2.6 2.9 3.2
v 2.6 3 3.2
v 2.7 2.6 3.2
v 2.7 2.7 3.2
v 2.7 2.9 3.2
v 2.7 3 3.2
v -2.4 2.8 3.1
v -2.4 3.1 3.1
v -2.3 2.7 3.1
v -2.3 2.8 3.1
v -2.2 2.4 3.1
v -2.2 2.5 3.1
v -2.2 2.6 3.1
v -2.2 2.7 3.1
v -2.2 3 3.1
v -2.1 2.4 3.1
v -2.1 2.5 3.1
v -2.1 2.6 3.1
v -2.1 2.7 3.1
v -2.1 3 3.1
v -2.1 3.1 3.1
v -2 2.5 3.1
v -2 2.6 3.1
v -2 3.1 3.1
v -2 3.2 3.1
v -1.9 3.1 3.1
v -1.9 3.2 3.1
v -1.4 3.3 3.1
v -1.4 3.4 3.1
v -1.1 3.3 3.1
v -1.1 3.4 3.1
v -1 3.8 3.1
v -1 4.2 3.1
v -0.9 3.8 3.1
v -0.9 4 3.1
v -0.8 4 3.1
v -0.8 4.1 3.1
v -0.7 4.1 3.1
v -0.7 4.2 3.1
v -0.6 1.7 3.1
v -0.6 1.9 3.1
v -0.5 1.6 3.1
v -0.5 1.7 3.1
v -0.4 1.5 3.1
v -0.4 1.6 3.1
v -0.4 1.8 3.1
v -0.4 1.9 3.1
v -0.3 1.7 3.1
v -0.3 1.8 3.1
v -0.3 3.5 3.1
v -0.3 3.6 3.1
v -0.2 3.9 3.1
v -0.2 4 3.1
v -0.1 3.6 3.1
v -0.1 3.9 3.1
v -0.1 4 3.1
v -2.38419e-07 3.7 3.1
v -2.38419e-07 3.9 3.1
v 0.0999999 1.5 3.1
v 0.0999999 1.7 3.1
v 0.0999999 1.8 3.1
v 0.2 1.5 3.1
v 0.2 1.6 3.1
v 0.2 1.8 3.1
v 0.2 2.1 3.1
v 0.2 2.2 3.1
v 0.3 1.6 3.1
v 0.3 1.7 3.1
v 0.3 2.2 3.1
v 0.3 2.3 3.1
v 0.4 1.7 3.1
v 0.4 2.1 3.1
v 0.4 2.3 3.1
v 0.4 2.4 3.1
v 0.4 3.4 3.1
v 0.4 3.5 3.1
v 0.5 2.4 3.1
v 0.5 2.5 3.1
v 0.5 2.6 3.1
v 0.5 2.7 3.1
v 0.5 3.3 3.1
v 0.5 3.4 3.1
v 0.6 2.2 3.1
v 0.6 2.5 3.1
v 0.6 2.7 3.1
v 0.6 2.8 3.1
v 0.6 3.2 3.1
v 0.6 3.3 3.1
v 0.6 3.6 3.1
v 0.6 3.7 3.1
v 0.7 2.1 3.1
v 0.7 2.2 3.1
v 0.7 2.5 3.1
v 0.7 2.6 3.1
v 0.7 2.8 3.1
v 0.7 3.3 3.1
v 0.7 3.6 3.1
v 0.8 2.4 3.1
v 0.8 2.5 3.1
v 0.8 2.6 3.1
v 1 3 3.1
v 1 3.2 3.1
v 1.1 2.3 3.1
v 1.1 2.4 3.1
v 1.1 3.1 3.1
v 1.1 3.3 3.1
v 1.3 2.5 3.1
v 1.3 2.7 3.1
v 1.4 2.6 3.1
v 1.4 2.7 3.1
v 1.4 3 3.1
v 1.4 3.1 3.1
v 1.5 2.3 3.1
v 1.5 2.6 3.1
v 1.5 2.7 3.1
v 1.5 3 3.1
v 1.5 3.3 3.1
v 1.5 3.4 3.1
v 1.7 3.3 3.1
v 1.7 3.4 3.1
v 1.8 3.2 3.1
v 1.8 3.3 3.1
v 1.9 3.2 3.1
v 1.9 3.3 3.1
v 2 2.4 3.1
v 2 2.6 3.1
v 2 2.8 3.1
v 2 2.9 3.1
v 2 3 3.1
v 2.1 2.4 3.1
v 2.1 2.6 3.1
v 2.1 2.7 3.1
v 2.1 2.8 3.1
v 2.1 2.9 3.1
v 2.1 3 3.1
v 2.2 2.6 3.1
v 2.2 2.7 3.1
v 2.2 2.8 3.1
v 2.7 2.6 3.1
v 2.7 2.7 3.1
v 2.7 2.9 3.1
v 2.7 3 3.1
v 2.8 2.6 3.1
v 2.8 2.7 3.1
v 2.8 2.9 3.1
v 2.8 3 3.1
v -2.5 2.8 3
v -2.5 3.1 3
v -2.4 2.7 3
v -2.4 2.8 3
v -2.4 3.1 3
v -2.4 3.2 3
v -2.3 2.4 3
v -2.3 2.5 3
v -2.3 2.7 3
v -2.3 2.8 3
v -2.2 2.4 3
v -2.2 2.5 3
v -2.2 2.6 3
v -2.1 2.5 3
v -2.1 2.6 3
v -2 3.1 3
v -2 3.2 3
v -2 3.3 3
v -1.7 3.2 3
v -1.7 3.3 3
v -1.6 3.2 3
v -1.6 3.4 3
v -1.4 3.2 3
v -1.4 3.4 3
v -1.4 3.5 3
v -1.1 3.4 3
v -1.1 3.5 3
v -1.1 3.7 3
v -1.1 4.2 3
v -1 3.7 3
v -1 4.2 3
v -1 4.3 3
v -0.7 4.1 3
v -0.7 4.2 3
v -0.5 4.1 3
v -0.5 4.3 3
v -0.4 1.8 3
v -0.4 1.9 3
v -0.4 3 3
v -0.4 3.1 3
v -0.3 1.7 3
v -0.3 1.8 3
v -0.3 3 3
v -0.3 3.1 3
v -0.1 1.9 3
v -0.1 2 3
v -2.38419e-07 2 3
v -2.38419e-07 2.1 3
v -2.38419e-07 3.7 3
v -2.38419e-07 3.8 3
v 0.0999999 1.7 3
v 0.0999999 1.8 3
v 0.2 1.8 3
v 0.2 2.1 3
v 0.4 2.5 3
v 0.4 2.6 3
v 0.6 2.2 3
v 0.6 2.5 3
v 0.6 3.6 3
v 0.6 3.7 3
v 0.6 3.8 3
v 0.7 2.2 3
v 0.7 2.4 3
v 0.7 2.5 3
v 0.7 2.6 3
v 0.7 3.3 3
v 0.7 3.6 3
v 0.8 2.3 3
v 0.8 2.4 3
v 0.8 2.5 3
v 0.8 3.4 3
v 0.8 3.7 3
v 1.1 2.2 3
v 1.1 2.3 3
v 1.1 2.4 3
v 1.1 3.1 3
v 1.1 3.3 3
v 1.2 3.1 3
v 1.2 3.4 3
v 1.4 2.6 3
v 1.4 2.7 3
v 1.4 3.4 3
v 1.4 3.8 3
v 1.5 2.2 3
v 1.5 2.3 3
v 1.5 2.6 3
v 1.5 2.7 3
v 1.5 3.2 3
v 1.5 3.3 3
v 1.5 3.4 3
v 1.5 3.8 3
v 1.5 4.1 3
v 1.6 2.3 3
v 1.6 2.6 3
v 1.6 3.8 3
v 1.6 4.1 3
v 1.7 3.1 3
v 1.7 3.2 3
v 1.7 3.3 3
v 1.7 3.8 3
v 1.8 3 3
v 1.8 3.1 3
v 1.8 3.2 3
v 1.8 3.3 3
v 1.8 3.8 3
v 1.9 2.4 3
v 1.9 2.9 3
v 1.9 3 3
v 1.9 3.2 3
v 2 2.4 3
v 2 2.6 3
v 2 2.8 3
v 2 2.9 3
v 2 3 3
v 2.1 2.4 3
v 2.1 2.6 3
v 2.1 2.7 3
v 2.1 2.8 3
v 2.2 2.4 3
v 2.2 2.6 3
v -3.4 2.6 2.9
v -3.4 2.7 2.9
v -3.4 2.9 2.9
v -3.4 3 2.9
v -3.3 2.6 2.9
v -3.3 2.7 2.9
v -3.3 2.9 2.9
v -3.3 3 2.9
v -2.5 2.4 2.9
v -2.5 2.5 2.9
v -2.5 3.1 2.9
v -2.5 3.2 2.9
v -2.4 2.5 2.9
v -2.4 2.6 2.9
v -2.4 3.1 2.9
v -2.4 3.2 2.9
v -2.4 3.3 2.9
v -2.3 2.4 2.9
v -2.3 2.5 2.9
v -2.3 2.6 2.9
v -2.3 2.7 2.9
v -2.2 2.5 2.9
v -2.2 2.7 2.9
v -2 3.2 2.9
v -2 3.3 2.9
v -2 3.4 2.9
v -1.7 3.2 2.9
v -1.7 3.3 2.9
v -1.6 3.2 2.9
v -1.6 3.4 2.9
v -1.6 3.7 2.9
v -1.4 3.4 2.9
v -1.4 3.5 2.9
v -1.4 3.7 2.9
v -1.4 3.8 2.9
v -1.2 3.8 2.9
v -1.2 4 2.9
v -1.1 3.5 2.9
v -1.1 3.7 2.9
v -1.1 4 2.9
v -1 3.5 2.9
v -1 3.7 2.9
v -0.8 4.3 2.9
v -0.8 4.4 2.9
v -0.5 4.1 2.9
v -0.5 4.3 2.9
v -0.5 4.4 2.9
v -0.4 4.1 2.9
v -0.4 4.3 2.9
v -2.38419e-07 3.8 2.9
v -2.38419e-07 3.9 2.9
v 0.6 3.7 2.9
v 0.6 3.8 2.9
v 0.6 3.9 2.9
v 0.7 2.2 2.9
v 0.7 2.4 2.9
v 0.8 2.3 2.9
v 0.8 2.4 2.9
v 0.8 3.4 2.9
v 0.8 3.7 2.9
v 0.8 3.8 2.9
v 0.9 3.5 2.9
v 0.9 3.7 2.9
v 1.1 2.2 2.9
v 1.1 2.3 2.9
v 1.2 3.1 2.9
v 1.2 3.4 2.9
v 1.3 3.1 2.9
v 1.3 3.5 2.9
v 1.3 3.6 2.9
v 1.3 3.7 2.9
v 1.4 3 2.9
v 1.4 3.1 2.9
v 1.4 3.3 2.9
v 1.4 3.4 2.9
v 1.4 3.6 2.9
v 1.4 3.7 2.9
v 1.4 3.8 2.9
v 1.4 4.1 2.9
v 1.5 3 2.9
v 1.5 3.2 2.9
v 1.5 3.3 2.9
v 1.5 3.4 2.9
v 1.5 3.8 2.9
v 1.5 4.1 2.9
v 1.6 2.4 2.9
v 1.6 2.5 2.9
v 1.6 2.9 2.9
v 1.6 3 2.9
v 1.7 2.5 2.9
v 1.7 2.9 2.9
v 1.7 3.1 2.9
v 1.7 3.2 2.9
v 1.8 3 2.9
v 1.8 3.1 2.9
v 1.8 3.3 2.9
v 1.8 3.8 2.9
v 1.9 2.4 2.9
v 1.9 2.9 2.9
v 1.9 3 2.9
v 1.9 3.3 2.9
v 1.9 3.8 2.9
v 2 3 2.9
v 2 3.3 2.9
v 2.8 2.6 2.9
v 2.8 2.7 2.9
v 2.8 2.9 2.9
v 2.8 3 2.9
v 2.9 2.6 2.9
v 2.9 2.7 2.9
v 2.9 2.9 2.9
v 2.9 3 2.9
v -3.3 2.6 2.8
v -3.3 2.7 2.8
v -3.3 2.9 2.8
v -3.3 3 2.8
v -3.1 2.7 2.8
v -3.1 2.9 2.8
v -3.1 3 2.8
v -3 2.6 2.8
v -3 2.7 2.8
v -2.8 2.4 2.8
v -2.8 2.6 2.8
v -2.6 2.6 2.8
v -2.6 2.7 2.8
v -2.6 3.1 2.8
v -2.6 3.2 2.8
v -2.5 2.4 2.8
v -2.5 2.5 2.8
v -2.5 2.7 2.8
v -2.5 2.8 2.8
v -2.5 3.1 2.8
v -2.5 3.2 2.8
v -2.4 2.5 2.8
v -2.4 2.6 2.8
v -2.4 2.7 2.8
v -2.4 2.8 2.8
v -2.3 2.6 2.8
v -2.3 2.7 2.8
v -1.7 3.4 2.8
v -1.7 3.7 2.8
v -1.6 3.4 2.8
v -1.6 3.7 2.8
v -1.6 3.8 2.8
v -1.4 3.7 2.8
v -1.4 3.8 2.8
v -1.4 3.9 2.8
v -1.2 3.8 2.8
v -1.2 3.9 2.8
v -1.1 3.4 2.8
v -1.1 3.5 2.8
v -1 3.4 2.8
v -1 3.5 2.8
v -0.4 4.1 2.8
v -0.4 4.2 2.8
v -0.3 4.1 2.8
v -0.3 4.2 2.8
v 0.8 3.7 2.8
v 0.8 3.8 2.8
v 0.9 3.5 2.8
v 0.9 3.7 2.8
v 1 2.1 2.8
v 1 2.2 2.8
v 1.2 3.6 2.8
v 1.2 3.8 2.8
v 1.3 3.2 2.8
v 1.3 3.3 2.8
v 1.3 3.5 2.8
v 1.3 3.6 2.8
v 1.3 3.7 2.8
v 1.3 4 2.8
v 1.4 3.2 2.8
v 1.4 3.3 2.8
v 1.4 3.6 2.8
v 1.4 3.7 2.8
v 1.4 4 2.8
v 1.5 2.2 2.8
v 1.5 2.3 2.8
v 1.5 2.6 2.8
v 1.5 3 2.8
v 1.6 2.1 2.8
v 1.6 2.3 2.8
v 1.6 2.5 2.8
v 1.6 2.6 2.8
v 1.6 2.9 2.8
v 1.6 3 2.8
v 1.6 3.8 2.8
v 1.6 4.1 2.8
v 1.7 2.5 2.8
v 1.7 2.9 2.8
v 1.7 3.8 2.8
v 1.7 4.1 2.8
v 2 3 2.8
v 2 3.3 2.8
v 2.1 3 2.8
v 2.1 3.3 2.8
v 2.2 2.4 2.8
v 2.2 2.6 2.8
v 2.3 2.4 2.8
v 2.3 2.6 2.8
v -3.1 2.7 2.7
v -3.1 2.9 2.7
v -3.1 3 2.7
v -3 2.6 2.7
v -3 2.7 2.7
v -2.8 2.6 2.7
v -2.8 2.7 2.7
v -2.6 2.6 2.7
v -2.6 2.7 2.7
v -2.6 2.9 2.7
v -2.6 3 2.7
v -2.6 3.1 2.7
v -2.6 3.2 2.7
v -2.6 3.3 2.7
v -2.5 2.7 2.7
v -2.5 3.1 2.7
v -2.5 3.2 2.7
v -2.5 3.3 2.7
v -2.5 3.4 2.7
v -2.4 3.2 2.7
v -2.4 3.3 2.7
v -2.3 2.2 2.7
v -2.3 2.4 2.7
v -2.2 2.1 2.7
v -2.2 2.2 2.7
v -2.1 3.4 2.7
v -2.1 3.5 2.7
v -2 3.3 2.7
v -2 3.4 2.7
v -2 3.5 2.7
v -2 3.6 2.7
v -1.8 2.1 2.7
v -1.8 2.2 2.7
v -1.8 3.6 2.7
v -1.8 3.7 2.7
v -1.7 2.2 2.7
v -1.7 2.4 2.7
v -1.7 3.4 2.7
v -1.7 3.7 2.7
v -1.7 3.8 2.7
v -1.6 3.7 2.7
v -1.6 3.8 2.7
v -0.4 4.2 2.7
v -0.4 4.3 2.7
v -0.3 3.9 2.7
v -0.3 4.2 2.7
v -0.3 4.3 2.7
v -0.2 3.9 2.7
v -0.2 4.2 2.7
v 0.9 2.1 2.7
v 0.9 2.2 2.7
v 0.9 3.8 2.7
v 0.9 3.9 2.7
v 1 2 2.7
v 1 2.1 2.7
v 1 2.2 2.7
v 1.2 3.6 2.7
v 1.2 3.8 2.7
v 1.2 3.9 2.7
v 1.2 4 2.7
v 1.3 3.1 2.7
v 1.3 3.2 2.7
v 1.3 3.6 2.7
v 1.3 4 2.7
v 1.3 4.1 2.7
v 1.4 3.1 2.7
v 1.4 3.2 2.7
v 1.4 4 2.7
v 1.4 4.1 2.7
v 1.6 2 2.7
v 1.6 2.1 2.7
v 1.6 2.4 2.7
v 1.7 2.1 2.7
v 1.7 2.4 2.7
v 1.7 3.8 2.7
v 1.7 4.1 2.7
v 1.8 3.8 2.7
v 1.8 4.1 2.7
v 1.9 3.3 2.7
v 1.9 3.8 2.7
v 2 3.3 2.7
v 2 3.8 2.7
v -3.5 2.6 2.6
v -3.5 2.7 2.6
v -3.5 2.9 2.6
v -3.5 3 2.6
v -3.4 2.6 2.6
v -3.4 2.7 2.6
v -3.4 2.9 2.6
v -3.4 3 2.6
v -2.9 2.4 2.6
v -2.9 2.6 2.6
v -2.8 2.4 2.6
v -2.8 2.6 2.6
v -2.7 3 2.6
v -2.7 3.3 2.6
v -2.6 3 2.6
v -2.6 3.3 2.6
v -2.6 3.4 2.6
v -2.5 2.1 2.6
v -2.5 2.4 2.6
v -2.5 3.3 2.6
v -2.5 3.4 2.6
v -2.5 3.5 2.6
v -2.4 2 2.6
v -2.4 2.1 2.6
v -2.3 1.9 2.6
v -2.3 2 2.6
v -2.3 2.2 2.6
v -2.3 2.4 2.6
v -2.2 2.1 2.6
v -2.2 2.2 2.6
v -2.1 3.4 2.6
v -2.1 3.5 2.6
v -2.1 3.6 2.6
v -2 3.5 2.6
v -2 3.6 2.6
v -2 3.7 2.6
v -1.8 2.1 2.6
v -1.8 2.2 2.6
v -1.8 3.6 2.6
v -1.8 3.7 2.6
v -1.7 1.9 2.6
v -1.7 2 2.6
v -1.7 2.2 2.6
v -1.7 2.4 2.6
v -1.6 2 2.6
v -1.6 2.1 2.6
v -1.5 2.1 2.6
v -1.5 2.4 2.6
v -0.3 4.2 2.6
v -0.3 4.3 2.6
v -0.2 3.7 2.6
v -0.2 4.2 2.6
v -0.2 4.3 2.6
v -0.1 3.7 2.6
v -0.1 3.8 2.6
v -0.1 4.2 2.6
v 1.2 4 2.6
v 1.2 4.1 2.6
v 1.3 4 2.6
v 1.3 4.1 2.6
v 2 3.3 2.6
v 2 3.8 2.6
v 2.1 3 2.6
v 2.1 3.3 2.6
v 2.1 3.8 2.6
v 2.2 3 2.6
v 2.2 3.3 2.6
v 2.3 2.4 2.6
v 2.3 2.6 2.6
v 2.4 2.4 2.6
v 2.4 2.6 2.6
v 2.9 2.6 2.6
v 2.9 2.7 2.6
v 2.9 2.9 2.6
v 2.9 3 2.6
v 3 2.6 2.6
v 3 2.7 2.6
v 3 2.9 2.6
v 3 3 2.6
v -2.7 2.3 2.5
v -2.7 2.4 2.5
v -2.6 2 2.5
v -2.6 2.3 2.5
v -2.5 1.9 2.5
v -2.5 2 2.5
v -2.5 2.1 2.5
v -2.5 2.4 2.5
v -2.4 1.8 2.5
v -2.4 1.9 2.5
v -2.4 2 2.5
v -2.4 2.1 2.5
v -2.3 1.9 2.5
v -2.3 2 2.5
v -2.1 1.7 2.5
v -2.1 1.8 2.5
v -1.9 1.7 2.5
v -1.9 1.8 2.5
v -1.7 1.9 2.5
v -1.7 2 2.5
v -1.6 1.8 2.5
v -1.6 1.9 2.5
v -1.6 2 2.5
v -1.6 2.1 2.5
v -1.5 1.9 2.5
v -1.5 2 2.5
v -1.5 2.1 2.5
v -1.5 2.4 2.5
v -1.4 2 2.5
v -1.4 2.3 2.5
v -1.3 2.3 2.5
v -1.3 2.4 2.5
v -0.1 3.7 2.5
v -0.1 3.9 2.5
v -2.38419e-07 3.7 2.5
v -2.38419e-07 3.8 2.5
v 0.0999999 3.9 2.5
v 0.0999999 4.1 2.5
v 0.2 3.8 2.5
v 0.2 3.9 2.5
v 0.2 4.1 2.5
v 0.2 4.2 2.5
v 0.5 3.8 2.5
v 0.5 3.9 2.5
v 0.8 3.8 2.5
v 0.8 4.2 2.5
v 1.1 3.9 2.5
v 1.1 4.1 2.5
v 1.2 3.9 2.5
v 1.2 4.1 2.5
v 1.8 3.8 2.5
v 1.8 4.1 2.5
v 1.9 3.8 2.5
v 1.9 4.1 2.5
v -3.6 2.6 2.4
v -3.6 2.7 2.4
v -3.6 2.9 2.4
v -3.6 3 2.4
v -3.5 2.6 2.4
v -3.5 2.7 2.4
v -3.5 2.9 2.4
v -3.5 3 2.4
v -3 2.4 2.4
v -3 2.6 2.4
v -2.9 2.4 2.4
v -2.9 2.6 2.4
v -2.8 2.3 2.4
v -2.8 2.4 2.4
v -2.7 2 2.4
v -2.7 2.3 2.4
v -2.7 2.4 2.4
v -2.6 1.9 2.4
v -2.6 2 2.4
v -2.6 2.3 2.4
v -2.6 3.4 2.4
v -2.6 3.5 2.4
v -2.5 1.8 2.4
v -2.5 1.9 2.4
v -2.5 2 2.4
v -2.5 3.4 2.4
v -2.5 3.5 2.4
v -2.5 3.6 2.4
v -2.4 1.7 2.4
v -2.4 1.8 2.4
v -2.4 1.9 2.4
v -2.1 1.6 2.4
v -2.1 1.7 2.4
v -2.1 1.8 2.4
v -2.1 3.5 2.4
v -2.1 3.6 2.4
v -1.9 1.6 2.4
v -1.9 1.7 2.4
v -1.9 1.8 2.4
v -1.6 1.7 2.4
v -1.6 1.8 2.4
v -1.6 1.9 2.4
v -1.5 1.8 2.4
v -1.5 1.9 2.4
v -1.5 2 2.4
v -1.4 1.9 2.4
v -1.4 2 2.4
v -1.4 2.3 2.4
v -1.3 2 2.4
v -1.3 2.3 2.4
v -1.3 2.4 2.4
v -1.2 2.3 2.4
v -1.2 2.4 2.4
v -0.2 4.2 2.4
v -0.2 4.3 2.4
v -0.1 3.9 2.4
v -0.1 4.2 2.4
v -0.1 4.3 2.4
v -2.38419e-07 4.1 2.4
v -2.38419e-07 4.2 2.4
v 0.0999999 3.9 2.4
v 0.0999999 4.1 2.4
v 0.0999999 4.2 2.4
v 0.2 4.1 2.4
v 0.2 4.2 2.4
v 0.2 4.3 2.4
v 0.3 2.7 2.4
v 0.3 2.9 2.4
v 0.4 2.7 2.4
v 0.4 2.8 2.4
v 0.4 2.9 2.4
v 0.8 3.8 2.4
v 0.8 4.2 2.4
v 0.8 4.3 2.4
v 0.9 3.8 2.4
v 0.9 3.9 2.4
v 0.9 4.2 2.4
v 0.9 4.3 2.4
v 1 3.9 2.4
v 1.1 1.9 2.4
v 1.1 2 2.4
v 1.1 3.9 2.4
v 1.1 4.1 2.4
v 1.1 4.3 2.4
v 1.6 2 2.4
v 1.6 2.1 2.4
v 1.7 1.9 2.4
v 1.7 2 2.4
v 1.7 2.1 2.4
v 1.7 2.2 2.4
v 1.7 2.4 2.4
v 1.8 2 2.4
v 1.8 2.1 2.4
v 1.9 2.1 2.4
v 1.9 2.4 2.4
v 2.4 2.4 2.4
v 2.4 2.6 2.4
v 2.5 2.4 2.4
v 2.5 2.6 2.4
v 3 2.6 2.4
v 3 2.7 2.4
v 3 2.9 2.4
v 3 3 2.4
v 3.1 2.6 2.4
v 3.1 2.7 2.4
v 3.1 2.9 2.4
v 3.1 3 2.4
v -2.8 2 2.3
v -2.8 2.3 2.3
v -2.8 3 2.3
v -2.8 3.3 2.3
v -2.7 1.9 2.3
v -2.7 2 2.3
v -2.7 2.3 2.3
v -2.7 3 2.3
v -2.7 3.3 2.3
v -2.7 3.6 2.3
v -2.6 1.8 2.3
v -2.6 1.9 2.3
v -2.6 2 2.3
v -2.6 3.3 2.3
v -2.6 3.4 2.3
v -2.6 3.5 2.3
v -2.6 3.6 2.3
v -2.5 1.7 2.3
v -2.5 1.8 2.3
v -2.5 1.9 2.3
v -2.5 3.5 2.3
v -2.5 3.6 2.3
v -2.5 3.7 2.3
v -2.4 1.6 2.3
v -2.4 1.7 2.3
v -2.4 1.8 2.3
v -2.2 3.6 2.3
v -2.2 3.7 2.3
v -2.1 1.6 2.3
v -2.1 1.7 2.3
v -1.9 1.6 2.3
v -1.9 1.7 2.3
v -1.6 1.6 2.3
v -1.6 1.7 2.3
v -1.6 1.8 2.3
v -1.5 1.7 2.3
v -1.5 1.8 2.3
v -1.5 1.9 2.3
v -1.4 1.8 2.3
v -1.4 1.9 2.3
v -1.4 2 2.3
v -1.3 1.9 2.3
v -1.3 2 2.3
v -1.3 2.3 2.3
v -1.2 2 2.3
v -1.2 2.3 2.3
v -0.1 4.2 2.3
v -0.1 4.3 2.3
v -2.38419e-07 4.1 2.3
v -2.38419e-07 4.2 2.3
v -2.38419e-07 4.3 2.3
v 0.0999999 4.1 2.3
v 0.0999999 4.2 2.3
v 0.7 2.3 2.3
v 0.7 2.4 2.3
v 0.7 3.4 2.3
v 0.7 3.6 2.3
v 0.8 2 2.3
v 0.8 2.2 2.3
v 0.8 2.3 2.3
v 0.8 2.4 2.3
v 0.8 3.4 2.3
v 0.8 3.6 2.3
v 0.8 4.2 2.3
v 0.8 4.3 2.3
v 0.9 1.9 2.3
v 0.9 2 2.3
v 0.9 2.1 2.3
v 0.9 2.2 2.3
v 0.9 4.2 2.3
v 0.9 4.3 2.3
v 1 1.8 2.3
v 1 1.9 2.3
v 1 2 2.3
v 1 2.1 2.3
v 1.1 1.9 2.3
v 1.1 2 2.3
v 1.3 1.7 2.3
v 1.3 1.8 2.3
v 1.5 1.7 2.3
v 1.5 1.8 2.3
v 1.7 1.9 2.3
v 1.7 2 2.3
v 1.8 1.8 2.3
v 1.8 1.9 2.3
v 1.8 2 2.3
v 1.8 2.1 2.3
v 1.9 1.9 2.3
v 1.9 2 2.3
v 1.9 2.1 2.3
v 1.9 2.4 2.3
v 1.9 3.8 2.3
v 1.9 3.9 2.3
v 1.9 4.1 2.3
v 2 2 2.3
v 2 2.3 2.3
v 2 3.8 2.3
v 2 3.9 2.3
v 2 4.1 2.3
v 2.1 2.3 2.3
v 2.1 2.4 2.3
v 2.1 3.3 2.3
v 2.1 3.4 2.3
v 2.1 3.8 2.3
v 2.2 3 2.3
v 2.2 3.3 2.3
v 2.2 3.4 2.3
v 2.2 3.8 2.3
v 2.3 3 2.3
v 2.3 3.3 2.3
v -3.1 2.4 2.2
v -3.1 2.6 2.2
v -3 2.4 2.2
v -3 2.6 2.2
v -2.9 2.1 2.2
v -2.9 2.4 2.2
v -2.8 1.9 2.2
v -2.8 2 2.2
v -2.8 2.1 2.2
v -2.8 2.4 2.2
v -2.7 1.8 2.2
v -2.7 1.9 2.2
v -2.7 2 2.2
v -2.7 3.6 2.2
v -2.7 3.7 2.2
v -2.6 1.7 2.2
v -2.6 1.8 2.2
v -2.6 1.9 2.2
v -2.6 3.6 2.2
v -2.6 3.7 2.2
v -2.5 1.6 2.2
v -2.5 1.7 2.2
v -2.5 1.8 2.2
v -2.5 3.6 2.2
v -2.5 3.7 2.2
v -2.5 3.8 2.2
v -2.4 1.6 2.2
v -2.4 1.7 2.2
v -2.3 1.5 2.2
v -2.3 1.6 2.2
v -2.2 3.6 2.2
v -2.2 3.7 2.2
v -2.2 3.8 2.2
v -2 3.6 2.2
v -2 3.7 2.2
v -1.7 1.5 2.2
v -1.7 1.6 2.2
v -1.6 1.6 2.2
v -1.6 1.7 2.2
v -1.5 1.6 2.2
v -1.5 1.7 2.2
v -1.5 1.8 2.2
v -1.4 1.7 2.2
v -1.4 1.8 2.2
v -1.4 1.9 2.2
v -1.3 1.8 2.2
v -1.3 1.9 2.2
v -1.3 2 2.2
v -1.3 3.6 2.2
v -1.3 3.8 2.2
v -1.2 1.9 2.2
v -1.2 2 2.2
v -1.2 2.1 2.2
v -1.2 2.4 2.2
v -1.1 2.1 2.2
v -1.1 2.4 2.2
v -1.1 3.6 2.2
v -1.1 3.7 2.2
v -1 3.7 2.2
v -1 3.8 2.2
v 0.6 2.3 2.2
v 0.6 2.4 2.2
v 0.7 2 2.2
v 0.7 2.3 2.2
v 0.7 2.4 2.2
v 0.8 1.9 2.2
v 0.8 2 2.2
v 0.8 2.3 2.2
v 0.9 1.8 2.2
v 0.9 1.9 2.2
v 0.9 2 2.2
v 1 1.7 2.2
v 1 1.8 2.2
v 1 1.9 2.2
v 1.1 4.1 2.2
v 1.1 4.3 2.2
v 1.2 4.1 2.2
v 1.2 4.3 2.2
v 1.3 1.6 2.2
v 1.3 1.7 2.2
v 1.3 1.8 2.2
v 1.5 1.6 2.2
v 1.5 1.7 2.2
v 1.5 1.8 2.2
v 1.8 1.7 2.2
v 1.8 1.8 2.2
v 1.8 1.9 2.2
v 1.9 1.8 2.2
v 1.9 1.9 2.2
v 1.9 2 2.2
v 2 1.9 2.2
v 2 2 2.2
v 2 2.3 2.2
v 2.1 2 2.2
v 2.1 2.3 2.2
v 2.1 2.4 2.2
v 2.2 2.3 2.2
v 2.2 2.4 2.2
v 2.5 2.4 2.2
v 2.5 2.6 2.2
v 2.6 2.4 2.2
v 2.6 2.6 2.2
v -2.9 2 2.1
v -2.9 2.1 2.1
v -2.8 1.8 2.1
v -2.8 1.9 2.1
v -2.8 2 2.1
v -2.8 2.1 2.1
v -2.7 1.7 2.1
v -2.7 1.8 2.1
v -2.7 1.9 2.1
v -2.7 3.7 2.1
v -2.7 3.8 2.1
v -2.6 1.6 2.1
v -2.6 1.7 2.1
v -2.6 1.8 2.1
v -2.6 3.7 2.1
v -2.6 3.8 2.1
v -2.5 1.6 2.1
v -2.5 1.7 2.1
v -2.4 1.5 2.1
v -2.4 1.6 2.1
v -2.3 1.5 2.1
v -2.3 1.6 2.1
v -2.2 3.7 2.1
v -2.2 3.8 2.1
v -2 3.6 2.1
v -2 3.7 2.1
v -1.9 3.7 2.1
v -1.9 3.8 2.1
v -1.7 1.5 2.1
v -1.7 1.6 2.1
v -1.7 3.5 2.1
v -1.7 3.6 2.1
v -1.7 3.7 2.1
v -1.6 1.5 2.1
v -1.6 1.6 2.1
v -1.6 3.5 2.1
v -1.6 3.6 2.1
v -1.5 1.6 2.1
v -1.5 1.7 2.1
v -1.4 1.6 2.1
v -1.4 1.7 2.1
v -1.4 1.8 2.1
v -1.4 3.6 2.1
v -1.4 3.8 2.1
v -1.3 1.7 2.1
v -1.3 1.8 2.1
v -1.3 1.9 2.1
v -1.3 3.6 2.1
v -1.3 3.8 2.1
v -1.3 3.9 2.1
v -1.2 1.8 2.1
v -1.2 1.9 2.1
v -1.2 2 2.1
v -1.2 2.1 2.1
v -1.1 2 2.1
v -1.1 2.1 2.1
v -1 3.7 2.1
v -1 3.8 2.1
v -1 3.9 2.1
v -0.6 3.7 2.1
v -0.6 3.8 2.1
v -0.6 3.9 2.1
v -0.6 4.2 2.1
v -0.5 3.9 2.1
v -0.5 4.2 2.1
v -0.5 4.3 2.1
v -0.4 4.2 2.1
v -0.4 4.3 2.1
v 0.2 4.3 2.1
v 0.2 4.5 2.1
v 0.3 4.3 2.1
v 0.4 4.3 2.1
v 0.4 4.5 2.1
v 0.6 2 2.1
v 0.6 2.3 2.1
v 0.7 1.9 2.1
v 0.7 2 2.1
v 0.7 2.3 2.1
v 0.8 1.8 2.1
v 0.8 1.9 2.1
v 0.8 2 2.1
v 0.9 1.7 2.1
v 0.9 1.8 2.1
v 0.9 1.9 2.1
v 1 1.6 2.1
v 1 1.7 2.1
v 1 1.8 2.1
v 1.3 1.6 2.1
v 1.3 1.7 2.1
v 1.5 1.6 2.1
v 1.5 1.7 2.1
v 1.8 1.6 2.1
v 1.8 1.7 2.1
v 1.8 1.8 2.1
v 1.9 1.7 2.1
v 1.9 1.8 2.1
v 1.9 1.9 2.1
v 2 1.8 2.1
v 2 1.9 2.1
v 2 2 2.1
v 2.1 1.9 2.1
v 2.1 2 2.1
v 2.1 2.3 2.1
v 2.2 2 2.1
v 2.2 2.3 2.1
v -3 2.2 2
v -3 2.4 2
v -2.9 1.9 2
v -2.9 2 2
v -2.9 2.2 2
v -2.9 2.4 2
v -2.9 3 2
v -2.9 3.3 2
v -2.8 1.9 2
v -2.8 2 2
v -2.8 3 2
v -2.8 3.3 2
v -2.8 3.8 2
v -2.7 3.3 2
v -2.7 3.8 2
v -2.6 3.7 2
v -2.6 3.8 2
v -2.5 1.5 2
v -2.5 1.6 2
v -2.5 3.7 2
v -2.5 3.8 2
v -2.4 1.5 2
v -2.4 1.6 2
v -2.4 3.8 2
v -2.4 3.9 2
v -2.2 1.4 2
v -2.2 1.5 2
v -1.9 3.7 2
v -1.9 3.8 2
v -1.8 1.4 2
v -1.8 1.5 2
v -1.7 3.6 2
v -1.7 3.7 2
v -1.7 3.9 2
v -1.6 1.5 2
v -1.6 1.6 2
v -1.5 1.5 2
v -1.5 1.6 2
v -1.4 3.6 2
v -1.4 3.7 2
v -1.2 1.9 2
v -1.2 2 2
v -1.1 1.9 2
v -1.1 2 2
v -1.1 2.2 2
v -1.1 2.4 2
v -1 2.2 2
v -1 2.4 2
v -0.7 3.8 2
v -0.7 3.9 2
v -0.6 3.8 2
v -0.6 3.9 2
v 0.0999999 4.4 2
v 0.0999999 4.5 2
v 0.2 4.4 2
v 0.2 4.5 2
v 0.4 4.3 2
v 0.4 4.5 2
v 0.5 2.1 2
v 0.5 2.4 2
v 0.5 4.3 2
v 0.5 4.5 2
v 0.6 1.9 2
v 0.6 2 2
v 0.6 2.1 2
v 0.6 2.4 2
v 0.7 1.8 2
v 0.7 1.9 2
v 0.7 2 2
v 0.8 1.7 2
v 0.8 1.8 2
v 0.8 1.9 2
v 0.9 1.6 2
v 0.9 1.7 2
v 0.9 1.8 2
v 1 1.6 2
v 1 1.7 2
v 1.1 1.5 2
v 1.1 1.6 2
v 1.7 1.5 2
v 1.7 1.6 2
v 1.8 1.6 2
v 1.8 1.7 2
v 1.9 1.6 2
v 1.9 1.7 2
v 1.9 1.8 2
v 2 1.7 2
v 2 1.8 2
v 2 1.9 2
v 2.1 1.8 2
v 2.1 1.9 2
v 2.1 2 2
v 2.2 1.9 2
v 2.2 2 2
v 2.2 2.1 2
v 2.2 2.4 2
v 2.2 3.3 2
v 2.2 3.8 2
v 2.3 2.1 2
v 2.3 2.4 2
v 2.3 3 2
v 2.3 3.3 2
v 2.3 3.8 2
v 2.4 3 2
v 2.4 3.3 2
v -3.7 2.6 1.9
v -3.7 2.7 1.9
v -3.7 2.9 1.9
v -3.7 3 1.9
v -3.6 2.6 1.9
v -3.6 2.7 1.9
v -3.6 2.9 1.9
v -3.6 3 1.9
v -3 2.1 1.9
v -3 2.2 1.9
v -2.9 2.1 1.9
v -2.9 2.2 1.9
v -2.6 3.8 1.9
v -2.6 3.9 1.9
v -2.5 3.8 1.9
v -2.5 3.9 1.9
v -2.3 1.4 1.9
v -2.3 1.5 1.9
v -2.3 3.9 1.9
v -2.3 4 1.9
v -2.2 1.4 1.9
v -2.2 1.5 1.9
v -1.8 1.4 1.9
v -1.8 1.5 1.9
v -1.7 1.4 1.9
v -1.7 1.5 1.9
v -1.7 3.7 1.9
v -1.7 3.9 1.9
v -1.7 4 1.9
v -1.6 3.7 1.9
v -1.6 3.9 1.9
v -1.1 2.1 1.9
v -1.1 2.2 1.9
v -1 2.1 1.9
v -1 2.2 1.9
v -0.8 3.8 1.9
v -0.8 3.9 1.9
v -0.7 3.8 1.9
v -0.7 3.9 1.9
v -0.7 4 1.9
v -0.6 3.9 1.9
v -0.6 4 1.9
v -2.38419e-07 4.1 1.9
v -2.38419e-07 4.2 1.9
v -2.38419e-07 4.4 1.9
v -2.38419e-07 4.5 1.9
v 0.0999999 4.1 1.9
v 0.0999999 4.2 1.9
v 0.0999999 4.4 1.9
v 0.0999999 4.5 1.9
v 0.2 4.2 1.9
v 0.2 4.4 1.9
v 0.5 2 1.9
v 0.5 2.1 1.9
v 0.6 1.8 1.9
v 0.6 1.9 1.9
v 0.6 2 1.9
v 0.6 2.1 1.9
v 0.7 1.7 1.9
v 0.7 1.8 1.9
v 0.7 1.9 1.9
v 0.8 1.6 1.9
v 0.8 1.7 1.9
v 0.8 1.8 1.9
v 0.9 1.6 1.9
v 0.9 1.7 1.9
v 1 1.5 1.9
v 1 1.6 1.9
v 1.1 1.5 1.9
v 1.1 1.6 1.9
v 1.2 4.1 1.9
v 1.2 4.3 1.9
v 1.3 4.1 1.9
v 1.3 4.3 1.9
v 1.7 1.5 1.9
v 1.7 1.6 1.9
v 1.8 1.5 1.9
v 1.8 1.6 1.9
v 1.9 1.6 1.9
v 1.9 1.7 1.9
v 2 1.6 1.9
v 2 1.7 1.9
v 2 1.8 1.9
v 2 3.8 1.9
v 2 4.1 1.9
v 2.1 1.7 1.9
v 2.1 1.8 1.9
v 2.1 1.9 1.9
v 2.1 3.8 1.9
v 2.1 4.1 1.9
v 2.2 1.8 1.9
v 2.2 1.9 1.9
v 2.2 2 1.9
v 2.2 2.1 1.9
v 2.3 2 1.9
v 2.3 2.1 1.9
v 3.1 2.6 1.9
v 3.1 2.7 1.9
v 3.1 2.9 1.9
v 3.1 3 1.9
v 3.2 2.6 1.9
v 3.2 2.7 1.9
v 3.2 2.9 1.9
v 3.2 3 1.9
v -3.2 2.4 1.8
v -3.2 2.6 1.8
v -3.1 2.4 1.8
v -3.1 2.6 1.8
v -2.8 1.7 1.8
v -2.8 1.8 1.8
v -2.7 1.6 1.8
v -2.7 1.7 1.8
v -2.7 1.8 1.8
v -2.6 1.6 1.8
v -2.6 1.7 1.8
v -2.6 3.9 1.8
v -2.6 4.1 1.8
v -2.5 3.8 1.8
v -2.5 3.9 1.8
v -2.5 4.1 1.8
v -2.4 3.8 1.8
v -2.4 3.9 1.8
v -1.7 3.9 1.8
v -1.7 4 1.8
v -1.6 3.7 1.8
v -1.6 3.9 1.8
v -1.4 1.6 1.8
v -1.4 1.7 1.8
v -1.4 3.7 1.8
v -1.4 3.8 1.8
v -1.4 4 1.8
v -1.3 1.6 1.8
v -1.3 1.7 1.8
v -1.3 1.8 1.8
v -1.2 1.7 1.8
v -1.2 1.8 1.8
v -0.9 3.8 1.8
v -0.9 3.9 1.8
v -0.8 3.8 1.8
v -0.8 3.9 1.8
v -0.8 4 1.8
v -0.7 3.9 1.8
v -0.7 4 1.8
v -0.1 4.1 1.8
v -0.1 4.2 1.8
v -0.1 4.5 1.8
v -2.38419e-07 4.1 1.8
v -2.38419e-07 4.2 1.8
v -2.38419e-07 4.4 1.8
v -2.38419e-07 4.5 1.8
v 0.0999999 4.2 1.8
v 0.0999999 4.4 1.8
v 0.4 2.2 1.8
v 0.4 2.4 1.8
v 0.5 1.9 1.8
v 0.5 2 1.8
v 0.5 2.2 1.8
v 0.5 2.4 1.8
v 0.5 4.3 1.8
v 0.5 4.5 1.8
v 0.6 1.9 1.8
v 0.6 2 1.8
v 0.6 4.3 1.8
v 0.6 4.5 1.8
v 0.9 1.5 1.8
v 0.9 1.6 1.8
v 1 1.5 1.8
v 1 1.6 1.8
v 1.2 1.4 1.8
v 1.2 1.5 1.8
v 1.6 1.4 1.8
v 1.6 1.5 1.8
v 1.8 1.5 1.8
v 1.8 1.6 1.8
v 1.9 1.5 1.8
v 1.9 1.6 1.8
v 2.2 1.9 1.8
v 2.2 2 1.8
v 2.3 1.9 1.8
v 2.3 2 1.8
v 2.3 2.2 1.8
v 2.3 2.4 1.8
v 2.4 2.2 1.8
v 2.4 2.4 1.8
v 2.6 2.4 1.8
v 2.6 2.6 1.8
v 2.7 2.4 1.8
v 2.7 2.6 1.8
v -2.5 3.9 1.7
v -2.5 4.1 1.7
v -2.4 3.9 1.7
v -2.4 4 1.7
v -2.4 4.1 1.7
v -2.3 3.9 1.7
v -2.3 4 1.7
v -1.8 4 1.7
v -1.8 4.1 1.7
v -1.4 3.7 1.7
v -1.4 4 1.7
v -1.4 4.1 1.7
v -1.3 3.7 1.7
v -1.3 3.8 1.7
v -1.3 4 1.7
v -1 3.8 1.7
v -1 3.9 1.7
v -0.9 3.8 1.7
v -0.9 3.9 1.7
v -0.9 4 1.7
v -0.8 3.9 1.7
v -0.8 4 1.7
v -0.7 4 1.7
v -0.7 4.2 1.7
v -0.6 4 1.7
v -0.6 4.2 1.7
v -0.6 4.3 1.7
v -0.5 4.2 1.7
v -0.5 4.3 1.7
v -0.2 4.2 1.7
v -0.2 4.3 1.7
v -0.2 4.7 1.7
v -0.1 4.2 1.7
v -0.1 4.5 1.7
v -2.38419e-07 4.5 1.7
v -2.38419e-07 4.7 1.7
v 0.4 2.1 1.7
v 0.4 2.2 1.7
v 0.5 2.1 1.7
v 0.5 2.2 1.7
v 1.1 1.4 1.7
v 1.1 1.5 1.7
v 1.2 1.4 1.7
v 1.2 1.5 1.7
v 1.6 1.4 1.7
v 1.6 1.5 1.7
v 1.7 1.4 1.7
v 1.7 1.5 1.7
v 2.3 2.1 1.7
v 2.3 2.2 1.7
v 2.4 2.1 1.7
v 2.4 2.2 1.7
v -2.4 4 1.6
v -2.4 4.1 1.6
v -2.3 4 1.6
v -2.2 4 1.6
v -2.2 4.1 1.6
v -2.1 4 1.6
v -2.1 4.1 1.6
v -1.8 4 1.6
v -1.8 4.1 1.6
v -1.3 3.8 1.6
v -1.3 3.9 1.6
v -1.1 3.8 1.6
v -1.1 3.9 1.6
v -0.9 4 1.6
v -0.9 4.2 1.6
v -0.7 4 1.6
v -0.7 4.2 1.6
v -0.7 4.3 1.6
v -0.6 4.2 1.6
v -0.6 4.3 1.6
v -0.3 4.3 1.6
v -0.3 4.4 1.6
v -0.3 4.6 1.6
v -0.3 4.7 1.6
v -0.2 4.3 1.6
v -0.2 4.4 1.6
v -0.2 4.6 1.6
v -0.2 4.7 1.6
v 0.6 1.7 1.6
v 0.6 1.8 1.6
v 0.7 1.6 1.6
v 0.7 1.7 1.6
v 0.7 1.8 1.6
v 0.8 1.6 1.6
v 0.8 1.7 1.6
v 2 1.6 1.6
v 2 1.7 1.6
v 2.1 1.6 1.6
v 2.1 1.7 1.6
v 2.1 1.8 1.6
v 2.2 1.7 1.6
v 2.2 1.8 1.6
v -2.3 3.4 1.5
v -2.3 3.5 1.5
v -2.2 3.4 1.5
v -2.2 3.5 1.5
v -2.2 4 1.5
v -2.2 4.1 1.5
v -2.2 4.3 1.5
v -2.1 4 1.5
v -2.1 4.1 1.5
v -2.1 4.3 1.5
v -1.3 3.9 1.5
v -1.3 4 1.5
v -1.3 4.1 1.5
v -1.1 3.8 1.5
v -1.1 3.9 1.5
v -1.1 4.1 1.5
v -1.1 4.2 1.5
v -1 3.8 1.5
v -1 3.9 1.5
v -0.9 3.9 1.5
v -0.9 4.2 1.5
v -0.9 4.3 1.5
v -0.7 4.2 1.5
v -0.7 4.3 1.5
v -0.4 4.3 1.5
v -0.4 4.4 1.5
v -0.4 4.6 1.5
v -0.4 4.7 1.5
v -0.3 4.3 1.5
v -0.3 4.4 1.5
v -0.3 4.6 1.5
v -0.3 4.7 1.5
v -0.2 4.4 1.5
v -0.2 4.6 1.5
v -2.2 3.4 1.4
v -2.2 3.5 1.4
v -2.1 4.1 1.4
v -2.1 4.3 1.4
v -2 4.2 1.4
v -2 4.3 1.4
v -1.9 3.4 1.4
v -1.9 3.5 1.4
v -1.9 4.1 1.4
v -1.9 4.2 1.4
v -1.4 4 1.4
v -1.4 4.1 1.4
v -1.3 4 1.4
v -1.3 4.1 1.4
v -1.3 4.2 1.4
v -1.1 4.1 1.4
v -1.1 4.2 1.4
v -1.1 4.3 1.4
v -0.9 4.2 1.4
v -0.9 4.3 1.4
v -0.5 4.3 1.4
v -0.5 4.7 1.4
v -0.4 4.3 1.4
v -0.4 4.4 1.4
v -0.4 4.6 1.4
v -0.4 4.7 1.4
v -0.3 4.4 1.4
v -0.3 4.6 1.4
v -2 4.2 1.3
v -2 4.3 1.3
v -1.9 4.1 1.3
v -1.9 4.2 1.3
v -1.8 4.1 1.3
v -1.8 4.3 1.3
v -0.7 4.3 1.3
v -0.7 4.7 1.3
v -0.5 4.3 1.3
v -0.5 4.7 1.3
v 1.1 3.4 1.3
v 1.1 3.5 1.3
v 1.2 3.4 1.3
v 1.2 3.5 1.3
v 1.6 3.4 1.3
v 1.6 3.5 1.3
v 1.7 3.4 1.3
v 1.7 3.5 1.3
v -1.8 4.1 1.2
v -1.8 4.3 1.2
v -1.6 4.1 1.2
v -1.6 4.3 1.2
v -1 4.3 1.2
v -1 4.5 1.2
v -0.8 4.3 1.2
v -0.8 4.5 1.2
v -0.8 4.7 1.2
v -0.7 4.3 1.2
v -0.7 4.7 1.2
v -0.3 2.4 1.2
v -0.3 2.5 1.2
v -0.2 2.4 1.2
v -0.2 2.5 1.2
v 1.2 3.4 1.2
v 1.2 3.5 1.2
v 1.6 3.4 1.2
v 1.6 3.5 1.2
v -1.6 4.1 1.1
v -1.6 4.3 1.1
v -1.5 4.1 1.1
v -1.4 4.3 1.1
v -1.4 4.5 1.1
v -1.3 4.1 1.1
v -1.3 4.2 1.1
v -1.1 4.2 1.1
v -1.1 4.3 1.1
v -1 4.3 1.1
v -1 4.5 1.1
v -0.8 2.2 0.5
v -0.8 2.4 0.5
v -0.7 2.1 0.5
v -0.7 2.2 0.5
v -0.3 2.1 0.5
v -0.3 2.2 0.5
v -0.2 2.2 0.5
v -0.2 2.4 0.5
v -1 2.1 0.4
v -1 2.4 0.4
v -0.9 2 0.4
v -0.9 2.1 0.4
v -0.8 1.9 0.4
v -0.8 2 0.4
v -0.8 2.2 0.4
v -0.8 2.4 0.4
v -0.7 2.1 0.4
v -0.7 2.2 0.4
v -0.3 2.1 0.4
v -0.3 2.2 0.4
v -0.2 1.9 0.4
v -0.2 2 0.4
v -0.2 2.2 0.4
v -0.2 2.4 0.4
v -0.1 2 0.4
v -0.1 2.1 0.4
v -2.38419e-07 2.1 0.4
v -2.38419e-07 2.4 0.4
v -1.2 2.3 0.3
v -1.2 2.4 0.3
v -1.1 2 0.3
v -1.1 2.3 0.3
v -1 1.9 0.3
v -1 2 0.3
v -1 2.1 0.3
v -1 2.4 0.3
v -0.9 1.8 0.3
v -0.9 1.9 0.3
v -0.9 2 0.3
v -0.9 2.1 0.3
v -0.8 1.9 0.3
v -0.8 2 0.3
v -0.6 1.7 0.3
v -0.6 1.8 0.3
v -0.4 1.7 0.3
v -0.4 1.8 0.3
v -0.2 1.9 0.3
v -0.2 2 0.3
v -0.1 1.8 0.3
v -0.1 1.9 0.3
v -0.1 2 0.3
v -0.1 2.1 0.3
v -2.38419e-07 1.9 0.3
v -2.38419e-07 2 0.3
v -2.38419e-07 2.1 0.3
v -2.38419e-07 2.4 0.3
v 0.0999999 2 0.3
v 0.0999999 2.3 0.3
v 0.2 2.3 0.3
v 0.2 2.4 0.3
v -1.3 2.3 0.2
v -1.3 2.4 0.2
v -1.2 2 0.2
v -1.2 2.3 0.2
v -1.2 2.4 0.2
v -1.1 1.9 0.2
v -1.1 2 0.2
v -1.1 2.3 0.2
v -1 1.8 0.2
v -1 1.9 0.2
v -1 2 0.2
v -0.9 1.7 0.2
v -0.9 1.8 0.2
v -0.9 1.9 0.2
v -0.6 1.6 0.2
v -0.6 1.7 0.2
v -0.6 1.8 0.2
v -0.4 1.6 0.2
v -0.4 1.7 0.2
v -0.4 1.8 0.2
v -0.1 1.7 0.2
v -0.1 1.8 0.2
v -0.1 1.9 0.2
v -2.38419e-07 1.8 0.2
v -2.38419e-07 1.9 0.2
v -2.38419e-07 2 0.2
v 0.0999999 1.9 0.2
v 0.0999999 2 0.2
v 0.0999999 2.3 0.2
v 0.2 2 0.2
v 0.2 2.3 0.2
v 0.2 2.4 0.2
v 0.3 2.3 0.2
v 0.3 2.4 0.2
v -1.3 2 0.0999999
v -1.3 2.3 0.0999999
v -1.2 1.9 0.0999999
v -1.2 2 0.0999999
v -1.2 2.3 0.0999999
v -1.1 1.8 0.0999999
v -1.1 1.9 0.0999999
v -1.1 2 0.0999999
v -1 1.7 0.0999999
v -1 1.8 0.0999999
v -1 1.9 0.0999999
v -0.9 1.6 0.0999999
v -0.9 1.7 0.0999999
v -0.9 1.8 0.0999999
v -0.6 1.6 0.0999999
v -0.6 1.7 0.0999999
v -0.4 1.6 0.0999999
v -0.4 1.7 0.0999999
v -0.1 1.6 0.0999999
v -0.1 1.7 0.0999999
v -0.1 1.8 0.0999999
v -2.38419e-07 1.7 0.0999999
v -2.38419e-07 1.8 0.0999999
v -2.38419e-07 1.9 0.0999999
v 0.0999999 1.8 0.0999999
v 0.0999999 1.9 0.0999999
v 0.0999999 2 0.0999999
v 0.2 1.9 0.0999999
v 0.2 2 0.0999999
v 0.2 2.3 0.0999999
v 0.3 2 0.0999999
v 0.3 2.3 0.0999999
v -1.4 2.1 0
v -1.4 2.4 0
v -1.3 1.9 0
v -1.3 2 0
v -1.3 2.1 0
v -1.3 2.4 0
v -1.2 1.8 0
v -1.2 1.9 0
v -1.2 2 0
v -1.1 1.7 0
v -1.1 1.8 0
v -1.1 1.9 0
v -1 1.6 0
v -1 1.7 0
v -1 1.8 0
v -0.9 1.6 0
v -0.9 1.7 0
v -0.8 1.5 0
v -0.8 1.6 0
v -0.2 1.5 0
v -0.2 1.6 0
v -0.1 1.6 0
v -0.1 1.7 0
v -2.38419e-07 1.6 0
v -2.38419e-07 1.7 0
v -2.38419e-07 1.8 0
v 0.0999999 1.7 0
v 0.0999999 1.8 0
v 0.0999999 1.9 0
v 0.2 1.8 0
v 0.2 1.9 0
v 0.2 2 0
v 0.3 1.9 0
v 0.3 2 0
v 0.3 2.1 0
v 0.3 2.4 0
v 0.4 2.1 0
v 0.4 2.4 0
v -1.4 2 -0.1
v -1.4 2.1 -0.1
v -1.3 1.8 -0.1
v -1.3 1.9 -0.1
v -1.3 2 -0.1
v -1.3 2.1 -0.1
v -1.2 1.7 -0.1
v -1.2 1.8 -0.1
v -1.2 1.9 -0.1
v -1.1 1.6 -0.1
v -1.1 1.7 -0.1
v -1.1 1.8 -0.1
v -1 1.6 -0.1
v -1 1.7 -0.1
v -0.9 1.5 -0.1
v -0.9 1.6 -0.1
v -0.8 1.5 -0.1
v -0.8 1.6 -0.1
v -0.2 1.5 -0.1
v -0.2 1.6 -0.1
v -0.1 1.5 -0.1
v -0.1 1.6 -0.1
v -2.38419e-07 1.6 -0.1
v -2.38419e-07 1.7 -0.1
v 0.0999999 1.6 -0.1
v 0.0999999 1.7 -0.1
v 0.0999999 1.8 -0.1
v 0.2 1.7 -0.1
v 0.2 1.8 -0.1
v 0.2 1.9 -0.1
v 0.3 1.8 -0.1
v 0.3 1.9 -0.1
v 0.3 2 -0.1
v 0.3 2.1 -0.1
v 0.4 2 -0.1
v 0.4 2.1 -0.1
v -1.5 2.2 -0.2
v -1.5 2.4 -0.2
v -1.4 1.9 -0.2
v -1.4 2 -0.2
v -1.4 2.2 -0.2
v -1.4 2.4 -0.2
v -1.3 1.9 -0.2
v -1.3 2 -0.2
v -1 1.5 -0.2
v -1 1.6 -0.2
v -0.9 1.5 -0.2
v -0.9 1.6 -0.2
v -0.7 1.4 -0.2
v -0.7 1.5 -0.2
v -0.3 1.4 -0.2
v -0.3 1.5 -0.2
v -0.1 1.5 -0.2
v -0.1 1.6 -0.2
v -2.38419e-07 1.5 -0.2
v -2.38419e-07 1.6 -0.2
v 0.3 1.9 -0.2
v 0.3 2 -0.2
v 0.4 1.9 -0.2
v 0.4 2 -0.2
v 0.4 2.2 -0.2
v 0.4 2.4 -0.2
v 0.5 2.2 -0.2
v 0.5 2.4 -0.2
v -1.5 2.1 -0.3
v -1.5 2.2 -0.3
v -1.4 2.1 -0.3
v -1.4 2.2 -0.3
v -0.8 1.4 -0.3
v -0.8 1.5 -0.3
v -0.7 1.4 -0.3
v -0.7 1.5 -0.3
v -0.3 1.4 -0.3
v -0.3 1.5 -0.3
v -0.2 1.4 -0.3
v -0.2 1.5 -0.3
v 0.4 2.1 -0.3
v 0.4 2.2 -0.3
v 0.5 2.1 -0.3
v 0.5 2.2 -0.3
v -1.3 1.7 -0.4
v -1.3 1.8 -0.4
v -1.2 1.6 -0.4
v -1.2 1.7 -0.4
v -1.2 1.8 -0.4
v -1.1 1.6 -0.4
v -1.1 1.7 -0.4
v 0.0999999 1.6 -0.4
v 0.0999999 1.7 -0.4
v 0.2 1.6 -0.4
v 0.2 1.7 -0.4
v 0.2 1.8 -0.4
v 0.3 1.7 -0.4
v 0.3 1.8 -0.4
v -0.8 3.4 -0.7
v -0.8 3.5 -0.7
v -0.7 3.4 -0.7
v -0.7 3.5 -0.7
v -0.3 3.4 -0.7
v -0.3 3.5 -0.7
v -0.2 3.4 -0.7
v -0.2 3.5 -0.7
v -0.7 3.4 -0.8
v -0.7 3.5 -0.8
v -0.3 3.4 -0.8
v -0.3 3.5 -0.8
v -1 1.7 3.2
v -1 1.8 3.2
v -0.9 1.6 3.2
v -0.9 1.7 3.2
v -0.9 1.8 3.2
v -0.8 1.6 3.2
v -0.8 1.7 3.2
v 0.5 1.7 3.2
v 0.5 1.8 3.2
v 0.6 1.7 3.2
v 0.6 1.8 3.2
v -1.2 2.1 3.1
v -1.2 2.2 3.1
v -1.1 2.1 3.1
v -1.1 2.2 3.1
v -0.5 1.4 3.1
v -0.5 1.5 3.1
v -0.4 1.4 3.1
v -0.4 1.5 3.1
v -0.4 3 3.1
v -0.4 3.1 3.1
v -0.3 3 3.1
v -0.3 3.1 3.1
v -2.38419e-07 1.4 3.1
v -2.38419e-07 1.5 3.1
v 0.0999999 1.4 3.1
v 0.0999999 1.5 3.1
v 0.4 2.5 3.1
v 0.4 2.6 3.1
v 0.5 2.5 3.1
v 0.5 2.6 3.1
v -1.2 2.2 3
v -1.2 2.4 3
v -1.1 1.9 3
v -1.1 2 3
v -1.1 2.2 3
v -1.1 2.4 3
v -1.1 3.4 3
v -1.1 3.5 3
v -1.1 3.6 3
v -1 1.9 3
v -1 2 3
v -1 3.4 3
v -1 3.6 3
v -0.7 1.5 3
v -0.7 1.6 3
v -0.6 1.5 3
v -0.6 1.6 3
v -0.4 1.4 3
v -0.4 1.5 3
v -2.38419e-07 1.4 3
v -2.38419e-07 1.5 3
v 0.2 1.5 3
v 0.2 1.6 3
v 0.3 1.5 3
v 0.3 1.6 3
v 0.6 1.9 3
v 0.6 2 3
v 0.7 1.9 3
v 0.7 2 3
v -1.1 2 2.9
v -1.1 2.1 2.9
v -1 1.8 2.9
v -1 1.9 2.9
v -1 2 2.9
v -1 2.1 2.9
v -0.9 1.7 2.9
v -0.9 1.8 2.9
v -0.9 1.9 2.9
v -0.8 1.6 2.9
v -0.8 1.7 2.9
v -0.8 1.8 2.9
v -0.7 1.6 2.9
v -0.7 1.7 2.9
v -0.6 1.5 2.9
v -0.6 1.6 2.9
v -0.5 1.5 2.9
v -0.5 1.6 2.9
v 0.0999999 1.5 2.9
v 0.0999999 1.6 2.9
v 0.2 1.5 2.9
v 0.2 1.6 2.9
v 0.3 1.6 2.9
v 0.3 1.7 2.9
v 0.4 1.6 2.9
v 0.4 1.7 2.9
v 0.4 1.8 2.9
v 0.5 1.7 2.9
v 0.5 1.8 2.9
v 0.5 1.9 2.9
v 0.6 1.8 2.9
v 0.6 1.9 2.9
v 0.6 2 2.9
v 0.6 2.1 2.9
v 0.7 2 2.9
v 0.7 2.1 2.9
v -1.1 2.1 2.8
v -1.1 2.4 2.8
v -1 1.9 2.8
v -1 2 2.8
v -1 2.1 2.8
v -1 2.4 2.8
v -0.9 1.8 2.8
v -0.9 1.9 2.8
v -0.9 2 2.8
v -0.8 1.7 2.8
v -0.8 1.8 2.8
v -0.8 1.9 2.8
v -0.7 1.6 2.8
v -0.7 1.7 2.8
v -0.7 1.8 2.8
v -0.6 1.6 2.8
v -0.6 1.7 2.8
v -0.5 1.5 2.8
v -0.5 1.6 2.8
v -0.3 3.9 2.8
v -0.3 4 2.8
v -0.1 3.8 2.8
v -0.1 3.9 2.8
v -0.1 4 2.8
v -2.38419e-07 3.8 2.8
v -2.38419e-07 3.9 2.8
v 0.0999999 1.5 2.8
v 0.0999999 1.6 2.8
v 0.2 1.6 2.8
v 0.2 1.7 2.8
v 0.3 1.6 2.8
v 0.3 1.7 2.8
v 0.3 1.8 2.8
v 0.4 1.7 2.8
v 0.4 1.8 2.8
v 0.4 1.9 2.8
v 0.5 1.8 2.8
v 0.5 1.9 2.8
v 0.5 2 2.8
v 0.6 1.9 2.8
v 0.6 2 2.8
v -1.1 4.1 2.7
v -1.1 4.2 2.7
v -1 2 2.7
v -1 2.3 2.7
v -1 4.1 2.7
v -1 4.2 2.7
v -1 4.3 2.7
v -0.9 1.9 2.7
v -0.9 2 2.7
v -0.9 2.3 2.7
v -0.9 4.2 2.7
v -0.9 4.3 2.7
v -0.8 1.8 2.7
v -0.8 1.9 2.7
v -0.8 2 2.7
v -0.7 1.7 2.7
v -0.7 1.8 2.7
v -0.7 1.9 2.7
v -0.6 1.6 2.7
v -0.6 1.7 2.7
v -0.6 1.8 2.7
v -0.3 1.6 2.7
v -0.3 1.7 2.7
v -0.2 3.7 2.7
v -0.2 3.9 2.7
v -0.1 1.6 2.7
v -0.1 1.7 2.7
v -0.1 3.7 2.7
v -0.1 3.8 2.7
v -0.1 3.9 2.7
v 0.2 1.6 2.7
v 0.2 1.7 2.7
v 0.2 1.8 2.7
v 0.3 1.7 2.7
v 0.3 1.8 2.7
v 0.3 1.9 2.7
v 0.4 1.8 2.7
v 0.4 1.9 2.7
v 0.4 2 2.7
v 0.5 1.9 2.7
v 0.5 2 2.7
v 0.5 2.1 2.7
v 0.6 2 2.7
v 0.6 2.1 2.7
v -1.2 3.9 2.6
v -1.2 4 2.6
v -1.1 3.9 2.6
v -1.1 4 2.6
v -1.1 4.1 2.6
v -1 2.3 2.6
v -1 2.4 2.6
v -1 4 2.6
v -1 4.1 2.6
v -1 4.2 2.6
v -0.9 2 2.6
v -0.9 2.3 2.6
v -0.9 2.4 2.6
v -0.9 4.1 2.6
v -0.9 4.2 2.6
v -0.9 4.3 2.6
v -0.8 1.9 2.6
v -0.8 2 2.6
v -0.8 2.3 2.6
v -0.8 4.2 2.6
v -0.8 4.3 2.6
v -0.8 4.4 2.6
v -0.7 1.8 2.6
v -0.7 1.9 2.6
v -0.7 2 2.6
v -0.6 1.7 2.6
v -0.6 1.8 2.6
v -0.6 1.9 2.6
v -0.5 4.3 2.6
v -0.5 4.4 2.6
v -0.3 1.6 2.6
v -0.3 1.7 2.6
v -0.3 1.8 2.6
v -0.1 1.6 2.6
v -0.1 1.7 2.6
v -0.1 1.8 2.6
v -0.1 3.7 2.6
v -0.1 3.8 2.6
v -2.38419e-07 3.7 2.6
v -2.38419e-07 3.8 2.6
v -2.38419e-07 3.9 2.6
v 0.2 1.7 2.6
v 0.2 1.8 2.6
v 0.2 1.9 2.6
v 0.2 3.8 2.6
v 0.2 3.9 2.6
v 0.3 1.8 2.6
v 0.3 1.9 2.6
v 0.3 2 2.6
v 0.4 1.9 2.6
v 0.4 2 2.6
v 0.4 2.2 2.6
v 0.5 2 2.6
v 0.5 2.1 2.6
v 0.5 2.2 2.6
v 0.5 3.8 2.6
v 0.5 3.9 2.6
v 0.6 3.8 2.6
v 0.6 3.9 2.6
v 0.7 2.1 2.6
v 0.7 2.2 2.6
v -1.4 3.8 2.5
v -1.4 3.9 2.5
v -1.3 3.8 2.5
v -1.3 3.9 2.5
v -1.1 3.9 2.5
v -1.1 4 2.5
v -1 3.9 2.5
v -1 4 2.5
v -1 4.1 2.5
v -0.9 2.3 2.5
v -0.9 2.4 2.5
v -0.9 4 2.5
v -0.9 4.1 2.5
v -0.9 4.2 2.5
v -0.8 2 2.5
v -0.8 2.3 2.5
v -0.8 4.1 2.5
v -0.8 4.2 2.5
v -0.8 4.3 2.5
v -0.7 1.9 2.5
v -0.7 2 2.5
v -0.7 2.1 2.5
v -0.7 2.4 2.5
v -0.6 1.8 2.5
v -0.6 1.9 2.5
v -0.6 2 2.5
v -0.6 2.1 2.5
v -0.6 4.2 2.5
v -0.6 4.3 2.5
v -0.5 1.9 2.5
v -0.5 2 2.5
v -0.3 1.7 2.5
v -0.3 1.8 2.5
v -0.1 1.7 2.5
v -0.1 1.8 2.5
v 0.0999999 1.9 2.5
v 0.0999999 2 2.5
v 0.2 1.8 2.5
v 0.2 1.9 2.5
v 0.2 2 2.5
v 0.2 2.1 2.5
v 0.3 1.9 2.5
v 0.3 2 2.5
v 0.3 2.1 2.5
v 0.3 2.4 2.5
v 0.3 2.7 2.5
v 0.3 2.9 2.5
v 0.4 2 2.5
v 0.4 2.2 2.5
v 0.4 2.3 2.5
v 0.4 2.4 2.5
v 0.4 2.7 2.5
v 0.4 2.8 2.5
v 0.4 2.9 2.5
v 0.8 2.2 2.5
v 0.8 2.3 2.5
v -1.7 3.7 2.4
v -1.7 3.8 2.4
v -1.4 3.6 2.4
v -1.4 3.7 2.4
v -1.3 3.6 2.4
v -1.3 3.8 2.4
v -1.3 3.9 2.4
v -1 3.7 2.4
v -1 3.8 2.4
v -1 3.9 2.4
v -1 4 2.4
v -0.9 4 2.4
v -0.9 4.1 2.4
v -0.8 3.7 2.4
v -0.8 3.8 2.4
v -0.8 4.1 2.4
v -0.8 4.2 2.4
v -0.7 2.1 2.4
v -0.7 2.4 2.4
v -0.7 3.8 2.4
v -0.7 4.1 2.4
v -0.6 2 2.4
v -0.6 2.1 2.4
v -0.6 4.1 2.4
v -0.6 4.2 2.4
v -0.6 4.3 2.4
v -0.5 1.9 2.4
v -0.5 2 2.4
v -0.5 2.2 2.4
v -0.5 2.4 2.4
v -0.5 4.2 2.4
v -0.5 4.3 2.4
v -0.4 2.1 2.4
v -0.4 2.2 2.4
v -2.38419e-07 2.1 2.4
v -2.38419e-07 2.2 2.4
v 0.0999999 1.9 2.4
v 0.0999999 2 2.4
v 0.0999999 2.2 2.4
v 0.0999999 2.4 2.4
v 0.2 2 2.4
v 0.2 2.1 2.4
v 0.3 2.1 2.4
v 0.3 2.4 2.4
v 0.4 2.3 2.4
v 0.4 2.4 2.4
v 0.7 3.4 2.4
v 0.7 3.6 2.4
v 0.8 2.3 2.4
v 0.8 2.4 2.4
v 0.8 3.4 2.4
v 0.8 3.6 2.4
v -2 3.6 2.3
v -2 3.7 2.3
v -1.4 3.6 2.3
v -1.4 3.7 2.3
v -1.3 3.6 2.3
v -1.3 3.8 2.3
v -1.1 3.6 2.3
v -1.1 3.7 2.3
v -1 3.7 2.3
v -1 3.8 2.3
v -0.8 3.7 2.3
v -0.8 3.8 2.3
v -0.7 3.7 2.3
v -0.7 3.8 2.3
v -0.7 3.9 2.3
v -0.7 4.1 2.3
v -0.6 3.9 2.3
v -0.6 4.1 2.3
v -0.5 2.2 2.3
v -0.5 2.4 2.3
v -0.4 2.1 2.3
v -0.4 2.2 2.3
v -2.38419e-07 2.1 2.3
v -2.38419e-07 2.2 2.3
v 0.0999999 2.2 2.3
v 0.0999999 2.4 2.3
v -1.7 3.5 2.2
v -1.7 3.6 2.2
v -1.6 3.5 2.2
v -1.6 3.6 2.2
v -0.7 3.7 2.2
v -0.7 3.9 2.2
v -0.6 3.7 2.2
v -0.6 3.9 2.2
v -0.6 4.2 2.2
v -0.5 3.9 2.2
v -0.5 4.2 2.2
v -0.5 4.3 2.2
v -0.4 4.2 2.2
v -0.4 4.3 2.2
v -0.1 4.2 2
v -0.1 4.3 2
v -2.38419e-07 4.1 2
v -2.38419e-07 4.2 2
v -2.38419e-07 4.3 2
v 0.0999999 4.1 2
v 0.0999999 4.2 2
v -0.2 4.2 1.9
v -0.2 4.3 1.9
v -0.1 4.1 1.9
v -0.1 4.2 1.9
v -0.1 4.3 1.9
v -2.38419e-07 4.1 1.9
v -2.38419e-07 4.2 1.9
v -1.4 3.7 1.8
v -1.4 3.8 1.8
v -1.3 3.7 1.8
v -1.3 3.8 1.8
v -1.3 3.9 1.8
v -1 3.8 1.8
v -1 3.9 1.8
v 1.2 3.4 1.8
v 1.2 3.5 1.8
v 1.3 3.4 1.8
v 1.3 3.5 1.8
v 1.6 3.4 1.8
v 1.6 3.5 1.8
v -2.3 3.4 1.7
v -2.3 3.5 1.7
v -2 3.4 1.7
v -2 3.5 1.7
v 1.1 3.4 1.7
v 1.1 3.5 1.7
v 1.2 3.4 1.7
v 1.2 3.5 1.7
v 1.6 3.4 1.7
v 1.6 3.5 1.7
v 1.7 3.4 1.7
v 1.7 3.5 1.7
v -2.8 1.7 1.6
v -2.8 1.8 1.6
v -2.7 1.6 1.6
v -2.7 1.7 1.6
v -2.7 1.8 1.6
v -2.6 1.6 1.6
v -2.6 1.7 1.6
v -1.4 1.6 1.6
v -1.4 1.7 1.6
v -1.3 1.6 1.6
v -1.3 1.7 1.6
v -1.3 1.8 1.6
v -1.2 1.7 1.6
v -1.2 1.8 1.6
v -3 2.1 1.5
v -3 2.2 1.5
v -2.9 2.1 1.5
v -2.9 2.2 1.5
v -2.3 1.4 1.5
v -2.3 1.5 1.5
v -2.2 1.4 1.5
v -2.2 1.5 1.5
v -2 3.4 1.5
v -2 3.5 1.5
v -1.9 3.4 1.5
v -1.9 3.5 1.5
v -1.8 1.4 1.5
v -1.8 1.5 1.5
v -1.7 1.4 1.5
v -1.7 1.5 1.5
v -1.1 2.1 1.5
v -1.1 2.2 1.5
v -1 2.1 1.5
v -1 2.2 1.5
v -3 2.2 1.4
v -3 2.4 1.4
v -2.9 1.9 1.4
v -2.9 2 1.4
v -2.9 2.2 1.4
v -2.9 2.4 1.4
v -2.8 1.9 1.4
v -2.8 2 1.4
v -2.5 1.5 1.4
v -2.5 1.6 1.4
v -2.4 1.5 1.4
v -2.4 1.6 1.4
v -2.2 1.4 1.4
v -2.2 1.5 1.4
v -1.8 1.4 1.4
v -1.8 1.5 1.4
v -1.6 1.5 1.4
v -1.6 1.6 1.4
v -1.5 1.5 1.4
v -1.5 1.6 1.4
v -1.2 1.9 1.4
v -1.2 2 1.4
v -1.1 1.9 1.4
v -1.1 2 1.4
v -1.1 2.2 1.4
v -1.1 2.4 1.4
v -1 2.2 1.4
v -1 2.4 1.4
v 0.6 1.7 1.4
v 0.6 1.8 1.4
v 0.7 1.6 1.4
v 0.7 1.7 1.4
v 0.7 1.8 1.4
v 0.8 1.6 1.4
v 0.8 1.7 1.4
v 2 1.6 1.4
v 2 1.7 1.4
v 2.1 1.6 1.4
v 2.1 1.7 1.4
v 2.1 1.8 1.4
v 2.2 1.7 1.4
v 2.2 1.8 1.4
v -2.9 2 1.3
v -2.9 2.1 1.3
v -2.8 1.8 1.3
v -2.8 1.9 1.3
v -2.8 2 1.3
v -2.8 2.1 1.3
v -2.7 1.7 1.3
v -2.7 1.8 1.3
v -2.7 1.9 1.3
v -2.6 1.6 1.3
v -2.6 1.7 1.3
v -2.6 1.8 1.3
v -2.5 1.6 1.3
v -2.5 1.7 1.3
v -2.4 1.5 1.3
v -2.4 1.6 1.3
v -2.3 1.5 1.3
v -2.3 1.6 1.3
v -1.7 1.5 1.3
v -1.7 1.6 1.3
v -1.6 1.5 1.3
v -1.6 1.6 1.3
v -1.5 1.6 1.3
v -1.5 1.7 1.3
v -1.4 1.6 1.3
v -1.4 1.7 1.3
v -1.4 1.8 1.3
v -1.3 1.7 1.3
v -1.3 1.8 1.3
v -1.3 1.9 1.3
v -1.2 1.8 1.3
v -1.2 1.9 1.3
v -1.2 2 1.3
v -1.2 2.1 1.3
v -1.1 2 1.3
v -1.1 2.1 1.3
v -0.3 2.4 1.3
v -0.3 2.5 1.3
v -0.2 2.4 1.3
v -0.2 2.5 1.3
v 0.4 2.1 1.3
v 0.4 2.2 1.3
v 0.5 2.1 1.3
v 0.5 2.2 1.3
v 1.1 1.4 1.3
v 1.1 1.5 1.3
v 1.2 1.4 1.3
v 1.2 1.5 1.3
v 1.6 1.4 1.3
v 1.6 1.5 1.3
v 1.7 1.4 1.3
v 1.7 1.5 1.3
v 2.3 2.1 1.3
v 2.3 2.2 1.3
v 2.4 2.1 1.3
v 2.4 2.2 1.3
v -2.9 2.1 1.2
v -2.9 2.4 1.2
v -2.8 1.9 1.2
v -2.8 2 1.2
v -2.8 2.1 1.2
v -2.8 2.4 1.2
v -2.7 1.8 1.2
v -2.7 1.9 1.2
v -2.7 2 1.2
v -2.6 1.7 1.2
v -2.6 1.8 1.2
v -2.6 1.9 1.2
v -2.5 1.6 1.2
v -2.5 1.7 1.2
v -2.5 1.8 1.2
v -2.4 1.6 1.2
v -2.4 1.7 1.2
v -2.3 1.5 1.2
v -2.3 1.6 1.2
v -1.7 1.5 1.2
v -1.7 1.6 1.2
v -1.6 1.6 1.2
v -1.6 1.7 1.2
v -1.5 1.6 1.2
v -1.5 1.7 1.2
v -1.5 1.8 1.2
v -1.4 1.7 1.2
v -1.4 1.8 1.2
v -1.4 1.9 1.2
v -1.3 1.8 1.2
v -1.3 1.9 1.2
v -1.3 2 1.2
v -1.2 1.9 1.2
v -1.2 2 1.2
v -1.2 2.1 1.2
v -1.2 2.4 1.2
v -1.1 2.1 1.2
v -1.1 2.4 1.2
v -0.1 4.5 1.2
v -0.1 4.7 1.2
v -2.38419e-07 4.5 1.2
v -2.38419e-07 4.7 1.2
v 0.4 2.2 1.2
v 0.4 2.4 1.2
v 0.5 1.9 1.2
v 0.5 2 1.2
v 0.5 2.2 1.2
v 0.5 2.4 1.2
v 0.6 1.9 1.2
v 0.6 2 1.2
v 0.9 1.5 1.2
v 0.9 1.6 1.2
v 1 1.5 1.2
v 1 1.6 1.2
v 1.2 1.4 1.2
v 1.2 1.5 1.2
v 1.6 1.4 1.2
v 1.6 1.5 1.2
v 1.8 1.5 1.2
v 1.8 1.6 1.2
v 1.9 1.5 1.2
v 1.9 1.6 1.2
v 2.2 1.9 1.2
v 2.2 2 1.2
v 2.3 1.9 1.2
v 2.3 2 1.2
v 2.3 2.2 1.2
v 2.3 2.4 1.2
v 2.4 2.2 1.2
v 2.4 2.4 1.2
v -2.8 2 1.1
v -2.8 2.3 1.1
v -2.7 1.9 1.1
v -2.7 2 1.1
v -2.7 2.3 1.1
v -2.6 1.8 1.1
v -2.6 1.9 1.1
v -2.6 2 1.1
v -2.5 1.7 1.1
v -2.5 1.8 1.1
v -2.5 1.9 1.1
v -2.4 1.6 1.1
v -2.4 1.7 1.1
v -2.4 1.8 1.1
v -2.1 1.6 1.1
v -2.1 1.7 1.1
v -1.9 1.6 1.1
v -1.9 1.7 1.1
v -1.6 1.6 1.1
v -1.6 1.7 1.1
v -1.6 1.8 1.1
v -1.5 1.7 1.1
v -1.5 1.8 1.1
v -1.5 1.9 1.1
v -1.4 1.8 1.1
v -1.4 1.9 1.1
v -1.4 2 1.1
v -1.3 1.9 1.1
v -1.3 2 1.1
v -1.3 2.3 1.1
v -1.2 2 1.1
v -1.2 2.3 1.1
v -0.8 4.5 1.1
v -0.8 4.7 1.1
v -0.7 4.5 1.1
v -0.7 4.7 1.1
v -0.2 4.5 1.1
v -0.2 4.7 1.1
v -0.1 4.5 1.1
v -0.1 4.7 1.1
v 0.5 2 1.1
v 0.5 2.1 1.1
v 0.5 4.3 1.1
v 0.5 4.5 1.1
v 0.6 1.8 1.1
v 0.6 1.9 1.1
v 0.6 2 1.1
v 0.6 2.1 1.1
v 0.6 4.3 1.1
v 0.6 4.5 1.1
v 0.7 1.7 1.1
v 0.7 1.8 1.1
v 0.7 1.9 1.1
v 0.8 1.6 1.1
v 0.8 1.7 1.1
v 0.8 1.8 1.1
v 0.9 1.6 1.1
v 0.9 1.7 1.1
v 1 1.5 1.1
v 1 1.6 1.1
v 1.1 1.5 1.1
v 1.1 1.6 1.1
v 1.7 1.5 1.1
v 1.7 1.6 1.1
v 1.8 1.5 1.1
v 1.8 1.6 1.1
v 1.9 1.6 1.1
v 1.9 1.7 1.1
v 2 1.6 1.1
v 2 1.7 1.1
v 2 1.8 1.1
v 2.1 1.7 1.1
v 2.1 1.8 1.1
v 2.1 1.9 1.1
v 2.2 1.8 1.1
v 2.2 1.9 1.1
v 2.2 2 1.1
v 2.2 2.1 1.1
v 2.3 2 1.1
v 2.3 2.1 1.1
v -2.8 2.3 1
v -2.8 2.4 1
v -2.7 2 1
v -2.7 2.3 1
v -2.7 2.4 1
v -2.6 1.9 1
v -2.6 2 1
v -2.6 2.3 1
v -2.6 3.8 1
v -2.6 4.1 1
v -2.5 1.8 1
v -2.5 1.9 1
v -2.5 2 1
v -2.5 3.8 1
v -2.5 4.1 1
v -2.4 1.7 1
v -2.4 1.8 1
v -2.4 1.9 1
v -2.2 4.1 1
v -2.2 4.3 1
v -2.1 1.6 1
v -2.1 1.7 1
v -2.1 1.8 1
v -2.1 4.1 1
v -2.1 4.3 1
v -1.9 1.6 1
v -1.9 1.7 1
v -1.9 1.8 1
v -1.6 1.7 1
v -1.6 1.8 1
v -1.6 1.9 1
v -1.5 1.8 1
v -1.5 1.9 1
v -1.5 2 1
v -1.4 1.9 1
v -1.4 2 1
v -1.4 2.3 1
v -1.3 2 1
v -1.3 2.3 1
v -1.3 2.4 1
v -1.2 2.3 1
v -1.2 2.4 1
v -0.7 4.5 1
v -0.7 4.7 1
v -0.2 4.5 1
v -0.2 4.7 1
v 0.5 2.1 1
v 0.5 2.4 1
v 0.6 1.9 1
v 0.6 2 1
v 0.6 2.1 1
v 0.6 2.4 1
v 0.7 1.8 1
v 0.7 1.9 1
v 0.7 2 1
v 0.8 1.7 1
v 0.8 1.8 1
v 0.8 1.9 1
v 0.9 1.6 1
v 0.9 1.7 1
v 0.9 1.8 1
v 1 1.6 1
v 1 1.7 1
v 1.1 1.5 1
v 1.1 1.6 1
v 1.2 4.1 1
v 1.2 4.3 1
v 1.3 4.1 1
v 1.3 4.3 1
v 1.7 1.5 1
v 1.7 1.6 1
v 1.8 1.6 1
v 1.8 1.7 1
v 1.9 1.6 1
v 1.9 1.7 1
v 1.9 1.8 1
v 2 1.7 1
v 2 1.8 1
v 2 1.9 1
v 2 3.8 1
v 2 4.1 1
v 2.1 1.8 1
v 2.1 1.9 1
v 2.1 2 1
v 2.1 3.8 1
v 2.1 4.1 1
v 2.2 1.9 1
v 2.2 2 1
v 2.2 2.1 1
v 2.2 2.4 1
v 2.3 2.1 1
v 2.3 2.4 1
v -2.9 3 0.9
v -2.9 3.3 0.9
v -2.8 3 0.9
v -2.8 3.3 0.9
v -2.8 3.8 0.9
v -2.7 2.3 0.9
v -2.7 2.4 0.9
v -2.7 3.3 0.9
v -2.7 3.8 0.9
v -2.6 2 0.9
v -2.6 2.3 0.9
v -2.5 1.9 0.9
v -2.5 2 0.9
v -2.5 2.1 0.9
v -2.5 2.4 0.9
v -2.4 1.8 0.9
v -2.4 1.9 0.9
v -2.4 2 0.9
v -2.4 2.1 0.9
v -2.3 1.9 0.9
v -2.3 2 0.9
v -2.1 1.7 0.9
v -2.1 1.8 0.9
v -1.9 1.7 0.9
v -1.9 1.8 0.9
v -1.7 1.9 0.9
v -1.7 2 0.9
v -1.6 1.8 0.9
v -1.6 1.9 0.9
v -1.6 2 0.9
v -1.6 2.1 0.9
v -1.5 1.9 0.9
v -1.5 2 0.9
v -1.5 2.1 0.9
v -1.5 2.4 0.9
v -1.4 2 0.9
v -1.4 2.3 0.9
v -1.4 4.3 0.9
v -1.4 4.5 0.9
v -1.3 2.3 0.9
v -1.3 2.4 0.9
v -1.3 4.3 0.9
v -1.3 4.5 0.9
v 0.4 4.3 0.9
v 0.4 4.5 0.9
v 0.5 4.3 0.9
v 0.5 4.5 0.9
v 0.6 2 0.9
v 0.6 2.3 0.9
v 0.7 1.9 0.9
v 0.7 2 0.9
v 0.7 2.3 0.9
v 0.8 1.8 0.9
v 0.8 1.9 0.9
v 0.8 2 0.9
v 0.9 1.7 0.9
v 0.9 1.8 0.9
v 0.9 1.9 0.9
v 1 1.6 0.9
v 1 1.7 0.9
v 1 1.8 0.9
v 1.3 1.6 0.9
v 1.3 1.7 0.9
v 1.5 1.6 0.9
v 1.5 1.7 0.9
v 1.8 1.6 0.9
v 1.8 1.7 0.9
v 1.8 1.8 0.9
v 1.9 1.7 0.9
v 1.9 1.8 0.9
v 1.9 1.9 0.9
v 2 1.8 0.9
v 2 1.9 0.9
v 2 2 0.9
v 2.1 1.9 0.9
v 2.1 2 0.9
v 2.1 2.3 0.9
v 2.2 2 0.9
v 2.2 2.3 0.9
v 2.2 3.3 0.9
v 2.2 3.8 0.9
v 2.3 3 0.9
v 2.3 3.3 0.9
v 2.3 3.8 0.9
v 2.4 3 0.9
v 2.4 3.3 0.9
v -3.7 2.6 0.8
v -3.7 2.7 0.8
v -3.7 2.9 0.8
v -3.7 3 0.8
v -3.6 2.6 0.8
v -3.6 2.7 0.8
v -3.6 2.9 0.8
v -3.6 3 0.8
v -2.5 2.1 0.8
v -2.5 2.4 0.8
v -2.4 2 0.8
v -2.4 2.1 0.8
v -2.3 1.9 0.8
v -2.3 2 0.8
v -2.3 2.2 0.8
v -2.3 2.4 0.8
v -2.2 2.1 0.8
v -2.2 2.2 0.8
v -1.8 2.1 0.8
v -1.8 2.2 0.8
v -1.7 1.9 0.8
v -1.7 2 0.8
v -1.7 2.2 0.8
v -1.7 2.4 0.8
v -1.6 2 0.8
v -1.6 2.1 0.8
v -1.5 2.1 0.8
v -1.5 2.4 0.8
v -1.3 4.3 0.8
v -1.3 4.5 0.8
v -1.2 4.3 0.8
v -1.2 4.5 0.8
v 0.3 4.3 0.8
v 0.3 4.5 0.8
v 0.4 4.3 0.8
v 0.4 4.5 0.8
v 0.6 2.3 0.8
v 0.6 2.4 0.8
v 0.7 2 0.8
v 0.7 2.3 0.8
v 0.7 2.4 0.8
v 0.8 1.9 0.8
v 0.8 2 0.8
v 0.8 2.3 0.8
v 0.9 1.8 0.8
v 0.9 1.9 0.8
v 0.9 2 0.8
v 1 1.7 0.8
v 1 1.8 0.8
v 1 1.9 0.8
v 1.3 1.6 0.8
v 1.3 1.7 0.8
v 1.3 1.8 0.8
v 1.5 1.6 0.8
v 1.5 1.7 0.8
v 1.5 1.8 0.8
v 1.8 1.7 0.8
v 1.8 1.8 0.8
v 1.8 1.9 0.8
v 1.9 1.8 0.8
v 1.9 1.9 0.8
v 1.9 2 0.8
v 2 1.9 0.8
v 2 2 0.8
v 2 2.3 0.8
v 2.1 2 0.8
v 2.1 2.3 0.8
v 2.1 2.4 0.8
v 2.2 2.3 0.8
v 2.2 2.4 0.8
v 3.1 2.6 0.8
v 3.1 2.7 0.8
v 3.1 2.9 0.8
v 3.1 3 0.8
v 3.2 2.6 0.8
v 3.2 2.7 0.8
v 3.2 2.9 0.8
v 3.2 3 0.8
v -3.2 2.4 0.7
v -3.2 2.6 0.7
v -3.1 2.4 0.7
v -3.1 2.6 0.7
v -2.3 2.2 0.7
v -2.3 2.4 0.7
v -2.2 2.1 0.7
v -2.2 2.2 0.7
v -2.1 4.1 0.7
v -2.1 4.3 0.7
v -2 4.1 0.7
v -2 4.3 0.7
v -1.8 2.1 0.7
v -1.8 2.2 0.7
v -1.7 2.2 0.7
v -1.7 2.4 0.7
v -1.2 4.3 0.7
v -1.2 4.5 0.7
v -1.1 4.3 0.7
v -1.1 4.5 0.7
v 0.2 4.3 0.7
v 0.2 4.5 0.7
v 0.3 4.3 0.7
v 0.3 4.5 0.7
v 0.7 2.3 0.7
v 0.7 2.4 0.7
v 0.8 2 0.7
v 0.8 2.3 0.7
v 0.9 1.9 0.7
v 0.9 2 0.7
v 0.9 2.1 0.7
v 0.9 2.4 0.7
v 1 1.8 0.7
v 1 1.9 0.7
v 1 2 0.7
v 1 2.1 0.7
v 1.1 1.9 0.7
v 1.1 2 0.7
v 1.1 4.1 0.7
v 1.1 4.3 0.7
v 1.2 4.1 0.7
v 1.2 4.3 0.7
v 1.3 1.7 0.7
v 1.3 1.8 0.7
v 1.5 1.7 0.7
v 1.5 1.8 0.7
v 1.7 1.9 0.7
v 1.7 2 0.7
v 1.8 1.8 0.7
v 1.8 1.9 0.7
v 1.8 2 0.7
v 1.8 2.1 0.7
v 1.9 1.9 0.7
v 1.9 2 0.7
v 1.9 2.1 0.7
v 1.9 2.4 0.7
v 2 2 0.7
v 2 2.3 0.7
v 2.1 2.3 0.7
v 2.1 2.4 0.7
v 2.6 2.4 0.7
v 2.6 2.6 0.7
v 2.7 2.4 0.7
v 2.7 2.6 0.7
v -2.8 3 0.6
v -2.8 3.3 0.6
v -2.7 3 0.6
v -2.7 3.3 0.6
v -2.7 3.8 0.6
v -2.6 3.3 0.6
v -2.6 3.8 0.6
v -2.5 3.8 0.6
v -2.5 4.1 0.6
v -2.4 3.8 0.6
v -2.4 4.1 0.6
v -1.1 4.3 0.6
v -1.1 4.5 0.6
v -1 4.3 0.6
v -1 4.5 0.6
v 0.0999999 4.3 0.6
v 0.0999999 4.5 0.6
v 0.2 4.3 0.6
v 0.2 4.5 0.6
v 0.9 2.1 0.6
v 0.9 2.4 0.6
v 1 2 0.6
v 1 2.1 0.6
v 1.1 1.9 0.6
v 1.1 2 0.6
v 1.1 2.2 0.6
v 1.1 2.4 0.6
v 1.2 2.1 0.6
v 1.2 2.2 0.6
v 1.6 2.1 0.6
v 1.6 2.2 0.6
v 1.7 1.9 0.6
v 1.7 2 0.6
v 1.7 2.2 0.6
v 1.7 2.4 0.6
v 1.8 2 0.6
v 1.8 2.1 0.6
v 1.9 2.1 0.6
v 1.9 2.4 0.6
v 1.9 3.8 0.6
v 1.9 4.1 0.6
v 2 3.8 0.6
v 2 4.1 0.6
v 2.1 3.3 0.6
v 2.1 3.8 0.6
v 2.2 3 0.6
v 2.2 3.3 0.6
v 2.2 3.8 0.6
v 2.3 3 0.6
v 2.3 3.3 0.6
v -2 4.1 0.5
v -2 4.3 0.5
v -1.9 4.1 0.5
v -1.9 4.3 0.5
v -1 4.3 0.5
v -1 4.5 0.5
v -0.8 4.3 0.5
v -0.8 4.5 0.5
v -0.1 4.3 0.5
v -0.1 4.5 0.5
v 0.0999999 4.3 0.5
v 0.0999999 4.5 0.5
v 1 4.1 0.5
v 1 4.3 0.5
v 1.1 2.2 0.5
v 1.1 2.4 0.5
v 1.1 4.1 0.5
v 1.1 4.3 0.5
v 1.2 2.1 0.5
v 1.2 2.2 0.5
v 1.6 2.1 0.5
v 1.6 2.2 0.5
v 1.7 2.2 0.5
v 1.7 2.4 0.5
v -2.4 3.8 0.4
v -2.4 4.1 0.4
v -2.3 3.8 0.4
v -2.3 4.1 0.4
v -1.9 4.1 0.4
v -1.9 4.3 0.4
v -1.8 4.1 0.4
v -1.8 4.3 0.4
v -0.8 4.3 0.4
v -0.8 4.5 0.4
v -0.4 4.4 0.4
v -0.4 4.5 0.4
v -0.3 4.3 0.4
v -0.3 4.4 0.4
v -0.2 4.3 0.4
v -0.1 4.3 0.4
v -0.1 4.5 0.4
v 0.9 4.1 0.4
v 0.9 4.3 0.4
v 1 4.1 0.4
v 1 4.3 0.4
v 1.8 3.8 0.4
v 1.8 4.1 0.4
v 1.9 3.8 0.4
v 1.9 4.1 0.4
v -3.6 2.6 0.3
v -3.6 2.7 0.3
v -3.6 2.9 0.3
v -3.6 3 0.3
v -3.5 2.6 0.3
v -3.5 2.7 0.3
v -3.5 2.9 0.3
v -3.5 3 0.3
v -3.1 2.4 0.3
v -3.1 2.6 0.3
v -3 2.4 0.3
v -3 2.6 0.3
v -2.7 3 0.3
v -2.7 3.3 0.3
v -2.6 3 0.3
v -2.6 3.3 0.3
v -2.6 3.8 0.3
v -2.5 3.3 0.3
v -2.5 3.8 0.3
v -1.8 4.1 0.3
v -1.8 4.3 0.3
v -1.7 4.1 0.3
v -1.7 4.3 0.3
v 0.8 4.1 0.3
v 0.8 4.3 0.3
v 0.9 4.1 0.3
v 0.9 4.3 0.3
v 2 3.3 0.3
v 2 3.8 0.3
v 2.1 3 0.3
v 2.1 3.3 0.3
v 2.1 3.8 0.3
v 2.2 3 0.3
v 2.2 3.3 0.3
v 2.5 2.4 0.3
v 2.5 2.6 0.3
v 2.6 2.4 0.3
v 2.6 2.6 0.3
v 3 2.6 0.3
v 3 2.7 0.3
v 3 2.9 0.3
v 3 3 0.3
v 3.1 2.6 0.3
v 3.1 2.7 0.3
v 3.1 2.9 0.3
v 3.1 3 0.3
v -2.5 3.3 0.2
v -2.5 3.8 0.2
v -2.4 3.3 0.2
v -2.4 3.8 0.2
v -2.3 3.8 0.2
v -2.3 4.1 0.2
v -2.2 3.8 0.2
v -2.2 4.1 0.2
v -1.7 4.1 0.2
v -1.7 4.3 0.2
v -1.6 4.1 0.2
v -1.6 4.3 0.2
v 0.7 4.1 0.2
v 0.7 4.3 0.2
v 0.8 4.1 0.2
v 0.8 4.3 0.2
v 1.7 3.8 0.2
v 1.7 4.1 0.2
v 1.8 3.8 0.2
v 1.8 4.1 0.2
v 1.9 3.3 0.2
v 1.9 3.8 0.2
v 2 3.3 0.2
v 2 3.8 0.2
v -3.5 2.6 0.0999999
v -3.5 2.7 0.0999999
v -3.5 2.9 0.0999999
v -3.5 3 0.0999999
v -3.4 2.6 0.0999999
v -3.4 2.7 0.0999999
v -3.4 2.9 0.0999999
v -3.4 3 0.0999999
v -3 2.4 0.0999999
v -3 2.6 0.0999999
v -2.9 2.4 0.0999999
v -2.9 2.6 0.0999999
v -2.6 3 0.0999999
v -2.6 3.3 0.0999999
v -2.5 3 0.0999999
v -2.5 3.3 0.0999999
v -2.2 3.8 0.0999999
v -2.2 4.1 0.0999999
v -2.1 3.8 0.0999999
v -2.1 4.1 0.0999999
v -1.6 4.1 0.0999999
v -1.6 4.3 0.0999999
v -1.5 4.1 0.0999999
v -1.5 4.3 0.0999999
v 0.6 4.1 0.0999999
v 0.6 4.3 0.0999999
v 0.7 4.1 0.0999999
v 0.7 4.3 0.0999999
v 1.6 3.8 0.0999999
v 1.6 4.1 0.0999999
v 1.7 3.8 0.0999999
v 1.7 4.1 0.0999999
v 2 3 0.0999999
v 2 3.3 0.0999999
v 2.1 3 0.0999999
v 2.1 3.3 0.0999999
v 2.4 2.4 0.0999999
v 2.4 2.6 0.0999999
v 2.5 2.4 0.0999999
v 2.5 2.6 0.0999999
v 2.9 2.6 0.0999999
v 2.9 2.7 0.0999999
v 2.9 2.9 0.0999999
v 2.9 3 0.0999999
v 3 2.6 0.0999999
v 3 2.7 0.0999999
v 3 2.9 0.0999999
v 3 3 0.0999999
v -2.5 3 0
v -2.5 3.3 0
v -2.4 3 0
v -2.4 3.3 0
v -2.4 3.8 0
v -2.3 3.3 0
v -2.3 3.8 0
v -1.5 4.1 0
v -1.5 4.3 0
v -1.4 4.1 0
v -1.4 4.3 0
v 0.5 4.1 0
v 0.5 4.3 0
v 0.6 4.1 0
v 0.6 4.3 0
v 1.8 3.3 0
v 1.8 3.7 0
v 1.8 3.8 0
v 1.9 3 0
v 1.9 3.3 0
v 1.9 3.8 0
v 2 3 0
v 2 3.3 0
v -2.9 2.4 -0.1
v -2.9 2.6 -0.1
v -2.8 2.4 -0.1
v -2.8 2.6 -0.1
v -2.3 3.3 -0.1
v -2.3 3.8 -0.1
v -2.2 3.3 -0.1
v -2.2 3.8 -0.1
v -2.1 3.8 -0.1
v -2.1 4.1 -0.1
v -2 3.8 -0.1
v -2 4.1 -0.1
v -1.4 4.1 -0.1
v -1.4 4.3 -0.1
v -1.3 4.1 -0.1
v -1.2 4.1 -0.1
v -1.2 4.2 -0.1
v -1.2 4.3 -0.1
v 0.3 4.1 -0.1
v 0.3 4.3 -0.1
v 0.5 4.1 -0.1
v 0.5 4.3 -0.1
v 1.5 3.8 -0.1
v 1.5 4.1 -0.1
v 1.6 3.8 -0.1
v 1.6 4.1 -0.1
v 1.7 3.3 -0.1
v 1.7 3.6 -0.1
v 1.7 3.7 -0.1
v 1.7 3.8 -0.1
v 1.8 3.3 -0.1
v 1.8 3.7 -0.1
v 1.8 3.8 -0.1
v 2.3 2.4 -0.1
v 2.3 2.6 -0.1
v 2.4 2.4 -0.1
v 2.4 2.6 -0.1
v -3.4 2.6 -0.2
v -3.4 2.7 -0.2
v -3.4 2.9 -0.2
v -3.4 3 -0.2
v -3.3 2.6 -0.2
v -3.3 2.7 -0.2
v -3.3 2.9 -0.2
v -3.3 3 -0.2
v -2.4 3 -0.2
v -2.4 3.3 -0.2
v -2.3 3 -0.2
v -2.3 3.3 -0.2
v -2 3.8 -0.2
v -2 4.1 -0.2
v -1.9 3.8 -0.2
v -1.9 4.1 -0.2
v -1.2 4.1 -0.2
v -1.2 4.2 -0.2
v -1.2 4.3 -0.2
v -1.1 4.2 -0.2
v -1.1 4.3 -0.2
v -0.9 4.1 -0.2
v -0.9 4.3 -0.2
v -0.7 3.4 -0.2
v -0.7 3.5 -0.2
v -0.3 3.4 -0.2
v -0.3 3.5 -0.2
v -2.38419e-07 4.1 -0.2
v -2.38419e-07 4.3 -0.2
v 0.3 4.1 -0.2
v 0.3 4.3 -0.2
v 1.4 3.8 -0.2
v 1.4 4.1 -0.2
v 1.5 3.8 -0.2
v 1.5 4.1 -0.2
v 1.8 3 -0.2
v 1.8 3.3 -0.2
v 1.9 3 -0.2
v 1.9 3.3 -0.2
v 2.8 2.6 -0.2
v 2.8 2.7 -0.2
v 2.8 2.9 -0.2
v 2.8 3 -0.2
v 2.9 2.6 -0.2
v 2.9 2.7 -0.2
v 2.9 2.9 -0.2
v 2.9 3 -0.2
v -2.8 2.4 -0.3
v -2.8 2.6 -0.3
v -2.7 2.4 -0.3
v -2.7 2.6 -0.3
v -2.3 3 -0.3
v -2.3 3.3 -0.3
v -2.2 3 -0.3
v -2.2 3.3 -0.3
v -2.2 3.8 -0.3
v -2.1 3.3 -0.3
v -2.1 3.8 -0.3
v -1.9 3.8 -0.3
v -1.9 4.1 -0.3
v -1.8 3.8 -0.3
v -1.8 4.1 -0.3
v -0.9 4.1 -0.3
v -0.9 4.3 -0.3
v -0.8 3.4 -0.3
v -0.8 3.5 -0.3
v -0.7 3.4 -0.3
v -0.7 3.5 -0.3
v -0.3 3.4 -0.3
v -0.3 3.5 -0.3
v -0.2 3.4 -0.3
v -0.2 3.5 -0.3
v -2.38419e-07 4.1 -0.3
v -2.38419e-07 4.3 -0.3
v 1.3 3.8 -0.3
v 1.3 4.1 -0.3
v 1.4 3.8 -0.3
v 1.4 4.1 -0.3
v 1.6 3.3 -0.3
v 1.6 3.4 -0.3
v 1.6 3.8 -0.3
v 1.7 3 -0.3
v 1.7 3.3 -0.3
v 1.7 3.4 -0.3
v 1.7 3.8 -0.3
v 1.8 3 -0.3
v 1.8 3.3 -0.3
v 2.2 2.4 -0.3
v 2.2 2.6 -0.3
v 2.3 2.4 -0.3
v 2.3 2.6 -0.3
v -3.3 2.6 -0.4
v -3.3 2.7 -0.4
v -3.3 2.9 -0.4
v -3.3 3 -0.4
v -3.2 2.6 -0.4
v -3.2 2.7 -0.4
v -3.2 2.9 -0.4
v -3.2 3 -0.4
v -2.2 3 -0.4
v -2.2 3.3 -0.4
v -2.1 3 -0.4
v -2.1 3.3 -0.4
v -2.1 3.8 -0.4
v -2 3.3 -0.4
v -2 3.8 -0.4
v -1.8 3.8 -0.4
v -1.8 4.1 -0.4
v -1.6 3.8 -0.4
v -1.6 4.1 -0.4
v 1.1 3.8 -0.4
v 1.1 4.1 -0.4
v 1.3 3.8 -0.4
v 1.3 4.1 -0.4
v 1.5 3.3 -0.4
v 1.5 3.8 -0.4
v 1.6 3 -0.4
v 1.6 3.3 -0.4
v 1.6 3.8 -0.4
v 1.7 3 -0.4
v 1.7 3.3 -0.4
v 2.7 2.6 -0.4
v 2.7 2.7 -0.4
v 2.7 2.9 -0.4
v 2.7 3 -0.4
v 2.8 2.6 -0.4
v 2.8 2.7 -0.4
v 2.8 2.9 -0.4
v 2.8 3 -0.4
v -3.2 2.6 -0.5
v -3.2 2.7 -0.5
v -3.2 2.9 -0.5
v -3.2 3 -0.5
v -3.1 2.6 -0.5
v -3.1 2.7 -0.5
v -3.1 2.9 -0.5
v -3.1 3 -0.5
v -2.7 2.4 -0.5
v -2.7 2.6 -0.5
v -2.6 2.4 -0.5
v -2.6 2.6 -0.5
v -2.1 3 -0.5
v -2.1 3.3 -0.5
v -2 3 -0.5
v -2 3.3 -0.5
v -2 3.8 -0.5
v -1.8 3.3 -0.5
v -1.8 3.7 -0.5
v -1.8 3.8 -0.5
v -1.6 3.8 -0.5
v -1.6 4.1 -0.5
v -1.5 3.8 -0.5
v -1.5 4.1 -0.5
v 1 3.8 -0.5
v 1 3.9 -0.5
v 1 4.1 -0.5
v 1.1 3.8 -0.5
v 1.1 4.1 -0.5
v 1.3 3.3 -0.5
v 1.3 3.8 -0.5
v 1.4 3.3 -0.5
v 1.5 3 -0.5
v 1.5 3.3 -0.5
v 1.5 3.8 -0.5
v 1.6 3 -0.5
v 1.6 3.3 -0.5
v 2.1 2.4 -0.5
v 2.1 2.6 -0.5
v 2.2 2.4 -0.5
v 2.2 2.6 -0.5
v 2.6 2.6 -0.5
v 2.6 2.7 -0.5
v 2.6 2.9 -0.5
v 2.6 3 -0.5
v 2.7 2.6 -0.5
v 2.7 2.7 -0.5
v 2.7 2.9 -0.5
v 2.7 3 -0.5
v -2.6 2.4 -0.6
v -2.6 2.6 -0.6
v -2.5 2.4 -0.6
v -2.5 2.6 -0.6
v -2 3 -0.6
v -2 3.3 -0.6
v -1.9 3 -0.6
v -1.9 3.3 -0.6
v -1.8 3.3 -0.6
v -1.8 3.7 -0.6
v -1.8 3.8 -0.6
v -1.7 3.3 -0.6
v -1.7 3.6 -0.6
v -1.7 3.7 -0.6
v -1.7 3.8 -0.6
v -1.5 3.8 -0.6
v -1.5 4.1 -0.6
v -1.3 1.7 -0.6
v -1.3 1.8 -0.6
v -1.3 3.8 -0.6
v -1.3 4.1 -0.6
v -1.2 1.6 -0.6
v -1.2 1.7 -0.6
v -1.2 1.8 -0.6
v -1.1 1.6 -0.6
v -1.1 1.7 -0.6
v 0.0999999 1.6 -0.6
v 0.0999999 1.7 -0.6
v 0.2 1.6 -0.6
v 0.2 1.7 -0.6
v 0.2 1.8 -0.6
v 0.3 1.7 -0.6
v 0.3 1.8 -0.6
v 0.8 3.8 -0.6
v 0.8 4.1 -0.6
v 0.9 3.8 -0.6
v 0.9 3.9 -0.6
v 1 3.8 -0.6
v 1 3.9 -0.6
v 1 4.1 -0.6
v 1.2 3.3 -0.6
v 1.2 3.8 -0.6
v 1.3 3.3 -0.6
v 1.3 3.8 -0.6
v 1.4 3 -0.6
v 1.4 3.3 -0.6
v 1.5 3 -0.6
v 1.5 3.3 -0.6
v 2 2.4 -0.6
v 2 2.6 -0.6
v 2.1 2.4 -0.6
v 2.1 2.6 -0.6
v -3.1 2.6 -0.7
v -3.1 2.7 -0.7
v -3.1 2.9 -0.7
v -3.1 3 -0.7
v -3 2.6 -0.7
v -3 2.7 -0.7
v -3 2.9 -0.7
v -3 3 -0.7
v -2.5 2.4 -0.7
v -2.5 2.6 -0.7
v -2.4 2.4 -0.7
v -2.4 2.6 -0.7
v -1.9 3 -0.7
v -1.9 3.3 -0.7
v -1.7 3 -0.7
v -1.7 3.3 -0.7
v -1.7 3.6 -0.7
v -1.7 3.8 -0.7
v -1.5 2.1 -0.7
v -1.5 2.2 -0.7
v -1.5 3.3 -0.7
v -1.5 3.6 -0.7
v -1.5 3.8 -0.7
v -1.4 2.1 -0.7
v -1.4 2.2 -0.7
v -1.3 3.8 -0.7
v -1.3 4.1 -0.7
v -1.1 3.8 -0.7
v -1.1 4.1 -0.7
v -0.8 1.4 -0.7
v -0.8 1.5 -0.7
v -0.7 1.4 -0.7
v -0.7 1.5 -0.7
v -0.3 1.4 -0.7
v -0.3 1.5 -0.7
v -0.2 1.4 -0.7
v -0.2 1.5 -0.7
v 0.4 2.1 -0.7
v 0.4 2.2 -0.7
v 0.5 2.1 -0.7
v 0.5 2.2 -0.7
v 0.6 3.8 -0.7
v 0.6 4 -0.7
v 0.6 4.1 -0.7
v 0.7 3.8 -0.7
v 0.7 4 -0.7
v 0.7 4.1 -0.7
v 0.8 3.8 -0.7
v 0.8 4.1 -0.7
v 1 3.3 -0.7
v 1 3.7 -0.7
v 1 3.8 -0.7
v 1.1 3.3 -0.7
v 1.1 3.7 -0.7
v 1.2 3 -0.7
v 1.2 3.2 -0.7
v 1.2 3.3 -0.7
v 1.2 3.8 -0.7
v 1.3 3.2 -0.7
v 1.3 3.3 -0.7
v 1.4 3 -0.7
v 1.4 3.3 -0.7
v 1.9 2.4 -0.7
v 1.9 2.6 -0.7
v 2 2.4 -0.7
v 2 2.6 -0.7
v 2.5 2.6 -0.7
v 2.5 2.7 -0.7
v 2.5 2.9 -0.7
v 2.5 3 -0.7
v 2.6 2.6 -0.7
v 2.6 2.7 -0.7
v 2.6 2.9 -0.7
v 2.6 3 -0.7
v -3 2.6 -0.8
v -3 2.7 -0.8
v -3 2.9 -0.8
v -3 3 -0.8
v -2.9 2.6 -0.8
v -2.9 2.7 -0.8
v -2.9 2.9 -0.8
v -2.9 3 -0.8
v -2.4 2.4 -0.8
v -2.4 2.6 -0.8
v -2.3 2.4 -0.8
v -2.3 2.6 -0.8
v -1.7 3 -0.8
v -1.7 3.3 -0.8
v -1.6 3 -0.8
v -1.6 3.3 -0.8
v -1.5 2.2 -0.8
v -1.5 2.4 -0.8
v -1.5 3.3 -0.8
v -1.5 3.8 -0.8
v -1.4 1.9 -0.8
v -1.4 2 -0.8
v -1.4 2.2 -0.8
v -1.4 2.4 -0.8
v -1.4 3.3 -0.8
v -1.4 3.8 -0.8
v -1.3 1.9 -0.8
v -1.3 2 -0.8
v -1.1 3.8 -0.8
v -1.1 4.1 -0.8
v -1 1.5 -0.8
v -1 1.6 -0.8
v -0.9 1.5 -0.8
v -0.9 1.6 -0.8
v -0.7 1.4 -0.8
v -0.7 1.5 -0.8
v -0.7 3.8 -0.8
v -0.7 4.1 -0.8
v -0.3 1.4 -0.8
v -0.3 1.5 -0.8
v -0.1 1.5 -0.8
v -0.1 1.6 -0.8
v -2.38419e-07 1.5 -0.8
v -2.38419e-07 1.6 -0.8
v 0.2 3.8 -0.8
v 0.2 4.1 -0.8
v 0.3 1.9 -0.8
v 0.3 2 -0.8
v 0.4 1.9 -0.8
v 0.4 2 -0.8
v 0.4 2.2 -0.8
v 0.4 2.4 -0.8
v 0.5 2.2 -0.8
v 0.5 2.4 -0.8
v 0.6 3.8 -0.8
v 0.6 4.1 -0.8
v 0.9 3.3 -0.8
v 0.9 3.6 -0.8
v 0.9 3.7 -0.8
v 0.9 3.8 -0.8
v 1 3.3 -0.8
v 1 3.7 -0.8
v 1 3.8 -0.8
v 1.1 3 -0.8
v 1.1 3.3 -0.8
v 1.2 3 -0.8
v 1.2 3.3 -0.8
v 1.8 2.4 -0.8
v 1.8 2.6 -0.8
v 1.9 2.4 -0.8
v 1.9 2.6 -0.8
v 2.4 2.6 -0.8
v 2.4 2.7 -0.8
v 2.4 2.9 -0.8
v 2.4 3 -0.8
v 2.5 2.6 -0.8
v 2.5 2.7 -0.8
v 2.5 2.9 -0.8
v 2.5 3 -0.8
v -2.9 2.6 -0.9
v -2.9 2.7 -0.9
v -2.9 2.9 -0.9
v -2.9 3 -0.9
v -2.8 2.6 -0.9
v -2.8 2.7 -0.9
v -2.8 2.9 -0.9
v -2.8 3 -0.9
v -2.3 2.4 -0.9
v -2.3 2.6 -0.9
v -2.2 2.4 -0.9
v -2.2 2.6 -0.9
v -1.6 3 -0.9
v -1.6 3.3 -0.9
v -1.4 2 -0.9
v -1.4 2.1 -0.9
v -1.4 3 -0.9
v -1.4 3.3 -0.9
v -1.4 3.8 -0.9
v -1.3 1.8 -0.9
v -1.3 1.9 -0.9
v -1.3 2 -0.9
v -1.3 2.1 -0.9
v -1.2 1.7 -0.9
v -1.2 1.8 -0.9
v -1.2 1.9 -0.9
v -1.1 1.6 -0.9
v -1.1 1.7 -0.9
v -1.1 1.8 -0.9
v -1.1 3.3 -0.9
v -1.1 3.8 -0.9
v -1 1.6 -0.9
v -1 1.7 -0.9
v -0.9 1.5 -0.9
v -0.9 1.6 -0.9
v -0.8 1.5 -0.9
v -0.8 1.6 -0.9
v -0.7 3.8 -0.9
v -0.7 4.1 -0.9
v -0.2 1.5 -0.9
v -0.2 1.6 -0.9
v -0.1 1.5 -0.9
v -0.1 1.6 -0.9
v -2.38419e-07 1.6 -0.9
v -2.38419e-07 1.7 -0.9
v 0.0999999 1.6 -0.9
v 0.0999999 1.7 -0.9
v 0.0999999 1.8 -0.9
v 0.2 1.7 -0.9
v 0.2 1.8 -0.9
v 0.2 1.9 -0.9
v 0.2 3.8 -0.9
v 0.2 4.1 -0.9
v 0.3 1.8 -0.9
v 0.3 1.9 -0.9
v 0.3 2 -0.9
v 0.3 2.1 -0.9
v 0.4 2 -0.9
v 0.4 2.1 -0.9
v 0.6 3.3 -0.9
v 0.6 3.8 -0.9
v 0.7 3.6 -0.9
v 0.7 3.8 -0.9
v 0.9 3 -0.9
v 0.9 3.3 -0.9
v 0.9 3.6 -0.9
v 0.9 3.8 -0.9
v 1.1 3 -0.9
v 1.1 3.3 -0.9
v 1.7 2.4 -0.9
v 1.7 2.6 -0.9
v 1.8 2.4 -0.9
v 1.8 2.6 -0.9
v 2.3 2.6 -0.9
v 2.3 2.7 -0.9
v 2.3 2.9 -0.9
v 2.3 3 -0.9
v 2.4 2.6 -0.9
v 2.4 2.7 -0.9
v 2.4 2.9 -0.9
v 2.4 3 -0.9
v -2.8 2.6 -1
v -2.8 2.7 -1
v -2.8 2.9 -1
v -2.8 3 -1
v -2.7 2.6 -1
v -2.7 2.7 -1
v -2.7 2.9 -1
v -2.7 3 -1
v -2.2 2.4 -1
v -2.2 2.6 -1
v -2.1 2.4 -1
v -2.1 2.6 -1
v -1.4 2.1 -1
v -1.4 2.4 -1
v -1.4 3 -1
v -1.4 3.3 -1
v -1.3 1.9 -1
v -1.3 2 -1
v -1.3 2.1 -1
v -1.3 2.4 -1
v -1.2 1.8 -1
v -1.2 1.9 -1
v -1.2 2 -1
v -1.1 1.7 -1
v -1.1 1.8 -1
v -1.1 1.9 -1
v -1.1 3 -1
v -1.1 3.3 -1
v -1.1 3.8 -1
v -1 1.6 -1
v -1 1.7 -1
v -1 1.8 -1
v -0.9 1.6 -1
v -0.9 1.7 -1
v -0.8 1.5 -1
v -0.8 1.6 -1
v -0.8 3.3 -1
v -0.8 3.8 -1
v -0.2 1.5 -1
v -0.2 1.6 -1
v -0.1 1.6 -1
v -0.1 1.7 -1
v -2.38419e-07 1.6 -1
v -2.38419e-07 1.7 -1
v -2.38419e-07 1.8 -1
v 0.0999999 1.7 -1
v 0.0999999 1.8 -1
v 0.0999999 1.9 -1
v 0.2 1.8 -1
v 0.2 1.9 -1
v 0.2 2 -1
v 0.3 1.9 -1
v 0.3 2 -1
v 0.3 2.1 -1
v 0.3 2.4 -1
v 0.3 3.3 -1
v 0.3 3.8 -1
v 0.4 2.1 -1
v 0.4 2.4 -1
v 0.6 3 -1
v 0.6 3.3 -1
v 0.6 3.8 -1
v 0.9 3 -1
v 0.9 3.3 -1
v 1.6 2.4 -1
v 1.6 2.6 -1
v 1.7 2.4 -1
v 1.7 2.6 -1
v 2.2 2.6 -1
v 2.2 2.7 -1
v 2.2 2.9 -1
v 2.2 3 -1
v 2.3 2.6 -1
v 2.3 2.7 -1
v 2.3 2.9 -1
v 2.3 3 -1
v -2.7 2.6 -1.1
v -2.7 2.7 -1.1
v -2.7 2.9 -1.1
v -2.7 3 -1.1
v -2.6 2.6 -1.1
v -2.6 2.7 -1.1
v -2.6 2.9 -1.1
v -2.6 3 -1.1
v -2.1 2.4 -1.1
v -2.1 2.6 -1.1
v -2 2.4 -1.1
v -2 2.6 -1.1
v -1.3 2 -1.1
v -1.3 2.3 -1.1
v -1.2 1.9 -1.1
v -1.2 2 -1.1
v -1.2 2.3 -1.1
v -1.1 1.8 -1.1
v -1.1 1.9 -1.1
v -1.1 2 -1.1
v -1.1 3 -1.1
v -1.1 3.3 -1.1
v -1 1.7 -1.1
v -1 1.8 -1.1
v -1 1.9 -1.1
v -0.9 1.6 -1.1
v -0.9 1.7 -1.1
v -0.9 1.8 -1.1
v -0.8 3 -1.1
v -0.8 3.3 -1.1
v -0.8 3.8 -1.1
v -0.6 1.6 -1.1
v -0.6 1.7 -1.1
v -0.4 1.6 -1.1
v -0.4 1.7 -1.1
v -0.1 1.6 -1.1
v -0.1 1.7 -1.1
v -0.1 1.8 -1.1
v -2.38419e-07 1.7 -1.1
v -2.38419e-07 1.8 -1.1
v -2.38419e-07 1.9 -1.1
v 0.0999999 1.8 -1.1
v 0.0999999 1.9 -1.1
v 0.0999999 2 -1.1
v 0.2 1.9 -1.1
v 0.2 2 -1.1
v 0.2 2.3 -1.1
v 0.3 2 -1.1
v 0.3 2.3 -1.1
v 0.3 3 -1.1
v 0.3 3.3 -1.1
v 0.3 3.8 -1.1
v 0.6 3 -1.1
v 0.6 3.3 -1.1
v 1.5 2.4 -1.1
v 1.5 2.6 -1.1
v 1.6 2.4 -1.1
v 1.6 2.6 -1.1
v 2.1 2.6 -1.1
v 2.1 2.7 -1.1
v 2.1 2.9 -1.1
v 2.1 3 -1.1
v 2.2 2.6 -1.1
v 2.2 2.7 -1.1
v 2.2 2.9 -1.1
v 2.2 3 -1.1
v -2.6 2.6 -1.2
v -2.6 2.7 -1.2
v -2.6 2.9 -1.2
v -2.6 3 -1.2
v -2.5 2.6 -1.2
v -2.5 2.7 -1.2
v -2.5 2.9 -1.2
v -2.5 3 -1.2
v -2 2.4 -1.2
v -2 2.6 -1.2
v -1.8 2.4 -1.2
v -1.8 2.6 -1.2
v -1.3 2.3 -1.2
v -1.3 2.4 -1.2
v -1.2 2 -1.2
v -1.2 2.3 -1.2
v -1.2 2.4 -1.2
v -1.1 1.9 -1.2
v -1.1 2 -1.2
v -1.1 2.3 -1.2
v -1 1.8 -1.2
v -1 1.9 -1.2
v -1 2 -1.2
v -0.9 1.7 -1.2
v -0.9 1.8 -1.2
v -0.9 1.9 -1.2
v -0.8 3 -1.2
v -0.8 3.3 -1.2
v -0.6 1.6 -1.2
v -0.6 1.7 -1.2
v -0.6 1.8 -1.2
v -0.4 1.6 -1.2
v -0.4 1.7 -1.2
v -0.4 1.8 -1.2
v -0.1 1.7 -1.2
v -0.1 1.8 -1.2
v -0.1 1.9 -1.2
v -2.38419e-07 1.8 -1.2
v -2.38419e-07 1.9 -1.2
v -2.38419e-07 2 -1.2
v 0.0999999 1.9 -1.2
v 0.0999999 2 -1.2
v 0.0999999 2.3 -1.2
v 0.2 2 -1.2
v 0.2 2.3 -1.2
v 0.2 2.4 -1.2
v 0.3 2.3 -1.2
v 0.3 2.4 -1.2
v 0.3 3 -1.2
v 0.3 3.3 -1.2
v 1.3 2.4 -1.2
v 1.3 2.6 -1.2
v 1.5 2.4 -1.2
v 1.5 2.6 -1.2
v 2 2.6 -1.2
v 2 2.7 -1.2
v 2 2.9 -1.2
v 2 3 -1.2
v 2.1 2.6 -1.2
v 2.1 2.7 -1.2
v 2.1 2.9 -1.2
v 2.1 3 -1.2
v -2.5 2.6 -1.3
v -2.5 2.7 -1.3
v -2.5 2.9 -1.3
v -2.5 3 -1.3
v -2.4 2.6 -1.3
v -2.4 2.7 -1.3
v -2.4 2.9 -1.3
v -2.4 3 -1.3
v -1.8 2.4 -1.3
v -1.8 2.6 -1.3
v -1.6 2.4 -1.3
v -1.6 2.6 -1.3
v -1.2 2.3 -1.3
v -1.2 2.4 -1.3
v -1.1 2 -1.3
v -1.1 2.3 -1.3
v -1 1.9 -1.3
v -1 2 -1.3
v -1 2.1 -1.3
v -1 2.4 -1.3
v -0.9 1.8 -1.3
v -0.9 1.9 -1.3
v -0.9 2 -1.3
v -0.9 2.1 -1.3
v -0.8 1.9 -1.3
v -0.8 2 -1.3
v -0.6 1.7 -1.3
v -0.6 1.8 -1.3
v -0.4 1.7 -1.3
v -0.4 1.8 -1.3
v -0.2 1.9 -1.3
v -0.2 2 -1.3
v -0.1 1.8 -1.3
v -0.1 1.9 -1.3
v -0.1 2 -1.3
v -0.1 2.1 -1.3
v -2.38419e-07 1.9 -1.3
v -2.38419e-07 2 -1.3
v -2.38419e-07 2.1 -1.3
v -2.38419e-07 2.4 -1.3
v 0.0999999 2 -1.3
v 0.0999999 2.3 -1.3
v 0.2 2.3 -1.3
v 0.2 2.4 -1.3
v 1.1 2.4 -1.3
v 1.1 2.6 -1.3
v 1.3 2.4 -1.3
v 1.3 2.6 -1.3
v 1.9 2.6 -1.3
v 1.9 2.7 -1.3
v 1.9 2.9 -1.3
v 1.9 3 -1.3
v 2 2.6 -1.3
v 2 2.7 -1.3
v 2 2.9 -1.3
v 2 3 -1.3
v -2.4 2.6 -1.4
v -2.4 2.7 -1.4
v -2.4 2.9 -1.4
v -2.4 3 -1.4
v -2.3 2.6 -1.4
v -2.3 2.7 -1.4
v -2.3 2.9 -1.4
v -2.3 3 -1.4
v -1.6 2.4 -1.4
v -1.6 2.6 -1.4
v -1.4 2.4 -1.4
v -1.4 2.6 -1.4
v -1 2.1 -1.4
v -1 2.4 -1.4
v -0.9 2 -1.4
v -0.9 2.1 -1.4
v -0.8 1.9 -1.4
v -0.8 2 -1.4
v -0.8 2.2 -1.4
v -0.8 2.4 -1.4
v -0.7 2.1 -1.4
v -0.7 2.2 -1.4
v -0.3 2.1 -1.4
v -0.3 2.2 -1.4
v -0.2 1.9 -1.4
v -0.2 2 -1.4
v -0.2 2.2 -1.4
v -0.2 2.4 -1.4
v -0.1 2 -1.4
v -0.1 2.1 -1.4
v -2.38419e-07 2.1 -1.4
v -2.38419e-07 2.4 -1.4
v 0.9 2.4 -1.4
v 0.9 2.6 -1.4
v 1.1 2.4 -1.4
v 1.1 2.6 -1.4
v 1.8 2.6 -1.4
v 1.8 2.7 -1.4
v 1.8 2.9 -1.4
v 1.8 3 -1.4
v 1.9 2.6 -1.4
v 1.9 2.7 -1.4
v 1.9 2.9 -1.4
v 1.9 3 -1.4
v -2.3 2.6 -1.5
v -2.3 2.7 -1.5
v -2.3 2.9 -1.5
v -2.3 3 -1.5
v -2.1 2.6 -1.5
v -2.1 2.7 -1.5
v -2.1 2.9 -1.5
v -2.1 3 -1.5
v -1.4 2.4 -1.5
v -1.4 2.6 -1.5
v -1.2 2.4 -1.5
v -1.2 2.6 -1.5
v -0.8 2.2 -1.5
v -0.8 2.4 -1.5
v -0.7 2.1 -1.5
v -0.7 2.2 -1.5
v -0.3 2.1 -1.5
v -0.3 2.2 -1.5
v -0.2 2.2 -1.5
v -0.2 2.4 -1.5
v 0.7 2.4 -1.5
v 0.7 2.6 -1.5
v 0.9 2.4 -1.5
v 0.9 2.6 -1.5
v 1.6 2.6 -1.5
v 1.6 2.7 -1.5
v 1.6 2.9 -1.5
v 1.6 3 -1.5
v 1.8 2.6 -1.5
v 1.8 2.7 -1.5
v 1.8 2.9 -1.5
v 1.8 3 -1.5
v -2.1 2.6 -1.6
v -2.1 2.7 -1.6
v -2.1 2.9 -1.6
v -2.1 3 -1.6
v -2 2.6 -1.6
v -2 2.7 -1.6
v -2 2.9 -1.6
v -2 3 -1.6
v -1.2 2.4 -1.6
v -1.2 2.6 -1.6
v -0.8 2.4 -1.6
v -0.8 2.6 -1.6
v 0.3 2.4 -1.6
v 0.3 2.6 -1.6
v 0.7 2.4 -1.6
v 0.7 2.6 -1.6
v 1.5 2.6 -1.6
v 1.5 2.7 -1.6
v 1.5 2.9 -1.6
v 1.5 3 -1.6
v 1.6 2.6 -1.6
v 1.6 2.7 -1.6
v 1.6 2.9 -1.6
v 1.6 3 -1.6
v -2 2.6 -1.7
v -2 2.7 -1.7
v -2 2.9 -1.7
v -2 3 -1.7
v -1.8 2.6 -1.7
v -1.8 2.7 -1.7
v -1.8 2.9 -1.7
v -1.8 3 -1.7
v -0.8 2.4 -1.7
v -0.8 2.6 -1.7
v 0.3 2.4 -1.7
v 0.3 2.6 -1.7
v 1.3 2.6 -1.7
v 1.3 2.7 -1.7
v 1.3 2.9 -1.7
v 1.3 3 -1.7
v 1.5 2.6 -1.7
v 1.5 2.7 -1.7
v 1.5 2.9 -1.7
v 1.5 3 -1.7
v -1.8 2.6 -1.8
v -1.8 2.7 -1.8
v -1.8 2.9 -1.8
v -1.8 3 -1.8
v -1.5 2.6 -1.8
v -1.5 2.7 -1.8
v -1.5 2.9 -1.8
v -1.5 3 -1.8
v 1 2.6 -1.8
v 1 2.7 -1.8
v 1 2.9 -1.8
v 1 3 -1.8
v 1.3 2.6 -1.8
v 1.3 2.7 -1.8
v 1.3 2.9 -1.8
v 1.3 3 -1.8
v -1.5 2.6 -1.9
v -1.5 2.7 -1.9
v -1.5 2.9 -1.9
v -1.5 3 -1.9
v -1.3 2.6 -1.9
v -1.3 2.7 -1.9
v -1.3 2.9 -1.9
v -1.3 3 -1.9
v 0.8 2.6 -1.9
v 0.8 2.7 -1.9
v 0.8 2.9 -1.9
v 0.8 3 -1.9
v 1 2.6 -1.9
v 1 2.7 -1.9
v 1 2.9 -1.9
v 1 3 -1.9
v -1.3 2.6 -2
v -1.3 2.7 -2
v -1.3 2.9 -2
v -1.3 3 -2
v -0.8 2.6 -2
v -0.8 2.7 -2
v -0.8 2.9 -2
v -0.8 3 -2
v 0.3 2.6 -2
v 0.3 2.7 -2
v 0.3 2.9 -2
v 0.3 3 -2
v 0.8 2.6 -2
v 0.8 2.7 -2
v 0.8 2.9 -2
v 0.8 3 -2
v -0.8 2.6 -2.1
v -0.8 2.7 -2.1
v -0.8 2.9 -2.1
v -0.8 3 -2.1
v 0.3 2.6 -2.1
v 0.3 2.7 -2.1
v 0.3 2.9 -2.1
v 0.3 3 -2.1
v -0.5 1.4 3.2
v 0.0999999 1.4 3.2
v -0.5 1.4 3.1
v -0.4 1.4 3.1
v -2.38419e-07 1.4 3.1
v 0.0999999 1.4 3.1
v -0.4 1.4 3
v -2.38419e-07 1.4 3
v -2.2 1.4 2
v -1.8 1.4 2
v -2.3 1.4 1.9
v -2.2 1.4 1.9
v -1.8 1.4 1.9
v -1.7 1.4 1.9
v 1.2 1.4 1.8
v 1.6 1.4 1.8
v 1.1 1.4 1.7
v 1.2 1.4 1.7
v 1.6 1.4 1.7
v 1.7 1.4 1.7
v -2.3 1.4 1.5
v -2.2 1.4 1.5
v -1.8 1.4 1.5
v -1.7 1.4 1.5
v -2.2 1.4 1.4
v -1.8 1.4 1.4
v 1.1 1.4 1.3
v 1.2 1.4 1.3
v 1.6 1.4 1.3
v 1.7 1.4 1.3
v 1.2 1.4 1.2
v 1.6 1.4 1.2
v -0.7 1.4 -0.2
v -0.3 1.4 -0.2
v -0.8 1.4 -0.3
v -0.7 1.4 -0.3
v -0.3 1.4 -0.3
v -0.2 1.4 -0.3
v -0.8 1.4 -0.7
v -0.7 1.4 -0.7
v -0.3 1.4 -0.7
v -0.2 1.4 -0.7
v -0.7 1.4 -0.8
v -0.3 1.4 -0.8
v -0.7 1.5 3.3
v -0.6 1.5 3.3
v -0.6 1.5 3.2
v -0.5 1.5 3.2
v 0.2 1.5 3.2
v 0.3 1.5 3.2
v -0.5 1.5 3.1
v -0.4 1.5 3.1
v -2.38419e-07 1.5 3.1
v 0.0999999 1.5 3.1
v 0.2 1.5 3.1
v -0.7 1.5 3
v -0.6 1.5 3
v -0.4 1.5 3
v -2.38419e-07 1.5 3
v 0.2 1.5 3
v 0.3 1.5 3
v -0.6 1.5 2.9
v -0.5 1.5 2.9
v 0.0999999 1.5 2.9
v 0.2 1.5 2.9
v -0.5 1.5 2.8
v 0.0999999 1.5 2.8
v -2.3 1.5 2.2
v -1.7 1.5 2.2
v -2.4 1.5 2.1
v -2.3 1.5 2.1
v -1.7 1.5 2.1
v -1.6 1.5 2.1
v -2.5 1.5 2
v -2.4 1.5 2
v -2.2 1.5 2
v -1.8 1.5 2
v -1.6 1.5 2
v -1.5 1.5 2
v 1.1 1.5 2
v 1.7 1.5 2
v -2.3 1.5 1.9
v -2.2 1.5 1.9
v -1.8 1.5 1.9
v -1.7 1.5 1.9
v 1 1.5 1.9
v 1.1 1.5 1.9
v 1.7 1.5 1.9
v 1.8 1.5 1.9
v 0.9 1.5 1.8
v 1 1.5 1.8
v 1.2 1.5 1.8
v 1.6 1.5 1.8
v 1.8 1.5 1.8
v 1.9 1.5 1.8
v 1.1 1.5 1.7
v 1.2 1.5 1.7
v 1.6 1.5 1.7
v 1.7 1.5 1.7
v -2.3 1.5 1.5
v -2.2 1.5 1.5
v -1.8 1.5 1.5
v -1.7 1.5 1.5
v -2.5 1.5 1.4
v -2.4 1.5 1.4
v -2.2 1.5 1.4
v -1.8 1.5 1.4
v -1.6 1.5 1.4
v -1.5 1.5 1.4
v -2.4 1.5 1.3
v -2.3 1.5 1.3
v -1.7 1.5 1.3
v -1.6 1.5 1.3
v 1.1 1.5 1.3
v 1.2 1.5 1.3
v 1.6 1.5 1.3
v 1.7 1.5 1.3
v -2.3 1.5 1.2
v -1.7 1.5 1.2
v 0.9 1.5 1.2
v 1 1.5 1.2
v 1.2 1.5 1.2
v 1.6 1.5 1.2
v 1.8 1.5 1.2
v 1.9 1.5 1.2
v 1 1.5 1.1
v 1.1 1.5 1.1
v 1.7 1.5 1.1
v 1.8 1.5 1.1
v 1.1 1.5 1
v 1.7 1.5 1
v -0.8 1.5 0
v -0.2 1.5 0
v -0.9 1.5 -0.1
v -0.8 1.5 -0.1
v -0.2 1.5 -0.1
v -0.1 1.5 -0.1
v -1 1.5 -0.2
v -0.9 1.5 -0.2
v -0.7 1.5 -0.2
v -0.3 1.5 -0.2
v -0.1 1.5 -0.2
v -2.38419e-07 1.5 -0.2
v -0.8 1.5 -0.3
v -0.7 1.5 -0.3
v -0.3 1.5 -0.3
v -0.2 1.5 -0.3
v -0.8 1.5 -0.7
v -0.7 1.5 -0.7
v -0.3 1.5 -0.7
v -0.2 1.5 -0.7
v -1 1.5 -0.8
v -0.9 1.5 -0.8
v -0.7 1.5 -0.8
v -0.3 1.5 -0.8
v -0.1 1.5 -0.8
v -2.38419e-07 1.5 -0.8
v -0.9 1.5 -0.9
v -0.8 1.5 -0.9
v -0.2 1.5 -0.9
v -0.1 1.5 -0.9
v -0.8 1.5 -1
v -0.2 1.5 -1
v -0.9 1.6 3.4
v -0.8 1.6 3.4
v -0.8 1.6 3.3
v -0.7 1.6 3.3
v -0.9 1.6 3.2
v -0.8 1.6 3.2
v 0.3 1.6 3.2
v 0.4 1.6 3.2
v -0.7 1.6 3
v -0.6 1.6 3
v 0.2 1.6 3
v 0.3 1.6 3
v 0.4 1.6 3
v -0.8 1.6 2.9
v -0.7 1.6 2.9
v -0.6 1.6 2.9
v -0.5 1.6 2.9
v 0.0999999 1.6 2.9
v 0.2 1.6 2.9
v 0.3 1.6 2.9
v 0.4 1.6 2.9
v -0.7 1.6 2.8
v -0.6 1.6 2.8
v -0.5 1.6 2.8
v 0.0999999 1.6 2.8
v 0.2 1.6 2.8
v 0.3 1.6 2.8
v -0.6 1.6 2.7
v -0.3 1.6 2.7
v -0.1 1.6 2.7
v 0.2 1.6 2.7
v -0.3 1.6 2.6
v -0.1 1.6 2.6
v -2.1 1.6 2.4
v -1.9 1.6 2.4
v -2.4 1.6 2.3
v -2.1 1.6 2.3
v -1.9 1.6 2.3
v -1.6 1.6 2.3
v -2.5 1.6 2.2
v -2.4 1.6 2.2
v -2.3 1.6 2.2
v -1.7 1.6 2.2
v -1.6 1.6 2.2
v -1.5 1.6 2.2
v 1.3 1.6 2.2
v 1.5 1.6 2.2
v -2.6 1.6 2.1
v -2.5 1.6 2.1
v -2.4 1.6 2.1
v -2.3 1.6 2.1
v -1.7 1.6 2.1
v -1.6 1.6 2.1
v -1.5 1.6 2.1
v -1.4 1.6 2.1
v 1 1.6 2.1
v 1.3 1.6 2.1
v 1.5 1.6 2.1
v 1.8 1.6 2.1
v -2.5 1.6 2
v -2.4 1.6 2
v -1.6 1.6 2
v -1.5 1.6 2
v 0.9 1.6 2
v 1 1.6 2
v 1.1 1.6 2
v 1.7 1.6 2
v 1.8 1.6 2
v 1.9 1.6 2
v 0.8 1.6 1.9
v 0.9 1.6 1.9
v 1 1.6 1.9
v 1.1 1.6 1.9
v 1.7 1.6 1.9
v 1.8 1.6 1.9
v 1.9 1.6 1.9
v 2 1.6 1.9
v -2.7 1.6 1.8
v -2.6 1.6 1.8
v -1.4 1.6 1.8
v -1.3 1.6 1.8
v 0.9 1.6 1.8
v 1 1.6 1.8
v 1.8 1.6 1.8
v 1.9 1.6 1.8
v -2.7 1.6 1.6
v -2.6 1.6 1.6
v -1.4 1.6 1.6
v -1.3 1.6 1.6
v 0.7 1.6 1.6
v 0.8 1.6 1.6
v 2 1.6 1.6
v 2.1 1.6 1.6
v -2.5 1.6 1.4
v -2.4 1.6 1.4
v -1.6 1.6 1.4
v -1.5 1.6 1.4
v 0.7 1.6 1.4
v 0.8 1.6 1.4
v 2 1.6 1.4
v 2.1 1.6 1.4
v -2.6 1.6 1.3
v -2.5 1.6 1.3
v -2.4 1.6 1.3
v -2.3 1.6 1.3
v -1.7 1.6 1.3
v -1.6 1.6 1.3
v -1.5 1.6 1.3
v -1.4 1.6 1.3
v -2.5 1.6 1.2
v -2.4 1.6 1.2
v -2.3 1.6 1.2
v -1.7 1.6 1.2
v -1.6 1.6 1.2
v -1.5 1.6 1.2
v 0.9 1.6 1.2
v 1 1.6 1.2
v 1.8 1.6 1.2
v 1.9 1.6 1.2
v -2.4 1.6 1.1
v -2.1 1.6 1.1
v -1.9 1.6 1.1
v -1.6 1.6 1.1
v 0.8 1.6 1.1
v 0.9 1.6 1.1
v 1 1.6 1.1
v 1.1 1.6 1.1
v 1.7 1.6 1.1
v 1.8 1.6 1.1
v 1.9 1.6 1.1
v 2 1.6 1.1
v -2.1 1.6 1
v -1.9 1.6 1
v 0.9 1.6 1
v 1 1.6 1
v 1.1 1.6 1
v 1.7 1.6 1
v 1.8 1.6 1
v 1.9 1.6 1
v 1 1.6 0.9
v 1.3 1.6 0.9
v 1.5 1.6 0.9
v 1.8 1.6 0.9
v 1.3 1.6 0.8
v 1.5 1.6 0.8
v -0.6 1.6 0.2
v -0.4 1.6 0.2
v -0.9 1.6 0.0999999
v -0.6 1.6 0.0999999
v -0.4 1.6 0.0999999
v -0.1 1.6 0.0999999
v -1 1.6 0
v -0.9 1.6 0
v -0.8 1.6 0
v -0.2 1.6 0
v -0.1 1.6 0
v -2.38419e-07 1.6 0
v -1.1 1.6 -0.1
v -1 1.6 -0.1
v -0.9 1.6 -0.1
v -0.8 1.6 -0.1
v -0.2 1.6 -0.1
v -0.1 1.6 -0.1
v -2.38419e-07 1.6 -0.1
v 0.0999999 1.6 -0.1
v -1 1.6 -0.2
v -0.9 1.6 -0.2
v -0.1 1.6 -0.2
v -2.38419e-07 1.6 -0.2
v -1.2 1.6 -0.4
v -1.1 1.6 -0.4
v 0.0999999 1.6 -0.4
v 0.2 1.6 -0.4
v -1.2 1.6 -0.6
v -1.1 1.6 -0.6
v 0.0999999 1.6 -0.6
v 0.2 1.6 -0.6
v -1 1.6 -0.8
v -0.9 1.6 -0.8
v -0.1 1.6 -0.8
v -2.38419e-07 1.6 -0.8
v -1.1 1.6 -0.9
v -1 1.6 -0.9
v -0.9 1.6 -0.9
v -0.8 1.6 -0.9
v -0.2 1.6 -0.9
v -0.1 1.6 -0.9
v -2.38419e-07 1.6 -0.9
v 0.0999999 1.6 -0.9
v -1 1.6 -1
v -0.9 1.6 -1
v -0.8 1.6 -1
v -0.2 1.6 -1
v -0.1 1.6 -1
v -2.38419e-07 1.6 -1
v -0.9 1.6 -1.1
v -0.6 1.6 -1.1
v -0.4 1.6 -1.1
v -0.1 1.6 -1.1
v -0.6 1.6 -1.2
v -0.4 1.6 -1.2
v -1 1.7 3.4
v -0.9 1.7 3.4
v 0.5 1.7 3.3
v 0.6 1.7 3.3
v -1 1.7 3.2
v -0.9 1.7 3.2
v -0.8 1.7 3.2
v 0.4 1.7 3.2
v 0.5 1.7 3.2
v 0.6 1.7 3.2
v 0.4 1.7 3
v 0.5 1.7 3
v -0.9 1.7 2.9
v -0.8 1.7 2.9
v -0.7 1.7 2.9
v 0.3 1.7 2.9
v 0.4 1.7 2.9
v 0.5 1.7 2.9
v -0.8 1.7 2.8
v -0.7 1.7 2.8
v -0.6 1.7 2.8
v 0.2 1.7 2.8
v 0.3 1.7 2.8
v 0.4 1.7 2.8
v -0.7 1.7 2.7
v -0.6 1.7 2.7
v -0.3 1.7 2.7
v -0.1 1.7 2.7
v 0.2 1.7 2.7
v 0.3 1.7 2.7
v -0.6 1.7 2.6
v -0.3 1.7 2.6
v -0.1 1.7 2.6
v 0.2 1.7 2.6
v -2.1 1.7 2.5
v -1.9 1.7 2.5
v -0.3 1.7 2.5
v -0.1 1.7 2.5
v -2.4 1.7 2.4
v -2.1 1.7 2.4
v -1.9 1.7 2.4
v -1.6 1.7 2.4
v -2.5 1.7 2.3
v -2.4 1.7 2.3
v -2.1 1.7 2.3
v -1.9 1.7 2.3
v -1.6 1.7 2.3
v -1.5 1.7 2.3
v 1.3 1.7 2.3
v 1.5 1.7 2.3
v -2.6 1.7 2.2
v -2.5 1.7 2.2
v -2.4 1.7 2.2
v -1.6 1.7 2.2
v -1.5 1.7 2.2
v -1.4 1.7 2.2
v 1 1.7 2.2
v 1.3 1.7 2.2
v 1.5 1.7 2.2
v 1.8 1.7 2.2
v -2.7 1.7 2.1
v -2.6 1.7 2.1
v -2.5 1.7 2.1
v -1.5 1.7 2.1
v -1.4 1.7 2.1
v -1.3 1.7 2.1
v 0.9 1.7 2.1
v 1 1.7 2.1
v 1.3 1.7 2.1
v 1.5 1.7 2.1
v 1.8 1.7 2.1
v 1.9 1.7 2.1
v 0.8 1.7 2
v 0.9 1.7 2
v 1 1.7 2
v 1.8 1.7 2
v 1.9 1.7 2
v 2 1.7 2
v 0.7 1.7 1.9
v 0.8 1.7 1.9
v 0.9 1.7 1.9
v 1.9 1.7 1.9
v 2 1.7 1.9
v 2.1 1.7 1.9
v -2.8 1.7 1.8
v -2.7 1.7 1.8
v -2.6 1.7 1.8
v -1.4 1.7 1.8
v -1.3 1.7 1.8
v -1.2 1.7 1.8
v -2.8 1.7 1.6
v -2.7 1.7 1.6
v -2.6 1.7 1.6
v -1.4 1.7 1.6
v -1.3 1.7 1.6
v -1.2 1.7 1.6
v 0.6 1.7 1.6
v 0.7 1.7 1.6
v 0.8 1.7 1.6
v 2 1.7 1.6
v 2.1 1.7 1.6
v 2.2 1.7 1.6
v 0.6 1.7 1.4
v 0.7 1.7 1.4
v 0.8 1.7 1.4
v 2 1.7 1.4
v 2.1 1.7 1.4
v 2.2 1.7 1.4
v -2.7 1.7 1.3
v -2.6 1.7 1.3
v -2.5 1.7 1.3
v -1.5 1.7 1.3
v -1.4 1.7 1.3
v -1.3 1.7 1.3
v -2.6 1.7 1.2
v -2.5 1.7 1.2
v -2.4 1.7 1.2
v -1.6 1.7 1.2
v -1.5 1.7 1.2
v -1.4 1.7 1.2
v -2.5 1.7 1.1
v -2.4 1.7 1.1
v -2.1 1.7 1.1
v -1.9 1.7 1.1
v -1.6 1.7 1.1
v -1.5 1.7 1.1
v 0.7 1.7 1.1
v 0.8 1.7 1.1
v 0.9 1.7 1.1
v 1.9 1.7 1.1
v 2 1.7 1.1
v 2.1 1.7 1.1
v -2.4 1.7 1
v -2.1 1.7 1
v -1.9 1.7 1
v -1.6 1.7 1
v 0.8 1.7 1
v 0.9 1.7 1
v 1 1.7 1
v 1.8 1.7 1
v 1.9 1.7 1
v 2 1.7 1
v -2.1 1.7 0.9
v -1.9 1.7 0.9
v 0.9 1.7 0.9
v 1 1.7 0.9
v 1.3 1.7 0.9
v 1.5 1.7 0.9
v 1.8 1.7 0.9
v 1.9 1.7 0.9
v 1 1.7 0.8
v 1.3 1.7 0.8
v 1.5 1.7 0.8
v 1.8 1.7 0.8
v 1.3 1.7 0.7
v 1.5 1.7 0.7
v -0.6 1.7 0.3
v -0.4 1.7 0.3
v -0.9 1.7 0.2
v -0.6 1.7 0.2
v -0.4 1.7 0.2
v -0.1 1.7 0.2
v -1 1.7 0.0999999
v -0.9 1.7 0.0999999
v -0.6 1.7 0.0999999
v -0.4 1.7 0.0999999
v -0.1 1.7 0.0999999
v -2.38419e-07 1.7 0.0999999
v -1.1 1.7 0
v -1 1.7 0
v -0.9 1.7 0
v -0.1 1.7 0
v -2.38419e-07 1.7 0
v 0.0999999 1.7 0
v -1.2 1.7 -0.1
v -1.1 1.7 -0.1
v -1 1.7 -0.1
v -2.38419e-07 1.7 -0.1
v 0.0999999 1.7 -0.1
v 0.2 1.7 -0.1
v -1.3 1.7 -0.4
v -1.2 1.7 -0.4
v -1.1 1.7 -0.4
v 0.0999999 1.7 -0.4
v 0.2 1.7 -0.4
v 0.3 1.7 -0.4
v -1.3 1.7 -0.6
v -1.2 1.7 -0.6
v -1.1 1.7 -0.6
v 0.0999999 1.7 -0.6
v 0.2 1.7 -0.6
v 0.3 1.7 -0.6
v -1.2 1.7 -0.9
v -1.1 1.7 -0.9
v -1 1.7 -0.9
v -2.38419e-07 1.7 -0.9
v 0.0999999 1.7 -0.9
v 0.2 1.7 -0.9
v -1.1 1.7 -1
v -1 1.7 -1
v -0.9 1.7 -1
v -0.1 1.7 -1
v -2.38419e-07 1.7 -1
v 0.0999999 1.7 -1
v -1 1.7 -1.1
v -0.9 1.7 -1.1
v -0.6 1.7 -1.1
v -0.4 1.7 -1.1
v -0.1 1.7 -1.1
v -2.38419e-07 1.7 -1.1
v -0.9 1.7 -1.2
v -0.6 1.7 -1.2
v -0.4 1.7 -1.2
v -0.1 1.7 -1.2
v -0.6 1.7 -1.3
v -0.4 1.7 -1.3
v -1 1.8 3.5
v -0.9 1.8 3.5
v -1 1.8 3.4
v -0.9 1.8 3.4
v -1 1.8 3.2
v -0.9 1.8 3.2
v 0.5 1.8 3.2
v 0.6 1.8 3.2
v 0.5 1.8 3
v 0.6 1.8 3
v -1 1.8 2.9
v -0.9 1.8 2.9
v -0.8 1.8 2.9
v 0.4 1.8 2.9
v 0.5 1.8 2.9
v 0.6 1.8 2.9
v -0.9 1.8 2.8
v -0.8 1.8 2.8
v -0.7 1.8 2.8
v 0.3 1.8 2.8
v 0.4 1.8 2.8
v 0.5 1.8 2.8
v -0.8 1.8 2.7
v -0.7 1.8 2.7
v -0.6 1.8 2.7
v 0.2 1.8 2.7
v 0.3 1.8 2.7
v 0.4 1.8 2.7
v -0.7 1.8 2.6
v -0.6 1.8 2.6
v -0.3 1.8 2.6
v -0.1 1.8 2.6
v 0.2 1.8 2.6
v 0.3 1.8 2.6
v -2.4 1.8 2.5
v -2.1 1.8 2.5
v -1.9 1.8 2.5
v -1.6 1.8 2.5
v -0.6 1.8 2.5
v -0.3 1.8 2.5
v -0.1 1.8 2.5
v 0.2 1.8 2.5
v -2.5 1.8 2.4
v -2.4 1.8 2.4
v -2.1 1.8 2.4
v -1.9 1.8 2.4
v -1.6 1.8 2.4
v -1.5 1.8 2.4
v -2.6 1.8 2.3
v -2.5 1.8 2.3
v -2.4 1.8 2.3
v -1.6 1.8 2.3
v -1.5 1.8 2.3
v -1.4 1.8 2.3
v 1 1.8 2.3
v 1.3 1.8 2.3
v 1.5 1.8 2.3
v 1.8 1.8 2.3
v -2.7 1.8 2.2
v -2.6 1.8 2.2
v -2.5 1.8 2.2
v -1.5 1.8 2.2
v -1.4 1.8 2.2
v -1.3 1.8 2.2
v 0.9 1.8 2.2
v 1 1.8 2.2
v 1.3 1.8 2.2
v 1.5 1.8 2.2
v 1.8 1.8 2.2
v 1.9 1.8 2.2
v -2.8 1.8 2.1
v -2.7 1.8 2.1
v -2.6 1.8 2.1
v -1.4 1.8 2.1
v -1.3 1.8 2.1
v -1.2 1.8 2.1
v 0.8 1.8 2.1
v 0.9 1.8 2.1
v 1 1.8 2.1
v 1.8 1.8 2.1
v 1.9 1.8 2.1
v 2 1.8 2.1
v 0.7 1.8 2
v 0.8 1.8 2
v 0.9 1.8 2
v 1.9 1.8 2
v 2 1.8 2
v 2.1 1.8 2
v 0.6 1.8 1.9
v 0.7 1.8 1.9
v 0.8 1.8 1.9
v 2 1.8 1.9
v 2.1 1.8 1.9
v 2.2 1.8 1.9
v -2.8 1.8 1.8
v -2.7 1.8 1.8
v -1.3 1.8 1.8
v -1.2 1.8 1.8
v -2.8 1.8 1.6
v -2.7 1.8 1.6
v -1.3 1.8 1.6
v -1.2 1.8 1.6
v 0.6 1.8 1.6
v 0.7 1.8 1.6
v 2.1 1.8 1.6
v 2.2 1.8 1.6
v 0.6 1.8 1.4
v 0.7 1.8 1.4
v 2.1 1.8 1.4
v 2.2 1.8 1.4
v -2.8 1.8 1.3
v -2.7 1.8 1.3
v -2.6 1.8 1.3
v -1.4 1.8 1.3
v -1.3 1.8 1.3
v -1.2 1.8 1.3
v -2.7 1.8 1.2
v -2.6 1.8 1.2
v -2.5 1.8 1.2
v -1.5 1.8 1.2
v -1.4 1.8 1.2
v -1.3 1.8 1.2
v -2.6 1.8 1.1
v -2.5 1.8 1.1
v -2.4 1.8 1.1
v -1.6 1.8 1.1
v -1.5 1.8 1.1
v -1.4 1.8 1.1
v 0.6 1.8 1.1
v 0.7 1.8 1.1
v 0.8 1.8 1.1
v 2 1.8 1.1
v 2.1 1.8 1.1
v 2.2 1.8 1.1
v -2.5 1.8 1
v -2.4 1.8 1
v -2.1 1.8 1
v -1.9 1.8 1
v -1.6 1.8 1
v -1.5 1.8 1
v 0.7 1.8 1
v 0.8 1.8 1
v 0.9 1.8 1
v 1.9 1.8 1
v 2 1.8 1
v 2.1 1.8 1
v -2.4 1.8 0.9
v -2.1 1.8 0.9
v -1.9 1.8 0.9
v -1.6 1.8 0.9
v 0.8 1.8 0.9
v 0.9 1.8 0.9
v 1 1.8 0.9
v 1.8 1.8 0.9
v 1.9 1.8 0.9
v 2 1.8 0.9
v 0.9 1.8 0.8
v 1 1.8 0.8
v 1.3 1.8 0.8
v 1.5 1.8 0.8
v 1.8 1.8 0.8
v 1.9 1.8 0.8
v 1 1.8 0.7
v 1.3 1.8 0.7
v 1.5 1.8 0.7
v 1.8 1.8 0.7
v -0.9 1.8 0.3
v -0.6 1.8 0.3
v -0.4 1.8 0.3
v -0.1 1.8 0.3
v -1 1.8 0.2
v -0.9 1.8 0.2
v -0.6 1.8 0.2
v -0.4 1.8 0.2
v -0.1 1.8 0.2
v -2.38419e-07 1.8 0.2
v -1.1 1.8 0.0999999
v -1 1.8 0.0999999
v -0.9 1.8 0.0999999
v -0.1 1.8 0.0999999
v -2.38419e-07 1.8 0.0999999
v 0.0999999 1.8 0.0999999
v -1.2 1.8 0
v -1.1 1.8 0
v -1 1.8 0
v -2.38419e-07 1.8 0
v 0.0999999 1.8 0
v 0.2 1.8 0
v -1.3 1.8 -0.1
v -1.2 1.8 -0.1
v -1.1 1.8 -0.1
v 0.0999999 1.8 -0.1
v 0.2 1.8 -0.1
v 0.3 1.8 -0.1
v -1.3 1.8 -0.4
v -1.2 1.8 -0.4
v 0.2 1.8 -0.4
v 0.3 1.8 -0.4
v -1.3 1.8 -0.6
v -1.2 1.8 -0.6
v 0.2 1.8 -0.6
v 0.3 1.8 -0.6
v -1.3 1.8 -0.9
v -1.2 1.8 -0.9
v -1.1 1.8 -0.9
v 0.0999999 1.8 -0.9
v 0.2 1.8 -0.9
v 0.3 1.8 -0.9
v -1.2 1.8 -1
v -1.1 1.8 -1
v -1 1.8 -1
v -2.38419e-07 1.8 -1
v 0.0999999 1.8 -1
v 0.2 1.8 -1
v -1.1 1.8 -1.1
v -1 1.8 -1.1
v -0.9 1.8 -1.1
v -0.1 1.8 -1.1
v -2.38419e-07 1.8 -1.1
v 0.0999999 1.8 -1.1
v -1 1.8 -1.2
v -0.9 1.8 -1.2
v -0.6 1.8 -1.2
v -0.4 1.8 -1.2
v -0.1 1.8 -1.2
v -2.38419e-07 1.8 -1.2
v -0.9 1.8 -1.3
v -0.6 1.8 -1.3
v -0.4 1.8 -1.3
v -0.1 1.8 -1.3
v -1.1 1.9 3.6
v -1 1.9 3.6
v -1 1.9 3.5
v -0.7 1.9 3.3
v -0.3 1.9 3.3
v 0.6 1.9 3.3
v 0.7 1.9 3.3
v -0.7 1.9 3.2
v -0.6 1.9 3.2
v -0.3 1.9 3.2
v -0.1 1.9 3.2
v -0.6 1.9 3.1
v -0.4 1.9 3.1
v -1.1 1.9 3
v -1 1.9 3
v -0.4 1.9 3
v -0.1 1.9 3
v 0.6 1.9 3
v 0.7 1.9 3
v -1 1.9 2.9
v -0.9 1.9 2.9
v 0.5 1.9 2.9
v 0.6 1.9 2.9
v -1 1.9 2.8
v -0.9 1.9 2.8
v -0.8 1.9 2.8
v 0.4 1.9 2.8
v 0.5 1.9 2.8
v 0.6 1.9 2.8
v -0.9 1.9 2.7
v -0.8 1.9 2.7
v -0.7 1.9 2.7
v 0.3 1.9 2.7
v 0.4 1.9 2.7
v 0.5 1.9 2.7
v -2.3 1.9 2.6
v -1.7 1.9 2.6
v -0.8 1.9 2.6
v -0.7 1.9 2.6
v -0.6 1.9 2.6
v 0.2 1.9 2.6
v 0.3 1.9 2.6
v 0.4 1.9 2.6
v -2.5 1.9 2.5
v -2.4 1.9 2.5
v -2.3 1.9 2.5
v -1.7 1.9 2.5
v -1.6 1.9 2.5
v -1.5 1.9 2.5
v -0.7 1.9 2.5
v -0.6 1.9 2.5
v -0.5 1.9 2.5
v 0.0999999 1.9 2.5
v 0.2 1.9 2.5
v 0.3 1.9 2.5
v -2.6 1.9 2.4
v -2.5 1.9 2.4
v -2.4 1.9 2.4
v -1.6 1.9 2.4
v -1.5 1.9 2.4
v -1.4 1.9 2.4
v -0.5 1.9 2.4
v 0.0999999 1.9 2.4
v 1.1 1.9 2.4
v 1.7 1.9 2.4
v -2.7 1.9 2.3
v -2.6 1.9 2.3
v -2.5 1.9 2.3
v -1.5 1.9 2.3
v -1.4 1.9 2.3
v -1.3 1.9 2.3
v 0.9 1.9 2.3
v 1 1.9 2.3
v 1.1 1.9 2.3
v 1.7 1.9 2.3
v 1.8 1.9 2.3
v 1.9 1.9 2.3
v -2.8 1.9 2.2
v -2.7 1.9 2.2
v -2.6 1.9 2.2
v -1.4 1.9 2.2
v -1.3 1.9 2.2
v -1.2 1.9 2.2
v 0.8 1.9 2.2
v 0.9 1.9 2.2
v 1 1.9 2.2
v 1.8 1.9 2.2
v 1.9 1.9 2.2
v 2 1.9 2.2
v -2.8 1.9 2.1
v -2.7 1.9 2.1
v -1.3 1.9 2.1
v -1.2 1.9 2.1
v 0.7 1.9 2.1
v 0.8 1.9 2.1
v 0.9 1.9 2.1
v 1.9 1.9 2.1
v 2 1.9 2.1
v 2.1 1.9 2.1
v -2.9 1.9 2
v -2.8 1.9 2
v -1.2 1.9 2
v -1.1 1.9 2
v 0.6 1.9 2
v 0.7 1.9 2
v 0.8 1.9 2
v 2 1.9 2
v 2.1 1.9 2
v 2.2 1.9 2
v 0.6 1.9 1.9
v 0.7 1.9 1.9
v 2.1 1.9 1.9
v 2.2 1.9 1.9
v 0.5 1.9 1.8
v 0.6 1.9 1.8
v 2.2 1.9 1.8
v 2.3 1.9 1.8
v -2.9 1.9 1.4
v -2.8 1.9 1.4
v -1.2 1.9 1.4
v -1.1 1.9 1.4
v -2.8 1.9 1.3
v -2.7 1.9 1.3
v -1.3 1.9 1.3
v -1.2 1.9 1.3
v -2.8 1.9 1.2
v -2.7 1.9 1.2
v -2.6 1.9 1.2
v -1.4 1.9 1.2
v -1.3 1.9 1.2
v -1.2 1.9 1.2
v 0.5 1.9 1.2
v 0.6 1.9 1.2
v 2.2 1.9 1.2
v 2.3 1.9 1.2
v -2.7 1.9 1.1
v -2.6 1.9 1.1
v -2.5 1.9 1.1
v -1.5 1.9 1.1
v -1.4 1.9 1.1
v -1.3 1.9 1.1
v 0.6 1.9 1.1
v 0.7 1.9 1.1
v 2.1 1.9 1.1
v 2.2 1.9 1.1
v -2.6 1.9 1
v -2.5 1.9 1
v -2.4 1.9 1
v -1.6 1.9 1
v -1.5 1.9 1
v -1.4 1.9 1
v 0.6 1.9 1
v 0.7 1.9 1
v 0.8 1.9 1
v 2 1.9 1
v 2.1 1.9 1
v 2.2 1.9 1
v -2.5 1.9 0.9
v -2.4 1.9 0.9
v -2.3 1.9 0.9
v -1.7 1.9 0.9
v -1.6 1.9 0.9
v -1.5 1.9 0.9
v 0.7 1.9 0.9
v 0.8 1.9 0.9
v 0.9 1.9 0.9
v 1.9 1.9 0.9
v 2 1.9 0.9
v 2.1 1.9 0.9
v -2.3 1.9 0.8
v -1.7 1.9 0.8
v 0.8 1.9 0.8
v 0.9 1.9 0.8
v 1 1.9 0.8
v 1.8 1.9 0.8
v 1.9 1.9 0.8
v 2 1.9 0.8
v 0.9 1.9 0.7
v 1 1.9 0.7
v 1.1 1.9 0.7
v 1.7 1.9 0.7
v 1.8 1.9 0.7
v 1.9 1.9 0.7
v 1.1 1.9 0.6
v 1.7 1.9 0.6
v -0.8 1.9 0.4
v -0.2 1.9 0.4
v -1 1.9 0.3
v -0.9 1.9 0.3
v -0.8 1.9 0.3
v -0.2 1.9 0.3
v -0.1 1.9 0.3
v -2.38419e-07 1.9 0.3
v -1.1 1.9 0.2
v -1 1.9 0.2
v -0.9 1.9 0.2
v -0.1 1.9 0.2
v -2.38419e-07 1.9 0.2
v 0.0999999 1.9 0.2
v -1.2 1.9 0.0999999
v -1.1 1.9 0.0999999
v -1 1.9 0.0999999
v -2.38419e-07 1.9 0.0999999
v 0.0999999 1.9 0.0999999
v 0.2 1.9 0.0999999
v -1.3 1.9 0
v -1.2 1.9 0
v -1.1 1.9 0
v 0.0999999 1.9 0
v 0.2 1.9 0
v 0.3 1.9 0
v -1.3 1.9 -0.1
v -1.2 1.9 -0.1
v 0.2 1.9 -0.1
v 0.3 1.9 -0.1
v -1.4 1.9 -0.2
v -1.3 1.9 -0.2
v 0.3 1.9 -0.2
v 0.4 1.9 -0.2
v -1.4 1.9 -0.8
v -1.3 1.9 -0.8
v 0.3 1.9 -0.8
v 0.4 1.9 -0.8
v -1.3 1.9 -0.9
v -1.2 1.9 -0.9
v 0.2 1.9 -0.9
v 0.3 1.9 -0.9
v -1.3 1.9 -1
v -1.2 1.9 -1
v -1.1 1.9 -1
v 0.0999999 1.9 -1
v 0.2 1.9 -1
v 0.3 1.9 -1
v -1.2 1.9 -1.1
v -1.1 1.9 -1.1
v -1 1.9 -1.1
v -2.38419e-07 1.9 -1.1
v 0.0999999 1.9 -1.1
v 0.2 1.9 -1.1
v -1.1 1.9 -1.2
v -1 1.9 -1.2
v -0.9 1.9 -1.2
v -0.1 1.9 -1.2
v -2.38419e-07 1.9 -1.2
v 0.0999999 1.9 -1.2
v -1 1.9 -1.3
v -0.9 1.9 -1.3
v -0.8 1.9 -1.3
v -0.2 1.9 -1.3
v -0.1 1.9 -1.3
v -2.38419e-07 1.9 -1.3
v -0.8 1.9 -1.4
v -0.2 1.9 -1.4
v -1.1 2 3.7
v -1 2 3.7
v -1.1 2 3.6
v -1 2 3.6
v -0.7 2 3.4
v -0.3 2 3.4
v -0.8 2 3.3
v -0.7 2 3.3
v -0.3 2 3.3
v -0.1 2 3.3
v -0.8 2 3.2
v -0.7 2 3.2
v -0.3 2 3.2
v -0.1 2 3.2
v -2.38419e-07 2 3.2
v -1.1 2 3
v -1 2 3
v -0.1 2 3
v -2.38419e-07 2 3
v 0.6 2 3
v 0.7 2 3
v -1.1 2 2.9
v -1 2 2.9
v 0.6 2 2.9
v 0.7 2 2.9
v -1 2 2.8
v -0.9 2 2.8
v 0.5 2 2.8
v 0.6 2 2.8
v -1 2 2.7
v -0.9 2 2.7
v -0.8 2 2.7
v 0.4 2 2.7
v 0.5 2 2.7
v 0.6 2 2.7
v 1 2 2.7
v 1.6 2 2.7
v -2.4 2 2.6
v -2.3 2 2.6
v -1.7 2 2.6
v -1.6 2 2.6
v -0.9 2 2.6
v -0.8 2 2.6
v -0.7 2 2.6
v 0.3 2 2.6
v 0.4 2 2.6
v 0.5 2 2.6
v -2.6 2 2.5
v -2.5 2 2.5
v -2.4 2 2.5
v -2.3 2 2.5
v -1.7 2 2.5
v -1.6 2 2.5
v -1.5 2 2.5
v -1.4 2 2.5
v -0.8 2 2.5
v -0.7 2 2.5
v -0.6 2 2.5
v -0.5 2 2.5
v 0.0999999 2 2.5
v 0.2 2 2.5
v 0.3 2 2.5
v 0.4 2 2.5
v -2.7 2 2.4
v -2.6 2 2.4
v -2.5 2 2.4
v -1.5 2 2.4
v -1.4 2 2.4
v -1.3 2 2.4
v -0.6 2 2.4
v -0.5 2 2.4
v 0.0999999 2 2.4
v 0.2 2 2.4
v 1.1 2 2.4
v 1.6 2 2.4
v 1.7 2 2.4
v 1.8 2 2.4
v -2.8 2 2.3
v -2.7 2 2.3
v -2.6 2 2.3
v -1.4 2 2.3
v -1.3 2 2.3
v -1.2 2 2.3
v 0.8 2 2.3
v 0.9 2 2.3
v 1 2 2.3
v 1.1 2 2.3
v 1.7 2 2.3
v 1.8 2 2.3
v 1.9 2 2.3
v 2 2 2.3
v -2.8 2 2.2
v -2.7 2 2.2
v -1.3 2 2.2
v -1.2 2 2.2
v 0.7 2 2.2
v 0.8 2 2.2
v 0.9 2 2.2
v 1.9 2 2.2
v 2 2 2.2
v 2.1 2 2.2
v -2.9 2 2.1
v -2.8 2 2.1
v -1.2 2 2.1
v -1.1 2 2.1
v 0.6 2 2.1
v 0.7 2 2.1
v 0.8 2 2.1
v 2 2 2.1
v 2.1 2 2.1
v 2.2 2 2.1
v -2.9 2 2
v -2.8 2 2
v -1.2 2 2
v -1.1 2 2
v 0.6 2 2
v 0.7 2 2
v 2.1 2 2
v 2.2 2 2
v 0.5 2 1.9
v 0.6 2 1.9
v 2.2 2 1.9
v 2.3 2 1.9
v 0.5 2 1.8
v 0.6 2 1.8
v 2.2 2 1.8
v 2.3 2 1.8
v -2.9 2 1.4
v -2.8 2 1.4
v -1.2 2 1.4
v -1.1 2 1.4
v -2.9 2 1.3
v -2.8 2 1.3
v -1.2 2 1.3
v -1.1 2 1.3
v -2.8 2 1.2
v -2.7 2 1.2
v -1.3 2 1.2
v -1.2 2 1.2
v 0.5 2 1.2
v 0.6 2 1.2
v 2.2 2 1.2
v 2.3 2 1.2
v -2.8 2 1.1
v -2.7 2 1.1
v -2.6 2 1.1
v -1.4 2 1.1
v -1.3 2 1.1
v -1.2 2 1.1
v 0.5 2 1.1
v 0.6 2 1.1
v 2.2 2 1.1
v 2.3 2 1.1
v -2.7 2 1
v -2.6 2 1
v -2.5 2 1
v -1.5 2 1
v -1.4 2 1
v -1.3 2 1
v 0.6 2 1
v 0.7 2 1
v 2.1 2 1
v 2.2 2 1
v -2.6 2 0.9
v -2.5 2 0.9
v -2.4 2 0.9
v -2.3 2 0.9
v -1.7 2 0.9
v -1.6 2 0.9
v -1.5 2 0.9
v -1.4 2 0.9
v 0.6 2 0.9
v 0.7 2 0.9
v 0.8 2 0.9
v 2 2 0.9
v 2.1 2 0.9
v 2.2 2 0.9
v -2.4 2 0.8
v -2.3 2 0.8
v -1.7 2 0.8
v -1.6 2 0.8
v 0.7 2 0.8
v 0.8 2 0.8
v 0.9 2 0.8
v 1.9 2 0.8
v 2 2 0.8
v 2.1 2 0.8
v 0.8 2 0.7
v 0.9 2 0.7
v 1 2 0.7
v 1.1 2 0.7
v 1.7 2 0.7
v 1.8 2 0.7
v 1.9 2 0.7
v 2 2 0.7
v 1 2 0.6
v 1.1 2 0.6
v 1.7 2 0.6
v 1.8 2 0.6
v -0.9 2 0.4
v -0.8 2 0.4
v -0.2 2 0.4
v -0.1 2 0.4
v -1.1 2 0.3
v -1 2 0.3
v -0.9 2 0.3
v -0.8 2 0.3
v -0.2 2 0.3
v -0.1 2 0.3
v -2.38419e-07 2 0.3
v 0.0999999 2 0.3
v -1.2 2 0.2
v -1.1 2 0.2
v -1 2 0.2
v -2.38419e-07 2 0.2
v 0.0999999 2 0.2
v 0.2 2 0.2
v -1.3 2 0.0999999
v -1.2 2 0.0999999
v -1.1 2 0.0999999
v 0.0999999 2 0.0999999
v 0.2 2 0.0999999
v 0.3 2 0.0999999
v -1.3 2 0
v -1.2 2 0
v 0.2 2 0
v 0.3 2 0
v -1.4 2 -0.1
v -1.3 2 -0.1
v 0.3 2 -0.1
v 0.4 2 -0.1
v -1.4 2 -0.2
v -1.3 2 -0.2
v 0.3 2 -0.2
v 0.4 2 -0.2
v -1.4 2 -0.8
v -1.3 2 -0.8
v 0.3 2 -0.8
v 0.4 2 -0.8
v -1.4 2 -0.9
v -1.3 2 -0.9
v 0.3 2 -0.9
v 0.4 2 -0.9
v -1.3 2 -1
v -1.2 2 -1
v 0.2 2 -1
v 0.3 2 -1
v -1.3 2 -1.1
v -1.2 2 -1.1
v -1.1 2 -1.1
v 0.0999999 2 -1.1
v 0.2 2 -1.1
v 0.3 2 -1.1
v -1.2 2 -1.2
v -1.1 2 -1.2
v -1 2 -1.2
v -2.38419e-07 2 -1.2
v 0.0999999 2 -1.2
v 0.2 2 -1.2
v -1.1 2 -1.3
v -1 2 -1.3
v -0.9 2 -1.3
v -0.8 2 -1.3
v -0.2 2 -1.3
v -0.1 2 -1.3
v -2.38419e-07 2 -1.3
v 0.0999999 2 -1.3
v -0.9 2 -1.4
v -0.8 2 -1.4
v -0.2 2 -1.4
v -0.1 2 -1.4
v -1.2 2.1 3.5
v -1.1 2.1 3.5
v -0.3 2.1 3.5
v 0.2 2.1 3.5
v -0.9 2.1 3.4
v -0.8 2.1 3.4
v -0.3 2.1 3.4
v -0.9 2.1 3.3
v -0.8 2.1 3.3
v -0.3 2.1 3.3
v -0.1 2.1 3.3
v -0.1 2.1 3.2
v -2.38419e-07 2.1 3.2
v -1.2 2.1 3.1
v -1.1 2.1 3.1
v 0.2 2.1 3.1
v -2.38419e-07 2.1 3
v 0.2 2.1 3
v -1.1 2.1 2.9
v -1 2.1 2.9
v 0.6 2.1 2.9
v 0.7 2.1 2.9
v -1.1 2.1 2.8
v -1 2.1 2.8
v 0.6 2.1 2.8
v 1 2.1 2.8
v 1.6 2.1 2.8
v -2.2 2.1 2.7
v -1.8 2.1 2.7
v 0.5 2.1 2.7
v 0.6 2.1 2.7
v 0.9 2.1 2.7
v 1 2.1 2.7
v 1.6 2.1 2.7
v 1.7 2.1 2.7
v -2.5 2.1 2.6
v -2.4 2.1 2.6
v -2.2 2.1 2.6
v -1.8 2.1 2.6
v -1.6 2.1 2.6
v -1.5 2.1 2.6
v 0.5 2.1 2.6
v 0.7 2.1 2.6
v -2.5 2.1 2.5
v -2.4 2.1 2.5
v -1.6 2.1 2.5
v -1.5 2.1 2.5
v -0.7 2.1 2.5
v -0.6 2.1 2.5
v 0.2 2.1 2.5
v 0.3 2.1 2.5
v -0.7 2.1 2.4
v -0.6 2.1 2.4
v -0.4 2.1 2.4
v -2.38419e-07 2.1 2.4
v 0.2 2.1 2.4
v 0.3 2.1 2.4
v 1.6 2.1 2.4
v 1.7 2.1 2.4
v 1.8 2.1 2.4
v 1.9 2.1 2.4
v -0.4 2.1 2.3
v -2.38419e-07 2.1 2.3
v 0.9 2.1 2.3
v 1 2.1 2.3
v 1.8 2.1 2.3
v 1.9 2.1 2.3
v -2.9 2.1 2.2
v -2.8 2.1 2.2
v -1.2 2.1 2.2
v -1.1 2.1 2.2
v -2.9 2.1 2.1
v -2.8 2.1 2.1
v -1.2 2.1 2.1
v -1.1 2.1 2.1
v 0.5 2.1 2
v 0.6 2.1 2
v 2.2 2.1 2
v 2.3 2.1 2
v -3 2.1 1.9
v -2.9 2.1 1.9
v -1.1 2.1 1.9
v -1 2.1 1.9
v 0.5 2.1 1.9
v 0.6 2.1 1.9
v 2.2 2.1 1.9
v 2.3 2.1 1.9
v 0.4 2.1 1.7
v 0.5 2.1 1.7
v 2.3 2.1 1.7
v 2.4 2.1 1.7
v -3 2.1 1.5
v -2.9 2.1 1.5
v -1.1 2.1 1.5
v -1 2.1 1.5
v -2.9 2.1 1.3
v -2.8 2.1 1.3
v -1.2 2.1 1.3
v -1.1 2.1 1.3
v 0.4 2.1 1.3
v 0.5 2.1 1.3
v 2.3 2.1 1.3
v 2.4 2.1 1.3
v -2.9 2.1 1.2
v -2.8 2.1 1.2
v -1.2 2.1 1.2
v -1.1 2.1 1.2
v 0.5 2.1 1.1
v 0.6 2.1 1.1
v 2.2 2.1 1.1
v 2.3 2.1 1.1
v 0.5 2.1 1
v 0.6 2.1 1
v 2.2 2.1 1
v 2.3 2.1 1
v -2.5 2.1 0.9
v -2.4 2.1 0.9
v -1.6 2.1 0.9
v -1.5 2.1 0.9
v -2.5 2.1 0.8
v -2.4 2.1 0.8
v -2.2 2.1 0.8
v -1.8 2.1 0.8
v -1.6 2.1 0.8
v -1.5 2.1 0.8
v -2.2 2.1 0.7
v -1.8 2.1 0.7
v 0.9 2.1 0.7
v 1 2.1 0.7
v 1.8 2.1 0.7
v 1.9 2.1 0.7
v 0.9 2.1 0.6
v 1 2.1 0.6
v 1.2 2.1 0.6
v 1.6 2.1 0.6
v 1.8 2.1 0.6
v 1.9 2.1 0.6
v -0.7 2.1 0.5
v -0.3 2.1 0.5
v 1.2 2.1 0.5
v 1.6 2.1 0.5
v -1 2.1 0.4
v -0.9 2.1 0.4
v -0.7 2.1 0.4
v -0.3 2.1 0.4
v -0.1 2.1 0.4
v -2.38419e-07 2.1 0.4
v -1 2.1 0.3
v -0.9 2.1 0.3
v -0.1 2.1 0.3
v -2.38419e-07 2.1 0.3
v -1.4 2.1 0
v -1.3 2.1 0
v 0.3 2.1 0
v 0.4 2.1 0
v -1.4 2.1 -0.1
v -1.3 2.1 -0.1
v 0.3 2.1 -0.1
v 0.4 2.1 -0.1
v -1.5 2.1 -0.3
v -1.4 2.1 -0.3
v 0.4 2.1 -0.3
v 0.5 2.1 -0.3
v -1.5 2.1 -0.7
v -1.4 2.1 -0.7
v 0.4 2.1 -0.7
v 0.5 2.1 -0.7
v -1.4 2.1 -0.9
v -1.3 2.1 -0.9
v 0.3 2.1 -0.9
v 0.4 2.1 -0.9
v -1.4 2.1 -1
v -1.3 2.1 -1
v 0.3 2.1 -1
v 0.4 2.1 -1
v -1 2.1 -1.3
v -0.9 2.1 -1.3
v -0.1 2.1 -1.3
v -2.38419e-07 2.1 -1.3
v -1 2.1 -1.4
v -0.9 2.1 -1.4
v -0.7 2.1 -1.4
v -0.3 2.1 -1.4
v -0.1 2.1 -1.4
v -2.38419e-07 2.1 -1.4
v -0.7 2.1 -1.5
v -0.3 2.1 -1.5
v -0.3 2.2 3.6
v 0.2 2.2 3.6
v -0.9 2.2 3.5
v -0.3 2.2 3.5
v 0.2 2.2 3.5
v 0.3 2.2 3.5
v -0.9 2.2 3.4
v -0.8 2.2 3.4
v -0.7 2.2 3.4
v -0.3 2.2 3.4
v -0.8 2.2 3.3
v -0.7 2.2 3.3
v -1.2 2.2 3.1
v -1.1 2.2 3.1
v 0.2 2.2 3.1
v 0.3 2.2 3.1
v -1.2 2.2 3
v -1.1 2.2 3
v 1.1 2.2 3
v 1.5 2.2 3
v 0.7 2.2 2.9
v 1.1 2.2 2.9
v 1 2.2 2.8
v 1.5 2.2 2.8
v -2.3 2.2 2.7
v -2.2 2.2 2.7
v -1.8 2.2 2.7
v -1.7 2.2 2.7
v 0.9 2.2 2.7
v 1 2.2 2.7
v -2.3 2.2 2.6
v -2.2 2.2 2.6
v -1.8 2.2 2.6
v -1.7 2.2 2.6
v 0.4 2.2 2.6
v 0.5 2.2 2.6
v 0.7 2.2 2.6
v 0.4 2.2 2.5
v 0.8 2.2 2.5
v -0.5 2.2 2.4
v -0.4 2.2 2.4
v -2.38419e-07 2.2 2.4
v 0.0999999 2.2 2.4
v -0.5 2.2 2.3
v -0.4 2.2 2.3
v -2.38419e-07 2.2 2.3
v 0.0999999 2.2 2.3
v 0.8 2.2 2.3
v 0.9 2.2 2.3
v -3 2.2 2
v -2.9 2.2 2
v -1.1 2.2 2
v -1 2.2 2
v -3 2.2 1.9
v -2.9 2.2 1.9
v -1.1 2.2 1.9
v -1 2.2 1.9
v 0.4 2.2 1.8
v 0.5 2.2 1.8
v 2.3 2.2 1.8
v 2.4 2.2 1.8
v 0.4 2.2 1.7
v 0.5 2.2 1.7
v 2.3 2.2 1.7
v 2.4 2.2 1.7
v -3 2.2 1.5
v -2.9 2.2 1.5
v -1.1 2.2 1.5
v -1 2.2 1.5
v -3 2.2 1.4
v -2.9 2.2 1.4
v -1.1 2.2 1.4
v -1 2.2 1.4
v 0.4 2.2 1.3
v 0.5 2.2 1.3
v 2.3 2.2 1.3
v 2.4 2.2 1.3
v 0.4 2.2 1.2
v 0.5 2.2 1.2
v 2.3 2.2 1.2
v 2.4 2.2 1.2
v -2.3 2.2 0.8
v -2.2 2.2 0.8
v -1.8 2.2 0.8
v -1.7 2.2 0.8
v -2.3 2.2 0.7
v -2.2 2.2 0.7
v -1.8 2.2 0.7
v -1.7 2.2 0.7
v 1.1 2.2 0.6
v 1.2 2.2 0.6
v 1.6 2.2 0.6
v 1.7 2.2 0.6
v -0.8 2.2 0.5
v -0.7 2.2 0.5
v -0.3 2.2 0.5
v -0.2 2.2 0.5
v 1.1 2.2 0.5
v 1.2 2.2 0.5
v 1.6 2.2 0.5
v 1.7 2.2 0.5
v -0.8 2.2 0.4
v -0.7 2.2 0.4
v -0.3 2.2 0.4
v -0.2 2.2 0.4
v -1.5 2.2 -0.2
v -1.4 2.2 -0.2
v 0.4 2.2 -0.2
v 0.5 2.2 -0.2
v -1.5 2.2 -0.3
v -1.4 2.2 -0.3
v 0.4 2.2 -0.3
v 0.5 2.2 -0.3
v -1.5 2.2 -0.7
v -1.4 2.2 -0.7
v 0.4 2.2 -0.7
v 0.5 2.2 -0.7
v -1.5 2.2 -0.8
v -1.4 2.2 -0.8
v 0.4 2.2 -0.8
v 0.5 2.2 -0.8
v -0.8 2.2 -1.4
v -0.7 2.2 -1.4
v -0.3 2.2 -1.4
v -0.2 2.2 -1.4
v -0.8 2.2 -1.5
v -0.7 2.2 -1.5
v -0.3 2.2 -1.5
v -0.2 2.2 -1.5
v -0.9 2.3 3.6
v -0.5 2.3 3.6
v -0.4 2.3 3.6
v -0.3 2.3 3.6
v -0.9 2.3 3.5
v -0.5 2.3 3.5
v -0.4 2.3 3.5
v -0.3 2.3 3.5
v 0.3 2.3 3.4
v 0.4 2.3 3.4
v 0.3 2.3 3.1
v 0.4 2.3 3.1
v 1.1 2.3 3.1
v 1.5 2.3 3.1
v 0.8 2.3 3
v 1.1 2.3 3
v 1.5 2.3 3
v 1.6 2.3 3
v 0.8 2.3 2.9
v 1.1 2.3 2.9
v 1.5 2.3 2.8
v 1.6 2.3 2.8
v -1 2.3 2.7
v -0.9 2.3 2.7
v -1 2.3 2.6
v -0.9 2.3 2.6
v -0.8 2.3 2.6
v -2.7 2.3 2.5
v -2.6 2.3 2.5
v -1.4 2.3 2.5
v -1.3 2.3 2.5
v -0.9 2.3 2.5
v -0.8 2.3 2.5
v 0.4 2.3 2.5
v 0.8 2.3 2.5
v -2.8 2.3 2.4
v -2.7 2.3 2.4
v -2.6 2.3 2.4
v -1.4 2.3 2.4
v -1.3 2.3 2.4
v -1.2 2.3 2.4
v 0.4 2.3 2.4
v 0.8 2.3 2.4
v -2.8 2.3 2.3
v -2.7 2.3 2.3
v -1.3 2.3 2.3
v -1.2 2.3 2.3
v 0.7 2.3 2.3
v 0.8 2.3 2.3
v 2 2.3 2.3
v 2.1 2.3 2.3
v 0.6 2.3 2.2
v 0.7 2.3 2.2
v 0.8 2.3 2.2
v 2 2.3 2.2
v 2.1 2.3 2.2
v 2.2 2.3 2.2
v 0.6 2.3 2.1
v 0.7 2.3 2.1
v 2.1 2.3 2.1
v 2.2 2.3 2.1
v -2.8 2.3 1.1
v -2.7 2.3 1.1
v -1.3 2.3 1.1
v -1.2 2.3 1.1
v -2.8 2.3 1
v -2.7 2.3 1
v -2.6 2.3 1
v -1.4 2.3 1
v -1.3 2.3 1
v -1.2 2.3 1
v -2.7 2.3 0.9
v -2.6 2.3 0.9
v -1.4 2.3 0.9
v -1.3 2.3 0.9
v 0.6 2.3 0.9
v 0.7 2.3 0.9
v 2.1 2.3 0.9
v 2.2 2.3 0.9
v 0.6 2.3 0.8
v 0.7 2.3 0.8
v 0.8 2.3 0.8
v 2 2.3 0.8
v 2.1 2.3 0.8
v 2.2 2.3 0.8
v 0.7 2.3 0.7
v 0.8 2.3 0.7
v 2 2.3 0.7
v 2.1 2.3 0.7
v -1.2 2.3 0.3
v -1.1 2.3 0.3
v 0.0999999 2.3 0.3
v 0.2 2.3 0.3
v -1.3 2.3 0.2
v -1.2 2.3 0.2
v -1.1 2.3 0.2
v 0.0999999 2.3 0.2
v 0.2 2.3 0.2
v 0.3 2.3 0.2
v -1.3 2.3 0.0999999
v -1.2 2.3 0.0999999
v 0.2 2.3 0.0999999
v 0.3 2.3 0.0999999
v -1.3 2.3 -1.1
v -1.2 2.3 -1.1
v 0.2 2.3 -1.1
v 0.3 2.3 -1.1
v -1.3 2.3 -1.2
v -1.2 2.3 -1.2
v -1.1 2.3 -1.2
v 0.0999999 2.3 -1.2
v 0.2 2.3 -1.2
v 0.3 2.3 -1.2
v -1.2 2.3 -1.3
v -1.1 2.3 -1.3
v 0.0999999 2.3 -1.3
v 0.2 2.3 -1.3
v -1.6 2.4 3.6
v -1.4 2.4 3.6
v -1.1 2.4 3.6
v -0.9 2.4 3.6
v -1.9 2.4 3.5
v -1.6 2.4 3.5
v -1.4 2.4 3.5
v -1.3 2.4 3.5
v -1.2 2.4 3.5
v -1.1 2.4 3.5
v -0.9 2.4 3.5
v 0.3 2.4 3.5
v 0.4 2.4 3.5
v -2 2.4 3.4
v -1.9 2.4 3.4
v -1.3 2.4 3.4
v -1.2 2.4 3.4
v -1.1 2.4 3.4
v 0.3 2.4 3.4
v 0.4 2.4 3.4
v 0.5 2.4 3.4
v -2.1 2.4 3.2
v -2 2.4 3.2
v -2.2 2.4 3.1
v -2.1 2.4 3.1
v 0.4 2.4 3.1
v 0.5 2.4 3.1
v 0.8 2.4 3.1
v 1.1 2.4 3.1
v 2 2.4 3.1
v 2.1 2.4 3.1
v -2.3 2.4 3
v -2.2 2.4 3
v -1.2 2.4 3
v -1.1 2.4 3
v 0.7 2.4 3
v 0.8 2.4 3
v 1.1 2.4 3
v 1.9 2.4 3
v 2 2.4 3
v 2.1 2.4 3
v 2.2 2.4 3
v -2.5 2.4 2.9
v -2.3 2.4 2.9
v -1.3 2.4 2.9
v -1.1 2.4 2.9
v 0.7 2.4 2.9
v 0.8 2.4 2.9
v 1.6 2.4 2.9
v 1.9 2.4 2.9
v -2.8 2.4 2.8
v -2.5 2.4 2.8
v -1.3 2.4 2.8
v -1.1 2.4 2.8
v -1 2.4 2.8
v 2.2 2.4 2.8
v 2.3 2.4 2.8
v -2.3 2.4 2.7
v -1.7 2.4 2.7
v 1.6 2.4 2.7
v 1.7 2.4 2.7
v -2.9 2.4 2.6
v -2.8 2.4 2.6
v -2.5 2.4 2.6
v -2.3 2.4 2.6
v -1.7 2.4 2.6
v -1.5 2.4 2.6
v -1 2.4 2.6
v -0.9 2.4 2.6
v 2.3 2.4 2.6
v 2.4 2.4 2.6
v -2.7 2.4 2.5
v -2.5 2.4 2.5
v -1.5 2.4 2.5
v -1.3 2.4 2.5
v -0.9 2.4 2.5
v -0.7 2.4 2.5
v 0.3 2.4 2.5
v 0.4 2.4 2.5
v 1.7 2.4 2.5
v -3 2.4 2.4
v -2.9 2.4 2.4
v -2.8 2.4 2.4
v -2.7 2.4 2.4
v -1.3 2.4 2.4
v -1.2 2.4 2.4
v -0.9 2.4 2.4
v -0.7 2.4 2.4
v -0.5 2.4 2.4
v 0.0999999 2.4 2.4
v 0.3 2.4 2.4
v 0.4 2.4 2.4
v 0.8 2.4 2.4
v 1.7 2.4 2.4
v 1.9 2.4 2.4
v 2.4 2.4 2.4
v 2.5 2.4 2.4
v -1.2 2.4 2.3
v -0.5 2.4 2.3
v 0.0999999 2.4 2.3
v 0.7 2.4 2.3
v 0.8 2.4 2.3
v 1.9 2.4 2.3
v 2.1 2.4 2.3
v 2.4 2.4 2.3
v -3.1 2.4 2.2
v -3 2.4 2.2
v -2.9 2.4 2.2
v -2.8 2.4 2.2
v -1.2 2.4 2.2
v -1.1 2.4 2.2
v -0.8 2.4 2.2
v 0.6 2.4 2.2
v 0.7 2.4 2.2
v 2.1 2.4 2.2
v 2.2 2.4 2.2
v 2.5 2.4 2.2
v 2.6 2.4 2.2
v -0.8 2.4 2.1
v -0.7 2.4 2.1
v -3 2.4 2
v -2.9 2.4 2
v -1.1 2.4 2
v -1 2.4 2
v 0.5 2.4 2
v 0.6 2.4 2
v 2.2 2.4 2
v 2.3 2.4 2
v -0.7 2.4 1.9
v -0.6 2.4 1.9
v -3.2 2.4 1.8
v -3.1 2.4 1.8
v -0.6 2.4 1.8
v -0.5 2.4 1.8
v 0.4 2.4 1.8
v 0.5 2.4 1.8
v 2.3 2.4 1.8
v 2.4 2.4 1.8
v 2.6 2.4 1.8
v 2.7 2.4 1.8
v -0.5 2.4 1.7
v -0.3 2.4 1.7
v -0.3 2.4 1.6
v -0.1 2.4 1.6
v -0.1 2.4 1.5
v 0.4 2.4 1.5
v -3 2.4 1.4
v -2.9 2.4 1.4
v -1.1 2.4 1.4
v -1 2.4 1.4
v -0.3 2.4 1.3
v -0.2 2.4 1.3
v -2.9 2.4 1.2
v -2.8 2.4 1.2
v -1.2 2.4 1.2
v -1.1 2.4 1.2
v -0.3 2.4 1.2
v -0.2 2.4 1.2
v 0.4 2.4 1.2
v 0.5 2.4 1.2
v 2.3 2.4 1.2
v 2.4 2.4 1.2
v -2.8 2.4 1
v -2.7 2.4 1
v -1.3 2.4 1
v -1.2 2.4 1
v 0.5 2.4 1
v 0.6 2.4 1
v 2.2 2.4 1
v 2.3 2.4 1
v -2.7 2.4 0.9
v -2.5 2.4 0.9
v -1.5 2.4 0.9
v -1.3 2.4 0.9
v -2.5 2.4 0.8
v -2.3 2.4 0.8
v -1.7 2.4 0.8
v -1.5 2.4 0.8
v 0.6 2.4 0.8
v 0.7 2.4 0.8
v 2.1 2.4 0.8
v 2.2 2.4 0.8
v -3.2 2.4 0.7
v -3.1 2.4 0.7
v -2.3 2.4 0.7
v -1.7 2.4 0.7
v 0.7 2.4 0.7
v 0.9 2.4 0.7
v 1.9 2.4 0.7
v 2.1 2.4 0.7
v 2.6 2.4 0.7
v 2.7 2.4 0.7
v 0.9 2.4 0.6
v 1.1 2.4 0.6
v 1.7 2.4 0.6
v 1.9 2.4 0.6
v -0.8 2.4 0.5
v -0.2 2.4 0.5
v 1.1 2.4 0.5
v 1.7 2.4 0.5
v -1 2.4 0.4
v -0.8 2.4 0.4
v -0.2 2.4 0.4
v -2.38419e-07 2.4 0.4
v -3.1 2.4 0.3
v -3 2.4 0.3
v -1.2 2.4 0.3
v -1 2.4 0.3
v -2.38419e-07 2.4 0.3
v 0.2 2.4 0.3
v 2.5 2.4 0.3
v 2.6 2.4 0.3
v -1.3 2.4 0.2
v -1.2 2.4 0.2
v 0.2 2.4 0.2
v 0.3 2.4 0.2
v -3 2.4 0.0999999
v -2.9 2.4 0.0999999
v 2.4 2.4 0.0999999
v 2.5 2.4 0.0999999
v -1.4 2.4 0
v -1.3 2.4 0
v 0.3 2.4 0
v 0.4 2.4 0
v -2.9 2.4 -0.1
v -2.8 2.4 -0.1
v 2.3 2.4 -0.1
v 2.4 2.4 -0.1
v -1.5 2.4 -0.2
v -1.4 2.4 -0.2
v 0.4 2.4 -0.2
v 0.5 2.4 -0.2
v -2.8 2.4 -0.3
v -2.7 2.4 -0.3
v 2.2 2.4 -0.3
v 2.3 2.4 -0.3
v -2.7 2.4 -0.5
v -2.6 2.4 -0.5
v 2.1 2.4 -0.5
v 2.2 2.4 -0.5
v -2.6 2.4 -0.6
v -2.5 2.4 -0.6
v 2 2.4 -0.6
v 2.1 2.4 -0.6
v -2.5 2.4 -0.7
v -2.4 2.4 -0.7
v 1.9 2.4 -0.7
v 2 2.4 -0.7
v -2.4 2.4 -0.8
v -2.3 2.4 -0.8
v -1.5 2.4 -0.8
v -1.4 2.4 -0.8
v 0.4 2.4 -0.8
v 0.5 2.4 -0.8
v 1.8 2.4 -0.8
v 1.9 2.4 -0.8
v -2.3 2.4 -0.9
v -2.2 2.4 -0.9
v 1.7 2.4 -0.9
v 1.8 2.4 -0.9
v -2.2 2.4 -1
v -2.1 2.4 -1
v -1.4 2.4 -1
v -1.3 2.4 -1
v 0.3 2.4 -1
v 0.4 2.4 -1
v 1.6 2.4 -1
v 1.7 2.4 -1
v -2.1 2.4 -1.1
v -2 2.4 -1.1
v 1.5 2.4 -1.1
v 1.6 2.4 -1.1
v -2 2.4 -1.2
v -1.8 2.4 -1.2
v -1.3 2.4 -1.2
v -1.2 2.4 -1.2
v 0.2 2.4 -1.2
v 0.3 2.4 -1.2
v 1.3 2.4 -1.2
v 1.5 2.4 -1.2
v -1.8 2.4 -1.3
v -1.6 2.4 -1.3
v -1.2 2.4 -1.3
v -1 2.4 -1.3
v -2.38419e-07 2.4 -1.3
v 0.2 2.4 -1.3
v 1.1 2.4 -1.3
v 1.3 2.4 -1.3
v -1.6 2.4 -1.4
v -1.4 2.4 -1.4
v -1 2.4 -1.4
v -0.8 2.4 -1.4
v -0.2 2.4 -1.4
v -2.38419e-07 2.4 -1.4
v 0.9 2.4 -1.4
v 1.1 2.4 -1.4
v -1.4 2.4 -1.5
v -1.2 2.4 -1.5
v -0.8 2.4 -1.5
v -0.2 2.4 -1.5
v 0.7 2.4 -1.5
v 0.9 2.4 -1.5
v -1.2 2.4 -1.6
v -0.8 2.4 -1.6
v 0.3 2.4 -1.6
v 0.7 2.4 -1.6
v -0.8 2.4 -1.7
v 0.3 2.4 -1.7
v 0.2 2.5 3.6
v 0.3 2.5 3.6
v 0.2 2.5 3.5
v 0.3 2.5 3.5
v 0.8 2.5 3.2
v 1.3 2.5 3.2
v 0.7 2.5 3.1
v 0.8 2.5 3.1
v 1.3 2.5 3.1
v 0.7 2.5 3
v 0.8 2.5 3
v -0.3 2.5 1.3
v -0.2 2.5 1.3
v -0.3 2.5 1.2
v -0.2 2.5 1.2
v 2.4 2.6 3.5
v 2.5 2.6 3.5
v 2.3 2.6 3.4
v 2.4 2.6 3.4
v 2.5 2.6 3.4
v 2.6 2.6 3.4
v 2.2 2.6 3.3
v 2.3 2.6 3.3
v -2.1 2.6 3.2
v -2 2.6 3.2
v 0.7 2.6 3.2
v 0.8 2.6 3.2
v 2.6 2.6 3.2
v 2.7 2.6 3.2
v -2.2 2.6 3.1
v -2.1 2.6 3.1
v -2 2.6 3.1
v 0.4 2.6 3.1
v 0.5 2.6 3.1
v 0.7 2.6 3.1
v 0.8 2.6 3.1
v 2.1 2.6 3.1
v 2.2 2.6 3.1
v 2.7 2.6 3.1
v 2.8 2.6 3.1
v -2.2 2.6 3
v -2.1 2.6 3
v 0.4 2.6 3
v 0.7 2.6 3
v 2.1 2.6 3
v 2.2 2.6 3
v -3.4 2.6 2.9
v -3.3 2.6 2.9
v 2.8 2.6 2.9
v 2.9 2.6 2.9
v -3.3 2.6 2.8
v -3 2.6 2.8
v 2.2 2.6 2.8
v 2.3 2.6 2.8
v -3 2.6 2.7
v -2.8 2.6 2.7
v -3.5 2.6 2.6
v -3.4 2.6 2.6
v -2.9 2.6 2.6
v -2.8 2.6 2.6
v 2.3 2.6 2.6
v 2.4 2.6 2.6
v 2.9 2.6 2.6
v 3 2.6 2.6
v -3.6 2.6 2.4
v -3.5 2.6 2.4
v -3 2.6 2.4
v -2.9 2.6 2.4
v 2.4 2.6 2.4
v 2.5 2.6 2.4
v 3 2.6 2.4
v 3.1 2.6 2.4
v -3.1 2.6 2.2
v -3 2.6 2.2
v 2.5 2.6 2.2
v 2.6 2.6 2.2
v -3.7 2.6 1.9
v -3.6 2.6 1.9
v 3.1 2.6 1.9
v 3.2 2.6 1.9
v -3.2 2.6 1.8
v -3.1 2.6 1.8
v 2.6 2.6 1.8
v 2.7 2.6 1.8
v -3.7 2.6 0.8
v -3.6 2.6 0.8
v 3.1 2.6 0.8
v 3.2 2.6 0.8
v -3.2 2.6 0.7
v -3.1 2.6 0.7
v 2.6 2.6 0.7
v 2.7 2.6 0.7
v -3.6 2.6 0.3
v -3.5 2.6 0.3
v -3.1 2.6 0.3
v -3 2.6 0.3
v 2.5 2.6 0.3
v 2.6 2.6 0.3
v 3 2.6 0.3
v 3.1 2.6 0.3
v -3.5 2.6 0.0999999
v -3.4 2.6 0.0999999
v -3 2.6 0.0999999
v -2.9 2.6 0.0999999
v 2.4 2.6 0.0999999
v 2.5 2.6 0.0999999
v 2.9 2.6 0.0999999
v 3 2.6 0.0999999
v -2.9 2.6 -0.1
v -2.8 2.6 -0.1
v 2.3 2.6 -0.1
v 2.4 2.6 -0.1
v -3.4 2.6 -0.2
v -3.3 2.6 -0.2
v 2.8 2.6 -0.2
v 2.9 2.6 -0.2
v -2.8 2.6 -0.3
v -2.7 2.6 -0.3
v 2.2 2.6 -0.3
v 2.3 2.6 -0.3
v -3.3 2.6 -0.4
v -3.2 2.6 -0.4
v 2.7 2.6 -0.4
v 2.8 2.6 -0.4
v -3.2 2.6 -0.5
v -3.1 2.6 -0.5
v -2.7 2.6 -0.5
v -2.6 2.6 -0.5
v 2.1 2.6 -0.5
v 2.2 2.6 -0.5
v 2.6 2.6 -0.5
v 2.7 2.6 -0.5
v -2.6 2.6 -0.6
v -2.5 2.6 -0.6
v 2 2.6 -0.6
v 2.1 2.6 -0.6
v -3.1 2.6 -0.7
v -3 2.6 -0.7
v -2.5 2.6 -0.7
v -2.4 2.6 -0.7
v 1.9 2.6 -0.7
v 2 2.6 -0.7
v 2.5 2.6 -0.7
v 2.6 2.6 -0.7
v -3 2.6 -0.8
v -2.9 2.6 -0.8
v -2.4 2.6 -0.8
v -2.3 2.6 -0.8
v 1.8 2.6 -0.8
v 1.9 2.6 -0.8
v 2.4 2.6 -0.8
v 2.5 2.6 -0.8
v -2.9 2.6 -0.9
v -2.8 2.6 -0.9
v -2.3 2.6 -0.9
v -2.2 2.6 -0.9
v 1.7 2.6 -0.9
v 1.8 2.6 -0.9
v 2.3 2.6 -0.9
v 2.4 2.6 -0.9
v -2.8 2.6 -1
v -2.7 2.6 -1
v -2.2 2.6 -1
v -2.1 2.6 -1
v 1.6 2.6 -1
v 1.7 2.6 -1
v 2.2 2.6 -1
v 2.3 2.6 -1
v -2.7 2.6 -1.1
v -2.6 2.6 -1.1
v -2.1 2.6 -1.1
v -2 2.6 -1.1
v 1.5 2.6 -1.1
v 1.6 2.6 -1.1
v 2.1 2.6 -1.1
v 2.2 2.6 -1.1
v -2.6 2.6 -1.2
v -2.5 2.6 -1.2
v -2 2.6 -1.2
v -1.8 2.6 -1.2
v 1.3 2.6 -1.2
v 1.5 2.6 -1.2
v 2 2.6 -1.2
v 2.1 2.6 -1.2
v -2.5 2.6 -1.3
v -2.4 2.6 -1.3
v -1.8 2.6 -1.3
v -1.6 2.6 -1.3
v 1.1 2.6 -1.3
v 1.3 2.6 -1.3
v 1.9 2.6 -1.3
v 2 2.6 -1.3
v -2.4 2.6 -1.4
v -2.3 2.6 -1.4
v -1.6 2.6 -1.4
v -1.4 2.6 -1.4
v 0.9 2.6 -1.4
v 1.1 2.6 -1.4
v 1.8 2.6 -1.4
v 1.9 2.6 -1.4
v -2.3 2.6 -1.5
v -2.1 2.6 -1.5
v -1.4 2.6 -1.5
v -1.2 2.6 -1.5
v 0.7 2.6 -1.5
v 0.9 2.6 -1.5
v 1.6 2.6 -1.5
v 1.8 2.6 -1.5
v -2.1 2.6 -1.6
v -2 2.6 -1.6
v -1.2 2.6 -1.6
v -0.8 2.6 -1.6
v 0.3 2.6 -1.6
v 0.7 2.6 -1.6
v 1.5 2.6 -1.6
v 1.6 2.6 -1.6
v -2 2.6 -1.7
v -1.8 2.6 -1.7
v -0.8 2.6 -1.7
v 0.3 2.6 -1.7
v 1.3 2.6 -1.7
v 1.5 2.6 -1.7
v -1.8 2.6 -1.8
v -1.5 2.6 -1.8
v 1 2.6 -1.8
v 1.3 2.6 -1.8
v -1.5 2.6 -1.9
v -1.3 2.6 -1.9
v 0.8 2.6 -1.9
v 1 2.6 -1.9
v -1.3 2.6 -2
v -0.8 2.6 -2
v 0.3 2.6 -2
v 0.8 2.6 -2
v -0.8 2.6 -2.1
v 0.3 2.6 -2.1
v -1.4 2.7 3.5
v -1.2 2.7 3.5
v -1.4 2.7 3.4
v -1.3 2.7 3.4
v -1.2 2.7 3.4
v 0.5 2.7 3.4
v 0.6 2.7 3.4
v -2.1 2.7 3.3
v -1.9 2.7 3.3
v -2.2 2.7 3.2
v -2.1 2.7 3.2
v -2 2.7 3.2
v -1.9 2.7 3.2
v 1.3 2.7 3.2
v 1.4 2.7 3.2
v -2.3 2.7 3.1
v -2.2 2.7 3.1
v -2.1 2.7 3.1
v 0.5 2.7 3.1
v 0.6 2.7 3.1
v 1.3 2.7 3.1
v 1.4 2.7 3.1
v 1.5 2.7 3.1
v -2.4 2.7 3
v -2.3 2.7 3
v -2.2 2.7 3
v 1.4 2.7 3
v 1.5 2.7 3
v -2.3 2.7 2.9
v -2.2 2.7 2.9
v -2.4 2.7 2.8
v -2.3 2.7 2.8
v 0.4 2.8 3.5
v 0.6 2.8 3.5
v 0.4 2.8 3.4
v 0.6 2.8 3.4
v 0.7 2.8 3.4
v 0.7 2.8 3.2
v 2.1 2.8 3.2
v 2.2 2.8 3.2
v -2.4 2.8 3.1
v -2.3 2.8 3.1
v 0.6 2.8 3.1
v 0.7 2.8 3.1
v 2 2.8 3.1
v 2.1 2.8 3.1
v 2.2 2.8 3.1
v -2.5 2.8 3
v -2.4 2.8 3
v -2.3 2.8 3
v 2 2.8 3
v 2.1 2.8 3
v -2.5 2.8 2.8
v -2.4 2.8 2.8
v -1.1 2.9 3.5
v -1 2.9 3.5
v -1.1 2.9 3.4
v -1 2.9 3.4
v 2.3 2.9 3.4
v 2.4 2.9 3.4
v 2.2 2.9 3.3
v 2.3 2.9 3.3
v 2.4 2.9 3.3
v 2.2 2.9 3.2
v 2.3 2.9 3.2
v 1.6 2.9 2.9
v 1.7 2.9 2.9
v 1.6 2.9 2.8
v 1.7 2.9 2.8
v 0.3 2.9 2.5
v 0.4 2.9 2.5
v 0.3 2.9 2.4
v 0.4 2.9 2.4
v 0.0999999 3 3.6
v 0.4 3 3.6
v -0.3 3 3.5
v -0.1 3 3.5
v 0.0999999 3 3.5
v 0.4 3 3.5
v -0.5 3 3.4
v -0.3 3 3.4
v -0.1 3 3.4
v -0.5 3 3.3
v -0.3 3 3.3
v 1.8 3 3
v 1.9 3 3
v 1.5 3 2.9
v 1.6 3 2.9
v 1.8 3 2.9
v 1.9 3 2.9
v 1.5 3 2.8
v 1.6 3 2.8
v -0.5 3.1 3.5
v -0.3 3.1 3.5
v -0.9 3.1 3.4
v -0.5 3.1 3.4
v -0.3 3.1 3.4
v -0.9 3.1 3.3
v -0.5 3.1 3.3
v -0.4 3.1 3.1
v -0.3 3.1 3.1
v -0.4 3.1 3
v -0.3 3.1 3
v 1.7 3.1 3
v 1.8 3.1 3
v 1.7 3.1 2.9
v 1.8 3.1 2.9
v -2.6 3.1 2.8
v -2.5 3.1 2.8
v -2.6 3.1 2.7
v -2.5 3.1 2.7
v -0.9 3.2 3.5
v -0.5 3.2 3.5
v -0.9 3.2 3.4
v -0.5 3.2 3.4
v 1.8 3.2 3.1
v 1.9 3.2 3.1
v 1.5 3.2 3
v 1.7 3.2 3
v 1.8 3.2 3
v 1.9 3.2 3
v 1.5 3.2 2.9
v 1.7 3.2 2.9
v 1.3 3.2 2.8
v 1.4 3.2 2.8
v 1.3 3.2 2.7
v 1.4 3.2 2.7
v 1.5 3.3 3.1
v 1.7 3.3 3.1
v 1.5 3.3 3
v 1.7 3.3 3
v 1.5 3.4 3.2
v 1.7 3.4 3.2
v 1.5 3.4 3.1
v 1.7 3.4 3.1
v 1.4 3.4 3
v 1.5 3.4 3
v 1.4 3.4 2.9
v 1.5 3.4 2.9
v -1.1 3.5 2.9
v -1 3.5 2.9
v -1.1 3.5 2.8
v -1 3.5 2.8
v 1.2 3.5 1.8
v 1.3 3.5 1.8
v 1.6 3.5 1.8
v -2.3 3.5 1.7
v -2 3.5 1.7
v 1.1 3.5 1.7
v 1.2 3.5 1.7
v 1.6 3.5 1.7
v 1.7 3.5 1.7
v -2.3 3.5 1.5
v -2.2 3.5 1.5
v -2 3.5 1.5
v -1.9 3.5 1.5
v -2.2 3.5 1.4
v -1.9 3.5 1.4
v 1.1 3.5 1.3
v 1.2 3.5 1.3
v 1.6 3.5 1.3
v 1.7 3.5 1.3
v 1.2 3.5 1.2
v 1.6 3.5 1.2
v -0.7 3.5 -0.2
v -0.3 3.5 -0.2
v -0.8 3.5 -0.3
v -0.7 3.5 -0.3
v -0.3 3.5 -0.3
v -0.2 3.5 -0.3
v -0.8 3.5 -0.7
v -0.7 3.5 -0.7
v -0.3 3.5 -0.7
v -0.2 3.5 -0.7
v -0.7 3.5 -0.8
v -0.3 3.5 -0.8
v 1.5 3.6 3.3
v 1.6 3.6 3.3
v -0.3 3.6 3.2
v -0.1 3.6 3.2
v 1.5 3.6 3.2
v 1.6 3.6 3.2
v -0.3 3.6 3.1
v -0.1 3.6 3.1
v 1.3 3.6 2.9
v 1.4 3.6 2.9
v 1.3 3.6 2.8
v 1.4 3.6 2.8
v 0.7 3.6 2.4
v 0.8 3.6 2.4
v 0.7 3.6 2.3
v 0.8 3.6 2.3
v -0.4 3.7 3.3
v -0.3 3.7 3.3
v -0.4 3.7 3.2
v -0.3 3.7 3.2
v -1.1 3.7 3
v -1 3.7 3
v -1.1 3.7 2.9
v -1 3.7 2.9
v 0.0999999 4.4 2
v 0.2 4.4 2
v -2.38419e-07 4.4 1.9
v 0.0999999 4.4 1.9
v 0.2 4.4 1.9
v -2.38419e-07 4.4 1.8
v 0.0999999 4.4 1.8
v -0.3 4.6 1.6
v -0.2 4.6 1.6
v -0.4 4.6 1.5
v -0.3 4.6 1.5
v -0.2 4.6 1.5
v -0.4 4.6 1.4
v -0.3 4.6 1.4
v -0.4 1.5 3.2
v 0.0999999 1.5 3.2
v -0.4 1.5 3.1
v 0.0999999 1.5 3.1
v -0.7 1.6 3.3
v -0.6 1.6 3.3
v -0.7 1.6 3.2
v -0.6 1.6 3.2
v -0.5 1.6 3.2
v -0.4 1.6 3.2
v 0.2 1.6 3.2
v 0.3 1.6 3.2
v -0.5 1.6 3.1
v -0.4 1.6 3.1
v 0.2 1.6 3.1
v 0.3 1.6 3.1
v -0.6 1.7 3.2
v -0.5 1.7 3.2
v 0.3 1.7 3.2
v 0.4 1.7 3.2
v -0.6 1.7 3.1
v -0.5 1.7 3.1
v -0.3 1.7 3.1
v 0.0999999 1.7 3.1
v 0.3 1.7 3.1
v 0.4 1.7 3.1
v -0.3 1.7 3
v 0.0999999 1.7 3
v -0.4 1.8 3.1
v -0.3 1.8 3.1
v 0.0999999 1.8 3.1
v 0.2 1.8 3.1
v -0.4 1.8 3
v -0.3 1.8 3
v 0.0999999 1.8 3
v 0.2 1.8 3
v -0.9 1.9 3.4
v -0.8 1.9 3.4
v -0.9 1.9 3.3
v -0.8 1.9 3.3
v -0.7 1.9 3.3
v 0.5 1.9 3.3
v 0.6 1.9 3.3
v -0.8 1.9 3.2
v -0.7 1.9 3.2
v 0.5 1.9 3.2
v 0.6 1.9 3.2
v -1.1 2.1 3.7
v -1 2.1 3.7
v -1.1 2.1 3.6
v -1 2.1 3.6
v 0.6 2.1 3.3
v 0.7 2.1 3.3
v 0.4 2.1 3.2
v 0.6 2.1 3.2
v 0.4 2.1 3.1
v 0.7 2.1 3.1
v -1.1 2.2 3.6
v -1 2.2 3.6
v -1.1 2.2 3.5
v -1 2.2 3.5
v 0.6 2.2 3.1
v 0.7 2.2 3.1
v 0.6 2.2 3
v 0.7 2.2 3
v -1.2 2.3 3.5
v -1.1 2.3 3.5
v -1.2 2.3 3.4
v -1.1 2.3 3.4
v -1.6 2.5 3.6
v -1.4 2.5 3.6
v -0.1 2.5 3.6
v -2.38419e-07 2.5 3.6
v -1.9 2.5 3.5
v -1.7 2.5 3.5
v -1.6 2.5 3.5
v -1.4 2.5 3.5
v -1.3 2.5 3.5
v -0.1 2.5 3.5
v -2.38419e-07 2.5 3.5
v -2 2.5 3.4
v -1.9 2.5 3.4
v -1.7 2.5 3.4
v -1.4 2.5 3.4
v -1.3 2.5 3.4
v -2 2.5 3.3
v -1.9 2.5 3.3
v -2.1 2.5 3.2
v -2 2.5 3.2
v -2.2 2.5 3.1
v -2.1 2.5 3.1
v -2 2.5 3.1
v 0.4 2.5 3.1
v 0.5 2.5 3.1
v 0.6 2.5 3.1
v -2.3 2.5 3
v -2.2 2.5 3
v -2.1 2.5 3
v 0.4 2.5 3
v 0.6 2.5 3
v -2.5 2.5 2.9
v -2.4 2.5 2.9
v -2.3 2.5 2.9
v -2.2 2.5 2.9
v 1.6 2.5 2.9
v 1.7 2.5 2.9
v -2.5 2.5 2.8
v -2.4 2.5 2.8
v 1.6 2.5 2.8
v 1.7 2.5 2.8
v -0.7 2.6 3.6
v -0.5 2.6 3.6
v -1.7 2.6 3.5
v -1.6 2.6 3.5
v -0.7 2.6 3.5
v -0.5 2.6 3.5
v -1.7 2.6 3.4
v -1.6 2.6 3.4
v -2 2.6 3.3
v -1.9 2.6 3.3
v -2 2.6 3.2
v -1.9 2.6 3.2
v 1.4 2.6 3.1
v 1.5 2.6 3.1
v 2 2.6 3.1
v 2.1 2.6 3.1
v 1.4 2.6 3
v 1.5 2.6 3
v 1.6 2.6 3
v 2 2.6 3
v 2.1 2.6 3
v -2.4 2.6 2.9
v -2.3 2.6 2.9
v -2.8 2.6 2.8
v -2.6 2.6 2.8
v -2.4 2.6 2.8
v -2.3 2.6 2.8
v 1.5 2.6 2.8
v 1.6 2.6 2.8
v -2.8 2.6 2.7
v -2.6 2.6 2.7
v -1.1 2.7 3.6
v -0.7 2.7 3.6
v -0.4 2.7 3.6
v -0.1 2.7 3.6
v -1.6 2.7 3.5
v -1.4 2.7 3.5
v -1.1 2.7 3.5
v -0.7 2.7 3.5
v -0.4 2.7 3.5
v -0.1 2.7 3.5
v -1.6 2.7 3.4
v -1.4 2.7 3.4
v 2.3 2.7 3.4
v 2.4 2.7 3.4
v 2.2 2.7 3.3
v 2.3 2.7 3.3
v 2.4 2.7 3.3
v 2.2 2.7 3.2
v 2.3 2.7 3.2
v -3.1 2.7 2.8
v -3 2.7 2.8
v -2.6 2.7 2.8
v -2.5 2.7 2.8
v -3.1 2.7 2.7
v -3 2.7 2.7
v -2.6 2.7 2.7
v -2.5 2.7 2.7
v 0.3 2.7 2.5
v 0.4 2.7 2.5
v 0.3 2.7 2.4
v 0.4 2.7 2.4
v -2.38419e-07 2.8 3.6
v 0.3 2.8 3.6
v -1.1 2.8 3.5
v -0.1 2.8 3.5
v -2.38419e-07 2.8 3.5
v 0.3 2.8 3.5
v -1.1 2.8 3.4
v -0.1 2.8 3.4
v -0.9 2.9 3.4
v -0.3 2.9 3.4
v -0.9 2.9 3.3
v -0.3 2.9 3.3
v -1.4 3 3.5
v -1.3 3 3.5
v 2.4 3 3.5
v 2.5 3 3.5
v -1.9 3 3.4
v -1.4 3 3.4
v -1.3 3 3.4
v 2.3 3 3.4
v 2.4 3 3.4
v 2.5 3 3.4
v 2.6 3 3.4
v -2.1 3 3.3
v -1.9 3 3.3
v -1.4 3 3.3
v 2.2 3 3.3
v 2.3 3 3.3
v -2.2 3 3.2
v -2.1 3 3.2
v -1.9 3 3.2
v 1 3 3.2
v 1.4 3 3.2
v 2.1 3 3.2
v 2.2 3 3.2
v 2.6 3 3.2
v 2.7 3 3.2
v -2.2 3 3.1
v -2.1 3 3.1
v -0.4 3 3.1
v -0.3 3 3.1
v 1 3 3.1
v 1.4 3 3.1
v 1.5 3 3.1
v 2 3 3.1
v 2.1 3 3.1
v 2.7 3 3.1
v 2.8 3 3.1
v -0.4 3 3
v -0.3 3 3
v 1.9 3 3
v 2 3 3
v -3.4 3 2.9
v -3.3 3 2.9
v 1.4 3 2.9
v 1.5 3 2.9
v 1.9 3 2.9
v 2 3 2.9
v 2.8 3 2.9
v 2.9 3 2.9
v -3.3 3 2.8
v -3.1 3 2.8
v 2 3 2.8
v 2.1 3 2.8
v -3.1 3 2.7
v -2.6 3 2.7
v -3.5 3 2.6
v -3.4 3 2.6
v -2.7 3 2.6
v -2.6 3 2.6
v 2.1 3 2.6
v 2.2 3 2.6
v 2.9 3 2.6
v 3 3 2.6
v -3.6 3 2.4
v -3.5 3 2.4
v 2.2 3 2.4
v 2.4 3 2.4
v 3 3 2.4
v 3.1 3 2.4
v -2.8 3 2.3
v -2.7 3 2.3
v 2.2 3 2.3
v 2.3 3 2.3
v 2.4 3 2.3
v -2.9 3 2
v -2.8 3 2
v 2.3 3 2
v 2.4 3 2
v -3.7 3 1.9
v -3.6 3 1.9
v 3.1 3 1.9
v 3.2 3 1.9
v -2.9 3 0.9
v -2.8 3 0.9
v 2.3 3 0.9
v 2.4 3 0.9
v -3.7 3 0.8
v -3.6 3 0.8
v 3.1 3 0.8
v 3.2 3 0.8
v -2.8 3 0.6
v -2.7 3 0.6
v 2.2 3 0.6
v 2.3 3 0.6
v -3.6 3 0.3
v -3.5 3 0.3
v -2.7 3 0.3
v -2.6 3 0.3
v 2.1 3 0.3
v 2.2 3 0.3
v 3 3 0.3
v 3.1 3 0.3
v -3.5 3 0.0999999
v -3.4 3 0.0999999
v -2.6 3 0.0999999
v -2.5 3 0.0999999
v 2 3 0.0999999
v 2.1 3 0.0999999
v 2.9 3 0.0999999
v 3 3 0.0999999
v -2.5 3 0
v -2.4 3 0
v 1.9 3 0
v 2 3 0
v -3.4 3 -0.2
v -3.3 3 -0.2
v -2.4 3 -0.2
v -2.3 3 -0.2
v 1.8 3 -0.2
v 1.9 3 -0.2
v 2.8 3 -0.2
v 2.9 3 -0.2
v -2.3 3 -0.3
v -2.2 3 -0.3
v 1.7 3 -0.3
v 1.8 3 -0.3
v -3.3 3 -0.4
v -3.2 3 -0.4
v -2.2 3 -0.4
v -2.1 3 -0.4
v 1.6 3 -0.4
v 1.7 3 -0.4
v 2.7 3 -0.4
v 2.8 3 -0.4
v -3.2 3 -0.5
v -3.1 3 -0.5
v -2.1 3 -0.5
v -2 3 -0.5
v 1.5 3 -0.5
v 1.6 3 -0.5
v 2.6 3 -0.5
v 2.7 3 -0.5
v -2 3 -0.6
v -1.9 3 -0.6
v 1.4 3 -0.6
v 1.5 3 -0.6
v -3.1 3 -0.7
v -3 3 -0.7
v -1.9 3 -0.7
v -1.7 3 -0.7
v 1.2 3 -0.7
v 1.4 3 -0.7
v 2.5 3 -0.7
v 2.6 3 -0.7
v -3 3 -0.8
v -2.9 3 -0.8
v -1.7 3 -0.8
v -1.6 3 -0.8
v 1.1 3 -0.8
v 1.2 3 -0.8
v 2.4 3 -0.8
v 2.5 3 -0.8
v -2.9 3 -0.9
v -2.8 3 -0.9
v -1.6 3 -0.9
v -1.4 3 -0.9
v 0.9 3 -0.9
v 1.1 3 -0.9
v 2.3 3 -0.9
v 2.4 3 -0.9
v -2.8 3 -1
v -2.7 3 -1
v -1.4 3 -1
v -1.1 3 -1
v 0.6 3 -1
v 0.9 3 -1
v 2.2 3 -1
v 2.3 3 -1
v -2.7 3 -1.1
v -2.6 3 -1.1
v -1.1 3 -1.1
v -0.8 3 -1.1
v 0.3 3 -1.1
v 0.6 3 -1.1
v 2.1 3 -1.1
v 2.2 3 -1.1
v -2.6 3 -1.2
v -2.5 3 -1.2
v -0.8 3 -1.2
v 0.3 3 -1.2
v 2 3 -1.2
v 2.1 3 -1.2
v -2.5 3 -1.3
v -2.4 3 -1.3
v 1.9 3 -1.3
v 2 3 -1.3
v -2.4 3 -1.4
v -2.3 3 -1.4
v 1.8 3 -1.4
v 1.9 3 -1.4
v -2.3 3 -1.5
v -2.1 3 -1.5
v 1.6 3 -1.5
v 1.8 3 -1.5
v -2.1 3 -1.6
v -2 3 -1.6
v 1.5 3 -1.6
v 1.6 3 -1.6
v -2 3 -1.7
v -1.8 3 -1.7
v 1.3 3 -1.7
v 1.5 3 -1.7
v -1.8 3 -1.8
v -1.5 3 -1.8
v 1 3 -1.8
v 1.3 3 -1.8
v -1.5 3 -1.9
v -1.3 3 -1.9
v 0.8 3 -1.9
v 1 3 -1.9
v -1.3 3 -2
v -0.8 3 -2
v 0.3 3 -2
v 0.8 3 -2
v -0.8 3 -2.1
v 0.3 3 -2.1
v 0.5 3.1 3.5
v 0.6 3.1 3.5
v 0.5 3.1 3.4
v 0.6 3.1 3.4
v 0.7 3.1 3.4
v -1.9 3.1 3.3
v -1.4 3.1 3.3
v -2.1 3.1 3.2
v -1.9 3.1 3.2
v -1.4 3.1 3.2
v 0.6 3.1 3.2
v 0.7 3.1 3.2
v -2.4 3.1 3.1
v -2.1 3.1 3.1
v -2 3.1 3.1
v -1.9 3.1 3.1
v 1.1 3.1 3.1
v 1.4 3.1 3.1
v -2.5 3.1 3
v -2.4 3.1 3
v -2 3.1 3
v 1.1 3.1 3
v 1.2 3.1 3
v -2.5 3.1 2.9
v -2.4 3.1 2.9
v 1.2 3.1 2.9
v 1.3 3.1 2.9
v 1.4 3.1 2.9
v 1.3 3.1 2.7
v 1.4 3.1 2.7
v -1.3 3.2 3.5
v -1 3.2 3.5
v -1.4 3.2 3.4
v -1.3 3.2 3.4
v -1 3.2 3.4
v -1.9 3.2 3.2
v -1.4 3.2 3.2
v -1.3 3.2 3.2
v 0.6 3.2 3.2
v 1 3.2 3.2
v -2 3.2 3.1
v -1.9 3.2 3.1
v 0.6 3.2 3.1
v 1 3.2 3.1
v -2.4 3.2 3
v -2 3.2 3
v -1.7 3.2 3
v -1.6 3.2 3
v -1.4 3.2 3
v -2.5 3.2 2.9
v -2.4 3.2 2.9
v -2 3.2 2.9
v -1.7 3.2 2.9
v -1.6 3.2 2.9
v -2.6 3.2 2.8
v -2.5 3.2 2.8
v -2.6 3.2 2.7
v -2.5 3.2 2.7
v -2.4 3.2 2.7
v 0.0999999 3.3 3.6
v 0.4 3.3 3.6
v 0.0999999 3.3 3.5
v 0.4 3.3 3.5
v 0.5 3.3 3.5
v -1.3 3.3 3.4
v -1 3.3 3.4
v 0.4 3.3 3.4
v 0.5 3.3 3.4
v 0.6 3.3 3.4
v -1.1 3.3 3.3
v -1 3.3 3.3
v -1.4 3.3 3.2
v -1.3 3.3 3.2
v -1.4 3.3 3.1
v -1.1 3.3 3.1
v 0.5 3.3 3.1
v 0.6 3.3 3.1
v 0.7 3.3 3.1
v 1.1 3.3 3.1
v 1.8 3.3 3.1
v 1.9 3.3 3.1
v -2 3.3 3
v -1.7 3.3 3
v 0.7 3.3 3
v 1.1 3.3 3
v 1.8 3.3 3
v -2.4 3.3 2.9
v -2 3.3 2.9
v -1.7 3.3 2.9
v 1.8 3.3 2.9
v 1.9 3.3 2.9
v 2 3.3 2.9
v 2 3.3 2.8
v 2.1 3.3 2.8
v -2.6 3.3 2.7
v -2.5 3.3 2.7
v -2.4 3.3 2.7
v -2 3.3 2.7
v 1.9 3.3 2.7
v 2 3.3 2.7
v -2.7 3.3 2.6
v -2.6 3.3 2.6
v -2.5 3.3 2.6
v 2 3.3 2.6
v 2.1 3.3 2.6
v 2.2 3.3 2.6
v 2.1 3.3 2.4
v 2.2 3.3 2.4
v -2.8 3.3 2.3
v -2.7 3.3 2.3
v -2.6 3.3 2.3
v 2.1 3.3 2.3
v 2.2 3.3 2.3
v 2.3 3.3 2.3
v 2.2 3.3 2.2
v -2.9 3.3 2
v -2.8 3.3 2
v -2.7 3.3 2
v 2.2 3.3 2
v 2.3 3.3 2
v 2.4 3.3 2
v -2.9 3.3 0.9
v -2.8 3.3 0.9
v -2.7 3.3 0.9
v 2.2 3.3 0.9
v 2.3 3.3 0.9
v 2.4 3.3 0.9
v -2.8 3.3 0.6
v -2.7 3.3 0.6
v -2.6 3.3 0.6
v 2.1 3.3 0.6
v 2.2 3.3 0.6
v 2.3 3.3 0.6
v -2.7 3.3 0.3
v -2.6 3.3 0.3
v -2.5 3.3 0.3
v 2 3.3 0.3
v 2.1 3.3 0.3
v 2.2 3.3 0.3
v -2.5 3.3 0.2
v -2.4 3.3 0.2
v 1.9 3.3 0.2
v 2 3.3 0.2
v -2.6 3.3 0.0999999
v -2.5 3.3 0.0999999
v 2 3.3 0.0999999
v 2.1 3.3 0.0999999
v -2.5 3.3 0
v -2.4 3.3 0
v -2.3 3.3 0
v 1.8 3.3 0
v 1.9 3.3 0
v 2 3.3 0
v -2.3 3.3 -0.1
v -2.2 3.3 -0.1
v 1.7 3.3 -0.1
v 1.8 3.3 -0.1
v -2.4 3.3 -0.2
v -2.3 3.3 -0.2
v 1.8 3.3 -0.2
v 1.9 3.3 -0.2
v -2.3 3.3 -0.3
v -2.2 3.3 -0.3
v -2.1 3.3 -0.3
v 1.6 3.3 -0.3
v 1.7 3.3 -0.3
v 1.8 3.3 -0.3
v -2.2 3.3 -0.4
v -2.1 3.3 -0.4
v -2 3.3 -0.4
v 1.5 3.3 -0.4
v 1.6 3.3 -0.4
v 1.7 3.3 -0.4
v -2.1 3.3 -0.5
v -2 3.3 -0.5
v -1.8 3.3 -0.5
v 1.3 3.3 -0.5
v 1.4 3.3 -0.5
v 1.5 3.3 -0.5
v 1.6 3.3 -0.5
v -2 3.3 -0.6
v -1.9 3.3 -0.6
v -1.8 3.3 -0.6
v -1.7 3.3 -0.6
v 1.2 3.3 -0.6
v 1.3 3.3 -0.6
v 1.4 3.3 -0.6
v 1.5 3.3 -0.6
v -1.9 3.3 -0.7
v -1.7 3.3 -0.7
v -1.5 3.3 -0.7
v 1 3.3 -0.7
v 1.1 3.3 -0.7
v 1.2 3.3 -0.7
v 1.3 3.3 -0.7
v 1.4 3.3 -0.7
v -1.7 3.3 -0.8
v -1.6 3.3 -0.8
v -1.5 3.3 -0.8
v -1.4 3.3 -0.8
v 0.9 3.3 -0.8
v 1 3.3 -0.8
v 1.1 3.3 -0.8
v 1.2 3.3 -0.8
v -1.6 3.3 -0.9
v -1.4 3.3 -0.9
v -1.1 3.3 -0.9
v 0.6 3.3 -0.9
v 0.9 3.3 -0.9
v 1.1 3.3 -0.9
v -1.4 3.3 -1
v -1.1 3.3 -1
v -0.8 3.3 -1
v 0.3 3.3 -1
v 0.6 3.3 -1
v 0.9 3.3 -1
v -1.1 3.3 -1.1
v -0.8 3.3 -1.1
v 0.3 3.3 -1.1
v 0.6 3.3 -1.1
v -0.8 3.3 -1.2
v 0.3 3.3 -1.2
v -0.3 3.4 3.5
v 0.4 3.4 3.5
v -0.3 3.4 3.4
v 0.4 3.4 3.4
v 0.5 3.4 3.4
v -1.4 3.4 3.1
v -1.1 3.4 3.1
v 0.4 3.4 3.1
v 0.5 3.4 3.1
v -1.6 3.4 3
v -1.4 3.4 3
v -1.1 3.4 3
v -1 3.4 3
v 0.8 3.4 3
v 1.2 3.4 3
v -2 3.4 2.9
v -1.6 3.4 2.9
v -1.4 3.4 2.9
v 0.8 3.4 2.9
v 1.2 3.4 2.9
v -1.7 3.4 2.8
v -1.6 3.4 2.8
v -1.1 3.4 2.8
v -1 3.4 2.8
v -2.5 3.4 2.7
v -2.1 3.4 2.7
v -2 3.4 2.7
v -1.7 3.4 2.7
v -2.6 3.4 2.6
v -2.5 3.4 2.6
v -2.1 3.4 2.6
v -2.6 3.4 2.4
v -2.5 3.4 2.4
v 0.7 3.4 2.4
v 0.8 3.4 2.4
v 0.7 3.4 2.3
v 0.8 3.4 2.3
v 1.2 3.4 1.8
v 1.3 3.4 1.8
v 1.6 3.4 1.8
v -2.3 3.4 1.7
v -2 3.4 1.7
v 1.1 3.4 1.7
v 1.2 3.4 1.7
v 1.6 3.4 1.7
v 1.7 3.4 1.7
v -2.3 3.4 1.5
v -2.2 3.4 1.5
v -2 3.4 1.5
v -1.9 3.4 1.5
v -2.2 3.4 1.4
v -1.9 3.4 1.4
v 1.1 3.4 1.3
v 1.2 3.4 1.3
v 1.6 3.4 1.3
v 1.7 3.4 1.3
v 1.2 3.4 1.2
v 1.6 3.4 1.2
v -0.7 3.4 -0.2
v -0.3 3.4 -0.2
v -0.8 3.4 -0.3
v -0.7 3.4 -0.3
v -0.3 3.4 -0.3
v -0.2 3.4 -0.3
v -0.8 3.4 -0.7
v -0.7 3.4 -0.7
v -0.3 3.4 -0.7
v -0.2 3.4 -0.7
v -0.7 3.4 -0.8
v -0.3 3.4 -0.8
v -0.9 3.5 3.5
v -0.8 3.5 3.5
v -0.4 3.5 3.5
v -0.3 3.5 3.5
v -0.9 3.5 3.4
v -0.8 3.5 3.4
v -0.4 3.5 3.4
v -0.3 3.5 3.4
v 0.4 3.5 3.4
v -0.3 3.5 3.1
v 0.4 3.5 3.1
v -1.4 3.5 3
v -1.1 3.5 3
v -1.4 3.5 2.9
v -1.1 3.5 2.9
v 0.9 3.5 2.9
v 1.3 3.5 2.9
v 0.9 3.5 2.8
v 1.3 3.5 2.8
v -2.1 3.5 2.7
v -2 3.5 2.7
v -2.5 3.5 2.6
v -2.1 3.5 2.6
v -2 3.5 2.6
v -2.6 3.5 2.4
v -2.5 3.5 2.4
v -2.1 3.5 2.4
v -2.6 3.5 2.3
v -2.5 3.5 2.3
v -1.7 3.5 2.2
v -1.6 3.5 2.2
v -1.7 3.5 2.1
v -1.6 3.5 2.1
v -0.5 3.6 3.5
v -0.4 3.6 3.5
v -1 3.6 3.4
v -0.9 3.6 3.4
v -0.5 3.6 3.4
v -0.4 3.6 3.4
v -0.3 3.6 3.4
v -1.1 3.6 3.3
v -1 3.6 3.3
v -0.9 3.6 3.3
v -0.4 3.6 3.2
v -0.3 3.6 3.2
v 0.6 3.6 3.1
v 0.7 3.6 3.1
v -1.1 3.6 3
v -1 3.6 3
v 0.6 3.6 3
v 0.7 3.6 3
v 1.2 3.6 2.8
v 1.3 3.6 2.8
v -2 3.6 2.7
v -1.8 3.6 2.7
v 1.2 3.6 2.7
v 1.3 3.6 2.7
v -2.1 3.6 2.6
v -2 3.6 2.6
v -1.8 3.6 2.6
v -2.5 3.6 2.4
v -2.1 3.6 2.4
v -1.4 3.6 2.4
v -1.3 3.6 2.4
v -2.7 3.6 2.3
v -2.6 3.6 2.3
v -2.5 3.6 2.3
v -2.2 3.6 2.3
v -2 3.6 2.3
v -1.4 3.6 2.3
v -1.3 3.6 2.3
v -1.1 3.6 2.3
v -2.7 3.6 2.2
v -2.6 3.6 2.2
v -2.5 3.6 2.2
v -2.2 3.6 2.2
v -2 3.6 2.2
v -1.7 3.6 2.2
v -1.6 3.6 2.2
v -1.3 3.6 2.2
v -1.1 3.6 2.2
v -2 3.6 2.1
v -1.7 3.6 2.1
v -1.6 3.6 2.1
v -1.4 3.6 2.1
v -1.3 3.6 2.1
v -1.7 3.6 2
v -1.4 3.6 2
v -0.8 3.7 3.5
v -0.5 3.7 3.5
v -0.8 3.7 3.4
v -0.5 3.7 3.4
v -0.4 3.7 3.4
v -0.5 3.7 3.3
v -0.4 3.7 3.3
v -2.38419e-07 3.7 3.1
v 0.6 3.7 3.1
v -2.38419e-07 3.7 3
v 0.6 3.7 3
v 0.8 3.7 3
v -1.6 3.7 2.9
v -1.4 3.7 2.9
v 0.6 3.7 2.9
v 0.8 3.7 2.9
v 0.9 3.7 2.9
v 1.3 3.7 2.9
v 1.4 3.7 2.9
v -1.7 3.7 2.8
v -1.6 3.7 2.8
v -1.4 3.7 2.8
v 0.8 3.7 2.8
v 0.9 3.7 2.8
v 1.3 3.7 2.8
v 1.4 3.7 2.8
v -1.8 3.7 2.7
v -1.7 3.7 2.7
v -1.6 3.7 2.7
v -0.2 3.7 2.7
v -0.1 3.7 2.7
v -2 3.7 2.6
v -1.8 3.7 2.6
v -0.2 3.7 2.6
v -0.1 3.7 2.6
v -2.38419e-07 3.7 2.6
v -0.1 3.7 2.5
v -2.38419e-07 3.7 2.5
v -1.7 3.7 2.4
v -1.4 3.7 2.4
v -1 3.7 2.4
v -0.8 3.7 2.4
v -2.5 3.7 2.3
v -2.2 3.7 2.3
v -2 3.7 2.3
v -1.4 3.7 2.3
v -1.1 3.7 2.3
v -1 3.7 2.3
v -0.8 3.7 2.3
v -0.7 3.7 2.3
v -2.7 3.7 2.2
v -2.6 3.7 2.2
v -2.5 3.7 2.2
v -2.2 3.7 2.2
v -2 3.7 2.2
v -1.1 3.7 2.2
v -1 3.7 2.2
v -0.7 3.7 2.2
v -0.6 3.7 2.2
v -2.7 3.7 2.1
v -2.6 3.7 2.1
v -2.5 3.7 2.1
v -2.2 3.7 2.1
v -2 3.7 2.1
v -1.9 3.7 2.1
v -1.7 3.7 2.1
v -1 3.7 2.1
v -0.6 3.7 2.1
v -2.6 3.7 2
v -2.5 3.7 2
v -1.9 3.7 2
v -1.7 3.7 2
v -1.4 3.7 2
v -1.7 3.7 1.9
v -1.6 3.7 1.9
v -1.6 3.7 1.8
v -1.4 3.7 1.8
v -1.3 3.7 1.8
v -1.4 3.7 1.7
v -1.3 3.7 1.7
v -0.9 3.8 3.4
v -0.5 3.8 3.4
v -1 3.8 3.3
v -0.9 3.8 3.3
v -0.5 3.8 3.3
v 1.5 3.8 3.3
v 1.6 3.8 3.3
v 1.6 3.8 3.2
v 1.7 3.8 3.2
v -1 3.8 3.1
v -0.9 3.8 3.1
v -2.38419e-07 3.8 3
v 0.6 3.8 3
v 1.4 3.8 3
v 1.5 3.8 3
v 1.6 3.8 3
v 1.7 3.8 3
v 1.8 3.8 3
v -1.4 3.8 2.9
v -1.2 3.8 2.9
v -2.38419e-07 3.8 2.9
v 0.6 3.8 2.9
v 0.8 3.8 2.9
v 1.4 3.8 2.9
v 1.5 3.8 2.9
v 1.8 3.8 2.9
v 1.9 3.8 2.9
v -1.6 3.8 2.8
v -1.4 3.8 2.8
v -1.2 3.8 2.8
v -0.1 3.8 2.8
v -2.38419e-07 3.8 2.8
v 0.8 3.8 2.8
v 1.2 3.8 2.8
v 1.6 3.8 2.8
v 1.7 3.8 2.8
v -1.7 3.8 2.7
v -1.6 3.8 2.7
v -0.1 3.8 2.7
v 0.9 3.8 2.7
v 1.2 3.8 2.7
v 1.7 3.8 2.7
v 1.8 3.8 2.7
v 1.9 3.8 2.7
v 2 3.8 2.7
v -0.1 3.8 2.6
v -2.38419e-07 3.8 2.6
v 0.2 3.8 2.6
v 0.5 3.8 2.6
v 0.6 3.8 2.6
v 2 3.8 2.6
v 2.1 3.8 2.6
v -1.4 3.8 2.5
v -1.3 3.8 2.5
v -2.38419e-07 3.8 2.5
v 0.2 3.8 2.5
v 0.5 3.8 2.5
v 0.8 3.8 2.5
v 1.8 3.8 2.5
v 1.9 3.8 2.5
v -1.7 3.8 2.4
v -1.3 3.8 2.4
v -1 3.8 2.4
v -0.8 3.8 2.4
v -0.7 3.8 2.4
v 0.8 3.8 2.4
v 0.9 3.8 2.4
v 1.9 3.8 2.4
v 2.1 3.8 2.4
v -1.3 3.8 2.3
v -1 3.8 2.3
v -0.8 3.8 2.3
v -0.7 3.8 2.3
v 1.9 3.8 2.3
v 2 3.8 2.3
v 2.1 3.8 2.3
v 2.2 3.8 2.3
v -2.5 3.8 2.2
v -2.2 3.8 2.2
v -1.3 3.8 2.2
v -1 3.8 2.2
v 2 3.8 2.2
v -2.7 3.8 2.1
v -2.6 3.8 2.1
v -2.2 3.8 2.1
v -1.9 3.8 2.1
v -1.4 3.8 2.1
v -1.3 3.8 2.1
v -1 3.8 2.1
v -0.6 3.8 2.1
v -2.8 3.8 2
v -2.7 3.8 2
v -2.6 3.8 2
v -2.5 3.8 2
v -2.4 3.8 2
v -1.9 3.8 2
v -0.7 3.8 2
v -0.6 3.8 2
v 2.2 3.8 2
v 2.3 3.8 2
v -2.6 3.8 1.9
v -2.5 3.8 1.9
v -2.4 3.8 1.9
v -0.8 3.8 1.9
v -0.7 3.8 1.9
v 2 3.8 1.9
v 2.1 3.8 1.9
v -2.5 3.8 1.8
v -2.4 3.8 1.8
v -1.4 3.8 1.8
v -1.3 3.8 1.8
v -1 3.8 1.8
v -0.9 3.8 1.8
v -0.8 3.8 1.8
v -1.3 3.8 1.7
v -1 3.8 1.7
v -0.9 3.8 1.7
v -1.3 3.8 1.6
v -1.1 3.8 1.6
v -1.1 3.8 1.5
v -1 3.8 1.5
v -2.6 3.8 1
v -2.5 3.8 1
v 2 3.8 1
v 2.1 3.8 1
v -2.8 3.8 0.9
v -2.7 3.8 0.9
v 2.2 3.8 0.9
v 2.3 3.8 0.9
v -2.7 3.8 0.6
v -2.6 3.8 0.6
v -2.5 3.8 0.6
v -2.4 3.8 0.6
v 1.9 3.8 0.6
v 2 3.8 0.6
v 2.1 3.8 0.6
v 2.2 3.8 0.6
v -2.4 3.8 0.4
v -2.3 3.8 0.4
v 1.8 3.8 0.4
v 1.9 3.8 0.4
v -2.6 3.8 0.3
v -2.5 3.8 0.3
v 2 3.8 0.3
v 2.1 3.8 0.3
v -2.5 3.8 0.2
v -2.4 3.8 0.2
v -2.3 3.8 0.2
v -2.2 3.8 0.2
v 1.7 3.8 0.2
v 1.8 3.8 0.2
v 1.9 3.8 0.2
v 2 3.8 0.2
v -2.2 3.8 0.0999999
v -2.1 3.8 0.0999999
v 1.6 3.8 0.0999999
v 1.7 3.8 0.0999999
v -2.4 3.8 0
v -2.3 3.8 0
v 1.6 3.8 0
v 1.8 3.8 0
v 1.9 3.8 0
v -2.3 3.8 -0.1
v -2.2 3.8 -0.1
v -2.1 3.8 -0.1
v -2 3.8 -0.1
v 1.5 3.8 -0.1
v 1.6 3.8 -0.1
v 1.7 3.8 -0.1
v 1.8 3.8 -0.1
v -2 3.8 -0.2
v -1.9 3.8 -0.2
v 1.4 3.8 -0.2
v 1.5 3.8 -0.2
v -2.2 3.8 -0.3
v -2.1 3.8 -0.3
v -1.9 3.8 -0.3
v -1.8 3.8 -0.3
v 1.3 3.8 -0.3
v 1.4 3.8 -0.3
v 1.6 3.8 -0.3
v 1.7 3.8 -0.3
v -2.1 3.8 -0.4
v -2 3.8 -0.4
v -1.8 3.8 -0.4
v -1.6 3.8 -0.4
v 1.1 3.8 -0.4
v 1.3 3.8 -0.4
v 1.5 3.8 -0.4
v 1.6 3.8 -0.4
v -2 3.8 -0.5
v -1.8 3.8 -0.5
v -1.6 3.8 -0.5
v -1.5 3.8 -0.5
v 1 3.8 -0.5
v 1.1 3.8 -0.5
v 1.3 3.8 -0.5
v 1.5 3.8 -0.5
v -1.8 3.8 -0.6
v -1.7 3.8 -0.6
v -1.5 3.8 -0.6
v -1.3 3.8 -0.6
v 0.8 3.8 -0.6
v 0.9 3.8 -0.6
v 1 3.8 -0.6
v 1.2 3.8 -0.6
v 1.3 3.8 -0.6
v -1.7 3.8 -0.7
v -1.5 3.8 -0.7
v -1.3 3.8 -0.7
v -1.1 3.8 -0.7
v 0.6 3.8 -0.7
v 0.7 3.8 -0.7
v 0.8 3.8 -0.7
v 1 3.8 -0.7
v 1.2 3.8 -0.7
v -1.5 3.8 -0.8
v -1.4 3.8 -0.8
v -1.1 3.8 -0.8
v -0.7 3.8 -0.8
v 0.2 3.8 -0.8
v 0.6 3.8 -0.8
v 0.9 3.8 -0.8
v 1 3.8 -0.8
v -1.4 3.8 -0.9
v -1.1 3.8 -0.9
v -0.7 3.8 -0.9
v 0.2 3.8 -0.9
v 0.6 3.8 -0.9
v 0.7 3.8 -0.9
v 0.9 3.8 -0.9
v -1.1 3.8 -1
v -0.8 3.8 -1
v 0.3 3.8 -1
v 0.6 3.8 -1
v -0.8 3.8 -1.1
v 0.3 3.8 -1.1
v -0.9 3.9 3.3
v -0.8 3.9 3.3
v -0.9 3.9 3.2
v -0.8 3.9 3.2
v -0.2 3.9 3.2
v -0.1 3.9 3.2
v -0.2 3.9 3.1
v -0.1 3.9 3.1
v -2.38419e-07 3.9 3.1
v -2.38419e-07 3.9 2.9
v 0.6 3.9 2.9
v -1.4 3.9 2.8
v -1.2 3.9 2.8
v -0.3 3.9 2.8
v -0.1 3.9 2.8
v -2.38419e-07 3.9 2.8
v -0.3 3.9 2.7
v -0.2 3.9 2.7
v -0.1 3.9 2.7
v 0.9 3.9 2.7
v 1.2 3.9 2.7
v -1.2 3.9 2.6
v -1.1 3.9 2.6
v -2.38419e-07 3.9 2.6
v 0.2 3.9 2.6
v 0.5 3.9 2.6
v 0.6 3.9 2.6
v 1.1 3.9 2.6
v 1.2 3.9 2.6
v -1.4 3.9 2.5
v -1.3 3.9 2.5
v -1.1 3.9 2.5
v -1 3.9 2.5
v -0.1 3.9 2.5
v 0.0999999 3.9 2.5
v 0.2 3.9 2.5
v 0.5 3.9 2.5
v 1 3.9 2.5
v 1.1 3.9 2.5
v 1.2 3.9 2.5
v -1.3 3.9 2.4
v -1 3.9 2.4
v -0.1 3.9 2.4
v 0.0999999 3.9 2.4
v 0.9 3.9 2.4
v 1 3.9 2.4
v 1.1 3.9 2.4
v -0.7 3.9 2.3
v -0.6 3.9 2.3
v -0.7 3.9 2.2
v -0.6 3.9 2.2
v -0.5 3.9 2.2
v -1.3 3.9 2.1
v -1 3.9 2.1
v -0.6 3.9 2.1
v -0.5 3.9 2.1
v -2.4 3.9 2
v -1.7 3.9 2
v -0.7 3.9 2
v -0.6 3.9 2
v -2.6 3.9 1.9
v -2.5 3.9 1.9
v -2.3 3.9 1.9
v -1.7 3.9 1.9
v -1.6 3.9 1.9
v -0.8 3.9 1.9
v -0.7 3.9 1.9
v -0.6 3.9 1.9
v -2.6 3.9 1.8
v -2.5 3.9 1.8
v -2.4 3.9 1.8
v -1.7 3.9 1.8
v -1.6 3.9 1.8
v -1.3 3.9 1.8
v -1 3.9 1.8
v -0.9 3.9 1.8
v -0.8 3.9 1.8
v -0.7 3.9 1.8
v -2.5 3.9 1.7
v -2.4 3.9 1.7
v -2.3 3.9 1.7
v -1 3.9 1.7
v -0.9 3.9 1.7
v -0.8 3.9 1.7
v -1.3 3.9 1.6
v -1.1 3.9 1.6
v -1.3 3.9 1.5
v -1.1 3.9 1.5
v -1 3.9 1.5
v -0.9 3.9 1.5
v -0.8 4 3.3
v -0.3 4 3.3
v -0.9 4 3.2
v -0.8 4 3.2
v -0.3 4 3.2
v -0.2 4 3.2
v -0.9 4 3.1
v -0.8 4 3.1
v -0.2 4 3.1
v -0.1 4 3.1
v -1.2 4 2.9
v -1.1 4 2.9
v -0.3 4 2.8
v -0.1 4 2.8
v 1.3 4 2.8
v 1.4 4 2.8
v 1.2 4 2.7
v 1.3 4 2.7
v 1.4 4 2.7
v -1.2 4 2.6
v -1.1 4 2.6
v -1 4 2.6
v 1.2 4 2.6
v 1.3 4 2.6
v -1.1 4 2.5
v -1 4 2.5
v -0.9 4 2.5
v -1 4 2.4
v -0.9 4 2.4
v -2.3 4 1.9
v -1.7 4 1.9
v -0.7 4 1.9
v -0.6 4 1.9
v -1.7 4 1.8
v -1.4 4 1.8
v -0.8 4 1.8
v -0.7 4 1.8
v -2.4 4 1.7
v -2.3 4 1.7
v -1.8 4 1.7
v -1.4 4 1.7
v -1.3 4 1.7
v -0.9 4 1.7
v -0.8 4 1.7
v -0.7 4 1.7
v -0.6 4 1.7
v -2.4 4 1.6
v -2.3 4 1.6
v -2.2 4 1.6
v -2.1 4 1.6
v -1.8 4 1.6
v -0.9 4 1.6
v -0.7 4 1.6
v -2.2 4 1.5
v -2.1 4 1.5
v -1.3 4 1.5
v -1.4 4 1.4
v -1.3 4 1.4
v -0.8 4.1 3.2
v -0.3 4.1 3.2
v -0.8 4.1 3.1
v -0.7 4.1 3.1
v -0.7 4.1 3
v -0.5 4.1 3
v 1.5 4.1 3
v 1.6 4.1 3
v -0.5 4.1 2.9
v -0.4 4.1 2.9
v 1.4 4.1 2.9
v 1.5 4.1 2.9
v -0.4 4.1 2.8
v -0.3 4.1 2.8
v 1.6 4.1 2.8
v 1.7 4.1 2.8
v -1.1 4.1 2.7
v -1 4.1 2.7
v 1.3 4.1 2.7
v 1.4 4.1 2.7
v 1.7 4.1 2.7
v 1.8 4.1 2.7
v -1.1 4.1 2.6
v -1 4.1 2.6
v -0.9 4.1 2.6
v 1.2 4.1 2.6
v 1.3 4.1 2.6
v -1 4.1 2.5
v -0.9 4.1 2.5
v -0.8 4.1 2.5
v 0.0999999 4.1 2.5
v 0.2 4.1 2.5
v 1.1 4.1 2.5
v 1.2 4.1 2.5
v 1.8 4.1 2.5
v 1.9 4.1 2.5
v -0.9 4.1 2.4
v -0.8 4.1 2.4
v -0.7 4.1 2.4
v -0.6 4.1 2.4
v -2.38419e-07 4.1 2.4
v 0.0999999 4.1 2.4
v 0.2 4.1 2.4
v 1.1 4.1 2.4
v 1.9 4.1 2.4
v -0.7 4.1 2.3
v -0.6 4.1 2.3
v -2.38419e-07 4.1 2.3
v 0.0999999 4.1 2.3
v 1.8 4.1 2.3
v 1.9 4.1 2.3
v 2 4.1 2.3
v 1.1 4.1 2.2
v 1.2 4.1 2.2
v 1.8 4.1 2.2
v -2.38419e-07 4.1 2
v 0.0999999 4.1 2
v -0.1 4.1 1.9
v -2.38419e-07 4.1 1.9
v 0.0999999 4.1 1.9
v 1.2 4.1 1.9
v 1.3 4.1 1.9
v 2 4.1 1.9
v 2.1 4.1 1.9
v -2.6 4.1 1.8
v -2.5 4.1 1.8
v -0.1 4.1 1.8
v -2.38419e-07 4.1 1.8
v -2.5 4.1 1.7
v -2.4 4.1 1.7
v -1.8 4.1 1.7
v -1.4 4.1 1.7
v -2.4 4.1 1.6
v -2.2 4.1 1.6
v -2.1 4.1 1.6
v -1.8 4.1 1.6
v -2.2 4.1 1.5
v -2.1 4.1 1.5
v -1.3 4.1 1.5
v -1.1 4.1 1.5
v -2.1 4.1 1.4
v -1.9 4.1 1.4
v -1.4 4.1 1.4
v -1.3 4.1 1.4
v -1.1 4.1 1.4
v -1.9 4.1 1.3
v -1.8 4.1 1.3
v -1.8 4.1 1.2
v -1.6 4.1 1.2
v -1.5 4.1 1.2
v -1.6 4.1 1.1
v -1.5 4.1 1.1
v -1.3 4.1 1.1
v -2.6 4.1 1
v -2.5 4.1 1
v -2.2 4.1 1
v -2.1 4.1 1
v 1.2 4.1 1
v 1.3 4.1 1
v 2 4.1 1
v 2.1 4.1 1
v 1.2 4.1 0.8
v 1.3 4.1 0.8
v -2.1 4.1 0.7
v -2 4.1 0.7
v 1.1 4.1 0.7
v 1.2 4.1 0.7
v 1.3 4.1 0.7
v -2.5 4.1 0.6
v -2.4 4.1 0.6
v 1.9 4.1 0.6
v 2 4.1 0.6
v -2 4.1 0.5
v -1.9 4.1 0.5
v 1 4.1 0.5
v 1.1 4.1 0.5
v -2.4 4.1 0.4
v -2.3 4.1 0.4
v -1.9 4.1 0.4
v -1.8 4.1 0.4
v 0.9 4.1 0.4
v 1 4.1 0.4
v 1.8 4.1 0.4
v 1.9 4.1 0.4
v -1.8 4.1 0.3
v -1.7 4.1 0.3
v 0.8 4.1 0.3
v 0.9 4.1 0.3
v 1.1 4.1 0.3
v 1.2 4.1 0.3
v -2.3 4.1 0.2
v -2.2 4.1 0.2
v -1.7 4.1 0.2
v -1.6 4.1 0.2
v 0.7 4.1 0.2
v 0.8 4.1 0.2
v 1 4.1 0.2
v 1.1 4.1 0.2
v 1.7 4.1 0.2
v 1.8 4.1 0.2
v -2.2 4.1 0.0999999
v -2.1 4.1 0.0999999
v -1.6 4.1 0.0999999
v -1.5 4.1 0.0999999
v 0.6 4.1 0.0999999
v 0.7 4.1 0.0999999
v 1 4.1 0.0999999
v 1.5 4.1 0.0999999
v 1.6 4.1 0.0999999
v 1.7 4.1 0.0999999
v -1.5 4.1 0
v -1.4 4.1 0
v 0.5 4.1 0
v 0.6 4.1 0
v 0.7 4.1 0
v 1.1 4.1 0
v 1.5 4.1 0
v -2.1 4.1 -0.1
v -2 4.1 -0.1
v -1.9 4.1 -0.1
v -1.8 4.1 -0.1
v -1.4 4.1 -0.1
v -1.3 4.1 -0.1
v -1.2 4.1 -0.1
v 0.3 4.1 -0.1
v 0.5 4.1 -0.1
v 1 4.1 -0.1
v 1.1 4.1 -0.1
v 1.5 4.1 -0.1
v 1.6 4.1 -0.1
v -2 4.1 -0.2
v -1.9 4.1 -0.2
v -1.8 4.1 -0.2
v -1.3 4.1 -0.2
v -1.2 4.1 -0.2
v -0.9 4.1 -0.2
v -2.38419e-07 4.1 -0.2
v 0.3 4.1 -0.2
v 1.4 4.1 -0.2
v 1.5 4.1 -0.2
v -1.9 4.1 -0.3
v -1.8 4.1 -0.3
v -0.9 4.1 -0.3
v -2.38419e-07 4.1 -0.3
v 1.3 4.1 -0.3
v 1.4 4.1 -0.3
v -1.8 4.1 -0.4
v -1.6 4.1 -0.4
v -0.5 4.1 -0.4
v 0.0999999 4.1 -0.4
v 0.4 4.1 -0.4
v 0.7 4.1 -0.4
v 1.1 4.1 -0.4
v 1.3 4.1 -0.4
v -1.6 4.1 -0.5
v -1.5 4.1 -0.5
v 1 4.1 -0.5
v 1.1 4.1 -0.5
v -1.5 4.1 -0.6
v -1.3 4.1 -0.6
v 0.8 4.1 -0.6
v 1 4.1 -0.6
v -1.3 4.1 -0.7
v -1.1 4.1 -0.7
v -0.5 4.1 -0.7
v -0.4 4.1 -0.7
v -2.38419e-07 4.1 -0.7
v 0.0999999 4.1 -0.7
v 0.4 4.1 -0.7
v 0.6 4.1 -0.7
v 0.7 4.1 -0.7
v 0.8 4.1 -0.7
v -1.1 4.1 -0.8
v -0.7 4.1 -0.8
v -0.4 4.1 -0.8
v -2.38419e-07 4.1 -0.8
v 0.2 4.1 -0.8
v 0.6 4.1 -0.8
v -0.7 4.1 -0.9
v 0.2 4.1 -0.9
v -1 4.2 3.1
v -0.7 4.2 3.1
v -1.1 4.2 3
v -1 4.2 3
v -0.7 4.2 3
v -0.4 4.2 2.8
v -0.3 4.2 2.8
v -1.1 4.2 2.7
v -1 4.2 2.7
v -0.9 4.2 2.7
v -0.4 4.2 2.7
v -0.3 4.2 2.7
v -0.2 4.2 2.7
v -1 4.2 2.6
v -0.9 4.2 2.6
v -0.8 4.2 2.6
v -0.3 4.2 2.6
v -0.2 4.2 2.6
v -0.1 4.2 2.6
v -0.9 4.2 2.5
v -0.8 4.2 2.5
v -0.6 4.2 2.5
v 0.2 4.2 2.5
v 0.8 4.2 2.5
v -0.8 4.2 2.4
v -0.6 4.2 2.4
v -0.5 4.2 2.4
v -0.2 4.2 2.4
v -0.1 4.2 2.4
v -2.38419e-07 4.2 2.4
v 0.0999999 4.2 2.4
v 0.2 4.2 2.4
v 0.8 4.2 2.4
v 0.9 4.2 2.4
v -0.1 4.2 2.3
v -2.38419e-07 4.2 2.3
v 0.0999999 4.2 2.3
v 0.8 4.2 2.3
v 0.9 4.2 2.3
v -0.6 4.2 2.2
v -0.5 4.2 2.2
v -0.4 4.2 2.2
v -0.6 4.2 2.1
v -0.5 4.2 2.1
v -0.4 4.2 2.1
v 0.2 4.2 2.1
v -0.1 4.2 2
v -2.38419e-07 4.2 2
v 0.0999999 4.2 2
v 0.2 4.2 2
v -0.2 4.2 1.9
v -0.1 4.2 1.9
v -2.38419e-07 4.2 1.9
v 0.0999999 4.2 1.9
v 0.2 4.2 1.9
v -0.1 4.2 1.8
v -2.38419e-07 4.2 1.8
v 0.0999999 4.2 1.8
v -0.7 4.2 1.7
v -0.6 4.2 1.7
v -0.5 4.2 1.7
v -0.2 4.2 1.7
v -0.1 4.2 1.7
v -0.9 4.2 1.6
v -0.7 4.2 1.6
v -0.6 4.2 1.6
v -1.1 4.2 1.5
v -0.9 4.2 1.5
v -0.7 4.2 1.5
v -2 4.2 1.4
v -1.9 4.2 1.4
v -1.3 4.2 1.4
v -1.1 4.2 1.4
v -0.9 4.2 1.4
v -2 4.2 1.3
v -1.9 4.2 1.3
v -1.3 4.2 1.1
v -1.1 4.2 1.1
v -1 4.3 3
v -0.5 4.3 3
v -0.8 4.3 2.9
v -0.5 4.3 2.9
v -0.4 4.3 2.9
v -1 4.3 2.7
v -0.9 4.3 2.7
v -0.4 4.3 2.7
v -0.3 4.3 2.7
v -0.9 4.3 2.6
v -0.8 4.3 2.6
v -0.5 4.3 2.6
v -0.3 4.3 2.6
v -0.2 4.3 2.6
v -0.8 4.3 2.5
v -0.6 4.3 2.5
v -0.6 4.3 2.4
v -0.5 4.3 2.4
v -0.2 4.3 2.4
v -0.1 4.3 2.4
v 0.2 4.3 2.4
v 0.8 4.3 2.4
v 0.9 4.3 2.4
v 1.1 4.3 2.4
v -0.1 4.3 2.3
v -2.38419e-07 4.3 2.3
v 0.8 4.3 2.3
v 0.9 4.3 2.3
v -0.5 4.3 2.2
v -0.4 4.3 2.2
v 0.3 4.3 2.2
v 1.1 4.3 2.2
v 1.2 4.3 2.2
v -0.5 4.3 2.1
v -0.4 4.3 2.1
v 0.2 4.3 2.1
v 0.3 4.3 2.1
v 0.4 4.3 2.1
v -0.1 4.3 2
v -2.38419e-07 4.3 2
v 0.4 4.3 2
v 0.5 4.3 2
v -0.2 4.3 1.9
v -0.1 4.3 1.9
v 1.2 4.3 1.9
v 1.3 4.3 1.9
v 0.5 4.3 1.8
v 0.6 4.3 1.8
v -0.6 4.3 1.7
v -0.5 4.3 1.7
v -0.2 4.3 1.7
v -0.7 4.3 1.6
v -0.6 4.3 1.6
v -0.3 4.3 1.6
v -0.2 4.3 1.6
v 0.6 4.3 1.6
v 0.8 4.3 1.6
v -2.2 4.3 1.5
v -2.1 4.3 1.5
v -0.9 4.3 1.5
v -0.7 4.3 1.5
v -0.4 4.3 1.5
v -0.3 4.3 1.5
v 0.8 4.3 1.5
v 1 4.3 1.5
v -2.1 4.3 1.4
v -2 4.3 1.4
v -1.1 4.3 1.4
v -0.9 4.3 1.4
v -0.5 4.3 1.4
v -0.4 4.3 1.4
v 1 4.3 1.4
v 1.1 4.3 1.4
v -2 4.3 1.3
v -1.8 4.3 1.3
v -0.8 4.3 1.3
v -0.7 4.3 1.3
v -0.5 4.3 1.3
v 1.1 4.3 1.3
v 1.2 4.3 1.3
v -1.8 4.3 1.2
v -1.6 4.3 1.2
v -1 4.3 1.2
v -0.8 4.3 1.2
v -0.7 4.3 1.2
v -1.6 4.3 1.1
v -1.4 4.3 1.1
v -1.1 4.3 1.1
v -1 4.3 1.1
v 0.5 4.3 1.1
v 0.6 4.3 1.1
v -2.2 4.3 1
v -2.1 4.3 1
v 1.2 4.3 1
v 1.3 4.3 1
v -1.4 4.3 0.9
v -1.3 4.3 0.9
v 0.4 4.3 0.9
v 0.5 4.3 0.9
v -1.3 4.3 0.8
v -1.2 4.3 0.8
v 0.3 4.3 0.8
v 0.4 4.3 0.8
v -2.1 4.3 0.7
v -2 4.3 0.7
v -1.2 4.3 0.7
v -1.1 4.3 0.7
v 0.2 4.3 0.7
v 0.3 4.3 0.7
v 1.1 4.3 0.7
v 1.2 4.3 0.7
v -1.1 4.3 0.6
v -1 4.3 0.6
v 0.0999999 4.3 0.6
v 0.2 4.3 0.6
v -2 4.3 0.5
v -1.9 4.3 0.5
v -1.6 4.3 0.5
v -1.3 4.3 0.5
v -1 4.3 0.5
v -0.8 4.3 0.5
v -0.1 4.3 0.5
v 0.0999999 4.3 0.5
v 1 4.3 0.5
v 1.1 4.3 0.5
v -1.9 4.3 0.4
v -1.8 4.3 0.4
v -1.6 4.3 0.4
v -1.3 4.3 0.4
v -1.2 4.3 0.4
v -0.8 4.3 0.4
v -0.3 4.3 0.4
v -0.2 4.3 0.4
v -0.1 4.3 0.4
v 0.9 4.3 0.4
v 1 4.3 0.4
v -1.8 4.3 0.3
v -1.7 4.3 0.3
v -1.2 4.3 0.3
v -1.1 4.3 0.3
v -0.2 4.3 0.3
v -0.1 4.3 0.3
v 0.8 4.3 0.3
v 0.9 4.3 0.3
v -1.7 4.3 0.2
v -1.6 4.3 0.2
v -0.7 4.3 0.2
v -0.4 4.3 0.2
v -0.1 4.3 0.2
v -2.38419e-07 4.3 0.2
v 0.7 4.3 0.2
v 0.8 4.3 0.2
v -1.6 4.3 0.0999999
v -1.5 4.3 0.0999999
v 0.6 4.3 0.0999999
v 0.7 4.3 0.0999999
v -1.5 4.3 0
v -1.4 4.3 0
v -2.38419e-07 4.3 0
v 0.3 4.3 0
v 0.5 4.3 0
v 0.6 4.3 0
v -1.4 4.3 -0.1
v -1.2 4.3 -0.1
v -0.7 4.3 -0.1
v -0.4 4.3 -0.1
v 0.3 4.3 -0.1
v 0.5 4.3 -0.1
v -1.2 4.3 -0.2
v -1.1 4.3 -0.2
v -0.9 4.3 -0.2
v -2.38419e-07 4.3 -0.2
v 0.3 4.3 -0.2
v -0.9 4.3 -0.3
v -2.38419e-07 4.3 -0.3
v -0.8 4.4 2.9
v -0.5 4.4 2.9
v -0.8 4.4 2.6
v -0.5 4.4 2.6
v -0.3 4.4 1.6
v -0.2 4.4 1.6
v -0.4 4.4 1.5
v -0.3 4.4 1.5
v -0.2 4.4 1.5
v -0.4 4.4 1.4
v -0.3 4.4 1.4
v 0.2 4.5 2.1
v 0.4 4.5 2.1
v 0.0999999 4.5 2
v 0.2 4.5 2
v 0.4 4.5 2
v 0.5 4.5 2
v -2.38419e-07 4.5 1.9
v 0.0999999 4.5 1.9
v -0.1 4.5 1.8
v -2.38419e-07 4.5 1.8
v 0.5 4.5 1.8
v 0.6 4.5 1.8
v -0.1 4.5 1.7
v -2.38419e-07 4.5 1.7
v 0.5 4.5 1.6
v 0.6 4.5 1.6
v 0.4 4.5 1.5
v 0.5 4.5 1.5
v -1 4.5 1.2
v -0.8 4.5 1.2
v -0.1 4.5 1.2
v -2.38419e-07 4.5 1.2
v 0.3 4.5 1.2
v 0.4 4.5 1.2
v -1.4 4.5 1.1
v -1 4.5 1.1
v -0.8 4.5 1.1
v -0.7 4.5 1.1
v -0.2 4.5 1.1
v -0.1 4.5 1.1
v 0.2 4.5 1.1
v 0.3 4.5 1.1
v 0.5 4.5 1.1
v 0.6 4.5 1.1
v -0.7 4.5 1
v -0.2 4.5 1
v 0.0999999 4.5 1
v 0.2 4.5 1
v -1.4 4.5 0.9
v -1.3 4.5 0.9
v -2.38419e-07 4.5 0.9
v 0.0999999 4.5 0.9
v 0.4 4.5 0.9
v 0.5 4.5 0.9
v -1.3 4.5 0.8
v -1.2 4.5 0.8
v -0.3 4.5 0.8
v -2.38419e-07 4.5 0.8
v 0.3 4.5 0.8
v 0.4 4.5 0.8
v -1.2 4.5 0.7
v -1.1 4.5 0.7
v -0.4 4.5 0.7
v -0.3 4.5 0.7
v 0.2 4.5 0.7
v 0.3 4.5 0.7
v -1.1 4.5 0.6
v -1 4.5 0.6
v 0.0999999 4.5 0.6
v 0.2 4.5 0.6
v -1 4.5 0.5
v -0.8 4.5 0.5
v -0.1 4.5 0.5
v 0.0999999 4.5 0.5
v -0.8 4.5 0.4
v -0.4 4.5 0.4
v -0.1 4.5 0.4
v -0.2 4.7 1.7
v -2.38419e-07 4.7 1.7
v -0.3 4.7 1.6
v -0.2 4.7 1.6
v -0.4 4.7 1.5
v -0.3 4.7 1.5
v -0.5 4.7 1.4
v -0.4 4.7 1.4
v -0.7 4.7 1.3
v -0.5 4.7 1.3
v -0.8 4.7 1.2
v -0.7 4.7 1.2
v -0.1 4.7 1.2
v -2.38419e-07 4.7 1.2
v -0.8 4.7 1.1
v -0.7 4.7 1.1
v -0.2 4.7 1.1
v -0.1 4.7 1.1
v -0.7 4.7 1
v -0.2 4.7 1

# faces
f 3/3/1 2/3/1 1/3/1
f 4/3/1 2/3/1 3/3/1
f 5/2/1 4/2/1 3/2/1
f 6/2/1 4/2/1 5/2/1
f 7/3/1 6/3/1 5/3/1
f 8/3/1 6/3/1 7/3/1
f 13/3/1 10/3/1 9/3/1
f 14/3/1 10/3/1 13/3/1
f 15/3/1 12/3/1 11/3/1
f 16/3/1 12/3/1 15/3/1
f 17/2/1 14/2/1 13/2/1
f 18/2/1 14/2/1 17/2/1
f 19/2/1 16/2/1 15/2/1
f 20/2/1 16/2/1 19/2/1
f 21/3/1 18/3/1 17/3/1
f 22/3/1 18/3/1 21/3/1
f 23/3/1 20/3/1 19/3/1
f 24/3/1 20/3/1 23/3/1
f 29/3/1 26/3/1 25/3/1
f 30/3/1 26/3/1 29/3/1
f 31/3/1 28/3/1 27/3/1
f 32/3/1 28/3/1 31/3/1
f 33/2/1 30/2/1 29/2/1
f 34/2/1 30/2/1 33/2/1
f 35/2/1 32/2/1 31/2/1
f 36/2/1 32/2/1 35/2/1
f 37/3/1 34/3/1 33/3/1
f 38/3/1 34/3/1 37/3/1
f 39/3/1 36/3/1 35/3/1
f 40/3/1 36/3/1 39/3/1
f 45/3/1 42/3/1 41/3/1
f 46/3/1 42/3/1 45/3/1
f 47/3/1 44/3/1 43/3/1
f 48/3/1 44/3/1 47/3/1
f 49/2/1 46/2/1 45/2/1
f 50/2/1 46/2/1 49/2/1
f 51/2/1 48/2/1 47/2/1
f 52/2/1 48/2/1 51/2/1
f 53/3/1 50/3/1 49/3/1
f 54/3/1 50/3/1 53/3/1
f 55/3/1 52/3/1 51/3/1
f 56/3/1 52/3/1 55/3/1
f 59/3/1 58/3/1 57/3/1
f 60/3/1 58/3/1 59/3/1
f 61/2/1 60/2/1 59/2/1
f 62/2/1 60/2/1 61/2/1
f 63/3/1 62/3/1 61/3/1
f 64/3/1 62/3/1 63/3/1
f 67/2/1 66/2/1 65/2/1
f 68/2/1 66/2/1 67/2/1
f 71/3/1 70/3/1 69/3/1
f 72/3/1 70/3/1 71/3/1
f 73/2/1 72/2/1 71/2/1
f 74/2/1 72/2/1 73/2/1
f 75/3/1 74/3/1 73/3/1
f 76/3/1 74/3/1 75/3/1
f 81/2/1 78/2/1 77/2/1
f 82/2/1 78/2/1 81/2/1
f 83/2/1 80/2/1 79/2/1
f 84/2/1 80/2/1 83/2/1
f 87/3/1 86/3/1 85/3/1
f 88/3/1 86/3/1 87/3/1
f 89/2/1 88/2/1 87/2/1
f 90/2/1 88/2/1 89/2/1
f 91/3/1 90/3/1 89/3/1
f 92/3/1 90/3/1 91/3/1
f 96/1/1 94/1/1 93/1/1
f 97/1/1 94/1/1 96/1/1
f 101/1/1 96/1/1 95/1/1
f 101/1/1 97/1/1 96/1/1
f 101/1/1 98/1/1 97/1/1
f 102/1/1 98/1/1 101/1/1
f 105/2/1 100/2/1 99/2/1
f 106/2/1 100/2/1 105/2/1
f 107/2/1 104/2/1 103/2/1
f 108/2/1 104/2/1 107/2/1
f 111/3/1 110/3/1 109/3/1
f 112/3/1 110/3/1 111/3/1
f 113/2/1 112/2/1 111/2/1
f 114/2/1 112/2/1 113/2/1
f 115/3/1 114/3/1 113/3/1
f 116/3/1 114/3/1 115/3/1
f 120/1/1 118/1/1 117/1/1
f 121/1/1 118/1/1 120/1/1
f 124/1/1 120/1/1 119/1/1
f 124/1/1 122/1/1 121/1/1
f 124/1/1 121/1/1 120/1/1
f 125/1/1 122/1/1 124/1/1
f 126/1/1 122/1/1 125/1/1
f 127/1/1 122/1/1 126/1/1
f 129/1/1 124/1/1 123/1/1
f 129/1/1 125/1/1 124/1/1
f 130/1/1 125/1/1 129/1/1
f 131/1/1 128/1/1 127/1/1
f 131/1/1 127/1/1 126/1/1
f 132/1/1 128/1/1 131/1/1
f 135/1/1 129/1/1 123/1/1
f 136/1/1 129/1/1 135/1/1
f 137/1/1 128/1/1 132/1/1
f 138/1/1 128/1/1 137/1/1
f 141/2/1 134/2/1 133/2/1
f 142/2/1 134/2/1 141/2/1
f 143/2/1 140/2/1 139/2/1
f 144/2/1 140/2/1 143/2/1
f 147/3/1 146/3/1 145/3/1
f 148/3/1 146/3/1 147/3/1
f 149/2/1 148/2/1 147/2/1
f 150/2/1 148/2/1 149/2/1
f 153/3/1 150/3/1 149/3/1
f 154/3/1 150/3/1 153/3/1
f 155/2/1 152/2/1 151/2/1
f 156/2/1 152/2/1 155/2/1
f 160/1/1 158/1/1 157/1/1
f 161/1/1 158/1/1 160/1/1
f 164/1/1 160/1/1 159/1/1
f 164/1/1 162/1/1 161/1/1
f 164/1/1 161/1/1 160/1/1
f 165/1/1 162/1/1 164/1/1
f 166/1/1 162/1/1 165/1/1
f 167/1/1 162/1/1 166/1/1
f 170/1/1 164/1/1 163/1/1
f 170/1/1 165/1/1 164/1/1
f 171/1/1 165/1/1 170/1/1
f 172/1/1 165/1/1 171/1/1
f 173/1/1 167/1/1 166/1/1
f 173/1/1 168/1/1 167/1/1
f 174/1/1 168/1/1 173/1/1
f 175/1/1 168/1/1 174/1/1
f 177/1/1 171/1/1 170/1/1
f 177/1/1 170/1/1 169/1/1
f 178/1/1 171/1/1 177/1/1
f 179/1/1 176/1/1 175/1/1
f 179/1/1 175/1/1 174/1/1
f 180/1/1 176/1/1 179/1/1
f 182/1/1 177/1/1 169/1/1
f 183/1/1 176/1/1 180/1/1
f 187/1/1 182/1/1 181/1/1
f 188/1/1 177/1/1 182/1/1
f 188/1/1 182/1/1 187/1/1
f 189/1/1 183/1/1 180/1/1
f 189/1/1 184/1/1 183/1/1
f 190/1/1 184/1/1 189/1/1
f 193/2/1 186/2/1 185/2/1
f 194/2/1 186/2/1 193/2/1
f 195/2/1 186/2/1 194/2/1
f 196/2/1 192/2/1 191/2/1
f 197/2/1 192/2/1 196/2/1
f 200/3/1 199/3/1 198/3/1
f 201/3/1 199/3/1 200/3/1
f 202/2/1 201/2/1 200/2/1
f 203/2/1 201/2/1 202/2/1
f 208/3/1 203/3/1 202/3/1
f 209/3/1 203/3/1 208/3/1
f 210/2/1 205/2/1 204/2/1
f 211/2/1 205/2/1 210/2/1
f 212/2/1 207/2/1 206/2/1
f 213/2/1 207/2/1 212/2/1
f 214/5/1 212/5/1 211/5/1
f 215/5/1 212/5/1 214/5/1
f 219/1/1 217/1/1 216/1/1
f 220/1/1 217/1/1 219/1/1
f 223/1/1 219/1/1 218/1/1
f 224/1/1 219/1/1 223/1/1
f 225/1/1 221/1/1 220/1/1
f 226/1/1 221/1/1 225/1/1
f 229/1/1 223/1/1 222/1/1
f 230/1/1 223/1/1 229/1/1
f 231/1/1 227/1/1 226/1/1
f 232/1/1 227/1/1 231/1/1
f 235/1/1 229/1/1 228/1/1
f 236/1/1 229/1/1 235/1/1
f 237/1/1 233/1/1 232/1/1
f 238/1/1 233/1/1 237/1/1
f 241/1/1 235/1/1 234/1/1
f 242/1/1 235/1/1 241/1/1
f 243/1/1 239/1/1 238/1/1
f 244/1/1 239/1/1 243/1/1
f 246/1/1 241/1/1 240/1/1
f 247/1/1 241/1/1 246/1/1
f 248/1/1 245/1/1 244/1/1
f 249/1/1 245/1/1 248/1/1
f 252/2/1 251/2/1 250/2/1
f 253/2/1 251/2/1 252/2/1
f 256/3/1 255/3/1 254/3/1
f 257/3/1 255/3/1 256/3/1
f 258/2/1 257/2/1 256/2/1
f 259/2/1 257/2/1 258/2/1
f 264/3/1 259/3/1 258/3/1
f 265/3/1 259/3/1 264/3/1
f 266/2/1 261/2/1 260/2/1
f 267/2/1 261/2/1 266/2/1
f 270/2/1 263/2/1 262/2/1
f 271/2/1 263/2/1 270/2/1
f 272/5/1 268/5/1 267/5/1
f 273/5/1 268/5/1 272/5/1
f 274/5/1 268/5/1 273/5/1
f 275/5/1 268/5/1 274/5/1
f 276/5/1 268/5/1 275/5/1
f 277/5/1 268/5/1 276/5/1
f 278/5/1 270/5/1 269/5/1
f 279/5/1 270/5/1 278/5/1
f 285/1/1 281/1/1 280/1/1
f 286/1/1 281/1/1 285/1/1
f 287/1/1 283/1/1 282/1/1
f 288/1/1 283/1/1 287/1/1
f 291/1/1 285/1/1 284/1/1
f 292/1/1 285/1/1 291/1/1
f 293/1/1 289/1/1 288/1/1
f 294/1/1 289/1/1 293/1/1
f 297/1/1 291/1/1 290/1/1
f 298/1/1 291/1/1 297/1/1
f 299/1/1 295/1/1 294/1/1
f 300/1/1 295/1/1 299/1/1
f 303/1/1 297/1/1 296/1/1
f 304/1/1 297/1/1 303/1/1
f 305/1/1 301/1/1 300/1/1
f 306/1/1 301/1/1 305/1/1
f 308/1/1 303/1/1 302/1/1
f 309/1/1 303/1/1 308/1/1
f 310/1/1 307/1/1 306/1/1
f 311/1/1 307/1/1 310/1/1
f 316/2/1 313/2/1 312/2/1
f 317/2/1 313/2/1 316/2/1
f 320/2/1 315/2/1 314/2/1
f 321/2/1 315/2/1 320/2/1
f 322/3/1 319/3/1 318/3/1
f 323/3/1 319/3/1 322/3/1
f 324/2/1 323/2/1 322/2/1
f 325/2/1 323/2/1 324/2/1
f 330/3/1 325/3/1 324/3/1
f 331/3/1 325/3/1 330/3/1
f 333/2/1 327/2/1 326/2/1
f 334/2/1 333/2/1 332/2/1
f 335/2/1 327/2/1 333/2/1
f 335/2/1 333/2/1 334/2/1
f 336/2/1 327/2/1 335/2/1
f 337/2/1 327/2/1 336/2/1
f 340/2/1 329/2/1 328/2/1
f 341/2/1 329/2/1 340/2/1
f 342/5/1 338/5/1 337/5/1
f 343/5/1 338/5/1 342/5/1
f 344/5/1 338/5/1 343/5/1
f 345/4/1 344/4/1 343/4/1
f 346/4/1 344/4/1 345/4/1
f 349/5/1 340/5/1 339/5/1
f 350/5/1 340/5/1 349/5/1
f 351/5/1 348/5/1 347/5/1
f 352/5/1 348/5/1 351/5/1
f 353/5/1 348/5/1 352/5/1
f 354/5/1 348/5/1 353/5/1
f 359/1/1 356/1/1 355/1/1
f 360/1/1 356/1/1 359/1/1
f 364/1/1 358/1/1 357/1/1
f 365/1/1 358/1/1 364/1/1
f 366/1/1 362/1/1 361/1/1
f 367/1/1 362/1/1 366/1/1
f 370/1/1 364/1/1 363/1/1
f 371/1/1 364/1/1 370/1/1
f 372/1/1 368/1/1 367/1/1
f 373/1/1 368/1/1 372/1/1
f 376/1/1 370/1/1 369/1/1
f 377/1/1 370/1/1 376/1/1
f 378/1/1 374/1/1 373/1/1
f 379/1/1 374/1/1 378/1/1
f 381/1/1 376/1/1 375/1/1
f 382/1/1 376/1/1 381/1/1
f 383/1/1 380/1/1 379/1/1
f 384/1/1 380/1/1 383/1/1
f 391/1/1 386/1/1 385/1/1
f 392/1/1 386/1/1 391/1/1
f 393/1/1 388/1/1 387/1/1
f 394/1/1 388/1/1 393/1/1
f 397/2/1 390/2/1 389/2/1
f 398/2/1 390/2/1 397/2/1
f 399/2/1 396/2/1 395/2/1
f 400/2/1 396/2/1 399/2/1
f 405/3/1 402/3/1 401/3/1
f 406/3/1 402/3/1 405/3/1
f 408/2/1 404/2/1 403/2/1
f 409/2/1 406/2/1 405/2/1
f 410/2/1 406/2/1 409/2/1
f 413/3/1 410/3/1 409/3/1
f 414/3/1 410/3/1 413/3/1
f 415/4/1 408/4/1 407/4/1
f 416/4/1 408/4/1 415/4/1
f 417/2/1 404/2/1 408/2/1
f 417/4/1 408/4/1 416/4/1
f 418/2/1 404/2/1 417/2/1
f 419/4/1 417/4/1 416/4/1
f 420/4/1 417/4/1 419/4/1
f 425/2/1 412/2/1 411/2/1
f 426/2/1 412/2/1 425/2/1
f 427/4/1 422/4/1 421/4/1
f 428/4/1 422/4/1 427/4/1
f 430/4/1 429/4/1 428/4/1
f 431/4/1 429/4/1 430/4/1
f 433/4/1 432/4/1 431/4/1
f 434/4/1 432/4/1 433/4/1
f 436/4/1 435/4/1 434/4/1
f 437/4/1 435/4/1 436/4/1
f 440/4/1 439/4/1 438/4/1
f 440/4/1 438/4/1 437/4/1
f 441/4/1 439/4/1 440/4/1
f 444/5/1 424/5/1 423/5/1
f 445/5/1 424/5/1 444/5/1
f 446/5/1 443/5/1 442/5/1
f 447/5/1 443/5/1 446/5/1
f 454/1/1 449/1/1 448/1/1
f 455/1/1 449/1/1 454/1/1
f 456/1/1 451/1/1 450/1/1
f 457/1/1 451/1/1 456/1/1
f 461/1/1 453/1/1 452/1/1
f 462/1/1 453/1/1 461/1/1
f 463/1/1 459/1/1 458/1/1
f 464/1/1 459/1/1 463/1/1
f 467/1/1 461/1/1 460/1/1
f 468/1/1 461/1/1 467/1/1
f 469/1/1 465/1/1 464/1/1
f 470/1/1 465/1/1 469/1/1
f 472/1/1 467/1/1 466/1/1
f 473/1/1 467/1/1 472/1/1
f 474/1/1 471/1/1 470/1/1
f 475/1/1 471/1/1 474/1/1
f 480/1/1 477/1/1 476/1/1
f 481/1/1 477/1/1 480/1/1
f 482/1/1 479/1/1 478/1/1
f 483/1/1 479/1/1 482/1/1
f 488/2/1 487/2/1 486/2/1
f 489/2/1 487/2/1 488/2/1
f 490/2/1 485/2/1 484/2/1
f 491/2/1 485/2/1 490/2/1
f 496/3/1 493/3/1 492/3/1
f 497/3/1 493/3/1 496/3/1
f 499/4/1 495/4/1 494/4/1
f 500/4/1 495/4/1 499/4/1
f 501/2/1 497/2/1 496/2/1
f 502/2/1 497/2/1 501/2/1
f 505/3/1 502/3/1 501/3/1
f 506/3/1 502/3/1 505/3/1
f 507/4/1 499/4/1 498/4/1
f 508/4/1 499/4/1 507/4/1
f 510/4/1 509/4/1 508/4/1
f 511/4/1 509/4/1 510/4/1
f 513/4/1 512/4/1 511/4/1
f 514/4/1 512/4/1 513/4/1
f 516/2/1 504/2/1 503/2/1
f 517/2/1 504/2/1 516/2/1
f 523/5/1 516/5/1 515/5/1
f 524/5/1 516/5/1 523/5/1
f 525/4/1 519/4/1 518/4/1
f 525/4/1 520/4/1 519/4/1
f 526/4/1 520/4/1 525/4/1
f 527/5/1 522/5/1 521/5/1
f 528/5/1 522/5/1 527/5/1
f 533/1/1 530/1/1 529/1/1
f 534/1/1 530/1/1 533/1/1
f 537/1/1 532/1/1 531/1/1
f 538/1/1 532/1/1 537/1/1
f 539/1/1 536/1/1 535/1/1
f 540/1/1 536/1/1 539/1/1
f 545/1/1 542/1/1 541/1/1
f 546/1/1 542/1/1 545/1/1
f 547/1/1 544/1/1 543/1/1
f 548/1/1 544/1/1 547/1/1
f 555/1/1 550/1/1 549/1/1
f 556/1/1 550/1/1 555/1/1
f 557/1/1 552/1/1 551/1/1
f 558/1/1 552/1/1 557/1/1
f 561/2/1 554/2/1 553/2/1
f 562/2/1 554/2/1 561/2/1
f 565/2/1 560/2/1 559/2/1
f 566/2/1 560/2/1 565/2/1
f 571/2/1 564/2/1 563/2/1
f 572/2/1 564/2/1 571/2/1
f 573/3/1 568/3/1 567/3/1
f 574/3/1 568/3/1 573/3/1
f 575/4/1 570/4/1 569/4/1
f 576/4/1 570/4/1 575/4/1
f 577/2/1 574/2/1 573/2/1
f 578/2/1 574/2/1 577/2/1
f 581/3/1 578/3/1 577/3/1
f 582/3/1 578/3/1 581/3/1
f 585/2/1 580/2/1 579/2/1
f 586/2/1 580/2/1 585/2/1
f 589/5/1 584/5/1 583/5/1
f 590/5/1 584/5/1 589/5/1
f 593/4/1 592/4/1 591/4/1
f 594/4/1 592/4/1 593/4/1
f 595/5/1 588/5/1 587/5/1
f 596/5/1 588/5/1 595/5/1
f 601/1/1 598/1/1 597/1/1
f 602/1/1 598/1/1 601/1/1
f 603/1/1 600/1/1 599/1/1
f 604/1/1 600/1/1 603/1/1
f 609/1/1 606/1/1 605/1/1
f 610/1/1 606/1/1 609/1/1
f 611/1/1 608/1/1 607/1/1
f 612/1/1 608/1/1 611/1/1
f 617/2/1 614/2/1 613/2/1
f 618/2/1 614/2/1 617/2/1
f 621/2/1 619/2/1 618/2/1
f 622/2/1 616/2/1 615/2/1
f 623/2/1 616/2/1 622/2/1
f 625/4/1 621/4/1 620/4/1
f 626/2/1 619/2/1 621/2/1
f 626/4/1 621/4/1 625/4/1
f 627/2/1 619/2/1 626/2/1
f 628/4/1 625/4/1 624/4/1
f 629/4/1 625/4/1 628/4/1
f 633/2/1 631/2/1 630/2/1
f 634/2/1 631/2/1 633/2/1
f 637/5/1 633/5/1 632/5/1
f 638/5/1 633/5/1 637/5/1
f 641/5/1 636/5/1 635/5/1
f 642/5/1 636/5/1 641/5/1
f 643/5/1 640/5/1 639/5/1
f 644/5/1 640/5/1 643/5/1
f 650/1/1 646/1/1 645/1/1
f 651/1/1 646/1/1 650/1/1
f 652/1/1 648/1/1 647/1/1
f 653/1/1 648/1/1 652/1/1
f 655/1/1 650/1/1 649/1/1
f 656/1/1 650/1/1 655/1/1
f 657/1/1 654/1/1 653/1/1
f 658/1/1 654/1/1 657/1/1
f 663/2/1 660/2/1 659/2/1
f 664/2/1 660/2/1 663/2/1
f 667/2/1 665/2/1 664/2/1
f 668/2/1 665/2/1 667/2/1
f 669/2/1 662/2/1 661/2/1
f 670/2/1 662/2/1 669/2/1
f 674/4/1 667/4/1 666/4/1
f 675/4/1 667/4/1 674/4/1
f 676/3/1 672/3/1 671/3/1
f 677/3/1 672/3/1 676/3/1
f 678/2/1 677/2/1 676/2/1
f 679/2/1 677/2/1 678/2/1
f 680/4/1 674/4/1 673/4/1
f 681/4/1 674/4/1 680/4/1
f 685/3/1 679/3/1 678/3/1
f 686/3/1 679/3/1 685/3/1
f 687/4/1 682/4/1 681/4/1
f 688/4/1 682/4/1 687/4/1
f 690/2/1 684/2/1 683/2/1
f 691/2/1 684/2/1 690/2/1
f 694/4/1 693/4/1 692/4/1
f 695/4/1 693/4/1 694/4/1
f 697/4/1 696/4/1 695/4/1
f 698/4/1 696/4/1 697/4/1
f 701/5/1 690/5/1 689/5/1
f 702/5/1 690/5/1 701/5/1
f 705/4/1 704/4/1 703/4/1
f 706/4/1 704/4/1 705/4/1
f 709/5/1 700/5/1 699/5/1
f 710/5/1 700/5/1 709/5/1
f 711/5/1 708/5/1 707/5/1
f 712/5/1 708/5/1 711/5/1
f 717/2/1 714/2/1 713/2/1
f 718/2/1 714/2/1 717/2/1
f 719/2/1 714/2/1 718/2/1
f 721/2/1 720/2/1 719/2/1
f 721/2/1 719/2/1 718/2/1
f 722/2/1 720/2/1 721/2/1
f 723/2/1 720/2/1 722/2/1
f 724/2/1 716/2/1 715/2/1
f 725/2/1 716/2/1 724/2/1
f 728/3/1 727/3/1 726/3/1
f 729/3/1 727/3/1 728/3/1
f 730/2/1 729/2/1 728/2/1
f 731/2/1 729/2/1 730/2/1
f 734/3/1 731/3/1 730/3/1
f 735/3/1 731/3/1 734/3/1
f 738/4/1 737/4/1 736/4/1
f 739/4/1 737/4/1 738/4/1
f 741/4/1 740/4/1 739/4/1
f 742/4/1 740/4/1 741/4/1
f 745/2/1 733/2/1 732/2/1
f 746/2/1 733/2/1 745/2/1
f 747/4/1 743/4/1 742/4/1
f 748/4/1 743/4/1 747/4/1
f 753/4/1 750/4/1 749/4/1
f 754/4/1 750/4/1 753/4/1
f 755/4/1 752/4/1 751/4/1
f 756/4/1 752/4/1 755/4/1
f 758/4/1 757/4/1 756/4/1
f 759/4/1 757/4/1 758/4/1
f 762/5/1 745/5/1 744/5/1
f 763/5/1 745/5/1 762/5/1
f 766/5/1 761/5/1 760/5/1
f 767/5/1 761/5/1 766/5/1
f 768/5/1 765/5/1 764/5/1
f 769/5/1 765/5/1 768/5/1
f 772/2/1 771/2/1 770/2/1
f 773/2/1 771/2/1 772/2/1
f 775/2/1 774/2/1 773/2/1
f 777/2/1 775/2/1 773/2/1
f 777/2/1 776/2/1 775/2/1
f 778/2/1 776/2/1 777/2/1
f 779/2/1 776/2/1 778/2/1
f 780/4/1 778/4/1 777/4/1
f 781/4/1 778/4/1 780/4/1
f 785/4/1 782/4/1 781/4/1
f 786/4/1 782/4/1 785/4/1
f 788/4/1 787/4/1 786/4/1
f 789/4/1 787/4/1 788/4/1
f 790/2/1 784/2/1 783/2/1
f 791/2/1 784/2/1 790/2/1
f 794/4/1 793/4/1 792/4/1
f 795/4/1 793/4/1 794/4/1
f 800/5/1 797/5/1 796/5/1
f 801/5/1 797/5/1 800/5/1
f 802/5/1 799/5/1 798/5/1
f 803/5/1 799/5/1 802/5/1
f 806/2/1 805/2/1 804/2/1
f 807/2/1 805/2/1 806/2/1
f 810/3/1 809/3/1 808/3/1
f 811/3/1 809/3/1 810/3/1
f 812/2/1 811/2/1 810/2/1
f 813/2/1 811/2/1 812/2/1
f 814/3/1 813/3/1 812/3/1
f 815/3/1 813/3/1 814/3/1
f 820/4/1 819/4/1 818/4/1
f 821/4/1 819/4/1 820/4/1
f 822/5/1 817/5/1 816/5/1
f 823/5/1 817/5/1 822/5/1
f 826/6/1 823/6/1 822/6/1
f 827/6/1 823/6/1 826/6/1
f 830/4/1 829/4/1 828/4/1
f 831/4/1 829/4/1 830/4/1
f 834/5/1 825/5/1 824/5/1
f 835/5/1 825/5/1 834/5/1
f 836/6/1 833/6/1 832/6/1
f 837/6/1 833/6/1 836/6/1
f 840/2/1 839/2/1 838/2/1
f 841/2/1 839/2/1 840/2/1
f 845/2/1 843/2/1 842/2/1
f 846/2/1 843/2/1 845/2/1
f 849/5/1 845/5/1 844/5/1
f 850/5/1 845/5/1 849/5/1
f 851/4/1 848/4/1 847/4/1
f 852/4/1 848/4/1 851/4/1
f 854/6/1 850/6/1 849/6/1
f 855/4/1 853/4/1 852/4/1
f 856/4/1 853/4/1 855/4/1
f 857/6/1 850/6/1 854/6/1
f 858/6/1 850/6/1 857/6/1
f 861/6/1 860/6/1 859/6/1
f 862/6/1 860/6/1 861/6/1
f 867/2/1 864/2/1 863/2/1
f 868/2/1 864/2/1 867/2/1
f 871/2/1 866/2/1 865/2/1
f 872/2/1 866/2/1 871/2/1
f 873/2/1 870/2/1 869/2/1
f 874/2/1 870/2/1 873/2/1
f 879/2/1 876/2/1 875/2/1
f 880/2/1 876/2/1 879/2/1
f 881/4/1 878/4/1 877/4/1
f 882/4/1 878/4/1 881/4/1
f 886/4/1 885/4/1 884/4/1
f 887/4/1 885/4/1 886/4/1
f 888/4/1 883/4/1 882/4/1
f 889/4/1 883/4/1 888/4/1
f 891/4/1 890/4/1 889/4/1
f 892/4/1 890/4/1 891/4/1
f 897/5/1 894/5/1 893/5/1
f 898/5/1 894/5/1 897/5/1
f 899/6/1 896/6/1 895/6/1
f 900/6/1 896/6/1 899/6/1
f 904/1/1 902/1/1 901/1/1
f 905/1/1 902/1/1 904/1/1
f 907/1/1 904/1/1 903/1/1
f 907/1/1 906/1/1 905/1/1
f 907/1/1 905/1/1 904/1/1
f 908/1/1 906/1/1 907/1/1
f 911/3/1 910/3/1 909/3/1
f 912/3/1 910/3/1 911/3/1
f 913/2/1 912/2/1 911/2/1
f 914/2/1 912/2/1 913/2/1
f 915/3/1 914/3/1 913/3/1
f 916/3/1 914/3/1 915/3/1
f 919/5/1 918/5/1 917/5/1
f 922/5/1 918/5/1 919/5/1
f 923/5/1 918/5/1 922/5/1
f 926/5/1 921/5/1 920/5/1
f 927/5/1 921/5/1 926/5/1
f 928/6/1 925/6/1 924/6/1
f 929/6/1 925/6/1 928/6/1
f 933/1/1 931/1/1 930/1/1
f 934/1/1 931/1/1 933/1/1
f 937/1/1 933/1/1 932/1/1
f 937/1/1 935/1/1 934/1/1
f 937/1/1 934/1/1 933/1/1
f 938/1/1 935/1/1 937/1/1
f 939/1/1 935/1/1 938/1/1
f 940/1/1 935/1/1 939/1/1
f 942/1/1 937/1/1 936/1/1
f 942/1/1 938/1/1 937/1/1
f 943/1/1 938/1/1 942/1/1
f 944/1/1 941/1/1 940/1/1
f 944/1/1 940/1/1 939/1/1
f 945/1/1 941/1/1 944/1/1
f 946/1/1 942/1/1 936/1/1
f 947/1/1 942/1/1 946/1/1
f 948/1/1 941/1/1 945/1/1
f 949/1/1 941/1/1 948/1/1
f 952/2/1 951/2/1 950/2/1
f 953/2/1 951/2/1 952/2/1
f 956/4/1 955/4/1 954/4/1
f 957/4/1 955/4/1 956/4/1
f 961/4/1 958/4/1 957/4/1
f 963/4/1 961/4/1 957/4/1
f 963/4/1 962/4/1 961/4/1
f 964/4/1 962/4/1 963/4/1
f 966/4/1 965/4/1 964/4/1
f 967/4/1 965/4/1 966/4/1
f 969/2/1 960/2/1 959/2/1
f 970/2/1 960/2/1 969/2/1
f 971/4/1 965/4/1 967/4/1
f 972/4/1 965/4/1 971/4/1
f 974/4/1 973/4/1 972/4/1
f 975/4/1 973/4/1 974/4/1
f 980/4/1 977/4/1 976/4/1
f 982/4/1 979/4/1 978/4/1
f 983/4/1 979/4/1 982/4/1
f 985/4/1 981/4/1 980/4/1
f 985/4/1 980/4/1 976/4/1
f 986/4/1 981/4/1 985/4/1
f 987/5/1 969/5/1 968/5/1
f 988/5/1 969/5/1 987/5/1
f 989/4/1 984/4/1 983/4/1
f 990/4/1 984/4/1 989/4/1
f 995/6/1 992/6/1 991/6/1
f 996/6/1 992/6/1 995/6/1
f 997/5/1 994/5/1 993/5/1
f 998/5/1 994/5/1 997/5/1
f 1002/1/1 1000/1/1 999/1/1
f 1003/1/1 1000/1/1 1002/1/1
f 1006/1/1 1002/1/1 1001/1/1
f 1006/1/1 1004/1/1 1003/1/1
f 1006/1/1 1003/1/1 1002/1/1
f 1007/1/1 1004/1/1 1006/1/1
f 1008/1/1 1004/1/1 1007/1/1
f 1009/1/1 1004/1/1 1008/1/1
f 1012/1/1 1006/1/1 1005/1/1
f 1012/1/1 1007/1/1 1006/1/1
f 1013/1/1 1007/1/1 1012/1/1
f 1014/1/1 1007/1/1 1013/1/1
f 1015/1/1 1009/1/1 1008/1/1
f 1015/1/1 1010/1/1 1009/1/1
f 1016/1/1 1010/1/1 1015/1/1
f 1017/1/1 1010/1/1 1016/1/1
f 1019/1/1 1013/1/1 1012/1/1
f 1019/1/1 1012/1/1 1011/1/1
f 1020/1/1 1013/1/1 1019/1/1
f 1021/1/1 1018/1/1 1017/1/1
f 1021/1/1 1017/1/1 1016/1/1
f 1022/1/1 1018/1/1 1021/1/1
f 1024/1/1 1019/1/1 1011/1/1
f 1025/1/1 1018/1/1 1022/1/1
f 1027/1/1 1024/1/1 1023/1/1
f 1028/1/1 1019/1/1 1024/1/1
f 1028/1/1 1024/1/1 1027/1/1
f 1029/1/1 1026/1/1 1025/1/1
f 1029/1/1 1025/1/1 1022/1/1
f 1030/1/1 1026/1/1 1029/1/1
f 1033/3/1 1032/3/1 1031/3/1
f 1034/3/1 1032/3/1 1033/3/1
f 1035/2/1 1034/2/1 1033/2/1
f 1036/2/1 1034/2/1 1035/2/1
f 1039/3/1 1036/3/1 1035/3/1
f 1040/3/1 1036/3/1 1039/3/1
f 1041/4/1 1038/4/1 1037/4/1
f 1042/4/1 1038/4/1 1041/4/1
f 1044/4/1 1043/4/1 1042/4/1
f 1045/4/1 1043/4/1 1044/4/1
f 1053/4/1 1047/4/1 1046/4/1
f 1054/4/1 1047/4/1 1053/4/1
f 1055/4/1 1049/4/1 1048/4/1
f 1056/4/1 1049/4/1 1055/4/1
f 1057/4/1 1051/4/1 1050/4/1
f 1058/4/1 1051/4/1 1057/4/1
f 1061/4/1 1053/4/1 1052/4/1
f 1062/4/1 1053/4/1 1061/4/1
f 1063/4/1 1057/4/1 1056/4/1
f 1064/4/1 1057/4/1 1063/4/1
f 1067/4/1 1066/4/1 1065/4/1
f 1068/4/1 1066/4/1 1067/4/1
f 1070/5/1 1060/5/1 1059/5/1
f 1071/5/1 1060/5/1 1070/5/1
f 1072/4/1 1069/4/1 1068/4/1
f 1073/4/1 1069/4/1 1072/4/1
f 1076/5/1 1075/5/1 1074/5/1
f 1077/5/1 1075/5/1 1076/5/1
f 1081/1/1 1079/1/1 1078/1/1
f 1082/1/1 1079/1/1 1081/1/1
f 1085/1/1 1081/1/1 1080/1/1
f 1086/1/1 1081/1/1 1085/1/1
f 1087/1/1 1083/1/1 1082/1/1
f 1088/1/1 1083/1/1 1087/1/1
f 1091/1/1 1085/1/1 1084/1/1
f 1092/1/1 1085/1/1 1091/1/1
f 1093/1/1 1089/1/1 1088/1/1
f 1094/1/1 1089/1/1 1093/1/1
f 1097/1/1 1091/1/1 1090/1/1
f 1098/1/1 1091/1/1 1097/1/1
f 1099/1/1 1095/1/1 1094/1/1
f 1100/1/1 1095/1/1 1099/1/1
f 1104/1/1 1103/1/1 1102/1/1
f 1106/1/1 1104/1/1 1102/1/1
f 1106/1/1 1105/1/1 1104/1/1
f 1107/1/1 1105/1/1 1106/1/1
f 1109/1/1 1097/1/1 1096/1/1
f 1110/1/1 1097/1/1 1109/1/1
f 1111/1/1 1101/1/1 1100/1/1
f 1112/1/1 1101/1/1 1111/1/1
f 1115/1/1 1105/1/1 1107/1/1
f 1116/1/1 1105/1/1 1115/1/1
f 1117/1/1 1109/1/1 1108/1/1
f 1118/1/1 1109/1/1 1117/1/1
f 1119/1/1 1113/1/1 1112/1/1
f 1120/1/1 1113/1/1 1119/1/1
f 1123/4/1 1115/4/1 1114/4/1
f 1124/2/1 1122/2/1 1121/2/1
f 1125/2/1 1122/2/1 1124/2/1
f 1126/4/1 1123/4/1 1114/4/1
f 1127/4/1 1123/4/1 1126/4/1
f 1130/4/1 1129/4/1 1128/4/1
f 1132/4/1 1130/4/1 1128/4/1
f 1132/4/1 1131/4/1 1130/4/1
f 1133/4/1 1131/4/1 1132/4/1
f 1136/5/1 1135/5/1 1134/5/1
f 1137/5/1 1135/5/1 1136/5/1
f 1140/6/1 1137/6/1 1136/6/1
f 1141/6/1 1137/6/1 1140/6/1
f 1142/5/1 1139/5/1 1138/5/1
f 1143/5/1 1139/5/1 1142/5/1
f 1149/1/1 1145/1/1 1144/1/1
f 1150/1/1 1145/1/1 1149/1/1
f 1151/1/1 1147/1/1 1146/1/1
f 1152/1/1 1147/1/1 1151/1/1
f 1155/1/1 1149/1/1 1148/1/1
f 1156/1/1 1149/1/1 1155/1/1
f 1157/1/1 1153/1/1 1152/1/1
f 1158/1/1 1153/1/1 1157/1/1
f 1163/1/1 1155/1/1 1154/1/1
f 1164/1/1 1155/1/1 1163/1/1
f 1165/1/1 1159/1/1 1158/1/1
f 1166/1/1 1159/1/1 1165/1/1
f 1169/1/1 1161/1/1 1160/1/1
f 1170/1/1 1161/1/1 1169/1/1
f 1173/1/1 1163/1/1 1162/1/1
f 1174/1/1 1163/1/1 1173/1/1
f 1175/1/1 1167/1/1 1166/1/1
f 1176/1/1 1167/1/1 1175/1/1
f 1178/1/1 1171/1/1 1170/1/1
f 1178/1/1 1169/1/1 1168/1/1
f 1178/1/1 1170/1/1 1169/1/1
f 1179/1/1 1171/1/1 1178/1/1
f 1180/1/1 1171/1/1 1179/1/1
f 1181/1/1 1171/1/1 1180/1/1
f 1182/1/1 1171/1/1 1181/1/1
f 1184/1/1 1180/1/1 1179/1/1
f 1185/1/1 1180/1/1 1184/1/1
f 1186/1/1 1182/1/1 1181/1/1
f 1187/1/1 1182/1/1 1186/1/1
f 1190/1/1 1173/1/1 1172/1/1
f 1191/1/1 1173/1/1 1190/1/1
f 1192/1/1 1177/1/1 1176/1/1
f 1193/1/1 1177/1/1 1192/1/1
f 1195/4/1 1189/4/1 1188/4/1
f 1196/4/1 1189/4/1 1195/4/1
f 1197/1/1 1182/1/1 1187/1/1
f 1198/4/1 1183/4/1 1182/4/1
f 1198/1/1 1182/1/1 1197/1/1
f 1199/4/1 1183/4/1 1198/4/1
f 1200/4/1 1195/4/1 1194/4/1
f 1201/4/1 1195/4/1 1200/4/1
f 1207/2/1 1203/2/1 1202/2/1
f 1208/2/1 1203/2/1 1207/2/1
f 1209/4/1 1205/4/1 1204/4/1
f 1211/4/1 1210/4/1 1209/4/1
f 1212/4/1 1209/4/1 1204/4/1
f 1212/4/1 1211/4/1 1209/4/1
f 1213/4/1 1211/4/1 1212/4/1
f 1218/4/1 1215/4/1 1214/4/1
f 1219/4/1 1215/4/1 1218/4/1
f 1222/5/1 1207/5/1 1206/5/1
f 1223/5/1 1207/5/1 1222/5/1
f 1226/4/1 1217/4/1 1216/4/1
f 1227/4/1 1225/4/1 1224/4/1
f 1228/4/1 1225/4/1 1227/4/1
f 1229/4/1 1227/4/1 1226/4/1
f 1230/4/1 1227/4/1 1229/4/1
f 1233/5/1 1221/5/1 1220/5/1
f 1234/5/1 1221/5/1 1233/5/1
f 1235/4/1 1226/4/1 1216/4/1
f 1235/4/1 1229/4/1 1226/4/1
f 1236/4/1 1229/4/1 1235/4/1
f 1237/4/1 1232/4/1 1231/4/1
f 1238/4/1 1232/4/1 1237/4/1
f 1240/4/1 1239/4/1 1238/4/1
f 1241/4/1 1239/4/1 1240/4/1
f 1244/5/1 1243/5/1 1242/5/1
f 1245/5/1 1243/5/1 1244/5/1
f 1250/1/1 1247/1/1 1246/1/1
f 1251/1/1 1247/1/1 1250/1/1
f 1257/1/1 1249/1/1 1248/1/1
f 1258/1/1 1249/1/1 1257/1/1
f 1259/1/1 1253/1/1 1252/1/1
f 1260/1/1 1253/1/1 1259/1/1
f 1263/1/1 1255/1/1 1254/1/1
f 1264/1/1 1255/1/1 1263/1/1
f 1267/1/1 1257/1/1 1256/1/1
f 1268/1/1 1257/1/1 1267/1/1
f 1269/1/1 1261/1/1 1260/1/1
f 1270/1/1 1261/1/1 1269/1/1
f 1272/1/1 1265/1/1 1264/1/1
f 1272/1/1 1263/1/1 1262/1/1
f 1272/1/1 1264/1/1 1263/1/1
f 1273/1/1 1265/1/1 1272/1/1
f 1274/1/1 1265/1/1 1273/1/1
f 1277/1/1 1267/1/1 1266/1/1
f 1278/1/1 1267/1/1 1277/1/1
f 1279/1/1 1271/1/1 1270/1/1
f 1280/1/1 1271/1/1 1279/1/1
f 1282/1/1 1274/1/1 1273/1/1
f 1283/4/1 1275/4/1 1274/4/1
f 1283/1/1 1274/1/1 1282/1/1
f 1284/4/1 1275/4/1 1283/4/1
f 1286/1/1 1277/1/1 1276/1/1
f 1287/1/1 1277/1/1 1286/1/1
f 1288/1/1 1281/1/1 1280/1/1
f 1289/1/1 1281/1/1 1288/1/1
f 1290/4/1 1284/4/1 1283/4/1
f 1291/1/1 1285/1/1 1284/1/1
f 1291/4/1 1284/4/1 1290/4/1
f 1296/1/1 1285/1/1 1291/1/1
f 1298/1/1 1296/1/1 1291/1/1
f 1298/1/1 1297/1/1 1296/1/1
f 1299/1/1 1297/1/1 1298/1/1
f 1300/1/1 1293/1/1 1292/1/1
f 1301/1/1 1293/1/1 1300/1/1
f 1302/1/1 1295/1/1 1294/1/1
f 1303/1/1 1295/1/1 1302/1/1
f 1308/4/1 1307/4/1 1306/4/1
f 1309/4/1 1307/4/1 1308/4/1
f 1310/4/1 1305/4/1 1304/4/1
f 1311/4/1 1305/4/1 1310/4/1
f 1312/4/1 1308/4/1 1306/4/1
f 1313/4/1 1312/4/1 1311/4/1
f 1313/4/1 1308/4/1 1312/4/1
f 1314/4/1 1308/4/1 1313/4/1
f 1315/4/1 1313/4/1 1311/4/1
f 1316/4/1 1313/4/1 1315/4/1
f 1321/4/1 1318/4/1 1317/4/1
f 1322/4/1 1318/4/1 1321/4/1
f 1324/4/1 1320/4/1 1319/4/1
f 1325/4/1 1320/4/1 1324/4/1
f 1327/4/1 1324/4/1 1323/4/1
f 1328/4/1 1324/4/1 1327/4/1
f 1329/4/1 1313/4/1 1316/4/1
f 1330/4/1 1313/4/1 1329/4/1
f 1331/4/1 1327/4/1 1326/4/1
f 1332/4/1 1327/4/1 1331/4/1
f 1333/4/1 1331/4/1 1330/4/1
f 1334/4/1 1331/4/1 1333/4/1
f 1339/5/1 1336/5/1 1335/5/1
f 1340/5/1 1336/5/1 1339/5/1
f 1341/5/1 1338/5/1 1337/5/1
f 1342/5/1 1338/5/1 1341/5/1
f 1351/1/1 1344/1/1 1343/1/1
f 1352/1/1 1344/1/1 1351/1/1
f 1353/1/1 1346/1/1 1345/1/1
f 1354/1/1 1346/1/1 1353/1/1
f 1357/1/1 1348/1/1 1347/1/1
f 1358/1/1 1348/1/1 1357/1/1
f 1361/1/1 1350/1/1 1349/1/1
f 1362/1/1 1350/1/1 1361/1/1
f 1363/1/1 1356/1/1 1355/1/1
f 1364/1/1 1356/1/1 1363/1/1
f 1366/1/1 1359/1/1 1358/1/1
f 1367/1/1 1359/1/1 1366/1/1
f 1370/1/1 1361/1/1 1360/1/1
f 1371/1/1 1361/1/1 1370/1/1
f 1372/1/1 1365/1/1 1364/1/1
f 1373/1/1 1365/1/1 1372/1/1
f 1375/4/1 1368/4/1 1367/4/1
f 1376/4/1 1368/4/1 1375/4/1
f 1378/1/1 1370/1/1 1369/1/1
f 1379/1/1 1370/1/1 1378/1/1
f 1380/1/1 1374/1/1 1373/1/1
f 1381/1/1 1374/1/1 1380/1/1
f 1382/1/1 1377/1/1 1376/1/1
f 1383/1/1 1377/1/1 1382/1/1
f 1389/1/1 1386/1/1 1385/1/1
f 1390/1/1 1386/1/1 1389/1/1
f 1391/1/1 1388/1/1 1387/1/1
f 1392/1/1 1388/1/1 1391/1/1
f 1395/1/1 1384/1/1 1383/1/1
f 1396/1/1 1384/1/1 1395/1/1
f 1398/4/1 1394/4/1 1393/4/1
f 1399/4/1 1394/4/1 1398/4/1
f 1400/1/1 1397/1/1 1396/1/1
f 1401/1/1 1397/1/1 1400/1/1
f 1404/4/1 1403/4/1 1402/4/1
f 1405/4/1 1403/4/1 1404/4/1
f 1408/4/1 1407/4/1 1406/4/1
f 1409/4/1 1407/4/1 1408/4/1
f 1413/4/1 1410/4/1 1409/4/1
f 1414/4/1 1410/4/1 1413/4/1
f 1415/4/1 1412/4/1 1411/4/1
f 1416/4/1 1412/4/1 1415/4/1
f 1418/4/1 1410/4/1 1414/4/1
f 1419/4/1 1410/4/1 1418/4/1
f 1422/4/1 1417/4/1 1416/4/1
f 1423/4/1 1417/4/1 1422/4/1
f 1425/4/1 1421/4/1 1420/4/1
f 1426/4/1 1421/4/1 1425/4/1
f 1430/4/1 1425/4/1 1424/4/1
f 1431/4/1 1425/4/1 1430/4/1
f 1432/4/1 1417/4/1 1423/4/1
f 1433/4/1 1417/4/1 1432/4/1
f 1435/4/1 1430/4/1 1429/4/1
f 1436/4/1 1430/4/1 1435/4/1
f 1437/4/1 1434/4/1 1433/4/1
f 1438/4/1 1434/4/1 1437/4/1
f 1439/5/1 1428/5/1 1427/5/1
f 1440/5/1 1428/5/1 1439/5/1
f 1445/1/1 1442/1/1 1441/1/1
f 1446/1/1 1442/1/1 1445/1/1
f 1451/1/1 1444/1/1 1443/1/1
f 1452/1/1 1444/1/1 1451/1/1
f 1453/1/1 1448/1/1 1447/1/1
f 1454/1/1 1448/1/1 1453/1/1
f 1455/1/1 1450/1/1 1449/1/1
f 1456/1/1 1450/1/1 1455/1/1
f 1458/4/1 1457/4/1 1456/4/1
f 1459/4/1 1457/4/1 1458/4/1
f 1461/1/1 1460/1/1 1459/1/1
f 1462/1/1 1460/1/1 1461/1/1
f 1468/1/1 1463/1/1 1462/1/1
f 1469/1/1 1463/1/1 1468/1/1
f 1471/1/1 1465/1/1 1464/1/1
f 1472/1/1 1465/1/1 1471/1/1
f 1473/1/1 1467/1/1 1466/1/1
f 1474/1/1 1467/1/1 1473/1/1
f 1479/1/1 1470/1/1 1469/1/1
f 1480/1/1 1470/1/1 1479/1/1
f 1481/1/1 1476/1/1 1475/1/1
f 1482/1/1 1476/1/1 1481/1/1
f 1483/1/1 1478/1/1 1477/1/1
f 1484/1/1 1478/1/1 1483/1/1
f 1487/2/1 1486/2/1 1485/2/1
f 1488/2/1 1486/2/1 1487/2/1
f 1491/3/1 1490/3/1 1489/3/1
f 1492/3/1 1490/3/1 1491/3/1
f 1493/2/1 1492/2/1 1491/2/1
f 1494/2/1 1492/2/1 1493/2/1
f 1497/3/1 1494/3/1 1493/3/1
f 1498/3/1 1494/3/1 1497/3/1
f 1500/2/1 1496/2/1 1495/2/1
f 1501/2/1 1496/2/1 1500/2/1
f 1504/4/1 1503/4/1 1502/4/1
f 1505/4/1 1503/4/1 1504/4/1
f 1508/4/1 1507/4/1 1506/4/1
f 1509/4/1 1507/4/1 1508/4/1
f 1512/5/1 1500/5/1 1499/5/1
f 1513/5/1 1500/5/1 1512/5/1
f 1516/4/1 1511/4/1 1510/4/1
f 1517/4/1 1511/4/1 1516/4/1
f 1519/4/1 1515/4/1 1514/4/1
f 1520/4/1 1515/4/1 1519/4/1
f 1522/4/1 1518/4/1 1517/4/1
f 1523/4/1 1518/4/1 1522/4/1
f 1524/4/1 1521/4/1 1520/4/1
f 1525/4/1 1521/4/1 1524/4/1
f 1529/4/1 1527/4/1 1526/4/1
f 1530/4/1 1527/4/1 1529/4/1
f 1532/4/1 1529/4/1 1528/4/1
f 1533/4/1 1529/4/1 1532/4/1
f 1536/4/1 1532/4/1 1531/4/1
f 1537/4/1 1532/4/1 1536/4/1
f 1540/5/1 1535/5/1 1534/5/1
f 1541/5/1 1535/5/1 1540/5/1
f 1542/5/1 1539/5/1 1538/5/1
f 1543/5/1 1539/5/1 1542/5/1
f 1550/1/1 1545/1/1 1544/1/1
f 1551/1/1 1545/1/1 1550/1/1
f 1552/1/1 1547/1/1 1546/1/1
f 1553/1/1 1547/1/1 1552/1/1
f 1554/1/1 1549/1/1 1548/1/1
f 1555/1/1 1549/1/1 1554/1/1
f 1558/4/1 1557/4/1 1556/4/1
f 1559/4/1 1557/4/1 1558/4/1
f 1561/1/1 1560/1/1 1559/1/1
f 1562/1/1 1560/1/1 1561/1/1
f 1566/1/1 1563/1/1 1562/1/1
f 1567/1/1 1563/1/1 1566/1/1
f 1570/4/1 1565/4/1 1564/4/1
f 1571/4/1 1565/4/1 1570/4/1
f 1572/1/1 1568/1/1 1567/1/1
f 1573/1/1 1568/1/1 1572/1/1
f 1574/4/1 1570/4/1 1569/4/1
f 1581/4/1 1574/4/1 1569/4/1
f 1582/4/1 1574/4/1 1581/4/1
f 1583/1/1 1578/1/1 1577/1/1
f 1584/1/1 1578/1/1 1583/1/1
f 1585/1/1 1580/1/1 1579/1/1
f 1586/1/1 1580/1/1 1585/1/1
f 1587/1/1 1576/1/1 1575/1/1
f 1588/1/1 1576/1/1 1587/1/1
f 1592/4/1 1590/4/1 1589/4/1
f 1597/4/1 1590/4/1 1592/4/1
f 1597/4/1 1592/4/1 1591/4/1
f 1598/4/1 1590/4/1 1597/4/1
f 1599/4/1 1594/4/1 1593/4/1
f 1600/4/1 1594/4/1 1599/4/1
f 1602/4/1 1601/4/1 1600/4/1
f 1603/4/1 1601/4/1 1602/4/1
f 1606/4/1 1597/4/1 1591/4/1
f 1607/4/1 1597/4/1 1606/4/1
f 1608/5/1 1596/5/1 1595/5/1
f 1609/5/1 1596/5/1 1608/5/1
f 1610/4/1 1605/4/1 1604/4/1
f 1611/4/1 1605/4/1 1610/4/1
f 1613/4/1 1612/4/1 1611/4/1
f 1614/4/1 1612/4/1 1613/4/1
f 1619/5/1 1616/5/1 1615/5/1
f 1620/5/1 1616/5/1 1619/5/1
f 1621/5/1 1618/5/1 1617/5/1
f 1622/5/1 1618/5/1 1621/5/1
f 1625/4/1 1624/4/1 1623/4/1
f 1626/4/1 1624/4/1 1625/4/1
f 1633/1/1 1628/1/1 1627/1/1
f 1634/1/1 1628/1/1 1633/1/1
f 1637/1/1 1630/1/1 1629/1/1
f 1638/1/1 1630/1/1 1637/1/1
f 1639/1/1 1632/1/1 1631/1/1
f 1640/1/1 1632/1/1 1639/1/1
f 1642/1/1 1635/1/1 1634/1/1
f 1643/1/1 1635/1/1 1642/1/1
f 1645/1/1 1637/1/1 1636/1/1
f 1646/1/1 1637/1/1 1645/1/1
f 1647/1/1 1641/1/1 1640/1/1
f 1648/1/1 1641/1/1 1647/1/1
f 1649/1/1 1644/1/1 1643/1/1
f 1650/1/1 1644/1/1 1649/1/1
f 1653/1/1 1652/1/1 1651/1/1
f 1654/1/1 1652/1/1 1653/1/1
f 1657/4/1 1656/4/1 1655/4/1
f 1660/4/1 1657/4/1 1655/4/1
f 1660/4/1 1658/4/1 1657/4/1
f 1661/4/1 1658/4/1 1660/4/1
f 1662/4/1 1658/4/1 1661/4/1
f 1664/4/1 1663/4/1 1662/4/1
f 1664/4/1 1662/4/1 1661/4/1
f 1667/4/1 1660/4/1 1659/4/1
f 1669/4/1 1667/4/1 1666/4/1
f 1670/4/1 1660/4/1 1667/4/1
f 1670/4/1 1667/4/1 1669/4/1
f 1671/4/1 1665/4/1 1664/4/1
f 1671/4/1 1664/4/1 1661/4/1
f 1672/4/1 1665/4/1 1671/4/1
f 1674/4/1 1669/4/1 1668/4/1
f 1675/4/1 1669/4/1 1674/4/1
f 1676/4/1 1673/4/1 1672/4/1
f 1677/4/1 1673/4/1 1676/4/1
f 1680/1/1 1679/1/1 1678/1/1
f 1681/1/1 1679/1/1 1680/1/1
f 1684/4/1 1683/4/1 1682/4/1
f 1685/4/1 1683/4/1 1684/4/1
f 1688/1/1 1687/1/1 1686/1/1
f 1689/1/1 1687/1/1 1688/1/1
f 1692/4/1 1691/4/1 1690/4/1
f 1693/4/1 1691/4/1 1692/4/1
f 1697/4/1 1695/4/1 1694/4/1
f 1698/4/1 1695/4/1 1697/4/1
f 1699/4/1 1697/4/1 1696/4/1
f 1700/4/1 1697/4/1 1699/4/1
f 1704/4/1 1702/4/1 1701/4/1
f 1705/4/1 1702/4/1 1704/4/1
f 1707/4/1 1704/4/1 1703/4/1
f 1708/4/1 1704/4/1 1707/4/1
f 1709/4/1 1706/4/1 1705/4/1
f 1710/4/1 1706/4/1 1709/4/1
f 1713/5/1 1712/5/1 1711/5/1
f 1714/5/1 1712/5/1 1713/5/1
f 1717/1/1 1716/1/1 1715/1/1
f 1718/1/1 1716/1/1 1717/1/1
f 1721/4/1 1720/4/1 1719/4/1
f 1722/4/1 1720/4/1 1721/4/1
f 1725/4/1 1724/4/1 1723/4/1
f 1726/4/1 1724/4/1 1725/4/1
f 1729/4/1 1728/4/1 1727/4/1
f 1730/4/1 1728/4/1 1729/4/1
f 1733/5/1 1732/5/1 1731/5/1
f 1734/5/1 1732/5/1 1733/5/1
f 1737/5/1 1736/5/1 1735/5/1
f 1738/5/1 1736/5/1 1737/5/1
f 1741/1/1 1740/1/1 1739/1/1
f 1742/1/1 1740/1/1 1741/1/1
f 1744/1/1 1743/1/1 1742/1/1
f 1745/1/1 1743/1/1 1744/1/1
f 1749/4/1 1747/4/1 1746/4/1
f 1750/4/1 1747/4/1 1749/4/1
f 1751/4/1 1749/4/1 1748/4/1
f 1752/4/1 1749/4/1 1751/4/1
f 1756/4/1 1754/4/1 1753/4/1
f 1757/4/1 1754/4/1 1756/4/1
f 1760/4/1 1756/4/1 1755/4/1
f 1761/4/1 1756/4/1 1760/4/1
f 1762/4/1 1759/4/1 1758/4/1
f 1763/4/1 1759/4/1 1762/4/1
f 1768/5/1 1765/5/1 1764/5/1
f 1769/5/1 1765/5/1 1768/5/1
f 1770/5/1 1767/5/1 1766/5/1
f 1771/5/1 1767/5/1 1770/5/1
f 1774/5/1 1773/5/1 1772/5/1
f 1775/5/1 1773/5/1 1774/5/1
f 1778/5/1 1776/5/1 1775/5/1
f 1779/5/1 1776/5/1 1778/5/1
f 1780/5/1 1778/5/1 1777/5/1
f 1781/5/1 1778/5/1 1780/5/1
f 1784/2/1 1783/2/1 1782/2/1
f 1785/2/1 1783/2/1 1784/2/1
f 1788/5/1 1787/5/1 1786/5/1
f 1789/5/1 1787/5/1 1788/5/1
f 1792/5/1 1791/5/1 1790/5/1
f 1794/5/1 1792/5/1 1790/5/1
f 1794/5/1 1793/5/1 1792/5/1
f 1795/5/1 1793/5/1 1794/5/1
f 1796/5/1 1794/5/1 1790/5/1
f 1797/5/1 1794/5/1 1796/5/1
f 1800/4/1 1799/4/1 1798/4/1
f 1801/4/1 1799/4/1 1800/4/1
f 1804/4/1 1803/4/1 1802/4/1
f 1805/4/1 1803/4/1 1804/4/1
f 1808/5/1 1807/5/1 1806/5/1
f 1809/5/1 1807/5/1 1808/5/1
f 1812/4/1 1811/4/1 1810/4/1
f 1813/4/1 1811/4/1 1812/4/1
f 1817/4/1 1815/4/1 1814/4/1
f 1818/4/1 1815/4/1 1817/4/1
f 1819/4/1 1817/4/1 1816/4/1
f 1820/4/1 1817/4/1 1819/4/1
f 1823/5/1 1822/5/1 1821/5/1
f 1824/5/1 1822/5/1 1823/5/1
f 1827/5/1 1826/5/1 1825/5/1
f 1828/5/1 1826/5/1 1827/5/1
f 1831/1/1 1830/1/1 1829/1/1
f 1832/1/1 1830/1/1 1831/1/1
f 1835/4/1 1834/4/1 1833/4/1
f 1836/4/1 1834/4/1 1835/4/1
f 1839/4/1 1838/4/1 1837/4/1
f 1840/4/1 1838/4/1 1839/4/1
f 1844/4/1 1841/4/1 1840/4/1
f 1845/4/1 1841/4/1 1844/4/1
f 1846/5/1 1843/5/1 1842/5/1
f 1847/5/1 1843/5/1 1846/5/1
f 1850/5/1 1848/5/1 1847/5/1
f 1851/5/1 1848/5/1 1850/5/1
f 1852/5/1 1850/5/1 1849/5/1
f 1853/5/1 1850/5/1 1852/5/1
f 1856/1/1 1855/1/1 1854/1/1
f 1857/1/1 1855/1/1 1856/1/1
f 1860/1/1 1859/1/1 1858/1/1
f 1861/1/1 1859/1/1 1860/1/1
f 1864/4/1 1863/4/1 1862/4/1
f 1865/4/1 1863/4/1 1864/4/1
f 1868/4/1 1867/4/1 1866/4/1
f 1869/4/1 1867/4/1 1868/4/1
f 1873/4/1 1870/4/1 1869/4/1
f 1874/5/1 1872/5/1 1871/5/1
f 1874/4/1 1870/4/1 1873/4/1
f 1874/5/1 1871/5/1 1870/5/1
f 1875/5/1 1872/5/1 1874/5/1
f 1876/5/1 1872/5/1 1875/5/1
f 1877/5/1 1875/5/1 1874/5/1
f 1878/5/1 1875/5/1 1877/5/1
f 1881/1/1 1880/1/1 1879/1/1
f 1882/1/1 1880/1/1 1881/1/1
f 1885/1/1 1884/1/1 1883/1/1
f 1886/1/1 1884/1/1 1885/1/1
f 1890/1/1 1888/1/1 1887/1/1
f 1891/1/1 1888/1/1 1890/1/1
f 1895/4/1 1894/4/1 1893/4/1
f 1896/4/1 1894/4/1 1895/4/1
f 1897/1/1 1890/1/1 1889/1/1
f 1897/1/1 1891/1/1 1890/1/1
f 1897/1/1 1892/1/1 1891/1/1
f 1898/1/1 1892/1/1 1897/1/1
f 1899/1/1 1892/1/1 1898/1/1
f 1902/2/1 1901/2/1 1900/2/1
f 1903/2/1 1901/2/1 1902/2/1
f 1904/4/1 1903/4/1 1902/4/1
f 1905/4/1 1903/4/1 1904/4/1
f 1908/1/1 1907/1/1 1906/1/1
f 1909/1/1 1907/1/1 1908/1/1
f 1913/1/1 1911/1/1 1910/1/1
f 1914/1/1 1911/1/1 1913/1/1
f 1917/1/1 1913/1/1 1912/1/1
f 1917/1/1 1915/1/1 1914/1/1
f 1917/1/1 1914/1/1 1913/1/1
f 1918/1/1 1915/1/1 1917/1/1
f 1919/1/1 1915/1/1 1918/1/1
f 1920/1/1 1915/1/1 1919/1/1
f 1922/1/1 1917/1/1 1916/1/1
f 1922/1/1 1918/1/1 1917/1/1
f 1923/1/1 1918/1/1 1922/1/1
f 1924/1/1 1921/1/1 1920/1/1
f 1924/1/1 1920/1/1 1919/1/1
f 1925/1/1 1921/1/1 1924/1/1
f 1926/1/1 1922/1/1 1916/1/1
f 1927/1/1 1922/1/1 1926/1/1
f 1928/1/1 1921/1/1 1925/1/1
f 1929/1/1 1921/1/1 1928/1/1
f 1933/1/1 1931/1/1 1930/1/1
f 1934/1/1 1931/1/1 1933/1/1
f 1939/1/1 1933/1/1 1932/1/1
f 1939/1/1 1934/1/1 1933/1/1
f 1939/1/1 1935/1/1 1934/1/1
f 1940/1/1 1935/1/1 1939/1/1
f 1941/1/1 1935/1/1 1940/1/1
f 1942/1/1 1935/1/1 1941/1/1
f 1945/1/1 1939/1/1 1938/1/1
f 1945/1/1 1940/1/1 1939/1/1
f 1946/1/1 1940/1/1 1945/1/1
f 1947/1/1 1940/1/1 1946/1/1
f 1948/1/1 1942/1/1 1941/1/1
f 1948/1/1 1943/1/1 1942/1/1
f 1949/1/1 1943/1/1 1948/1/1
f 1950/1/1 1943/1/1 1949/1/1
f 1952/1/1 1937/1/1 1936/1/1
f 1953/1/1 1937/1/1 1952/1/1
f 1954/1/1 1946/1/1 1945/1/1
f 1954/1/1 1945/1/1 1944/1/1
f 1955/1/1 1946/1/1 1954/1/1
f 1956/1/1 1951/1/1 1950/1/1
f 1956/1/1 1950/1/1 1949/1/1
f 1957/1/1 1951/1/1 1956/1/1
f 1959/1/1 1954/1/1 1944/1/1
f 1960/1/1 1951/1/1 1957/1/1
f 1962/1/1 1959/1/1 1958/1/1
f 1963/1/1 1954/1/1 1959/1/1
f 1963/1/1 1959/1/1 1962/1/1
f 1964/1/1 1961/1/1 1960/1/1
f 1964/1/1 1960/1/1 1957/1/1
f 1965/1/1 1961/1/1 1964/1/1
f 1969/1/1 1967/1/1 1966/1/1
f 1970/1/1 1967/1/1 1969/1/1
f 1973/1/1 1969/1/1 1968/1/1
f 1974/1/1 1969/1/1 1973/1/1
f 1975/1/1 1971/1/1 1970/1/1
f 1976/1/1 1971/1/1 1975/1/1
f 1979/1/1 1973/1/1 1972/1/1
f 1980/1/1 1973/1/1 1979/1/1
f 1981/1/1 1977/1/1 1976/1/1
f 1982/1/1 1977/1/1 1981/1/1
f 1985/1/1 1979/1/1 1978/1/1
f 1986/1/1 1979/1/1 1985/1/1
f 1987/1/1 1983/1/1 1982/1/1
f 1988/1/1 1983/1/1 1987/1/1
f 1991/1/1 1985/1/1 1984/1/1
f 1992/1/1 1985/1/1 1991/1/1
f 1993/1/1 1989/1/1 1988/1/1
f 1994/1/1 1989/1/1 1993/1/1
f 1996/4/1 1991/4/1 1990/4/1
f 1997/4/1 1991/4/1 1996/4/1
f 1998/1/1 1995/1/1 1994/1/1
f 1999/1/1 1995/1/1 1998/1/1
f 2003/4/1 2001/4/1 2000/4/1
f 2004/4/1 2001/4/1 2003/4/1
f 2005/4/1 2003/4/1 2002/4/1
f 2006/4/1 2003/4/1 2005/4/1
f 2012/1/1 2008/1/1 2007/1/1
f 2013/1/1 2008/1/1 2012/1/1
f 2014/1/1 2010/1/1 2009/1/1
f 2015/1/1 2010/1/1 2014/1/1
f 2018/1/1 2012/1/1 2011/1/1
f 2019/1/1 2012/1/1 2018/1/1
f 2020/1/1 2016/1/1 2015/1/1
f 2021/1/1 2016/1/1 2020/1/1
f 2024/1/1 2018/1/1 2017/1/1
f 2025/1/1 2018/1/1 2024/1/1
f 2026/1/1 2022/1/1 2021/1/1
f 2027/1/1 2022/1/1 2026/1/1
f 2030/1/1 2024/1/1 2023/1/1
f 2031/1/1 2024/1/1 2030/1/1
f 2032/1/1 2028/1/1 2027/1/1
f 2033/1/1 2028/1/1 2032/1/1
f 2036/4/1 2030/4/1 2029/4/1
f 2039/4/1 2036/4/1 2035/4/1
f 2040/4/1 2036/4/1 2039/4/1
f 2041/4/1 2030/4/1 2036/4/1
f 2041/4/1 2036/4/1 2040/4/1
f 2042/4/1 2030/4/1 2041/4/1
f 2043/1/1 2034/1/1 2033/1/1
f 2044/1/1 2034/1/1 2043/1/1
f 2046/4/1 2038/4/1 2037/4/1
f 2047/4/1 2038/4/1 2046/4/1
f 2048/4/1 2041/4/1 2040/4/1
f 2049/4/1 2041/4/1 2048/4/1
f 2051/4/1 2046/4/1 2045/4/1
f 2052/4/1 2046/4/1 2051/4/1
f 2053/4/1 2051/4/1 2050/4/1
f 2054/4/1 2051/4/1 2053/4/1
f 2057/4/1 2056/4/1 2055/4/1
f 2058/4/1 2056/4/1 2057/4/1
f 2063/1/1 2060/1/1 2059/1/1
f 2064/1/1 2060/1/1 2063/1/1
f 2068/1/1 2062/1/1 2061/1/1
f 2069/1/1 2062/1/1 2068/1/1
f 2070/1/1 2066/1/1 2065/1/1
f 2071/1/1 2066/1/1 2070/1/1
f 2074/1/1 2068/1/1 2067/1/1
f 2075/1/1 2068/1/1 2074/1/1
f 2076/1/1 2072/1/1 2071/1/1
f 2077/1/1 2072/1/1 2076/1/1
f 2080/1/1 2074/1/1 2073/1/1
f 2081/1/1 2074/1/1 2080/1/1
f 2082/1/1 2078/1/1 2077/1/1
f 2083/1/1 2078/1/1 2082/1/1
f 2085/4/1 2080/4/1 2079/4/1
f 2086/4/1 2080/4/1 2085/4/1
f 2087/1/1 2084/1/1 2083/1/1
f 2088/1/1 2084/1/1 2087/1/1
f 2093/4/1 2090/4/1 2089/4/1
f 2094/4/1 2090/4/1 2093/4/1
f 2095/1/1 2092/1/1 2091/1/1
f 2096/1/1 2092/1/1 2095/1/1
f 2099/4/1 2098/4/1 2097/4/1
f 2100/4/1 2098/4/1 2099/4/1
f 2103/4/1 2102/4/1 2101/4/1
f 2104/4/1 2102/4/1 2103/4/1
f 2111/1/1 2106/1/1 2105/1/1
f 2112/1/1 2106/1/1 2111/1/1
f 2113/1/1 2108/1/1 2107/1/1
f 2114/1/1 2108/1/1 2113/1/1
f 2118/1/1 2110/1/1 2109/1/1
f 2119/1/1 2110/1/1 2118/1/1
f 2120/1/1 2116/1/1 2115/1/1
f 2121/1/1 2116/1/1 2120/1/1
f 2124/1/1 2118/1/1 2117/1/1
f 2125/1/1 2118/1/1 2124/1/1
f 2126/1/1 2122/1/1 2121/1/1
f 2127/1/1 2122/1/1 2126/1/1
f 2129/4/1 2124/4/1 2123/4/1
f 2130/4/1 2124/4/1 2129/4/1
f 2131/1/1 2128/1/1 2127/1/1
f 2132/1/1 2128/1/1 2131/1/1
f 2138/4/1 2134/4/1 2133/4/1
f 2139/4/1 2134/4/1 2138/4/1
f 2140/1/1 2136/1/1 2135/1/1
f 2141/1/1 2136/1/1 2140/1/1
f 2142/4/1 2138/4/1 2137/4/1
f 2143/4/1 2138/4/1 2142/4/1
f 2148/1/1 2145/1/1 2144/1/1
f 2149/1/1 2145/1/1 2148/1/1
f 2152/1/1 2147/1/1 2146/1/1
f 2153/1/1 2147/1/1 2152/1/1
f 2154/1/1 2151/1/1 2150/1/1
f 2155/1/1 2151/1/1 2154/1/1
f 2160/4/1 2157/4/1 2156/4/1
f 2161/4/1 2157/4/1 2160/4/1
f 2162/1/1 2159/1/1 2158/1/1
f 2163/1/1 2159/1/1 2162/1/1
f 2169/4/1 2165/4/1 2164/4/1
f 2170/4/1 2165/4/1 2169/4/1
f 2171/4/1 2169/4/1 2168/4/1
f 2172/4/1 2169/4/1 2171/4/1
f 2173/1/1 2167/1/1 2166/1/1
f 2174/1/1 2167/1/1 2173/1/1
f 2177/5/1 2176/5/1 2175/5/1
f 2178/5/1 2176/5/1 2177/5/1
f 2183/1/1 2180/1/1 2179/1/1
f 2184/1/1 2180/1/1 2183/1/1
f 2185/1/1 2182/1/1 2181/1/1
f 2186/1/1 2182/1/1 2185/1/1
f 2189/1/1 2188/1/1 2187/1/1
f 2190/1/1 2188/1/1 2189/1/1
f 2194/5/1 2192/5/1 2191/5/1
f 2194/5/1 2193/5/1 2192/5/1
f 2195/5/1 2193/5/1 2194/5/1
f 2196/5/1 2193/5/1 2195/5/1
f 2197/5/1 2193/5/1 2196/5/1
f 2203/1/1 2199/1/1 2198/1/1
f 2204/1/1 2199/1/1 2203/1/1
f 2205/1/1 2201/1/1 2200/1/1
f 2206/1/1 2201/1/1 2205/1/1
f 2208/4/1 2203/4/1 2202/4/1
f 2209/4/1 2203/4/1 2208/4/1
f 2210/1/1 2207/1/1 2206/1/1
f 2211/1/1 2207/1/1 2210/1/1
f 2215/5/1 2213/5/1 2212/5/1
f 2215/5/1 2214/5/1 2213/5/1
f 2216/5/1 2214/5/1 2215/5/1
f 2217/5/1 2214/5/1 2216/5/1
f 2218/5/1 2214/5/1 2217/5/1
f 2220/5/1 2219/5/1 2218/5/1
f 2221/5/1 2219/5/1 2220/5/1
f 2224/2/1 2223/2/1 2222/2/1
f 2225/2/1 2223/2/1 2224/2/1
f 2226/2/1 2224/2/1 2222/2/1
f 2227/2/1 2224/2/1 2226/2/1
f 2229/5/1 2227/5/1 2226/5/1
f 2230/5/1 2227/5/1 2229/5/1
f 2230/5/1 2229/5/1 2228/5/1
f 2231/5/1 2227/5/1 2230/5/1
f 2232/5/1 2230/5/1 2228/5/1
f 2234/5/1 2232/5/1 2228/5/1
f 2234/5/1 2233/5/1 2232/5/1
f 2235/5/1 2233/5/1 2234/5/1
f 2236/5/1 2233/5/1 2235/5/1
f 2238/5/1 2236/5/1 2235/5/1
f 2238/5/1 2237/5/1 2236/5/1
f 2239/5/1 2237/5/1 2238/5/1
f 2243/2/1 2241/2/1 2240/2/1
f 2244/2/1 2241/2/1 2243/2/1
f 2246/5/1 2243/5/1 2242/5/1
f 2246/5/1 2244/5/1 2243/5/1
f 2247/5/1 2244/5/1 2246/5/1
f 2248/5/1 2244/5/1 2247/5/1
f 2250/5/1 2246/5/1 2245/5/1
f 2250/5/1 2247/5/1 2246/5/1
f 2251/5/1 2250/5/1 2249/5/1
f 2252/5/1 2247/5/1 2250/5/1
f 2252/5/1 2250/5/1 2251/5/1
f 2254/5/1 2253/5/1 2252/5/1
f 2255/5/1 2253/5/1 2254/5/1
f 2258/2/1 2257/2/1 2256/2/1
f 2259/2/1 2257/2/1 2258/2/1
f 2264/5/1 2261/5/1 2260/5/1
f 2265/5/1 2261/5/1 2264/5/1
f 2266/5/1 2263/5/1 2262/5/1
f 2267/5/1 2263/5/1 2266/5/1
f 2270/2/1 2269/2/1 2268/2/1
f 2271/2/1 2269/2/1 2270/2/1
f 2274/2/1 2273/2/1 2272/2/1
f 2275/2/1 2273/2/1 2274/2/1
f 2278/5/1 2277/5/1 2276/5/1
f 2279/5/1 2277/5/1 2278/5/1
f 2282/2/1 2281/2/1 2280/2/1
f 2283/2/1 2281/2/1 2282/2/1
f 2286/2/1 2285/2/1 2284/2/1
f 2287/2/1 2285/2/1 2286/2/1
f 2290/2/1 2289/2/1 2288/2/1
f 2291/2/1 2289/2/1 2290/2/1
f 2292/3/1 2291/3/1 2290/3/1
f 2293/3/1 2291/3/1 2292/3/1
f 2296/2/1 2295/2/1 2294/2/1
f 2297/2/1 2295/2/1 2296/2/1
f 2300/2/1 2299/2/1 2298/2/1
f 2301/2/1 2299/2/1 2300/2/1
f 2302/3/1 2301/3/1 2300/3/1
f 2303/3/1 2301/3/1 2302/3/1
f 2306/3/1 2305/3/1 2304/3/1
f 2307/3/1 2305/3/1 2306/3/1
f 2309/2/1 2307/2/1 2306/2/1
f 2310/2/1 2307/2/1 2309/2/1
f 2311/2/1 2309/2/1 2308/2/1
f 2312/2/1 2309/2/1 2311/2/1
f 2313/3/1 2312/3/1 2311/3/1
f 2314/3/1 2312/3/1 2313/3/1
f 2317/3/1 2316/3/1 2315/3/1
f 2318/3/1 2316/3/1 2317/3/1
f 2319/3/1 2316/3/1 2318/3/1
f 2320/2/1 2319/2/1 2318/2/1
f 2321/2/1 2319/2/1 2320/2/1
f 2324/3/1 2323/3/1 2322/3/1
f 2325/3/1 2323/3/1 2324/3/1
f 2328/3/1 2327/3/1 2326/3/1
f 2329/3/1 2327/3/1 2328/3/1
f 2332/2/1 2330/2/1 2329/2/1
f 2333/2/1 2330/2/1 2332/2/1
f 2334/3/1 2332/3/1 2331/3/1
f 2335/3/1 2332/3/1 2334/3/1
f 2338/3/1 2337/3/1 2336/3/1
f 2339/3/1 2337/3/1 2338/3/1
f 2341/2/1 2339/2/1 2338/2/1
f 2341/2/1 2340/2/1 2339/2/1
f 2342/2/1 2340/2/1 2341/2/1
f 2343/2/1 2340/2/1 2342/2/1
f 2344/3/1 2342/3/1 2341/3/1
f 2345/3/1 2342/3/1 2344/3/1
f 2346/3/2 2347/3/2 2348/3/2
f 2348/3/2 2347/3/2 2349/3/2
f 2348/2/2 2349/2/2 2350/2/2
f 2350/2/2 2349/2/2 2351/2/2
f 2350/3/2 2351/3/2 2352/3/2
f 2352/3/2 2351/3/2 2353/3/2
f 2354/2/2 2355/2/2 2356/2/2
f 2356/2/2 2355/2/2 2357/2/2
f 2356/3/2 2357/3/2 2358/3/2
f 2358/3/2 2357/3/2 2359/3/2
f 2360/3/2 2361/3/2 2362/3/2
f 2362/3/2 2361/3/2 2363/3/2
f 2364/5/2 2365/5/2 2366/5/2
f 2366/5/2 2365/5/2 2367/5/2
f 2368/5/2 2369/5/2 2370/5/2
f 2370/5/2 2369/5/2 2371/5/2
f 2371/5/2 2372/5/2 2373/5/2
f 2373/5/2 2372/5/2 2374/5/2
f 2375/5/2 2376/5/2 2377/5/2
f 2377/5/2 2376/5/2 2378/5/2
f 2379/5/2 2380/5/2 2381/5/2
f 2381/5/2 2380/5/2 2382/5/2
f 2383/5/2 2384/5/2 2385/5/2
f 2385/5/2 2384/5/2 2386/5/2
f 2387/4/2 2388/4/2 2389/4/2
f 2389/4/2 2388/4/2 2390/4/2
f 2390/4/2 2391/4/2 2392/4/2
f 2392/4/2 2391/4/2 2393/4/2
f 2394/5/2 2395/5/2 2396/5/2
f 2396/5/2 2395/5/2 2397/5/2
f 2398/5/2 2399/5/2 2400/5/2
f 2400/5/2 2399/5/2 2401/5/2
f 2402/4/2 2403/4/2 2404/4/2
f 2404/4/2 2403/4/2 2405/4/2
f 2406/5/2 2407/5/2 2408/5/2
f 2408/5/2 2407/5/2 2409/5/2
f 2410/1/2 2411/1/2 2415/1/2
f 2415/1/2 2411/1/2 2416/1/2
f 2412/1/2 2413/1/2 2417/1/2
f 2417/1/2 2413/1/2 2418/1/2
f 2414/1/2 2415/1/2 2420/1/2
f 2420/1/2 2415/1/2 2421/1/2
f 2418/1/2 2419/1/2 2422/1/2
f 2422/1/2 2419/1/2 2423/1/2
f 2424/4/2 2425/4/2 2426/4/2
f 2426/4/2 2425/4/2 2427/4/2
f 2428/5/2 2429/5/2 2430/5/2
f 2430/5/2 2429/5/2 2431/5/2
f 2432/1/2 2433/1/2 2436/1/2
f 2436/1/2 2433/1/2 2437/1/2
f 2434/1/2 2435/1/2 2438/1/2
f 2438/1/2 2435/1/2 2439/1/2
f 2440/1/2 2441/1/2 2444/1/2
f 2444/1/2 2441/1/2 2445/1/2
f 2442/1/2 2443/1/2 2446/1/2
f 2446/1/2 2443/1/2 2447/1/2
f 2448/5/2 2449/5/2 2450/5/2
f 2450/5/2 2449/5/2 2451/5/2
f 2452/1/2 2453/1/2 2456/1/2
f 2456/1/2 2453/1/2 2457/1/2
f 2454/1/2 2455/1/2 2460/1/2
f 2460/1/2 2455/1/2 2461/1/2
f 2458/1/2 2459/1/2 2462/1/2
f 2462/1/2 2459/1/2 2463/1/2
f 2464/1/2 2465/1/2 2468/1/2
f 2468/1/2 2465/1/2 2469/1/2
f 2466/1/2 2467/1/2 2470/1/2
f 2470/1/2 2467/1/2 2471/1/2
f 2472/1/2 2473/1/2 2476/1/2
f 2476/1/2 2473/1/2 2477/1/2
f 2474/1/2 2475/1/2 2478/1/2
f 2478/1/2 2475/1/2 2479/1/2
f 2480/4/2 2481/4/2 2482/4/2
f 2482/4/2 2481/4/2 2483/4/2
f 2484/4/2 2485/4/2 2486/4/2
f 2486/4/2 2485/4/2 2487/4/2
f 2487/4/2 2488/4/2 2489/4/2
f 2489/4/2 2488/4/2 2490/4/2
f 2490/4/2 2491/4/2 2492/4/2
f 2492/4/2 2491/4/2 2493/4/2
f 2493/4/2 2494/4/2 2495/4/2
f 2495/4/2 2494/4/2 2496/4/2
f 2497/1/2 2498/1/2 2503/1/2
f 2503/1/2 2498/1/2 2504/1/2
f 2499/1/2 2500/1/2 2505/1/2
f 2505/1/2 2500/1/2 2506/1/2
f 2501/1/2 2502/1/2 2510/1/2
f 2510/1/2 2502/1/2 2511/1/2
f 2507/1/2 2508/1/2 2512/1/2
f 2512/1/2 2508/1/2 2513/1/2
f 2509/1/2 2510/1/2 2516/1/2
f 2516/1/2 2510/1/2 2517/1/2
f 2513/1/2 2514/1/2 2518/1/2
f 2518/1/2 2514/1/2 2519/1/2
f 2515/1/2 2516/1/2 2521/1/2
f 2521/1/2 2516/1/2 2522/1/2
f 2519/1/2 2520/1/2 2523/1/2
f 2523/1/2 2520/1/2 2524/1/2
f 2525/1/2 2526/1/2 2529/1/2
f 2529/1/2 2526/1/2 2530/1/2
f 2527/1/2 2528/1/2 2531/1/2
f 2531/1/2 2528/1/2 2532/1/2
f 2533/4/2 2534/4/2 2535/4/2
f 2535/4/2 2534/4/2 2536/4/2
f 2537/5/2 2538/5/2 2539/5/2
f 2539/5/2 2538/5/2 2540/5/2
f 2541/1/2 2542/1/2 2545/1/2
f 2545/1/2 2542/1/2 2546/1/2
f 2543/1/2 2544/1/2 2550/1/2
f 2550/1/2 2544/1/2 2551/1/2
f 2547/1/2 2548/1/2 2552/1/2
f 2552/1/2 2548/1/2 2553/1/2
f 2549/1/2 2550/1/2 2556/1/2
f 2556/1/2 2550/1/2 2557/1/2
f 2553/1/2 2554/1/2 2558/1/2
f 2558/1/2 2554/1/2 2559/1/2
f 2555/1/2 2556/1/2 2562/1/2
f 2562/1/2 2556/1/2 2563/1/2
f 2559/1/2 2560/1/2 2564/1/2
f 2564/1/2 2560/1/2 2565/1/2
f 2561/1/2 2562/1/2 2567/1/2
f 2567/1/2 2562/1/2 2568/1/2
f 2565/1/2 2566/1/2 2569/1/2
f 2569/1/2 2566/1/2 2570/1/2
f 2571/1/2 2572/1/2 2575/1/2
f 2575/1/2 2572/1/2 2576/1/2
f 2573/1/2 2574/1/2 2577/1/2
f 2577/1/2 2574/1/2 2578/1/2
f 2579/1/2 2580/1/2 2584/1/2
f 2584/1/2 2580/1/2 2585/1/2
f 2581/1/2 2582/1/2 2586/1/2
f 2586/1/2 2582/1/2 2587/1/2
f 2583/1/2 2584/1/2 2590/1/2
f 2590/1/2 2584/1/2 2591/1/2
f 2587/1/2 2588/1/2 2592/1/2
f 2592/1/2 2588/1/2 2593/1/2
f 2589/1/2 2590/1/2 2596/1/2
f 2596/1/2 2590/1/2 2597/1/2
f 2593/1/2 2594/1/2 2598/1/2
f 2598/1/2 2594/1/2 2599/1/2
f 2595/1/2 2596/1/2 2602/1/2
f 2602/1/2 2596/1/2 2603/1/2
f 2599/1/2 2600/1/2 2604/1/2
f 2604/1/2 2600/1/2 2605/1/2
f 2601/1/2 2602/1/2 2607/1/2
f 2607/1/2 2602/1/2 2608/1/2
f 2605/1/2 2606/1/2 2609/1/2
f 2609/1/2 2606/1/2 2610/1/2
f 2611/2/2 2612/2/2 2613/2/2
f 2613/2/2 2612/2/2 2614/2/2
f 2614/2/2 2615/2/2 2616/2/2
f 2616/2/2 2615/2/2 2617/2/2
f 2618/4/2 2619/4/2 2620/4/2
f 2620/4/2 2619/4/2 2621/4/2
f 2622/4/2 2623/4/2 2624/4/2
f 2624/4/2 2623/4/2 2625/4/2
f 2625/4/2 2623/4/2 2626/4/2
f 2626/4/2 2627/4/2 2628/4/2
f 2628/4/2 2627/4/2 2629/4/2
f 2630/1/2 2631/1/2 2633/1/2
f 2633/1/2 2631/1/2 2634/1/2
f 2632/1/2 2633/1/2 2637/1/2
f 2637/1/2 2633/1/2 2638/1/2
f 2634/1/2 2635/1/2 2639/1/2
f 2639/1/2 2635/1/2 2640/1/2
f 2636/1/2 2637/1/2 2643/1/2
f 2643/1/2 2637/1/2 2644/1/2
f 2640/1/2 2641/1/2 2645/1/2
f 2645/1/2 2641/1/2 2646/1/2
f 2642/1/2 2643/1/2 2649/1/2
f 2649/1/2 2643/1/2 2650/1/2
f 2646/1/2 2647/1/2 2651/1/2
f 2651/1/2 2647/1/2 2652/1/2
f 2648/1/2 2649/1/2 2655/1/2
f 2655/1/2 2649/1/2 2656/1/2
f 2652/1/2 2653/1/2 2657/1/2
f 2657/1/2 2653/1/2 2658/1/2
f 2654/1/2 2655/1/2 2662/1/2
f 2662/1/2 2655/1/2 2663/1/2
f 2658/1/2 2659/1/2 2664/1/2
f 2664/1/2 2659/1/2 2665/1/2
f 2660/2/2 2661/2/2 2666/2/2
f 2666/2/2 2661/2/2 2667/2/2
f 2668/4/2 2669/4/2 2670/4/2
f 2668/4/2 2670/4/2 2672/4/2
f 2670/4/2 2671/4/2 2672/4/2
f 2672/4/2 2671/4/2 2673/4/2
f 2674/1/2 2675/1/2 2677/1/2
f 2677/1/2 2675/1/2 2678/1/2
f 2676/1/2 2677/1/2 2681/1/2
f 2678/1/2 2679/1/2 2681/1/2
f 2677/1/2 2678/1/2 2681/1/2
f 2681/1/2 2679/1/2 2682/1/2
f 2682/1/2 2679/1/2 2683/1/2
f 2683/1/2 2679/1/2 2684/1/2
f 2680/1/2 2681/1/2 2687/1/2
f 2681/1/2 2682/1/2 2687/1/2
f 2687/1/2 2682/1/2 2688/1/2
f 2688/1/2 2682/1/2 2689/1/2
f 2683/1/2 2684/1/2 2690/1/2
f 2684/1/2 2685/1/2 2690/1/2
f 2690/1/2 2685/1/2 2691/1/2
f 2691/1/2 2685/1/2 2692/1/2
f 2687/1/2 2688/1/2 2694/1/2
f 2686/4/2 2687/4/2 2694/4/2
f 2694/1/2 2688/1/2 2695/1/2
f 2692/1/2 2693/1/2 2696/1/2
f 2691/1/2 2692/1/2 2696/1/2
f 2696/1/2 2693/1/2 2697/1/2
f 2686/4/2 2694/4/2 2699/4/2
f 2697/1/2 2693/1/2 2700/1/2
f 2698/1/2 2699/1/2 2702/1/2
f 2699/4/2 2694/4/2 2703/4/2
f 2702/1/2 2699/1/2 2703/1/2
f 2703/4/2 2694/4/2 2704/4/2
f 2700/1/2 2701/1/2 2705/1/2
f 2697/1/2 2700/1/2 2705/1/2
f 2705/1/2 2701/1/2 2706/1/2
f 2707/1/2 2708/1/2 2710/1/2
f 2710/1/2 2708/1/2 2711/1/2
f 2709/1/2 2710/1/2 2714/1/2
f 2711/1/2 2712/1/2 2714/1/2
f 2710/1/2 2711/1/2 2714/1/2
f 2714/1/2 2712/1/2 2715/1/2
f 2715/1/2 2712/1/2 2716/1/2
f 2716/1/2 2712/1/2 2717/1/2
f 2713/1/2 2714/1/2 2719/1/2
f 2714/1/2 2715/1/2 2719/1/2
f 2719/1/2 2715/1/2 2720/1/2
f 2717/1/2 2718/1/2 2721/1/2
f 2716/1/2 2717/1/2 2721/1/2
f 2721/1/2 2718/1/2 2722/1/2
f 2713/1/2 2719/1/2 2723/1/2
f 2723/1/2 2719/1/2 2724/1/2
f 2722/1/2 2718/1/2 2725/1/2
f 2725/1/2 2718/1/2 2726/1/2
f 2727/4/2 2728/4/2 2729/4/2
f 2729/4/2 2728/4/2 2730/4/2
f 2731/4/2 2732/4/2 2733/4/2
f 2733/4/2 2732/4/2 2734/4/2
f 2734/4/2 2732/4/2 2735/4/2
f 2736/4/2 2737/4/2 2738/4/2
f 2738/4/2 2737/4/2 2739/4/2
f 2740/1/2 2741/1/2 2743/1/2
f 2742/1/2 2743/1/2 2744/1/2
f 2743/1/2 2741/1/2 2745/1/2
f 2744/1/2 2743/1/2 2745/1/2
f 2745/1/2 2741/1/2 2748/1/2
f 2748/1/2 2741/1/2 2749/1/2
f 2746/1/2 2747/1/2 2751/1/2
f 2751/1/2 2747/1/2 2752/1/2
f 2752/1/2 2753/1/2 2754/1/2
f 2751/1/2 2752/1/2 2754/1/2
f 2750/1/2 2751/1/2 2754/1/2
f 2754/1/2 2753/1/2 2755/1/2
f 2756/4/2 2757/4/2 2758/4/2
f 2758/4/2 2757/4/2 2759/4/2
f 2760/4/2 2761/4/2 2764/4/2
f 2764/4/2 2761/4/2 2765/4/2
f 2762/4/2 2763/4/2 2766/4/2
f 2766/4/2 2763/4/2 2767/4/2
f 2767/4/2 2768/4/2 2769/4/2
f 2769/4/2 2768/4/2 2770/4/2
f 2771/1/2 2772/1/2 2773/1/2
f 2771/1/2 2773/1/2 2775/1/2
f 2773/1/2 2774/1/2 2775/1/2
f 2775/1/2 2774/1/2 2776/1/2
f 2771/1/2 2775/1/2 2777/1/2
f 2777/1/2 2775/1/2 2778/1/2
f 2779/4/2 2780/4/2 2781/4/2
f 2781/4/2 2780/4/2 2782/4/2
f 2783/1/2 2784/1/2 2785/1/2
f 2785/1/2 2784/1/2 2786/1/2
f 2786/1/2 2787/1/2 2788/1/2
f 2788/1/2 2787/1/2 2789/1/2
f 2790/1/2 2791/1/2 2792/1/2
f 2792/1/2 2791/1/2 2793/1/2
f 2794/5/2 2795/5/2 2796/5/2
f 2796/5/2 2795/5/2 2797/5/2
f 2798/1/2 2799/1/2 2800/1/2
f 2800/1/2 2799/1/2 2801/1/2
f 2802/4/2 2803/4/2 2804/4/2
f 2804/4/2 2803/4/2 2805/4/2
f 2806/5/2 2807/5/2 2810/5/2
f 2810/5/2 2807/5/2 2811/5/2
f 2808/5/2 2809/5/2 2812/5/2
f 2812/5/2 2809/5/2 2813/5/2
f 2814/4/2 2815/4/2 2816/4/2
f 2816/4/2 2815/4/2 2817/4/2
f 2818/1/2 2819/1/2 2820/1/2
f 2820/1/2 2819/1/2 2821/1/2
f 2822/1/2 2823/1/2 2824/1/2
f 2824/1/2 2823/1/2 2825/1/2
f 2826/1/2 2827/1/2 2828/1/2
f 2828/1/2 2827/1/2 2829/1/2
f 2830/4/2 2831/4/2 2832/4/2
f 2832/4/2 2831/4/2 2833/4/2
f 2834/4/2 2835/4/2 2836/4/2
f 2836/4/2 2835/4/2 2837/4/2
f 2837/4/2 2838/4/2 2839/4/2
f 2839/4/2 2838/4/2 2840/4/2
f 2841/4/2 2842/4/2 2843/4/2
f 2843/4/2 2842/4/2 2844/4/2
f 2844/4/2 2845/4/2 2846/4/2
f 2846/4/2 2845/4/2 2847/4/2
f 2848/1/2 2849/1/2 2850/1/2
f 2850/1/2 2849/1/2 2851/1/2
f 2852/1/2 2853/1/2 2857/1/2
f 2857/1/2 2853/1/2 2858/1/2
f 2854/1/2 2855/1/2 2859/1/2
f 2859/1/2 2855/1/2 2860/1/2
f 2856/1/2 2857/1/2 2864/1/2
f 2864/1/2 2857/1/2 2865/1/2
f 2860/1/2 2861/1/2 2866/1/2
f 2866/1/2 2861/1/2 2867/1/2
f 2862/1/2 2863/1/2 2868/1/2
f 2868/1/2 2863/1/2 2869/1/2
f 2870/4/2 2871/4/2 2872/4/2
f 2872/4/2 2871/4/2 2873/4/2
f 2874/4/2 2875/4/2 2876/4/2
f 2876/4/2 2875/4/2 2877/4/2
f 2877/4/2 2878/4/2 2879/4/2
f 2879/4/2 2878/4/2 2880/4/2
f 2880/4/2 2878/4/2 2881/4/2
f 2882/4/2 2883/4/2 2884/4/2
f 2882/4/2 2884/4/2 2886/4/2
f 2884/4/2 2885/4/2 2886/4/2
f 2886/4/2 2885/4/2 2887/4/2
f 2888/1/2 2889/1/2 2892/1/2
f 2892/1/2 2889/1/2 2893/1/2
f 2890/1/2 2891/1/2 2894/1/2
f 2894/1/2 2891/1/2 2895/1/2
f 2896/1/2 2897/1/2 2898/1/2
f 2898/1/2 2897/1/2 2899/1/2
f 2900/4/2 2901/4/2 2903/4/2
f 2903/4/2 2901/4/2 2904/4/2
f 2902/4/2 2903/4/2 2905/4/2
f 2905/4/2 2903/4/2 2906/4/2
f 2907/1/2 2908/1/2 2911/1/2
f 2911/1/2 2908/1/2 2912/1/2
f 2909/1/2 2910/1/2 2913/1/2
f 2913/1/2 2910/1/2 2914/1/2
f 2915/2/2 2916/2/2 2917/2/2
f 2917/2/2 2916/2/2 2918/2/2
f 2919/4/2 2920/4/2 2921/4/2
f 2921/4/2 2920/4/2 2922/4/2
f 2922/4/2 2923/4/2 2924/4/2
f 2924/4/2 2923/4/2 2925/4/2
f 2925/4/2 2923/4/2 2926/4/2
f 2927/4/2 2928/4/2 2931/4/2
f 2931/4/2 2928/4/2 2932/4/2
f 2929/4/2 2930/4/2 2933/4/2
f 2932/4/2 2933/4/2 2934/4/2
f 2933/4/2 2930/4/2 2935/4/2
f 2934/4/2 2933/4/2 2935/4/2
f 2935/4/2 2930/4/2 2936/4/2
f 2936/4/2 2930/4/2 2937/4/2
f 2937/4/2 2938/4/2 2939/4/2
f 2939/4/2 2938/4/2 2940/4/2
f 2941/1/2 2942/1/2 2945/1/2
f 2945/1/2 2942/1/2 2946/1/2
f 2943/1/2 2944/1/2 2949/1/2
f 2949/1/2 2944/1/2 2950/1/2
f 2947/1/2 2948/1/2 2951/1/2
f 2951/1/2 2948/1/2 2952/1/2
f 2953/1/2 2954/1/2 2957/1/2
f 2957/1/2 2954/1/2 2958/1/2
f 2955/1/2 2956/1/2 2959/1/2
f 2959/1/2 2956/1/2 2960/1/2
f 2961/1/2 2962/1/2 2965/1/2
f 2965/1/2 2962/1/2 2966/1/2
f 2963/1/2 2964/1/2 2967/1/2
f 2967/1/2 2964/1/2 2968/1/2
f 2969/4/2 2970/4/2 2973/4/2
f 2971/4/2 2972/4/2 2974/4/2
f 2974/4/2 2972/4/2 2975/4/2
f 2973/4/2 2970/4/2 2976/4/2
f 2976/4/2 2970/4/2 2977/4/2
f 2977/4/2 2978/4/2 2981/4/2
f 2981/4/2 2978/4/2 2982/4/2
f 2979/4/2 2980/4/2 2983/4/2
f 2983/4/2 2980/4/2 2984/4/2
f 2985/5/2 2986/5/2 2987/5/2
f 2987/5/2 2986/5/2 2988/5/2
f 2989/1/2 2990/1/2 2997/1/2
f 2997/1/2 2990/1/2 2998/1/2
f 2991/1/2 2992/1/2 2999/1/2
f 2999/1/2 2992/1/2 3000/1/2
f 2993/1/2 2994/1/2 3003/1/2
f 3003/1/2 2994/1/2 3004/1/2
f 2995/1/2 2996/1/2 3007/1/2
f 3007/1/2 2996/1/2 3008/1/2
f 3001/1/2 3002/1/2 3009/1/2
f 3009/1/2 3002/1/2 3010/1/2
f 3004/1/2 3005/1/2 3012/1/2
f 3012/1/2 3005/1/2 3013/1/2
f 3006/1/2 3007/1/2 3015/1/2
f 3015/1/2 3007/1/2 3016/1/2
f 3010/1/2 3011/1/2 3017/1/2
f 3017/1/2 3011/1/2 3018/1/2
f 3014/1/2 3015/1/2 3022/1/2
f 3022/1/2 3015/1/2 3023/1/2
f 3018/1/2 3019/1/2 3024/1/2
f 3024/1/2 3019/1/2 3025/1/2
f 3020/4/2 3021/4/2 3027/4/2
f 3027/4/2 3021/4/2 3028/4/2
f 3026/4/2 3027/4/2 3033/4/2
f 3033/4/2 3027/4/2 3034/4/2
f 3029/1/2 3030/1/2 3035/1/2
f 3035/1/2 3030/1/2 3036/1/2
f 3031/1/2 3032/1/2 3037/1/2
f 3037/1/2 3032/1/2 3038/1/2
f 3039/4/2 3040/4/2 3041/4/2
f 3041/4/2 3040/4/2 3042/4/2
f 3045/4/2 3046/4/2 3049/4/2
f 3043/4/2 3044/4/2 3050/4/2
f 3050/4/2 3044/4/2 3051/4/2
f 3047/4/2 3048/4/2 3052/4/2
f 3052/4/2 3048/4/2 3053/4/2
f 3049/4/2 3046/4/2 3054/4/2
f 3051/4/2 3052/4/2 3056/4/2
f 3056/4/2 3052/4/2 3057/4/2
f 3054/4/2 3055/4/2 3060/4/2
f 3049/4/2 3054/4/2 3060/4/2
f 3060/4/2 3055/4/2 3061/4/2
f 3058/4/2 3059/4/2 3064/4/2
f 3064/4/2 3059/4/2 3065/4/2
f 3061/4/2 3062/4/2 3066/4/2
f 3066/4/2 3062/4/2 3067/4/2
f 3063/4/2 3064/4/2 3068/4/2
f 3068/4/2 3064/4/2 3069/4/2
f 3070/6/2 3071/6/2 3074/6/2
f 3074/6/2 3071/6/2 3075/6/2
f 3072/5/2 3073/5/2 3076/5/2
f 3076/5/2 3073/5/2 3077/5/2
f 3078/1/2 3079/1/2 3080/1/2
f 3080/1/2 3079/1/2 3081/1/2
f 3082/1/2 3083/1/2 3086/1/2
f 3086/1/2 3083/1/2 3087/1/2
f 3084/1/2 3085/1/2 3091/1/2
f 3091/1/2 3085/1/2 3092/1/2
f 3088/1/2 3089/1/2 3093/1/2
f 3093/1/2 3089/1/2 3094/1/2
f 3090/1/2 3091/1/2 3097/1/2
f 3097/1/2 3091/1/2 3098/1/2
f 3094/1/2 3095/1/2 3099/1/2
f 3099/1/2 3095/1/2 3100/1/2
f 3096/1/2 3097/1/2 3103/1/2
f 3103/1/2 3097/1/2 3104/1/2
f 3100/1/2 3101/1/2 3105/1/2
f 3105/1/2 3101/1/2 3106/1/2
f 3102/1/2 3103/1/2 3110/1/2
f 3110/1/2 3103/1/2 3111/1/2
f 3106/1/2 3107/1/2 3112/1/2
f 3112/1/2 3107/1/2 3113/1/2
f 3108/4/2 3109/4/2 3114/4/2
f 3114/4/2 3109/4/2 3115/4/2
f 3116/4/2 3117/4/2 3122/4/2
f 3122/4/2 3117/4/2 3123/4/2
f 3118/1/2 3119/1/2 3124/1/2
f 3124/1/2 3119/1/2 3125/1/2
f 3120/1/2 3121/1/2 3126/1/2
f 3126/1/2 3121/1/2 3127/1/2
f 3128/4/2 3129/4/2 3130/4/2
f 3128/4/2 3130/4/2 3132/4/2
f 3130/4/2 3131/4/2 3132/4/2
f 3132/4/2 3131/4/2 3133/4/2
f 3134/4/2 3135/4/2 3140/4/2
f 3140/4/2 3135/4/2 3141/4/2
f 3136/4/2 3137/4/2 3142/4/2
f 3142/4/2 3137/4/2 3143/4/2
f 3141/4/2 3142/4/2 3144/4/2
f 3144/4/2 3142/4/2 3145/4/2
f 3138/5/2 3139/5/2 3146/5/2
f 3146/5/2 3139/5/2 3147/5/2
f 3148/5/2 3149/5/2 3150/5/2
f 3150/5/2 3149/5/2 3151/5/2
f 3152/1/2 3153/1/2 3154/1/2
f 3154/1/2 3153/1/2 3155/1/2
f 3156/4/2 3157/4/2 3158/4/2
f 3158/4/2 3157/4/2 3159/4/2
f 3160/1/2 3161/1/2 3165/1/2
f 3165/1/2 3161/1/2 3166/1/2
f 3162/1/2 3163/1/2 3167/1/2
f 3167/1/2 3163/1/2 3168/1/2
f 3164/1/2 3165/1/2 3171/1/2
f 3171/1/2 3165/1/2 3172/1/2
f 3168/1/2 3169/1/2 3173/1/2
f 3173/1/2 3169/1/2 3174/1/2
f 3170/1/2 3171/1/2 3179/1/2
f 3179/1/2 3171/1/2 3180/1/2
f 3174/1/2 3175/1/2 3181/1/2
f 3181/1/2 3175/1/2 3182/1/2
f 3176/1/2 3177/1/2 3184/1/2
f 3184/1/2 3177/1/2 3185/1/2
f 3178/1/2 3179/1/2 3187/1/2
f 3187/1/2 3179/1/2 3188/1/2
f 3182/1/2 3183/1/2 3189/1/2
f 3189/1/2 3183/1/2 3190/1/2
f 3186/1/2 3187/1/2 3194/1/2
f 3194/1/2 3187/1/2 3195/1/2
f 3190/1/2 3191/1/2 3196/1/2
f 3196/1/2 3191/1/2 3197/1/2
f 3192/4/2 3193/4/2 3198/4/2
f 3198/4/2 3193/4/2 3199/4/2
f 3200/6/2 3201/6/2 3202/6/2
f 3202/6/2 3201/6/2 3203/6/2
f 3204/4/2 3205/4/2 3206/4/2
f 3206/4/2 3205/4/2 3207/4/2
f 3208/1/2 3209/1/2 3212/1/2
f 3212/1/2 3209/1/2 3213/1/2
f 3210/1/2 3211/1/2 3216/1/2
f 3216/1/2 3211/1/2 3217/1/2
f 3213/1/2 3214/1/2 3219/1/2
f 3219/1/2 3214/1/2 3220/1/2
f 3215/1/2 3216/1/2 3223/1/2
f 3223/1/2 3216/1/2 3224/1/2
f 3217/1/2 3218/1/2 3225/1/2
f 3225/1/2 3218/1/2 3226/1/2
f 3220/1/2 3221/1/2 3228/1/2
f 3228/1/2 3221/1/2 3229/1/2
f 3222/1/2 3223/1/2 3231/1/2
f 3231/1/2 3223/1/2 3232/1/2
f 3226/1/2 3227/1/2 3233/1/2
f 3233/1/2 3227/1/2 3234/1/2
f 3230/1/2 3231/1/2 3239/1/2
f 3239/1/2 3231/1/2 3240/1/2
f 3234/1/2 3235/1/2 3241/1/2
f 3241/1/2 3235/1/2 3242/1/2
f 3236/1/2 3237/1/2 3246/1/2
f 3246/1/2 3237/1/2 3247/1/2
f 3244/4/2 3245/4/2 3249/4/2
f 3249/4/2 3245/4/2 3250/4/2
f 3238/1/2 3239/1/2 3252/1/2
f 3252/1/2 3239/1/2 3253/1/2
f 3242/1/2 3243/1/2 3254/1/2
f 3254/1/2 3243/1/2 3255/1/2
f 3251/1/2 3252/1/2 3257/1/2
f 3257/1/2 3252/1/2 3258/1/2
f 3255/1/2 3256/1/2 3259/1/2
f 3259/1/2 3256/1/2 3260/1/2
f 3248/4/2 3249/4/2 3261/4/2
f 3261/4/2 3249/4/2 3262/4/2
f 3263/5/2 3264/5/2 3265/5/2
f 3265/5/2 3264/5/2 3266/5/2
f 3267/6/2 3268/6/2 3269/6/2
f 3269/6/2 3268/6/2 3270/6/2
f 3271/1/2 3272/1/2 3273/1/2
f 3273/1/2 3272/1/2 3274/1/2
f 3275/4/2 3276/4/2 3277/4/2
f 3277/4/2 3276/4/2 3278/4/2
f 3278/1/2 3279/1/2 3282/1/2
f 3282/1/2 3279/1/2 3283/1/2
f 3280/1/2 3281/1/2 3286/1/2
f 3286/1/2 3281/1/2 3287/1/2
f 3283/1/2 3284/1/2 3289/1/2
f 3289/1/2 3284/1/2 3290/1/2
f 3287/1/2 3288/1/2 3293/1/2
f 3286/1/2 3287/1/2 3293/1/2
f 3285/1/2 3286/1/2 3293/1/2
f 3293/1/2 3288/1/2 3294/1/2
f 3294/1/2 3288/1/2 3295/1/2
f 3295/1/2 3288/1/2 3296/1/2
f 3290/1/2 3291/1/2 3298/1/2
f 3298/1/2 3291/1/2 3299/1/2
f 3292/1/2 3293/1/2 3301/1/2
f 3293/1/2 3294/1/2 3301/1/2
f 3301/1/2 3294/1/2 3302/1/2
f 3302/1/2 3294/1/2 3303/1/2
f 3296/1/2 3297/1/2 3304/1/2
f 3295/1/2 3296/1/2 3304/1/2
f 3304/1/2 3297/1/2 3305/1/2
f 3305/1/2 3297/1/2 3306/1/2
f 3301/1/2 3302/1/2 3310/1/2
f 3300/1/2 3301/1/2 3310/1/2
f 3310/1/2 3302/1/2 3311/1/2
f 3306/1/2 3307/1/2 3312/1/2
f 3305/1/2 3306/1/2 3312/1/2
f 3312/1/2 3307/1/2 3313/1/2
f 3314/4/2 3315/4/2 3316/4/2
f 3316/4/2 3315/4/2 3317/4/2
f 3300/1/2 3310/1/2 3319/1/2
f 3313/1/2 3307/1/2 3320/1/2
f 3314/4/2 3316/4/2 3322/4/2
f 3322/4/2 3316/4/2 3323/4/2
f 3308/1/2 3309/1/2 3324/1/2
f 3324/1/2 3309/1/2 3325/1/2
f 3318/1/2 3319/1/2 3326/1/2
f 3319/1/2 3310/1/2 3327/1/2
f 3326/1/2 3319/1/2 3327/1/2
f 3320/1/2 3321/1/2 3328/1/2
f 3313/1/2 3320/1/2 3328/1/2
f 3328/1/2 3321/1/2 3329/1/2
f 3330/2/2 3331/2/2 3334/2/2
f 3334/2/2 3331/2/2 3335/2/2
f 3336/3/2 3337/3/2 3340/3/2
f 3340/3/2 3337/3/2 3341/3/2
f 3332/4/2 3333/4/2 3342/4/2
f 3342/4/2 3333/4/2 3343/4/2
f 3338/4/2 3339/4/2 3344/4/2
f 3344/4/2 3339/4/2 3345/4/2
f 3340/2/2 3341/2/2 3346/2/2
f 3346/2/2 3341/2/2 3347/2/2
f 3346/3/2 3347/3/2 3350/3/2
f 3350/3/2 3347/3/2 3351/3/2
f 3348/2/2 3349/2/2 3353/2/2
f 3353/2/2 3349/2/2 3354/2/2
f 3352/5/2 3353/5/2 3355/5/2
f 3355/5/2 3353/5/2 3356/5/2
f 3357/5/2 3358/5/2 3361/5/2
f 3361/5/2 3358/5/2 3362/5/2
f 3359/6/2 3360/6/2 3363/6/2
f 3363/6/2 3360/6/2 3364/6/2
f 3365/1/2 3366/1/2 3368/1/2
f 3366/4/2 3367/4/2 3369/4/2
f 3368/1/2 3366/1/2 3369/1/2
f 3369/4/2 3367/4/2 3370/4/2
f 3370/4/2 3371/4/2 3372/4/2
f 3372/4/2 3371/4/2 3373/4/2
f 3373/1/2 3374/1/2 3375/1/2
f 3375/1/2 3374/1/2 3376/1/2
f 3376/1/2 3377/1/2 3380/1/2
f 3380/1/2 3377/1/2 3381/1/2
f 3378/1/2 3379/1/2 3384/1/2
f 3384/1/2 3379/1/2 3385/1/2
f 3385/1/2 3386/1/2 3388/1/2
f 3384/1/2 3385/1/2 3388/1/2
f 3383/1/2 3384/1/2 3388/1/2
f 3388/1/2 3386/1/2 3389/1/2
f 3389/1/2 3386/1/2 3390/1/2
f 3390/1/2 3386/1/2 3391/1/2
f 3381/1/2 3382/1/2 3393/1/2
f 3393/1/2 3382/1/2 3394/1/2
f 3387/1/2 3388/1/2 3395/1/2
f 3388/1/2 3389/1/2 3395/1/2
f 3395/1/2 3389/1/2 3396/1/2
f 3391/1/2 3392/1/2 3397/1/2
f 3390/1/2 3391/1/2 3397/1/2
f 3397/1/2 3392/1/2 3398/1/2
f 3399/4/2 3400/4/2 3402/4/2
f 3402/4/2 3400/4/2 3403/4/2
f 3387/1/2 3395/1/2 3404/1/2
f 3404/1/2 3395/1/2 3405/1/2
f 3398/1/2 3392/1/2 3406/1/2
f 3406/1/2 3392/1/2 3407/1/2
f 3408/4/2 3409/4/2 3410/4/2
f 3410/4/2 3409/4/2 3411/4/2
f 3401/4/2 3402/4/2 3412/4/2
f 3412/4/2 3402/4/2 3413/4/2
f 3414/4/2 3415/4/2 3416/4/2
f 3416/4/2 3415/4/2 3417/4/2
f 3417/4/2 3418/4/2 3419/4/2
f 3419/4/2 3418/4/2 3420/4/2
f 3420/4/2 3421/4/2 3422/4/2
f 3422/4/2 3421/4/2 3423/4/2
f 3424/5/2 3425/5/2 3428/5/2
f 3428/5/2 3425/5/2 3429/5/2
f 3426/6/2 3427/6/2 3430/6/2
f 3430/6/2 3427/6/2 3431/6/2
f 3432/1/2 3433/1/2 3435/1/2
f 3433/4/2 3434/4/2 3436/4/2
f 3435/1/2 3433/1/2 3436/1/2
f 3436/4/2 3434/4/2 3437/4/2
f 3437/4/2 3438/4/2 3439/4/2
f 3439/4/2 3438/4/2 3440/4/2
f 3440/1/2 3441/1/2 3442/1/2
f 3442/1/2 3441/1/2 3443/1/2
f 3443/1/2 3444/1/2 3445/1/2
f 3445/1/2 3444/1/2 3446/1/2
f 3447/1/2 3448/1/2 3450/1/2
f 3450/1/2 3448/1/2 3451/1/2
f 3449/1/2 3450/1/2 3455/1/2
f 3450/1/2 3451/1/2 3455/1/2
f 3451/1/2 3452/1/2 3455/1/2
f 3455/1/2 3452/1/2 3456/1/2
f 3453/4/2 3454/4/2 3457/4/2
f 3453/4/2 3457/4/2 3458/4/2
f 3453/4/2 3458/4/2 3459/4/2
f 3459/4/2 3458/4/2 3460/4/2
f 3461/4/2 3462/4/2 3463/4/2
f 3463/4/2 3462/4/2 3464/4/2
f 3464/4/2 3465/4/2 3466/4/2
f 3466/4/2 3465/4/2 3467/4/2
f 3468/4/2 3469/4/2 3470/4/2
f 3470/4/2 3469/4/2 3471/4/2
f 3472/6/2 3473/6/2 3478/6/2
f 3478/6/2 3473/6/2 3479/6/2
f 3474/5/2 3475/5/2 3480/5/2
f 3480/5/2 3475/5/2 3481/5/2
f 3476/6/2 3477/6/2 3482/6/2
f 3482/6/2 3477/6/2 3483/6/2
f 3484/1/2 3485/1/2 3486/1/2
f 3484/1/2 3486/1/2 3489/1/2
f 3486/1/2 3487/1/2 3489/1/2
f 3487/4/2 3488/4/2 3490/4/2
f 3489/1/2 3487/1/2 3490/1/2
f 3490/4/2 3488/4/2 3491/4/2
f 3491/4/2 3492/4/2 3493/4/2
f 3490/4/2 3491/4/2 3493/4/2
f 3493/4/2 3492/4/2 3494/4/2
f 3494/4/2 3492/4/2 3495/4/2
f 3494/4/2 3495/4/2 3497/4/2
f 3495/1/2 3496/1/2 3498/1/2
f 3497/4/2 3495/4/2 3498/4/2
f 3498/1/2 3496/1/2 3499/1/2
f 3500/4/2 3501/4/2 3502/4/2
f 3502/4/2 3501/4/2 3503/4/2
f 3504/4/2 3505/4/2 3507/4/2
f 3507/4/2 3505/4/2 3508/4/2
f 3506/4/2 3507/4/2 3511/4/2
f 3511/4/2 3507/4/2 3512/4/2
f 3512/4/2 3513/4/2 3514/4/2
f 3512/4/2 3514/4/2 3516/4/2
f 3514/4/2 3515/4/2 3516/4/2
f 3516/4/2 3515/4/2 3517/4/2
f 3509/2/2 3510/2/2 3519/2/2
f 3519/2/2 3510/2/2 3520/2/2
f 3521/4/2 3522/4/2 3523/4/2
f 3523/4/2 3522/4/2 3524/4/2
f 3524/4/2 3525/4/2 3526/4/2
f 3526/4/2 3525/4/2 3527/4/2
f 3518/5/2 3519/5/2 3531/5/2
f 3531/5/2 3519/5/2 3532/5/2
f 3527/4/2 3528/4/2 3533/4/2
f 3533/4/2 3528/4/2 3534/4/2
f 3529/5/2 3530/5/2 3535/5/2
f 3535/5/2 3530/5/2 3538/5/2
f 3538/5/2 3530/5/2 3539/5/2
f 3536/6/2 3537/6/2 3543/6/2
f 3543/6/2 3537/6/2 3544/6/2
f 3540/5/2 3541/5/2 3545/5/2
f 3541/6/2 3542/6/2 3546/6/2
f 3545/5/2 3541/5/2 3546/5/2
f 3546/6/2 3542/6/2 3547/6/2
f 3548/1/2 3549/1/2 3550/1/2
f 3548/1/2 3550/1/2 3552/1/2
f 3552/1/2 3550/1/2 3553/1/2
f 3550/4/2 3551/4/2 3554/4/2
f 3553/1/2 3550/1/2 3556/1/2
f 3554/4/2 3555/4/2 3557/4/2
f 3556/1/2 3550/1/2 3557/1/2
f 3550/4/2 3554/4/2 3557/4/2
f 3557/4/2 3555/4/2 3558/4/2
f 3558/4/2 3555/4/2 3559/4/2
f 3557/4/2 3558/4/2 3560/4/2
f 3560/4/2 3558/4/2 3561/4/2
f 3562/2/2 3563/2/2 3564/2/2
f 3564/2/2 3563/2/2 3565/2/2
f 3566/4/2 3567/4/2 3568/4/2
f 3568/4/2 3567/4/2 3569/4/2
f 3570/4/2 3571/4/2 3574/4/2
f 3574/4/2 3571/4/2 3575/4/2
f 3572/4/2 3573/4/2 3576/4/2
f 3576/4/2 3573/4/2 3577/4/2
f 3578/6/2 3579/6/2 3580/6/2
f 3580/6/2 3579/6/2 3581/6/2
f 3582/3/2 3583/3/2 3584/3/2
f 3584/3/2 3583/3/2 3585/3/2
f 3584/2/2 3585/2/2 3586/2/2
f 3586/2/2 3585/2/2 3587/2/2
f 3586/3/2 3587/3/2 3588/3/2
f 3588/3/2 3587/3/2 3589/3/2
f 3590/4/2 3591/4/2 3592/4/2
f 3592/4/2 3591/4/2 3593/4/2
f 3593/4/2 3594/4/2 3595/4/2
f 3595/4/2 3594/4/2 3596/4/2
f 3599/5/2 3600/5/2 3603/5/2
f 3603/5/2 3600/5/2 3604/5/2
f 3597/4/2 3598/4/2 3605/4/2
f 3605/4/2 3598/4/2 3606/4/2
f 3606/4/2 3607/4/2 3608/4/2
f 3608/4/2 3607/4/2 3609/4/2
f 3601/6/2 3602/6/2 3610/6/2
f 3610/6/2 3602/6/2 3611/6/2
f 3612/2/2 3613/2/2 3614/2/2
f 3614/2/2 3613/2/2 3615/2/2
f 3616/2/2 3617/2/2 3619/2/2
f 3619/2/2 3617/2/2 3620/2/2
f 3618/5/2 3619/5/2 3623/5/2
f 3623/5/2 3619/5/2 3624/5/2
f 3621/4/2 3622/4/2 3625/4/2
f 3625/4/2 3622/4/2 3626/4/2
f 3623/6/2 3624/6/2 3627/6/2
f 3627/6/2 3624/6/2 3628/6/2
f 3628/6/2 3624/6/2 3629/6/2
f 3630/6/2 3631/6/2 3632/6/2
f 3632/6/2 3631/6/2 3633/6/2
f 3634/3/2 3635/3/2 3636/3/2
f 3636/3/2 3635/3/2 3637/3/2
f 3636/2/2 3637/2/2 3638/2/2
f 3638/2/2 3637/2/2 3639/2/2
f 3638/3/2 3639/3/2 3642/3/2
f 3642/3/2 3639/3/2 3643/3/2
f 3640/4/2 3641/4/2 3644/4/2
f 3644/4/2 3641/4/2 3645/4/2
f 3646/5/2 3647/5/2 3648/5/2
f 3648/5/2 3647/5/2 3649/5/2
f 3648/6/2 3649/6/2 3652/6/2
f 3652/6/2 3649/6/2 3653/6/2
f 3650/6/2 3651/6/2 3654/6/2
f 3654/6/2 3651/6/2 3655/6/2
f 3654/5/2 3655/5/2 3658/5/2
f 3658/5/2 3655/5/2 3659/5/2
f 3656/6/2 3657/6/2 3660/6/2
f 3660/6/2 3657/6/2 3661/6/2
f 3662/2/2 3663/2/2 3664/2/2
f 3664/2/2 3663/2/2 3665/2/2
f 3668/4/2 3669/4/2 3670/4/2
f 3670/4/2 3669/4/2 3671/4/2
f 3666/2/2 3667/2/2 3672/2/2
f 3672/2/2 3667/2/2 3673/2/2
f 3674/4/2 3675/4/2 3676/4/2
f 3676/4/2 3675/4/2 3677/4/2
f 3678/6/2 3679/6/2 3684/6/2
f 3684/6/2 3679/6/2 3685/6/2
f 3680/4/2 3681/4/2 3686/4/2
f 3686/4/2 3681/4/2 3687/4/2
f 3682/6/2 3683/6/2 3688/6/2
f 3688/6/2 3683/6/2 3689/6/2
f 3690/2/2 3691/2/2 3694/2/2
f 3694/2/2 3691/2/2 3696/2/2
f 3696/2/2 3691/2/2 3697/2/2
f 3692/4/2 3693/4/2 3698/4/2
f 3698/4/2 3693/4/2 3699/4/2
f 3700/4/2 3701/4/2 3704/4/2
f 3704/4/2 3701/4/2 3705/4/2
f 3702/5/2 3703/5/2 3706/5/2
f 3706/5/2 3703/5/2 3707/5/2
f 3708/4/2 3709/4/2 3710/4/2
f 3710/4/2 3709/4/2 3711/4/2
f 3695/6/2 3696/6/2 3712/6/2
f 3712/6/2 3696/6/2 3713/6/2
f 3714/5/2 3715/5/2 3719/5/2
f 3719/5/2 3715/5/2 3720/5/2
f 3717/6/2 3718/6/2 3721/6/2
f 3716/6/2 3717/6/2 3721/6/2
f 3721/6/2 3718/6/2 3722/6/2
f 3723/2/2 3724/2/2 3727/2/2
f 3727/2/2 3724/2/2 3728/2/2
f 3725/4/2 3726/4/2 3731/4/2
f 3731/4/2 3726/4/2 3732/4/2
f 3729/3/2 3730/3/2 3733/3/2
f 3733/3/2 3730/3/2 3734/3/2
f 3733/2/2 3734/2/2 3735/2/2
f 3735/2/2 3734/2/2 3736/2/2
f 3735/3/2 3736/3/2 3737/3/2
f 3737/3/2 3736/3/2 3738/3/2
f 3739/4/2 3740/4/2 3741/4/2
f 3741/4/2 3740/4/2 3742/4/2
f 3739/4/2 3741/4/2 3743/4/2
f 3739/4/2 3743/4/2 3746/4/2
f 3746/4/2 3743/4/2 3747/4/2
f 3744/6/2 3745/6/2 3750/6/2
f 3750/6/2 3745/6/2 3751/6/2
f 3748/6/2 3749/6/2 3754/6/2
f 3754/6/2 3749/6/2 3755/6/2
f 3752/5/2 3753/5/2 3756/5/2
f 3756/5/2 3753/5/2 3757/5/2
f 3758/4/2 3759/4/2 3761/4/2
f 3761/4/2 3759/4/2 3762/4/2
f 3760/4/2 3761/4/2 3763/4/2
f 3763/4/2 3761/4/2 3764/4/2
f 3764/4/2 3765/4/2 3768/4/2
f 3768/4/2 3765/4/2 3769/4/2
f 3766/2/2 3767/2/2 3770/2/2
f 3770/2/2 3767/2/2 3771/2/2
f 3772/6/2 3773/6/2 3774/6/2
f 3774/6/2 3773/6/2 3775/6/2
f 3776/1/2 3777/1/2 3781/1/2
f 3781/1/2 3777/1/2 3782/1/2
f 3778/1/2 3779/1/2 3783/1/2
f 3783/1/2 3779/1/2 3784/1/2
f 3780/4/2 3781/4/2 3786/4/2
f 3786/4/2 3781/4/2 3787/4/2
f 3784/1/2 3785/1/2 3788/1/2
f 3788/1/2 3785/1/2 3789/1/2
f 3790/4/2 3791/4/2 3793/4/2
f 3793/4/2 3791/4/2 3794/4/2
f 3792/4/2 3793/4/2 3797/4/2
f 3797/4/2 3793/4/2 3798/4/2
f 3795/2/2 3796/2/2 3800/2/2
f 3800/2/2 3796/2/2 3801/2/2
f 3798/4/2 3799/4/2 3805/4/2
f 3802/3/2 3803/3/2 3806/3/2
f 3806/3/2 3803/3/2 3807/3/2
f 3806/2/2 3807/2/2 3808/2/2
f 3808/2/2 3807/2/2 3809/2/2
f 3804/4/2 3805/4/2 3810/4/2
f 3805/4/2 3799/4/2 3811/4/2
f 3810/4/2 3805/4/2 3811/4/2
f 3811/4/2 3799/4/2 3812/4/2
f 3808/3/2 3809/3/2 3815/3/2
f 3815/3/2 3809/3/2 3816/3/2
f 3813/2/2 3814/2/2 3818/2/2
f 3818/2/2 3814/2/2 3819/2/2
f 3817/6/2 3818/6/2 3822/6/2
f 3822/6/2 3818/6/2 3823/6/2
f 3820/6/2 3821/6/2 3824/6/2
f 3824/6/2 3821/6/2 3825/6/2
f 3826/1/2 3827/1/2 3830/1/2
f 3830/1/2 3827/1/2 3831/1/2
f 3828/1/2 3829/1/2 3832/1/2
f 3832/1/2 3829/1/2 3833/1/2
f 3834/4/2 3835/4/2 3837/4/2
f 3837/4/2 3835/4/2 3838/4/2
f 3839/1/2 3840/1/2 3841/1/2
f 3841/1/2 3840/1/2 3842/1/2
f 3836/4/2 3837/4/2 3844/4/2
f 3843/4/2 3844/4/2 3845/4/2
f 3844/4/2 3837/4/2 3846/4/2
f 3845/4/2 3844/4/2 3846/4/2
f 3843/4/2 3845/4/2 3849/4/2
f 3843/4/2 3849/4/2 3851/4/2
f 3849/4/2 3850/4/2 3851/4/2
f 3851/4/2 3850/4/2 3852/4/2
f 3847/2/2 3848/2/2 3853/2/2
f 3853/2/2 3848/2/2 3854/2/2
f 3855/3/2 3856/3/2 3857/3/2
f 3857/3/2 3856/3/2 3858/3/2
f 3857/2/2 3858/2/2 3859/2/2
f 3859/2/2 3858/2/2 3860/2/2
f 3859/3/2 3860/3/2 3863/3/2
f 3863/3/2 3860/3/2 3864/3/2
f 3861/2/2 3862/2/2 3866/2/2
f 3866/2/2 3862/2/2 3867/2/2
f 3865/6/2 3866/6/2 3868/6/2
f 3869/5/2 3870/5/2 3871/5/2
f 3871/5/2 3870/5/2 3872/5/2
f 3868/6/2 3866/6/2 3878/6/2
f 3878/6/2 3866/6/2 3879/6/2
f 3873/5/2 3874/5/2 3880/5/2
f 3880/5/2 3874/5/2 3881/5/2
f 3876/6/2 3877/6/2 3882/6/2
f 3875/6/2 3876/6/2 3882/6/2
f 3882/6/2 3877/6/2 3883/6/2
f 3884/1/2 3885/1/2 3888/1/2
f 3888/1/2 3885/1/2 3889/1/2
f 3886/1/2 3887/1/2 3892/1/2
f 3892/1/2 3887/1/2 3893/1/2
f 3890/1/2 3891/1/2 3894/1/2
f 3894/1/2 3891/1/2 3895/1/2
f 3896/4/2 3897/4/2 3900/4/2
f 3900/4/2 3897/4/2 3901/4/2
f 3898/1/2 3899/1/2 3902/1/2
f 3902/1/2 3899/1/2 3903/1/2
f 3904/4/2 3905/4/2 3906/4/2
f 3906/4/2 3905/4/2 3907/4/2
f 3904/4/2 3906/4/2 3910/4/2
f 3906/1/2 3907/1/2 3911/1/2
f 3910/4/2 3906/4/2 3911/4/2
f 3911/1/2 3907/1/2 3912/1/2
f 3908/1/2 3909/1/2 3913/1/2
f 3913/1/2 3909/1/2 3914/1/2
f 3915/2/2 3916/2/2 3917/2/2
f 3917/2/2 3916/2/2 3918/2/2
f 3919/2/2 3920/2/2 3924/2/2
f 3924/2/2 3920/2/2 3925/2/2
f 3921/5/2 3922/5/2 3927/5/2
f 3923/5/2 3924/5/2 3928/5/2
f 3928/5/2 3924/5/2 3929/5/2
f 3923/5/2 3928/5/2 3930/5/2
f 3928/6/2 3929/6/2 3931/6/2
f 3930/5/2 3928/5/2 3931/5/2
f 3930/6/2 3931/6/2 3932/6/2
f 3926/5/2 3927/5/2 3933/5/2
f 3927/5/2 3922/5/2 3934/5/2
f 3933/5/2 3927/5/2 3934/5/2
f 3932/6/2 3931/6/2 3939/6/2
f 3931/6/2 3929/6/2 3940/6/2
f 3939/6/2 3931/6/2 3940/6/2
f 3935/5/2 3936/5/2 3941/5/2
f 3941/5/2 3936/5/2 3942/5/2
f 3937/5/2 3938/5/2 3943/5/2
f 3943/5/2 3938/5/2 3944/5/2
f 3945/1/2 3946/1/2 3951/1/2
f 3951/1/2 3946/1/2 3952/1/2
f 3947/1/2 3948/1/2 3953/1/2
f 3953/1/2 3948/1/2 3954/1/2
f 3949/1/2 3950/1/2 3958/1/2
f 3958/1/2 3950/1/2 3959/1/2
f 3955/1/2 3956/1/2 3960/1/2
f 3960/1/2 3956/1/2 3961/1/2
f 3957/1/2 3958/1/2 3964/1/2
f 3964/1/2 3958/1/2 3965/1/2
f 3961/1/2 3962/1/2 3966/1/2
f 3966/1/2 3962/1/2 3967/1/2
f 3963/4/2 3964/4/2 3969/4/2
f 3969/4/2 3964/4/2 3970/4/2
f 3967/1/2 3968/1/2 3971/1/2
f 3971/1/2 3968/1/2 3972/1/2
f 3973/4/2 3974/4/2 3977/4/2
f 3977/4/2 3974/4/2 3978/4/2
f 3975/1/2 3976/1/2 3979/1/2
f 3979/1/2 3976/1/2 3980/1/2
f 3981/2/2 3982/2/2 3983/2/2
f 3983/2/2 3982/2/2 3984/2/2
f 3985/3/2 3986/3/2 3987/3/2
f 3987/3/2 3986/3/2 3988/3/2
f 3987/2/2 3988/2/2 3989/2/2
f 3989/2/2 3988/2/2 3990/2/2
f 3989/3/2 3990/3/2 3993/3/2
f 3993/3/2 3990/3/2 3994/3/2
f 3991/2/2 3992/2/2 3999/2/2
f 3999/2/2 3992/2/2 4000/2/2
f 3997/5/2 3998/5/2 4001/5/2
f 4001/5/2 3998/5/2 4002/5/2
f 3995/5/2 3996/5/2 4003/5/2
f 4003/5/2 3996/5/2 4004/5/2
f 4001/6/2 4002/6/2 4009/6/2
f 4009/6/2 4002/6/2 4010/6/2
f 4005/5/2 4006/5/2 4011/5/2
f 4011/5/2 4006/5/2 4012/5/2
f 4007/5/2 4008/5/2 4013/5/2
f 4013/5/2 4008/5/2 4014/5/2
f 4015/1/2 4016/1/2 4019/1/2
f 4019/1/2 4016/1/2 4020/1/2
f 4017/1/2 4018/1/2 4024/1/2
f 4024/1/2 4018/1/2 4025/1/2
f 4021/1/2 4022/1/2 4026/1/2
f 4026/1/2 4022/1/2 4027/1/2
f 4023/1/2 4024/1/2 4030/1/2
f 4030/1/2 4024/1/2 4031/1/2
f 4027/1/2 4028/1/2 4032/1/2
f 4032/1/2 4028/1/2 4033/1/2
f 4029/1/2 4030/1/2 4036/1/2
f 4036/1/2 4030/1/2 4037/1/2
f 4033/1/2 4034/1/2 4038/1/2
f 4038/1/2 4034/1/2 4039/1/2
f 4035/4/2 4036/4/2 4041/4/2
f 4041/4/2 4036/4/2 4042/4/2
f 4039/1/2 4040/1/2 4043/1/2
f 4043/1/2 4040/1/2 4044/1/2
f 4045/4/2 4046/4/2 4049/4/2
f 4049/4/2 4046/4/2 4050/4/2
f 4047/1/2 4048/1/2 4051/1/2
f 4051/1/2 4048/1/2 4052/1/2
f 4053/2/2 4054/2/2 4055/2/2
f 4055/2/2 4054/2/2 4056/2/2
f 4057/3/2 4058/3/2 4059/3/2
f 4059/3/2 4058/3/2 4060/3/2
f 4059/2/2 4060/2/2 4061/2/2
f 4061/2/2 4060/2/2 4062/2/2
f 4061/3/2 4062/3/2 4067/3/2
f 4067/3/2 4062/3/2 4068/3/2
f 4063/2/2 4064/2/2 4070/2/2
f 4069/2/2 4070/2/2 4071/2/2
f 4070/2/2 4064/2/2 4072/2/2
f 4071/2/2 4070/2/2 4072/2/2
f 4065/2/2 4066/2/2 4075/2/2
f 4075/2/2 4066/2/2 4076/2/2
f 4072/5/2 4073/5/2 4077/5/2
f 4077/5/2 4073/5/2 4078/5/2
f 4074/5/2 4075/5/2 4084/5/2
f 4084/5/2 4075/5/2 4085/5/2
f 4080/4/2 4081/4/2 4086/4/2
f 4079/5/2 4080/5/2 4087/5/2
f 4080/4/2 4086/4/2 4088/4/2
f 4087/5/2 4080/5/2 4088/5/2
f 4088/4/2 4086/4/2 4089/4/2
f 4082/5/2 4083/5/2 4090/5/2
f 4090/5/2 4083/5/2 4091/5/2
f 4092/1/2 4093/1/2 4097/1/2
f 4097/1/2 4093/1/2 4098/1/2
f 4094/1/2 4095/1/2 4099/1/2
f 4099/1/2 4095/1/2 4100/1/2
f 4096/1/2 4097/1/2 4103/1/2
f 4103/1/2 4097/1/2 4104/1/2
f 4100/1/2 4101/1/2 4105/1/2
f 4105/1/2 4101/1/2 4106/1/2
f 4102/1/2 4103/1/2 4109/1/2
f 4109/1/2 4103/1/2 4110/1/2
f 4106/1/2 4107/1/2 4111/1/2
f 4111/1/2 4107/1/2 4112/1/2
f 4108/1/2 4109/1/2 4115/1/2
f 4115/1/2 4109/1/2 4116/1/2
f 4112/1/2 4113/1/2 4117/1/2
f 4117/1/2 4113/1/2 4118/1/2
f 4114/4/2 4115/4/2 4120/4/2
f 4120/4/2 4115/4/2 4121/4/2
f 4118/1/2 4119/1/2 4122/1/2
f 4122/1/2 4119/1/2 4123/1/2
f 4124/2/2 4125/2/2 4126/2/2
f 4126/2/2 4125/2/2 4127/2/2
f 4128/3/2 4129/3/2 4130/3/2
f 4130/3/2 4129/3/2 4131/3/2
f 4130/2/2 4131/2/2 4132/2/2
f 4132/2/2 4131/2/2 4133/2/2
f 4132/3/2 4133/3/2 4138/3/2
f 4138/3/2 4133/3/2 4139/3/2
f 4134/2/2 4135/2/2 4140/2/2
f 4140/2/2 4135/2/2 4141/2/2
f 4136/2/2 4137/2/2 4146/2/2
f 4146/2/2 4137/2/2 4147/2/2
f 4142/5/2 4143/5/2 4148/5/2
f 4148/5/2 4143/5/2 4149/5/2
f 4144/5/2 4145/5/2 4155/5/2
f 4155/5/2 4145/5/2 4156/5/2
f 4150/4/2 4151/4/2 4157/4/2
f 4151/5/2 4152/5/2 4158/5/2
f 4157/4/2 4151/4/2 4158/4/2
f 4157/5/2 4158/5/2 4159/5/2
f 4158/5/2 4152/5/2 4160/5/2
f 4159/5/2 4158/5/2 4160/5/2
f 4153/5/2 4154/5/2 4161/5/2
f 4161/5/2 4154/5/2 4162/5/2
f 4163/1/2 4164/1/2 4166/1/2
f 4166/1/2 4164/1/2 4167/1/2
f 4165/1/2 4166/1/2 4170/1/2
f 4170/1/2 4166/1/2 4171/1/2
f 4167/1/2 4168/1/2 4172/1/2
f 4172/1/2 4168/1/2 4173/1/2
f 4169/1/2 4170/1/2 4176/1/2
f 4176/1/2 4170/1/2 4177/1/2
f 4173/1/2 4174/1/2 4178/1/2
f 4178/1/2 4174/1/2 4179/1/2
f 4175/1/2 4176/1/2 4182/1/2
f 4182/1/2 4176/1/2 4183/1/2
f 4179/1/2 4180/1/2 4184/1/2
f 4184/1/2 4180/1/2 4185/1/2
f 4181/1/2 4182/1/2 4188/1/2
f 4188/1/2 4182/1/2 4189/1/2
f 4185/1/2 4186/1/2 4190/1/2
f 4190/1/2 4186/1/2 4191/1/2
f 4187/4/2 4188/4/2 4195/4/2
f 4195/4/2 4188/4/2 4196/4/2
f 4191/1/2 4192/1/2 4197/1/2
f 4197/1/2 4192/1/2 4198/1/2
f 4193/2/2 4194/2/2 4201/2/2
f 4201/2/2 4194/2/2 4202/2/2
f 4199/2/2 4200/2/2 4203/2/2
f 4203/2/2 4200/2/2 4204/2/2
f 4205/3/2 4206/3/2 4207/3/2
f 4207/3/2 4206/3/2 4208/3/2
f 4207/2/2 4208/2/2 4209/2/2
f 4209/2/2 4208/2/2 4210/2/2
f 4209/3/2 4210/3/2 4215/3/2
f 4215/3/2 4210/3/2 4216/3/2
f 4211/2/2 4212/2/2 4217/2/2
f 4217/2/2 4212/2/2 4218/2/2
f 4213/2/2 4214/2/2 4222/2/2
f 4222/2/2 4214/2/2 4223/2/2
f 4219/4/2 4220/4/2 4224/4/2
f 4218/5/2 4219/5/2 4225/5/2
f 4219/4/2 4224/4/2 4226/4/2
f 4225/5/2 4219/5/2 4226/5/2
f 4226/4/2 4224/4/2 4227/4/2
f 4221/5/2 4222/5/2 4230/5/2
f 4230/5/2 4222/5/2 4231/5/2
f 4228/5/2 4229/5/2 4232/5/2
f 4232/5/2 4229/5/2 4233/5/2
f 4234/1/2 4235/1/2 4237/1/2
f 4237/1/2 4235/1/2 4238/1/2
f 4236/1/2 4237/1/2 4241/1/2
f 4238/1/2 4239/1/2 4241/1/2
f 4237/1/2 4238/1/2 4241/1/2
f 4241/1/2 4239/1/2 4242/1/2
f 4242/1/2 4239/1/2 4243/1/2
f 4243/1/2 4239/1/2 4244/1/2
f 4240/1/2 4241/1/2 4247/1/2
f 4241/1/2 4242/1/2 4247/1/2
f 4247/1/2 4242/1/2 4248/1/2
f 4248/1/2 4242/1/2 4249/1/2
f 4243/1/2 4244/1/2 4250/1/2
f 4244/1/2 4245/1/2 4250/1/2
f 4250/1/2 4245/1/2 4251/1/2
f 4251/1/2 4245/1/2 4252/1/2
f 4247/1/2 4248/1/2 4254/1/2
f 4246/1/2 4247/1/2 4254/1/2
f 4254/1/2 4248/1/2 4255/1/2
f 4252/1/2 4253/1/2 4256/1/2
f 4251/1/2 4252/1/2 4256/1/2
f 4256/1/2 4253/1/2 4257/1/2
f 4246/1/2 4254/1/2 4259/1/2
f 4257/1/2 4253/1/2 4260/1/2
f 4258/1/2 4259/1/2 4264/1/2
f 4259/1/2 4254/1/2 4265/1/2
f 4264/1/2 4259/1/2 4265/1/2
f 4257/1/2 4260/1/2 4266/1/2
f 4260/1/2 4261/1/2 4266/1/2
f 4266/1/2 4261/1/2 4267/1/2
f 4262/2/2 4263/2/2 4270/2/2
f 4270/2/2 4263/2/2 4271/2/2
f 4268/2/2 4269/2/2 4272/2/2
f 4272/2/2 4269/2/2 4273/2/2
f 4274/3/2 4275/3/2 4276/3/2
f 4276/3/2 4275/3/2 4277/3/2
f 4276/2/2 4277/2/2 4278/2/2
f 4278/2/2 4277/2/2 4279/2/2
f 4278/3/2 4279/3/2 4285/3/2
f 4285/3/2 4279/3/2 4286/3/2
f 4280/2/2 4281/2/2 4287/2/2
f 4281/4/2 4282/4/2 4288/4/2
f 4287/2/2 4281/2/2 4288/2/2
f 4288/4/2 4282/4/2 4289/4/2
f 4283/2/2 4284/2/2 4293/2/2
f 4293/2/2 4284/2/2 4294/2/2
f 4289/4/2 4290/4/2 4295/4/2
f 4290/5/2 4291/5/2 4296/5/2
f 4295/4/2 4290/4/2 4296/4/2
f 4295/5/2 4296/5/2 4297/5/2
f 4296/5/2 4291/5/2 4298/5/2
f 4297/5/2 4296/5/2 4298/5/2
f 4292/5/2 4293/5/2 4299/5/2
f 4299/5/2 4293/5/2 4300/5/2
f 4301/1/2 4302/1/2 4304/1/2
f 4304/1/2 4302/1/2 4305/1/2
f 4303/1/2 4304/1/2 4308/1/2
f 4305/1/2 4306/1/2 4308/1/2
f 4304/1/2 4305/1/2 4308/1/2
f 4308/1/2 4306/1/2 4309/1/2
f 4309/1/2 4306/1/2 4310/1/2
f 4310/1/2 4306/1/2 4311/1/2
f 4307/1/2 4308/1/2 4313/1/2
f 4308/1/2 4309/1/2 4313/1/2
f 4313/1/2 4309/1/2 4314/1/2
f 4311/1/2 4312/1/2 4315/1/2
f 4310/1/2 4311/1/2 4315/1/2
f 4315/1/2 4312/1/2 4316/1/2
f 4307/1/2 4313/1/2 4319/1/2
f 4319/1/2 4313/1/2 4320/1/2
f 4316/1/2 4312/1/2 4321/1/2
f 4321/1/2 4312/1/2 4322/1/2
f 4317/2/2 4318/2/2 4325/2/2
f 4325/2/2 4318/2/2 4326/2/2
f 4323/2/2 4324/2/2 4327/2/2
f 4327/2/2 4324/2/2 4328/2/2
f 4329/3/2 4330/3/2 4331/3/2
f 4331/3/2 4330/3/2 4332/3/2
f 4331/2/2 4332/2/2 4333/2/2
f 4333/2/2 4332/2/2 4334/2/2
f 4333/3/2 4334/3/2 4339/3/2
f 4339/3/2 4334/3/2 4340/3/2
f 4335/2/2 4336/2/2 4341/2/2
f 4341/2/2 4336/2/2 4342/2/2
f 4337/2/2 4338/2/2 4343/2/2
f 4343/2/2 4338/2/2 4344/2/2
f 4342/5/2 4343/5/2 4345/5/2
f 4345/5/2 4343/5/2 4346/5/2
f 4347/1/2 4348/1/2 4350/1/2
f 4350/1/2 4348/1/2 4351/1/2
f 4349/1/2 4350/1/2 4355/1/2
f 4350/1/2 4351/1/2 4355/1/2
f 4351/1/2 4352/1/2 4355/1/2
f 4355/1/2 4352/1/2 4356/1/2
f 4353/2/2 4354/2/2 4359/2/2
f 4359/2/2 4354/2/2 4360/2/2
f 4357/2/2 4358/2/2 4361/2/2
f 4361/2/2 4358/2/2 4362/2/2
f 4363/3/2 4364/3/2 4365/3/2
f 4365/3/2 4364/3/2 4366/3/2
f 4365/2/2 4366/2/2 4367/2/2
f 4367/2/2 4366/2/2 4368/2/2
f 4367/3/2 4368/3/2 4371/3/2
f 4371/3/2 4368/3/2 4372/3/2
f 4369/2/2 4370/2/2 4373/2/2
f 4373/2/2 4370/2/2 4374/2/2
f 4375/2/2 4376/2/2 4381/2/2
f 4381/2/2 4376/2/2 4382/2/2
f 4377/2/2 4378/2/2 4383/2/2
f 4383/2/2 4378/2/2 4384/2/2
f 4379/3/2 4380/3/2 4387/3/2
f 4387/3/2 4380/3/2 4388/3/2
f 4385/3/2 4386/3/2 4389/3/2
f 4389/3/2 4386/3/2 4390/3/2
f 4387/2/2 4388/2/2 4391/2/2
f 4391/2/2 4388/2/2 4392/2/2
f 4389/2/2 4390/2/2 4393/2/2
f 4393/2/2 4390/2/2 4394/2/2
f 4391/3/2 4392/3/2 4395/3/2
f 4395/3/2 4392/3/2 4396/3/2
f 4393/3/2 4394/3/2 4397/3/2
f 4397/3/2 4394/3/2 4398/3/2
f 4399/2/2 4400/2/2 4405/2/2
f 4405/2/2 4400/2/2 4406/2/2
f 4401/2/2 4402/2/2 4407/2/2
f 4407/2/2 4402/2/2 4408/2/2
f 4403/3/2 4404/3/2 4411/3/2
f 4411/3/2 4404/3/2 4412/3/2
f 4409/3/2 4410/3/2 4413/3/2
f 4413/3/2 4410/3/2 4414/3/2
f 4411/2/2 4412/2/2 4415/2/2
f 4415/2/2 4412/2/2 4416/2/2
f 4413/2/2 4414/2/2 4417/2/2
f 4417/2/2 4414/2/2 4418/2/2
f 4415/3/2 4416/3/2 4419/3/2
f 4419/3/2 4416/3/2 4420/3/2
f 4417/3/2 4418/3/2 4421/3/2
f 4421/3/2 4418/3/2 4422/3/2
f 4423/2/2 4424/2/2 4427/2/2
f 4427/2/2 4424/2/2 4428/2/2
f 4425/3/2 4426/3/2 4431/3/2
f 4431/3/2 4426/3/2 4432/3/2
f 4429/3/2 4430/3/2 4433/3/2
f 4433/3/2 4430/3/2 4434/3/2
f 4431/2/2 4432/2/2 4435/2/2
f 4435/2/2 4432/2/2 4436/2/2
f 4433/2/2 4434/2/2 4437/2/2
f 4437/2/2 4434/2/2 4438/2/2
f 4435/3/2 4436/3/2 4439/3/2
f 4439/3/2 4436/3/2 4440/3/2
f 4437/3/2 4438/3/2 4441/3/2
f 4441/3/2 4438/3/2 4442/3/2
f 4443/3/2 4444/3/2 4447/3/2
f 4447/3/2 4444/3/2 4448/3/2
f 4445/3/2 4446/3/2 4449/3/2
f 4449/3/2 4446/3/2 4450/3/2
f 4447/2/2 4448/2/2 4451/2/2
f 4451/2/2 4448/2/2 4452/2/2
f 4449/2/2 4450/2/2 4453/2/2
f 4453/2/2 4450/2/2 4454/2/2
f 4451/3/2 4452/3/2 4455/3/2
f 4455/3/2 4452/3/2 4456/3/2
f 4453/3/2 4454/3/2 4457/3/2
f 4457/3/2 4454/3/2 4458/3/2
f 4459/3/2 4460/3/2 4463/3/2
f 4463/3/2 4460/3/2 4464/3/2
f 4461/3/2 4462/3/2 4465/3/2
f 4465/3/2 4462/3/2 4466/3/2
f 4463/2/2 4464/2/2 4467/2/2
f 4467/2/2 4464/2/2 4468/2/2
f 4465/2/2 4466/2/2 4469/2/2
f 4469/2/2 4466/2/2 4470/2/2
f 4467/3/2 4468/3/2 4471/3/2
f 4471/3/2 4468/3/2 4472/3/2
f 4469/3/2 4470/3/2 4473/3/2
f 4473/3/2 4470/3/2 4474/3/2
f 4475/3/2 4476/3/2 4479/3/2
f 4479/3/2 4476/3/2 4480/3/2
f 4477/3/2 4478/3/2 4481/3/2
f 4481/3/2 4478/3/2 4482/3/2
f 4479/2/2 4480/2/2 4483/2/2
f 4483/2/2 4480/2/2 4484/2/2
f 4481/2/2 4482/2/2 4485/2/2
f 4485/2/2 4482/2/2 4486/2/2
f 4483/3/2 4484/3/2 4487/3/2
f 4487/3/2 4484/3/2 4488/3/2
f 4485/3/2 4486/3/2 4489/3/2
f 4489/3/2 4486/3/2 4490/3/2
f 4491/3/2 4492/3/2 4495/3/2
f 4495/3/2 4492/3/2 4496/3/2
f 4493/3/2 4494/3/2 4497/3/2
f 4497/3/2 4494/3/2 4498/3/2
f 4495/2/2 4496/2/2 4499/2/2
f 4499/2/2 4496/2/2 4500/2/2
f 4497/2/2 4498/2/2 4501/2/2
f 4501/2/2 4498/2/2 4502/2/2
f 4499/3/2 4500/3/2 4503/3/2
f 4503/3/2 4500/3/2 4504/3/2
f 4501/3/2 4502/3/2 4505/3/2
f 4505/3/2 4502/3/2 4506/3/2
f 4507/3/2 4508/3/2 4509/3/2
f 4509/3/2 4508/3/2 4510/3/2
f 4509/2/2 4510/2/2 4511/2/2
f 4511/2/2 4510/2/2 4512/2/2
f 4511/3/2 4512/3/2 4513/3/2
f 4513/3/2 4512/3/2 4514/3/2
f 4517/1/3 4516/1/3 4515/1/3
f 4518/1/3 4516/1/3 4517/1/3
f 4521/2/3 4520/2/3 4519/2/3
f 4522/2/3 4520/2/3 4521/2/3
f 4529/1/3 4524/1/3 4523/1/3
f 4530/1/3 4524/1/3 4529/1/3
f 4531/1/3 4526/1/3 4525/1/3
f 4532/1/3 4526/1/3 4531/1/3
f 4534/4/3 4528/4/3 4527/4/3
f 4535/4/3 4528/4/3 4534/4/3
f 4535/4/3 4534/4/3 4533/4/3
f 4536/4/3 4528/4/3 4535/4/3
f 4537/4/3 4535/4/3 4533/4/3
f 4538/4/3 4535/4/3 4537/4/3
f 4542/4/3 4540/4/3 4539/4/3
f 4543/4/3 4540/4/3 4542/4/3
f 4543/4/3 4542/4/3 4541/4/3
f 4544/4/3 4540/4/3 4543/4/3
f 4545/4/3 4543/4/3 4541/4/3
f 4549/4/3 4545/4/3 4541/4/3
f 4549/4/3 4546/4/3 4545/4/3
f 4550/4/3 4546/4/3 4549/4/3
f 4551/4/3 4546/4/3 4550/4/3
f 4552/4/3 4546/4/3 4551/4/3
f 4553/4/3 4548/4/3 4547/4/3
f 4554/4/3 4548/4/3 4553/4/3
f 4557/2/3 4556/2/3 4555/2/3
f 4559/2/3 4557/2/3 4555/2/3
f 4559/2/3 4558/2/3 4557/2/3
f 4560/2/3 4558/2/3 4559/2/3
f 4561/2/3 4558/2/3 4560/2/3
f 4564/2/3 4562/2/3 4561/2/3
f 4564/2/3 4561/2/3 4560/2/3
f 4565/2/3 4562/2/3 4564/2/3
f 4567/2/3 4564/2/3 4563/2/3
f 4568/2/3 4564/2/3 4567/2/3
f 4569/4/3 4566/4/3 4565/4/3
f 4574/4/3 4570/4/3 4569/4/3
f 4574/4/3 4569/4/3 4565/4/3
f 4575/1/3 4572/1/3 4571/1/3
f 4576/1/3 4572/1/3 4575/1/3
f 4577/1/3 4572/1/3 4576/1/3
f 4578/4/3 4574/4/3 4573/4/3
f 4579/4/3 4570/4/3 4574/4/3
f 4579/4/3 4574/4/3 4578/4/3
f 4580/4/3 4570/4/3 4579/4/3
f 4581/4/3 4570/4/3 4580/4/3
f 4584/1/3 4577/1/3 4576/1/3
f 4585/4/3 4570/4/3 4581/4/3
f 4586/4/3 4570/4/3 4585/4/3
f 4587/1/3 4583/1/3 4582/1/3
f 4587/1/3 4584/1/3 4583/1/3
f 4588/1/3 4577/1/3 4584/1/3
f 4588/1/3 4584/1/3 4587/1/3
f 4589/4/3 4578/4/3 4577/4/3
f 4589/1/3 4577/1/3 4588/1/3
f 4590/4/3 4578/4/3 4589/4/3
f 4593/4/3 4592/4/3 4591/4/3
f 4596/4/3 4580/4/3 4579/4/3
f 4597/4/3 4589/4/3 4588/4/3
f 4598/4/3 4596/4/3 4595/4/3
f 4600/4/3 4594/4/3 4593/4/3
f 4600/4/3 4593/4/3 4591/4/3
f 4601/4/3 4594/4/3 4600/4/3
f 4602/4/3 4594/4/3 4601/4/3
f 4603/4/3 4597/4/3 4588/4/3
f 4603/4/3 4598/4/3 4597/4/3
f 4604/4/3 4596/4/3 4598/4/3
f 4604/4/3 4598/4/3 4603/4/3
f 4604/4/3 4580/4/3 4596/4/3
f 4605/4/3 4601/4/3 4600/4/3
f 4605/4/3 4600/4/3 4599/4/3
f 4606/4/3 4601/4/3 4605/4/3
f 4608/4/3 4603/4/3 4588/4/3
f 4609/4/3 4603/4/3 4608/4/3
f 4611/4/3 4605/4/3 4599/4/3
f 4612/4/3 4605/4/3 4611/4/3
f 4613/4/3 4605/4/3 4612/4/3
f 4615/4/3 4580/4/3 4604/4/3
f 4616/4/3 4580/4/3 4615/4/3
f 4617/4/3 4612/4/3 4611/4/3
f 4617/4/3 4611/4/3 4610/4/3
f 4618/4/3 4616/4/3 4615/4/3
f 4618/4/3 4617/4/3 4616/4/3
f 4618/4/3 4615/4/3 4614/4/3
f 4619/4/3 4617/4/3 4618/4/3
f 4620/4/3 4612/4/3 4617/4/3
f 4620/4/3 4617/4/3 4619/4/3
f 4621/4/3 4612/4/3 4620/4/3
f 4622/4/3 4608/4/3 4607/4/3
f 4623/4/3 4608/4/3 4622/4/3
f 4625/4/3 4624/4/3 4623/4/3
f 4626/4/3 4624/4/3 4625/4/3
f 4627/4/3 4624/4/3 4626/4/3
f 4628/4/3 4620/4/3 4619/4/3
f 4629/4/3 4627/4/3 4626/4/3
f 4629/4/3 4628/4/3 4627/4/3
f 4630/4/3 4620/4/3 4628/4/3
f 4630/4/3 4628/4/3 4629/4/3
f 4631/4/3 4620/4/3 4630/4/3
f 4632/4/3 4612/4/3 4621/4/3
f 4633/4/3 4612/4/3 4632/4/3
f 4634/4/3 4631/4/3 4630/4/3
f 4634/4/3 4632/4/3 4631/4/3
f 4635/4/3 4632/4/3 4634/4/3
f 4636/4/3 4634/4/3 4630/4/3
f 4637/4/3 4634/4/3 4636/4/3
f 4642/3/3 4639/3/3 4638/3/3
f 4643/2/3 4640/2/3 4639/2/3
f 4643/3/3 4639/3/3 4642/3/3
f 4644/3/3 4641/3/3 4640/3/3
f 4644/2/3 4640/2/3 4643/2/3
f 4645/3/3 4641/3/3 4644/3/3
f 4648/2/3 4647/2/3 4646/2/3
f 4649/2/3 4647/2/3 4648/2/3
f 4652/2/3 4650/2/3 4649/2/3
f 4653/2/3 4650/2/3 4652/2/3
f 4654/2/3 4650/2/3 4653/2/3
f 4655/4/3 4651/4/3 4650/4/3
f 4655/2/3 4650/2/3 4654/2/3
f 4657/4/3 4651/4/3 4655/4/3
f 4658/4/3 4651/4/3 4657/4/3
f 4661/2/3 4657/2/3 4656/2/3
f 4662/2/3 4657/2/3 4661/2/3
f 4663/2/3 4657/2/3 4662/2/3
f 4664/4/3 4659/4/3 4658/4/3
f 4665/4/3 4659/4/3 4664/4/3
f 4668/2/3 4661/2/3 4660/2/3
f 4668/2/3 4662/2/3 4661/2/3
f 4669/4/3 4663/4/3 4662/4/3
f 4669/2/3 4662/2/3 4668/2/3
f 4670/4/3 4663/4/3 4669/4/3
f 4671/1/3 4668/1/3 4667/1/3
f 4672/1/3 4668/1/3 4671/1/3
f 4677/4/3 4674/4/3 4673/4/3
f 4678/4/3 4666/4/3 4665/4/3
f 4679/4/3 4666/4/3 4678/4/3
f 4682/1/3 4676/1/3 4675/1/3
f 4683/1/3 4676/1/3 4682/1/3
f 4687/4/3 4680/4/3 4679/4/3
f 4687/4/3 4677/4/3 4673/4/3
f 4687/4/3 4678/4/3 4677/4/3
f 4687/4/3 4679/4/3 4678/4/3
f 4688/4/3 4680/4/3 4687/4/3
f 4689/4/3 4680/4/3 4688/4/3
f 4690/4/3 4680/4/3 4689/4/3
f 4691/4/3 4680/4/3 4690/4/3
f 4693/1/3 4684/1/3 4683/1/3
f 4693/1/3 4683/1/3 4682/1/3
f 4693/1/3 4682/1/3 4681/1/3
f 4694/1/3 4684/1/3 4693/1/3
f 4695/1/3 4686/1/3 4685/1/3
f 4696/1/3 4686/1/3 4695/1/3
f 4697/4/3 4692/4/3 4691/4/3
f 4697/4/3 4691/4/3 4690/4/3
f 4698/4/3 4692/4/3 4697/4/3
f 4702/4/3 4689/4/3 4688/4/3
f 4703/4/3 4689/4/3 4702/4/3
f 4705/4/3 4692/4/3 4698/4/3
f 4706/4/3 4692/4/3 4705/4/3
f 4708/4/3 4705/4/3 4704/4/3
f 4709/4/3 4705/4/3 4708/4/3
f 4710/4/3 4700/4/3 4699/4/3
f 4711/4/3 4700/4/3 4710/4/3
f 4712/4/3 4700/4/3 4711/4/3
f 4713/4/3 4687/4/3 4673/4/3
f 4714/4/3 4702/4/3 4701/4/3
f 4715/4/3 4702/4/3 4714/4/3
f 4717/4/3 4708/4/3 4707/4/3
f 4718/4/3 4708/4/3 4717/4/3
f 4719/4/3 4713/4/3 4673/4/3
f 4719/4/3 4714/4/3 4713/4/3
f 4720/4/3 4714/4/3 4719/4/3
f 4723/4/3 4722/4/3 4721/4/3
f 4724/4/3 4722/4/3 4723/4/3
f 4727/4/3 4717/4/3 4716/4/3
f 4728/4/3 4717/4/3 4727/4/3
f 4729/4/3 4725/4/3 4724/4/3
f 4730/4/3 4725/4/3 4729/4/3
f 4732/4/3 4727/4/3 4726/4/3
f 4733/4/3 4727/4/3 4732/4/3
f 4734/4/3 4725/4/3 4730/4/3
f 4735/4/3 4725/4/3 4734/4/3
f 4736/4/3 4732/4/3 4731/4/3
f 4737/4/3 4732/4/3 4736/4/3
f 4738/4/3 4736/4/3 4735/4/3
f 4739/4/3 4736/4/3 4738/4/3
f 4744/3/3 4741/3/3 4740/3/3
f 4745/3/3 4741/3/3 4744/3/3
f 4746/3/3 4743/3/3 4742/3/3
f 4747/3/3 4743/3/3 4746/3/3
f 4752/3/3 4749/3/3 4748/3/3
f 4753/2/3 4750/2/3 4749/2/3
f 4753/3/3 4749/3/3 4752/3/3
f 4754/3/3 4751/3/3 4750/3/3
f 4754/2/3 4750/2/3 4753/2/3
f 4755/3/3 4751/3/3 4754/3/3
f 4760/2/3 4759/2/3 4758/2/3
f 4761/2/3 4759/2/3 4760/2/3
f 4762/4/3 4757/4/3 4756/4/3
f 4763/4/3 4757/4/3 4762/4/3
f 4765/4/3 4764/4/3 4763/4/3
f 4766/4/3 4764/4/3 4765/4/3
f 4769/4/3 4768/4/3 4767/4/3
f 4770/4/3 4768/4/3 4769/4/3
f 4776/4/3 4771/4/3 4770/4/3
f 4777/4/3 4771/4/3 4776/4/3
f 4780/1/3 4773/1/3 4772/1/3
f 4781/1/3 4773/1/3 4780/1/3
f 4782/1/3 4773/1/3 4781/1/3
f 4784/4/3 4778/4/3 4777/4/3
f 4787/1/3 4780/1/3 4779/1/3
f 4788/1/3 4780/1/3 4787/1/3
f 4789/4/3 4782/4/3 4781/4/3
f 4790/1/3 4783/1/3 4782/1/3
f 4790/4/3 4782/4/3 4789/4/3
f 4791/1/3 4783/1/3 4790/1/3
f 4792/1/3 4787/1/3 4786/1/3
f 4793/1/3 4787/1/3 4792/1/3
f 4794/4/3 4775/4/3 4774/4/3
f 4795/4/3 4775/4/3 4794/4/3
f 4797/4/3 4784/4/3 4777/4/3
f 4797/4/3 4785/4/3 4784/4/3
f 4798/4/3 4797/4/3 4796/4/3
f 4799/4/3 4789/4/3 4788/4/3
f 4800/4/3 4789/4/3 4799/4/3
f 4802/4/3 4794/4/3 4774/4/3
f 4803/4/3 4794/4/3 4802/4/3
f 4804/4/3 4797/4/3 4798/4/3
f 4805/4/3 4785/4/3 4797/4/3
f 4805/4/3 4797/4/3 4804/4/3
f 4806/4/3 4801/4/3 4800/4/3
f 4807/4/3 4801/4/3 4806/4/3
f 4810/1/3 4809/1/3 4808/1/3
f 4811/1/3 4809/1/3 4810/1/3
f 4813/1/3 4812/1/3 4811/1/3
f 4814/1/3 4812/1/3 4813/1/3
f 4817/5/3 4816/5/3 4815/5/3
f 4818/5/3 4816/5/3 4817/5/3
f 4823/3/3 4820/3/3 4819/3/3
f 4824/3/3 4820/3/3 4823/3/3
f 4825/3/3 4822/3/3 4821/3/3
f 4826/3/3 4822/3/3 4825/3/3
f 4827/2/3 4825/2/3 4824/2/3
f 4828/2/3 4825/2/3 4827/2/3
f 4834/4/3 4830/4/3 4829/4/3
f 4835/4/3 4830/4/3 4834/4/3
f 4837/2/3 4832/2/3 4831/2/3
f 4838/2/3 4832/2/3 4837/2/3
f 4839/4/3 4834/4/3 4833/4/3
f 4840/4/3 4834/4/3 4839/4/3
f 4841/2/3 4840/2/3 4839/2/3
f 4842/2/3 4840/2/3 4841/2/3
f 4843/4/3 4836/4/3 4835/4/3
f 4844/4/3 4836/4/3 4843/4/3
f 4846/4/3 4845/4/3 4844/4/3
f 4847/4/3 4845/4/3 4846/4/3
f 4849/4/3 4848/4/3 4847/4/3
f 4850/4/3 4848/4/3 4849/4/3
f 4855/4/3 4852/4/3 4851/4/3
f 4856/4/3 4852/4/3 4855/4/3
f 4859/1/3 4854/1/3 4853/1/3
f 4860/1/3 4854/1/3 4859/1/3
f 4862/1/3 4859/1/3 4858/1/3
f 4863/1/3 4859/1/3 4862/1/3
f 4864/1/3 4859/1/3 4863/1/3
f 4866/1/3 4862/1/3 4861/1/3
f 4866/1/3 4863/1/3 4862/1/3
f 4867/1/3 4863/1/3 4866/1/3
f 4868/1/3 4863/1/3 4867/1/3
f 4869/1/3 4866/1/3 4865/1/3
f 4869/1/3 4867/1/3 4866/1/3
f 4870/1/3 4867/1/3 4869/1/3
f 4875/4/3 4872/4/3 4871/4/3
f 4876/4/3 4872/4/3 4875/4/3
f 4877/4/3 4857/4/3 4856/4/3
f 4878/4/3 4857/4/3 4877/4/3
f 4879/4/3 4876/4/3 4875/4/3
f 4879/4/3 4877/4/3 4876/4/3
f 4880/4/3 4877/4/3 4879/4/3
f 4881/4/3 4874/4/3 4873/4/3
f 4882/4/3 4874/4/3 4881/4/3
f 4884/4/3 4879/4/3 4875/4/3
f 4885/4/3 4879/4/3 4884/4/3
f 4886/4/3 4883/4/3 4882/4/3
f 4887/4/3 4883/4/3 4886/4/3
f 4888/1/3 4869/1/3 4865/1/3
f 4889/1/3 4869/1/3 4888/1/3
f 4892/1/3 4891/1/3 4890/1/3
f 4893/1/3 4891/1/3 4892/1/3
f 4895/1/3 4894/1/3 4893/1/3
f 4896/1/3 4894/1/3 4895/1/3
f 4898/1/3 4897/1/3 4896/1/3
f 4899/1/3 4897/1/3 4898/1/3
f 4900/1/3 4897/1/3 4899/1/3
f 4901/1/3 4897/1/3 4900/1/3
f 4906/4/3 4903/4/3 4902/4/3
f 4908/4/3 4905/4/3 4904/4/3
f 4908/4/3 4906/4/3 4905/4/3
f 4909/4/3 4906/4/3 4908/4/3
f 4909/4/3 4908/4/3 4907/4/3
f 4910/4/3 4903/4/3 4906/4/3
f 4910/4/3 4906/4/3 4909/4/3
f 4911/4/3 4909/4/3 4907/4/3
f 4912/4/3 4909/4/3 4911/4/3
f 4913/4/3 4909/4/3 4912/4/3
f 4914/4/3 4909/4/3 4913/4/3
f 4917/5/3 4916/5/3 4915/5/3
f 4919/5/3 4917/5/3 4915/5/3
f 4919/5/3 4918/5/3 4917/5/3
f 4920/5/3 4918/5/3 4919/5/3
f 4925/2/3 4922/2/3 4921/2/3
f 4926/3/3 4923/3/3 4922/3/3
f 4926/2/3 4922/2/3 4925/2/3
f 4927/3/3 4923/3/3 4926/3/3
f 4928/2/3 4925/2/3 4924/2/3
f 4928/2/3 4926/2/3 4925/2/3
f 4929/2/3 4926/2/3 4928/2/3
f 4934/3/3 4931/3/3 4930/3/3
f 4935/2/3 4932/2/3 4931/2/3
f 4935/3/3 4931/3/3 4934/3/3
f 4936/3/3 4933/3/3 4932/3/3
f 4936/2/3 4932/2/3 4935/2/3
f 4937/3/3 4933/3/3 4936/3/3
f 4941/4/3 4939/4/3 4938/4/3
f 4945/4/3 4941/4/3 4940/4/3
f 4946/4/3 4939/4/3 4941/4/3
f 4946/4/3 4941/4/3 4945/4/3
f 4947/2/3 4943/2/3 4942/2/3
f 4948/2/3 4943/2/3 4947/2/3
f 4949/4/3 4945/4/3 4944/4/3
f 4950/4/3 4945/4/3 4949/4/3
f 4951/4/3 4939/4/3 4946/4/3
f 4952/4/3 4939/4/3 4951/4/3
f 4953/2/3 4949/2/3 4948/2/3
f 4954/2/3 4949/2/3 4953/2/3
f 4957/4/3 4956/4/3 4955/4/3
f 4958/4/3 4956/4/3 4957/4/3
f 4961/4/3 4960/4/3 4959/4/3
f 4962/4/3 4960/4/3 4961/4/3
f 4965/4/3 4964/4/3 4963/4/3
f 4966/4/3 4964/4/3 4965/4/3
f 4967/4/3 4964/4/3 4966/4/3
f 4968/4/3 4964/4/3 4967/4/3
f 4969/4/3 4964/4/3 4968/4/3
f 4970/4/3 4964/4/3 4969/4/3
f 4974/1/3 4972/1/3 4971/1/3
f 4976/1/3 4974/1/3 4973/1/3
f 4977/1/3 4972/1/3 4974/1/3
f 4977/1/3 4974/1/3 4976/1/3
f 4978/1/3 4972/1/3 4977/1/3
f 4979/1/3 4976/1/3 4975/1/3
f 4979/1/3 4977/1/3 4976/1/3
f 4980/1/3 4977/1/3 4979/1/3
f 4985/4/3 4982/4/3 4981/4/3
f 4986/4/3 4984/4/3 4983/4/3
f 4987/4/3 4984/4/3 4986/4/3
f 4988/4/3 4986/4/3 4985/4/3
f 4989/4/3 4986/4/3 4988/4/3
f 4990/1/3 4979/1/3 4975/1/3
f 4991/1/3 4979/1/3 4990/1/3
f 4993/1/3 4991/1/3 4990/1/3
f 4993/1/3 4992/1/3 4991/1/3
f 4994/1/3 4992/1/3 4993/1/3
f 4995/1/3 4992/1/3 4994/1/3
f 4998/1/3 4997/1/3 4996/1/3
f 4998/1/3 4996/1/3 4995/1/3
f 4998/1/3 4995/1/3 4994/1/3
f 4999/1/3 4997/1/3 4998/1/3
f 5000/1/3 4997/1/3 4999/1/3
f 5002/1/3 5000/1/3 4999/1/3
f 5003/1/3 5000/1/3 5002/1/3
f 5004/4/3 5001/4/3 5000/4/3
f 5007/4/3 4985/4/3 4981/4/3
f 5007/4/3 4988/4/3 4985/4/3
f 5008/4/3 5005/4/3 5004/4/3
f 5013/4/3 5007/4/3 5006/4/3
f 5014/4/3 5004/4/3 5000/4/3
f 5014/1/3 5000/1/3 5003/1/3
f 5014/4/3 5008/4/3 5004/4/3
f 5014/4/3 5009/4/3 5008/4/3
f 5015/4/3 5009/4/3 5014/4/3
f 5016/4/3 5011/4/3 5010/4/3
f 5019/4/3 5013/4/3 5012/4/3
f 5020/4/3 5007/4/3 5013/4/3
f 5020/4/3 4988/4/3 5007/4/3
f 5020/4/3 5013/4/3 5019/4/3
f 5021/4/3 4988/4/3 5020/4/3
f 5022/1/3 5014/1/3 5003/1/3
f 5023/1/3 5014/1/3 5022/1/3
f 5025/4/3 5017/4/3 5016/4/3
f 5025/4/3 5016/4/3 5010/4/3
f 5026/4/3 5017/4/3 5025/4/3
f 5027/4/3 5019/4/3 5018/4/3
f 5027/4/3 5020/4/3 5019/4/3
f 5028/4/3 5020/4/3 5027/4/3
f 5030/4/3 5025/4/3 5024/4/3
f 5031/4/3 5025/4/3 5030/4/3
f 5033/4/3 5027/4/3 5018/4/3
f 5035/4/3 5030/4/3 5029/4/3
f 5036/4/3 5033/4/3 5032/4/3
f 5037/4/3 5027/4/3 5033/4/3
f 5037/4/3 5033/4/3 5036/4/3
f 5038/4/3 5035/4/3 5034/4/3
f 5038/4/3 5030/4/3 5035/4/3
f 5040/4/3 5039/4/3 5038/4/3
f 5041/4/3 5039/4/3 5040/4/3
f 5042/4/3 5036/4/3 5032/4/3
f 5043/4/3 5036/4/3 5042/4/3
f 5044/4/3 5038/4/3 5034/4/3
f 5044/4/3 5040/4/3 5038/4/3
f 5045/4/3 5040/4/3 5044/4/3
f 5046/4/3 5042/4/3 5041/4/3
f 5047/4/3 5042/4/3 5046/4/3
f 5050/5/3 5049/5/3 5048/5/3
f 5051/5/3 5049/5/3 5050/5/3
f 5054/2/3 5053/2/3 5052/2/3
f 5055/2/3 5053/2/3 5054/2/3
f 5061/2/3 5057/2/3 5056/2/3
f 5062/2/3 5057/2/3 5061/2/3
f 5064/2/3 5059/2/3 5058/2/3
f 5065/3/3 5060/3/3 5059/3/3
f 5065/2/3 5059/2/3 5064/2/3
f 5066/3/3 5060/3/3 5065/3/3
f 5067/3/3 5063/3/3 5062/3/3
f 5068/2/3 5064/2/3 5063/2/3
f 5068/3/3 5063/3/3 5067/3/3
f 5069/2/3 5064/2/3 5068/2/3
f 5074/3/3 5071/3/3 5070/3/3
f 5075/2/3 5072/2/3 5071/2/3
f 5075/3/3 5071/3/3 5074/3/3
f 5076/3/3 5073/3/3 5072/3/3
f 5076/2/3 5072/2/3 5075/2/3
f 5077/3/3 5073/3/3 5076/3/3
f 5081/4/3 5079/4/3 5078/4/3
f 5082/4/3 5079/4/3 5081/4/3
f 5086/4/3 5081/4/3 5080/4/3
f 5087/4/3 5081/4/3 5086/4/3
f 5088/2/3 5085/2/3 5084/2/3
f 5089/2/3 5085/2/3 5088/2/3
f 5091/2/3 5090/2/3 5089/2/3
f 5092/2/3 5090/2/3 5091/2/3
f 5093/4/3 5083/4/3 5082/4/3
f 5094/4/3 5083/4/3 5093/4/3
f 5096/4/3 5095/4/3 5094/4/3
f 5097/4/3 5095/4/3 5096/4/3
f 5100/4/3 5099/4/3 5098/4/3
f 5101/4/3 5099/4/3 5100/4/3
f 5103/4/3 5102/4/3 5101/4/3
f 5104/4/3 5102/4/3 5103/4/3
f 5107/4/3 5106/4/3 5105/4/3
f 5108/4/3 5106/4/3 5107/4/3
f 5111/4/3 5109/4/3 5108/4/3
f 5112/4/3 5111/4/3 5110/4/3
f 5113/4/3 5109/4/3 5111/4/3
f 5113/4/3 5111/4/3 5112/4/3
f 5119/4/3 5115/4/3 5114/4/3
f 5120/4/3 5117/4/3 5116/4/3
f 5121/4/3 5117/4/3 5120/4/3
f 5122/4/3 5119/4/3 5118/4/3
f 5122/4/3 5115/4/3 5119/4/3
f 5124/4/3 5123/4/3 5122/4/3
f 5128/4/3 5125/4/3 5124/4/3
f 5128/4/3 5122/4/3 5118/4/3
f 5128/4/3 5124/4/3 5122/4/3
f 5129/4/3 5125/4/3 5128/4/3
f 5130/4/3 5125/4/3 5129/4/3
f 5131/4/3 5125/4/3 5130/4/3
f 5135/4/3 5133/4/3 5132/4/3
f 5137/4/3 5127/4/3 5126/4/3
f 5138/4/3 5127/4/3 5137/4/3
f 5139/4/3 5135/4/3 5134/4/3
f 5140/4/3 5135/4/3 5139/4/3
f 5141/4/3 5133/4/3 5135/4/3
f 5141/4/3 5135/4/3 5140/4/3
f 5142/4/3 5133/4/3 5141/4/3
f 5144/4/3 5137/4/3 5136/4/3
f 5146/4/3 5141/4/3 5140/4/3
f 5147/4/3 5141/4/3 5146/4/3
f 5148/4/3 5144/4/3 5143/4/3
f 5149/4/3 5137/4/3 5144/4/3
f 5149/4/3 5144/4/3 5148/4/3
f 5151/4/3 5146/4/3 5145/4/3
f 5152/4/3 5146/4/3 5151/4/3
f 5154/4/3 5148/4/3 5143/4/3
f 5155/4/3 5154/4/3 5153/4/3
f 5156/4/3 5148/4/3 5154/4/3
f 5156/4/3 5154/4/3 5155/4/3
f 5161/4/3 5151/4/3 5150/4/3
f 5162/4/3 5151/4/3 5161/4/3
f 5163/4/3 5158/4/3 5157/4/3
f 5164/4/3 5158/4/3 5163/4/3
f 5167/5/3 5160/5/3 5159/5/3
f 5168/5/3 5160/5/3 5167/5/3
f 5170/4/3 5163/4/3 5162/4/3
f 5171/4/3 5163/4/3 5170/4/3
f 5172/5/3 5169/5/3 5168/5/3
f 5173/5/3 5169/5/3 5172/5/3
f 5175/2/3 5166/2/3 5165/2/3
f 5176/2/3 5166/2/3 5175/2/3
f 5179/2/3 5175/2/3 5174/2/3
f 5179/2/3 5176/2/3 5175/2/3
f 5180/2/3 5176/2/3 5179/2/3
f 5181/5/3 5177/5/3 5176/5/3
f 5181/2/3 5176/2/3 5180/2/3
f 5182/5/3 5177/5/3 5181/5/3
f 5185/2/3 5180/2/3 5179/2/3
f 5185/2/3 5179/2/3 5178/2/3
f 5186/2/3 5180/2/3 5185/2/3
f 5187/2/3 5184/2/3 5183/2/3
f 5188/2/3 5184/2/3 5187/2/3
f 5189/2/3 5184/2/3 5188/2/3
f 5190/3/3 5185/3/3 5184/3/3
f 5190/2/3 5184/2/3 5189/2/3
f 5191/3/3 5185/3/3 5190/3/3
f 5193/2/3 5189/2/3 5188/2/3
f 5194/2/3 5189/2/3 5193/2/3
f 5195/2/3 5189/2/3 5194/2/3
f 5196/2/3 5193/2/3 5192/2/3
f 5197/2/3 5193/2/3 5196/2/3
f 5202/3/3 5199/3/3 5198/3/3
f 5203/2/3 5200/2/3 5199/2/3
f 5203/3/3 5199/3/3 5202/3/3
f 5204/3/3 5201/3/3 5200/3/3
f 5204/2/3 5200/2/3 5203/2/3
f 5205/3/3 5201/3/3 5204/3/3
f 5210/2/3 5207/2/3 5206/2/3
f 5212/4/3 5209/4/3 5208/4/3
f 5213/4/3 5209/4/3 5212/4/3
f 5215/2/3 5211/2/3 5210/2/3
f 5215/2/3 5210/2/3 5206/2/3
f 5216/2/3 5211/2/3 5215/2/3
f 5217/2/3 5211/2/3 5216/2/3
f 5219/2/3 5218/2/3 5217/2/3
f 5219/2/3 5217/2/3 5216/2/3
f 5220/2/3 5218/2/3 5219/2/3
f 5221/4/3 5214/4/3 5213/4/3
f 5222/4/3 5214/4/3 5221/4/3
f 5225/4/3 5223/4/3 5222/4/3
f 5226/4/3 5225/4/3 5224/4/3
f 5227/4/3 5223/4/3 5225/4/3
f 5227/4/3 5225/4/3 5226/4/3
f 5229/4/3 5228/4/3 5227/4/3
f 5230/4/3 5228/4/3 5229/4/3
f 5231/4/3 5228/4/3 5230/4/3
f 5233/4/3 5232/4/3 5231/4/3
f 5233/4/3 5231/4/3 5230/4/3
f 5235/4/3 5233/4/3 5230/4/3
f 5235/4/3 5234/4/3 5233/4/3
f 5236/4/3 5234/4/3 5235/4/3
f 5237/4/3 5234/4/3 5236/4/3
f 5238/4/3 5236/4/3 5235/4/3
f 5239/4/3 5236/4/3 5238/4/3
f 5243/4/3 5241/4/3 5240/4/3
f 5244/4/3 5241/4/3 5243/4/3
f 5245/4/3 5243/4/3 5242/4/3
f 5246/4/3 5243/4/3 5245/4/3
f 5250/4/3 5248/4/3 5247/4/3
f 5251/4/3 5248/4/3 5250/4/3
f 5254/4/3 5253/4/3 5252/4/3
f 5255/4/3 5253/4/3 5254/4/3
f 5257/4/3 5250/4/3 5249/4/3
f 5258/4/3 5250/4/3 5257/4/3
f 5259/4/3 5257/4/3 5256/4/3
f 5260/4/3 5257/4/3 5259/4/3
f 5261/4/3 5254/4/3 5252/4/3
f 5262/4/3 5254/4/3 5261/4/3
f 5264/4/3 5259/4/3 5256/4/3
f 5265/4/3 5264/4/3 5263/4/3
f 5266/4/3 5259/4/3 5264/4/3
f 5266/4/3 5264/4/3 5265/4/3
f 5273/5/3 5268/5/3 5267/5/3
f 5274/5/3 5268/5/3 5273/5/3
f 5277/2/3 5271/2/3 5270/2/3
f 5277/2/3 5270/2/3 5269/2/3
f 5278/2/3 5271/2/3 5277/2/3
f 5279/5/3 5272/5/3 5271/5/3
f 5279/2/3 5271/2/3 5278/2/3
f 5280/5/3 5272/5/3 5279/5/3
f 5281/5/3 5276/5/3 5275/5/3
f 5282/5/3 5276/5/3 5281/5/3
f 5286/2/3 5278/2/3 5277/2/3
f 5287/2/3 5284/2/3 5283/2/3
f 5288/2/3 5286/2/3 5285/2/3
f 5289/2/3 5278/2/3 5286/2/3
f 5289/2/3 5286/2/3 5288/2/3
f 5290/2/3 5278/2/3 5289/2/3
f 5291/2/3 5288/2/3 5287/2/3
f 5291/2/3 5289/2/3 5288/2/3
f 5292/2/3 5289/2/3 5291/2/3
f 5295/2/3 5287/2/3 5283/2/3
f 5295/2/3 5291/2/3 5287/2/3
f 5296/2/3 5291/2/3 5295/2/3
f 5297/2/3 5291/2/3 5296/2/3
f 5298/5/3 5294/5/3 5293/5/3
f 5299/5/3 5294/5/3 5298/5/3
f 5300/2/3 5298/2/3 5297/2/3
f 5301/2/3 5298/2/3 5300/2/3
f 5306/3/3 5303/3/3 5302/3/3
f 5307/2/3 5304/2/3 5303/2/3
f 5307/3/3 5303/3/3 5306/3/3
f 5308/3/3 5305/3/3 5304/3/3
f 5308/2/3 5304/2/3 5307/2/3
f 5309/3/3 5305/3/3 5308/3/3
f 5314/3/3 5311/3/3 5310/3/3
f 5314/2/3 5312/2/3 5311/2/3
f 5315/3/3 5313/3/3 5312/3/3
f 5315/2/3 5312/2/3 5314/2/3
f 5316/3/3 5313/3/3 5315/3/3
f 5317/3/3 5314/3/3 5310/3/3
f 5318/3/3 5314/3/3 5317/3/3
f 5321/2/3 5320/2/3 5319/2/3
f 5325/2/3 5322/2/3 5321/2/3
f 5325/2/3 5321/2/3 5319/2/3
f 5326/2/3 5322/2/3 5325/2/3
f 5327/2/3 5322/2/3 5326/2/3
f 5329/2/3 5324/2/3 5323/2/3
f 5330/2/3 5324/2/3 5329/2/3
f 5331/2/3 5328/2/3 5327/2/3
f 5331/2/3 5327/2/3 5326/2/3
f 5332/2/3 5328/2/3 5331/2/3
f 5333/2/3 5328/2/3 5332/2/3
f 5334/2/3 5328/2/3 5333/2/3
f 5335/2/3 5333/2/3 5332/2/3
f 5336/2/3 5333/2/3 5335/2/3
f 5339/4/3 5338/4/3 5337/4/3
f 5340/4/3 5338/4/3 5339/4/3
f 5342/4/3 5341/4/3 5340/4/3
f 5343/4/3 5341/4/3 5342/4/3
f 5345/4/3 5344/4/3 5343/4/3
f 5346/4/3 5344/4/3 5345/4/3
f 5349/4/3 5348/4/3 5347/4/3
f 5350/4/3 5348/4/3 5349/4/3
f 5353/4/3 5352/4/3 5351/4/3
f 5354/4/3 5352/4/3 5353/4/3
f 5358/4/3 5356/4/3 5355/4/3
f 5361/4/3 5358/4/3 5357/4/3
f 5362/4/3 5356/4/3 5358/4/3
f 5362/4/3 5358/4/3 5361/4/3
f 5365/4/3 5361/4/3 5357/4/3
f 5366/4/3 5361/4/3 5365/4/3
f 5369/2/3 5364/2/3 5363/2/3
f 5370/5/3 5366/5/3 5365/5/3
f 5370/2/3 5364/2/3 5369/2/3
f 5370/5/3 5365/5/3 5364/5/3
f 5371/5/3 5366/5/3 5370/5/3
f 5372/5/3 5368/5/3 5367/5/3
f 5373/5/3 5368/5/3 5372/5/3
f 5374/4/3 5360/4/3 5359/4/3
f 5378/4/3 5374/4/3 5359/4/3
f 5378/4/3 5375/4/3 5374/4/3
f 5379/4/3 5375/4/3 5378/4/3
f 5381/2/3 5377/2/3 5376/2/3
f 5382/2/3 5377/2/3 5381/2/3
f 5383/2/3 5377/2/3 5382/2/3
f 5386/2/3 5382/2/3 5381/2/3
f 5386/2/3 5381/2/3 5380/2/3
f 5387/2/3 5382/2/3 5386/2/3
f 5388/5/3 5385/5/3 5384/5/3
f 5389/5/3 5385/5/3 5388/5/3
f 5392/2/3 5391/2/3 5390/2/3
f 5393/2/3 5391/2/3 5392/2/3
f 5396/2/3 5395/2/3 5394/2/3
f 5397/2/3 5395/2/3 5396/2/3
f 5402/2/3 5399/2/3 5398/2/3
f 5403/3/3 5402/3/3 5401/3/3
f 5404/2/3 5399/2/3 5402/2/3
f 5404/3/3 5402/3/3 5403/3/3
f 5405/2/3 5404/2/3 5403/2/3
f 5406/2/3 5399/2/3 5404/2/3
f 5406/2/3 5404/2/3 5405/2/3
f 5407/3/3 5400/3/3 5399/3/3
f 5407/2/3 5399/2/3 5406/2/3
f 5408/3/3 5400/3/3 5407/3/3
f 5412/2/3 5407/2/3 5406/2/3
f 5412/2/3 5409/2/3 5408/2/3
f 5412/2/3 5408/2/3 5407/2/3
f 5413/2/3 5409/2/3 5412/2/3
f 5414/2/3 5411/2/3 5410/2/3
f 5415/2/3 5411/2/3 5414/2/3
f 5417/4/3 5416/4/3 5415/4/3
f 5417/4/3 5415/4/3 5414/4/3
f 5418/4/3 5416/4/3 5417/4/3
f 5422/1/3 5420/1/3 5419/1/3
f 5423/4/3 5416/4/3 5418/4/3
f 5425/4/3 5423/4/3 5418/4/3
f 5425/4/3 5424/4/3 5423/4/3
f 5426/4/3 5424/4/3 5425/4/3
f 5427/4/3 5424/4/3 5426/4/3
f 5429/1/3 5422/1/3 5421/1/3
f 5430/1/3 5420/1/3 5422/1/3
f 5430/1/3 5422/1/3 5429/1/3
f 5431/4/3 5428/4/3 5427/4/3
f 5431/4/3 5427/4/3 5426/4/3
f 5433/1/3 5420/1/3 5430/1/3
f 5434/1/3 5420/1/3 5433/1/3
f 5435/4/3 5432/4/3 5431/4/3
f 5435/4/3 5431/4/3 5426/4/3
f 5436/4/3 5432/4/3 5435/4/3
f 5438/4/3 5437/4/3 5436/4/3
f 5439/4/3 5437/4/3 5438/4/3
f 5443/4/3 5441/4/3 5440/4/3
f 5444/4/3 5441/4/3 5443/4/3
f 5445/4/3 5443/4/3 5442/4/3
f 5446/4/3 5443/4/3 5445/4/3
f 5452/4/3 5448/4/3 5447/4/3
f 5453/4/3 5448/4/3 5452/4/3
f 5455/4/3 5450/4/3 5449/4/3
f 5456/4/3 5450/4/3 5455/4/3
f 5460/5/3 5455/5/3 5454/5/3
f 5460/5/3 5456/5/3 5455/5/3
f 5460/5/3 5457/5/3 5456/5/3
f 5461/5/3 5457/5/3 5460/5/3
f 5463/2/3 5459/2/3 5458/2/3
f 5464/2/3 5459/2/3 5463/2/3
f 5465/5/3 5462/5/3 5461/5/3
f 5466/5/3 5462/5/3 5465/5/3
f 5467/4/3 5452/4/3 5451/4/3
f 5468/4/3 5452/4/3 5467/4/3
f 5470/4/3 5469/4/3 5468/4/3
f 5471/4/3 5469/4/3 5470/4/3
f 5474/5/3 5473/5/3 5472/5/3
f 5475/5/3 5473/5/3 5474/5/3
f 5478/5/3 5477/5/3 5476/5/3
f 5479/5/3 5477/5/3 5478/5/3
f 5484/3/3 5481/3/3 5480/3/3
f 5485/2/3 5482/2/3 5481/2/3
f 5485/3/3 5481/3/3 5484/3/3
f 5486/3/3 5483/3/3 5482/3/3
f 5486/2/3 5482/2/3 5485/2/3
f 5487/3/3 5483/3/3 5486/3/3
f 5490/2/3 5489/2/3 5488/2/3
f 5491/2/3 5489/2/3 5490/2/3
f 5494/2/3 5493/2/3 5492/2/3
f 5495/2/3 5493/2/3 5494/2/3
f 5499/5/3 5496/5/3 5495/5/3
f 5500/5/3 5496/5/3 5499/5/3
f 5503/1/3 5498/1/3 5497/1/3
f 5505/1/3 5503/1/3 5502/1/3
f 5506/1/3 5498/1/3 5503/1/3
f 5506/1/3 5503/1/3 5505/1/3
f 5507/1/3 5498/1/3 5506/1/3
f 5508/1/3 5505/1/3 5504/1/3
f 5508/1/3 5506/1/3 5505/1/3
f 5509/1/3 5506/1/3 5508/1/3
f 5510/4/3 5501/4/3 5500/4/3
f 5511/4/3 5501/4/3 5510/4/3
f 5513/4/3 5512/4/3 5511/4/3
f 5514/4/3 5512/4/3 5513/4/3
f 5516/1/3 5508/1/3 5504/1/3
f 5518/4/3 5515/4/3 5514/4/3
f 5519/4/3 5515/4/3 5518/4/3
f 5520/1/3 5517/1/3 5516/1/3
f 5520/1/3 5516/1/3 5504/1/3
f 5521/1/3 5517/1/3 5520/1/3
f 5522/1/3 5517/1/3 5521/1/3
f 5524/1/3 5523/1/3 5522/1/3
f 5524/1/3 5522/1/3 5521/1/3
f 5525/1/3 5523/1/3 5524/1/3
f 5526/1/3 5523/1/3 5525/1/3
f 5527/1/3 5523/1/3 5526/1/3
f 5531/4/3 5529/4/3 5528/4/3
f 5532/4/3 5529/4/3 5531/4/3
f 5533/4/3 5531/4/3 5530/4/3
f 5534/4/3 5531/4/3 5533/4/3
f 5535/4/3 5531/4/3 5534/4/3
f 5538/5/3 5537/5/3 5536/5/3
f 5539/5/3 5537/5/3 5538/5/3
f 5543/5/3 5541/5/3 5540/5/3
f 5544/5/3 5541/5/3 5543/5/3
f 5545/2/3 5543/2/3 5542/2/3
f 5546/2/3 5543/2/3 5545/2/3
f 5549/2/3 5548/2/3 5547/2/3
f 5550/2/3 5548/2/3 5549/2/3
f 5555/3/3 5552/3/3 5551/3/3
f 5556/2/3 5553/2/3 5552/2/3
f 5556/3/3 5552/3/3 5555/3/3
f 5557/3/3 5554/3/3 5553/3/3
f 5557/2/3 5553/2/3 5556/2/3
f 5558/3/3 5554/3/3 5557/3/3
f 5562/1/3 5560/1/3 5559/1/3
f 5564/1/3 5562/1/3 5561/1/3
f 5565/1/3 5562/1/3 5564/1/3
f 5566/1/3 5560/1/3 5562/1/3
f 5566/1/3 5562/1/3 5565/1/3
f 5568/1/3 5565/1/3 5564/1/3
f 5568/1/3 5564/1/3 5563/1/3
f 5569/1/3 5565/1/3 5568/1/3
f 5570/1/3 5565/1/3 5569/1/3
f 5571/1/3 5568/1/3 5567/1/3
f 5571/1/3 5569/1/3 5568/1/3
f 5572/1/3 5569/1/3 5571/1/3
f 5574/1/3 5571/1/3 5567/1/3
f 5575/1/3 5574/1/3 5573/1/3
f 5576/1/3 5571/1/3 5574/1/3
f 5576/1/3 5574/1/3 5575/1/3
f 5577/1/3 5571/1/3 5576/1/3
f 5579/1/3 5577/1/3 5576/1/3
f 5579/1/3 5578/1/3 5577/1/3
f 5580/1/3 5578/1/3 5579/1/3
f 5581/1/3 5578/1/3 5580/1/3
f 5583/1/3 5581/1/3 5580/1/3
f 5583/1/3 5582/1/3 5581/1/3
f 5584/1/3 5582/1/3 5583/1/3
f 5585/1/3 5582/1/3 5584/1/3
f 5587/1/3 5585/1/3 5584/1/3
f 5587/1/3 5586/1/3 5585/1/3
f 5588/1/3 5586/1/3 5587/1/3
f 5589/1/3 5586/1/3 5588/1/3
f 5590/1/3 5586/1/3 5589/1/3
f 5593/4/3 5592/4/3 5591/4/3
f 5594/4/3 5592/4/3 5593/4/3
f 5595/4/3 5592/4/3 5594/4/3
f 5597/4/3 5595/4/3 5594/4/3
f 5597/4/3 5596/4/3 5595/4/3
f 5598/4/3 5596/4/3 5597/4/3
f 5599/4/3 5596/4/3 5598/4/3
f 5602/4/3 5600/4/3 5599/4/3
f 5602/4/3 5599/4/3 5598/4/3
f 5603/4/3 5602/4/3 5601/4/3
f 5604/4/3 5600/4/3 5602/4/3
f 5604/4/3 5602/4/3 5603/4/3
f 5607/5/3 5606/5/3 5605/5/3
f 5608/5/3 5606/5/3 5607/5/3
f 5611/5/3 5610/5/3 5609/5/3
f 5612/5/3 5610/5/3 5611/5/3
f 5617/3/3 5614/3/3 5613/3/3
f 5618/2/3 5615/2/3 5614/2/3
f 5618/3/3 5614/3/3 5617/3/3
f 5619/3/3 5616/3/3 5615/3/3
f 5619/2/3 5615/2/3 5618/2/3
f 5620/3/3 5616/3/3 5619/3/3
f 5623/2/3 5622/2/3 5621/2/3
f 5624/2/3 5622/2/3 5623/2/3
f 5628/1/3 5626/1/3 5625/1/3
f 5629/1/3 5626/1/3 5628/1/3
f 5631/1/3 5628/1/3 5627/1/3
f 5632/1/3 5628/1/3 5631/1/3
f 5636/1/3 5631/1/3 5630/1/3
f 5637/1/3 5631/1/3 5636/1/3
f 5638/4/3 5634/4/3 5633/4/3
f 5639/4/3 5634/4/3 5638/4/3
f 5642/1/3 5636/1/3 5635/1/3
f 5643/1/3 5636/1/3 5642/1/3
f 5645/1/3 5642/1/3 5641/1/3
f 5646/1/3 5642/1/3 5645/1/3
f 5647/4/3 5640/4/3 5639/4/3
f 5648/4/3 5640/4/3 5647/4/3
f 5649/1/3 5645/1/3 5644/1/3
f 5650/1/3 5645/1/3 5649/1/3
f 5652/1/3 5651/1/3 5650/1/3
f 5653/1/3 5651/1/3 5652/1/3
f 5655/1/3 5654/1/3 5653/1/3
f 5656/1/3 5654/1/3 5655/1/3
f 5658/1/3 5657/1/3 5656/1/3
f 5659/1/3 5657/1/3 5658/1/3
f 5661/1/3 5660/1/3 5659/1/3
f 5662/1/3 5660/1/3 5661/1/3
f 5664/1/3 5663/1/3 5662/1/3
f 5665/1/3 5663/1/3 5664/1/3
f 5669/4/3 5667/4/3 5666/4/3
f 5670/4/3 5667/4/3 5669/4/3
f 5671/4/3 5669/4/3 5668/4/3
f 5672/4/3 5669/4/3 5671/4/3
f 5673/4/3 5671/4/3 5668/4/3
f 5674/4/3 5671/4/3 5673/4/3
f 5676/4/3 5675/4/3 5674/4/3
f 5677/4/3 5675/4/3 5676/4/3
f 5681/4/3 5680/4/3 5679/4/3
f 5682/4/3 5680/4/3 5681/4/3
f 5683/4/3 5680/4/3 5682/4/3
f 5685/4/3 5678/4/3 5677/4/3
f 5686/4/3 5678/4/3 5685/4/3
f 5687/4/3 5685/4/3 5684/4/3
f 5688/4/3 5685/4/3 5687/4/3
f 5689/4/3 5685/4/3 5688/4/3
f 5691/4/3 5690/4/3 5689/4/3
f 5691/4/3 5689/4/3 5688/4/3
f 5694/4/3 5690/4/3 5691/4/3
f 5695/4/3 5690/4/3 5694/4/3
f 5696/4/3 5690/4/3 5695/4/3
f 5697/4/3 5693/4/3 5692/4/3
f 5699/4/3 5697/4/3 5692/4/3
f 5699/4/3 5698/4/3 5697/4/3
f 5700/4/3 5698/4/3 5699/4/3
f 5701/4/3 5698/4/3 5700/4/3
f 5704/4/3 5703/4/3 5702/4/3
f 5704/4/3 5702/4/3 5701/4/3
f 5704/4/3 5701/4/3 5700/4/3
f 5705/4/3 5703/4/3 5704/4/3
f 5706/4/3 5703/4/3 5705/4/3
f 5707/4/3 5703/4/3 5706/4/3
f 5710/2/3 5709/2/3 5708/2/3
f 5711/2/3 5709/2/3 5710/2/3
f 5716/3/3 5713/3/3 5712/3/3
f 5717/2/3 5714/2/3 5713/2/3
f 5717/3/3 5713/3/3 5716/3/3
f 5718/3/3 5715/3/3 5714/3/3
f 5718/2/3 5714/2/3 5717/2/3
f 5719/3/3 5715/3/3 5718/3/3
f 5725/1/3 5721/1/3 5720/1/3
f 5726/1/3 5721/1/3 5725/1/3
f 5727/2/3 5723/2/3 5722/2/3
f 5728/2/3 5723/2/3 5727/2/3
f 5731/1/3 5725/1/3 5724/1/3
f 5732/1/3 5725/1/3 5731/1/3
f 5733/5/3 5729/5/3 5728/5/3
f 5734/5/3 5729/5/3 5733/5/3
f 5735/5/3 5729/5/3 5734/5/3
f 5736/5/3 5729/5/3 5735/5/3
f 5738/1/3 5731/1/3 5730/1/3
f 5739/1/3 5731/1/3 5738/1/3
f 5740/4/3 5736/4/3 5735/4/3
f 5741/4/3 5736/4/3 5740/4/3
f 5744/1/3 5738/1/3 5737/1/3
f 5745/1/3 5738/1/3 5744/1/3
f 5746/4/3 5742/4/3 5741/4/3
f 5747/4/3 5742/4/3 5746/4/3
f 5748/1/3 5744/1/3 5743/1/3
f 5749/1/3 5744/1/3 5748/1/3
f 5752/1/3 5751/1/3 5750/1/3
f 5753/1/3 5751/1/3 5752/1/3
f 5755/1/3 5754/1/3 5753/1/3
f 5756/1/3 5754/1/3 5755/1/3
f 5758/1/3 5757/1/3 5756/1/3
f 5759/1/3 5757/1/3 5758/1/3
f 5761/1/3 5760/1/3 5759/1/3
f 5762/1/3 5760/1/3 5761/1/3
f 5764/4/3 5763/4/3 5762/4/3
f 5765/4/3 5763/4/3 5764/4/3
f 5769/4/3 5767/4/3 5766/4/3
f 5770/4/3 5767/4/3 5769/4/3
f 5771/4/3 5769/4/3 5768/4/3
f 5772/4/3 5769/4/3 5771/4/3
f 5779/4/3 5774/4/3 5773/4/3
f 5780/4/3 5774/4/3 5779/4/3
f 5781/4/3 5776/4/3 5775/4/3
f 5782/4/3 5776/4/3 5781/4/3
f 5786/4/3 5778/4/3 5777/4/3
f 5787/4/3 5778/4/3 5786/4/3
f 5788/4/3 5778/4/3 5787/4/3
f 5789/4/3 5784/4/3 5783/4/3
f 5790/4/3 5784/4/3 5789/4/3
f 5792/4/3 5786/4/3 5785/4/3
f 5792/4/3 5787/4/3 5786/4/3
f 5793/4/3 5787/4/3 5792/4/3
f 5794/4/3 5787/4/3 5793/4/3
f 5795/4/3 5792/4/3 5791/4/3
f 5795/4/3 5793/4/3 5792/4/3
f 5796/4/3 5793/4/3 5795/4/3
f 5798/4/3 5795/4/3 5791/4/3
f 5799/4/3 5798/4/3 5797/4/3
f 5800/4/3 5795/4/3 5798/4/3
f 5800/4/3 5798/4/3 5799/4/3
f 5801/4/3 5795/4/3 5800/4/3
f 5803/4/3 5801/4/3 5800/4/3
f 5803/4/3 5802/4/3 5801/4/3
f 5804/4/3 5802/4/3 5803/4/3
f 5805/4/3 5802/4/3 5804/4/3
f 5807/4/3 5805/4/3 5804/4/3
f 5807/4/3 5806/4/3 5805/4/3
f 5808/4/3 5806/4/3 5807/4/3
f 5809/4/3 5806/4/3 5808/4/3
f 5814/4/3 5809/4/3 5808/4/3
f 5814/4/3 5810/4/3 5809/4/3
f 5815/4/3 5810/4/3 5814/4/3
f 5816/4/3 5812/4/3 5811/4/3
f 5817/5/3 5813/5/3 5812/5/3
f 5817/4/3 5812/4/3 5816/4/3
f 5818/5/3 5813/5/3 5817/5/3
f 5819/4/3 5810/4/3 5815/4/3
f 5820/4/3 5810/4/3 5819/4/3
f 5825/4/3 5822/4/3 5821/4/3
f 5826/5/3 5823/5/3 5822/5/3
f 5826/4/3 5822/4/3 5825/4/3
f 5827/5/3 5823/5/3 5826/5/3
f 5828/2/3 5825/2/3 5824/2/3
f 5829/2/3 5825/2/3 5828/2/3
f 5832/2/3 5831/2/3 5830/2/3
f 5833/2/3 5831/2/3 5832/2/3
f 5838/1/3 5835/1/3 5834/1/3
f 5839/1/3 5835/1/3 5838/1/3
f 5841/1/3 5837/1/3 5836/1/3
f 5842/1/3 5837/1/3 5841/1/3
f 5846/1/3 5841/1/3 5840/1/3
f 5847/1/3 5841/1/3 5846/1/3
f 5848/5/3 5844/5/3 5843/5/3
f 5849/5/3 5844/5/3 5848/5/3
f 5851/1/3 5846/1/3 5845/1/3
f 5852/1/3 5846/1/3 5851/1/3
f 5853/4/3 5849/4/3 5848/4/3
f 5854/4/3 5849/4/3 5853/4/3
f 5856/1/3 5851/1/3 5850/1/3
f 5857/1/3 5851/1/3 5856/1/3
f 5861/4/3 5855/4/3 5854/4/3
f 5862/4/3 5855/4/3 5861/4/3
f 5863/4/3 5861/4/3 5860/4/3
f 5864/4/3 5861/4/3 5863/4/3
f 5865/1/3 5859/1/3 5858/1/3
f 5866/1/3 5859/1/3 5865/1/3
f 5869/1/3 5868/1/3 5867/1/3
f 5870/1/3 5868/1/3 5869/1/3
f 5872/1/3 5871/1/3 5870/1/3
f 5873/1/3 5871/1/3 5872/1/3
f 5875/1/3 5874/1/3 5873/1/3
f 5876/1/3 5874/1/3 5875/1/3
f 5880/1/3 5877/1/3 5876/1/3
f 5881/1/3 5877/1/3 5880/1/3
f 5884/1/3 5883/1/3 5882/1/3
f 5885/1/3 5883/1/3 5884/1/3
f 5886/4/3 5879/4/3 5878/4/3
f 5887/4/3 5879/4/3 5886/4/3
f 5888/4/3 5879/4/3 5887/4/3
f 5889/4/3 5879/4/3 5888/4/3
f 5893/1/3 5891/1/3 5890/1/3
f 5894/1/3 5891/1/3 5893/1/3
f 5896/1/3 5893/1/3 5892/1/3
f 5897/1/3 5893/1/3 5896/1/3
f 5899/1/3 5896/1/3 5895/1/3
f 5900/1/3 5896/1/3 5899/1/3
f 5902/1/3 5899/1/3 5898/1/3
f 5903/1/3 5899/1/3 5902/1/3
f 5906/5/3 5905/5/3 5904/5/3
f 5907/5/3 5905/5/3 5906/5/3
f 5909/1/3 5902/1/3 5901/1/3
f 5910/1/3 5902/1/3 5909/1/3
f 5911/1/3 5909/1/3 5908/1/3
f 5912/1/3 5909/1/3 5911/1/3
f 5914/1/3 5913/1/3 5912/1/3
f 5915/1/3 5913/1/3 5914/1/3
f 5917/1/3 5916/1/3 5915/1/3
f 5918/1/3 5916/1/3 5917/1/3
f 5920/1/3 5919/1/3 5918/1/3
f 5921/1/3 5919/1/3 5920/1/3
f 5923/1/3 5922/1/3 5921/1/3
f 5924/1/3 5922/1/3 5923/1/3
f 5926/1/3 5925/1/3 5924/1/3
f 5927/1/3 5925/1/3 5926/1/3
f 5930/2/3 5929/2/3 5928/2/3
f 5931/2/3 5929/2/3 5930/2/3
f 5936/1/3 5933/1/3 5932/1/3
f 5937/1/3 5933/1/3 5936/1/3
f 5939/1/3 5935/1/3 5934/1/3
f 5940/1/3 5935/1/3 5939/1/3
f 5944/1/3 5939/1/3 5938/1/3
f 5945/1/3 5939/1/3 5944/1/3
f 5946/5/3 5942/5/3 5941/5/3
f 5947/5/3 5942/5/3 5946/5/3
f 5948/1/3 5944/1/3 5943/1/3
f 5949/1/3 5944/1/3 5948/1/3
f 5952/1/3 5951/1/3 5950/1/3
f 5953/1/3 5951/1/3 5952/1/3
f 5957/4/3 5955/4/3 5954/4/3
f 5958/4/3 5955/4/3 5957/4/3
f 5958/4/3 5957/4/3 5956/4/3
f 5959/4/3 5955/4/3 5958/4/3
f 5963/4/3 5958/4/3 5956/4/3
f 5964/4/3 5958/4/3 5963/4/3
f 5965/1/3 5961/1/3 5960/1/3
f 5966/1/3 5961/1/3 5965/1/3
f 5967/4/3 5963/4/3 5962/4/3
f 5968/4/3 5963/4/3 5967/4/3
f 5971/1/3 5970/1/3 5969/1/3
f 5972/1/3 5970/1/3 5971/1/3
f 5976/1/3 5973/1/3 5972/1/3
f 5977/1/3 5973/1/3 5976/1/3
f 5979/4/3 5975/4/3 5974/4/3
f 5980/4/3 5975/4/3 5979/4/3
f 5982/1/3 5978/1/3 5977/1/3
f 5983/1/3 5978/1/3 5982/1/3
f 5986/1/3 5985/1/3 5984/1/3
f 5987/1/3 5985/1/3 5986/1/3
f 5989/4/3 5981/4/3 5980/4/3
f 5990/4/3 5981/4/3 5989/4/3
f 5991/4/3 5989/4/3 5988/4/3
f 5992/4/3 5989/4/3 5991/4/3
f 5995/4/3 5994/4/3 5993/4/3
f 5996/4/3 5994/4/3 5995/4/3
f 5998/4/3 5997/4/3 5996/4/3
f 5999/4/3 5997/4/3 5998/4/3
f 6002/5/3 6001/5/3 6000/5/3
f 6003/5/3 6001/5/3 6002/5/3
f 6004/5/3 6001/5/3 6003/5/3
f 6008/1/3 6006/1/3 6005/1/3
f 6009/1/3 6006/1/3 6008/1/3
f 6011/1/3 6008/1/3 6007/1/3
f 6012/1/3 6008/1/3 6011/1/3
f 6014/1/3 6011/1/3 6010/1/3
f 6015/1/3 6011/1/3 6014/1/3
f 6017/1/3 6014/1/3 6013/1/3
f 6018/1/3 6014/1/3 6017/1/3
f 6019/1/3 6017/1/3 6016/1/3
f 6020/1/3 6017/1/3 6019/1/3
f 6023/1/3 6022/1/3 6021/1/3
f 6024/1/3 6022/1/3 6023/1/3
f 6026/1/3 6025/1/3 6024/1/3
f 6027/1/3 6025/1/3 6026/1/3
f 6029/1/3 6028/1/3 6027/1/3
f 6030/1/3 6028/1/3 6029/1/3
f 6032/1/3 6031/1/3 6030/1/3
f 6033/1/3 6031/1/3 6032/1/3
f 6035/1/3 6034/1/3 6033/1/3
f 6036/1/3 6034/1/3 6035/1/3
f 6041/1/3 6038/1/3 6037/1/3
f 6042/1/3 6038/1/3 6041/1/3
f 6045/1/3 6040/1/3 6039/1/3
f 6046/1/3 6040/1/3 6045/1/3
f 6047/2/3 6044/2/3 6043/2/3
f 6048/2/3 6044/2/3 6047/2/3
f 6050/5/3 6049/5/3 6048/5/3
f 6051/5/3 6049/5/3 6050/5/3
f 6056/5/3 6053/5/3 6052/5/3
f 6057/5/3 6053/5/3 6056/5/3
f 6058/1/3 6055/1/3 6054/1/3
f 6059/1/3 6055/1/3 6058/1/3
f 6065/4/3 6061/4/3 6060/4/3
f 6066/1/3 6063/1/3 6062/1/3
f 6067/1/3 6063/1/3 6066/1/3
f 6069/4/3 6065/4/3 6064/4/3
f 6070/4/3 6061/4/3 6065/4/3
f 6070/4/3 6065/4/3 6069/4/3
f 6073/1/3 6072/1/3 6071/1/3
f 6074/1/3 6072/1/3 6073/1/3
f 6075/4/3 6069/4/3 6068/4/3
f 6076/4/3 6069/4/3 6075/4/3
f 6079/1/3 6078/1/3 6077/1/3
f 6080/1/3 6078/1/3 6079/1/3
f 6083/1/3 6082/1/3 6081/1/3
f 6084/1/3 6082/1/3 6083/1/3
f 6087/4/3 6086/4/3 6085/4/3
f 6088/4/3 6086/4/3 6087/4/3
f 6091/5/3 6090/5/3 6089/5/3
f 6092/5/3 6090/5/3 6091/5/3
f 6097/5/3 6094/5/3 6093/5/3
f 6098/5/3 6094/5/3 6097/5/3
f 6101/1/3 6096/1/3 6095/1/3
f 6102/1/3 6096/1/3 6101/1/3
f 6104/1/3 6100/1/3 6099/1/3
f 6105/1/3 6100/1/3 6104/1/3
f 6107/1/3 6104/1/3 6103/1/3
f 6108/1/3 6104/1/3 6107/1/3
f 6110/1/3 6107/1/3 6106/1/3
f 6111/1/3 6107/1/3 6110/1/3
f 6112/1/3 6110/1/3 6109/1/3
f 6113/1/3 6110/1/3 6112/1/3
f 6116/1/3 6115/1/3 6114/1/3
f 6117/1/3 6115/1/3 6116/1/3
f 6120/1/3 6119/1/3 6118/1/3
f 6121/1/3 6119/1/3 6120/1/3
f 6123/1/3 6122/1/3 6121/1/3
f 6124/1/3 6122/1/3 6123/1/3
f 6126/1/3 6125/1/3 6124/1/3
f 6127/1/3 6125/1/3 6126/1/3
f 6129/1/3 6128/1/3 6127/1/3
f 6130/1/3 6128/1/3 6129/1/3
f 6135/1/3 6132/1/3 6131/1/3
f 6136/1/3 6132/1/3 6135/1/3
f 6138/5/3 6134/5/3 6133/5/3
f 6139/5/3 6134/5/3 6138/5/3
f 6140/2/3 6138/2/3 6137/2/3
f 6141/2/3 6138/2/3 6140/2/3
f 6146/3/3 6143/3/3 6142/3/3
f 6147/2/3 6144/2/3 6143/2/3
f 6147/3/3 6143/3/3 6146/3/3
f 6148/3/3 6145/3/3 6144/3/3
f 6148/2/3 6144/2/3 6147/2/3
f 6149/3/3 6145/3/3 6148/3/3
f 6152/1/3 6151/1/3 6150/1/3
f 6153/1/3 6151/1/3 6152/1/3
f 6156/5/3 6155/5/3 6154/5/3
f 6157/5/3 6155/5/3 6156/5/3
f 6162/1/3 6159/1/3 6158/1/3
f 6163/1/3 6159/1/3 6162/1/3
f 6166/1/3 6165/1/3 6164/1/3
f 6167/1/3 6165/1/3 6166/1/3
f 6169/4/3 6161/4/3 6160/4/3
f 6170/4/3 6161/4/3 6169/4/3
f 6171/4/3 6169/4/3 6168/4/3
f 6172/4/3 6169/4/3 6171/4/3
f 6175/1/3 6174/1/3 6173/1/3
f 6176/1/3 6174/1/3 6175/1/3
f 6179/4/3 6178/4/3 6177/4/3
f 6180/4/3 6178/4/3 6179/4/3
f 6182/4/3 6181/4/3 6180/4/3
f 6183/4/3 6181/4/3 6182/4/3
f 6188/5/3 6185/5/3 6184/5/3
f 6189/5/3 6185/5/3 6188/5/3
f 6190/5/3 6187/5/3 6186/5/3
f 6191/5/3 6187/5/3 6190/5/3
f 6192/5/3 6190/5/3 6189/5/3
f 6193/5/3 6190/5/3 6192/5/3
f 6198/1/3 6195/1/3 6194/1/3
f 6199/1/3 6195/1/3 6198/1/3
f 6201/1/3 6197/1/3 6196/1/3
f 6202/1/3 6197/1/3 6201/1/3
f 6204/1/3 6201/1/3 6200/1/3
f 6205/1/3 6201/1/3 6204/1/3
f 6206/1/3 6204/1/3 6203/1/3
f 6207/1/3 6204/1/3 6206/1/3
f 6210/1/3 6209/1/3 6208/1/3
f 6211/1/3 6209/1/3 6210/1/3
f 6214/5/3 6213/5/3 6212/5/3
f 6215/5/3 6213/5/3 6214/5/3
f 6218/1/3 6217/1/3 6216/1/3
f 6219/1/3 6217/1/3 6218/1/3
f 6222/1/3 6221/1/3 6220/1/3
f 6223/1/3 6221/1/3 6222/1/3
f 6227/1/3 6224/1/3 6223/1/3
f 6228/1/3 6224/1/3 6227/1/3
f 6230/5/3 6226/5/3 6225/5/3
f 6231/5/3 6226/5/3 6230/5/3
f 6232/1/3 6229/1/3 6228/1/3
f 6233/1/3 6229/1/3 6232/1/3
f 6236/1/3 6235/1/3 6234/1/3
f 6237/1/3 6235/1/3 6236/1/3
f 6242/3/3 6239/3/3 6238/3/3
f 6243/2/3 6240/2/3 6239/2/3
f 6243/3/3 6239/3/3 6242/3/3
f 6244/3/3 6241/3/3 6240/3/3
f 6244/2/3 6240/2/3 6243/2/3
f 6245/3/3 6241/3/3 6244/3/3
f 6248/2/3 6247/2/3 6246/2/3
f 6249/2/3 6247/2/3 6248/2/3
f 6253/1/3 6251/1/3 6250/1/3
f 6254/1/3 6251/1/3 6253/1/3
f 6255/1/3 6253/1/3 6252/1/3
f 6256/1/3 6253/1/3 6255/1/3
f 6260/5/3 6258/5/3 6257/5/3
f 6261/5/3 6258/5/3 6260/5/3
f 6262/5/3 6260/5/3 6259/5/3
f 6263/5/3 6260/5/3 6262/5/3
f 6267/4/3 6265/4/3 6264/4/3
f 6270/4/3 6267/4/3 6266/4/3
f 6271/4/3 6267/4/3 6270/4/3
f 6272/4/3 6265/4/3 6267/4/3
f 6272/4/3 6267/4/3 6271/4/3
f 6273/1/3 6269/1/3 6268/1/3
f 6274/1/3 6269/1/3 6273/1/3
f 6276/1/3 6275/1/3 6274/1/3
f 6277/1/3 6275/1/3 6276/1/3
f 6280/4/3 6279/4/3 6278/4/3
f 6281/4/3 6279/4/3 6280/4/3
f 6283/4/3 6282/4/3 6281/4/3
f 6284/4/3 6282/4/3 6283/4/3
f 6288/5/3 6286/5/3 6285/5/3
f 6288/5/3 6287/5/3 6286/5/3
f 6289/5/3 6287/5/3 6288/5/3
f 6290/5/3 6287/5/3 6289/5/3
f 6291/5/3 6287/5/3 6290/5/3
f 6292/5/3 6290/5/3 6289/5/3
f 6293/5/3 6290/5/3 6292/5/3
f 6298/1/3 6295/1/3 6294/1/3
f 6299/1/3 6295/1/3 6298/1/3
f 6302/1/3 6297/1/3 6296/1/3
f 6303/1/3 6297/1/3 6302/1/3
f 6304/5/3 6301/5/3 6300/5/3
f 6305/5/3 6301/5/3 6304/5/3
f 6308/1/3 6307/1/3 6306/1/3
f 6309/1/3 6307/1/3 6308/1/3
f 6312/1/3 6311/1/3 6310/1/3
f 6313/1/3 6311/1/3 6312/1/3
f 6316/1/3 6315/1/3 6314/1/3
f 6317/1/3 6315/1/3 6316/1/3
f 6320/1/3 6319/1/3 6318/1/3
f 6321/1/3 6319/1/3 6320/1/3
f 6324/1/3 6323/1/3 6322/1/3
f 6325/1/3 6323/1/3 6324/1/3
f 6328/2/3 6327/2/3 6326/2/3
f 6329/2/3 6327/2/3 6328/2/3
f 6332/5/3 6331/5/3 6330/5/3
f 6333/5/3 6331/5/3 6332/5/3
f 6334/5/3 6331/5/3 6333/5/3
f 6335/5/3 6333/5/3 6332/5/3
f 6336/5/3 6333/5/3 6335/5/3
f 6340/4/3 6338/4/3 6337/4/3
f 6341/4/3 6338/4/3 6340/4/3
f 6342/4/3 6340/4/3 6339/4/3
f 6343/4/3 6340/4/3 6342/4/3
f 6344/4/3 6340/4/3 6343/4/3
f 6347/4/3 6346/4/3 6345/4/3
f 6348/4/3 6346/4/3 6347/4/3
f 6350/4/3 6349/4/3 6348/4/3
f 6351/4/3 6349/4/3 6350/4/3
f 6354/4/3 6353/4/3 6352/4/3
f 6355/4/3 6353/4/3 6354/4/3
f 6357/4/3 6356/4/3 6355/4/3
f 6358/4/3 6356/4/3 6357/4/3
f 6362/5/3 6360/5/3 6359/5/3
f 6362/5/3 6361/5/3 6360/5/3
f 6363/5/3 6361/5/3 6362/5/3
f 6364/5/3 6361/5/3 6363/5/3
f 6365/5/3 6361/5/3 6364/5/3
f 6368/1/3 6367/1/3 6366/1/3
f 6369/1/3 6367/1/3 6368/1/3
f 6372/1/3 6371/1/3 6370/1/3
f 6373/1/3 6371/1/3 6372/1/3
f 6376/1/3 6375/1/3 6374/1/3
f 6377/1/3 6375/1/3 6376/1/3
f 6380/1/3 6379/1/3 6378/1/3
f 6381/1/3 6379/1/3 6380/1/3
f 6384/5/3 6383/5/3 6382/5/3
f 6385/5/3 6383/5/3 6384/5/3
f 6386/5/3 6383/5/3 6385/5/3
f 6389/4/3 6388/4/3 6387/4/3
f 6390/4/3 6388/4/3 6389/4/3
f 6393/4/3 6392/4/3 6391/4/3
f 6394/4/3 6392/4/3 6393/4/3
f 6397/4/3 6396/4/3 6395/4/3
f 6398/4/3 6396/4/3 6397/4/3
f 6400/4/3 6399/4/3 6398/4/3
f 6401/4/3 6399/4/3 6400/4/3
f 6406/5/3 6403/5/3 6402/5/3
f 6407/5/3 6403/5/3 6406/5/3
f 6408/5/3 6405/5/3 6404/5/3
f 6409/5/3 6405/5/3 6408/5/3
f 6413/1/3 6411/1/3 6410/1/3
f 6414/1/3 6411/1/3 6413/1/3
f 6415/1/3 6413/1/3 6412/1/3
f 6416/1/3 6413/1/3 6415/1/3
f 6419/1/3 6418/1/3 6417/1/3
f 6420/1/3 6418/1/3 6419/1/3
f 6422/1/3 6421/1/3 6420/1/3
f 6423/1/3 6421/1/3 6422/1/3
f 6426/5/3 6425/5/3 6424/5/3
f 6427/5/3 6425/5/3 6426/5/3
f 6431/5/3 6430/5/3 6429/5/3
f 6431/5/3 6429/5/3 6428/5/3
f 6432/5/3 6430/5/3 6431/5/3
f 6433/5/3 6430/5/3 6432/5/3
f 6438/4/3 6435/4/3 6434/4/3
f 6438/4/3 6436/4/3 6435/4/3
f 6439/4/3 6436/4/3 6438/4/3
f 6441/4/3 6438/4/3 6437/4/3
f 6441/4/3 6440/4/3 6439/4/3
f 6441/4/3 6439/4/3 6438/4/3
f 6442/4/3 6440/4/3 6441/4/3
f 6443/4/3 6440/4/3 6442/4/3
f 6444/4/3 6440/4/3 6443/4/3
f 6446/4/3 6445/4/3 6444/4/3
f 6447/4/3 6445/4/3 6446/4/3
f 6452/5/3 6449/5/3 6448/5/3
f 6453/5/3 6449/5/3 6452/5/3
f 6454/5/3 6451/5/3 6450/5/3
f 6455/5/3 6451/5/3 6454/5/3
f 6456/5/3 6454/5/3 6453/5/3
f 6457/5/3 6454/5/3 6456/5/3
f 6462/5/3 6461/5/3 6460/5/3
f 6463/5/3 6461/5/3 6462/5/3
f 6464/5/3 6459/5/3 6458/5/3
f 6465/5/3 6459/5/3 6464/5/3
f 6466/5/3 6462/5/3 6460/5/3
f 6467/5/3 6462/5/3 6466/5/3
f 6470/4/3 6469/4/3 6468/4/3
f 6471/4/3 6469/4/3 6470/4/3
f 6473/4/3 6472/4/3 6471/4/3
f 6474/4/3 6472/4/3 6473/4/3
f 6476/4/3 6475/4/3 6474/4/3
f 6477/4/3 6475/4/3 6476/4/3
f 6480/5/3 6479/5/3 6478/5/3
f 6481/5/3 6479/5/3 6480/5/3
f 6482/5/3 6479/5/3 6481/5/3
f 6483/5/3 6479/5/3 6482/5/3
f 6484/5/3 6482/5/3 6481/5/3
f 6485/5/3 6482/5/3 6484/5/3
f 6489/5/3 6487/5/3 6486/5/3
f 6490/5/3 6489/5/3 6488/5/3
f 6491/5/3 6487/5/3 6489/5/3
f 6491/5/3 6489/5/3 6490/5/3
f 6494/5/3 6493/5/3 6492/5/3
f 6495/5/3 6493/5/3 6494/5/3
f 6498/5/3 6497/5/3 6496/5/3
f 6499/5/3 6497/5/3 6498/5/3
f 6502/5/3 6501/5/3 6500/5/3
f 6503/5/3 6501/5/3 6502/5/3
f 6506/5/3 6505/5/3 6504/5/3
f 6507/5/3 6505/5/3 6506/5/3
f 6510/5/3 6509/5/3 6508/5/3
f 6511/5/3 6509/5/3 6510/5/3
f 6513/5/3 6511/5/3 6510/5/3
f 6513/5/3 6512/5/3 6511/5/3
f 6514/5/3 6512/5/3 6513/5/3
f 6517/2/3 6516/2/3 6515/2/3
f 6518/2/3 6516/2/3 6517/2/3
f 6521/5/3 6520/5/3 6519/5/3
f 6522/5/3 6520/5/3 6521/5/3
f 6525/5/3 6524/5/3 6523/5/3
f 6526/5/3 6524/5/3 6525/5/3
f 6528/5/3 6526/5/3 6525/5/3
f 6528/5/3 6527/5/3 6526/5/3
f 6529/5/3 6527/5/3 6528/5/3
f 6530/5/3 6527/5/3 6529/5/3
f 6531/5/3 6527/5/3 6530/5/3
f 6532/5/3 6527/5/3 6531/5/3
f 6533/5/3 6527/5/3 6532/5/3
f 6537/1/3 6535/1/3 6534/1/3
f 6538/1/3 6537/1/3 6536/1/3
f 6539/1/3 6535/1/3 6537/1/3
f 6539/1/3 6537/1/3 6538/1/3
f 6540/1/3 6535/1/3 6539/1/3
f 6541/1/3 6535/1/3 6540/1/3
f 6545/1/3 6543/1/3 6542/1/3
f 6547/1/3 6545/1/3 6544/1/3
f 6548/1/3 6543/1/3 6545/1/3
f 6548/1/3 6545/1/3 6547/1/3
f 6549/1/3 6543/1/3 6548/1/3
f 6550/1/3 6547/1/3 6546/1/3
f 6550/1/3 6548/1/3 6547/1/3
f 6551/1/3 6548/1/3 6550/1/3
f 6552/1/3 6550/1/3 6546/1/3
f 6554/1/3 6552/1/3 6546/1/3
f 6554/1/3 6553/1/3 6552/1/3
f 6555/1/3 6553/1/3 6554/1/3
f 6556/1/3 6553/1/3 6555/1/3
f 6558/1/3 6556/1/3 6555/1/3
f 6558/1/3 6557/1/3 6556/1/3
f 6559/1/3 6557/1/3 6558/1/3
f 6560/1/3 6557/1/3 6559/1/3
f 6561/1/3 6557/1/3 6560/1/3
f 6565/1/3 6563/1/3 6562/1/3
f 6567/1/3 6565/1/3 6564/1/3
f 6568/1/3 6565/1/3 6567/1/3
f 6569/1/3 6563/1/3 6565/1/3
f 6569/1/3 6565/1/3 6568/1/3
f 6571/1/3 6568/1/3 6567/1/3
f 6571/1/3 6567/1/3 6566/1/3
f 6572/1/3 6568/1/3 6571/1/3
f 6573/1/3 6568/1/3 6572/1/3
f 6574/1/3 6571/1/3 6570/1/3
f 6574/1/3 6572/1/3 6571/1/3
f 6575/1/3 6572/1/3 6574/1/3
f 6577/1/3 6574/1/3 6570/1/3
f 6578/1/3 6577/1/3 6576/1/3
f 6579/1/3 6574/1/3 6577/1/3
f 6579/1/3 6577/1/3 6578/1/3
f 6580/1/3 6574/1/3 6579/1/3
f 6582/1/3 6580/1/3 6579/1/3
f 6582/1/3 6581/1/3 6580/1/3
f 6583/1/3 6581/1/3 6582/1/3
f 6584/1/3 6581/1/3 6583/1/3
f 6586/1/3 6584/1/3 6583/1/3
f 6586/1/3 6585/1/3 6584/1/3
f 6587/1/3 6585/1/3 6586/1/3
f 6588/1/3 6585/1/3 6587/1/3
f 6590/1/3 6588/1/3 6587/1/3
f 6590/1/3 6589/1/3 6588/1/3
f 6591/1/3 6589/1/3 6590/1/3
f 6592/1/3 6589/1/3 6591/1/3
f 6593/1/3 6589/1/3 6592/1/3
f 6597/1/3 6595/1/3 6594/1/3
f 6598/1/3 6595/1/3 6597/1/3
f 6600/1/3 6597/1/3 6596/1/3
f 6601/1/3 6597/1/3 6600/1/3
f 6603/1/3 6600/1/3 6599/1/3
f 6604/1/3 6600/1/3 6603/1/3
f 6606/1/3 6603/1/3 6602/1/3
f 6607/1/3 6603/1/3 6606/1/3
f 6609/1/3 6606/1/3 6605/1/3
f 6610/1/3 6606/1/3 6609/1/3
f 6611/1/3 6609/1/3 6608/1/3
f 6612/1/3 6609/1/3 6611/1/3
f 6614/1/3 6613/1/3 6612/1/3
f 6615/1/3 6613/1/3 6614/1/3
f 6617/1/3 6616/1/3 6615/1/3
f 6618/1/3 6616/1/3 6617/1/3
f 6620/1/3 6619/1/3 6618/1/3
f 6621/1/3 6619/1/3 6620/1/3
f 6623/1/3 6622/1/3 6621/1/3
f 6624/1/3 6622/1/3 6623/1/3
f 6626/1/3 6625/1/3 6624/1/3
f 6627/1/3 6625/1/3 6626/1/3
f 6631/1/3 6629/1/3 6628/1/3
f 6632/1/3 6629/1/3 6631/1/3
f 6634/1/3 6631/1/3 6630/1/3
f 6635/1/3 6631/1/3 6634/1/3
f 6637/1/3 6634/1/3 6633/1/3
f 6638/1/3 6634/1/3 6637/1/3
f 6640/1/3 6637/1/3 6636/1/3
f 6641/1/3 6637/1/3 6640/1/3
f 6642/1/3 6640/1/3 6639/1/3
f 6643/1/3 6640/1/3 6642/1/3
f 6646/1/3 6645/1/3 6644/1/3
f 6647/1/3 6645/1/3 6646/1/3
f 6649/1/3 6648/1/3 6647/1/3
f 6650/1/3 6648/1/3 6649/1/3
f 6652/1/3 6651/1/3 6650/1/3
f 6653/1/3 6651/1/3 6652/1/3
f 6655/1/3 6654/1/3 6653/1/3
f 6656/1/3 6654/1/3 6655/1/3
f 6658/1/3 6657/1/3 6656/1/3
f 6659/1/3 6657/1/3 6658/1/3
f 6664/1/3 6661/1/3 6660/1/3
f 6665/1/3 6661/1/3 6664/1/3
f 6667/1/3 6663/1/3 6662/1/3
f 6668/1/3 6663/1/3 6667/1/3
f 6670/1/3 6667/1/3 6666/1/3
f 6671/1/3 6667/1/3 6670/1/3
f 6673/1/3 6670/1/3 6669/1/3
f 6674/1/3 6670/1/3 6673/1/3
f 6675/1/3 6673/1/3 6672/1/3
f 6676/1/3 6673/1/3 6675/1/3
f 6679/1/3 6678/1/3 6677/1/3
f 6680/1/3 6678/1/3 6679/1/3
f 6683/1/3 6682/1/3 6681/1/3
f 6684/1/3 6682/1/3 6683/1/3
f 6686/1/3 6685/1/3 6684/1/3
f 6687/1/3 6685/1/3 6686/1/3
f 6689/1/3 6688/1/3 6687/1/3
f 6690/1/3 6688/1/3 6689/1/3
f 6692/1/3 6691/1/3 6690/1/3
f 6693/1/3 6691/1/3 6692/1/3
f 6696/1/3 6695/1/3 6694/1/3
f 6697/1/3 6695/1/3 6696/1/3
f 6702/1/3 6699/1/3 6698/1/3
f 6703/1/3 6699/1/3 6702/1/3
f 6705/1/3 6701/1/3 6700/1/3
f 6706/1/3 6701/1/3 6705/1/3
f 6708/1/3 6705/1/3 6704/1/3
f 6709/1/3 6705/1/3 6708/1/3
f 6710/1/3 6708/1/3 6707/1/3
f 6711/1/3 6708/1/3 6710/1/3
f 6714/1/3 6713/1/3 6712/1/3
f 6715/1/3 6713/1/3 6714/1/3
f 6718/1/3 6717/1/3 6716/1/3
f 6719/1/3 6717/1/3 6718/1/3
f 6722/1/3 6721/1/3 6720/1/3
f 6723/1/3 6721/1/3 6722/1/3
f 6725/1/3 6724/1/3 6723/1/3
f 6726/1/3 6724/1/3 6725/1/3
f 6728/1/3 6727/1/3 6726/1/3
f 6729/1/3 6727/1/3 6728/1/3
f 6732/1/3 6731/1/3 6730/1/3
f 6733/1/3 6731/1/3 6732/1/3
f 6738/1/3 6735/1/3 6734/1/3
f 6739/1/3 6735/1/3 6738/1/3
f 6740/1/3 6737/1/3 6736/1/3
f 6741/1/3 6737/1/3 6740/1/3
f 6744/1/3 6743/1/3 6742/1/3
f 6745/1/3 6743/1/3 6744/1/3
f 6748/1/3 6747/1/3 6746/1/3
f 6749/1/3 6747/1/3 6748/1/3
f 6752/1/3 6751/1/3 6750/1/3
f 6753/1/3 6751/1/3 6752/1/3
f 6756/1/3 6755/1/3 6754/1/3
f 6757/1/3 6755/1/3 6756/1/3
f 6760/1/3 6759/1/3 6758/1/3
f 6761/1/3 6759/1/3 6760/1/3
f 6764/1/3 6763/1/3 6762/1/3
f 6765/1/3 6763/1/3 6764/1/3
f 6768/1/3 6767/1/3 6766/1/3
f 6769/1/3 6767/1/3 6768/1/3
f 6772/1/3 6771/1/3 6770/1/3
f 6773/1/3 6771/1/3 6772/1/3
f 6776/1/3 6775/1/3 6774/1/3
f 6777/1/3 6775/1/3 6776/1/3
f 6781/1/3 6779/1/3 6778/1/3
f 6782/1/3 6779/1/3 6781/1/3
f 6783/1/3 6781/1/3 6780/1/3
f 6784/1/3 6781/1/3 6783/1/3
f 6787/1/3 6786/1/3 6785/1/3
f 6788/1/3 6786/1/3 6787/1/3
f 6790/1/3 6789/1/3 6788/1/3
f 6791/1/3 6789/1/3 6790/1/3
f 6794/5/3 6793/5/3 6792/5/3
f 6795/5/3 6793/5/3 6794/5/3
f 6798/5/3 6797/5/3 6796/5/3
f 6799/5/3 6797/5/3 6798/5/3
f 6802/5/3 6801/5/3 6800/5/3
f 6803/5/3 6801/5/3 6802/5/3
f 6804/1/4 6805/1/4 6807/1/4
f 6807/1/4 6805/1/4 6808/1/4
f 6806/1/4 6807/1/4 6809/1/4
f 6809/1/4 6807/1/4 6810/1/4
f 6811/1/4 6812/1/4 6813/1/4
f 6813/1/4 6812/1/4 6814/1/4
f 6815/1/4 6816/1/4 6817/1/4
f 6817/1/4 6816/1/4 6818/1/4
f 6819/1/4 6820/1/4 6821/1/4
f 6821/1/4 6820/1/4 6822/1/4
f 6823/4/4 6824/4/4 6825/4/4
f 6825/4/4 6824/4/4 6826/4/4
f 6827/1/4 6828/1/4 6829/1/4
f 6829/1/4 6828/1/4 6830/1/4
f 6831/4/4 6832/4/4 6833/4/4
f 6833/4/4 6832/4/4 6834/4/4
f 6835/1/4 6836/1/4 6839/1/4
f 6839/1/4 6836/1/4 6840/1/4
f 6837/1/4 6838/1/4 6844/1/4
f 6844/1/4 6838/1/4 6845/1/4
f 6842/4/4 6843/4/4 6846/4/4
f 6841/4/4 6842/4/4 6846/4/4
f 6846/4/4 6843/4/4 6847/4/4
f 6848/1/4 6849/1/4 6850/1/4
f 6850/1/4 6849/1/4 6851/1/4
f 6852/1/4 6853/1/4 6854/1/4
f 6854/1/4 6853/1/4 6855/1/4
f 6856/1/4 6857/1/4 6858/1/4
f 6858/1/4 6857/1/4 6859/1/4
f 6860/1/4 6861/1/4 6862/1/4
f 6862/1/4 6861/1/4 6863/1/4
f 6864/1/4 6865/1/4 6868/1/4
f 6868/1/4 6865/1/4 6869/1/4
f 6866/1/4 6867/1/4 6871/1/4
f 6871/1/4 6867/1/4 6872/1/4
f 6870/1/4 6871/1/4 6874/1/4
f 6874/1/4 6871/1/4 6875/1/4
f 6873/1/4 6874/1/4 6876/1/4
f 6876/1/4 6874/1/4 6877/1/4
f 6878/4/4 6879/4/4 6880/4/4
f 6880/4/4 6879/4/4 6881/4/4
f 6882/4/4 6883/4/4 6884/4/4
f 6884/4/4 6883/4/4 6885/4/4
f 6886/4/4 6887/4/4 6888/4/4
f 6888/4/4 6887/4/4 6889/4/4
f 6889/4/4 6890/4/4 6891/4/4
f 6891/4/4 6890/4/4 6892/4/4
f 6892/4/4 6893/4/4 6894/4/4
f 6894/4/4 6893/4/4 6895/4/4
f 6896/4/4 6897/4/4 6898/4/4
f 6898/4/4 6897/4/4 6899/4/4
f 6900/4/4 6901/4/4 6904/4/4
f 6904/4/4 6901/4/4 6905/4/4
f 6902/4/4 6903/4/4 6907/4/4
f 6907/4/4 6903/4/4 6908/4/4
f 6906/4/4 6907/4/4 6910/4/4
f 6910/4/4 6907/4/4 6911/4/4
f 6909/4/4 6910/4/4 6913/4/4
f 6913/4/4 6910/4/4 6914/4/4
f 6912/4/4 6913/4/4 6915/4/4
f 6915/4/4 6913/4/4 6916/4/4
f 6919/4/4 6920/4/4 6922/4/4
f 6922/4/4 6920/4/4 6923/4/4
f 6921/4/4 6922/4/4 6924/4/4
f 6924/4/4 6922/4/4 6925/4/4
f 6917/4/4 6918/4/4 6926/4/4
f 6926/4/4 6918/4/4 6927/4/4
f 6928/4/4 6929/4/4 6930/4/4
f 6930/4/4 6929/4/4 6931/4/4
f 6931/4/4 6932/4/4 6933/4/4
f 6933/4/4 6932/4/4 6934/4/4
f 6934/4/4 6935/4/4 6936/4/4
f 6936/4/4 6935/4/4 6937/4/4
f 6937/4/4 6938/4/4 6939/4/4
f 6939/4/4 6938/4/4 6940/4/4
f 6941/4/4 6942/4/4 6945/4/4
f 6945/4/4 6942/4/4 6946/4/4
f 6943/1/4 6944/1/4 6949/1/4
f 6949/1/4 6944/1/4 6950/1/4
f 6946/4/4 6947/4/4 6951/4/4
f 6951/4/4 6947/4/4 6952/4/4
f 6948/1/4 6949/1/4 6954/1/4
f 6954/1/4 6949/1/4 6955/1/4
f 6953/1/4 6954/1/4 6957/1/4
f 6957/1/4 6954/1/4 6958/1/4
f 6956/1/4 6957/1/4 6960/1/4
f 6960/1/4 6957/1/4 6961/1/4
f 6959/1/4 6960/1/4 6962/1/4
f 6962/1/4 6960/1/4 6963/1/4
f 6964/4/4 6965/4/4 6968/4/4
f 6968/4/4 6965/4/4 6969/4/4
f 6969/4/4 6965/4/4 6970/4/4
f 6966/1/4 6967/1/4 6971/1/4
f 6971/1/4 6967/1/4 6972/1/4
f 6972/1/4 6973/1/4 6974/1/4
f 6974/1/4 6973/1/4 6975/1/4
f 6975/1/4 6976/1/4 6977/1/4
f 6977/1/4 6976/1/4 6978/1/4
f 6978/1/4 6979/1/4 6980/1/4
f 6980/1/4 6979/1/4 6981/1/4
f 6981/1/4 6982/1/4 6983/1/4
f 6983/1/4 6982/1/4 6984/1/4
f 6985/4/4 6986/4/4 6987/4/4
f 6987/4/4 6986/4/4 6988/4/4
f 6988/4/4 6989/4/4 6992/4/4
f 6992/4/4 6989/4/4 6993/4/4
f 6990/1/4 6991/1/4 6996/1/4
f 6996/1/4 6991/1/4 6997/1/4
f 6993/4/4 6994/4/4 6998/4/4
f 6998/4/4 6994/4/4 6999/4/4
f 6995/1/4 6996/1/4 7002/1/4
f 7002/1/4 6996/1/4 7003/1/4
f 6999/4/4 7000/4/4 7004/4/4
f 7004/4/4 7000/4/4 7005/4/4
f 7001/1/4 7002/1/4 7008/1/4
f 7008/1/4 7002/1/4 7009/1/4
f 7007/1/4 7008/1/4 7011/1/4
f 7011/1/4 7008/1/4 7012/1/4
f 7005/4/4 7006/4/4 7013/4/4
f 7013/4/4 7006/4/4 7014/4/4
f 7010/1/4 7011/1/4 7016/1/4
f 7016/1/4 7011/1/4 7017/1/4
f 7015/1/4 7016/1/4 7018/1/4
f 7018/1/4 7016/1/4 7019/1/4
f 7021/4/4 7022/4/4 7023/4/4
f 7023/4/4 7022/4/4 7024/4/4
f 7019/1/4 7020/1/4 7026/1/4
f 7026/1/4 7020/1/4 7027/1/4
f 7024/4/4 7025/4/4 7029/4/4
f 7029/4/4 7025/4/4 7030/4/4
f 7027/1/4 7028/1/4 7031/1/4
f 7031/1/4 7028/1/4 7032/1/4
f 7032/1/4 7033/1/4 7034/1/4
f 7034/1/4 7033/1/4 7035/1/4
f 7035/1/4 7036/1/4 7037/1/4
f 7037/1/4 7036/1/4 7038/1/4
f 7038/1/4 7036/1/4 7039/1/4
f 7040/4/4 7041/4/4 7042/4/4
f 7042/4/4 7041/4/4 7043/4/4
f 7038/4/4 7039/4/4 7044/4/4
f 7044/4/4 7039/4/4 7045/4/4
f 7046/4/4 7047/4/4 7048/4/4
f 7048/4/4 7047/4/4 7049/4/4
f 7050/4/4 7051/4/4 7052/4/4
f 7052/4/4 7051/4/4 7053/4/4
f 7053/4/4 7054/4/4 7057/4/4
f 7057/4/4 7054/4/4 7058/4/4
f 7055/1/4 7056/1/4 7061/1/4
f 7058/4/4 7059/4/4 7062/4/4
f 7062/4/4 7059/4/4 7063/4/4
f 7060/1/4 7061/1/4 7066/1/4
f 7066/1/4 7061/1/4 7067/1/4
f 7061/1/4 7056/1/4 7068/1/4
f 7067/1/4 7061/1/4 7068/1/4
f 7066/1/4 7067/1/4 7070/1/4
f 7065/1/4 7066/1/4 7070/1/4
f 7070/1/4 7067/1/4 7071/1/4
f 7071/1/4 7067/1/4 7072/1/4
f 7063/4/4 7064/4/4 7073/4/4
f 7073/4/4 7064/4/4 7074/4/4
f 7070/1/4 7071/1/4 7075/1/4
f 7069/1/4 7070/1/4 7075/1/4
f 7075/1/4 7071/1/4 7076/1/4
f 7069/1/4 7075/1/4 7078/1/4
f 7077/1/4 7078/1/4 7079/1/4
f 7078/1/4 7075/1/4 7080/1/4
f 7079/1/4 7078/1/4 7080/1/4
f 7080/1/4 7075/1/4 7081/1/4
f 7080/1/4 7081/1/4 7083/1/4
f 7081/1/4 7082/1/4 7083/1/4
f 7083/1/4 7082/1/4 7084/1/4
f 7084/1/4 7082/1/4 7085/1/4
f 7084/1/4 7085/1/4 7087/1/4
f 7085/1/4 7086/1/4 7087/1/4
f 7087/1/4 7086/1/4 7088/1/4
f 7088/1/4 7086/1/4 7089/1/4
f 7088/1/4 7089/1/4 7093/1/4
f 7089/1/4 7090/1/4 7093/1/4
f 7093/1/4 7090/1/4 7094/1/4
f 7094/1/4 7090/1/4 7095/1/4
f 7095/1/4 7090/1/4 7096/1/4
f 7091/4/4 7092/4/4 7097/4/4
f 7097/4/4 7092/4/4 7098/4/4
f 7098/4/4 7092/4/4 7099/4/4
f 7094/4/4 7095/4/4 7100/4/4
f 7100/4/4 7095/4/4 7101/4/4
f 7102/4/4 7103/4/4 7105/4/4
f 7104/4/4 7105/4/4 7106/4/4
f 7105/4/4 7103/4/4 7107/4/4
f 7106/4/4 7105/4/4 7107/4/4
f 7107/4/4 7108/4/4 7110/4/4
f 7110/4/4 7108/4/4 7111/4/4
f 7109/4/4 7110/4/4 7113/4/4
f 7111/4/4 7112/4/4 7113/4/4
f 7110/4/4 7111/4/4 7113/4/4
f 7109/4/4 7113/4/4 7115/4/4
f 7113/4/4 7114/4/4 7115/4/4
f 7115/4/4 7114/4/4 7116/4/4
f 7116/4/4 7114/4/4 7117/4/4
f 7117/4/4 7118/4/4 7121/4/4
f 7116/4/4 7117/4/4 7121/4/4
f 7121/4/4 7118/4/4 7122/4/4
f 7119/1/4 7120/1/4 7124/1/4
f 7122/4/4 7118/4/4 7125/4/4
f 7125/4/4 7118/4/4 7126/4/4
f 7123/1/4 7124/1/4 7129/1/4
f 7124/1/4 7120/1/4 7130/1/4
f 7129/1/4 7124/1/4 7130/1/4
f 7130/1/4 7120/1/4 7131/1/4
f 7126/4/4 7127/4/4 7132/4/4
f 7132/4/4 7127/4/4 7133/4/4
f 7128/1/4 7129/1/4 7134/1/4
f 7129/1/4 7130/1/4 7134/1/4
f 7134/1/4 7130/1/4 7135/1/4
f 7128/1/4 7134/1/4 7136/1/4
f 7128/1/4 7136/1/4 7138/1/4
f 7136/1/4 7137/1/4 7138/1/4
f 7138/1/4 7137/1/4 7139/1/4
f 7139/1/4 7137/1/4 7140/1/4
f 7139/1/4 7140/1/4 7142/1/4
f 7140/1/4 7141/1/4 7142/1/4
f 7142/1/4 7141/1/4 7143/1/4
f 7143/1/4 7141/1/4 7144/1/4
f 7144/1/4 7141/1/4 7145/1/4
f 7146/4/4 7147/4/4 7150/4/4
f 7150/4/4 7147/4/4 7151/4/4
f 7148/4/4 7149/4/4 7152/4/4
f 7152/4/4 7149/4/4 7153/4/4
f 7154/4/4 7155/4/4 7156/4/4
f 7156/4/4 7155/4/4 7157/4/4
f 7158/4/4 7159/4/4 7160/4/4
f 7160/4/4 7159/4/4 7161/4/4
f 7161/4/4 7159/4/4 7162/4/4
f 7162/4/4 7159/4/4 7163/4/4
f 7164/4/4 7165/4/4 7166/4/4
f 7166/4/4 7165/4/4 7167/4/4
f 7168/4/4 7169/4/4 7170/4/4
f 7170/4/4 7169/4/4 7171/4/4
f 7172/4/4 7173/4/4 7175/4/4
f 7174/4/4 7175/4/4 7176/4/4
f 7175/4/4 7173/4/4 7177/4/4
f 7176/4/4 7175/4/4 7177/4/4
f 7177/4/4 7173/4/4 7178/4/4
f 7178/4/4 7173/4/4 7179/4/4
f 7180/4/4 7181/4/4 7182/4/4
f 7182/4/4 7181/4/4 7183/4/4
f 7184/4/4 7185/4/4 7186/4/4
f 7186/4/4 7185/4/4 7187/4/4
f 7187/4/4 7188/4/4 7189/4/4
f 7189/4/4 7188/4/4 7190/4/4
f 7190/4/4 7191/4/4 7192/4/4
f 7192/4/4 7191/4/4 7193/4/4
f 7194/4/4 7195/4/4 7197/4/4
f 7197/4/4 7195/4/4 7198/4/4
f 7196/4/4 7197/4/4 7199/4/4
f 7199/4/4 7197/4/4 7200/4/4
f 7201/4/4 7202/4/4 7204/4/4
f 7204/4/4 7202/4/4 7205/4/4
f 7203/4/4 7204/4/4 7206/4/4
f 7206/4/4 7204/4/4 7207/4/4
f 7208/4/4 7209/4/4 7210/4/4
f 7210/4/4 7209/4/4 7211/4/4
f 7211/4/4 7212/4/4 7213/4/4
f 7213/4/4 7212/4/4 7214/4/4
f 7215/4/4 7216/4/4 7217/4/4
f 7217/4/4 7216/4/4 7218/4/4
f 7217/5/4 7218/5/4 7219/5/4
f 7219/5/4 7218/5/4 7220/5/4
f 7221/4/4 7222/4/4 7223/4/4
f 7223/4/4 7222/4/4 7224/4/4
f 7225/4/4 7226/4/4 7227/4/4
f 7227/4/4 7226/4/4 7228/4/4
f 7229/5/4 7230/5/4 7231/5/4
f 7231/5/4 7230/5/4 7232/5/4
f 7233/1/4 7234/1/4 7236/1/4
f 7236/1/4 7234/1/4 7237/1/4
f 7235/1/4 7236/1/4 7238/1/4
f 7238/1/4 7236/1/4 7239/1/4
f 7240/1/4 7241/1/4 7242/1/4
f 7242/1/4 7241/1/4 7243/1/4
f 7243/1/4 7244/1/4 7245/1/4
f 7245/1/4 7244/1/4 7246/1/4
f 7247/1/4 7248/1/4 7249/1/4
f 7249/1/4 7248/1/4 7250/1/4
f 7251/1/4 7252/1/4 7253/1/4
f 7253/1/4 7252/1/4 7254/1/4
f 7255/4/4 7256/4/4 7257/4/4
f 7257/4/4 7256/4/4 7258/4/4
f 7259/1/4 7260/1/4 7261/1/4
f 7261/1/4 7260/1/4 7262/1/4
f 7263/1/4 7264/1/4 7265/1/4
f 7265/1/4 7264/1/4 7266/1/4
f 7267/1/4 7268/1/4 7271/1/4
f 7271/1/4 7268/1/4 7272/1/4
f 7269/1/4 7270/1/4 7273/1/4
f 7273/1/4 7270/1/4 7274/1/4
f 7275/1/4 7276/1/4 7277/1/4
f 7277/1/4 7276/1/4 7278/1/4
f 7279/1/4 7280/1/4 7281/1/4
f 7281/1/4 7280/1/4 7282/1/4
f 7283/1/4 7284/1/4 7285/1/4
f 7285/1/4 7284/1/4 7286/1/4
f 7287/1/4 7288/1/4 7289/1/4
f 7289/1/4 7288/1/4 7290/1/4
f 7291/1/4 7292/1/4 7293/1/4
f 7293/1/4 7292/1/4 7294/1/4
f 7295/1/4 7296/1/4 7298/1/4
f 7298/1/4 7296/1/4 7299/1/4
f 7297/1/4 7298/1/4 7300/1/4
f 7300/1/4 7298/1/4 7301/1/4
f 7302/1/4 7303/1/4 7304/1/4
f 7304/1/4 7303/1/4 7305/1/4
f 7305/1/4 7306/1/4 7307/1/4
f 7307/1/4 7306/1/4 7308/1/4
f 7309/1/4 7310/1/4 7313/1/4
f 7313/1/4 7310/1/4 7314/1/4
f 7311/1/4 7312/1/4 7316/1/4
f 7316/1/4 7312/1/4 7317/1/4
f 7315/1/4 7316/1/4 7319/1/4
f 7319/1/4 7316/1/4 7320/1/4
f 7318/1/4 7319/1/4 7321/1/4
f 7321/1/4 7319/1/4 7322/1/4
f 7323/1/4 7324/1/4 7325/1/4
f 7325/1/4 7324/1/4 7326/1/4
f 7327/1/4 7328/1/4 7329/1/4
f 7329/1/4 7328/1/4 7330/1/4
f 7331/1/4 7332/1/4 7333/1/4
f 7333/1/4 7332/1/4 7334/1/4
f 7334/1/4 7335/1/4 7336/1/4
f 7336/1/4 7335/1/4 7337/1/4
f 7337/1/4 7338/1/4 7339/1/4
f 7339/1/4 7338/1/4 7340/1/4
f 7341/1/4 7342/1/4 7343/1/4
f 7343/1/4 7342/1/4 7344/1/4
f 7345/2/4 7346/2/4 7347/2/4
f 7347/2/4 7346/2/4 7348/2/4
f 7349/1/4 7350/1/4 7351/1/4
f 7351/1/4 7350/1/4 7352/1/4
f 7353/1/4 7354/1/4 7355/1/4
f 7355/1/4 7354/1/4 7356/1/4
f 7357/1/4 7358/1/4 7359/1/4
f 7359/1/4 7358/1/4 7360/1/4
f 7361/1/4 7362/1/4 7363/1/4
f 7363/1/4 7362/1/4 7364/1/4
f 7365/1/4 7366/1/4 7369/1/4
f 7369/1/4 7366/1/4 7370/1/4
f 7367/1/4 7368/1/4 7372/1/4
f 7372/1/4 7368/1/4 7373/1/4
f 7371/1/4 7372/1/4 7375/1/4
f 7375/1/4 7372/1/4 7376/1/4
f 7374/1/4 7375/1/4 7378/1/4
f 7378/1/4 7375/1/4 7379/1/4
f 7377/1/4 7378/1/4 7380/1/4
f 7380/1/4 7378/1/4 7381/1/4
f 7382/1/4 7383/1/4 7384/1/4
f 7384/1/4 7383/1/4 7385/1/4
f 7386/1/4 7387/1/4 7388/1/4
f 7388/1/4 7387/1/4 7389/1/4
f 7389/1/4 7390/1/4 7391/1/4
f 7391/1/4 7390/1/4 7392/1/4
f 7392/1/4 7393/1/4 7394/1/4
f 7394/1/4 7393/1/4 7395/1/4
f 7395/1/4 7396/1/4 7397/1/4
f 7397/1/4 7396/1/4 7398/1/4
f 7399/1/4 7400/1/4 7401/1/4
f 7401/1/4 7400/1/4 7402/1/4
f 7403/5/4 7404/5/4 7405/5/4
f 7405/5/4 7404/5/4 7406/5/4
f 7407/1/4 7408/1/4 7411/1/4
f 7411/1/4 7408/1/4 7412/1/4
f 7409/1/4 7410/1/4 7413/1/4
f 7413/1/4 7410/1/4 7414/1/4
f 7415/1/4 7416/1/4 7417/1/4
f 7417/1/4 7416/1/4 7418/1/4
f 7419/1/4 7420/1/4 7421/1/4
f 7421/1/4 7420/1/4 7422/1/4
f 7423/1/4 7424/1/4 7425/1/4
f 7425/1/4 7424/1/4 7426/1/4
f 7427/1/4 7428/1/4 7429/1/4
f 7429/1/4 7428/1/4 7430/1/4
f 7431/1/4 7432/1/4 7433/1/4
f 7433/1/4 7432/1/4 7434/1/4
f 7435/1/4 7436/1/4 7438/1/4
f 7438/1/4 7436/1/4 7439/1/4
f 7437/1/4 7438/1/4 7441/1/4
f 7441/1/4 7438/1/4 7442/1/4
f 7440/1/4 7441/1/4 7444/1/4
f 7444/1/4 7441/1/4 7445/1/4
f 7443/1/4 7444/1/4 7447/1/4
f 7447/1/4 7444/1/4 7448/1/4
f 7446/1/4 7447/1/4 7449/1/4
f 7449/1/4 7447/1/4 7450/1/4
f 7451/1/4 7452/1/4 7453/1/4
f 7453/1/4 7452/1/4 7454/1/4
f 7454/1/4 7455/1/4 7456/1/4
f 7456/1/4 7455/1/4 7457/1/4
f 7457/1/4 7458/1/4 7459/1/4
f 7459/1/4 7458/1/4 7460/1/4
f 7460/1/4 7461/1/4 7462/1/4
f 7462/1/4 7461/1/4 7463/1/4
f 7463/1/4 7464/1/4 7465/1/4
f 7465/1/4 7464/1/4 7466/1/4
f 7467/5/4 7468/5/4 7469/5/4
f 7469/5/4 7468/5/4 7470/5/4
f 7471/5/4 7472/5/4 7473/5/4
f 7473/5/4 7472/5/4 7474/5/4
f 7475/1/4 7476/1/4 7481/1/4
f 7481/1/4 7476/1/4 7482/1/4
f 7477/6/4 7478/6/4 7483/6/4
f 7483/6/4 7478/6/4 7484/6/4
f 7479/1/4 7480/1/4 7486/1/4
f 7486/1/4 7480/1/4 7487/1/4
f 7485/1/4 7486/1/4 7489/1/4
f 7489/1/4 7486/1/4 7490/1/4
f 7488/1/4 7489/1/4 7491/1/4
f 7491/1/4 7489/1/4 7492/1/4
f 7493/1/4 7494/1/4 7495/1/4
f 7495/1/4 7494/1/4 7496/1/4
f 7497/1/4 7498/1/4 7499/1/4
f 7499/1/4 7498/1/4 7500/1/4
f 7501/1/4 7502/1/4 7503/1/4
f 7503/1/4 7502/1/4 7504/1/4
f 7504/1/4 7505/1/4 7506/1/4
f 7506/1/4 7505/1/4 7507/1/4
f 7507/1/4 7508/1/4 7509/1/4
f 7509/1/4 7508/1/4 7510/1/4
f 7511/1/4 7512/1/4 7513/1/4
f 7513/1/4 7512/1/4 7514/1/4
f 7515/1/4 7516/1/4 7518/1/4
f 7518/1/4 7516/1/4 7519/1/4
f 7517/1/4 7518/1/4 7521/1/4
f 7521/1/4 7518/1/4 7522/1/4
f 7520/1/4 7521/1/4 7526/1/4
f 7526/1/4 7521/1/4 7527/1/4
f 7523/5/4 7524/5/4 7528/5/4
f 7528/5/4 7524/5/4 7529/5/4
f 7525/1/4 7526/1/4 7531/1/4
f 7531/1/4 7526/1/4 7532/1/4
f 7530/1/4 7531/1/4 7536/1/4
f 7536/1/4 7531/1/4 7537/1/4
f 7533/5/4 7534/5/4 7538/5/4
f 7538/5/4 7534/5/4 7539/5/4
f 7535/1/4 7536/1/4 7540/1/4
f 7540/1/4 7536/1/4 7541/1/4
f 7541/1/4 7542/1/4 7543/1/4
f 7543/1/4 7542/1/4 7544/1/4
f 7544/1/4 7545/1/4 7546/1/4
f 7546/1/4 7545/1/4 7547/1/4
f 7547/1/4 7548/1/4 7549/1/4
f 7549/1/4 7548/1/4 7550/1/4
f 7550/1/4 7551/1/4 7552/1/4
f 7552/1/4 7551/1/4 7553/1/4
f 7553/1/4 7554/1/4 7555/1/4
f 7555/1/4 7554/1/4 7556/1/4
f 7557/5/4 7558/5/4 7559/5/4
f 7559/5/4 7558/5/4 7560/5/4
f 7561/1/4 7562/1/4 7565/1/4
f 7565/1/4 7562/1/4 7566/1/4
f 7563/1/4 7564/1/4 7568/1/4
f 7568/1/4 7564/1/4 7569/1/4
f 7567/1/4 7568/1/4 7571/1/4
f 7571/1/4 7568/1/4 7572/1/4
f 7570/1/4 7571/1/4 7574/1/4
f 7574/1/4 7571/1/4 7575/1/4
f 7573/1/4 7574/1/4 7576/1/4
f 7576/1/4 7574/1/4 7577/1/4
f 7580/5/4 7581/5/4 7582/5/4
f 7582/5/4 7581/5/4 7583/5/4
f 7578/1/4 7579/1/4 7584/1/4
f 7584/1/4 7579/1/4 7585/1/4
f 7586/1/4 7587/1/4 7588/1/4
f 7588/1/4 7587/1/4 7589/1/4
f 7589/1/4 7590/1/4 7591/1/4
f 7591/1/4 7590/1/4 7592/1/4
f 7592/1/4 7593/1/4 7596/1/4
f 7596/1/4 7593/1/4 7597/1/4
f 7594/5/4 7595/5/4 7599/5/4
f 7599/5/4 7595/5/4 7600/5/4
f 7597/1/4 7598/1/4 7601/1/4
f 7601/1/4 7598/1/4 7602/1/4
f 7603/1/4 7604/1/4 7605/1/4
f 7605/1/4 7604/1/4 7606/1/4
f 7607/2/4 7608/2/4 7609/2/4
f 7609/2/4 7608/2/4 7610/2/4
f 7610/5/4 7611/5/4 7614/5/4
f 7614/5/4 7611/5/4 7615/5/4
f 7612/1/4 7613/1/4 7617/1/4
f 7616/1/4 7617/1/4 7619/1/4
f 7619/1/4 7617/1/4 7620/1/4
f 7617/1/4 7613/1/4 7621/1/4
f 7620/1/4 7617/1/4 7621/1/4
f 7619/1/4 7620/1/4 7623/1/4
f 7618/1/4 7619/1/4 7623/1/4
f 7623/1/4 7620/1/4 7624/1/4
f 7624/1/4 7620/1/4 7625/1/4
f 7622/1/4 7623/1/4 7626/1/4
f 7623/1/4 7624/1/4 7626/1/4
f 7626/1/4 7624/1/4 7627/1/4
f 7622/1/4 7626/1/4 7629/1/4
f 7628/1/4 7629/1/4 7630/1/4
f 7629/1/4 7626/1/4 7631/1/4
f 7630/1/4 7629/1/4 7631/1/4
f 7631/1/4 7626/1/4 7632/1/4
f 7631/1/4 7632/1/4 7634/1/4
f 7632/1/4 7633/1/4 7634/1/4
f 7634/1/4 7633/1/4 7635/1/4
f 7635/1/4 7633/1/4 7636/1/4
f 7635/1/4 7636/1/4 7638/1/4
f 7636/1/4 7637/1/4 7638/1/4
f 7638/1/4 7637/1/4 7639/1/4
f 7639/1/4 7637/1/4 7640/1/4
f 7639/1/4 7640/1/4 7642/1/4
f 7640/1/4 7641/1/4 7642/1/4
f 7642/1/4 7641/1/4 7643/1/4
f 7643/1/4 7641/1/4 7646/1/4
f 7646/1/4 7641/1/4 7647/1/4
f 7644/5/4 7645/5/4 7648/5/4
f 7648/5/4 7645/5/4 7649/5/4
f 7650/6/4 7651/6/4 7652/6/4
f 7652/6/4 7651/6/4 7653/6/4
f 7654/1/4 7655/1/4 7657/1/4
f 7657/1/4 7655/1/4 7658/1/4
f 7656/1/4 7657/1/4 7660/1/4
f 7660/1/4 7657/1/4 7661/1/4
f 7659/1/4 7660/1/4 7663/1/4
f 7663/1/4 7660/1/4 7664/1/4
f 7662/1/4 7663/1/4 7666/1/4
f 7666/1/4 7663/1/4 7667/1/4
f 7665/1/4 7666/1/4 7668/1/4
f 7668/1/4 7666/1/4 7669/1/4
f 7670/1/4 7671/1/4 7672/1/4
f 7672/1/4 7671/1/4 7673/1/4
f 7673/1/4 7674/1/4 7675/1/4
f 7675/1/4 7674/1/4 7676/1/4
f 7676/1/4 7677/1/4 7678/1/4
f 7678/1/4 7677/1/4 7679/1/4
f 7679/1/4 7680/1/4 7681/1/4
f 7681/1/4 7680/1/4 7682/1/4
f 7682/1/4 7683/1/4 7684/1/4
f 7684/1/4 7683/1/4 7685/1/4
f 7686/5/4 7687/5/4 7689/5/4
f 7689/5/4 7687/5/4 7690/5/4
f 7688/2/4 7689/2/4 7691/2/4
f 7691/2/4 7689/2/4 7692/2/4
f 7693/3/4 7694/3/4 7697/3/4
f 7694/2/4 7695/2/4 7698/2/4
f 7697/3/4 7694/3/4 7698/3/4
f 7695/3/4 7696/3/4 7699/3/4
f 7698/2/4 7695/2/4 7699/2/4
f 7699/3/4 7696/3/4 7700/3/4
f 7701/1/4 7702/1/4 7704/1/4
f 7703/1/4 7704/1/4 7706/1/4
f 7704/1/4 7702/1/4 7707/1/4
f 7706/1/4 7704/1/4 7707/1/4
f 7707/1/4 7702/1/4 7708/1/4
f 7705/1/4 7706/1/4 7709/1/4
f 7706/1/4 7707/1/4 7709/1/4
f 7709/1/4 7707/1/4 7710/1/4
f 7705/1/4 7709/1/4 7711/1/4
f 7705/1/4 7711/1/4 7713/1/4
f 7711/1/4 7712/1/4 7713/1/4
f 7713/1/4 7712/1/4 7714/1/4
f 7714/1/4 7712/1/4 7715/1/4
f 7714/1/4 7715/1/4 7717/1/4
f 7715/1/4 7716/1/4 7717/1/4
f 7717/1/4 7716/1/4 7718/1/4
f 7718/1/4 7716/1/4 7719/1/4
f 7719/1/4 7716/1/4 7720/1/4
f 7721/5/4 7722/5/4 7723/5/4
f 7723/5/4 7722/5/4 7724/5/4
f 7725/6/4 7726/6/4 7727/6/4
f 7727/6/4 7726/6/4 7728/6/4
f 7729/1/4 7730/1/4 7732/1/4
f 7732/1/4 7730/1/4 7733/1/4
f 7731/1/4 7732/1/4 7735/1/4
f 7735/1/4 7732/1/4 7736/1/4
f 7734/1/4 7735/1/4 7738/1/4
f 7738/1/4 7735/1/4 7739/1/4
f 7737/1/4 7738/1/4 7741/1/4
f 7741/1/4 7738/1/4 7742/1/4
f 7740/1/4 7741/1/4 7744/1/4
f 7744/1/4 7741/1/4 7745/1/4
f 7743/1/4 7744/1/4 7746/1/4
f 7746/1/4 7744/1/4 7747/1/4
f 7747/1/4 7748/1/4 7749/1/4
f 7749/1/4 7748/1/4 7750/1/4
f 7750/1/4 7751/1/4 7752/1/4
f 7752/1/4 7751/1/4 7753/1/4
f 7753/1/4 7754/1/4 7755/1/4
f 7755/1/4 7754/1/4 7756/1/4
f 7756/1/4 7757/1/4 7758/1/4
f 7758/1/4 7757/1/4 7759/1/4
f 7759/1/4 7760/1/4 7761/1/4
f 7761/1/4 7760/1/4 7762/1/4
f 7763/3/4 7764/3/4 7767/3/4
f 7764/2/4 7765/2/4 7768/2/4
f 7767/3/4 7764/3/4 7768/3/4
f 7765/3/4 7766/3/4 7769/3/4
f 7768/2/4 7765/2/4 7769/2/4
f 7769/3/4 7766/3/4 7770/3/4
f 7771/2/4 7772/2/4 7773/2/4
f 7773/2/4 7772/2/4 7774/2/4
f 7775/1/4 7776/1/4 7778/1/4
f 7779/5/4 7780/5/4 7781/5/4
f 7781/5/4 7780/5/4 7782/5/4
f 7777/1/4 7778/1/4 7783/1/4
f 7778/1/4 7776/1/4 7784/1/4
f 7783/1/4 7778/1/4 7784/1/4
f 7784/1/4 7776/1/4 7785/1/4
f 7785/1/4 7776/1/4 7786/1/4
f 7787/5/4 7788/5/4 7789/5/4
f 7789/5/4 7788/5/4 7790/5/4
f 7791/6/4 7792/6/4 7793/6/4
f 7793/6/4 7792/6/4 7794/6/4
f 7795/1/4 7796/1/4 7798/1/4
f 7797/1/4 7798/1/4 7800/1/4
f 7800/1/4 7798/1/4 7801/1/4
f 7798/1/4 7796/1/4 7802/1/4
f 7801/1/4 7798/1/4 7802/1/4
f 7800/1/4 7801/1/4 7804/1/4
f 7799/1/4 7800/1/4 7804/1/4
f 7804/1/4 7801/1/4 7805/1/4
f 7805/1/4 7801/1/4 7806/1/4
f 7803/1/4 7804/1/4 7807/1/4
f 7804/1/4 7805/1/4 7807/1/4
f 7807/1/4 7805/1/4 7808/1/4
f 7809/6/4 7810/6/4 7811/6/4
f 7811/6/4 7810/6/4 7812/6/4
f 7803/1/4 7807/1/4 7814/1/4
f 7813/1/4 7814/1/4 7815/1/4
f 7814/1/4 7807/1/4 7816/1/4
f 7815/1/4 7814/1/4 7816/1/4
f 7816/1/4 7807/1/4 7817/1/4
f 7816/1/4 7817/1/4 7819/1/4
f 7817/1/4 7818/1/4 7819/1/4
f 7819/1/4 7818/1/4 7820/1/4
f 7820/1/4 7818/1/4 7821/1/4
f 7821/1/4 7822/1/4 7823/1/4
f 7820/1/4 7821/1/4 7823/1/4
f 7823/1/4 7822/1/4 7824/1/4
f 7824/1/4 7822/1/4 7825/1/4
f 7825/1/4 7826/1/4 7827/1/4
f 7824/1/4 7825/1/4 7827/1/4
f 7827/1/4 7826/1/4 7828/1/4
f 7828/1/4 7826/1/4 7829/1/4
f 7829/1/4 7826/1/4 7830/1/4
f 7831/2/4 7832/2/4 7833/2/4
f 7833/2/4 7832/2/4 7834/2/4
f 7835/2/4 7836/2/4 7837/2/4
f 7837/2/4 7836/2/4 7838/2/4
f 7838/5/4 7839/5/4 7840/5/4
f 7840/5/4 7839/5/4 7841/5/4
f 7842/5/4 7843/5/4 7844/5/4
f 7844/5/4 7843/5/4 7845/5/4
f 7846/5/4 7847/5/4 7848/5/4
f 7848/5/4 7847/5/4 7849/5/4
f 7850/6/4 7851/6/4 7852/6/4
f 7852/6/4 7851/6/4 7853/6/4
f 7854/1/4 7855/1/4 7857/1/4
f 7856/1/4 7857/1/4 7859/1/4
f 7857/1/4 7855/1/4 7860/1/4
f 7859/1/4 7857/1/4 7860/1/4
f 7860/1/4 7855/1/4 7861/1/4
f 7858/1/4 7859/1/4 7862/1/4
f 7859/1/4 7860/1/4 7862/1/4
f 7862/1/4 7860/1/4 7863/1/4
f 7858/1/4 7862/1/4 7864/1/4
f 7858/1/4 7864/1/4 7866/1/4
f 7864/1/4 7865/1/4 7866/1/4
f 7866/1/4 7865/1/4 7867/1/4
f 7867/1/4 7865/1/4 7868/1/4
f 7867/1/4 7868/1/4 7870/1/4
f 7868/1/4 7869/1/4 7870/1/4
f 7870/1/4 7869/1/4 7871/1/4
f 7871/1/4 7869/1/4 7872/1/4
f 7872/1/4 7869/1/4 7873/1/4
f 7874/5/4 7875/5/4 7876/5/4
f 7876/5/4 7875/5/4 7877/5/4
f 7878/5/4 7879/5/4 7881/5/4
f 7881/5/4 7879/5/4 7882/5/4
f 7880/2/4 7881/2/4 7883/2/4
f 7883/2/4 7881/2/4 7884/2/4
f 7885/5/4 7886/5/4 7887/5/4
f 7887/5/4 7886/5/4 7888/5/4
f 7889/5/4 7890/5/4 7891/5/4
f 7891/5/4 7890/5/4 7892/5/4
f 7893/6/4 7894/6/4 7895/6/4
f 7895/6/4 7894/6/4 7896/6/4
f 7897/6/4 7898/6/4 7901/6/4
f 7901/6/4 7898/6/4 7902/6/4
f 7899/1/4 7900/1/4 7904/1/4
f 7903/1/4 7904/1/4 7905/1/4
f 7904/1/4 7900/1/4 7906/1/4
f 7905/1/4 7904/1/4 7906/1/4
f 7906/1/4 7900/1/4 7907/1/4
f 7907/1/4 7900/1/4 7908/1/4
f 7909/5/4 7910/5/4 7911/5/4
f 7911/5/4 7910/5/4 7912/5/4
f 7913/5/4 7914/5/4 7915/5/4
f 7915/5/4 7914/5/4 7916/5/4
f 7917/5/4 7918/5/4 7919/5/4
f 7919/5/4 7918/5/4 7920/5/4
f 7917/5/4 7919/5/4 7921/5/4
f 7919/6/4 7920/6/4 7922/6/4
f 7921/5/4 7919/5/4 7922/5/4
f 7921/6/4 7922/6/4 7923/6/4
f 7923/6/4 7922/6/4 7924/6/4
f 7922/6/4 7920/6/4 7925/6/4
f 7924/6/4 7922/6/4 7925/6/4
f 7926/6/4 7927/6/4 7928/6/4
f 7928/6/4 7927/6/4 7929/6/4
f 7930/5/4 7931/5/4 7932/5/4
f 7932/5/4 7931/5/4 7933/5/4
f 7934/3/4 7935/3/4 7938/3/4
f 7935/2/4 7936/2/4 7939/2/4
f 7938/3/4 7935/3/4 7939/3/4
f 7936/3/4 7937/3/4 7940/3/4
f 7939/2/4 7936/2/4 7940/2/4
f 7940/3/4 7937/3/4 7941/3/4
f 7942/2/4 7943/2/4 7944/2/4
f 7944/2/4 7943/2/4 7945/2/4
f 7946/2/4 7947/2/4 7948/2/4
f 7948/2/4 7947/2/4 7949/2/4
f 7949/5/4 7950/5/4 7951/5/4
f 7951/5/4 7950/5/4 7952/5/4
f 7953/6/4 7954/6/4 7955/6/4
f 7955/6/4 7954/6/4 7956/6/4
f 7957/6/4 7958/6/4 7959/6/4
f 7959/6/4 7958/6/4 7960/6/4
f 7961/5/4 7962/5/4 7964/5/4
f 7964/5/4 7962/5/4 7965/5/4
f 7963/2/4 7964/2/4 7966/2/4
f 7966/2/4 7964/2/4 7967/2/4
f 7968/2/4 7969/2/4 7970/2/4
f 7970/2/4 7969/2/4 7971/2/4
f 7972/3/4 7973/3/4 7976/3/4
f 7973/2/4 7974/2/4 7977/2/4
f 7976/3/4 7973/3/4 7977/3/4
f 7974/3/4 7975/3/4 7978/3/4
f 7977/2/4 7974/2/4 7978/2/4
f 7978/3/4 7975/3/4 7979/3/4
f 7980/5/4 7981/5/4 7982/5/4
f 7982/5/4 7981/5/4 7983/5/4
f 7984/5/4 7985/5/4 7986/5/4
f 7986/5/4 7985/5/4 7987/5/4
f 7988/6/4 7989/6/4 7990/6/4
f 7990/6/4 7989/6/4 7991/6/4
f 7992/6/4 7993/6/4 7994/6/4
f 7994/6/4 7993/6/4 7995/6/4
f 7996/5/4 7997/5/4 7998/5/4
f 7998/5/4 7997/5/4 7999/5/4
f 8000/5/4 8001/5/4 8002/5/4
f 8002/5/4 8001/5/4 8003/5/4
f 8004/3/4 8005/3/4 8008/3/4
f 8005/2/4 8006/2/4 8009/2/4
f 8008/3/4 8005/3/4 8009/3/4
f 8006/3/4 8007/3/4 8010/3/4
f 8009/2/4 8006/2/4 8010/2/4
f 8010/3/4 8007/3/4 8011/3/4
f 8012/2/4 8013/2/4 8014/2/4
f 8014/2/4 8013/2/4 8015/2/4
f 8016/2/4 8017/2/4 8018/2/4
f 8018/2/4 8017/2/4 8019/2/4
f 8020/5/4 8021/5/4 8022/5/4
f 8022/5/4 8021/5/4 8023/5/4
f 8024/6/4 8025/6/4 8026/6/4
f 8026/6/4 8025/6/4 8027/6/4
f 8028/6/4 8029/6/4 8030/6/4
f 8030/6/4 8029/6/4 8031/6/4
f 8032/5/4 8033/5/4 8034/5/4
f 8034/5/4 8033/5/4 8035/5/4
f 8036/2/4 8037/2/4 8038/2/4
f 8038/2/4 8037/2/4 8039/2/4
f 8040/2/4 8041/2/4 8042/2/4
f 8042/2/4 8041/2/4 8043/2/4
f 8044/3/4 8045/3/4 8048/3/4
f 8045/2/4 8046/2/4 8049/2/4
f 8048/3/4 8045/3/4 8049/3/4
f 8046/3/4 8047/3/4 8050/3/4
f 8049/2/4 8046/2/4 8050/2/4
f 8050/3/4 8047/3/4 8051/3/4
f 8052/2/4 8053/2/4 8054/2/4
f 8054/2/4 8053/2/4 8055/2/4
f 8055/5/4 8056/5/4 8057/5/4
f 8057/5/4 8056/5/4 8058/5/4
f 8059/6/4 8060/6/4 8061/6/4
f 8061/6/4 8060/6/4 8062/6/4
f 8063/6/4 8064/6/4 8065/6/4
f 8065/6/4 8064/6/4 8066/6/4
f 8067/5/4 8068/5/4 8071/5/4
f 8068/5/4 8069/5/4 8071/5/4
f 8071/5/4 8069/5/4 8072/5/4
f 8070/2/4 8071/2/4 8073/2/4
f 8073/2/4 8071/2/4 8074/2/4
f 8075/2/4 8076/2/4 8077/2/4
f 8077/2/4 8076/2/4 8078/2/4
f 8079/5/4 8080/5/4 8081/5/4
f 8081/5/4 8080/5/4 8082/5/4
f 8083/5/4 8084/5/4 8085/5/4
f 8085/5/4 8084/5/4 8086/5/4
f 8087/6/4 8088/6/4 8089/6/4
f 8089/6/4 8088/6/4 8090/6/4
f 8090/6/4 8088/6/4 8091/6/4
f 8091/6/4 8088/6/4 8092/6/4
f 8093/6/4 8094/6/4 8095/6/4
f 8095/6/4 8094/6/4 8096/6/4
f 8097/6/4 8098/6/4 8099/6/4
f 8099/6/4 8098/6/4 8100/6/4
f 8101/5/4 8102/5/4 8105/5/4
f 8102/5/4 8103/5/4 8105/5/4
f 8103/6/4 8104/6/4 8106/6/4
f 8105/5/4 8103/5/4 8106/5/4
f 8106/6/4 8104/6/4 8107/6/4
f 8108/2/4 8109/2/4 8110/2/4
f 8110/2/4 8109/2/4 8111/2/4
f 8112/3/4 8113/3/4 8116/3/4
f 8113/2/4 8114/2/4 8117/2/4
f 8116/3/4 8113/3/4 8117/3/4
f 8114/3/4 8115/3/4 8118/3/4
f 8117/2/4 8114/2/4 8118/2/4
f 8118/3/4 8115/3/4 8119/3/4
f 8120/2/4 8121/2/4 8122/2/4
f 8122/2/4 8121/2/4 8123/2/4
f 8124/5/4 8125/5/4 8126/5/4
f 8126/5/4 8125/5/4 8127/5/4
f 8128/5/4 8129/5/4 8131/5/4
f 8129/6/4 8130/6/4 8131/6/4
f 8131/6/4 8130/6/4 8132/6/4
f 8128/5/4 8131/5/4 8133/5/4
f 8131/5/4 8132/5/4 8133/5/4
f 8133/5/4 8132/5/4 8134/5/4
f 8135/5/4 8136/5/4 8137/5/4
f 8137/5/4 8136/5/4 8138/5/4
f 8139/5/4 8140/5/4 8141/5/4
f 8141/5/4 8140/5/4 8142/5/4
f 8143/6/4 8144/6/4 8145/6/4
f 8145/6/4 8144/6/4 8146/6/4
f 8147/2/4 8148/2/4 8149/2/4
f 8149/2/4 8148/2/4 8150/2/4
f 8151/3/4 8152/3/4 8155/3/4
f 8152/2/4 8153/2/4 8156/2/4
f 8155/3/4 8152/3/4 8156/3/4
f 8153/3/4 8154/3/4 8157/3/4
f 8156/2/4 8153/2/4 8157/2/4
f 8157/3/4 8154/3/4 8158/3/4
f 8159/2/4 8160/2/4 8161/2/4
f 8161/2/4 8160/2/4 8162/2/4
f 8163/2/4 8164/2/4 8165/2/4
f 8165/2/4 8164/2/4 8166/2/4
f 8166/5/4 8167/5/4 8168/5/4
f 8168/5/4 8167/5/4 8169/5/4
f 8170/5/4 8171/5/4 8172/5/4
f 8172/5/4 8171/5/4 8173/5/4
f 8176/5/4 8177/5/4 8178/5/4
f 8178/5/4 8177/5/4 8179/5/4
f 8180/5/4 8181/5/4 8182/5/4
f 8182/5/4 8181/5/4 8183/5/4
f 8174/5/4 8175/5/4 8184/5/4
f 8184/5/4 8175/5/4 8185/5/4
f 8186/6/4 8187/6/4 8188/6/4
f 8188/6/4 8187/6/4 8189/6/4
f 8190/5/4 8191/5/4 8194/5/4
f 8191/6/4 8192/6/4 8195/6/4
f 8194/5/4 8191/5/4 8195/5/4
f 8195/6/4 8192/6/4 8196/6/4
f 8193/2/4 8194/2/4 8197/2/4
f 8197/2/4 8194/2/4 8198/2/4
f 8199/2/4 8200/2/4 8201/2/4
f 8201/2/4 8200/2/4 8202/2/4
f 8203/3/4 8204/3/4 8207/3/4
f 8204/2/4 8205/2/4 8208/2/4
f 8207/3/4 8204/3/4 8208/3/4
f 8205/3/4 8206/3/4 8209/3/4
f 8208/2/4 8205/2/4 8209/2/4
f 8209/3/4 8206/3/4 8210/3/4
f 8211/2/4 8212/2/4 8213/2/4
f 8213/2/4 8212/2/4 8214/2/4
f 8214/5/4 8215/5/4 8216/5/4
f 8216/5/4 8215/5/4 8217/5/4
f 8218/5/4 8219/5/4 8220/5/4
f 8220/5/4 8219/5/4 8221/5/4
f 8222/6/4 8223/6/4 8224/6/4
f 8224/6/4 8223/6/4 8225/6/4
f 8226/6/4 8227/6/4 8229/6/4
f 8229/6/4 8227/6/4 8230/6/4
f 8228/2/4 8229/2/4 8231/2/4
f 8231/2/4 8229/2/4 8232/2/4
f 8233/3/4 8234/3/4 8237/3/4
f 8234/2/4 8235/2/4 8238/2/4
f 8237/3/4 8234/3/4 8238/3/4
f 8235/3/4 8236/3/4 8239/3/4
f 8238/2/4 8235/2/4 8239/2/4
f 8239/3/4 8236/3/4 8240/3/4
f 8241/3/4 8242/3/4 8245/3/4
f 8242/2/4 8243/2/4 8246/2/4
f 8245/3/4 8242/3/4 8246/3/4
f 8243/3/4 8244/3/4 8247/3/4
f 8246/2/4 8243/2/4 8247/2/4
f 8247/3/4 8244/3/4 8248/3/4
f 8249/2/4 8250/2/4 8251/2/4
f 8251/2/4 8250/2/4 8252/2/4
f 8253/2/4 8254/2/4 8255/2/4
f 8255/2/4 8254/2/4 8256/2/4
f 8256/5/4 8257/5/4 8258/5/4
f 8258/5/4 8257/5/4 8259/5/4
f 8259/5/4 8257/5/4 8260/5/4
f 8261/5/4 8262/5/4 8263/5/4
f 8263/5/4 8262/5/4 8264/5/4
f 8265/6/4 8266/6/4 8268/6/4
f 8266/6/4 8267/6/4 8268/6/4
f 8268/6/4 8267/6/4 8269/6/4
f 8270/6/4 8271/6/4 8272/6/4
f 8272/6/4 8271/6/4 8274/6/4
f 8274/6/4 8271/6/4 8275/6/4
f 8273/2/4 8274/2/4 8276/2/4
f 8276/2/4 8274/2/4 8277/2/4
f 8278/2/4 8279/2/4 8280/2/4
f 8280/2/4 8279/2/4 8281/2/4
f 8282/3/4 8283/3/4 8286/3/4
f 8283/2/4 8284/2/4 8287/2/4
f 8286/3/4 8283/3/4 8287/3/4
f 8284/3/4 8285/3/4 8288/3/4
f 8287/2/4 8284/2/4 8288/2/4
f 8288/3/4 8285/3/4 8289/3/4
f 8290/2/4 8291/2/4 8292/2/4
f 8292/2/4 8291/2/4 8293/2/4
f 8294/2/4 8295/2/4 8296/2/4
f 8296/2/4 8295/2/4 8297/2/4
f 8298/5/4 8299/5/4 8301/5/4
f 8301/5/4 8299/5/4 8302/5/4
f 8299/6/4 8300/6/4 8303/6/4
f 8302/5/4 8299/5/4 8303/5/4
f 8303/6/4 8300/6/4 8304/6/4
f 8305/5/4 8306/5/4 8309/5/4
f 8309/5/4 8306/5/4 8310/5/4
f 8307/1/4 8308/1/4 8312/1/4
f 8312/1/4 8308/1/4 8313/1/4
f 8311/1/4 8312/1/4 8314/1/4
f 8314/1/4 8312/1/4 8315/1/4
f 8316/1/4 8317/1/4 8318/1/4
f 8318/1/4 8317/1/4 8319/1/4
f 8319/1/4 8320/1/4 8321/1/4
f 8321/1/4 8320/1/4 8322/1/4
f 8323/5/4 8324/5/4 8325/5/4
f 8325/5/4 8324/5/4 8326/5/4
f 8325/6/4 8326/6/4 8327/6/4
f 8326/5/4 8324/5/4 8328/5/4
f 8327/6/4 8326/6/4 8328/6/4
f 8328/5/4 8324/5/4 8329/5/4
f 8330/6/4 8331/6/4 8332/6/4
f 8332/6/4 8331/6/4 8333/6/4
f 8334/2/4 8335/2/4 8336/2/4
f 8336/2/4 8335/2/4 8337/2/4
f 8338/2/4 8339/2/4 8340/2/4
f 8340/2/4 8339/2/4 8341/2/4
f 8342/3/4 8343/3/4 8346/3/4
f 8343/2/4 8344/2/4 8347/2/4
f 8346/3/4 8343/3/4 8347/3/4
f 8344/3/4 8345/3/4 8348/3/4
f 8347/2/4 8344/2/4 8348/2/4
f 8348/3/4 8345/3/4 8349/3/4
f 8350/2/4 8351/2/4 8352/2/4
f 8352/2/4 8351/2/4 8353/2/4
f 8354/2/4 8355/2/4 8356/2/4
f 8356/2/4 8355/2/4 8357/2/4
f 8357/5/4 8358/5/4 8362/5/4
f 8358/6/4 8359/6/4 8363/6/4
f 8362/5/4 8358/5/4 8363/5/4
f 8363/6/4 8359/6/4 8364/6/4
f 8360/1/4 8361/1/4 8365/1/4
f 8365/1/4 8361/1/4 8366/1/4
f 8367/5/4 8368/5/4 8369/5/4
f 8369/5/4 8368/5/4 8370/5/4
f 8371/1/4 8372/1/4 8373/1/4
f 8373/1/4 8372/1/4 8374/1/4
f 8375/1/4 8376/1/4 8377/1/4
f 8377/1/4 8376/1/4 8378/1/4
f 8379/1/4 8380/1/4 8381/1/4
f 8381/1/4 8380/1/4 8382/1/4
f 8383/5/4 8384/5/4 8386/5/4
f 8384/6/4 8385/6/4 8387/6/4
f 8386/5/4 8384/5/4 8387/5/4
f 8387/6/4 8385/6/4 8388/6/4
f 8386/5/4 8387/5/4 8389/5/4
f 8387/5/4 8388/5/4 8389/5/4
f 8389/5/4 8388/5/4 8390/5/4
f 8391/5/4 8392/5/4 8394/5/4
f 8392/6/4 8393/6/4 8395/6/4
f 8394/5/4 8392/5/4 8395/5/4
f 8394/6/4 8395/6/4 8398/6/4
f 8395/6/4 8393/6/4 8399/6/4
f 8398/6/4 8395/6/4 8399/6/4
f 8396/2/4 8397/2/4 8400/2/4
f 8397/6/4 8398/6/4 8400/6/4
f 8400/6/4 8398/6/4 8401/6/4
f 8396/2/4 8400/2/4 8402/2/4
f 8400/2/4 8401/2/4 8402/2/4
f 8402/2/4 8401/2/4 8403/2/4
f 8404/2/4 8405/2/4 8406/2/4
f 8406/2/4 8405/2/4 8407/2/4
f 8408/3/4 8409/3/4 8412/3/4
f 8409/2/4 8410/2/4 8413/2/4
f 8412/3/4 8409/3/4 8413/3/4
f 8410/3/4 8411/3/4 8414/3/4
f 8413/2/4 8410/2/4 8414/2/4
f 8414/3/4 8411/3/4 8415/3/4
f 8416/3/4 8417/3/4 8420/3/4
f 8417/2/4 8418/2/4 8421/2/4
f 8420/3/4 8417/3/4 8421/3/4
f 8418/3/4 8419/3/4 8422/3/4
f 8421/2/4 8418/2/4 8422/2/4
f 8422/3/4 8419/3/4 8423/3/4
f 8424/2/4 8425/2/4 8426/2/4
f 8426/2/4 8425/2/4 8427/2/4
f 8428/2/4 8429/2/4 8430/2/4
f 8430/2/4 8429/2/4 8431/2/4
f 8432/1/4 8433/1/4 8438/1/4
f 8438/1/4 8433/1/4 8439/1/4
f 8434/5/4 8435/5/4 8440/5/4
f 8440/5/4 8435/5/4 8441/5/4
f 8436/1/4 8437/1/4 8442/1/4
f 8442/1/4 8437/1/4 8443/1/4
f 8446/1/4 8447/1/4 8448/1/4
f 8448/1/4 8447/1/4 8449/1/4
f 8444/5/4 8445/5/4 8452/5/4
f 8452/5/4 8445/5/4 8453/5/4
f 8450/1/4 8451/1/4 8454/1/4
f 8454/1/4 8451/1/4 8455/1/4
f 8456/1/4 8457/1/4 8458/1/4
f 8458/1/4 8457/1/4 8459/1/4
f 8462/1/4 8463/1/4 8464/1/4
f 8464/1/4 8463/1/4 8465/1/4
f 8466/1/4 8467/1/4 8468/1/4
f 8468/1/4 8467/1/4 8469/1/4
f 8460/5/4 8461/5/4 8470/5/4
f 8470/5/4 8461/5/4 8471/5/4
f 8472/5/4 8473/5/4 8476/5/4
f 8473/5/4 8474/5/4 8476/5/4
f 8474/6/4 8475/6/4 8477/6/4
f 8476/5/4 8474/5/4 8477/5/4
f 8477/6/4 8475/6/4 8478/6/4
f 8479/2/4 8480/2/4 8481/2/4
f 8481/2/4 8480/2/4 8482/2/4
f 8483/2/4 8484/2/4 8485/2/4
f 8485/2/4 8484/2/4 8486/2/4
f 8487/3/4 8488/3/4 8491/3/4
f 8488/2/4 8489/2/4 8492/2/4
f 8491/3/4 8488/3/4 8492/3/4
f 8489/3/4 8490/3/4 8493/3/4
f 8492/2/4 8489/2/4 8493/2/4
f 8493/3/4 8490/3/4 8494/3/4
f 8495/3/4 8496/3/4 8499/3/4
f 8496/2/4 8497/2/4 8500/2/4
f 8499/3/4 8496/3/4 8500/3/4
f 8497/3/4 8498/3/4 8501/3/4
f 8500/2/4 8497/2/4 8501/2/4
f 8501/3/4 8498/3/4 8502/3/4
f 8503/2/4 8504/2/4 8505/2/4
f 8505/2/4 8504/2/4 8506/2/4
f 8507/2/4 8508/2/4 8511/2/4
f 8511/2/4 8508/2/4 8512/2/4
f 8509/1/4 8510/1/4 8516/1/4
f 8516/1/4 8510/1/4 8517/1/4
f 8514/1/4 8515/1/4 8519/1/4
f 8519/1/4 8515/1/4 8520/1/4
f 8518/1/4 8519/1/4 8522/1/4
f 8522/1/4 8519/1/4 8523/1/4
f 8512/5/4 8513/5/4 8524/5/4
f 8524/5/4 8513/5/4 8525/5/4
f 8521/1/4 8522/1/4 8526/1/4
f 8526/1/4 8522/1/4 8527/1/4
f 8528/1/4 8529/1/4 8530/1/4
f 8530/1/4 8529/1/4 8531/1/4
f 8534/1/4 8535/1/4 8536/1/4
f 8536/1/4 8535/1/4 8537/1/4
f 8538/1/4 8539/1/4 8540/1/4
f 8540/1/4 8539/1/4 8541/1/4
f 8541/1/4 8542/1/4 8543/1/4
f 8543/1/4 8542/1/4 8544/1/4
f 8532/5/4 8533/5/4 8546/5/4
f 8546/5/4 8533/5/4 8547/5/4
f 8544/1/4 8545/1/4 8548/1/4
f 8548/1/4 8545/1/4 8549/1/4
f 8550/1/4 8551/1/4 8552/1/4
f 8552/1/4 8551/1/4 8553/1/4
f 8554/5/4 8555/5/4 8556/5/4
f 8556/5/4 8555/5/4 8557/5/4
f 8554/5/4 8556/5/4 8559/5/4
f 8556/6/4 8557/6/4 8560/6/4
f 8559/5/4 8556/5/4 8560/5/4
f 8560/6/4 8557/6/4 8561/6/4
f 8558/2/4 8559/2/4 8562/2/4
f 8562/2/4 8559/2/4 8563/2/4
f 8564/2/4 8565/2/4 8566/2/4
f 8566/2/4 8565/2/4 8567/2/4
f 8568/3/4 8569/3/4 8572/3/4
f 8569/2/4 8570/2/4 8573/2/4
f 8572/3/4 8569/3/4 8573/3/4
f 8570/3/4 8571/3/4 8574/3/4
f 8573/2/4 8570/2/4 8574/2/4
f 8574/3/4 8571/3/4 8575/3/4
f 8576/3/4 8577/3/4 8580/3/4
f 8577/2/4 8578/2/4 8581/2/4
f 8580/3/4 8577/3/4 8581/3/4
f 8578/3/4 8579/3/4 8582/3/4
f 8581/2/4 8578/2/4 8582/2/4
f 8582/3/4 8579/3/4 8583/3/4
f 8584/2/4 8585/2/4 8586/2/4
f 8586/2/4 8585/2/4 8587/2/4
f 8588/1/4 8589/1/4 8594/1/4
f 8594/1/4 8589/1/4 8595/1/4
f 8592/1/4 8593/1/4 8597/1/4
f 8597/1/4 8593/1/4 8598/1/4
f 8596/1/4 8597/1/4 8600/1/4
f 8600/1/4 8597/1/4 8601/1/4
f 8590/2/4 8591/2/4 8602/2/4
f 8602/2/4 8591/2/4 8603/2/4
f 8599/1/4 8600/1/4 8606/1/4
f 8606/1/4 8600/1/4 8607/1/4
f 8605/1/4 8606/1/4 8608/1/4
f 8608/1/4 8606/1/4 8609/1/4
f 8603/5/4 8604/5/4 8612/5/4
f 8612/5/4 8604/5/4 8613/5/4
f 8610/1/4 8611/1/4 8614/1/4
f 8614/1/4 8611/1/4 8615/1/4
f 8616/1/4 8617/1/4 8618/1/4
f 8618/1/4 8617/1/4 8619/1/4
f 8619/1/4 8620/1/4 8621/1/4
f 8621/1/4 8620/1/4 8622/1/4
f 8622/1/4 8623/1/4 8624/1/4
f 8624/1/4 8623/1/4 8625/1/4
f 8625/1/4 8626/1/4 8627/1/4
f 8627/1/4 8626/1/4 8628/1/4
f 8629/1/4 8630/1/4 8633/1/4
f 8633/1/4 8630/1/4 8634/1/4
f 8631/5/4 8632/5/4 8636/5/4
f 8636/5/4 8632/5/4 8637/5/4
f 8635/2/4 8636/2/4 8638/2/4
f 8638/2/4 8636/2/4 8639/2/4
f 8640/2/4 8641/2/4 8642/2/4
f 8642/2/4 8641/2/4 8643/2/4
f 8644/3/4 8645/3/4 8648/3/4
f 8645/2/4 8646/2/4 8649/2/4
f 8648/3/4 8645/3/4 8649/3/4
f 8646/3/4 8647/3/4 8650/3/4
f 8649/2/4 8646/2/4 8650/2/4
f 8650/3/4 8647/3/4 8651/3/4
f 8652/3/4 8653/3/4 8656/3/4
f 8653/2/4 8654/2/4 8657/2/4
f 8656/3/4 8653/3/4 8657/3/4
f 8654/3/4 8655/3/4 8658/3/4
f 8657/2/4 8654/2/4 8658/2/4
f 8658/3/4 8655/3/4 8659/3/4
f 8660/2/4 8661/2/4 8662/2/4
f 8662/2/4 8661/2/4 8663/2/4
f 8664/1/4 8665/1/4 8667/1/4
f 8667/1/4 8665/1/4 8668/1/4
f 8666/1/4 8667/1/4 8670/1/4
f 8670/1/4 8667/1/4 8671/1/4
f 8669/1/4 8670/1/4 8675/1/4
f 8675/1/4 8670/1/4 8676/1/4
f 8674/1/4 8675/1/4 8678/1/4
f 8678/1/4 8675/1/4 8679/1/4
f 8672/2/4 8673/2/4 8680/2/4
f 8680/2/4 8673/2/4 8681/2/4
f 8677/1/4 8678/1/4 8683/1/4
f 8683/1/4 8678/1/4 8684/1/4
f 8685/1/4 8686/1/4 8687/1/4
f 8687/1/4 8686/1/4 8688/1/4
f 8688/1/4 8689/1/4 8690/1/4
f 8690/1/4 8689/1/4 8691/1/4
f 8691/1/4 8692/1/4 8693/1/4
f 8693/1/4 8692/1/4 8694/1/4
f 8694/1/4 8695/1/4 8696/1/4
f 8696/1/4 8695/1/4 8697/1/4
f 8697/1/4 8698/1/4 8699/1/4
f 8699/1/4 8698/1/4 8700/1/4
f 8681/5/4 8682/5/4 8702/5/4
f 8702/5/4 8682/5/4 8703/5/4
f 8701/2/4 8702/2/4 8704/2/4
f 8704/2/4 8702/2/4 8705/2/4
f 8706/2/4 8707/2/4 8708/2/4
f 8708/2/4 8707/2/4 8709/2/4
f 8710/3/4 8711/3/4 8714/3/4
f 8711/2/4 8712/2/4 8715/2/4
f 8714/3/4 8711/3/4 8715/3/4
f 8712/3/4 8713/3/4 8716/3/4
f 8715/2/4 8712/2/4 8716/2/4
f 8716/3/4 8713/3/4 8717/3/4
f 8718/3/4 8719/3/4 8722/3/4
f 8719/2/4 8720/2/4 8723/2/4
f 8722/3/4 8719/3/4 8723/3/4
f 8720/3/4 8721/3/4 8724/3/4
f 8723/2/4 8720/2/4 8724/2/4
f 8724/3/4 8721/3/4 8725/3/4
f 8726/2/4 8727/2/4 8728/2/4
f 8728/2/4 8727/2/4 8729/2/4
f 8730/1/4 8731/1/4 8733/1/4
f 8733/1/4 8731/1/4 8734/1/4
f 8732/1/4 8733/1/4 8736/1/4
f 8736/1/4 8733/1/4 8737/1/4
f 8735/1/4 8736/1/4 8739/1/4
f 8739/1/4 8736/1/4 8740/1/4
f 8738/1/4 8739/1/4 8742/1/4
f 8742/1/4 8739/1/4 8743/1/4
f 8741/1/4 8742/1/4 8747/1/4
f 8747/1/4 8742/1/4 8748/1/4
f 8746/1/4 8747/1/4 8749/1/4
f 8749/1/4 8747/1/4 8750/1/4
f 8750/1/4 8751/1/4 8752/1/4
f 8752/1/4 8751/1/4 8753/1/4
f 8753/1/4 8754/1/4 8755/1/4
f 8755/1/4 8754/1/4 8756/1/4
f 8756/1/4 8757/1/4 8758/1/4
f 8758/1/4 8757/1/4 8759/1/4
f 8759/1/4 8760/1/4 8761/1/4
f 8761/1/4 8760/1/4 8762/1/4
f 8762/1/4 8763/1/4 8764/1/4
f 8764/1/4 8763/1/4 8765/1/4
f 8744/2/4 8745/2/4 8766/2/4
f 8766/2/4 8745/2/4 8767/2/4
f 8768/2/4 8769/2/4 8770/2/4
f 8770/2/4 8769/2/4 8771/2/4
f 8772/3/4 8773/3/4 8776/3/4
f 8773/2/4 8774/2/4 8777/2/4
f 8776/3/4 8773/3/4 8777/3/4
f 8774/3/4 8775/3/4 8778/3/4
f 8777/2/4 8774/2/4 8778/2/4
f 8778/3/4 8775/3/4 8779/3/4
f 8780/3/4 8781/3/4 8784/3/4
f 8781/2/4 8782/2/4 8785/2/4
f 8784/3/4 8781/3/4 8785/3/4
f 8782/3/4 8783/3/4 8786/3/4
f 8785/2/4 8782/2/4 8786/2/4
f 8786/3/4 8783/3/4 8787/3/4
f 8788/2/4 8789/2/4 8790/2/4
f 8790/2/4 8789/2/4 8791/2/4
f 8792/1/4 8793/1/4 8795/1/4
f 8794/1/4 8795/1/4 8797/1/4
f 8797/1/4 8795/1/4 8798/1/4
f 8795/1/4 8793/1/4 8799/1/4
f 8798/1/4 8795/1/4 8799/1/4
f 8797/1/4 8798/1/4 8801/1/4
f 8796/1/4 8797/1/4 8801/1/4
f 8801/1/4 8798/1/4 8802/1/4
f 8802/1/4 8798/1/4 8803/1/4
f 8800/1/4 8801/1/4 8804/1/4
f 8801/1/4 8802/1/4 8804/1/4
f 8804/1/4 8802/1/4 8805/1/4
f 8800/1/4 8804/1/4 8807/1/4
f 8806/1/4 8807/1/4 8808/1/4
f 8807/1/4 8804/1/4 8809/1/4
f 8808/1/4 8807/1/4 8809/1/4
f 8809/1/4 8804/1/4 8810/1/4
f 8809/1/4 8810/1/4 8812/1/4
f 8810/1/4 8811/1/4 8812/1/4
f 8812/1/4 8811/1/4 8813/1/4
f 8813/1/4 8811/1/4 8814/1/4
f 8813/1/4 8814/1/4 8816/1/4
f 8814/1/4 8815/1/4 8816/1/4
f 8816/1/4 8815/1/4 8817/1/4
f 8817/1/4 8815/1/4 8818/1/4
f 8817/1/4 8818/1/4 8820/1/4
f 8818/1/4 8819/1/4 8820/1/4
f 8820/1/4 8819/1/4 8821/1/4
f 8821/1/4 8819/1/4 8822/1/4
f 8822/1/4 8819/1/4 8823/1/4
f 8824/2/4 8825/2/4 8826/2/4
f 8826/2/4 8825/2/4 8827/2/4
f 8828/3/4 8829/3/4 8832/3/4
f 8829/2/4 8830/2/4 8833/2/4
f 8832/3/4 8829/3/4 8833/3/4
f 8830/3/4 8831/3/4 8834/3/4
f 8833/2/4 8830/2/4 8834/2/4
f 8834/3/4 8831/3/4 8835/3/4
f 8836/3/4 8837/3/4 8840/3/4
f 8837/2/4 8838/2/4 8841/2/4
f 8840/3/4 8837/3/4 8841/3/4
f 8838/3/4 8839/3/4 8842/3/4
f 8841/2/4 8838/2/4 8842/2/4
f 8842/3/4 8839/3/4 8843/3/4
f 8844/2/4 8845/2/4 8846/2/4
f 8846/2/4 8845/2/4 8847/2/4
f 8848/1/4 8849/1/4 8851/1/4
f 8850/1/4 8851/1/4 8853/1/4
f 8851/1/4 8849/1/4 8854/1/4
f 8853/1/4 8851/1/4 8854/1/4
f 8854/1/4 8849/1/4 8855/1/4
f 8852/1/4 8853/1/4 8856/1/4
f 8853/1/4 8854/1/4 8856/1/4
f 8856/1/4 8854/1/4 8857/1/4
f 8852/1/4 8856/1/4 8858/1/4
f 8852/1/4 8858/1/4 8860/1/4
f 8858/1/4 8859/1/4 8860/1/4
f 8860/1/4 8859/1/4 8861/1/4
f 8861/1/4 8859/1/4 8862/1/4
f 8861/1/4 8862/1/4 8864/1/4
f 8862/1/4 8863/1/4 8864/1/4
f 8864/1/4 8863/1/4 8865/1/4
f 8865/1/4 8863/1/4 8866/1/4
f 8866/1/4 8863/1/4 8867/1/4
f 8868/2/4 8869/2/4 8870/2/4
f 8870/2/4 8869/2/4 8871/2/4
f 8872/3/4 8873/3/4 8876/3/4
f 8873/2/4 8874/2/4 8877/2/4
f 8876/3/4 8873/3/4 8877/3/4
f 8874/3/4 8875/3/4 8878/3/4
f 8877/2/4 8874/2/4 8878/2/4
f 8878/3/4 8875/3/4 8879/3/4
f 8880/3/4 8881/3/4 8884/3/4
f 8881/2/4 8882/2/4 8885/2/4
f 8884/3/4 8881/3/4 8885/3/4
f 8882/3/4 8883/3/4 8886/3/4
f 8885/2/4 8882/2/4 8886/2/4
f 8886/3/4 8883/3/4 8887/3/4
f 8888/2/4 8889/2/4 8890/2/4
f 8890/2/4 8889/2/4 8891/2/4
f 8892/1/4 8893/1/4 8895/1/4
f 8894/1/4 8895/1/4 8896/1/4
f 8895/1/4 8893/1/4 8897/1/4
f 8896/1/4 8895/1/4 8897/1/4
f 8897/1/4 8893/1/4 8898/1/4
f 8898/1/4 8893/1/4 8899/1/4
f 8900/2/4 8901/2/4 8902/2/4
f 8902/2/4 8901/2/4 8903/2/4
f 8904/3/4 8905/3/4 8908/3/4
f 8905/2/4 8906/2/4 8909/2/4
f 8908/3/4 8905/3/4 8909/3/4
f 8906/3/4 8907/3/4 8910/3/4
f 8909/2/4 8906/2/4 8910/2/4
f 8910/3/4 8907/3/4 8911/3/4
f 8912/3/4 8913/3/4 8916/3/4
f 8913/2/4 8914/2/4 8917/2/4
f 8916/3/4 8913/3/4 8917/3/4
f 8914/3/4 8915/3/4 8918/3/4
f 8917/2/4 8914/2/4 8918/2/4
f 8918/3/4 8915/3/4 8919/3/4
f 8920/2/4 8921/2/4 8922/2/4
f 8922/2/4 8921/2/4 8923/2/4
f 8924/2/4 8925/2/4 8926/2/4
f 8926/2/4 8925/2/4 8927/2/4
f 8928/3/4 8929/3/4 8932/3/4
f 8929/2/4 8930/2/4 8933/2/4
f 8932/3/4 8929/3/4 8933/3/4
f 8930/3/4 8931/3/4 8934/3/4
f 8933/2/4 8930/2/4 8934/2/4
f 8934/3/4 8931/3/4 8935/3/4
f 8936/3/4 8937/3/4 8940/3/4
f 8937/2/4 8938/2/4 8941/2/4
f 8940/3/4 8937/3/4 8941/3/4
f 8938/3/4 8939/3/4 8942/3/4
f 8941/2/4 8938/2/4 8942/2/4
f 8942/3/4 8939/3/4 8943/3/4
f 8944/2/4 8945/2/4 8946/2/4
f 8946/2/4 8945/2/4 8947/2/4
f 8948/3/4 8949/3/4 8952/3/4
f 8949/2/4 8950/2/4 8953/2/4
f 8952/3/4 8949/3/4 8953/3/4
f 8950/3/4 8951/3/4 8954/3/4
f 8953/2/4 8950/2/4 8954/2/4
f 8954/3/4 8951/3/4 8955/3/4
f 8956/3/4 8957/3/4 8960/3/4
f 8957/2/4 8958/2/4 8961/2/4
f 8960/3/4 8957/3/4 8961/3/4
f 8958/3/4 8959/3/4 8962/3/4
f 8961/2/4 8958/2/4 8962/2/4
f 8962/3/4 8959/3/4 8963/3/4
f 8964/3/4 8965/3/4 8968/3/4
f 8965/2/4 8966/2/4 8969/2/4
f 8968/3/4 8965/3/4 8969/3/4
f 8966/3/4 8967/3/4 8970/3/4
f 8969/2/4 8966/2/4 8970/2/4
f 8970/3/4 8967/3/4 8971/3/4
f 8972/3/4 8973/3/4 8976/3/4
f 8973/2/4 8974/2/4 8977/2/4
f 8976/3/4 8973/3/4 8977/3/4
f 8974/3/4 8975/3/4 8978/3/4
f 8977/2/4 8974/2/4 8978/2/4
f 8978/3/4 8975/3/4 8979/3/4
f 8980/3/4 8981/3/4 8984/3/4
f 8981/2/4 8982/2/4 8985/2/4
f 8984/3/4 8981/3/4 8985/3/4
f 8982/3/4 8983/3/4 8986/3/4
f 8985/2/4 8982/2/4 8986/2/4
f 8986/3/4 8983/3/4 8987/3/4
f 8988/3/4 8989/3/4 8992/3/4
f 8989/2/4 8990/2/4 8993/2/4
f 8992/3/4 8989/3/4 8993/3/4
f 8990/3/4 8991/3/4 8994/3/4
f 8993/2/4 8990/2/4 8994/2/4
f 8994/3/4 8991/3/4 8995/3/4
f 8996/3/4 8997/3/4 9000/3/4
f 8997/2/4 8998/2/4 9001/2/4
f 9000/3/4 8997/3/4 9001/3/4
f 8998/3/4 8999/3/4 9002/3/4
f 9001/2/4 8998/2/4 9002/2/4
f 9002/3/4 8999/3/4 9003/3/4
f 9004/3/4 9005/3/4 9008/3/4
f 9005/2/4 9006/2/4 9009/2/4
f 9008/3/4 9005/3/4 9009/3/4
f 9006/3/4 9007/3/4 9010/3/4
f 9009/2/4 9006/2/4 9010/2/4
f 9010/3/4 9007/3/4 9011/3/4
f 9014/1/5 9013/1/5 9012/1/5
f 9015/1/5 9013/1/5 9014/1/5
f 9016/1/5 9013/1/5 9015/1/5
f 9017/1/5 9013/1/5 9016/1/5
f 9018/1/5 9016/1/5 9015/1/5
f 9019/1/5 9016/1/5 9018/1/5
f 9023/1/5 9021/1/5 9020/1/5
f 9024/1/5 9021/1/5 9023/1/5
f 9029/1/5 9027/1/5 9026/1/5
f 9030/1/5 9027/1/5 9029/1/5
f 9032/1/5 9025/1/5 9024/1/5
f 9032/1/5 9024/1/5 9023/1/5
f 9032/1/5 9023/1/5 9022/1/5
f 9033/1/5 9025/1/5 9032/1/5
f 9034/1/5 9025/1/5 9033/1/5
f 9035/1/5 9025/1/5 9034/1/5
f 9036/1/5 9034/1/5 9033/1/5
f 9037/1/5 9034/1/5 9036/1/5
f 9038/1/5 9031/1/5 9030/1/5
f 9038/1/5 9030/1/5 9029/1/5
f 9038/1/5 9029/1/5 9028/1/5
f 9039/1/5 9031/1/5 9038/1/5
f 9040/1/5 9031/1/5 9039/1/5
f 9041/1/5 9031/1/5 9040/1/5
f 9042/1/5 9040/1/5 9039/1/5
f 9043/1/5 9040/1/5 9042/1/5
f 9047/1/5 9045/1/5 9044/1/5
f 9048/1/5 9045/1/5 9047/1/5
f 9050/1/5 9047/1/5 9046/1/5
f 9050/1/5 9049/1/5 9048/1/5
f 9050/1/5 9048/1/5 9047/1/5
f 9051/1/5 9049/1/5 9050/1/5
f 9052/1/5 9049/1/5 9051/1/5
f 9053/1/5 9049/1/5 9052/1/5
f 9054/1/5 9052/1/5 9051/1/5
f 9055/1/5 9052/1/5 9054/1/5
f 9058/1/5 9057/1/5 9056/1/5
f 9062/1/5 9059/1/5 9058/1/5
f 9066/1/5 9061/1/5 9060/1/5
f 9067/1/5 9058/1/5 9056/1/5
f 9067/1/5 9062/1/5 9058/1/5
f 9067/1/5 9063/1/5 9062/1/5
f 9068/1/5 9063/1/5 9067/1/5
f 9069/1/5 9063/1/5 9068/1/5
f 9070/1/5 9066/1/5 9065/1/5
f 9070/1/5 9065/1/5 9064/1/5
f 9071/1/5 9061/1/5 9066/1/5
f 9071/1/5 9066/1/5 9070/1/5
f 9072/1/5 9061/1/5 9071/1/5
f 9073/4/5 9069/4/5 9068/4/5
f 9073/4/5 9071/4/5 9070/4/5
f 9073/4/5 9070/4/5 9069/4/5
f 9074/4/5 9071/4/5 9073/4/5
f 9075/4/5 9071/4/5 9074/4/5
f 9076/4/5 9071/4/5 9075/4/5
f 9077/4/5 9075/4/5 9074/4/5
f 9078/4/5 9075/4/5 9077/4/5
f 9082/1/5 9080/1/5 9079/1/5
f 9083/1/5 9080/1/5 9082/1/5
f 9086/1/5 9082/1/5 9081/1/5
f 9086/1/5 9084/1/5 9083/1/5
f 9086/1/5 9083/1/5 9082/1/5
f 9087/1/5 9084/1/5 9086/1/5
f 9088/1/5 9084/1/5 9087/1/5
f 9089/1/5 9084/1/5 9088/1/5
f 9093/1/5 9086/1/5 9085/1/5
f 9093/1/5 9087/1/5 9086/1/5
f 9094/1/5 9087/1/5 9093/1/5
f 9095/1/5 9090/1/5 9089/1/5
f 9095/1/5 9089/1/5 9088/1/5
f 9096/1/5 9090/1/5 9095/1/5
f 9098/1/5 9092/1/5 9091/1/5
f 9099/1/5 9092/1/5 9098/1/5
f 9102/1/5 9100/1/5 9099/1/5
f 9102/1/5 9098/1/5 9097/1/5
f 9102/1/5 9099/1/5 9098/1/5
f 9103/1/5 9100/1/5 9102/1/5
f 9104/1/5 9100/1/5 9103/1/5
f 9105/1/5 9100/1/5 9104/1/5
f 9107/1/5 9102/1/5 9101/1/5
f 9107/1/5 9103/1/5 9102/1/5
f 9108/1/5 9103/1/5 9107/1/5
f 9109/1/5 9106/1/5 9105/1/5
f 9109/1/5 9105/1/5 9104/1/5
f 9110/1/5 9106/1/5 9109/1/5
f 9111/1/5 9093/1/5 9085/1/5
f 9114/1/5 9090/1/5 9096/1/5
f 9115/1/5 9112/1/5 9111/1/5
f 9115/1/5 9111/1/5 9085/1/5
f 9116/1/5 9112/1/5 9115/1/5
f 9117/1/5 9112/1/5 9116/1/5
f 9118/1/5 9114/1/5 9113/1/5
f 9119/1/5 9090/1/5 9114/1/5
f 9119/1/5 9114/1/5 9118/1/5
f 9120/1/5 9090/1/5 9119/1/5
f 9121/1/5 9117/1/5 9116/1/5
f 9121/1/5 9118/1/5 9117/1/5
f 9121/1/5 9119/1/5 9118/1/5
f 9122/1/5 9119/1/5 9121/1/5
f 9123/1/5 9119/1/5 9122/1/5
f 9124/1/5 9119/1/5 9123/1/5
f 9125/1/5 9107/1/5 9101/1/5
f 9128/1/5 9106/1/5 9110/1/5
f 9129/1/5 9123/1/5 9122/1/5
f 9130/1/5 9123/1/5 9129/1/5
f 9131/1/5 9126/1/5 9125/1/5
f 9131/1/5 9125/1/5 9101/1/5
f 9132/1/5 9126/1/5 9131/1/5
f 9133/1/5 9126/1/5 9132/1/5
f 9134/1/5 9128/1/5 9127/1/5
f 9135/1/5 9106/1/5 9128/1/5
f 9135/1/5 9128/1/5 9134/1/5
f 9136/1/5 9106/1/5 9135/1/5
f 9137/1/5 9133/1/5 9132/1/5
f 9137/1/5 9135/1/5 9134/1/5
f 9137/1/5 9134/1/5 9133/1/5
f 9138/1/5 9135/1/5 9137/1/5
f 9139/1/5 9135/1/5 9138/1/5
f 9140/1/5 9135/1/5 9139/1/5
f 9141/1/5 9139/1/5 9138/1/5
f 9142/1/5 9139/1/5 9141/1/5
f 9146/1/5 9144/1/5 9143/1/5
f 9147/1/5 9144/1/5 9146/1/5
f 9150/1/5 9146/1/5 9145/1/5
f 9150/1/5 9148/1/5 9147/1/5
f 9150/1/5 9147/1/5 9146/1/5
f 9151/1/5 9148/1/5 9150/1/5
f 9152/1/5 9148/1/5 9151/1/5
f 9153/1/5 9148/1/5 9152/1/5
f 9155/1/5 9150/1/5 9149/1/5
f 9155/1/5 9151/1/5 9150/1/5
f 9156/1/5 9151/1/5 9155/1/5
f 9157/1/5 9154/1/5 9153/1/5
f 9157/1/5 9153/1/5 9152/1/5
f 9158/1/5 9154/1/5 9157/1/5
f 9159/1/5 9155/1/5 9149/1/5
f 9162/1/5 9154/1/5 9158/1/5
f 9163/1/5 9160/1/5 9159/1/5
f 9163/1/5 9159/1/5 9149/1/5
f 9164/1/5 9160/1/5 9163/1/5
f 9165/1/5 9160/1/5 9164/1/5
f 9166/1/5 9162/1/5 9161/1/5
f 9167/1/5 9154/1/5 9162/1/5
f 9167/1/5 9162/1/5 9166/1/5
f 9168/1/5 9154/1/5 9167/1/5
f 9169/1/5 9165/1/5 9164/1/5
f 9169/1/5 9166/1/5 9165/1/5
f 9169/1/5 9167/1/5 9166/1/5
f 9170/1/5 9167/1/5 9169/1/5
f 9171/1/5 9167/1/5 9170/1/5
f 9172/1/5 9167/1/5 9171/1/5
f 9173/1/5 9171/1/5 9170/1/5
f 9174/1/5 9171/1/5 9173/1/5
f 9177/1/5 9176/1/5 9175/1/5
f 9179/1/5 9177/1/5 9175/1/5
f 9179/1/5 9178/1/5 9177/1/5
f 9180/1/5 9178/1/5 9179/1/5
f 9183/1/5 9178/1/5 9180/1/5
f 9186/1/5 9182/1/5 9181/1/5
f 9187/1/5 9182/1/5 9186/1/5
f 9188/1/5 9183/1/5 9180/1/5
f 9189/4/5 9184/4/5 9183/4/5
f 9189/1/5 9183/1/5 9188/1/5
f 9190/4/5 9184/4/5 9189/4/5
f 9193/4/5 9186/4/5 9185/4/5
f 9193/4/5 9187/4/5 9186/4/5
f 9194/4/5 9187/4/5 9193/4/5
f 9195/4/5 9187/4/5 9194/4/5
f 9196/4/5 9191/4/5 9190/4/5
f 9196/4/5 9190/4/5 9189/4/5
f 9197/4/5 9191/4/5 9196/4/5
f 9198/4/5 9191/4/5 9197/4/5
f 9199/4/5 9194/4/5 9193/4/5
f 9199/4/5 9193/4/5 9192/4/5
f 9200/4/5 9194/4/5 9199/4/5
f 9201/4/5 9194/4/5 9200/4/5
f 9202/1/5 9198/1/5 9197/1/5
f 9202/1/5 9200/1/5 9199/1/5
f 9202/1/5 9199/1/5 9198/1/5
f 9203/1/5 9200/1/5 9202/1/5
f 9204/1/5 9200/1/5 9203/1/5
f 9205/1/5 9200/1/5 9204/1/5
f 9206/1/5 9204/1/5 9203/1/5
f 9207/1/5 9204/1/5 9206/1/5
f 9211/1/5 9209/1/5 9208/1/5
f 9212/1/5 9209/1/5 9211/1/5
f 9215/1/5 9211/1/5 9210/1/5
f 9215/1/5 9213/1/5 9212/1/5
f 9215/1/5 9212/1/5 9211/1/5
f 9216/1/5 9213/1/5 9215/1/5
f 9217/1/5 9213/1/5 9216/1/5
f 9218/1/5 9213/1/5 9217/1/5
f 9223/1/5 9216/1/5 9215/1/5
f 9223/1/5 9215/1/5 9214/1/5
f 9224/1/5 9216/1/5 9223/1/5
f 9225/1/5 9216/1/5 9224/1/5
f 9226/1/5 9219/1/5 9218/1/5
f 9226/1/5 9218/1/5 9217/1/5
f 9227/1/5 9219/1/5 9226/1/5
f 9228/1/5 9219/1/5 9227/1/5
f 9231/1/5 9221/1/5 9220/1/5
f 9232/1/5 9221/1/5 9231/1/5
f 9234/1/5 9224/1/5 9223/1/5
f 9234/1/5 9223/1/5 9222/1/5
f 9235/1/5 9224/1/5 9234/1/5
f 9236/1/5 9229/1/5 9228/1/5
f 9236/1/5 9228/1/5 9227/1/5
f 9237/1/5 9229/1/5 9236/1/5
f 9239/1/5 9233/1/5 9232/1/5
f 9239/1/5 9232/1/5 9231/1/5
f 9239/1/5 9231/1/5 9230/1/5
f 9240/1/5 9233/1/5 9239/1/5
f 9241/1/5 9233/1/5 9240/1/5
f 9242/1/5 9233/1/5 9241/1/5
f 9245/1/5 9239/1/5 9238/1/5
f 9245/1/5 9240/1/5 9239/1/5
f 9246/1/5 9240/1/5 9245/1/5
f 9247/1/5 9240/1/5 9246/1/5
f 9248/1/5 9243/1/5 9242/1/5
f 9248/1/5 9242/1/5 9241/1/5
f 9249/1/5 9243/1/5 9248/1/5
f 9250/1/5 9243/1/5 9249/1/5
f 9253/1/5 9234/1/5 9222/1/5
f 9254/1/5 9229/1/5 9237/1/5
f 9256/1/5 9246/1/5 9245/1/5
f 9256/1/5 9245/1/5 9244/1/5
f 9257/1/5 9246/1/5 9256/1/5
f 9258/1/5 9251/1/5 9250/1/5
f 9258/1/5 9250/1/5 9249/1/5
f 9259/1/5 9251/1/5 9258/1/5
f 9260/1/5 9253/1/5 9252/1/5
f 9261/1/5 9234/1/5 9253/1/5
f 9261/1/5 9253/1/5 9260/1/5
f 9262/1/5 9255/1/5 9254/1/5
f 9262/1/5 9254/1/5 9237/1/5
f 9263/1/5 9255/1/5 9262/1/5
f 9265/1/5 9256/1/5 9244/1/5
f 9266/1/5 9251/1/5 9259/1/5
f 9268/1/5 9234/1/5 9261/1/5
f 9271/1/5 9262/1/5 9237/1/5
f 9272/1/5 9265/1/5 9264/1/5
f 9273/1/5 9256/1/5 9265/1/5
f 9273/1/5 9265/1/5 9272/1/5
f 9274/1/5 9267/1/5 9266/1/5
f 9274/1/5 9266/1/5 9259/1/5
f 9275/1/5 9267/1/5 9274/1/5
f 9276/1/5 9269/1/5 9268/1/5
f 9276/1/5 9268/1/5 9261/1/5
f 9277/1/5 9269/1/5 9276/1/5
f 9278/1/5 9269/1/5 9277/1/5
f 9281/1/5 9271/1/5 9270/1/5
f 9282/1/5 9262/1/5 9271/1/5
f 9282/1/5 9271/1/5 9281/1/5
f 9283/1/5 9262/1/5 9282/1/5
f 9284/1/5 9279/1/5 9278/1/5
f 9284/1/5 9278/1/5 9277/1/5
f 9285/1/5 9279/1/5 9284/1/5
f 9286/1/5 9279/1/5 9285/1/5
f 9287/1/5 9281/1/5 9280/1/5
f 9287/1/5 9282/1/5 9281/1/5
f 9288/1/5 9282/1/5 9287/1/5
f 9289/1/5 9282/1/5 9288/1/5
f 9290/1/5 9256/1/5 9273/1/5
f 9293/1/5 9274/1/5 9259/1/5
f 9294/1/5 9288/1/5 9287/1/5
f 9294/1/5 9286/1/5 9285/1/5
f 9294/1/5 9287/1/5 9286/1/5
f 9295/1/5 9288/1/5 9294/1/5
f 9296/1/5 9288/1/5 9295/1/5
f 9297/1/5 9288/1/5 9296/1/5
f 9298/1/5 9291/1/5 9290/1/5
f 9298/1/5 9290/1/5 9273/1/5
f 9299/1/5 9291/1/5 9298/1/5
f 9300/1/5 9291/1/5 9299/1/5
f 9303/1/5 9293/1/5 9292/1/5
f 9304/1/5 9274/1/5 9293/1/5
f 9304/1/5 9293/1/5 9303/1/5
f 9305/1/5 9274/1/5 9304/1/5
f 9306/1/5 9296/1/5 9295/1/5
f 9307/1/5 9296/1/5 9306/1/5
f 9308/1/5 9301/1/5 9300/1/5
f 9308/1/5 9300/1/5 9299/1/5
f 9309/1/5 9301/1/5 9308/1/5
f 9310/1/5 9301/1/5 9309/1/5
f 9311/1/5 9303/1/5 9302/1/5
f 9311/1/5 9304/1/5 9303/1/5
f 9312/1/5 9304/1/5 9311/1/5
f 9313/1/5 9304/1/5 9312/1/5
f 9314/1/5 9310/1/5 9309/1/5
f 9314/1/5 9312/1/5 9311/1/5
f 9314/1/5 9311/1/5 9310/1/5
f 9315/1/5 9312/1/5 9314/1/5
f 9316/1/5 9312/1/5 9315/1/5
f 9317/1/5 9312/1/5 9316/1/5
f 9318/1/5 9316/1/5 9315/1/5
f 9319/1/5 9316/1/5 9318/1/5
f 9323/1/5 9321/1/5 9320/1/5
f 9324/1/5 9321/1/5 9323/1/5
f 9327/1/5 9323/1/5 9322/1/5
f 9327/1/5 9325/1/5 9324/1/5
f 9327/1/5 9324/1/5 9323/1/5
f 9328/1/5 9325/1/5 9327/1/5
f 9329/1/5 9325/1/5 9328/1/5
f 9330/1/5 9325/1/5 9329/1/5
f 9333/1/5 9327/1/5 9326/1/5
f 9333/1/5 9328/1/5 9327/1/5
f 9334/1/5 9328/1/5 9333/1/5
f 9335/1/5 9328/1/5 9334/1/5
f 9336/1/5 9330/1/5 9329/1/5
f 9336/1/5 9331/1/5 9330/1/5
f 9337/1/5 9331/1/5 9336/1/5
f 9338/1/5 9331/1/5 9337/1/5
f 9340/1/5 9334/1/5 9333/1/5
f 9340/1/5 9333/1/5 9332/1/5
f 9341/1/5 9334/1/5 9340/1/5
f 9342/1/5 9339/1/5 9338/1/5
f 9342/1/5 9338/1/5 9337/1/5
f 9343/1/5 9339/1/5 9342/1/5
f 9345/1/5 9340/1/5 9332/1/5
f 9346/1/5 9339/1/5 9343/1/5
f 9348/1/5 9345/1/5 9344/1/5
f 9349/1/5 9340/1/5 9345/1/5
f 9349/1/5 9345/1/5 9348/1/5
f 9350/1/5 9347/1/5 9346/1/5
f 9350/1/5 9346/1/5 9343/1/5
f 9351/1/5 9347/1/5 9350/1/5
f 9352/1/5 9340/1/5 9349/1/5
f 9355/1/5 9350/1/5 9343/1/5
f 9356/1/5 9353/1/5 9352/1/5
f 9356/1/5 9352/1/5 9349/1/5
f 9357/1/5 9353/1/5 9356/1/5
f 9358/1/5 9353/1/5 9357/1/5
f 9361/1/5 9355/1/5 9354/1/5
f 9362/1/5 9350/1/5 9355/1/5
f 9362/1/5 9355/1/5 9361/1/5
f 9363/1/5 9350/1/5 9362/1/5
f 9364/1/5 9359/1/5 9358/1/5
f 9364/1/5 9358/1/5 9357/1/5
f 9365/1/5 9359/1/5 9364/1/5
f 9366/1/5 9359/1/5 9365/1/5
f 9367/1/5 9361/1/5 9360/1/5
f 9367/1/5 9362/1/5 9361/1/5
f 9368/1/5 9362/1/5 9367/1/5
f 9369/1/5 9362/1/5 9368/1/5
f 9370/1/5 9366/1/5 9365/1/5
f 9370/1/5 9368/1/5 9367/1/5
f 9370/1/5 9367/1/5 9366/1/5
f 9371/1/5 9368/1/5 9370/1/5
f 9372/1/5 9368/1/5 9371/1/5
f 9373/1/5 9368/1/5 9372/1/5
f 9374/1/5 9372/1/5 9371/1/5
f 9375/1/5 9372/1/5 9374/1/5
f 9380/1/5 9377/1/5 9376/1/5
f 9381/1/5 9377/1/5 9380/1/5
f 9384/1/5 9379/1/5 9378/1/5
f 9385/1/5 9379/1/5 9384/1/5
f 9386/1/5 9384/1/5 9383/1/5
f 9387/1/5 9384/1/5 9386/1/5
f 9388/1/5 9382/1/5 9381/1/5
f 9389/1/5 9382/1/5 9388/1/5
f 9392/4/5 9387/4/5 9386/4/5
f 9393/4/5 9387/4/5 9392/4/5
f 9394/4/5 9390/4/5 9389/4/5
f 9395/4/5 9390/4/5 9394/4/5
f 9398/4/5 9392/4/5 9391/4/5
f 9399/4/5 9392/4/5 9398/4/5
f 9400/1/5 9396/1/5 9395/1/5
f 9401/1/5 9396/1/5 9400/1/5
f 9404/1/5 9398/1/5 9397/1/5
f 9405/1/5 9398/1/5 9404/1/5
f 9406/1/5 9402/1/5 9401/1/5
f 9407/1/5 9402/1/5 9406/1/5
f 9408/1/5 9404/1/5 9403/1/5
f 9409/1/5 9404/1/5 9408/1/5
f 9412/1/5 9408/1/5 9407/1/5
f 9413/1/5 9408/1/5 9412/1/5
f 9415/1/5 9411/1/5 9410/1/5
f 9416/1/5 9411/1/5 9415/1/5
f 9419/1/5 9415/1/5 9414/1/5
f 9420/1/5 9415/1/5 9419/1/5
f 9421/1/5 9417/1/5 9416/1/5
f 9422/1/5 9417/1/5 9421/1/5
f 9427/1/5 9419/1/5 9418/1/5
f 9428/1/5 9419/1/5 9427/1/5
f 9429/1/5 9423/1/5 9422/1/5
f 9430/1/5 9423/1/5 9429/1/5
f 9433/4/5 9425/4/5 9424/4/5
f 9434/4/5 9425/4/5 9433/4/5
f 9437/1/5 9427/1/5 9426/1/5
f 9438/1/5 9427/1/5 9437/1/5
f 9439/1/5 9431/1/5 9430/1/5
f 9440/1/5 9431/1/5 9439/1/5
f 9443/1/5 9433/1/5 9432/1/5
f 9444/1/5 9433/1/5 9443/1/5
f 9445/1/5 9435/1/5 9434/1/5
f 9446/1/5 9435/1/5 9445/1/5
f 9449/1/5 9443/1/5 9442/1/5
f 9450/1/5 9443/1/5 9449/1/5
f 9451/1/5 9447/1/5 9446/1/5
f 9452/1/5 9447/1/5 9451/1/5
f 9455/1/5 9449/1/5 9448/1/5
f 9456/1/5 9449/1/5 9455/1/5
f 9457/1/5 9453/1/5 9452/1/5
f 9458/1/5 9453/1/5 9457/1/5
f 9461/1/5 9437/1/5 9436/1/5
f 9462/1/5 9437/1/5 9461/1/5
f 9463/1/5 9441/1/5 9440/1/5
f 9464/1/5 9441/1/5 9463/1/5
f 9466/1/5 9461/1/5 9460/1/5
f 9467/1/5 9461/1/5 9466/1/5
f 9470/1/5 9465/1/5 9464/1/5
f 9471/1/5 9465/1/5 9470/1/5
f 9473/1/5 9455/1/5 9454/1/5
f 9474/1/5 9455/1/5 9473/1/5
f 9475/1/5 9459/1/5 9458/1/5
f 9476/1/5 9459/1/5 9475/1/5
f 9478/1/5 9473/1/5 9472/1/5
f 9479/1/5 9473/1/5 9478/1/5
f 9482/1/5 9477/1/5 9476/1/5
f 9483/1/5 9477/1/5 9482/1/5
f 9484/1/5 9468/1/5 9467/1/5
f 9485/1/5 9468/1/5 9484/1/5
f 9488/1/5 9470/1/5 9469/1/5
f 9489/1/5 9470/1/5 9488/1/5
f 9490/1/5 9486/1/5 9485/1/5
f 9491/1/5 9486/1/5 9490/1/5
f 9494/1/5 9488/1/5 9487/1/5
f 9495/1/5 9488/1/5 9494/1/5
f 9496/1/5 9492/1/5 9491/1/5
f 9497/1/5 9492/1/5 9496/1/5
f 9500/1/5 9494/1/5 9493/1/5
f 9501/1/5 9494/1/5 9500/1/5
f 9502/1/5 9480/1/5 9479/1/5
f 9503/1/5 9480/1/5 9502/1/5
f 9506/1/5 9482/1/5 9481/1/5
f 9507/1/5 9482/1/5 9506/1/5
f 9508/1/5 9498/1/5 9497/1/5
f 9509/1/5 9498/1/5 9508/1/5
f 9510/1/5 9500/1/5 9499/1/5
f 9511/1/5 9500/1/5 9510/1/5
f 9512/1/5 9504/1/5 9503/1/5
f 9513/1/5 9504/1/5 9512/1/5
f 9516/1/5 9506/1/5 9505/1/5
f 9517/1/5 9506/1/5 9516/1/5
f 9518/1/5 9510/1/5 9509/1/5
f 9519/1/5 9510/1/5 9518/1/5
f 9520/1/5 9514/1/5 9513/1/5
f 9521/1/5 9514/1/5 9520/1/5
f 9524/1/5 9516/1/5 9515/1/5
f 9525/1/5 9516/1/5 9524/1/5
f 9526/1/5 9522/1/5 9521/1/5
f 9527/1/5 9522/1/5 9526/1/5
f 9528/1/5 9524/1/5 9523/1/5
f 9529/1/5 9524/1/5 9528/1/5
f 9530/1/5 9528/1/5 9527/1/5
f 9531/1/5 9528/1/5 9530/1/5
f 9535/1/5 9533/1/5 9532/1/5
f 9536/1/5 9533/1/5 9535/1/5
f 9539/1/5 9535/1/5 9534/1/5
f 9540/1/5 9535/1/5 9539/1/5
f 9541/1/5 9537/1/5 9536/1/5
f 9542/1/5 9537/1/5 9541/1/5
f 9545/1/5 9539/1/5 9538/1/5
f 9546/1/5 9539/1/5 9545/1/5
f 9547/1/5 9543/1/5 9542/1/5
f 9548/1/5 9543/1/5 9547/1/5
f 9551/1/5 9545/1/5 9544/1/5
f 9552/1/5 9545/1/5 9551/1/5
f 9553/1/5 9549/1/5 9548/1/5
f 9554/1/5 9549/1/5 9553/1/5
f 9557/1/5 9551/1/5 9550/1/5
f 9558/1/5 9551/1/5 9557/1/5
f 9559/1/5 9555/1/5 9554/1/5
f 9560/1/5 9555/1/5 9559/1/5
f 9562/1/5 9557/1/5 9556/1/5
f 9563/1/5 9557/1/5 9562/1/5
f 9566/1/5 9561/1/5 9560/1/5
f 9567/1/5 9561/1/5 9566/1/5
f 9568/1/5 9564/1/5 9563/1/5
f 9569/1/5 9564/1/5 9568/1/5
f 9572/1/5 9566/1/5 9565/1/5
f 9573/1/5 9566/1/5 9572/1/5
f 9574/1/5 9570/1/5 9569/1/5
f 9575/1/5 9570/1/5 9574/1/5
f 9578/1/5 9572/1/5 9571/1/5
f 9579/1/5 9572/1/5 9578/1/5
f 9580/1/5 9576/1/5 9575/1/5
f 9581/1/5 9576/1/5 9580/1/5
f 9584/1/5 9578/1/5 9577/1/5
f 9585/1/5 9578/1/5 9584/1/5
f 9586/1/5 9582/1/5 9581/1/5
f 9587/1/5 9582/1/5 9586/1/5
f 9588/1/5 9584/1/5 9583/1/5
f 9589/1/5 9584/1/5 9588/1/5
f 9590/1/5 9588/1/5 9587/1/5
f 9591/1/5 9588/1/5 9590/1/5
f 9594/1/5 9593/1/5 9592/1/5
f 9595/1/5 9593/1/5 9594/1/5
f 9600/1/5 9599/1/5 9598/1/5
f 9601/1/5 9599/1/5 9600/1/5
f 9602/1/5 9597/1/5 9596/1/5
f 9603/1/5 9597/1/5 9602/1/5
f 9606/4/5 9601/4/5 9600/4/5
f 9607/4/5 9601/4/5 9606/4/5
f 9608/4/5 9604/4/5 9603/4/5
f 9609/4/5 9604/4/5 9608/4/5
f 9612/4/5 9606/4/5 9605/4/5
f 9613/4/5 9606/4/5 9612/4/5
f 9614/1/5 9610/1/5 9609/1/5
f 9615/1/5 9610/1/5 9614/1/5
f 9618/1/5 9612/1/5 9611/1/5
f 9619/1/5 9612/1/5 9618/1/5
f 9620/1/5 9616/1/5 9615/1/5
f 9621/1/5 9616/1/5 9620/1/5
f 9624/1/5 9618/1/5 9617/1/5
f 9625/1/5 9618/1/5 9624/1/5
f 9630/1/5 9622/1/5 9621/1/5
f 9631/1/5 9622/1/5 9630/1/5
f 9632/1/5 9624/1/5 9623/1/5
f 9633/1/5 9624/1/5 9632/1/5
f 9635/1/5 9627/1/5 9626/1/5
f 9636/1/5 9627/1/5 9635/1/5
f 9637/1/5 9629/1/5 9628/1/5
f 9638/1/5 9629/1/5 9637/1/5
f 9641/1/5 9635/1/5 9634/1/5
f 9642/1/5 9635/1/5 9641/1/5
f 9643/1/5 9639/1/5 9638/1/5
f 9644/1/5 9639/1/5 9643/1/5
f 9651/1/5 9641/1/5 9640/1/5
f 9652/1/5 9641/1/5 9651/1/5
f 9653/1/5 9645/1/5 9644/1/5
f 9654/1/5 9645/1/5 9653/1/5
f 9657/4/5 9647/4/5 9646/4/5
f 9658/4/5 9647/4/5 9657/4/5
f 9659/4/5 9649/4/5 9648/4/5
f 9660/4/5 9649/4/5 9659/4/5
f 9663/1/5 9651/1/5 9650/1/5
f 9664/1/5 9651/1/5 9663/1/5
f 9665/1/5 9655/1/5 9654/1/5
f 9666/1/5 9655/1/5 9665/1/5
f 9669/1/5 9657/1/5 9656/1/5
f 9670/1/5 9657/1/5 9669/1/5
f 9671/1/5 9661/1/5 9660/1/5
f 9672/1/5 9661/1/5 9671/1/5
f 9675/1/5 9669/1/5 9668/1/5
f 9676/1/5 9669/1/5 9675/1/5
f 9677/1/5 9673/1/5 9672/1/5
f 9678/1/5 9673/1/5 9677/1/5
f 9681/1/5 9675/1/5 9674/1/5
f 9682/1/5 9675/1/5 9681/1/5
f 9683/1/5 9679/1/5 9678/1/5
f 9684/1/5 9679/1/5 9683/1/5
f 9686/1/5 9663/1/5 9662/1/5
f 9687/1/5 9663/1/5 9686/1/5
f 9688/1/5 9667/1/5 9666/1/5
f 9689/1/5 9667/1/5 9688/1/5
f 9694/1/5 9681/1/5 9680/1/5
f 9695/1/5 9681/1/5 9694/1/5
f 9696/1/5 9685/1/5 9684/1/5
f 9697/1/5 9685/1/5 9696/1/5
f 9702/1/5 9691/1/5 9690/1/5
f 9703/1/5 9691/1/5 9702/1/5
f 9706/1/5 9693/1/5 9692/1/5
f 9707/1/5 9693/1/5 9706/1/5
f 9708/1/5 9704/1/5 9703/1/5
f 9709/1/5 9704/1/5 9708/1/5
f 9712/1/5 9706/1/5 9705/1/5
f 9713/1/5 9706/1/5 9712/1/5
f 9714/1/5 9710/1/5 9709/1/5
f 9715/1/5 9710/1/5 9714/1/5
f 9718/1/5 9712/1/5 9711/1/5
f 9719/1/5 9712/1/5 9718/1/5
f 9720/1/5 9699/1/5 9698/1/5
f 9721/1/5 9699/1/5 9720/1/5
f 9724/1/5 9701/1/5 9700/1/5
f 9725/1/5 9701/1/5 9724/1/5
f 9726/1/5 9716/1/5 9715/1/5
f 9727/1/5 9716/1/5 9726/1/5
f 9730/1/5 9718/1/5 9717/1/5
f 9731/1/5 9718/1/5 9730/1/5
f 9732/1/5 9722/1/5 9721/1/5
f 9733/1/5 9722/1/5 9732/1/5
f 9736/1/5 9724/1/5 9723/1/5
f 9737/1/5 9724/1/5 9736/1/5
f 9738/1/5 9728/1/5 9727/1/5
f 9739/1/5 9728/1/5 9738/1/5
f 9740/1/5 9730/1/5 9729/1/5
f 9741/1/5 9730/1/5 9740/1/5
f 9742/1/5 9734/1/5 9733/1/5
f 9743/1/5 9734/1/5 9742/1/5
f 9746/1/5 9736/1/5 9735/1/5
f 9747/1/5 9736/1/5 9746/1/5
f 9748/1/5 9744/1/5 9743/1/5
f 9749/1/5 9744/1/5 9748/1/5
f 9752/1/5 9746/1/5 9745/1/5
f 9753/1/5 9746/1/5 9752/1/5
f 9754/1/5 9750/1/5 9749/1/5
f 9755/1/5 9750/1/5 9754/1/5
f 9756/1/5 9752/1/5 9751/1/5
f 9757/1/5 9752/1/5 9756/1/5
f 9763/1/5 9759/1/5 9758/1/5
f 9764/1/5 9759/1/5 9763/1/5
f 9765/1/5 9761/1/5 9760/1/5
f 9766/1/5 9761/1/5 9765/1/5
f 9769/1/5 9763/1/5 9762/1/5
f 9770/1/5 9763/1/5 9769/1/5
f 9771/1/5 9767/1/5 9766/1/5
f 9772/1/5 9767/1/5 9771/1/5
f 9775/1/5 9769/1/5 9768/1/5
f 9776/1/5 9769/1/5 9775/1/5
f 9777/1/5 9773/1/5 9772/1/5
f 9778/1/5 9773/1/5 9777/1/5
f 9781/1/5 9775/1/5 9774/1/5
f 9782/1/5 9775/1/5 9781/1/5
f 9783/1/5 9779/1/5 9778/1/5
f 9784/1/5 9779/1/5 9783/1/5
f 9786/1/5 9781/1/5 9780/1/5
f 9787/1/5 9781/1/5 9786/1/5
f 9788/1/5 9785/1/5 9784/1/5
f 9789/1/5 9785/1/5 9788/1/5
f 9794/1/5 9791/1/5 9790/1/5
f 9795/1/5 9791/1/5 9794/1/5
f 9798/1/5 9793/1/5 9792/1/5
f 9799/1/5 9793/1/5 9798/1/5
f 9800/1/5 9796/1/5 9795/1/5
f 9801/1/5 9796/1/5 9800/1/5
f 9804/1/5 9798/1/5 9797/1/5
f 9805/1/5 9798/1/5 9804/1/5
f 9806/1/5 9802/1/5 9801/1/5
f 9807/1/5 9802/1/5 9806/1/5
f 9810/1/5 9804/1/5 9803/1/5
f 9811/1/5 9804/1/5 9810/1/5
f 9812/1/5 9808/1/5 9807/1/5
f 9813/1/5 9808/1/5 9812/1/5
f 9816/1/5 9810/1/5 9809/1/5
f 9817/1/5 9810/1/5 9816/1/5
f 9818/1/5 9814/1/5 9813/1/5
f 9819/1/5 9814/1/5 9818/1/5
f 9820/1/5 9816/1/5 9815/1/5
f 9821/1/5 9816/1/5 9820/1/5
f 9824/1/5 9823/1/5 9822/1/5
f 9829/4/5 9826/4/5 9825/4/5
f 9830/4/5 9826/4/5 9829/4/5
f 9831/4/5 9826/4/5 9830/4/5
f 9833/4/5 9832/4/5 9831/4/5
f 9833/4/5 9831/4/5 9830/4/5
f 9834/4/5 9832/4/5 9833/4/5
f 9835/1/5 9824/1/5 9822/1/5
f 9836/1/5 9824/1/5 9835/1/5
f 9837/4/5 9832/4/5 9834/4/5
f 9838/4/5 9832/4/5 9837/4/5
f 9839/1/5 9828/1/5 9827/1/5
f 9840/1/5 9828/1/5 9839/1/5
f 9845/4/5 9842/4/5 9841/4/5
f 9846/4/5 9842/4/5 9845/4/5
f 9849/4/5 9844/4/5 9843/4/5
f 9850/4/5 9844/4/5 9849/4/5
f 9851/1/5 9847/1/5 9846/1/5
f 9852/1/5 9847/1/5 9851/1/5
f 9855/1/5 9849/1/5 9848/1/5
f 9856/1/5 9849/1/5 9855/1/5
f 9859/1/5 9853/1/5 9852/1/5
f 9860/1/5 9853/1/5 9859/1/5
f 9863/1/5 9855/1/5 9854/1/5
f 9864/1/5 9855/1/5 9863/1/5
f 9867/1/5 9858/1/5 9857/1/5
f 9868/1/5 9858/1/5 9867/1/5
f 9871/1/5 9861/1/5 9860/1/5
f 9872/1/5 9861/1/5 9871/1/5
f 9875/1/5 9863/1/5 9862/1/5
f 9876/1/5 9863/1/5 9875/1/5
f 9878/1/5 9866/1/5 9865/1/5
f 9879/1/5 9866/1/5 9878/1/5
f 9880/1/5 9870/1/5 9869/1/5
f 9881/1/5 9870/1/5 9880/1/5
f 9883/1/5 9874/1/5 9873/1/5
f 9884/1/5 9874/1/5 9883/1/5
f 9888/1/5 9878/1/5 9877/1/5
f 9889/1/5 9878/1/5 9888/1/5
f 9890/1/5 9882/1/5 9881/1/5
f 9891/1/5 9882/1/5 9890/1/5
f 9895/4/5 9886/4/5 9885/4/5
f 9896/4/5 9886/4/5 9895/4/5
f 9900/1/5 9888/1/5 9887/1/5
f 9901/1/5 9888/1/5 9900/1/5
f 9902/1/5 9892/1/5 9891/1/5
f 9903/1/5 9892/1/5 9902/1/5
f 9906/4/5 9894/4/5 9893/4/5
f 9907/4/5 9894/4/5 9906/4/5
f 9908/4/5 9898/4/5 9897/4/5
f 9909/4/5 9898/4/5 9908/4/5
f 9911/1/5 9900/1/5 9899/1/5
f 9912/1/5 9900/1/5 9911/1/5
f 9913/1/5 9904/1/5 9903/1/5
f 9914/1/5 9904/1/5 9913/1/5
f 9916/1/5 9906/1/5 9905/1/5
f 9917/1/5 9906/1/5 9916/1/5
f 9918/1/5 9910/1/5 9909/1/5
f 9919/1/5 9910/1/5 9918/1/5
f 9926/1/5 9916/1/5 9915/1/5
f 9927/1/5 9916/1/5 9926/1/5
f 9928/1/5 9920/1/5 9919/1/5
f 9929/1/5 9920/1/5 9928/1/5
f 9931/1/5 9926/1/5 9925/1/5
f 9932/1/5 9926/1/5 9931/1/5
f 9933/1/5 9930/1/5 9929/1/5
f 9934/1/5 9930/1/5 9933/1/5
f 9939/1/5 9922/1/5 9921/1/5
f 9940/1/5 9922/1/5 9939/1/5
f 9941/1/5 9924/1/5 9923/1/5
f 9942/1/5 9924/1/5 9941/1/5
f 9947/1/5 9944/1/5 9943/1/5
f 9948/1/5 9944/1/5 9947/1/5
f 9951/1/5 9946/1/5 9945/1/5
f 9952/1/5 9946/1/5 9951/1/5
f 9953/1/5 9936/1/5 9935/1/5
f 9954/1/5 9936/1/5 9953/1/5
f 9955/1/5 9938/1/5 9937/1/5
f 9956/1/5 9938/1/5 9955/1/5
f 9957/1/5 9949/1/5 9948/1/5
f 9958/1/5 9949/1/5 9957/1/5
f 9961/1/5 9951/1/5 9950/1/5
f 9962/1/5 9951/1/5 9961/1/5
f 9967/1/5 9959/1/5 9958/1/5
f 9968/1/5 9959/1/5 9967/1/5
f 9971/1/5 9961/1/5 9960/1/5
f 9972/1/5 9961/1/5 9971/1/5
f 9973/1/5 9964/1/5 9963/1/5
f 9974/1/5 9964/1/5 9973/1/5
f 9977/1/5 9966/1/5 9965/1/5
f 9978/1/5 9966/1/5 9977/1/5
f 9979/1/5 9969/1/5 9968/1/5
f 9980/1/5 9969/1/5 9979/1/5
f 9983/1/5 9971/1/5 9970/1/5
f 9984/1/5 9971/1/5 9983/1/5
f 9985/1/5 9975/1/5 9974/1/5
f 9986/1/5 9975/1/5 9985/1/5
f 9989/1/5 9977/1/5 9976/1/5
f 9990/1/5 9977/1/5 9989/1/5
f 9991/1/5 9982/1/5 9981/1/5
f 9992/1/5 9982/1/5 9991/1/5
f 9993/1/5 9987/1/5 9986/1/5
f 9994/1/5 9987/1/5 9993/1/5
f 9997/1/5 9989/1/5 9988/1/5
f 9998/1/5 9989/1/5 9997/1/5
f 9999/1/5 9995/1/5 9994/1/5
f 10000/1/5 9995/1/5 9999/1/5
f 10003/1/5 9997/1/5 9996/1/5
f 10004/1/5 9997/1/5 10003/1/5
f 10005/1/5 10002/1/5 10001/1/5
f 10006/1/5 10002/1/5 10005/1/5
f 10011/1/5 10008/1/5 10007/1/5
f 10012/1/5 10008/1/5 10011/1/5
f 10016/1/5 10010/1/5 10009/1/5
f 10017/1/5 10010/1/5 10016/1/5
f 10018/1/5 10014/1/5 10013/1/5
f 10019/1/5 10014/1/5 10018/1/5
f 10022/1/5 10016/1/5 10015/1/5
f 10023/1/5 10016/1/5 10022/1/5
f 10024/1/5 10020/1/5 10019/1/5
f 10025/1/5 10020/1/5 10024/1/5
f 10028/1/5 10022/1/5 10021/1/5
f 10029/1/5 10022/1/5 10028/1/5
f 10030/1/5 10026/1/5 10025/1/5
f 10031/1/5 10026/1/5 10030/1/5
f 10033/1/5 10028/1/5 10027/1/5
f 10034/1/5 10028/1/5 10033/1/5
f 10035/1/5 10032/1/5 10031/1/5
f 10036/1/5 10032/1/5 10035/1/5
f 10041/1/5 10038/1/5 10037/1/5
f 10042/1/5 10038/1/5 10041/1/5
f 10043/1/5 10040/1/5 10039/1/5
f 10044/1/5 10040/1/5 10043/1/5
f 10049/1/5 10046/1/5 10045/1/5
f 10050/1/5 10046/1/5 10049/1/5
f 10053/1/5 10048/1/5 10047/1/5
f 10054/1/5 10048/1/5 10053/1/5
f 10055/1/5 10051/1/5 10050/1/5
f 10056/1/5 10051/1/5 10055/1/5
f 10059/1/5 10053/1/5 10052/1/5
f 10060/1/5 10053/1/5 10059/1/5
f 10061/1/5 10057/1/5 10056/1/5
f 10062/1/5 10057/1/5 10061/1/5
f 10065/1/5 10059/1/5 10058/1/5
f 10066/1/5 10059/1/5 10065/1/5
f 10067/1/5 10063/1/5 10062/1/5
f 10068/1/5 10063/1/5 10067/1/5
f 10071/1/5 10065/1/5 10064/1/5
f 10072/1/5 10065/1/5 10071/1/5
f 10073/1/5 10070/1/5 10069/1/5
f 10074/1/5 10070/1/5 10073/1/5
f 10077/1/5 10076/1/5 10075/1/5
f 10078/1/5 10076/1/5 10077/1/5
f 10082/4/5 10080/4/5 10079/4/5
f 10083/4/5 10080/4/5 10082/4/5
f 10085/4/5 10082/4/5 10081/4/5
f 10086/4/5 10082/4/5 10085/4/5
f 10087/4/5 10084/4/5 10083/4/5
f 10088/4/5 10084/4/5 10087/4/5
f 10092/4/5 10089/4/5 10088/4/5
f 10093/4/5 10089/4/5 10092/4/5
f 10096/1/5 10091/1/5 10090/1/5
f 10097/1/5 10091/1/5 10096/1/5
f 10098/4/5 10095/4/5 10094/4/5
f 10099/4/5 10095/4/5 10098/4/5
f 10104/1/5 10101/1/5 10100/1/5
f 10105/1/5 10101/1/5 10104/1/5
f 10108/1/5 10103/1/5 10102/1/5
f 10109/1/5 10103/1/5 10108/1/5
f 10116/1/5 10106/1/5 10105/1/5
f 10117/1/5 10106/1/5 10116/1/5
f 10120/1/5 10108/1/5 10107/1/5
f 10121/1/5 10108/1/5 10120/1/5
f 10124/1/5 10113/1/5 10112/1/5
f 10125/1/5 10113/1/5 10124/1/5
f 10126/1/5 10115/1/5 10114/1/5
f 10127/1/5 10115/1/5 10126/1/5
f 10130/1/5 10118/1/5 10117/1/5
f 10131/1/5 10118/1/5 10130/1/5
f 10136/1/5 10120/1/5 10119/1/5
f 10137/1/5 10120/1/5 10136/1/5
f 10139/1/5 10123/1/5 10122/1/5
f 10140/1/5 10123/1/5 10139/1/5
f 10141/1/5 10129/1/5 10128/1/5
f 10142/1/5 10129/1/5 10141/1/5
f 10144/1/5 10133/1/5 10132/1/5
f 10145/1/5 10133/1/5 10144/1/5
f 10146/1/5 10135/1/5 10134/1/5
f 10147/1/5 10135/1/5 10146/1/5
f 10148/4/5 10111/4/5 10110/4/5
f 10149/4/5 10111/4/5 10148/4/5
f 10153/1/5 10139/1/5 10138/1/5
f 10154/1/5 10139/1/5 10153/1/5
f 10155/1/5 10143/1/5 10142/1/5
f 10156/1/5 10143/1/5 10155/1/5
f 10160/4/5 10148/4/5 10110/4/5
f 10161/4/5 10148/4/5 10160/4/5
f 10162/4/5 10151/4/5 10150/4/5
f 10163/4/5 10151/4/5 10162/4/5
f 10166/1/5 10153/1/5 10152/1/5
f 10167/1/5 10153/1/5 10166/1/5
f 10168/4/5 10157/4/5 10156/4/5
f 10169/4/5 10157/4/5 10168/4/5
f 10171/4/5 10159/4/5 10158/4/5
f 10172/4/5 10159/4/5 10171/4/5
f 10173/4/5 10165/4/5 10164/4/5
f 10174/4/5 10165/4/5 10173/4/5
f 10181/1/5 10171/1/5 10170/1/5
f 10182/1/5 10171/1/5 10181/1/5
f 10183/1/5 10175/1/5 10174/1/5
f 10184/1/5 10175/1/5 10183/1/5
f 10186/1/5 10177/1/5 10176/1/5
f 10187/1/5 10177/1/5 10186/1/5
f 10188/1/5 10179/1/5 10178/1/5
f 10189/1/5 10179/1/5 10188/1/5
f 10190/1/5 10181/1/5 10180/1/5
f 10191/1/5 10181/1/5 10190/1/5
f 10192/1/5 10185/1/5 10184/1/5
f 10193/1/5 10185/1/5 10192/1/5
f 10198/1/5 10195/1/5 10194/1/5
f 10199/1/5 10195/1/5 10198/1/5
f 10200/1/5 10197/1/5 10196/1/5
f 10201/1/5 10197/1/5 10200/1/5
f 10206/1/5 10203/1/5 10202/1/5
f 10207/1/5 10203/1/5 10206/1/5
f 10208/1/5 10205/1/5 10204/1/5
f 10209/1/5 10205/1/5 10208/1/5
f 10218/1/5 10211/1/5 10210/1/5
f 10219/1/5 10211/1/5 10218/1/5
f 10222/1/5 10213/1/5 10212/1/5
f 10223/1/5 10213/1/5 10222/1/5
f 10224/1/5 10215/1/5 10214/1/5
f 10225/1/5 10215/1/5 10224/1/5
f 10226/1/5 10217/1/5 10216/1/5
f 10227/1/5 10217/1/5 10226/1/5
f 10228/1/5 10220/1/5 10219/1/5
f 10229/1/5 10220/1/5 10228/1/5
f 10232/1/5 10222/1/5 10221/1/5
f 10233/1/5 10222/1/5 10232/1/5
f 10238/1/5 10230/1/5 10229/1/5
f 10239/1/5 10230/1/5 10238/1/5
f 10244/1/5 10232/1/5 10231/1/5
f 10245/1/5 10232/1/5 10244/1/5
f 10246/1/5 10235/1/5 10234/1/5
f 10247/1/5 10235/1/5 10246/1/5
f 10250/1/5 10237/1/5 10236/1/5
f 10251/1/5 10237/1/5 10250/1/5
f 10252/1/5 10241/1/5 10240/1/5
f 10253/1/5 10241/1/5 10252/1/5
f 10254/1/5 10243/1/5 10242/1/5
f 10255/1/5 10243/1/5 10254/1/5
f 10256/1/5 10248/1/5 10247/1/5
f 10257/1/5 10248/1/5 10256/1/5
f 10260/1/5 10250/1/5 10249/1/5
f 10261/1/5 10250/1/5 10260/1/5
f 10262/1/5 10258/1/5 10257/1/5
f 10263/1/5 10258/1/5 10262/1/5
f 10268/1/5 10260/1/5 10259/1/5
f 10269/1/5 10260/1/5 10268/1/5
f 10270/1/5 10265/1/5 10264/1/5
f 10271/1/5 10265/1/5 10270/1/5
f 10272/1/5 10267/1/5 10266/1/5
f 10273/1/5 10267/1/5 10272/1/5
f 10280/1/5 10275/1/5 10274/1/5
f 10281/1/5 10275/1/5 10280/1/5
f 10282/1/5 10277/1/5 10276/1/5
f 10283/1/5 10277/1/5 10282/1/5
f 10287/1/5 10279/1/5 10278/1/5
f 10288/1/5 10279/1/5 10287/1/5
f 10289/1/5 10285/1/5 10284/1/5
f 10290/1/5 10285/1/5 10289/1/5
f 10293/1/5 10287/1/5 10286/1/5
f 10294/1/5 10287/1/5 10293/1/5
f 10295/1/5 10291/1/5 10290/1/5
f 10296/1/5 10291/1/5 10295/1/5
f 10298/1/5 10293/1/5 10292/1/5
f 10299/1/5 10293/1/5 10298/1/5
f 10300/1/5 10297/1/5 10296/1/5
f 10301/1/5 10297/1/5 10300/1/5
f 10306/1/5 10303/1/5 10302/1/5
f 10307/1/5 10303/1/5 10306/1/5
f 10308/1/5 10305/1/5 10304/1/5
f 10309/1/5 10305/1/5 10308/1/5
f 10314/1/5 10311/1/5 10310/1/5
f 10315/1/5 10311/1/5 10314/1/5
f 10316/1/5 10313/1/5 10312/1/5
f 10317/1/5 10313/1/5 10316/1/5
f 10322/1/5 10319/1/5 10318/1/5
f 10323/1/5 10319/1/5 10322/1/5
f 10326/1/5 10321/1/5 10320/1/5
f 10327/1/5 10321/1/5 10326/1/5
f 10328/1/5 10324/1/5 10323/1/5
f 10329/1/5 10324/1/5 10328/1/5
f 10332/1/5 10326/1/5 10325/1/5
f 10333/1/5 10326/1/5 10332/1/5
f 10334/1/5 10330/1/5 10329/1/5
f 10335/1/5 10330/1/5 10334/1/5
f 10340/1/5 10332/1/5 10331/1/5
f 10341/1/5 10332/1/5 10340/1/5
f 10342/1/5 10337/1/5 10336/1/5
f 10343/1/5 10337/1/5 10342/1/5
f 10344/1/5 10339/1/5 10338/1/5
f 10345/1/5 10339/1/5 10344/1/5
f 10352/4/5 10349/4/5 10348/4/5
f 10353/1/5 10351/1/5 10350/1/5
f 10354/1/5 10351/1/5 10353/1/5
f 10355/4/5 10349/4/5 10352/4/5
f 10356/4/5 10349/4/5 10355/4/5
f 10357/4/5 10349/4/5 10356/4/5
f 10358/4/5 10349/4/5 10357/4/5
f 10359/1/5 10347/1/5 10346/1/5
f 10360/1/5 10347/1/5 10359/1/5
f 10361/4/5 10349/4/5 10358/4/5
f 10362/4/5 10361/4/5 10358/4/5
f 10363/4/5 10361/4/5 10362/4/5
f 10368/4/5 10365/4/5 10364/4/5
f 10369/4/5 10365/4/5 10368/4/5
f 10370/4/5 10367/4/5 10366/4/5
f 10376/4/5 10367/4/5 10370/4/5
f 10378/4/5 10372/4/5 10371/4/5
f 10379/4/5 10372/4/5 10378/4/5
f 10383/1/5 10374/1/5 10373/1/5
f 10384/1/5 10374/1/5 10383/1/5
f 10387/4/5 10376/4/5 10375/4/5
f 10388/4/5 10367/4/5 10376/4/5
f 10388/4/5 10376/4/5 10387/4/5
f 10389/1/5 10382/1/5 10381/1/5
f 10390/1/5 10382/1/5 10389/1/5
f 10391/1/5 10386/1/5 10385/1/5
f 10392/1/5 10386/1/5 10391/1/5
f 10397/1/5 10394/1/5 10393/1/5
f 10398/1/5 10394/1/5 10397/1/5
f 10401/1/5 10396/1/5 10395/1/5
f 10402/1/5 10396/1/5 10401/1/5
f 10403/4/5 10380/4/5 10379/4/5
f 10404/4/5 10380/4/5 10403/4/5
f 10407/4/5 10400/4/5 10399/4/5
f 10408/4/5 10400/4/5 10407/4/5
f 10409/4/5 10378/4/5 10377/4/5
f 10410/4/5 10378/4/5 10409/4/5
f 10411/4/5 10406/4/5 10405/4/5
f 10412/4/5 10406/4/5 10411/4/5
f 10417/1/5 10414/1/5 10413/1/5
f 10418/1/5 10414/1/5 10417/1/5
f 10419/1/5 10416/1/5 10415/1/5
f 10420/1/5 10416/1/5 10419/1/5
f 10429/1/5 10422/1/5 10421/1/5
f 10430/1/5 10422/1/5 10429/1/5
f 10431/1/5 10424/1/5 10423/1/5
f 10432/1/5 10424/1/5 10431/1/5
f 10437/1/5 10426/1/5 10425/1/5
f 10438/1/5 10426/1/5 10437/1/5
f 10439/1/5 10428/1/5 10427/1/5
f 10440/1/5 10428/1/5 10439/1/5
f 10445/1/5 10434/1/5 10433/1/5
f 10446/1/5 10434/1/5 10445/1/5
f 10447/1/5 10436/1/5 10435/1/5
f 10448/1/5 10436/1/5 10447/1/5
f 10449/1/5 10442/1/5 10441/1/5
f 10450/1/5 10442/1/5 10449/1/5
f 10451/1/5 10444/1/5 10443/1/5
f 10452/1/5 10444/1/5 10451/1/5
f 10457/1/5 10454/1/5 10453/1/5
f 10458/1/5 10454/1/5 10457/1/5
f 10459/1/5 10456/1/5 10455/1/5
f 10460/1/5 10456/1/5 10459/1/5
f 10465/1/5 10462/1/5 10461/1/5
f 10466/1/5 10462/1/5 10465/1/5
f 10469/1/5 10464/1/5 10463/1/5
f 10470/1/5 10464/1/5 10469/1/5
f 10471/1/5 10468/1/5 10467/1/5
f 10472/1/5 10468/1/5 10471/1/5
f 10477/1/5 10474/1/5 10473/1/5
f 10478/1/5 10474/1/5 10477/1/5
f 10481/1/5 10476/1/5 10475/1/5
f 10482/1/5 10476/1/5 10481/1/5
f 10485/1/5 10480/1/5 10479/1/5
f 10486/1/5 10480/1/5 10485/1/5
f 10489/1/5 10484/1/5 10483/1/5
f 10490/1/5 10484/1/5 10489/1/5
f 10493/1/5 10488/1/5 10487/1/5
f 10494/1/5 10488/1/5 10493/1/5
f 10495/1/5 10492/1/5 10491/1/5
f 10496/1/5 10492/1/5 10495/1/5
f 10501/1/5 10498/1/5 10497/1/5
f 10502/1/5 10498/1/5 10501/1/5
f 10503/1/5 10500/1/5 10499/1/5
f 10504/1/5 10500/1/5 10503/1/5
f 10509/1/5 10506/1/5 10505/1/5
f 10510/1/5 10506/1/5 10509/1/5
f 10511/1/5 10508/1/5 10507/1/5
f 10512/1/5 10508/1/5 10511/1/5
f 10517/1/5 10514/1/5 10513/1/5
f 10518/1/5 10514/1/5 10517/1/5
f 10519/1/5 10516/1/5 10515/1/5
f 10520/1/5 10516/1/5 10519/1/5
f 10525/1/5 10522/1/5 10521/1/5
f 10526/1/5 10522/1/5 10525/1/5
f 10529/1/5 10524/1/5 10523/1/5
f 10530/1/5 10524/1/5 10529/1/5
f 10531/1/5 10528/1/5 10527/1/5
f 10532/1/5 10528/1/5 10531/1/5
f 10536/4/5 10534/4/5 10533/4/5
f 10537/4/5 10534/4/5 10536/4/5
f 10539/4/5 10536/4/5 10535/4/5
f 10540/4/5 10536/4/5 10539/4/5
f 10541/4/5 10536/4/5 10540/4/5
f 10542/4/5 10536/4/5 10541/4/5
f 10543/4/5 10541/4/5 10540/4/5
f 10544/4/5 10541/4/5 10543/4/5
f 10547/4/5 10538/4/5 10537/4/5
f 10548/4/5 10538/4/5 10547/4/5
f 10549/1/5 10546/1/5 10545/1/5
f 10550/1/5 10546/1/5 10549/1/5
f 10554/4/5 10552/4/5 10551/4/5
f 10555/4/5 10554/4/5 10553/4/5
f 10556/4/5 10552/4/5 10554/4/5
f 10556/4/5 10554/4/5 10555/4/5
f 10561/4/5 10555/4/5 10553/4/5
f 10562/4/5 10555/4/5 10561/4/5
f 10563/1/5 10558/1/5 10557/1/5
f 10564/1/5 10558/1/5 10563/1/5
f 10565/1/5 10560/1/5 10559/1/5
f 10566/1/5 10560/1/5 10565/1/5
f 10569/4/5 10561/4/5 10553/4/5
f 10570/4/5 10569/4/5 10568/4/5
f 10570/4/5 10568/4/5 10567/4/5
f 10571/4/5 10561/4/5 10569/4/5
f 10571/4/5 10569/4/5 10570/4/5
f 10576/4/5 10573/4/5 10572/4/5
f 10577/4/5 10573/4/5 10576/4/5
f 10578/4/5 10575/4/5 10574/4/5
f 10579/4/5 10575/4/5 10578/4/5
f 10580/4/5 10561/4/5 10571/4/5
f 10581/4/5 10561/4/5 10580/4/5
f 10586/1/5 10583/1/5 10582/1/5
f 10587/1/5 10583/1/5 10586/1/5
f 10588/1/5 10585/1/5 10584/1/5
f 10589/1/5 10585/1/5 10588/1/5
f 10594/1/5 10591/1/5 10590/1/5
f 10595/1/5 10591/1/5 10594/1/5
f 10596/1/5 10593/1/5 10592/1/5
f 10597/1/5 10593/1/5 10596/1/5
f 10602/1/5 10599/1/5 10598/1/5
f 10603/1/5 10599/1/5 10602/1/5
f 10604/1/5 10601/1/5 10600/1/5
f 10605/1/5 10601/1/5 10604/1/5
f 10610/1/5 10607/1/5 10606/1/5
f 10611/1/5 10607/1/5 10610/1/5
f 10612/1/5 10609/1/5 10608/1/5
f 10613/1/5 10609/1/5 10612/1/5
f 10618/1/5 10615/1/5 10614/1/5
f 10619/1/5 10615/1/5 10618/1/5
f 10620/1/5 10617/1/5 10616/1/5
f 10621/1/5 10617/1/5 10620/1/5
f 10630/1/5 10623/1/5 10622/1/5
f 10631/1/5 10623/1/5 10630/1/5
f 10632/1/5 10625/1/5 10624/1/5
f 10633/1/5 10625/1/5 10632/1/5
f 10634/1/5 10627/1/5 10626/1/5
f 10635/1/5 10627/1/5 10634/1/5
f 10636/1/5 10629/1/5 10628/1/5
f 10637/1/5 10629/1/5 10636/1/5
f 10642/1/5 10639/1/5 10638/1/5
f 10643/1/5 10639/1/5 10642/1/5
f 10644/1/5 10641/1/5 10640/1/5
f 10645/1/5 10641/1/5 10644/1/5
f 10650/1/5 10647/1/5 10646/1/5
f 10651/1/5 10647/1/5 10650/1/5
f 10652/1/5 10649/1/5 10648/1/5
f 10653/1/5 10649/1/5 10652/1/5
f 10658/1/5 10655/1/5 10654/1/5
f 10659/1/5 10655/1/5 10658/1/5
f 10660/1/5 10657/1/5 10656/1/5
f 10661/1/5 10657/1/5 10660/1/5
f 10666/4/5 10663/4/5 10662/4/5
f 10667/4/5 10663/4/5 10666/4/5
f 10668/4/5 10665/4/5 10664/4/5
f 10669/4/5 10665/4/5 10668/4/5
f 10672/4/5 10671/4/5 10670/4/5
f 10673/4/5 10671/4/5 10672/4/5
f 10677/4/5 10675/4/5 10674/4/5
f 10678/4/5 10675/4/5 10677/4/5
f 10680/4/5 10677/4/5 10676/4/5
f 10681/4/5 10677/4/5 10680/4/5
f 10682/4/5 10679/4/5 10678/4/5
f 10683/4/5 10679/4/5 10682/4/5
f 10686/1/5 10685/1/5 10684/1/5
f 10687/1/5 10685/1/5 10686/1/5
f 10693/1/5 10688/1/5 10687/1/5
f 10694/1/5 10688/1/5 10693/1/5
f 10698/1/5 10690/1/5 10689/1/5
f 10699/1/5 10690/1/5 10698/1/5
f 10700/1/5 10692/1/5 10691/1/5
f 10701/1/5 10692/1/5 10700/1/5
f 10703/4/5 10696/4/5 10695/4/5
f 10704/4/5 10696/4/5 10703/4/5
f 10705/1/5 10698/1/5 10697/1/5
f 10706/1/5 10698/1/5 10705/1/5
f 10707/1/5 10702/1/5 10701/1/5
f 10708/1/5 10702/1/5 10707/1/5
f 10714/4/5 10710/4/5 10709/4/5
f 10715/4/5 10710/4/5 10714/4/5
f 10716/4/5 10712/4/5 10711/4/5
f 10717/4/5 10712/4/5 10716/4/5
f 10719/1/5 10714/1/5 10713/1/5
f 10720/1/5 10714/1/5 10719/1/5
f 10721/1/5 10718/1/5 10717/1/5
f 10722/1/5 10718/1/5 10721/1/5
f 10727/1/5 10724/1/5 10723/1/5
f 10728/1/5 10724/1/5 10727/1/5
f 10731/1/5 10726/1/5 10725/1/5
f 10732/1/5 10726/1/5 10731/1/5
f 10733/1/5 10729/1/5 10728/1/5
f 10734/1/5 10729/1/5 10733/1/5
f 10735/1/5 10731/1/5 10730/1/5
f 10736/1/5 10731/1/5 10735/1/5
f 10741/1/5 10738/1/5 10737/1/5
f 10742/1/5 10738/1/5 10741/1/5
f 10745/1/5 10740/1/5 10739/1/5
f 10746/1/5 10740/1/5 10745/1/5
f 10747/1/5 10743/1/5 10742/1/5
f 10748/1/5 10743/1/5 10747/1/5
f 10749/1/5 10745/1/5 10744/1/5
f 10750/1/5 10745/1/5 10749/1/5
f 10756/1/5 10752/1/5 10751/1/5
f 10757/1/5 10752/1/5 10756/1/5
f 10758/1/5 10754/1/5 10753/1/5
f 10759/1/5 10754/1/5 10758/1/5
f 10761/1/5 10756/1/5 10755/1/5
f 10762/1/5 10756/1/5 10761/1/5
f 10763/1/5 10760/1/5 10759/1/5
f 10764/1/5 10760/1/5 10763/1/5
f 10769/1/5 10766/1/5 10765/1/5
f 10770/1/5 10766/1/5 10769/1/5
f 10773/1/5 10768/1/5 10767/1/5
f 10774/1/5 10768/1/5 10773/1/5
f 10775/1/5 10771/1/5 10770/1/5
f 10776/1/5 10771/1/5 10775/1/5
f 10777/1/5 10773/1/5 10772/1/5
f 10778/1/5 10773/1/5 10777/1/5
f 10784/2/5 10780/2/5 10779/2/5
f 10785/2/5 10780/2/5 10784/2/5
f 10788/4/5 10782/4/5 10781/4/5
f 10789/4/5 10782/4/5 10788/4/5
f 10793/2/5 10786/2/5 10785/2/5
f 10793/2/5 10784/2/5 10783/2/5
f 10793/2/5 10785/2/5 10784/2/5
f 10794/2/5 10786/2/5 10793/2/5
f 10795/4/5 10788/4/5 10787/4/5
f 10796/4/5 10788/4/5 10795/4/5
f 10797/4/5 10791/4/5 10790/4/5
f 10798/4/5 10791/4/5 10797/4/5
f 10801/2/5 10794/2/5 10793/2/5
f 10801/2/5 10793/2/5 10792/2/5
f 10801/2/5 10795/2/5 10794/2/5
f 10803/2/5 10801/2/5 10800/2/5
f 10804/4/5 10799/4/5 10798/4/5
f 10805/4/5 10799/4/5 10804/4/5
f 10811/2/5 10803/2/5 10802/2/5
f 10812/2/5 10795/2/5 10801/2/5
f 10812/2/5 10801/2/5 10803/2/5
f 10812/2/5 10803/2/5 10811/2/5
f 10815/4/5 10807/4/5 10806/4/5
f 10816/4/5 10807/4/5 10815/4/5
f 10818/2/5 10809/2/5 10808/2/5
f 10819/2/5 10809/2/5 10818/2/5
f 10822/2/5 10813/2/5 10812/2/5
f 10822/2/5 10811/2/5 10810/2/5
f 10822/2/5 10812/2/5 10811/2/5
f 10823/2/5 10813/2/5 10822/2/5
f 10824/2/5 10813/2/5 10823/2/5
f 10825/4/5 10815/4/5 10814/4/5
f 10826/4/5 10815/4/5 10825/4/5
f 10828/2/5 10819/2/5 10818/2/5
f 10828/2/5 10818/2/5 10817/2/5
f 10828/2/5 10820/2/5 10819/2/5
f 10830/2/5 10823/2/5 10822/2/5
f 10830/2/5 10822/2/5 10821/2/5
f 10831/4/5 10824/4/5 10823/4/5
f 10831/2/5 10823/2/5 10830/2/5
f 10832/4/5 10824/4/5 10831/4/5
f 10834/2/5 10828/2/5 10827/2/5
f 10834/2/5 10820/2/5 10828/2/5
f 10836/2/5 10833/2/5 10832/2/5
f 10836/2/5 10832/2/5 10831/2/5
f 10836/2/5 10830/2/5 10829/2/5
f 10836/2/5 10831/2/5 10830/2/5
f 10837/2/5 10833/2/5 10836/2/5
f 10838/2/5 10835/2/5 10834/2/5
f 10838/2/5 10834/2/5 10827/2/5
f 10839/2/5 10835/2/5 10838/2/5
f 10841/2/5 10836/2/5 10829/2/5
f 10842/2/5 10836/2/5 10841/2/5
f 10843/2/5 10836/2/5 10842/2/5
f 10844/2/5 10833/2/5 10837/2/5
f 10845/2/5 10833/2/5 10844/2/5
f 10846/2/5 10833/2/5 10845/2/5
f 10848/2/5 10835/2/5 10839/2/5
f 10850/2/5 10841/2/5 10840/2/5
f 10850/2/5 10842/2/5 10841/2/5
f 10851/2/5 10842/2/5 10850/2/5
f 10852/2/5 10847/2/5 10846/2/5
f 10852/2/5 10846/2/5 10845/2/5
f 10853/2/5 10847/2/5 10852/2/5
f 10854/2/5 10847/2/5 10853/2/5
f 10858/2/5 10849/2/5 10848/2/5
f 10858/2/5 10848/2/5 10839/2/5
f 10860/2/5 10850/2/5 10840/2/5
f 10861/2/5 10850/2/5 10860/2/5
f 10862/2/5 10850/2/5 10861/2/5
f 10863/2/5 10854/2/5 10853/2/5
f 10864/2/5 10854/2/5 10863/2/5
f 10865/4/5 10855/4/5 10854/4/5
f 10865/2/5 10854/2/5 10864/2/5
f 10866/4/5 10855/4/5 10865/4/5
f 10869/4/5 10857/4/5 10856/4/5
f 10870/4/5 10857/4/5 10869/4/5
f 10872/2/5 10849/2/5 10858/2/5
f 10873/2/5 10849/2/5 10872/2/5
f 10874/2/5 10849/2/5 10873/2/5
f 10876/4/5 10867/4/5 10866/4/5
f 10876/4/5 10865/4/5 10864/4/5
f 10876/4/5 10866/4/5 10865/4/5
f 10877/4/5 10867/4/5 10876/4/5
f 10878/4/5 10871/4/5 10870/4/5
f 10878/4/5 10870/4/5 10869/4/5
f 10878/4/5 10869/4/5 10868/4/5
f 10879/4/5 10871/4/5 10878/4/5
f 10880/4/5 10871/4/5 10879/4/5
f 10881/4/5 10874/4/5 10873/4/5
f 10882/4/5 10874/4/5 10881/4/5
f 10883/2/5 10875/2/5 10874/2/5
f 10883/4/5 10874/4/5 10882/4/5
f 10885/2/5 10860/2/5 10859/2/5
f 10885/2/5 10861/2/5 10860/2/5
f 10886/2/5 10861/2/5 10885/2/5
f 10887/2/5 10861/2/5 10886/2/5
f 10888/4/5 10877/4/5 10876/4/5
f 10888/4/5 10879/4/5 10878/4/5
f 10888/4/5 10878/4/5 10877/4/5
f 10889/4/5 10879/4/5 10888/4/5
f 10890/4/5 10879/4/5 10889/4/5
f 10891/4/5 10879/4/5 10890/4/5
f 10892/4/5 10879/4/5 10891/4/5
f 10893/2/5 10883/2/5 10882/2/5
f 10894/2/5 10883/2/5 10893/2/5
f 10895/2/5 10875/2/5 10883/2/5
f 10895/2/5 10883/2/5 10894/2/5
f 10897/4/5 10891/4/5 10890/4/5
f 10897/2/5 10890/2/5 10889/2/5
f 10898/4/5 10891/4/5 10897/4/5
f 10899/2/5 10886/2/5 10885/2/5
f 10899/2/5 10885/2/5 10884/2/5
f 10900/2/5 10886/2/5 10899/2/5
f 10901/2/5 10898/2/5 10897/2/5
f 10901/2/5 10897/2/5 10889/2/5
f 10902/2/5 10898/2/5 10901/2/5
f 10903/4/5 10891/4/5 10898/4/5
f 10904/4/5 10891/4/5 10903/4/5
f 10905/2/5 10896/2/5 10895/2/5
f 10905/2/5 10895/2/5 10894/2/5
f 10906/2/5 10896/2/5 10905/2/5
f 10907/4/5 10903/4/5 10898/4/5
f 10907/2/5 10898/2/5 10902/2/5
f 10908/4/5 10903/4/5 10907/4/5
f 10910/2/5 10899/2/5 10884/2/5
f 10911/4/5 10903/4/5 10908/4/5
f 10911/2/5 10908/2/5 10907/2/5
f 10912/4/5 10903/4/5 10911/4/5
f 10913/4/5 10903/4/5 10912/4/5
f 10914/4/5 10903/4/5 10913/4/5
f 10915/2/5 10896/2/5 10906/2/5
f 10916/2/5 10896/2/5 10915/2/5
f 10917/2/5 10896/2/5 10916/2/5
f 10919/2/5 10912/2/5 10911/2/5
f 10919/4/5 10913/4/5 10912/4/5
f 10920/4/5 10913/4/5 10919/4/5
f 10921/2/5 10920/2/5 10919/2/5
f 10921/4/5 10913/4/5 10920/4/5
f 10922/4/5 10913/4/5 10921/4/5
f 10923/2/5 10922/2/5 10921/2/5
f 10923/4/5 10913/4/5 10922/4/5
f 10924/4/5 10913/4/5 10923/4/5
f 10925/2/5 10910/2/5 10909/2/5
f 10925/2/5 10899/2/5 10910/2/5
f 10928/2/5 10907/2/5 10902/2/5
f 10928/2/5 10924/2/5 10923/2/5
f 10928/2/5 10911/2/5 10907/2/5
f 10928/2/5 10923/2/5 10921/2/5
f 10928/2/5 10921/2/5 10919/2/5
f 10928/2/5 10919/2/5 10911/2/5
f 10929/2/5 10924/2/5 10928/2/5
f 10929/2/5 10928/2/5 10927/2/5
f 10930/2/5 10924/2/5 10929/2/5
f 10931/2/5 10926/2/5 10925/2/5
f 10934/2/5 10929/2/5 10927/2/5
f 10935/2/5 10929/2/5 10934/2/5
f 10936/2/5 10924/2/5 10930/2/5
f 10937/2/5 10924/2/5 10936/2/5
f 10940/2/5 10918/2/5 10917/2/5
f 10940/2/5 10917/2/5 10916/2/5
f 10941/2/5 10932/2/5 10931/2/5
f 10944/2/5 10938/2/5 10937/2/5
f 10944/2/5 10937/2/5 10936/2/5
f 10944/2/5 10935/2/5 10934/2/5
f 10944/2/5 10936/2/5 10935/2/5
f 10944/2/5 10934/2/5 10933/2/5
f 10945/2/5 10938/2/5 10944/2/5
f 10948/2/5 10940/2/5 10939/2/5
f 10949/2/5 10942/2/5 10941/2/5
f 10952/2/5 10946/2/5 10945/2/5
f 10952/2/5 10944/2/5 10943/2/5
f 10952/2/5 10945/2/5 10944/2/5
f 10953/2/5 10950/2/5 10949/2/5
f 10956/2/5 10952/2/5 10951/2/5
f 10957/2/5 10946/2/5 10952/2/5
f 10957/2/5 10952/2/5 10956/2/5
f 10960/2/5 10948/2/5 10947/2/5
f 10961/2/5 10941/2/5 10931/2/5
f 10961/2/5 10925/2/5 10909/2/5
f 10961/2/5 10954/2/5 10953/2/5
f 10961/2/5 10931/2/5 10925/2/5
f 10961/2/5 10949/2/5 10941/2/5
f 10961/2/5 10953/2/5 10949/2/5
f 10962/2/5 10954/2/5 10961/2/5
f 10963/2/5 10954/2/5 10962/2/5
f 10964/2/5 10958/2/5 10957/2/5
f 10964/2/5 10957/2/5 10956/2/5
f 10964/2/5 10956/2/5 10955/2/5
f 10965/2/5 10958/2/5 10964/2/5
f 10968/2/5 10960/2/5 10959/2/5
f 10969/2/5 10918/2/5 10940/2/5
f 10969/2/5 10948/2/5 10960/2/5
f 10969/2/5 10960/2/5 10968/2/5
f 10969/2/5 10940/2/5 10948/2/5
f 10970/2/5 10918/2/5 10969/2/5
f 10971/2/5 10963/2/5 10962/2/5
f 10971/2/5 10966/2/5 10965/2/5
f 10971/2/5 10964/2/5 10963/2/5
f 10971/2/5 10965/2/5 10964/2/5
f 10974/2/5 10969/2/5 10968/2/5
f 10974/2/5 10968/2/5 10967/2/5
f 10975/2/5 10972/2/5 10971/2/5
f 10975/2/5 10971/2/5 10962/2/5
f 10976/2/5 10972/2/5 10975/2/5
f 10977/2/5 10972/2/5 10976/2/5
f 10978/2/5 10974/2/5 10973/2/5
f 10979/2/5 10975/2/5 10962/2/5
f 10980/2/5 10975/2/5 10979/2/5
f 10981/2/5 10977/2/5 10976/2/5
f 10981/2/5 10978/2/5 10977/2/5
f 10982/2/5 10978/2/5 10981/2/5
f 10983/2/5 10979/2/5 10962/2/5
f 10984/2/5 10979/2/5 10983/2/5
f 10985/2/5 10979/2/5 10984/2/5
f 10986/2/5 10979/2/5 10985/2/5
f 10987/2/5 10978/2/5 10982/2/5
f 10988/2/5 10978/2/5 10987/2/5
f 10989/2/5 10969/2/5 10974/2/5
f 10989/2/5 10978/2/5 10988/2/5
f 10989/2/5 10974/2/5 10978/2/5
f 10990/2/5 10969/2/5 10989/2/5
f 10991/2/5 10985/2/5 10984/2/5
f 10992/2/5 10985/2/5 10991/2/5
f 10993/2/5 10989/2/5 10988/2/5
f 10994/2/5 10989/2/5 10993/2/5
f 10995/2/5 10991/2/5 10984/2/5
f 10996/2/5 10991/2/5 10995/2/5
f 10997/2/5 10989/2/5 10994/2/5
f 10998/2/5 10989/2/5 10997/2/5
f 10999/2/5 10991/2/5 10996/2/5
f 11000/2/5 10991/2/5 10999/2/5
f 11001/2/5 10997/2/5 10994/2/5
f 11002/2/5 10997/2/5 11001/2/5
f 11003/2/5 10999/2/5 10996/2/5
f 11004/2/5 10999/2/5 11003/2/5
f 11005/2/5 10997/2/5 11002/2/5
f 11006/2/5 10997/2/5 11005/2/5
f 11007/2/5 10999/2/5 11004/2/5
f 11008/2/5 10999/2/5 11007/2/5
f 11009/2/5 11005/2/5 11002/2/5
f 11010/2/5 11005/2/5 11009/2/5
f 11011/2/5 11007/2/5 11004/2/5
f 11012/2/5 11007/2/5 11011/2/5
f 11013/2/5 11005/2/5 11010/2/5
f 11014/2/5 11005/2/5 11013/2/5
f 11015/2/5 11007/2/5 11012/2/5
f 11016/2/5 11007/2/5 11015/2/5
f 11017/2/5 11013/2/5 11010/2/5
f 11018/2/5 11013/2/5 11017/2/5
f 11019/2/5 11007/2/5 11016/2/5
f 11020/2/5 11007/2/5 11019/2/5
f 11021/2/5 11017/2/5 11010/2/5
f 11022/2/5 11017/2/5 11021/2/5
f 11023/2/5 11007/2/5 11020/2/5
f 11024/2/5 11007/2/5 11023/2/5
f 11025/2/5 11021/2/5 11010/2/5
f 11026/2/5 11021/2/5 11025/2/5
f 11027/2/5 11007/2/5 11024/2/5
f 11028/2/5 11007/2/5 11027/2/5
f 11029/2/5 11007/2/5 11028/2/5
f 11032/2/5 11025/2/5 11010/2/5
f 11033/2/5 11025/2/5 11032/2/5
f 11034/2/5 11025/2/5 11033/2/5
f 11035/2/5 11030/2/5 11029/2/5
f 11035/2/5 11029/2/5 11028/2/5
f 11036/2/5 11030/2/5 11035/2/5
f 11037/2/5 11033/2/5 11032/2/5
f 11037/2/5 11032/2/5 11031/2/5
f 11038/2/5 11033/2/5 11037/2/5
f 11039/2/5 11030/2/5 11036/2/5
f 11040/2/5 11030/2/5 11039/2/5
f 11041/2/5 11030/2/5 11040/2/5
f 11044/2/5 11037/2/5 11031/2/5
f 11045/2/5 11037/2/5 11044/2/5
f 11046/2/5 11037/2/5 11045/2/5
f 11047/2/5 11042/2/5 11041/2/5
f 11047/2/5 11041/2/5 11040/2/5
f 11048/2/5 11042/2/5 11047/2/5
f 11049/2/5 11045/2/5 11044/2/5
f 11049/2/5 11044/2/5 11043/2/5
f 11050/2/5 11045/2/5 11049/2/5
f 11051/2/5 11042/2/5 11048/2/5
f 11052/2/5 11042/2/5 11051/2/5
f 11053/2/5 11042/2/5 11052/2/5
f 11056/2/5 11049/2/5 11043/2/5
f 11057/2/5 11049/2/5 11056/2/5
f 11058/2/5 11049/2/5 11057/2/5
f 11059/2/5 11054/2/5 11053/2/5
f 11059/2/5 11053/2/5 11052/2/5
f 11060/2/5 11054/2/5 11059/2/5
f 11061/2/5 11054/2/5 11060/2/5
f 11064/2/5 11057/2/5 11056/2/5
f 11064/2/5 11056/2/5 11055/2/5
f 11065/2/5 11057/2/5 11064/2/5
f 11066/2/5 11057/2/5 11065/2/5
f 11067/2/5 11062/2/5 11061/2/5
f 11067/2/5 11061/2/5 11060/2/5
f 11068/2/5 11062/2/5 11067/2/5
f 11069/2/5 11062/2/5 11068/2/5
f 11072/2/5 11065/2/5 11064/2/5
f 11072/2/5 11064/2/5 11063/2/5
f 11073/2/5 11065/2/5 11072/2/5
f 11074/2/5 11065/2/5 11073/2/5
f 11075/2/5 11070/2/5 11069/2/5
f 11075/2/5 11069/2/5 11068/2/5
f 11076/2/5 11070/2/5 11075/2/5
f 11077/2/5 11070/2/5 11076/2/5
f 11078/2/5 11073/2/5 11072/2/5
f 11078/2/5 11072/2/5 11071/2/5
f 11079/2/5 11073/2/5 11078/2/5
f 11080/2/5 11073/2/5 11079/2/5
f 11081/2/5 11077/2/5 11076/2/5
f 11081/2/5 11079/2/5 11078/2/5
f 11081/2/5 11078/2/5 11077/2/5
f 11082/2/5 11079/2/5 11081/2/5
f 11083/2/5 11079/2/5 11082/2/5
f 11084/2/5 11079/2/5 11083/2/5
f 11085/2/5 11083/2/5 11082/2/5
f 11086/2/5 11083/2/5 11085/2/5
f 11089/4/5 11088/4/5 11087/4/5
f 11090/4/5 11088/4/5 11089/4/5
f 11094/4/5 11092/4/5 11091/4/5
f 11095/4/5 11092/4/5 11094/4/5
f 11096/4/5 11094/4/5 11093/4/5
f 11097/4/5 11094/4/5 11096/4/5
f 11100/2/5 11099/2/5 11098/2/5
f 11101/2/5 11099/2/5 11100/2/5
f 11105/3/5 11103/3/5 11102/3/5
f 11106/3/5 11103/3/5 11105/3/5
f 11109/3/5 11105/3/5 11104/3/5
f 11109/3/5 11107/3/5 11106/3/5
f 11109/3/5 11106/3/5 11105/3/5
f 11114/3/5 11107/3/5 11109/3/5
f 11114/3/5 11109/3/5 11108/3/5
f 11117/4/5 11111/4/5 11110/4/5
f 11118/4/5 11111/4/5 11117/4/5
f 11121/4/5 11113/4/5 11112/4/5
f 11122/4/5 11113/4/5 11121/4/5
f 11124/3/5 11115/3/5 11114/3/5
f 11124/3/5 11114/3/5 11108/3/5
f 11125/3/5 11115/3/5 11124/3/5
f 11127/4/5 11117/4/5 11116/4/5
f 11128/4/5 11117/4/5 11127/4/5
f 11129/4/5 11120/4/5 11119/4/5
f 11129/4/5 11121/4/5 11120/4/5
f 11130/4/5 11121/4/5 11129/4/5
f 11131/3/5 11126/3/5 11125/3/5
f 11131/3/5 11125/3/5 11124/3/5
f 11131/3/5 11124/3/5 11123/3/5
f 11132/3/5 11126/3/5 11131/3/5
f 11135/3/5 11126/3/5 11132/3/5
f 11137/3/5 11134/3/5 11133/3/5
f 11139/3/5 11136/3/5 11135/3/5
f 11139/3/5 11135/3/5 11132/3/5
f 11140/3/5 11136/3/5 11139/3/5
f 11141/3/5 11138/3/5 11137/3/5
f 11144/3/5 11137/3/5 11133/3/5
f 11144/3/5 11142/3/5 11141/3/5
f 11144/3/5 11141/3/5 11137/3/5
f 11145/3/5 11142/3/5 11144/3/5
f 11146/3/5 11142/3/5 11145/3/5
f 11147/3/5 11136/3/5 11140/3/5
f 11148/3/5 11136/3/5 11147/3/5
f 11149/3/5 11136/3/5 11148/3/5
f 11152/3/5 11144/3/5 11143/3/5
f 11152/3/5 11145/3/5 11144/3/5
f 11153/3/5 11145/3/5 11152/3/5
f 11154/3/5 11145/3/5 11153/3/5
f 11155/3/5 11150/3/5 11149/3/5
f 11155/3/5 11149/3/5 11148/3/5
f 11156/3/5 11150/3/5 11155/3/5
f 11157/3/5 11150/3/5 11156/3/5
f 11159/3/5 11153/3/5 11152/3/5
f 11159/3/5 11152/3/5 11151/3/5
f 11160/3/5 11153/3/5 11159/3/5
f 11161/3/5 11158/3/5 11157/3/5
f 11161/3/5 11157/3/5 11156/3/5
f 11162/3/5 11158/3/5 11161/3/5
f 11164/3/5 11159/3/5 11151/3/5
f 11165/3/5 11158/3/5 11162/3/5
f 11167/3/5 11164/3/5 11163/3/5
f 11167/3/5 11159/3/5 11164/3/5
f 11168/3/5 11159/3/5 11167/3/5
f 11169/3/5 11166/3/5 11165/3/5
f 11169/3/5 11165/3/5 11162/3/5
f 11170/3/5 11166/3/5 11169/3/5
f 11171/3/5 11167/3/5 11163/3/5
f 11172/3/5 11167/3/5 11171/3/5
f 11173/3/5 11166/3/5 11170/3/5
f 11174/3/5 11166/3/5 11173/3/5
f 11175/3/5 11167/3/5 11172/3/5
f 11178/3/5 11173/3/5 11170/3/5
f 11179/3/5 11176/3/5 11175/3/5
f 11179/3/5 11175/3/5 11172/3/5
f 11180/3/5 11176/3/5 11179/3/5
f 11181/3/5 11176/3/5 11180/3/5
f 11184/3/5 11178/3/5 11177/3/5
f 11185/3/5 11173/3/5 11178/3/5
f 11185/3/5 11178/3/5 11184/3/5
f 11186/3/5 11173/3/5 11185/3/5
f 11187/3/5 11182/3/5 11181/3/5
f 11187/3/5 11181/3/5 11180/3/5
f 11188/3/5 11182/3/5 11187/3/5
f 11189/3/5 11182/3/5 11188/3/5
f 11192/3/5 11184/3/5 11183/3/5
f 11192/3/5 11185/3/5 11184/3/5
f 11193/3/5 11185/3/5 11192/3/5
f 11194/3/5 11185/3/5 11193/3/5
f 11195/3/5 11190/3/5 11189/3/5
f 11195/3/5 11189/3/5 11188/3/5
f 11198/3/5 11193/3/5 11192/3/5
f 11198/3/5 11192/3/5 11191/3/5
f 11199/3/5 11196/3/5 11195/3/5
f 11199/3/5 11195/3/5 11188/3/5
f 11200/3/5 11196/3/5 11199/3/5
f 11201/3/5 11198/3/5 11197/3/5
f 11201/3/5 11193/3/5 11198/3/5
f 11202/3/5 11193/3/5 11201/3/5
f 11203/3/5 11196/3/5 11200/3/5
f 11206/3/5 11201/3/5 11197/3/5
f 11207/3/5 11204/3/5 11203/3/5
f 11207/3/5 11203/3/5 11200/3/5
f 11208/3/5 11204/3/5 11207/3/5
f 11209/3/5 11206/3/5 11205/3/5
f 11209/3/5 11201/3/5 11206/3/5
f 11210/3/5 11201/3/5 11209/3/5
f 11211/3/5 11204/3/5 11208/3/5
f 11212/3/5 11204/3/5 11211/3/5
f 11213/3/5 11204/3/5 11212/3/5
f 11216/3/5 11209/3/5 11205/3/5
f 11217/3/5 11209/3/5 11216/3/5
f 11218/3/5 11209/3/5 11217/3/5
f 11219/3/5 11214/3/5 11213/3/5
f 11219/3/5 11213/3/5 11212/3/5
f 11222/3/5 11217/3/5 11216/3/5
f 11222/3/5 11216/3/5 11215/3/5
f 11223/3/5 11220/3/5 11219/3/5
f 11223/3/5 11219/3/5 11212/3/5
f 11224/3/5 11220/3/5 11223/3/5
f 11225/3/5 11220/3/5 11224/3/5
f 11228/3/5 11222/3/5 11221/3/5
f 11229/3/5 11217/3/5 11222/3/5
f 11229/3/5 11222/3/5 11228/3/5
f 11230/3/5 11217/3/5 11229/3/5
f 11231/3/5 11226/3/5 11225/3/5
f 11231/3/5 11225/3/5 11224/3/5
f 11232/3/5 11226/3/5 11231/3/5
f 11233/3/5 11226/3/5 11232/3/5
f 11236/3/5 11228/3/5 11227/3/5
f 11236/3/5 11229/3/5 11228/3/5
f 11237/3/5 11229/3/5 11236/3/5
f 11238/3/5 11229/3/5 11237/3/5
f 11239/3/5 11234/3/5 11233/3/5
f 11239/3/5 11233/3/5 11232/3/5
f 11240/3/5 11234/3/5 11239/3/5
f 11241/3/5 11234/3/5 11240/3/5
f 11244/3/5 11237/3/5 11236/3/5
f 11244/3/5 11236/3/5 11235/3/5
f 11245/3/5 11237/3/5 11244/3/5
f 11246/3/5 11237/3/5 11245/3/5
f 11247/3/5 11242/3/5 11241/3/5
f 11247/3/5 11241/3/5 11240/3/5
f 11248/3/5 11242/3/5 11247/3/5
f 11249/3/5 11242/3/5 11248/3/5
f 11252/3/5 11245/3/5 11244/3/5
f 11252/3/5 11244/3/5 11243/3/5
f 11253/3/5 11245/3/5 11252/3/5
f 11254/3/5 11245/3/5 11253/3/5
f 11255/3/5 11250/3/5 11249/3/5
f 11255/3/5 11249/3/5 11248/3/5
f 11256/3/5 11250/3/5 11255/3/5
f 11257/3/5 11250/3/5 11256/3/5
f 11260/3/5 11253/3/5 11252/3/5
f 11260/3/5 11252/3/5 11251/3/5
f 11261/3/5 11253/3/5 11260/3/5
f 11262/3/5 11253/3/5 11261/3/5
f 11263/3/5 11258/3/5 11257/3/5
f 11263/3/5 11257/3/5 11256/3/5
f 11264/3/5 11258/3/5 11263/3/5
f 11265/3/5 11258/3/5 11264/3/5
f 11268/3/5 11261/3/5 11260/3/5
f 11268/3/5 11260/3/5 11259/3/5
f 11269/3/5 11261/3/5 11268/3/5
f 11270/3/5 11261/3/5 11269/3/5
f 11271/3/5 11266/3/5 11265/3/5
f 11271/3/5 11265/3/5 11264/3/5
f 11272/3/5 11266/3/5 11271/3/5
f 11273/3/5 11266/3/5 11272/3/5
f 11276/3/5 11269/3/5 11268/3/5
f 11276/3/5 11268/3/5 11267/3/5
f 11277/3/5 11269/3/5 11276/3/5
f 11278/3/5 11269/3/5 11277/3/5
f 11279/3/5 11274/3/5 11273/3/5
f 11279/3/5 11273/3/5 11272/3/5
f 11280/3/5 11274/3/5 11279/3/5
f 11281/3/5 11274/3/5 11280/3/5
f 11284/3/5 11277/3/5 11276/3/5
f 11284/3/5 11276/3/5 11275/3/5
f 11285/3/5 11277/3/5 11284/3/5
f 11286/3/5 11277/3/5 11285/3/5
f 11287/3/5 11282/3/5 11281/3/5
f 11287/3/5 11281/3/5 11280/3/5
f 11288/3/5 11282/3/5 11287/3/5
f 11289/3/5 11282/3/5 11288/3/5
f 11292/3/5 11285/3/5 11284/3/5
f 11292/3/5 11284/3/5 11283/3/5
f 11293/3/5 11285/3/5 11292/3/5
f 11294/3/5 11285/3/5 11293/3/5
f 11295/3/5 11290/3/5 11289/3/5
f 11295/3/5 11289/3/5 11288/3/5
f 11296/3/5 11290/3/5 11295/3/5
f 11297/3/5 11290/3/5 11296/3/5
f 11300/3/5 11293/3/5 11292/3/5
f 11300/3/5 11292/3/5 11291/3/5
f 11301/3/5 11293/3/5 11300/3/5
f 11302/3/5 11293/3/5 11301/3/5
f 11303/3/5 11298/3/5 11297/3/5
f 11303/3/5 11297/3/5 11296/3/5
f 11304/3/5 11298/3/5 11303/3/5
f 11305/3/5 11298/3/5 11304/3/5
f 11306/3/5 11301/3/5 11300/3/5
f 11306/3/5 11300/3/5 11299/3/5
f 11307/3/5 11301/3/5 11306/3/5
f 11308/3/5 11301/3/5 11307/3/5
f 11309/3/5 11305/3/5 11304/3/5
f 11309/3/5 11307/3/5 11306/3/5
f 11309/3/5 11306/3/5 11305/3/5
f 11310/3/5 11307/3/5 11309/3/5
f 11311/3/5 11307/3/5 11310/3/5
f 11312/3/5 11307/3/5 11311/3/5
f 11313/3/5 11311/3/5 11310/3/5
f 11314/3/5 11311/3/5 11313/3/5
f 11315/3/5 11311/3/5 11314/3/5
f 11316/3/5 11311/3/5 11315/3/5
f 11317/3/5 11315/3/5 11314/3/5
f 11318/3/5 11315/3/5 11317/3/5
f 11319/3/5 11315/3/5 11318/3/5
f 11320/3/5 11315/3/5 11319/3/5
f 11321/3/5 11319/3/5 11318/3/5
f 11322/3/5 11319/3/5 11321/3/5
f 11325/4/5 11324/4/5 11323/4/5
f 11326/4/5 11324/4/5 11325/4/5
f 11327/4/5 11324/4/5 11326/4/5
f 11333/4/5 11331/4/5 11330/4/5
f 11334/4/5 11331/4/5 11333/4/5
f 11335/4/5 11331/4/5 11334/4/5
f 11339/4/5 11333/4/5 11332/4/5
f 11340/4/5 11333/4/5 11339/4/5
f 11341/4/5 11329/4/5 11328/4/5
f 11342/4/5 11329/4/5 11341/4/5
f 11343/4/5 11337/4/5 11336/4/5
f 11344/4/5 11337/4/5 11343/4/5
f 11347/4/5 11339/4/5 11338/4/5
f 11348/4/5 11339/4/5 11347/4/5
f 11349/4/5 11345/4/5 11344/4/5
f 11350/4/5 11345/4/5 11349/4/5
f 11351/4/5 11348/4/5 11347/4/5
f 11351/4/5 11347/4/5 11346/4/5
f 11352/4/5 11348/4/5 11351/4/5
f 11353/4/5 11351/4/5 11346/4/5
f 11354/4/5 11351/4/5 11353/4/5
f 11357/4/5 11356/4/5 11355/4/5
f 11358/4/5 11356/4/5 11357/4/5
f 11360/4/5 11359/4/5 11358/4/5
f 11365/4/5 11360/4/5 11358/4/5
f 11366/4/5 11360/4/5 11365/4/5
f 11368/2/5 11362/2/5 11361/2/5
f 11369/2/5 11362/2/5 11368/2/5
f 11371/4/5 11364/4/5 11363/4/5
f 11372/4/5 11364/4/5 11371/4/5
f 11373/2/5 11368/2/5 11367/2/5
f 11374/2/5 11368/2/5 11373/2/5
f 11375/4/5 11371/4/5 11370/4/5
f 11376/4/5 11371/4/5 11375/4/5
f 11379/4/5 11378/4/5 11377/4/5
f 11380/4/5 11378/4/5 11379/4/5
f 11384/3/5 11382/3/5 11381/3/5
f 11385/3/5 11382/3/5 11384/3/5
f 11386/3/5 11384/3/5 11383/3/5
f 11387/3/5 11384/3/5 11386/3/5
f 11390/2/5 11389/2/5 11388/2/5
f 11391/2/5 11389/2/5 11390/2/5
f 11394/4/5 11393/4/5 11392/4/5
f 11395/4/5 11393/4/5 11394/4/5
f 11400/4/5 11397/4/5 11396/4/5
f 11401/4/5 11397/4/5 11400/4/5
f 11403/4/5 11399/4/5 11398/4/5
f 11404/4/5 11399/4/5 11403/4/5
f 11405/4/5 11403/4/5 11402/4/5
f 11406/4/5 11403/4/5 11405/4/5
f 11411/2/5 11408/2/5 11407/2/5
f 11412/2/5 11408/2/5 11411/2/5
f 11413/2/5 11410/2/5 11409/2/5
f 11414/2/5 11410/2/5 11413/2/5
f 11418/4/5 11416/4/5 11415/4/5
f 11419/4/5 11416/4/5 11418/4/5
f 11420/4/5 11418/4/5 11417/4/5
f 11421/4/5 11418/4/5 11420/4/5
f 11424/4/5 11423/4/5 11422/4/5
f 11425/4/5 11423/4/5 11424/4/5
f 11428/2/5 11427/2/5 11426/2/5
f 11429/2/5 11427/2/5 11428/2/5
f 11432/2/5 11431/2/5 11430/2/5
f 11433/2/5 11431/2/5 11432/2/5
f 11436/4/5 11435/4/5 11434/4/5
f 11437/4/5 11435/4/5 11436/4/5
f 11442/2/5 11439/2/5 11438/2/5
f 11443/2/5 11439/2/5 11442/2/5
f 11444/2/5 11441/2/5 11440/2/5
f 11445/2/5 11441/2/5 11444/2/5
f 11448/2/5 11447/2/5 11446/2/5
f 11449/2/5 11447/2/5 11448/2/5
f 11452/5/5 11451/5/5 11450/5/5
f 11453/5/5 11451/5/5 11452/5/5
f 11456/5/5 11455/5/5 11454/5/5
f 11457/5/5 11455/5/5 11456/5/5
f 11460/5/5 11459/5/5 11458/5/5
f 11461/5/5 11459/5/5 11460/5/5
f 11464/4/5 11463/4/5 11462/4/5
f 11465/4/5 11463/4/5 11464/4/5
f 11472/5/5 11467/5/5 11466/5/5
f 11472/5/5 11468/5/5 11467/5/5
f 11473/5/5 11468/5/5 11472/5/5
f 11475/5/5 11470/5/5 11469/5/5
f 11476/5/5 11470/5/5 11475/5/5
f 11477/5/5 11470/5/5 11476/5/5
f 11479/5/5 11478/5/5 11477/5/5
f 11479/5/5 11477/5/5 11476/5/5
f 11480/5/5 11478/5/5 11479/5/5
f 11481/5/5 11474/5/5 11473/5/5
f 11481/5/5 11472/5/5 11471/5/5
f 11481/5/5 11473/5/5 11472/5/5
f 11482/5/5 11474/5/5 11481/5/5
f 11483/5/5 11474/5/5 11482/5/5
f 11484/5/5 11474/5/5 11483/5/5
f 11485/5/5 11483/5/5 11482/5/5
f 11486/5/5 11483/5/5 11485/5/5
f 11490/5/5 11488/5/5 11487/5/5
f 11491/5/5 11488/5/5 11490/5/5
f 11493/5/5 11490/5/5 11489/5/5
f 11493/5/5 11492/5/5 11491/5/5
f 11493/5/5 11491/5/5 11490/5/5
f 11494/5/5 11492/5/5 11493/5/5
f 11495/5/5 11492/5/5 11494/5/5
f 11496/5/5 11492/5/5 11495/5/5
f 11497/5/5 11495/5/5 11494/5/5
f 11498/5/5 11495/5/5 11497/5/5
f 11503/5/5 11500/5/5 11499/5/5
f 11504/5/5 11500/5/5 11503/5/5
f 11505/4/5 11502/4/5 11501/4/5
f 11506/4/5 11502/4/5 11505/4/5
f 11509/5/5 11508/5/5 11507/5/5
f 11510/5/5 11508/5/5 11509/5/5
f 11513/4/5 11512/4/5 11511/4/5
f 11514/4/5 11512/4/5 11513/4/5
f 11517/4/5 11516/4/5 11515/4/5
f 11518/4/5 11516/4/5 11517/4/5
f 11521/4/5 11520/4/5 11519/4/5
f 11522/4/5 11520/4/5 11521/4/5
f 11526/5/5 11524/5/5 11523/5/5
f 11527/5/5 11524/5/5 11526/5/5
f 11528/5/5 11526/5/5 11525/5/5
f 11529/5/5 11526/5/5 11528/5/5
f 11533/5/5 11531/5/5 11530/5/5
f 11534/5/5 11531/5/5 11533/5/5
f 11535/5/5 11533/5/5 11532/5/5
f 11536/5/5 11533/5/5 11535/5/5
f 11537/1/6 11538/1/6 11539/1/6
f 11539/1/6 11538/1/6 11540/1/6
f 11541/1/6 11542/1/6 11543/1/6
f 11543/1/6 11542/1/6 11544/1/6
f 11545/1/6 11546/1/6 11549/1/6
f 11549/1/6 11546/1/6 11550/1/6
f 11547/1/6 11548/1/6 11551/1/6
f 11551/1/6 11548/1/6 11552/1/6
f 11553/1/6 11554/1/6 11557/1/6
f 11557/1/6 11554/1/6 11558/1/6
f 11555/1/6 11556/1/6 11561/1/6
f 11561/1/6 11556/1/6 11562/1/6
f 11559/1/6 11560/1/6 11563/1/6
f 11563/1/6 11560/1/6 11564/1/6
f 11565/1/6 11566/1/6 11569/1/6
f 11569/1/6 11566/1/6 11570/1/6
f 11567/1/6 11568/1/6 11571/1/6
f 11571/1/6 11568/1/6 11572/1/6
f 11573/1/6 11574/1/6 11575/1/6
f 11575/1/6 11574/1/6 11576/1/6
f 11576/1/6 11577/1/6 11580/1/6
f 11580/1/6 11577/1/6 11581/1/6
f 11578/1/6 11579/1/6 11582/1/6
f 11582/1/6 11579/1/6 11583/1/6
f 11584/1/6 11585/1/6 11586/1/6
f 11586/1/6 11585/1/6 11587/1/6
f 11588/1/6 11589/1/6 11591/1/6
f 11590/1/6 11591/1/6 11592/1/6
f 11591/1/6 11589/1/6 11593/1/6
f 11592/1/6 11591/1/6 11593/1/6
f 11594/1/6 11595/1/6 11596/1/6
f 11596/1/6 11595/1/6 11597/1/6
f 11598/1/6 11599/1/6 11600/1/6
f 11600/1/6 11599/1/6 11601/1/6
f 11602/1/6 11603/1/6 11604/1/6
f 11604/1/6 11603/1/6 11605/1/6
f 11606/2/6 11607/2/6 11612/2/6
f 11612/2/6 11607/2/6 11613/2/6
f 11608/4/6 11609/4/6 11615/4/6
f 11615/4/6 11609/4/6 11616/4/6
f 11610/2/6 11611/2/6 11618/2/6
f 11618/2/6 11611/2/6 11619/2/6
f 11613/2/6 11614/2/6 11620/2/6
f 11620/2/6 11614/2/6 11621/2/6
f 11617/2/6 11618/2/6 11622/2/6
f 11622/2/6 11618/2/6 11623/2/6
f 11624/2/6 11625/2/6 11627/2/6
f 11627/2/6 11625/2/6 11628/2/6
f 11626/2/6 11627/2/6 11633/2/6
f 11633/2/6 11627/2/6 11634/2/6
f 11630/4/6 11631/4/6 11635/4/6
f 11629/4/6 11630/4/6 11635/4/6
f 11635/4/6 11631/4/6 11636/4/6
f 11632/2/6 11633/2/6 11639/2/6
f 11639/2/6 11633/2/6 11640/2/6
f 11637/2/6 11638/2/6 11643/2/6
f 11643/2/6 11638/2/6 11644/2/6
f 11641/2/6 11642/2/6 11645/2/6
f 11645/2/6 11642/2/6 11646/2/6
f 11647/4/6 11648/4/6 11651/4/6
f 11651/4/6 11648/4/6 11652/4/6
f 11649/2/6 11650/2/6 11653/2/6
f 11653/2/6 11650/2/6 11654/2/6
f 11655/2/6 11656/2/6 11657/2/6
f 11657/2/6 11656/2/6 11658/2/6
f 11659/4/6 11660/4/6 11663/4/6
f 11663/4/6 11660/4/6 11664/4/6
f 11661/2/6 11662/2/6 11666/2/6
f 11666/2/6 11662/2/6 11667/2/6
f 11668/2/6 11669/2/6 11672/2/6
f 11672/2/6 11669/2/6 11673/2/6
f 11664/4/6 11665/4/6 11674/4/6
f 11674/4/6 11665/4/6 11675/4/6
f 11670/2/6 11671/2/6 11676/2/6
f 11676/2/6 11671/2/6 11677/2/6
f 11678/4/6 11679/4/6 11684/4/6
f 11684/4/6 11679/4/6 11685/4/6
f 11680/4/6 11681/4/6 11686/4/6
f 11686/4/6 11681/4/6 11687/4/6
f 11682/2/6 11683/2/6 11688/2/6
f 11688/2/6 11683/2/6 11689/2/6
f 11690/3/6 11691/3/6 11693/3/6
f 11693/3/6 11691/3/6 11694/3/6
f 11692/3/6 11693/3/6 11695/3/6
f 11695/3/6 11693/3/6 11696/3/6
f 11697/3/6 11698/3/6 11701/3/6
f 11701/3/6 11698/3/6 11702/3/6
f 11699/2/6 11700/2/6 11703/2/6
f 11703/2/6 11700/2/6 11704/2/6
f 11705/2/6 11706/2/6 11707/2/6
f 11707/2/6 11706/2/6 11708/2/6
f 11709/4/6 11710/4/6 11713/4/6
f 11713/4/6 11710/4/6 11714/4/6
f 11711/4/6 11712/4/6 11715/4/6
f 11715/4/6 11712/4/6 11716/4/6
f 11717/4/6 11718/4/6 11719/4/6
f 11719/4/6 11718/4/6 11720/4/6
f 11721/4/6 11722/4/6 11726/4/6
f 11726/4/6 11722/4/6 11727/4/6
f 11723/3/6 11724/3/6 11729/3/6
f 11729/3/6 11724/3/6 11730/3/6
f 11725/4/6 11726/4/6 11733/4/6
f 11733/4/6 11726/4/6 11734/4/6
f 11730/3/6 11731/3/6 11736/3/6
f 11729/3/6 11730/3/6 11736/3/6
f 11728/3/6 11729/3/6 11736/3/6
f 11732/4/6 11733/4/6 11738/4/6
f 11738/4/6 11733/4/6 11739/4/6
f 11735/3/6 11736/3/6 11743/3/6
f 11736/3/6 11731/3/6 11744/3/6
f 11743/3/6 11736/3/6 11744/3/6
f 11737/4/6 11738/4/6 11746/4/6
f 11746/4/6 11738/4/6 11747/4/6
f 11740/4/6 11741/4/6 11750/4/6
f 11750/4/6 11741/4/6 11751/4/6
f 11742/3/6 11743/3/6 11754/3/6
f 11744/3/6 11745/3/6 11754/3/6
f 11743/3/6 11744/3/6 11754/3/6
f 11754/3/6 11745/3/6 11755/3/6
f 11748/4/6 11749/4/6 11757/4/6
f 11757/4/6 11749/4/6 11758/4/6
f 11755/3/6 11756/3/6 11760/3/6
f 11754/3/6 11755/3/6 11760/3/6
f 11753/3/6 11754/3/6 11760/3/6
f 11751/4/6 11752/4/6 11763/4/6
f 11763/4/6 11752/4/6 11764/4/6
f 11759/3/6 11760/3/6 11765/3/6
f 11760/3/6 11756/3/6 11766/3/6
f 11765/3/6 11760/3/6 11766/3/6
f 11766/3/6 11756/3/6 11767/3/6
f 11761/3/6 11762/3/6 11769/3/6
f 11767/3/6 11768/3/6 11771/3/6
f 11766/3/6 11767/3/6 11771/3/6
f 11771/3/6 11768/3/6 11772/3/6
f 11769/3/6 11770/3/6 11773/3/6
f 11761/3/6 11769/3/6 11776/3/6
f 11773/3/6 11774/3/6 11776/3/6
f 11769/3/6 11773/3/6 11776/3/6
f 11776/3/6 11774/3/6 11777/3/6
f 11777/3/6 11774/3/6 11778/3/6
f 11772/3/6 11768/3/6 11779/3/6
f 11779/3/6 11768/3/6 11780/3/6
f 11780/3/6 11768/3/6 11781/3/6
f 11775/3/6 11776/3/6 11784/3/6
f 11776/3/6 11777/3/6 11784/3/6
f 11781/3/6 11782/3/6 11785/3/6
f 11780/3/6 11781/3/6 11785/3/6
f 11785/3/6 11782/3/6 11786/3/6
f 11786/3/6 11782/3/6 11787/3/6
f 11783/3/6 11784/3/6 11789/3/6
f 11784/3/6 11777/3/6 11789/3/6
f 11789/3/6 11777/3/6 11790/3/6
f 11785/4/6 11786/4/6 11791/4/6
f 11791/4/6 11786/4/6 11792/4/6
f 11787/3/6 11788/3/6 11793/3/6
f 11792/4/6 11786/4/6 11793/4/6
f 11786/3/6 11787/3/6 11793/3/6
f 11783/3/6 11789/3/6 11794/3/6
f 11794/3/6 11789/3/6 11795/3/6
f 11792/3/6 11793/3/6 11796/3/6
f 11793/3/6 11788/3/6 11797/3/6
f 11796/3/6 11793/3/6 11797/3/6
f 11783/3/6 11794/3/6 11799/3/6
f 11797/3/6 11788/3/6 11800/3/6
f 11798/3/6 11799/3/6 11802/3/6
f 11799/3/6 11794/3/6 11802/3/6
f 11800/3/6 11801/3/6 11805/3/6
f 11797/3/6 11800/3/6 11805/3/6
f 11802/3/6 11803/3/6 11806/3/6
f 11798/3/6 11802/3/6 11806/3/6
f 11806/3/6 11803/3/6 11807/3/6
f 11804/3/6 11805/3/6 11808/3/6
f 11805/3/6 11801/3/6 11808/3/6
f 11808/3/6 11801/3/6 11809/3/6
f 11807/3/6 11803/3/6 11810/3/6
f 11804/3/6 11808/3/6 11813/3/6
f 11810/3/6 11811/3/6 11814/3/6
f 11807/3/6 11810/3/6 11814/3/6
f 11814/3/6 11811/3/6 11815/3/6
f 11815/3/6 11811/3/6 11816/3/6
f 11812/3/6 11813/3/6 11819/3/6
f 11813/3/6 11808/3/6 11820/3/6
f 11819/3/6 11813/3/6 11820/3/6
f 11820/3/6 11808/3/6 11821/3/6
f 11816/3/6 11817/3/6 11822/3/6
f 11815/3/6 11816/3/6 11822/3/6
f 11822/3/6 11817/3/6 11823/3/6
f 11823/3/6 11817/3/6 11824/3/6
f 11818/3/6 11819/3/6 11827/3/6
f 11819/3/6 11820/3/6 11827/3/6
f 11827/3/6 11820/3/6 11828/3/6
f 11828/3/6 11820/3/6 11829/3/6
f 11824/3/6 11825/3/6 11830/3/6
f 11823/3/6 11824/3/6 11830/3/6
f 11827/3/6 11828/3/6 11833/3/6
f 11826/3/6 11827/3/6 11833/3/6
f 11830/3/6 11831/3/6 11834/3/6
f 11823/3/6 11830/3/6 11834/3/6
f 11834/3/6 11831/3/6 11835/3/6
f 11835/3/6 11831/3/6 11836/3/6
f 11832/3/6 11833/3/6 11839/3/6
f 11833/3/6 11828/3/6 11840/3/6
f 11839/3/6 11833/3/6 11840/3/6
f 11840/3/6 11828/3/6 11841/3/6
f 11836/3/6 11837/3/6 11842/3/6
f 11835/3/6 11836/3/6 11842/3/6
f 11838/3/6 11839/3/6 11845/3/6
f 11839/3/6 11840/3/6 11845/3/6
f 11842/3/6 11843/3/6 11846/3/6
f 11835/3/6 11842/3/6 11846/3/6
f 11846/3/6 11843/3/6 11847/3/6
f 11847/3/6 11843/3/6 11848/3/6
f 11844/3/6 11845/3/6 11851/3/6
f 11845/3/6 11840/3/6 11852/3/6
f 11851/3/6 11845/3/6 11852/3/6
f 11852/3/6 11840/3/6 11853/3/6
f 11848/3/6 11849/3/6 11854/3/6
f 11847/3/6 11848/3/6 11854/3/6
f 11854/3/6 11849/3/6 11855/3/6
f 11855/3/6 11849/3/6 11856/3/6
f 11850/3/6 11851/3/6 11859/3/6
f 11851/3/6 11852/3/6 11859/3/6
f 11859/3/6 11852/3/6 11860/3/6
f 11860/3/6 11852/3/6 11861/3/6
f 11856/3/6 11857/3/6 11862/3/6
f 11855/3/6 11856/3/6 11862/3/6
f 11859/3/6 11860/3/6 11865/3/6
f 11858/3/6 11859/3/6 11865/3/6
f 11862/3/6 11863/3/6 11866/3/6
f 11855/3/6 11862/3/6 11866/3/6
f 11866/3/6 11863/3/6 11867/3/6
f 11867/3/6 11863/3/6 11868/3/6
f 11864/3/6 11865/3/6 11871/3/6
f 11865/3/6 11860/3/6 11872/3/6
f 11871/3/6 11865/3/6 11872/3/6
f 11872/3/6 11860/3/6 11873/3/6
f 11868/3/6 11869/3/6 11874/3/6
f 11867/3/6 11868/3/6 11874/3/6
f 11874/3/6 11869/3/6 11875/3/6
f 11875/3/6 11869/3/6 11876/3/6
f 11870/3/6 11871/3/6 11879/3/6
f 11871/3/6 11872/3/6 11879/3/6
f 11879/3/6 11872/3/6 11880/3/6
f 11880/3/6 11872/3/6 11881/3/6
f 11876/3/6 11877/3/6 11882/3/6
f 11875/3/6 11876/3/6 11882/3/6
f 11882/3/6 11877/3/6 11883/3/6
f 11883/3/6 11877/3/6 11884/3/6
f 11879/3/6 11880/3/6 11887/3/6
f 11878/3/6 11879/3/6 11887/3/6
f 11887/3/6 11880/3/6 11888/3/6
f 11888/3/6 11880/3/6 11889/3/6
f 11884/3/6 11885/3/6 11890/3/6
f 11883/3/6 11884/3/6 11890/3/6
f 11890/3/6 11885/3/6 11891/3/6
f 11891/3/6 11885/3/6 11892/3/6
f 11887/3/6 11888/3/6 11895/3/6
f 11886/3/6 11887/3/6 11895/3/6
f 11895/3/6 11888/3/6 11896/3/6
f 11896/3/6 11888/3/6 11897/3/6
f 11892/3/6 11893/3/6 11898/3/6
f 11891/3/6 11892/3/6 11898/3/6
f 11898/3/6 11893/3/6 11899/3/6
f 11899/3/6 11893/3/6 11900/3/6
f 11895/3/6 11896/3/6 11903/3/6
f 11894/3/6 11895/3/6 11903/3/6
f 11903/3/6 11896/3/6 11904/3/6
f 11904/3/6 11896/3/6 11905/3/6
f 11900/3/6 11901/3/6 11906/3/6
f 11899/3/6 11900/3/6 11906/3/6
f 11906/3/6 11901/3/6 11907/3/6
f 11907/3/6 11901/3/6 11908/3/6
f 11903/3/6 11904/3/6 11909/3/6
f 11902/3/6 11903/3/6 11909/3/6
f 11909/3/6 11904/3/6 11910/3/6
f 11910/3/6 11904/3/6 11911/3/6
f 11907/3/6 11908/3/6 11912/3/6
f 11909/3/6 11910/3/6 11912/3/6
f 11908/3/6 11909/3/6 11912/3/6
f 11912/3/6 11910/3/6 11913/3/6
f 11913/3/6 11910/3/6 11914/3/6
f 11914/3/6 11910/3/6 11915/3/6
f 11913/3/6 11914/3/6 11916/3/6
f 11916/3/6 11914/3/6 11917/3/6
f 11917/3/6 11914/3/6 11918/3/6
f 11918/3/6 11914/3/6 11919/3/6
f 11917/3/6 11918/3/6 11920/3/6
f 11920/3/6 11918/3/6 11921/3/6
f 11921/3/6 11918/3/6 11922/3/6
f 11922/3/6 11918/3/6 11923/3/6
f 11921/3/6 11922/3/6 11924/3/6
f 11924/3/6 11922/3/6 11925/3/6
f 11925/3/6 11922/3/6 11926/3/6
f 11926/3/6 11922/3/6 11927/3/6
f 11925/3/6 11926/3/6 11928/3/6
f 11928/3/6 11926/3/6 11929/3/6
f 11929/3/6 11926/3/6 11930/3/6
f 11930/3/6 11926/3/6 11931/3/6
f 11929/3/6 11930/3/6 11932/3/6
f 11932/3/6 11930/3/6 11933/3/6
f 11933/3/6 11930/3/6 11934/3/6
f 11934/3/6 11930/3/6 11935/3/6
f 11933/3/6 11934/3/6 11936/3/6
f 11936/3/6 11934/3/6 11937/3/6
f 11937/3/6 11934/3/6 11938/3/6
f 11938/3/6 11934/3/6 11939/3/6
f 11937/3/6 11938/3/6 11940/3/6
f 11940/3/6 11938/3/6 11941/3/6
f 11941/3/6 11938/3/6 11942/3/6
f 11942/3/6 11938/3/6 11943/3/6
f 11941/3/6 11942/3/6 11944/3/6
f 11944/3/6 11942/3/6 11945/3/6
f 11946/4/6 11947/4/6 11948/4/6
f 11948/4/6 11947/4/6 11949/4/6
f 11951/4/6 11952/4/6 11954/4/6
f 11954/4/6 11952/4/6 11955/4/6
f 11949/4/6 11950/4/6 11956/4/6
f 11956/4/6 11950/4/6 11957/4/6
f 11953/4/6 11954/4/6 11959/4/6
f 11959/4/6 11954/4/6 11960/4/6
f 11960/4/6 11954/4/6 11961/4/6
f 11958/4/6 11959/4/6 11965/4/6
f 11959/4/6 11960/4/6 11965/4/6
f 11965/4/6 11960/4/6 11966/4/6
f 11962/4/6 11963/4/6 11967/4/6
f 11967/4/6 11963/4/6 11968/4/6
f 11964/4/6 11965/4/6 11969/4/6
f 11969/4/6 11965/4/6 11970/4/6
f 11968/4/6 11963/4/6 11971/4/6
f 11971/4/6 11963/4/6 11972/4/6
f 11972/4/6 11963/4/6 11973/4/6
f 11972/4/6 11973/4/6 11974/4/6
f 11974/4/6 11973/4/6 11975/4/6
f 11976/4/6 11977/4/6 11979/4/6
f 11979/4/6 11977/4/6 11980/4/6
f 11978/4/6 11979/4/6 11982/4/6
f 11982/4/6 11979/4/6 11983/4/6
f 11981/4/6 11982/4/6 11987/4/6
f 11984/4/6 11985/4/6 11988/4/6
f 11988/4/6 11985/4/6 11989/4/6
f 11986/4/6 11987/4/6 11991/4/6
f 11987/4/6 11982/4/6 11992/4/6
f 11991/4/6 11987/4/6 11992/4/6
f 11992/4/6 11982/4/6 11993/4/6
f 11993/4/6 11982/4/6 11994/4/6
f 11990/4/6 11991/4/6 11996/4/6
f 11996/4/6 11991/4/6 11997/4/6
f 11992/4/6 11993/4/6 11998/4/6
f 11998/4/6 11993/4/6 11999/4/6
f 11995/4/6 11996/4/6 12001/4/6
f 12000/2/6 12001/2/6 12002/2/6
f 12001/4/6 11996/4/6 12003/4/6
f 12002/2/6 12001/2/6 12003/2/6
f 12003/4/6 11996/4/6 12004/4/6
f 12005/4/6 12006/4/6 12007/4/6
f 12007/4/6 12006/4/6 12008/4/6
f 12008/4/6 12009/4/6 12012/4/6
f 12012/4/6 12009/4/6 12013/4/6
f 12010/4/6 12011/4/6 12015/4/6
f 12015/4/6 12011/4/6 12016/4/6
f 12010/4/6 12015/4/6 12018/4/6
f 12017/4/6 12018/4/6 12019/4/6
f 12018/4/6 12015/4/6 12020/4/6
f 12019/4/6 12018/4/6 12020/4/6
f 12013/4/6 12014/4/6 12021/4/6
f 12021/4/6 12014/4/6 12022/4/6
f 12023/4/6 12024/4/6 12029/4/6
f 12029/4/6 12024/4/6 12030/4/6
f 12025/2/6 12026/2/6 12031/2/6
f 12027/4/6 12028/4/6 12033/4/6
f 12033/4/6 12028/4/6 12034/4/6
f 12031/2/6 12026/2/6 12035/2/6
f 12035/2/6 12026/2/6 12036/2/6
f 12036/2/6 12037/2/6 12038/2/6
f 12032/4/6 12033/4/6 12042/4/6
f 12042/4/6 12033/4/6 12043/4/6
f 12036/2/6 12038/2/6 12044/2/6
f 12038/2/6 12039/2/6 12044/2/6
f 12044/2/6 12039/2/6 12045/2/6
f 12040/2/6 12041/2/6 12047/2/6
f 12047/2/6 12041/2/6 12048/2/6
f 12045/2/6 12039/2/6 12049/2/6
f 12049/2/6 12039/2/6 12050/2/6
f 12050/2/6 12051/2/6 12052/2/6
f 12052/2/6 12051/2/6 12053/2/6
f 12046/2/6 12047/2/6 12055/2/6
f 12055/2/6 12047/2/6 12056/2/6
f 12052/4/6 12053/4/6 12057/4/6
f 12057/4/6 12053/4/6 12058/4/6
f 12058/2/6 12059/2/6 12060/2/6
f 12054/2/6 12055/2/6 12062/2/6
f 12062/2/6 12055/2/6 12063/2/6
f 12060/2/6 12059/2/6 12064/2/6
f 12064/2/6 12059/2/6 12065/2/6
f 12061/2/6 12062/2/6 12067/2/6
f 12067/2/6 12062/2/6 12068/2/6
f 12065/2/6 12066/2/6 12071/2/6
f 12071/2/6 12066/2/6 12072/2/6
f 12068/2/6 12069/2/6 12073/2/6
f 12073/2/6 12069/2/6 12074/2/6
f 12070/2/6 12071/2/6 12077/2/6
f 12077/2/6 12071/2/6 12078/2/6
f 12074/2/6 12075/2/6 12079/2/6
f 12079/2/6 12075/2/6 12080/2/6
f 12076/2/6 12077/2/6 12083/2/6
f 12083/2/6 12077/2/6 12084/2/6
f 12080/2/6 12081/2/6 12085/2/6
f 12082/2/6 12083/2/6 12088/2/6
f 12085/2/6 12086/2/6 12089/2/6
f 12080/2/6 12085/2/6 12089/2/6
f 12089/2/6 12086/2/6 12090/2/6
f 12087/2/6 12088/2/6 12091/2/6
f 12088/2/6 12083/2/6 12091/2/6
f 12091/2/6 12083/2/6 12092/2/6
f 12090/2/6 12086/2/6 12093/2/6
f 12093/2/6 12086/2/6 12094/2/6
f 12087/2/6 12091/2/6 12097/2/6
f 12097/2/6 12091/2/6 12098/2/6
f 12094/2/6 12095/2/6 12099/2/6
f 12096/2/6 12097/2/6 12102/2/6
f 12099/2/6 12100/2/6 12103/2/6
f 12094/2/6 12099/2/6 12103/2/6
f 12103/2/6 12100/2/6 12104/2/6
f 12101/2/6 12102/2/6 12105/2/6
f 12102/2/6 12097/2/6 12105/2/6
f 12105/2/6 12097/2/6 12106/2/6
f 12104/2/6 12100/2/6 12107/2/6
f 12107/2/6 12100/2/6 12108/2/6
f 12101/2/6 12105/2/6 12111/2/6
f 12111/2/6 12105/2/6 12112/2/6
f 12108/2/6 12109/2/6 12113/2/6
f 12113/2/6 12109/2/6 12114/2/6
f 12110/2/6 12111/2/6 12117/2/6
f 12117/2/6 12111/2/6 12118/2/6
f 12114/2/6 12115/2/6 12119/2/6
f 12119/2/6 12115/2/6 12120/2/6
f 12116/2/6 12117/2/6 12124/2/6
f 12124/2/6 12117/2/6 12125/2/6
f 12120/2/6 12121/2/6 12126/2/6
f 12126/2/6 12121/2/6 12127/2/6
f 12127/2/6 12121/2/6 12128/2/6
f 12122/6/6 12123/6/6 12131/6/6
f 12123/2/6 12124/2/6 12132/2/6
f 12131/6/6 12123/6/6 12132/6/6
f 12132/2/6 12124/2/6 12133/2/6
f 12128/2/6 12129/2/6 12134/2/6
f 12127/2/6 12128/2/6 12134/2/6
f 12134/2/6 12129/2/6 12135/2/6
f 12130/6/6 12131/6/6 12139/6/6
f 12131/2/6 12132/2/6 12140/2/6
f 12139/6/6 12131/6/6 12140/6/6
f 12140/2/6 12132/2/6 12141/2/6
f 12135/2/6 12136/2/6 12142/2/6
f 12142/2/6 12136/2/6 12143/2/6
f 12143/2/6 12136/2/6 12144/2/6
f 12137/2/6 12138/2/6 12147/2/6
f 12138/2/6 12139/2/6 12147/2/6
f 12147/2/6 12139/2/6 12148/2/6
f 12148/2/6 12139/2/6 12149/2/6
f 12144/2/6 12145/2/6 12150/2/6
f 12143/2/6 12144/2/6 12150/2/6
f 12150/2/6 12145/2/6 12151/2/6
f 12147/2/6 12148/2/6 12154/2/6
f 12146/2/6 12147/2/6 12154/2/6
f 12154/2/6 12148/2/6 12155/2/6
f 12151/2/6 12152/2/6 12156/2/6
f 12156/2/6 12152/2/6 12157/2/6
f 12153/2/6 12154/2/6 12160/2/6
f 12160/2/6 12154/2/6 12161/2/6
f 12157/2/6 12158/2/6 12162/2/6
f 12162/2/6 12158/2/6 12163/2/6
f 12159/2/6 12160/2/6 12164/2/6
f 12164/2/6 12160/2/6 12165/2/6
f 12163/2/6 12164/2/6 12166/2/6
f 12166/2/6 12164/2/6 12167/2/6
f 12168/4/6 12169/4/6 12170/4/6
f 12170/4/6 12169/4/6 12171/4/6
f 12171/4/6 12172/4/6 12175/4/6
f 12175/4/6 12172/4/6 12176/4/6
f 12173/4/6 12174/4/6 12178/4/6
f 12178/4/6 12174/4/6 12179/4/6
f 12177/4/6 12178/4/6 12184/4/6
f 12184/4/6 12178/4/6 12185/4/6
f 12181/4/6 12182/4/6 12186/4/6
f 12186/4/6 12182/4/6 12187/4/6
f 12183/4/6 12184/4/6 12188/4/6
f 12188/4/6 12184/4/6 12189/4/6
f 12179/4/6 12180/4/6 12190/4/6
f 12190/4/6 12180/4/6 12191/4/6
f 12183/4/6 12188/4/6 12194/4/6
f 12194/4/6 12188/4/6 12195/4/6
f 12192/4/6 12193/4/6 12197/4/6
f 12197/4/6 12193/4/6 12198/4/6
f 12196/5/6 12197/5/6 12199/5/6
f 12199/5/6 12197/5/6 12200/5/6
f 12201/4/6 12202/4/6 12203/4/6
f 12203/4/6 12202/4/6 12204/4/6
f 12205/1/6 12206/1/6 12211/1/6
f 12206/1/6 12207/1/6 12211/1/6
f 12211/1/6 12207/1/6 12212/1/6
f 12208/1/6 12209/1/6 12214/1/6
f 12214/1/6 12209/1/6 12215/1/6
f 12215/1/6 12209/1/6 12216/1/6
f 12216/1/6 12217/1/6 12218/1/6
f 12215/1/6 12216/1/6 12218/1/6
f 12218/1/6 12217/1/6 12219/1/6
f 12212/1/6 12213/1/6 12220/1/6
f 12210/1/6 12211/1/6 12220/1/6
f 12211/1/6 12212/1/6 12220/1/6
f 12220/1/6 12213/1/6 12221/1/6
f 12221/1/6 12213/1/6 12222/1/6
f 12222/1/6 12213/1/6 12223/1/6
f 12221/1/6 12222/1/6 12224/1/6
f 12224/1/6 12222/1/6 12225/1/6
f 12226/1/6 12227/1/6 12229/1/6
f 12229/1/6 12227/1/6 12230/1/6
f 12228/1/6 12229/1/6 12232/1/6
f 12230/1/6 12231/1/6 12232/1/6
f 12229/1/6 12230/1/6 12232/1/6
f 12232/1/6 12231/1/6 12233/1/6
f 12233/1/6 12231/1/6 12234/1/6
f 12234/1/6 12231/1/6 12235/1/6
f 12233/1/6 12234/1/6 12236/1/6
f 12236/1/6 12234/1/6 12237/1/6
f 12238/4/6 12239/4/6 12242/4/6
f 12242/4/6 12239/4/6 12243/4/6
f 12240/4/6 12241/4/6 12244/4/6
f 12244/4/6 12241/4/6 12245/4/6
f 12245/4/6 12246/4/6 12247/4/6
f 12247/4/6 12246/4/6 12248/4/6
f 12249/4/6 12250/4/6 12251/4/6
f 12251/4/6 12250/4/6 12252/4/6
f 12253/4/6 12254/4/6 12255/4/6
f 12255/4/6 12254/4/6 12256/4/6
f 12257/4/6 12258/4/6 12260/4/6
f 12260/4/6 12258/4/6 12261/4/6
f 12259/4/6 12260/4/6 12263/4/6
f 12263/4/6 12260/4/6 12264/4/6
f 12262/4/6 12263/4/6 12265/4/6
f 12265/4/6 12263/4/6 12266/4/6
f 12267/4/6 12268/4/6 12269/4/6
f 12269/4/6 12268/4/6 12270/4/6
f 12271/4/6 12272/4/6 12275/4/6
f 12275/4/6 12272/4/6 12276/4/6
f 12273/4/6 12274/4/6 12279/4/6
f 12279/4/6 12274/4/6 12280/4/6
f 12276/4/6 12277/4/6 12281/4/6
f 12281/4/6 12277/4/6 12282/4/6
f 12278/4/6 12279/4/6 12285/4/6
f 12285/4/6 12279/4/6 12286/4/6
f 12283/4/6 12284/4/6 12287/4/6
f 12287/4/6 12284/4/6 12288/4/6
f 12289/4/6 12290/4/6 12293/4/6
f 12293/4/6 12290/4/6 12294/4/6
f 12291/4/6 12292/4/6 12296/4/6
f 12296/4/6 12292/4/6 12297/4/6
f 12295/4/6 12296/4/6 12299/4/6
f 12298/4/6 12299/4/6 12304/4/6
f 12304/4/6 12299/4/6 12305/4/6
f 12299/4/6 12296/4/6 12306/4/6
f 12305/4/6 12299/4/6 12306/4/6
f 12300/4/6 12301/4/6 12307/4/6
f 12307/4/6 12301/4/6 12308/4/6
f 12302/5/6 12303/5/6 12310/5/6
f 12303/4/6 12304/4/6 12311/4/6
f 12310/5/6 12303/5/6 12311/5/6
f 12311/4/6 12304/4/6 12312/4/6
f 12308/4/6 12309/4/6 12313/4/6
f 12307/4/6 12308/4/6 12313/4/6
f 12305/4/6 12306/4/6 12313/4/6
f 12306/4/6 12307/4/6 12313/4/6
f 12313/4/6 12309/4/6 12314/4/6
f 12314/4/6 12309/4/6 12315/4/6
f 12315/4/6 12309/4/6 12316/4/6
f 12316/4/6 12309/4/6 12317/4/6
f 12317/4/6 12309/4/6 12318/4/6
f 12314/4/6 12315/4/6 12319/4/6
f 12319/4/6 12315/4/6 12320/4/6
f 12316/4/6 12317/4/6 12321/4/6
f 12321/4/6 12317/4/6 12322/4/6
f 12322/4/6 12317/4/6 12323/4/6
f 12320/4/6 12321/4/6 12324/4/6
f 12321/4/6 12322/4/6 12324/4/6
f 12324/4/6 12322/4/6 12325/4/6
f 12326/4/6 12327/4/6 12328/4/6
f 12328/4/6 12327/4/6 12329/4/6
f 12329/4/6 12330/4/6 12331/4/6
f 12331/4/6 12330/4/6 12332/4/6
f 12333/4/6 12334/4/6 12335/4/6
f 12335/4/6 12334/4/6 12336/4/6
f 12336/4/6 12337/4/6 12340/4/6
f 12340/4/6 12337/4/6 12341/4/6
f 12338/4/6 12339/4/6 12346/4/6
f 12346/4/6 12339/4/6 12347/4/6
f 12341/4/6 12342/4/6 12348/4/6
f 12348/4/6 12342/4/6 12349/4/6
f 12343/5/6 12344/5/6 12350/5/6
f 12350/5/6 12344/5/6 12351/5/6
f 12345/4/6 12346/4/6 12353/4/6
f 12353/4/6 12346/4/6 12354/4/6
f 12352/4/6 12353/4/6 12358/4/6
f 12355/4/6 12356/4/6 12359/4/6
f 12359/4/6 12356/4/6 12360/4/6
f 12360/4/6 12361/4/6 12362/4/6
f 12362/4/6 12361/4/6 12363/4/6
f 12357/4/6 12358/4/6 12364/4/6
f 12358/4/6 12353/4/6 12364/4/6
f 12357/4/6 12364/4/6 12370/4/6
f 12364/4/6 12365/4/6 12370/4/6
f 12370/4/6 12365/4/6 12371/4/6
f 12366/4/6 12367/4/6 12373/4/6
f 12373/4/6 12367/4/6 12374/4/6
f 12368/4/6 12369/4/6 12378/4/6
f 12378/4/6 12369/4/6 12379/4/6
f 12374/4/6 12375/4/6 12381/4/6
f 12372/4/6 12373/4/6 12381/4/6
f 12373/4/6 12374/4/6 12381/4/6
f 12381/4/6 12375/4/6 12382/4/6
f 12382/4/6 12375/4/6 12383/4/6
f 12376/5/6 12377/5/6 12385/5/6
f 12377/4/6 12378/4/6 12386/4/6
f 12385/5/6 12377/5/6 12386/5/6
f 12386/4/6 12378/4/6 12387/4/6
f 12379/4/6 12380/4/6 12388/4/6
f 12388/4/6 12380/4/6 12389/4/6
f 12383/4/6 12384/4/6 12392/4/6
f 12382/4/6 12383/4/6 12392/4/6
f 12392/4/6 12384/4/6 12393/4/6
f 12386/5/6 12387/5/6 12394/5/6
f 12394/5/6 12387/5/6 12395/5/6
f 12390/4/6 12391/4/6 12396/4/6
f 12396/4/6 12391/4/6 12397/4/6
f 12397/4/6 12398/4/6 12399/4/6
f 12399/4/6 12398/4/6 12400/4/6
f 12400/4/6 12398/4/6 12401/4/6
f 12401/4/6 12398/4/6 12402/4/6
f 12402/4/6 12403/4/6 12404/4/6
f 12404/4/6 12403/4/6 12405/4/6
f 12406/4/6 12407/4/6 12409/4/6
f 12409/4/6 12407/4/6 12410/4/6
f 12411/5/6 12412/5/6 12413/5/6
f 12408/4/6 12409/4/6 12415/4/6
f 12415/4/6 12409/4/6 12416/4/6
f 12413/5/6 12414/5/6 12420/5/6
f 12411/5/6 12413/5/6 12420/5/6
f 12420/5/6 12414/5/6 12421/5/6
f 12421/5/6 12414/5/6 12422/5/6
f 12417/4/6 12418/4/6 12426/4/6
f 12426/4/6 12418/4/6 12427/4/6
f 12419/5/6 12420/5/6 12429/5/6
f 12429/5/6 12420/5/6 12430/5/6
f 12422/5/6 12423/5/6 12431/5/6
f 12421/5/6 12422/5/6 12431/5/6
f 12424/4/6 12425/4/6 12434/4/6
f 12434/4/6 12425/4/6 12435/4/6
f 12427/4/6 12428/4/6 12438/4/6
f 12421/5/6 12431/5/6 12440/5/6
f 12431/5/6 12432/5/6 12440/5/6
f 12440/5/6 12432/5/6 12441/5/6
f 12433/4/6 12434/4/6 12443/4/6
f 12436/4/6 12437/4/6 12444/4/6
f 12438/4/6 12439/4/6 12445/4/6
f 12445/4/6 12439/4/6 12446/4/6
f 12441/5/6 12432/5/6 12447/5/6
f 12447/5/6 12432/5/6 12448/5/6
f 12448/5/6 12432/5/6 12449/5/6
f 12444/4/6 12437/4/6 12451/4/6
f 12451/4/6 12437/4/6 12452/4/6
f 12427/4/6 12438/4/6 12455/4/6
f 12438/4/6 12445/4/6 12455/4/6
f 12449/5/6 12450/5/6 12456/5/6
f 12448/5/6 12449/5/6 12456/5/6
f 12442/4/6 12443/4/6 12458/4/6
f 12443/4/6 12434/4/6 12458/4/6
f 12452/4/6 12453/4/6 12460/4/6
f 12460/4/6 12453/4/6 12461/4/6
f 12454/4/6 12455/4/6 12462/4/6
f 12455/4/6 12445/4/6 12463/4/6
f 12462/4/6 12455/4/6 12463/4/6
f 12456/5/6 12457/5/6 12464/5/6
f 12448/5/6 12456/5/6 12464/5/6
f 12464/5/6 12457/5/6 12465/5/6
f 12458/4/6 12459/4/6 12466/4/6
f 12442/4/6 12458/4/6 12466/4/6
f 12466/4/6 12459/4/6 12467/4/6
f 12463/4/6 12445/4/6 12471/4/6
f 12471/4/6 12445/4/6 12472/4/6
f 12465/5/6 12457/5/6 12473/5/6
f 12473/5/6 12457/5/6 12474/5/6
f 12467/4/6 12468/4/6 12475/4/6
f 12475/4/6 12468/4/6 12476/4/6
f 12469/4/6 12470/4/6 12477/4/6
f 12477/4/6 12470/4/6 12478/4/6
f 12473/4/6 12474/4/6 12479/4/6
f 12479/4/6 12474/4/6 12480/4/6
f 12480/4/6 12474/4/6 12481/4/6
f 12480/5/6 12481/5/6 12487/5/6
f 12481/5/6 12482/5/6 12487/5/6
f 12483/4/6 12484/4/6 12490/4/6
f 12485/4/6 12486/4/6 12493/4/6
f 12493/4/6 12486/4/6 12494/4/6
f 12488/5/6 12489/5/6 12497/5/6
f 12497/5/6 12489/5/6 12498/5/6
f 12490/4/6 12491/4/6 12499/4/6
f 12483/4/6 12490/4/6 12499/4/6
f 12499/4/6 12491/4/6 12500/4/6
f 12500/4/6 12491/4/6 12501/4/6
f 12494/4/6 12495/4/6 12502/4/6
f 12502/4/6 12495/4/6 12503/4/6
f 12487/5/6 12482/5/6 12504/5/6
f 12497/5/6 12498/5/6 12506/5/6
f 12496/5/6 12497/5/6 12506/5/6
f 12498/5/6 12499/5/6 12506/5/6
f 12499/4/6 12500/4/6 12507/4/6
f 12506/5/6 12499/5/6 12507/5/6
f 12507/4/6 12500/4/6 12508/4/6
f 12494/4/6 12502/4/6 12509/4/6
f 12509/4/6 12502/4/6 12510/4/6
f 12504/5/6 12505/5/6 12511/5/6
f 12487/5/6 12504/5/6 12511/5/6
f 12511/5/6 12505/5/6 12512/5/6
f 12507/5/6 12508/5/6 12513/5/6
f 12513/5/6 12508/5/6 12514/5/6
f 12492/4/6 12493/4/6 12515/4/6
f 12515/4/6 12493/4/6 12516/4/6
f 12494/4/6 12509/4/6 12517/4/6
f 12517/4/6 12509/4/6 12518/4/6
f 12518/4/6 12509/4/6 12519/4/6
f 12517/4/6 12518/4/6 12520/4/6
f 12516/4/6 12517/4/6 12520/4/6
f 12520/4/6 12518/4/6 12521/4/6
f 12521/4/6 12518/4/6 12522/4/6
f 12520/4/6 12521/4/6 12523/4/6
f 12523/4/6 12521/4/6 12524/4/6
f 12524/4/6 12521/4/6 12525/4/6
f 12525/4/6 12521/4/6 12526/4/6
f 12496/5/6 12506/5/6 12527/5/6
f 12512/5/6 12505/5/6 12530/5/6
f 12527/5/6 12528/5/6 12531/5/6
f 12496/5/6 12527/5/6 12531/5/6
f 12531/5/6 12528/5/6 12532/5/6
f 12529/5/6 12530/5/6 12533/5/6
f 12530/5/6 12505/5/6 12533/5/6
f 12533/5/6 12505/5/6 12534/5/6
f 12532/5/6 12528/5/6 12535/5/6
f 12535/5/6 12528/5/6 12536/5/6
f 12536/5/6 12528/5/6 12537/5/6
f 12529/5/6 12533/5/6 12540/5/6
f 12540/5/6 12533/5/6 12541/5/6
f 12541/5/6 12533/5/6 12542/5/6
f 12537/5/6 12538/5/6 12543/5/6
f 12536/5/6 12537/5/6 12543/5/6
f 12540/5/6 12541/5/6 12546/5/6
f 12539/5/6 12540/5/6 12546/5/6
f 12543/5/6 12544/5/6 12547/5/6
f 12536/5/6 12543/5/6 12547/5/6
f 12547/5/6 12544/5/6 12548/5/6
f 12545/5/6 12546/5/6 12549/5/6
f 12546/5/6 12541/5/6 12549/5/6
f 12549/5/6 12541/5/6 12550/5/6
f 12548/5/6 12544/5/6 12551/5/6
f 12551/5/6 12544/5/6 12552/5/6
f 12552/5/6 12544/5/6 12553/5/6
f 12545/5/6 12549/5/6 12556/5/6
f 12556/5/6 12549/5/6 12557/5/6
f 12557/5/6 12549/5/6 12558/5/6
f 12553/5/6 12554/5/6 12559/5/6
f 12552/5/6 12553/5/6 12559/5/6
f 12556/5/6 12557/5/6 12562/5/6
f 12555/5/6 12556/5/6 12562/5/6
f 12559/5/6 12560/5/6 12563/5/6
f 12552/5/6 12559/5/6 12563/5/6
f 12563/5/6 12560/5/6 12564/5/6
f 12561/5/6 12562/5/6 12565/5/6
f 12562/5/6 12557/5/6 12566/5/6
f 12565/5/6 12562/5/6 12566/5/6
f 12566/5/6 12557/5/6 12567/5/6
f 12564/5/6 12560/5/6 12568/5/6
f 12568/5/6 12560/5/6 12569/5/6
f 12569/5/6 12560/5/6 12570/5/6
f 12565/6/6 12566/6/6 12573/6/6
f 12573/6/6 12566/6/6 12574/6/6
f 12574/6/6 12566/6/6 12575/6/6
f 12570/5/6 12571/5/6 12576/5/6
f 12569/5/6 12570/5/6 12576/5/6
f 12573/6/6 12574/6/6 12579/6/6
f 12572/6/6 12573/6/6 12579/6/6
f 12576/5/6 12577/5/6 12580/5/6
f 12569/5/6 12576/5/6 12580/5/6
f 12580/5/6 12577/5/6 12581/5/6
f 12581/5/6 12577/5/6 12582/5/6
f 12578/6/6 12579/6/6 12585/6/6
f 12579/6/6 12574/6/6 12586/6/6
f 12585/6/6 12579/6/6 12586/6/6
f 12586/6/6 12574/6/6 12587/6/6
f 12582/5/6 12583/5/6 12588/5/6
f 12581/5/6 12582/5/6 12588/5/6
f 12588/5/6 12583/5/6 12589/5/6
f 12589/5/6 12583/5/6 12590/5/6
f 12584/6/6 12585/6/6 12593/6/6
f 12585/6/6 12586/6/6 12593/6/6
f 12593/6/6 12586/6/6 12594/6/6
f 12594/6/6 12586/6/6 12595/6/6
f 12590/5/6 12591/5/6 12596/5/6
f 12589/5/6 12590/5/6 12596/5/6
f 12596/5/6 12591/5/6 12597/5/6
f 12597/5/6 12591/5/6 12598/5/6
f 12593/6/6 12594/6/6 12601/6/6
f 12592/6/6 12593/6/6 12601/6/6
f 12601/6/6 12594/6/6 12602/6/6
f 12602/6/6 12594/6/6 12603/6/6
f 12598/6/6 12599/6/6 12604/6/6
f 12597/6/6 12598/6/6 12604/6/6
f 12604/6/6 12599/6/6 12605/6/6
f 12605/6/6 12599/6/6 12606/6/6
f 12601/6/6 12602/6/6 12610/6/6
f 12600/6/6 12601/6/6 12610/6/6
f 12610/6/6 12602/6/6 12611/6/6
f 12611/6/6 12602/6/6 12612/6/6
f 12605/6/6 12606/6/6 12613/6/6
f 12606/5/6 12607/5/6 12614/5/6
f 12613/6/6 12606/6/6 12614/6/6
f 12614/5/6 12607/5/6 12615/5/6
f 12608/5/6 12609/5/6 12619/5/6
f 12609/5/6 12610/5/6 12619/5/6
f 12610/6/6 12611/6/6 12620/6/6
f 12619/5/6 12610/5/6 12620/5/6
f 12620/6/6 12611/6/6 12621/6/6
f 12615/5/6 12616/5/6 12622/5/6
f 12614/5/6 12615/5/6 12622/5/6
f 12622/5/6 12616/5/6 12623/5/6
f 12623/5/6 12616/5/6 12624/5/6
f 12617/5/6 12618/5/6 12627/5/6
f 12618/6/6 12619/6/6 12628/6/6
f 12619/6/6 12620/6/6 12628/6/6
f 12628/6/6 12620/6/6 12629/6/6
f 12624/5/6 12625/5/6 12630/5/6
f 12623/5/6 12624/5/6 12630/5/6
f 12630/5/6 12625/5/6 12631/5/6
f 12631/5/6 12625/5/6 12632/5/6
f 12626/5/6 12627/5/6 12633/5/6
f 12627/5/6 12618/5/6 12634/5/6
f 12633/5/6 12627/5/6 12634/5/6
f 12618/6/6 12628/6/6 12635/6/6
f 12634/5/6 12618/5/6 12635/5/6
f 12635/6/6 12628/6/6 12636/6/6
f 12631/5/6 12632/5/6 12637/5/6
f 12632/5/6 12633/5/6 12637/5/6
f 12633/5/6 12634/5/6 12637/5/6
f 12637/5/6 12634/5/6 12638/5/6
f 12638/5/6 12634/5/6 12639/5/6
f 12639/5/6 12634/5/6 12640/5/6
f 12638/5/6 12639/5/6 12641/5/6
f 12641/5/6 12639/5/6 12642/5/6
f 12643/4/6 12644/4/6 12645/4/6
f 12645/4/6 12644/4/6 12646/4/6
f 12647/4/6 12648/4/6 12649/4/6
f 12649/4/6 12648/4/6 12650/4/6
f 12650/4/6 12651/4/6 12652/4/6
f 12650/4/6 12652/4/6 12657/4/6
f 12652/4/6 12653/4/6 12657/4/6
f 12657/4/6 12653/4/6 12658/4/6
f 12656/4/6 12657/4/6 12659/4/6
f 12659/4/6 12657/4/6 12660/4/6
f 12660/4/6 12657/4/6 12661/4/6
f 12654/4/6 12655/4/6 12664/4/6
f 12658/4/6 12653/4/6 12666/4/6
f 12666/4/6 12653/4/6 12667/4/6
f 12667/4/6 12653/4/6 12668/4/6
f 12668/4/6 12653/4/6 12669/4/6
f 12662/4/6 12663/4/6 12670/4/6
f 12670/4/6 12663/4/6 12671/4/6
f 12664/4/6 12665/4/6 12672/4/6
f 12654/4/6 12664/4/6 12672/4/6
f 12672/4/6 12665/4/6 12673/4/6
f 12673/4/6 12665/4/6 12674/4/6
f 12667/4/6 12668/4/6 12678/4/6
f 12678/4/6 12668/4/6 12679/4/6
f 12662/4/6 12670/4/6 12680/4/6
f 12670/5/6 12671/5/6 12681/5/6
f 12680/4/6 12670/4/6 12681/4/6
f 12681/5/6 12671/5/6 12682/5/6
f 12673/4/6 12674/4/6 12683/4/6
f 12674/4/6 12675/4/6 12683/4/6
f 12683/4/6 12675/4/6 12684/4/6
f 12676/4/6 12677/4/6 12685/4/6
f 12685/4/6 12677/4/6 12686/4/6
f 12662/4/6 12680/4/6 12687/4/6
f 12680/5/6 12681/5/6 12688/5/6
f 12687/4/6 12680/4/6 12688/4/6
f 12688/5/6 12681/5/6 12689/5/6
f 12690/4/6 12691/4/6 12692/4/6
f 12692/4/6 12691/4/6 12693/4/6
f 12693/4/6 12694/4/6 12697/4/6
f 12697/4/6 12694/4/6 12698/4/6
f 12699/4/6 12700/4/6 12705/4/6
f 12705/4/6 12700/4/6 12706/4/6
f 12701/4/6 12702/4/6 12709/4/6
f 12709/4/6 12702/4/6 12710/4/6
f 12703/5/6 12704/5/6 12711/5/6
f 12711/5/6 12704/5/6 12712/5/6
f 12699/4/6 12705/4/6 12713/4/6
f 12706/4/6 12707/4/6 12714/4/6
f 12714/4/6 12707/4/6 12715/4/6
f 12695/4/6 12696/4/6 12716/4/6
f 12716/4/6 12696/4/6 12717/4/6
f 12708/4/6 12709/4/6 12719/4/6
f 12719/4/6 12709/4/6 12720/4/6
f 12712/5/6 12713/5/6 12721/5/6
f 12713/4/6 12705/4/6 12722/4/6
f 12721/5/6 12713/5/6 12722/5/6
f 12722/4/6 12705/4/6 12723/4/6
f 12718/4/6 12719/4/6 12725/4/6
f 12725/4/6 12719/4/6 12726/4/6
f 12727/4/6 12728/4/6 12729/4/6
f 12729/4/6 12728/4/6 12730/4/6
f 12724/4/6 12725/4/6 12731/4/6
f 12731/4/6 12725/4/6 12732/4/6
f 12733/4/6 12734/4/6 12736/4/6
f 12736/4/6 12734/4/6 12737/4/6
f 12735/4/6 12736/4/6 12739/4/6
f 12739/4/6 12736/4/6 12740/4/6
f 12737/4/6 12738/4/6 12741/4/6
f 12741/4/6 12742/4/6 12745/4/6
f 12737/4/6 12741/4/6 12745/4/6
f 12745/4/6 12742/4/6 12746/4/6
f 12747/5/6 12748/5/6 12750/5/6
f 12750/5/6 12748/5/6 12751/5/6
f 12743/4/6 12744/4/6 12752/4/6
f 12752/4/6 12744/4/6 12753/4/6
f 12749/5/6 12750/5/6 12755/5/6
f 12755/5/6 12750/5/6 12756/5/6
f 12753/4/6 12754/4/6 12757/4/6
f 12757/4/6 12754/4/6 12758/4/6
f 12758/4/6 12759/4/6 12760/4/6
f 12760/4/6 12759/4/6 12761/4/6
f 12762/4/6 12763/4/6 12766/4/6
f 12764/4/6 12765/4/6 12769/4/6
f 12766/4/6 12767/4/6 12771/4/6
f 12762/4/6 12766/4/6 12771/4/6
f 12771/4/6 12767/4/6 12772/4/6
f 12772/4/6 12767/4/6 12773/4/6
f 12768/4/6 12769/4/6 12776/4/6
f 12769/4/6 12765/4/6 12777/4/6
f 12776/4/6 12769/4/6 12777/4/6
f 12777/4/6 12765/4/6 12778/4/6
f 12770/5/6 12771/5/6 12779/5/6
f 12771/4/6 12772/4/6 12780/4/6
f 12779/5/6 12771/5/6 12780/5/6
f 12780/4/6 12772/4/6 12781/4/6
f 12781/4/6 12772/4/6 12782/4/6
f 12782/4/6 12772/4/6 12783/4/6
f 12775/4/6 12776/4/6 12784/4/6
f 12776/4/6 12777/4/6 12784/4/6
f 12784/4/6 12777/4/6 12785/4/6
f 12781/4/6 12782/4/6 12786/4/6
f 12786/4/6 12782/4/6 12787/4/6
f 12773/4/6 12774/4/6 12788/4/6
f 12773/4/6 12788/4/6 12789/4/6
f 12789/4/6 12788/4/6 12790/4/6
f 12791/4/6 12792/4/6 12793/4/6
f 12793/4/6 12792/4/6 12794/4/6
f 12794/4/6 12792/4/6 12795/4/6
f 12795/4/6 12792/4/6 12796/4/6
f 12796/4/6 12792/4/6 12799/4/6
f 12799/4/6 12792/4/6 12800/4/6
f 12797/5/6 12798/5/6 12802/5/6
f 12800/4/6 12792/4/6 12803/4/6
f 12803/4/6 12792/4/6 12804/4/6
f 12801/5/6 12802/5/6 12805/5/6
f 12802/5/6 12798/5/6 12805/5/6
f 12805/5/6 12806/5/6 12810/5/6
f 12801/5/6 12805/5/6 12810/5/6
f 12810/5/6 12806/5/6 12811/5/6
f 12807/4/6 12808/4/6 12813/4/6
f 12813/4/6 12808/4/6 12814/4/6
f 12811/5/6 12812/5/6 12817/5/6
f 12809/5/6 12810/5/6 12817/5/6
f 12810/5/6 12811/5/6 12817/5/6
f 12814/4/6 12815/4/6 12818/4/6
f 12818/4/6 12815/4/6 12819/4/6
f 12816/5/6 12817/5/6 12824/5/6
f 12817/5/6 12812/5/6 12825/5/6
f 12824/5/6 12817/5/6 12825/5/6
f 12819/4/6 12820/4/6 12827/4/6
f 12827/4/6 12820/4/6 12828/4/6
f 12821/4/6 12822/4/6 12832/4/6
f 12832/4/6 12822/4/6 12833/4/6
f 12823/5/6 12824/5/6 12834/5/6
f 12825/5/6 12826/5/6 12834/5/6
f 12824/5/6 12825/5/6 12834/5/6
f 12834/5/6 12826/5/6 12835/5/6
f 12829/4/6 12830/4/6 12836/4/6
f 12836/4/6 12830/4/6 12837/4/6
f 12831/4/6 12832/4/6 12838/4/6
f 12838/4/6 12832/4/6 12839/4/6
f 12834/4/6 12835/4/6 12840/4/6
f 12840/4/6 12835/4/6 12841/4/6
f 12834/4/6 12840/4/6 12843/4/6
f 12843/4/6 12840/4/6 12844/4/6
f 12840/5/6 12841/5/6 12845/5/6
f 12844/4/6 12840/4/6 12845/4/6
f 12841/5/6 12842/5/6 12845/5/6
f 12846/4/6 12847/4/6 12849/4/6
f 12849/4/6 12847/4/6 12850/4/6
f 12844/5/6 12845/5/6 12851/5/6
f 12851/5/6 12845/5/6 12852/5/6
f 12845/5/6 12842/5/6 12853/5/6
f 12852/5/6 12845/5/6 12853/5/6
f 12848/4/6 12849/4/6 12857/4/6
f 12857/4/6 12849/4/6 12858/4/6
f 12855/5/6 12856/5/6 12859/5/6
f 12859/5/6 12860/5/6 12863/5/6
f 12861/4/6 12862/4/6 12866/4/6
f 12863/5/6 12864/5/6 12867/5/6
f 12865/4/6 12866/4/6 12868/4/6
f 12868/4/6 12866/4/6 12871/4/6
f 12871/4/6 12866/4/6 12872/4/6
f 12866/4/6 12862/4/6 12873/4/6
f 12872/4/6 12866/4/6 12873/4/6
f 12869/4/6 12870/4/6 12874/4/6
f 12874/4/6 12870/4/6 12875/4/6
f 12872/4/6 12873/4/6 12876/4/6
f 12873/4/6 12874/4/6 12876/4/6
f 12876/4/6 12874/4/6 12877/4/6
f 12877/4/6 12874/4/6 12878/4/6
f 12878/4/6 12874/4/6 12879/4/6
f 12879/4/6 12874/4/6 12880/4/6
f 12879/5/6 12880/5/6 12881/5/6
f 12880/4/6 12874/4/6 12882/4/6
f 12881/5/6 12880/5/6 12882/5/6
f 12882/4/6 12874/4/6 12883/4/6
f 12855/5/6 12859/5/6 12884/5/6
f 12863/5/6 12867/5/6 12884/5/6
f 12859/5/6 12863/5/6 12884/5/6
f 12884/5/6 12867/5/6 12885/5/6
f 12885/5/6 12867/5/6 12886/5/6
f 12853/5/6 12854/5/6 12889/5/6
f 12852/5/6 12853/5/6 12889/5/6
f 12889/5/6 12854/5/6 12890/5/6
f 12890/5/6 12854/5/6 12891/5/6
f 12888/5/6 12889/5/6 12892/5/6
f 12889/5/6 12890/5/6 12892/5/6
f 12892/5/6 12890/5/6 12893/5/6
f 12886/5/6 12887/5/6 12894/5/6
f 12885/5/6 12886/5/6 12894/5/6
f 12892/6/6 12893/6/6 12897/6/6
f 12893/5/6 12890/5/6 12898/5/6
f 12897/6/6 12893/6/6 12898/6/6
f 12894/5/6 12895/5/6 12899/5/6
f 12885/5/6 12894/5/6 12899/5/6
f 12899/5/6 12895/5/6 12900/5/6
f 12898/5/6 12890/5/6 12901/5/6
f 12897/5/6 12898/5/6 12901/5/6
f 12901/5/6 12890/5/6 12902/5/6
f 12900/5/6 12895/5/6 12903/5/6
f 12896/6/6 12897/6/6 12906/6/6
f 12903/5/6 12904/5/6 12907/5/6
f 12900/5/6 12903/5/6 12907/5/6
f 12907/5/6 12904/5/6 12908/5/6
f 12908/5/6 12904/5/6 12909/5/6
f 12905/6/6 12906/6/6 12912/6/6
f 12897/5/6 12901/5/6 12913/5/6
f 12913/5/6 12901/5/6 12914/5/6
f 12909/6/6 12910/6/6 12915/6/6
f 12911/6/6 12912/6/6 12918/6/6
f 12906/6/6 12897/6/6 12919/6/6
f 12912/6/6 12906/6/6 12919/6/6
f 12918/6/6 12912/6/6 12919/6/6
f 12897/5/6 12913/5/6 12920/5/6
f 12919/6/6 12897/6/6 12920/6/6
f 12908/5/6 12909/5/6 12921/5/6
f 12921/5/6 12909/5/6 12922/5/6
f 12915/6/6 12916/6/6 12923/6/6
f 12917/6/6 12918/6/6 12926/6/6
f 12918/6/6 12919/6/6 12926/6/6
f 12926/6/6 12919/6/6 12927/6/6
f 12919/5/6 12920/5/6 12928/5/6
f 12927/6/6 12919/6/6 12928/6/6
f 12920/5/6 12913/5/6 12929/5/6
f 12928/5/6 12920/5/6 12929/5/6
f 12929/5/6 12913/5/6 12930/5/6
f 12922/5/6 12909/5/6 12931/5/6
f 12931/5/6 12909/5/6 12932/5/6
f 12923/6/6 12924/6/6 12933/6/6
f 12926/6/6 12927/6/6 12936/6/6
f 12925/6/6 12926/6/6 12936/6/6
f 12927/5/6 12928/5/6 12937/5/6
f 12928/5/6 12929/5/6 12937/5/6
f 12936/6/6 12927/6/6 12937/6/6
f 12937/5/6 12929/5/6 12938/5/6
f 12938/5/6 12929/5/6 12939/5/6
f 12939/5/6 12929/5/6 12940/5/6
f 12933/6/6 12934/6/6 12941/6/6
f 12935/6/6 12936/6/6 12944/6/6
f 12936/5/6 12937/5/6 12945/5/6
f 12937/5/6 12938/5/6 12945/5/6
f 12944/6/6 12936/6/6 12945/6/6
f 12945/5/6 12938/5/6 12946/5/6
f 12938/6/6 12939/6/6 12947/6/6
f 12946/5/6 12938/5/6 12947/5/6
f 12932/5/6 12909/5/6 12948/5/6
f 12948/5/6 12909/5/6 12949/5/6
f 12915/6/6 12923/6/6 12950/6/6
f 12949/5/6 12909/5/6 12950/5/6
f 12941/6/6 12942/6/6 12950/6/6
f 12909/6/6 12915/6/6 12950/6/6
f 12923/6/6 12933/6/6 12950/6/6
f 12933/6/6 12941/6/6 12950/6/6
f 12950/6/6 12942/6/6 12951/6/6
f 12951/6/6 12942/6/6 12952/6/6
f 12944/5/6 12945/5/6 12956/5/6
f 12945/5/6 12946/5/6 12956/5/6
f 12943/5/6 12944/5/6 12956/5/6
f 12956/5/6 12946/5/6 12957/5/6
f 12946/6/6 12947/6/6 12958/6/6
f 12957/5/6 12946/5/6 12958/5/6
f 12947/6/6 12939/6/6 12959/6/6
f 12958/6/6 12947/6/6 12959/6/6
f 12959/6/6 12939/6/6 12960/6/6
f 12949/5/6 12950/5/6 12961/5/6
f 12950/5/6 12951/5/6 12961/5/6
f 12961/5/6 12951/5/6 12962/5/6
f 12952/6/6 12953/6/6 12963/6/6
f 12962/5/6 12951/5/6 12963/5/6
f 12951/6/6 12952/6/6 12963/6/6
f 12953/5/6 12954/5/6 12964/5/6
f 12963/6/6 12953/6/6 12964/6/6
f 12964/5/6 12954/5/6 12965/5/6
f 12956/5/6 12957/5/6 12968/5/6
f 12955/5/6 12956/5/6 12968/5/6
f 12957/6/6 12958/6/6 12969/6/6
f 12958/6/6 12959/6/6 12969/6/6
f 12969/6/6 12959/6/6 12970/6/6
f 12965/5/6 12966/5/6 12971/5/6
f 12962/5/6 12963/5/6 12971/5/6
f 12964/5/6 12965/5/6 12971/5/6
f 12963/5/6 12964/5/6 12971/5/6
f 12971/5/6 12966/5/6 12972/5/6
f 12972/5/6 12966/5/6 12973/5/6
f 12967/5/6 12968/5/6 12974/5/6
f 12957/6/6 12969/6/6 12975/6/6
f 12975/6/6 12969/6/6 12976/6/6
f 12972/5/6 12973/5/6 12977/5/6
f 12973/5/6 12974/5/6 12977/5/6
f 12977/5/6 12974/5/6 12978/5/6
f 12978/5/6 12974/5/6 12979/5/6
f 12974/5/6 12968/5/6 12980/5/6
f 12979/5/6 12974/5/6 12980/5/6
f 12968/5/6 12957/5/6 12981/5/6
f 12980/5/6 12968/5/6 12981/5/6
f 12981/5/6 12957/5/6 12982/5/6
f 12957/6/6 12975/6/6 12983/6/6
f 12983/6/6 12975/6/6 12984/6/6
f 12978/5/6 12979/5/6 12985/5/6
f 12985/5/6 12979/5/6 12986/5/6
f 12982/5/6 12957/5/6 12987/5/6
f 12957/6/6 12983/6/6 12987/6/6
f 12987/6/6 12983/6/6 12988/6/6
f 12986/5/6 12979/5/6 12989/5/6
f 12989/5/6 12979/5/6 12990/5/6
f 12982/5/6 12987/5/6 12991/5/6
f 12991/5/6 12987/5/6 12992/5/6
f 12990/5/6 12979/5/6 12993/5/6
f 12993/5/6 12979/5/6 12994/5/6
f 12979/6/6 12980/6/6 12995/6/6
f 12994/5/6 12979/5/6 12995/5/6
f 12995/6/6 12980/6/6 12996/6/6
f 12996/6/6 12980/6/6 12997/6/6
f 12980/5/6 12981/5/6 12998/5/6
f 12997/6/6 12980/6/6 12998/6/6
f 12981/6/6 12982/6/6 12999/6/6
f 12998/5/6 12981/5/6 12999/5/6
f 12999/6/6 12982/6/6 13000/6/6
f 12982/5/6 12991/5/6 13001/5/6
f 13000/6/6 12982/6/6 13001/6/6
f 13001/5/6 12991/5/6 13002/5/6
f 12994/5/6 12995/5/6 13003/5/6
f 12995/5/6 12996/5/6 13003/5/6
f 13003/5/6 12996/5/6 13004/5/6
f 12996/6/6 12997/6/6 13005/6/6
f 13004/5/6 12996/5/6 13005/5/6
f 12997/5/6 12998/5/6 13006/5/6
f 13005/6/6 12997/6/6 13006/6/6
f 12999/5/6 13000/5/6 13006/5/6
f 12998/5/6 12999/5/6 13006/5/6
f 13006/5/6 13000/5/6 13007/5/6
f 13007/5/6 13000/5/6 13008/5/6
f 13004/5/6 13005/5/6 13009/5/6
f 13006/5/6 13007/5/6 13009/5/6
f 13005/5/6 13006/5/6 13009/5/6
f 13009/5/6 13007/5/6 13010/5/6
f 13011/4/6 13012/4/6 13014/4/6
f 13014/4/6 13012/4/6 13015/4/6
f 13013/4/6 13014/4/6 13018/4/6
f 13018/4/6 13014/4/6 13019/4/6
f 13016/4/6 13017/4/6 13021/4/6
f 13021/4/6 13017/4/6 13022/4/6
f 13019/4/6 13020/4/6 13024/4/6
f 13024/4/6 13020/4/6 13025/4/6
f 13022/4/6 13023/4/6 13027/4/6
f 13027/4/6 13023/4/6 13028/4/6
f 13025/4/6 13026/4/6 13030/4/6
f 13030/4/6 13026/4/6 13031/4/6
f 13031/4/6 13032/4/6 13035/4/6
f 13035/4/6 13032/4/6 13036/4/6
f 13028/4/6 13029/4/6 13038/4/6
f 13038/4/6 13029/4/6 13039/4/6
f 13033/4/6 13034/4/6 13042/4/6
f 13042/4/6 13034/4/6 13043/4/6
f 13039/4/6 13040/4/6 13045/4/6
f 13045/4/6 13040/4/6 13046/4/6
f 13041/4/6 13042/4/6 13047/4/6
f 13043/4/6 13044/4/6 13048/4/6
f 13048/4/6 13044/4/6 13049/4/6
f 13036/4/6 13037/4/6 13050/4/6
f 13050/4/6 13037/4/6 13051/4/6
f 13051/4/6 13052/4/6 13054/4/6
f 13054/4/6 13052/4/6 13055/4/6
f 13046/4/6 13047/4/6 13056/4/6
f 13047/4/6 13042/4/6 13056/4/6
f 13046/4/6 13056/4/6 13058/4/6
f 13058/4/6 13056/4/6 13059/4/6
f 13059/4/6 13056/4/6 13060/4/6
f 13057/4/6 13058/4/6 13062/4/6
f 13062/4/6 13058/4/6 13063/4/6
f 13059/5/6 13060/5/6 13064/5/6
f 13064/5/6 13060/5/6 13065/5/6
f 13061/4/6 13062/4/6 13066/4/6
f 13063/5/6 13064/5/6 13067/5/6
f 13067/5/6 13064/5/6 13068/5/6
f 13053/4/6 13054/4/6 13070/4/6
f 13070/4/6 13054/4/6 13071/4/6
f 13061/4/6 13066/4/6 13072/4/6
f 13072/4/6 13066/4/6 13073/4/6
f 13069/4/6 13070/4/6 13075/4/6
f 13075/4/6 13070/4/6 13076/4/6
f 13074/4/6 13075/4/6 13078/4/6
f 13078/4/6 13075/4/6 13079/4/6
f 13077/4/6 13078/4/6 13083/4/6
f 13083/4/6 13078/4/6 13084/4/6
f 13080/5/6 13081/5/6 13085/5/6
f 13085/5/6 13081/5/6 13086/5/6
f 13082/4/6 13083/4/6 13087/4/6
f 13087/4/6 13083/4/6 13088/4/6
f 13089/4/6 13090/4/6 13091/4/6
f 13091/4/6 13090/4/6 13092/4/6
f 13089/4/6 13091/4/6 13094/4/6
f 13094/4/6 13091/4/6 13095/4/6
f 13092/4/6 13093/4/6 13096/4/6
f 13095/4/6 13091/4/6 13098/4/6
f 13098/4/6 13091/4/6 13099/4/6
f 13096/4/6 13097/4/6 13100/4/6
f 13092/4/6 13096/4/6 13100/4/6
f 13100/4/6 13097/4/6 13101/4/6
f 13101/4/6 13102/4/6 13103/4/6
f 13100/4/6 13101/4/6 13103/4/6
f 13099/4/6 13100/4/6 13103/4/6
f 13103/4/6 13102/4/6 13104/4/6
f 13104/4/6 13102/4/6 13105/4/6
f 13105/4/6 13102/4/6 13106/4/6
f 13106/4/6 13102/4/6 13107/4/6
f 13106/4/6 13107/4/6 13113/4/6
f 13107/4/6 13108/4/6 13113/4/6
f 13109/4/6 13110/4/6 13115/4/6
f 13111/4/6 13112/4/6 13116/4/6
f 13113/4/6 13114/4/6 13117/4/6
f 13106/4/6 13113/4/6 13117/4/6
f 13117/4/6 13114/4/6 13118/4/6
f 13109/4/6 13115/4/6 13119/4/6
f 13115/4/6 13116/4/6 13119/4/6
f 13116/4/6 13112/4/6 13120/4/6
f 13119/4/6 13116/4/6 13120/4/6
f 13118/4/6 13114/4/6 13123/4/6
f 13109/4/6 13119/4/6 13124/4/6
f 13119/5/6 13120/5/6 13125/5/6
f 13124/4/6 13119/4/6 13125/4/6
f 13120/5/6 13121/5/6 13125/5/6
f 13125/5/6 13121/5/6 13126/5/6
f 13123/4/6 13114/4/6 13127/4/6
f 13122/4/6 13123/4/6 13127/4/6
f 13127/4/6 13114/4/6 13128/4/6
f 13126/5/6 13121/5/6 13129/5/6
f 13129/5/6 13121/5/6 13130/5/6
f 13122/4/6 13127/4/6 13131/4/6
f 13131/4/6 13127/4/6 13132/4/6
f 13130/5/6 13121/5/6 13133/5/6
f 13133/5/6 13134/5/6 13135/5/6
f 13130/5/6 13133/5/6 13135/5/6
f 13135/5/6 13134/5/6 13136/5/6
f 13122/4/6 13131/4/6 13138/4/6
f 13138/4/6 13131/4/6 13139/4/6
f 13137/4/6 13138/4/6 13141/4/6
f 13138/4/6 13139/4/6 13141/4/6
f 13141/4/6 13139/4/6 13142/4/6
f 13142/4/6 13139/4/6 13143/4/6
f 13136/5/6 13134/5/6 13144/5/6
f 13144/5/6 13134/5/6 13145/5/6
f 13141/4/6 13142/4/6 13149/4/6
f 13140/4/6 13141/4/6 13149/4/6
f 13149/4/6 13142/4/6 13150/4/6
f 13150/4/6 13142/4/6 13151/4/6
f 13145/5/6 13134/5/6 13152/5/6
f 13144/6/6 13145/6/6 13152/6/6
f 13152/5/6 13134/5/6 13153/5/6
f 13146/5/6 13147/5/6 13154/5/6
f 13149/4/6 13150/4/6 13157/4/6
f 13148/4/6 13149/4/6 13157/4/6
f 13157/4/6 13150/4/6 13158/4/6
f 13158/4/6 13150/4/6 13159/4/6
f 13153/5/6 13134/5/6 13160/5/6
f 13152/6/6 13153/6/6 13160/6/6
f 13160/5/6 13134/5/6 13161/5/6
f 13154/5/6 13155/5/6 13162/5/6
f 13157/4/6 13158/4/6 13164/4/6
f 13156/4/6 13157/4/6 13164/4/6
f 13164/4/6 13158/4/6 13165/4/6
f 13165/4/6 13158/4/6 13166/4/6
f 13161/5/6 13134/5/6 13167/5/6
f 13160/6/6 13161/6/6 13167/6/6
f 13167/5/6 13134/5/6 13168/5/6
f 13162/5/6 13163/5/6 13169/5/6
f 13156/4/6 13164/4/6 13171/4/6
f 13164/5/6 13165/5/6 13172/5/6
f 13171/4/6 13164/4/6 13172/4/6
f 13172/5/6 13165/5/6 13173/5/6
f 13169/5/6 13170/5/6 13174/5/6
f 13156/4/6 13171/4/6 13176/4/6
f 13176/4/6 13171/4/6 13177/4/6
f 13167/6/6 13168/6/6 13179/6/6
f 13144/6/6 13152/6/6 13179/6/6
f 13152/6/6 13160/6/6 13179/6/6
f 13160/6/6 13167/6/6 13179/6/6
f 13174/5/6 13175/5/6 13180/5/6
f 13146/5/6 13154/5/6 13180/5/6
f 13169/5/6 13174/5/6 13180/5/6
f 13154/5/6 13162/5/6 13180/5/6
f 13162/5/6 13169/5/6 13180/5/6
f 13180/5/6 13175/5/6 13181/5/6
f 13168/5/6 13134/5/6 13182/5/6
f 13178/6/6 13179/6/6 13182/6/6
f 13179/6/6 13168/6/6 13182/6/6
f 13182/5/6 13134/5/6 13183/5/6
f 13181/5/6 13175/5/6 13184/5/6
f 13178/6/6 13182/6/6 13187/6/6
f 13184/5/6 13185/5/6 13188/5/6
f 13186/6/6 13187/6/6 13191/6/6
f 13188/5/6 13189/5/6 13192/5/6
f 13181/5/6 13184/5/6 13192/5/6
f 13184/5/6 13188/5/6 13192/5/6
f 13192/5/6 13189/5/6 13193/5/6
f 13193/5/6 13189/5/6 13194/5/6
f 13190/6/6 13191/6/6 13197/6/6
f 13191/6/6 13187/6/6 13198/6/6
f 13187/6/6 13182/6/6 13198/6/6
f 13197/6/6 13191/6/6 13198/6/6
f 13198/6/6 13182/6/6 13199/6/6
f 13194/5/6 13195/5/6 13200/5/6
f 13193/5/6 13194/5/6 13200/5/6
f 13196/6/6 13197/6/6 13203/6/6
f 13197/6/6 13198/6/6 13203/6/6
f 13200/5/6 13201/5/6 13204/5/6
f 13193/5/6 13200/5/6 13204/5/6
f 13204/5/6 13201/5/6 13205/5/6
f 13205/5/6 13201/5/6 13206/5/6
f 13206/5/6 13201/5/6 13207/5/6
f 13207/5/6 13201/5/6 13208/5/6
f 13202/6/6 13203/6/6 13211/6/6
f 13203/6/6 13198/6/6 13212/6/6
f 13211/6/6 13203/6/6 13212/6/6
f 13212/6/6 13198/6/6 13213/6/6
f 13205/5/6 13206/5/6 13214/5/6
f 13214/5/6 13206/5/6 13215/5/6
f 13206/6/6 13207/6/6 13216/6/6
f 13215/5/6 13206/5/6 13216/5/6
f 13208/5/6 13209/5/6 13217/5/6
f 13216/6/6 13207/6/6 13217/6/6
f 13207/5/6 13208/5/6 13217/5/6
f 13217/5/6 13209/5/6 13218/5/6
f 13218/5/6 13209/5/6 13219/5/6
f 13210/6/6 13211/6/6 13222/6/6
f 13211/6/6 13212/6/6 13222/6/6
f 13222/6/6 13212/6/6 13223/6/6
f 13223/6/6 13212/6/6 13224/6/6
f 13215/6/6 13216/6/6 13225/6/6
f 13216/6/6 13217/6/6 13225/6/6
f 13217/6/6 13218/6/6 13225/6/6
f 13225/6/6 13218/6/6 13226/6/6
f 13220/5/6 13221/5/6 13227/5/6
f 13226/6/6 13218/6/6 13227/6/6
f 13219/5/6 13220/5/6 13227/5/6
f 13218/5/6 13219/5/6 13227/5/6
f 13227/5/6 13221/5/6 13228/5/6
f 13222/6/6 13223/6/6 13229/6/6
f 13228/5/6 13221/5/6 13229/5/6
f 13221/6/6 13222/6/6 13229/6/6
f 13229/6/6 13223/6/6 13230/6/6
f 13230/6/6 13223/6/6 13231/6/6
f 13231/6/6 13223/6/6 13232/6/6
f 13227/6/6 13228/6/6 13233/6/6
f 13226/6/6 13227/6/6 13233/6/6
f 13233/6/6 13228/6/6 13234/6/6
f 13229/5/6 13230/5/6 13235/5/6
f 13228/5/6 13229/5/6 13235/5/6
f 13235/5/6 13230/5/6 13236/5/6
f 13230/6/6 13231/6/6 13237/6/6
f 13236/5/6 13230/5/6 13237/5/6
f 13237/6/6 13231/6/6 13238/6/6
f 13238/6/6 13231/6/6 13239/6/6
f 13239/6/6 13231/6/6 13240/6/6
f 13234/6/6 13228/6/6 13241/6/6
f 13241/6/6 13228/6/6 13242/6/6
f 13238/6/6 13239/6/6 13243/6/6
f 13243/6/6 13239/6/6 13244/6/6
f 13242/6/6 13228/6/6 13245/6/6
f 13245/6/6 13228/6/6 13246/6/6
f 13236/5/6 13237/5/6 13247/5/6
f 13237/5/6 13238/5/6 13247/5/6
f 13238/6/6 13243/6/6 13247/6/6
f 13247/6/6 13243/6/6 13248/6/6
f 13248/6/6 13243/6/6 13249/6/6
f 13249/6/6 13243/6/6 13250/6/6
f 13246/6/6 13228/6/6 13251/6/6
f 13251/6/6 13228/6/6 13252/6/6
f 13235/6/6 13236/6/6 13253/6/6
f 13228/5/6 13235/5/6 13253/5/6
f 13236/5/6 13247/5/6 13254/5/6
f 13253/6/6 13236/6/6 13254/6/6
f 13247/5/6 13248/5/6 13254/5/6
f 13248/6/6 13249/6/6 13255/6/6
f 13254/5/6 13248/5/6 13255/5/6
f 13255/6/6 13249/6/6 13256/6/6
f 13252/6/6 13228/6/6 13257/6/6
f 13254/5/6 13255/5/6 13258/5/6
f 13257/6/6 13228/6/6 13258/6/6
f 13253/5/6 13254/5/6 13258/5/6
f 13228/5/6 13253/5/6 13258/5/6
f 13258/5/6 13255/5/6 13259/5/6
f 13259/5/6 13255/5/6 13260/5/6
f 13260/5/6 13255/5/6 13261/5/6
f 13259/5/6 13260/5/6 13262/5/6
f 13262/5/6 13260/5/6 13263/5/6
f 13264/4/6 13265/4/6 13266/4/6
f 13266/4/6 13265/4/6 13267/4/6
f 13268/5/6 13269/5/6 13271/5/6
f 13271/5/6 13269/5/6 13272/5/6
f 13270/5/6 13271/5/6 13273/5/6
f 13273/5/6 13271/5/6 13274/5/6
f 13275/5/6 13276/5/6 13278/5/6
f 13278/5/6 13276/5/6 13279/5/6
f 13277/5/6 13278/5/6 13282/5/6
f 13279/5/6 13280/5/6 13282/5/6
f 13278/5/6 13279/5/6 13282/5/6
f 13281/5/6 13282/5/6 13284/5/6
f 13282/5/6 13280/5/6 13285/5/6
f 13284/5/6 13282/5/6 13285/5/6
f 13283/5/6 13284/5/6 13287/5/6
f 13285/5/6 13286/5/6 13287/5/6
f 13284/5/6 13285/5/6 13287/5/6
f 13287/5/6 13286/5/6 13288/5/6
f 13288/5/6 13286/5/6 13289/5/6
f 13289/5/6 13286/5/6 13290/5/6
f 13288/5/6 13289/5/6 13291/5/6
f 13289/6/6 13290/6/6 13292/6/6
f 13291/5/6 13289/5/6 13292/5/6
f 13288/5/6 13291/5/6 13296/5/6
f 13296/5/6 13291/5/6 13297/5/6
f 13291/6/6 13292/6/6 13298/6/6
f 13297/5/6 13291/5/6 13298/5/6
f 13293/5/6 13294/5/6 13300/5/6
f 13300/5/6 13294/5/6 13301/5/6
f 13296/5/6 13297/5/6 13304/5/6
f 13295/5/6 13296/5/6 13304/5/6
f 13304/5/6 13297/5/6 13305/5/6
f 13297/6/6 13298/6/6 13306/6/6
f 13305/5/6 13297/5/6 13306/5/6
f 13298/6/6 13292/6/6 13307/6/6
f 13306/6/6 13298/6/6 13307/6/6
f 13292/6/6 13290/6/6 13307/6/6
f 13307/6/6 13290/6/6 13308/6/6
f 13301/5/6 13302/5/6 13309/5/6
f 13300/5/6 13301/5/6 13309/5/6
f 13299/5/6 13300/5/6 13309/5/6
f 13303/5/6 13304/5/6 13310/5/6
f 13304/5/6 13305/5/6 13310/5/6
f 13310/5/6 13305/5/6 13311/5/6
f 13305/6/6 13306/6/6 13312/6/6
f 13311/5/6 13305/5/6 13312/5/6
f 13306/6/6 13307/6/6 13312/6/6
f 13310/5/6 13311/5/6 13313/5/6
f 13299/5/6 13309/5/6 13313/5/6
f 13309/5/6 13310/5/6 13313/5/6
f 13313/5/6 13311/5/6 13314/5/6
f 13314/5/6 13311/5/6 13315/5/6
f 13311/6/6 13312/6/6 13316/6/6
f 13315/5/6 13311/5/6 13316/5/6
f 13312/6/6 13307/6/6 13317/6/6
f 13316/6/6 13312/6/6 13317/6/6
f 13317/6/6 13307/6/6 13318/6/6
f 13314/5/6 13315/5/6 13319/5/6
f 13319/5/6 13315/5/6 13320/5/6
f 13320/5/6 13315/5/6 13321/5/6
f 13315/6/6 13316/6/6 13322/6/6
f 13321/5/6 13315/5/6 13322/5/6
f 13316/6/6 13317/6/6 13322/6/6
f 13322/6/6 13317/6/6 13323/6/6
f 13323/6/6 13317/6/6 13324/6/6
f 13320/5/6 13321/5/6 13325/5/6
f 13325/5/6 13321/5/6 13326/5/6
f 13326/5/6 13321/5/6 13327/5/6
f 13322/6/6 13323/6/6 13328/6/6
f 13327/5/6 13321/5/6 13328/5/6
f 13321/6/6 13322/6/6 13328/6/6
f 13328/6/6 13323/6/6 13329/6/6
f 13329/6/6 13323/6/6 13330/6/6
f 13326/5/6 13327/5/6 13331/5/6
f 13331/5/6 13327/5/6 13332/5/6
f 13328/6/6 13329/6/6 13333/6/6
f 13327/6/6 13328/6/6 13333/6/6
f 13333/6/6 13329/6/6 13334/6/6
f 13332/5/6 13327/5/6 13335/5/6
f 13335/5/6 13327/5/6 13336/5/6
f 13327/6/6 13333/6/6 13337/6/6
f 13337/6/6 13333/6/6 13338/6/6
f 13336/5/6 13327/5/6 13339/5/6
f 13327/6/6 13337/6/6 13340/6/6
f 13339/5/6 13327/5/6 13340/5/6
f 13340/6/6 13337/6/6 13341/6/6
f 13342/5/6 13343/5/6 13345/5/6
f 13344/5/6 13345/5/6 13347/5/6
f 13346/5/6 13347/5/6 13349/5/6
f 13348/5/6 13349/5/6 13351/5/6
f 13350/5/6 13351/5/6 13353/5/6
f 13345/5/6 13343/5/6 13354/5/6
f 13347/5/6 13345/5/6 13354/5/6
f 13353/5/6 13351/5/6 13354/5/6
f 13349/5/6 13347/5/6 13354/5/6
f 13351/5/6 13349/5/6 13354/5/6
f 13354/5/6 13343/5/6 13355/5/6
f 13352/5/6 13353/5/6 13356/5/6
f 13353/5/6 13354/5/6 13356/5/6
f 13356/5/6 13354/5/6 13357/5/6
f 13357/5/6 13354/5/6 13358/5/6
f 13358/5/6 13354/5/6 13359/5/6
f 13357/5/6 13358/5/6 13360/5/6
f 13360/5/6 13358/5/6 13361/5/6
