# MagicaVoxel @ Ephtracy

# group
o 

# material
mtllib Box0.mtl
usemtl palette

# normals
vn -1 0 0
vn 1 0 0
vn 0 0 1
vn 0 0 -1
vn 0 -1 0
vn 0 1 0

# texcoords
vt 0.310547 0.5
vt 0.318359 0.5
vt 0.322266 0.5
vt 0.326172 0.5
vt 0.357422 0.5
vt 0.544922 0.5
vt 0.572266 0.5
vt 0.634766 0.5

# verts
v -3.2 0 3.2
v -3.2 0 -3.2
v -3.2 0.1 3.1
v -3.2 0.1 2.8
v -3.2 0.1 2.7
v -3.2 0.1 -2.7
v -3.2 0.1 -2.8
v -3.2 0.1 -3.1
v -3.2 0.2 3
v -3.2 0.2 2.9
v -3.2 0.2 2.6
v -3.2 0.2 2.5
v -3.2 0.2 -2.5
v -3.2 0.2 -2.6
v -3.2 0.2 -2.9
v -3.2 0.2 -3
v -3.2 0.3 3
v -3.2 0.3 2.9
v -3.2 0.3 2.6
v -3.2 0.3 2.5
v -3.2 0.3 -2.5
v -3.2 0.3 -2.6
v -3.2 0.3 -2.9
v -3.2 0.3 -3
v -3.2 0.4 2.7
v -3.2 0.4 -2.7
v -3.2 0.5 2.7
v -3.2 0.5 -2.7
v -3.2 5.5 -2.8
v -3.2 5.5 -2.9
v -3.2 5.7 -2.9
v -3.2 5.7 -3
v -3.2 5.7 -3.1
v -3.2 5.7 -3.2
v -3.2 5.8 -3
v -3.2 5.8 -3.1
v -3.2 5.8 -3.2
v -3.2 5.9 2.7
v -3.2 5.9 -2.7
v -3.2 5.9 -3
v -3.2 5.9 -3.1
v -3.2 6 2.7
v -3.2 6 -2.7
v -3.2 6 -2.9
v -3.2 6 -3
v -3.2 6.1 3
v -3.2 6.1 2.9
v -3.2 6.1 2.6
v -3.2 6.1 2.5
v -3.2 6.1 -2.5
v -3.2 6.1 -2.6
v -3.2 6.1 -2.8
v -3.2 6.1 -2.9
v -3.2 6.2 3
v -3.2 6.2 2.9
v -3.2 6.2 2.6
v -3.2 6.2 2.5
v -3.2 6.2 -2.5
v -3.2 6.2 -2.6
v -3.2 6.2 -2.7
v -3.2 6.2 -2.8
v -3.2 6.3 3.1
v -3.2 6.3 2.8
v -3.2 6.3 2.7
v -3.2 6.3 -2.4
v -3.2 6.3 -2.6
v -3.2 6.3 -2.7
v -3.2 6.3 -2.8
v -3.2 6.4 3.2
v -3.2 6.4 -2.4
v -3.2 6.4 -2.6
v -3.2 6.4 -2.7
v -3.1 5.8 -3.1
v -3.1 5.8 -3.2
v -3.1 5.9 -3
v -3.1 5.9 -3.1
v -3.1 5.9 -3.2
v -3.1 6 -2.9
v -3.1 6 -3
v -3.1 6 -3.1
v -3.1 6.1 -2.8
v -3.1 6.1 -2.9
v -3.1 6.1 -3
v -3.1 6.2 -2.8
v -3.1 6.2 -2.9
v -3.1 6.3 -2.7
v -3.1 6.3 -2.8
v -3.1 6.4 -2.7
v -3.1 6.4 -2.8
v -3 0.5 2.6
v -3 0.5 2
v -3 0.5 1.9
v -3 0.5 1
v -3 0.5 0.9
v -3 0.5 0
v -3 0.5 -0.1
v -3 0.5 -1.2
v -3 0.5 -1.3
v -3 0.5 -2.6
v -3 0.6 2.5
v -3 0.6 2.1
v -3 0.6 1.8
v -3 0.6 1.1
v -3 0.6 0.8
v -3 0.6 0.0999999
v -3 0.6 -0.2
v -3 0.6 -1.1
v -3 0.6 -1.4
v -3 0.6 -2.5
v -3 5.8 2.5
v -3 5.8 2.1
v -3 5.8 1.8
v -3 5.8 1.1
v -3 5.8 0.8
v -3 5.8 0.0999999
v -3 5.8 -0.2
v -3 5.8 -1.1
v -3 5.8 -1.4
v -3 5.8 -2.5
v -3 5.9 2.6
v -3 5.9 2
v -3 5.9 1.9
v -3 5.9 1
v -3 5.9 0.9
v -3 5.9 0
v -3 5.9 -0.1
v -3 5.9 -1.2
v -3 5.9 -1.3
v -3 5.9 -2.6
v -3 5.9 -3.1
v -3 5.9 -3.2
v -3 6 -3
v -3 6 -3.1
v -3 6 -3.2
v -3 6.1 -2.9
v -3 6.1 -3
v -3 6.1 -3.1
v -3 6.2 -2.8
v -3 6.2 -2.9
v -3 6.2 -3
v -3 6.3 -2.8
v -3 6.3 -2.9
v -2.9 0.5 2.7
v -2.9 0.5 2.6
v -2.9 0.5 2
v -2.9 0.5 1.9
v -2.9 0.5 1
v -2.9 0.5 0.9
v -2.9 0.5 0
v -2.9 0.5 -0.1
v -2.9 0.5 -1.2
v -2.9 0.5 -1.3
v -2.9 0.5 -2.6
v -2.9 0.5 -2.7
v -2.9 0.6 2.7
v -2.9 0.6 -2.7
v -2.9 5.8 2.7
v -2.9 5.8 -2.7
v -2.9 5.9 2.7
v -2.9 5.9 2.6
v -2.9 5.9 2
v -2.9 5.9 1.9
v -2.9 5.9 1
v -2.9 5.9 0.9
v -2.9 5.9 0
v -2.9 5.9 -0.1
v -2.9 5.9 -1.2
v -2.9 5.9 -1.3
v -2.9 5.9 -2.6
v -2.9 5.9 -2.7
v -2.9 6 -3.1
v -2.9 6 -3.2
v -2.9 6.1 -3
v -2.9 6.1 -3.1
v -2.9 6.1 -3.2
v -2.9 6.2 -2.9
v -2.9 6.2 -3
v -2.9 6.2 -3.1
v -2.9 6.3 -2.9
v -2.9 6.3 -3
v -2.8 0.6 2.6
v -2.8 0.6 2
v -2.8 0.6 1.9
v -2.8 0.6 1
v -2.8 0.6 0.9
v -2.8 0.6 0
v -2.8 0.6 -0.1
v -2.8 0.6 -1.2
v -2.8 0.6 -1.3
v -2.8 0.6 -2.6
v -2.8 0.7 2.6
v -2.8 0.7 2
v -2.8 0.7 1.9
v -2.8 0.7 1
v -2.8 0.7 0.9
v -2.8 0.7 0
v -2.8 0.7 -0.1
v -2.8 0.7 -1.2
v -2.8 0.7 -1.3
v -2.8 0.7 -2.6
v -2.8 5.8 2.6
v -2.8 5.8 2
v -2.8 5.8 1.9
v -2.8 5.8 1
v -2.8 5.8 0.9
v -2.8 5.8 0
v -2.8 5.8 -0.1
v -2.8 5.8 -1.2
v -2.8 5.8 -1.3
v -2.8 5.8 -2.6
v -2.8 5.9 2.6
v -2.8 5.9 2
v -2.8 5.9 1.9
v -2.8 5.9 1
v -2.8 5.9 0.9
v -2.8 5.9 0
v -2.8 5.9 -0.1
v -2.8 5.9 -1.2
v -2.8 5.9 -1.3
v -2.8 5.9 -2.6
v -2.8 6.1 -3.1
v -2.8 6.1 -3.2
v -2.8 6.2 -3
v -2.8 6.2 -3.1
v -2.8 6.3 -2.8
v -2.8 6.3 -2.9
v -2.8 6.3 -3
v -2.8 6.3 -3.1
v -2.8 6.3 -3.2
v -2.8 6.4 -2.8
v -2.8 6.4 -3
v -2.8 6.4 -3.1
v -2.7 6.3 -3.1
v -2.7 6.3 -3.2
v -2.7 6.4 -3.1
v -2.7 6.4 -3.2
v -2.6 0.2 2.7
v -2.6 0.2 -2.7
v -2.6 0.3 2.7
v -2.6 0.3 -2.7
v -2.6 0.5 3
v -2.6 0.5 2.9
v -2.6 0.5 -2.9
v -2.6 0.5 -3
v -2.6 3.3 -2.9
v -2.6 3.4 -2.9
v -2.6 3.4 -3
v -2.6 3.9 -2.9
v -2.6 3.9 -3
v -2.6 4.3 -3.1
v -2.6 4.3 -3.2
v -2.6 4.6 -3.1
v -2.6 4.6 -3.2
v -2.6 5.6 -3.1
v -2.6 5.6 -3.2
v -2.6 5.9 3
v -2.6 5.9 2.9
v -2.6 5.9 -3.1
v -2.6 5.9 -3.2
v -2.6 6.1 2.7
v -2.6 6.1 -2.2
v -2.6 6.1 -2.4
v -2.6 6.2 2.7
v -2.6 6.2 -2.2
v -2.6 6.2 -2.4
v -2.6 6.2 -2.6
v -2.6 6.3 -2.4
v -2.6 6.3 -2.6
v -2.5 3.9 -3
v -2.5 3.9 -3.1
v -2.5 4.1 -3
v -2.5 4.1 -3.1
v -2.5 6.2 -2.2
v -2.5 6.2 -2.4
v -2.5 6.3 -2.2
v -2.5 6.3 -2.4
v -2.5 6.3 -2.5
v -2.5 6.4 -2.4
v -2.5 6.4 -2.5
v -2.4 4.1 -3.1
v -2.4 4.1 -3.2
v -2.4 4.2 -3.1
v -2.4 4.2 -3.2
v -2.4 4.7 -3.1
v -2.4 4.7 -3.2
v -2.4 5.7 -3.1
v -2.4 5.7 -3.2
v -2.4 5.9 -3.1
v -2.4 5.9 -3.2
v -2.4 6.2 -2.1
v -2.4 6.2 -2.2
v -2.4 6.3 -2.1
v -2.4 6.3 -2.2
v -2.4 6.3 -2.4
v -2.4 6.4 -2.2
v -2.4 6.4 -2.4
v -2.3 6.2 -2
v -2.3 6.2 -2.1
v -2.3 6.3 -2
v -2.3 6.3 -2.1
v -2.2 4.8 -3.1
v -2.2 4.8 -3.2
v -2.2 5.2 -3.1
v -2.2 5.2 -3.2
v -2.1 5.2 -3.1
v -2.1 5.2 -3.2
v -2.1 5.7 -3.1
v -2.1 5.9 -3.1
v -2.1 5.9 -3.2
v -2.1 6.1 2.7
v -2.1 6.1 -1.8
v -2.1 6.1 -1.9
v -2.1 6.2 2.7
v -2.1 6.2 -1.8
v -2.1 6.2 -1.9
v -2.1 6.2 -2
v -2.1 6.2 -2.1
v -2.1 6.3 -2
v -2.1 6.3 -2.1
v -1.8 0.6 -2.8
v -1.8 0.6 -2.9
v -1.8 0.7 -2.8
v -1.8 0.7 -2.9
v -1.8 5.8 -2.8
v -1.8 5.8 -2.9
v -1.8 5.9 -2.8
v -1.8 5.9 -2.9
v -1.7 0.5 -2.9
v -1.7 0.5 -3
v -1.7 5.4 -2.9
v -1.7 5.5 -2.9
v -1.7 5.5 -3
v -1.7 5.6 -2.9
v -1.7 5.6 -3
v -1.7 6.2 -2.6
v -1.7 6.2 -2.7
v -1.7 6.3 -2.6
v -1.7 6.3 -2.7
v -1.6 0.5 2.9
v -1.6 0.5 2.8
v -1.6 0.6 2.9
v -1.6 0.6 2.8
v -1.6 5.8 2.9
v -1.6 5.8 2.8
v -1.6 5.9 2.9
v -1.6 5.9 2.8
v -1.5 0.2 2.7
v -1.5 0.2 -2.3
v -1.5 0.2 -2.7
v -1.5 0.3 2.7
v -1.5 0.3 -2.3
v -1.5 0.3 -2.4
v -1.5 0.3 -2.7
v -1.5 0.5 3
v -1.5 0.5 2.9
v -1.5 2.1 3
v -1.5 2.1 2.9
v -1.5 4.2 2.9
v -1.5 4.4 3
v -1.5 4.4 2.9
v -1.5 5.9 3
v -1.5 5.9 2.9
v -1.4 5.6 -3
v -1.4 5.6 -3.1
v -1.4 5.7 -3
v -1.4 5.7 -3.1
v -1.2 4.8 -3
v -1.2 4.8 -3.1
v -1.2 5.1 -3
v -1.2 5.2 -3
v -1.2 5.2 -3.1
v -1.2 5.6 -3
v -1.2 5.6 -3.1
v -1.1 5.4 -3.1
v -1.1 5.4 -3.2
v -1.1 5.9 -3.1
v -1.1 5.9 -3.2
v -1 6.1 2.7
v -1 6.1 -1.2
v -1 6.1 -1.3
v -1 6.1 -1.4
v -1 6.1 -1.6
v -1 6.1 -1.9
v -1 6.1 -2
v -1 6.1 -2.2
v -1 6.1 -2.6
v -1 6.2 2.7
v -1 6.2 -1.6
v -1 6.2 -2
v -1 6.2 -2.2
v -1 6.2 -2.6
v -0.9 5.8 -3.1
v -0.9 5.8 -3.2
v -0.9 5.9 -3.1
v -0.9 5.9 -3.2
v -0.7 0.6 -2.8
v -0.7 0.6 -2.9
v -0.7 0.7 -2.8
v -0.7 0.7 -2.9
v -0.7 5.8 -2.8
v -0.7 5.8 -2.9
v -0.7 5.9 -2.8
v -0.7 5.9 -2.9
v -0.6 0.5 -2.9
v -0.6 0.5 -3
v -0.6 0.9 -2.9
v -0.6 1 -2.9
v -0.6 1 -3
v -0.6 5.9 -2.9
v -0.6 5.9 -3
v -0.5 0.5 2.9
v -0.5 0.5 2.8
v -0.5 0.6 2.9
v -0.5 0.6 2.8
v -0.5 5.8 2.9
v -0.5 5.8 2.8
v -0.5 5.9 2.9
v -0.5 5.9 2.8
v -0.4 0.2 2.7
v -0.4 0.2 -1.4
v -0.4 0.2 -2.7
v -0.4 0.3 2.7
v -0.4 0.3 -1.4
v -0.4 0.3 -2.7
v -0.4 0.5 3
v -0.4 0.5 2.9
v -0.4 2.4 3
v -0.4 2.4 2.9
v -0.4 4.8 3
v -0.4 4.8 2.9
v -0.4 5.9 3
v -0.4 5.9 2.9
v 0.1 6.1 2.7
v 0.1 6.1 -2.7
v 0.1 6.2 2.7
v 0.1 6.2 -2.7
v 0.4 0.6 -2.8
v 0.4 0.6 -2.9
v 0.4 0.7 -2.8
v 0.4 0.7 -2.9
v 0.4 5.8 -2.8
v 0.4 5.8 -2.9
v 0.4 5.9 -2.8
v 0.4 5.9 -2.9
v 0.5 0.5 -2.9
v 0.5 0.5 -3
v 0.5 1.1 -2.9
v 0.5 1.1 -3
v 0.5 5.9 -2.9
v 0.5 5.9 -3
v 0.6 0.5 2.9
v 0.6 0.5 2.8
v 0.6 0.6 2.9
v 0.6 0.6 2.8
v 0.6 5.8 2.9
v 0.6 5.8 2.8
v 0.6 5.9 2.9
v 0.6 5.9 2.8
v 0.7 0.2 2.7
v 0.7 0.2 -2
v 0.7 0.2 -2.7
v 0.7 0.3 2.7
v 0.7 0.3 -2
v 0.7 0.3 -2.7
v 0.7 0.5 3
v 0.7 0.5 2.9
v 0.7 1.1 3
v 0.7 1.1 2.9
v 0.7 4.9 3
v 0.7 4.9 2.9
v 0.7 5 2.9
v 0.7 5.9 3
v 0.7 5.9 2.9
v 1.2 6.1 2.7
v 1.2 6.1 -2.7
v 1.2 6.2 2.7
v 1.2 6.2 -2.7
v 1.5 0.6 -2.8
v 1.5 0.6 -2.9
v 1.5 0.7 -2.8
v 1.5 0.7 -2.9
v 1.5 5.8 -2.8
v 1.5 5.8 -2.9
v 1.5 5.9 -2.8
v 1.5 5.9 -2.9
v 1.6 0.5 -2.9
v 1.6 0.5 -3
v 1.6 1.8 -2.9
v 1.6 1.9 -2.9
v 1.6 1.9 -3
v 1.6 5.9 -2.9
v 1.6 5.9 -3
v 1.7 0.5 2.9
v 1.7 0.5 2.8
v 1.7 0.6 2.9
v 1.7 0.6 2.8
v 1.7 5.8 2.9
v 1.7 5.8 2.8
v 1.7 5.9 2.9
v 1.7 5.9 2.8
v 1.8 0.2 2.7
v 1.8 0.2 -1.6
v 1.8 0.2 -2.7
v 1.8 0.3 2.7
v 1.8 0.3 -1.6
v 1.8 0.3 -2.7
v 1.8 0.5 3
v 1.8 0.5 2.9
v 1.8 2.3 2.9
v 1.8 2.4 3
v 1.8 2.4 2.9
v 1.8 2.8 3
v 1.8 2.8 2.9
v 1.8 2.9 2.9
v 1.8 4.8 3
v 1.8 4.8 2.9
v 1.8 5.9 3
v 1.8 5.9 2.9
v 2.3 6.1 2.7
v 2.3 6.1 -2.7
v 2.3 6.2 2.7
v 2.3 6.2 -2.7
v 2.6 0.5 2.9
v 2.6 0.5 2.8
v 2.6 0.6 2.9
v 2.6 0.6 2.8
v 2.6 0.6 -2.8
v 2.6 0.6 -2.9
v 2.6 0.7 -2.8
v 2.6 0.7 -2.9
v 2.6 5.8 2.9
v 2.6 5.8 2.8
v 2.6 5.8 -2.8
v 2.6 5.8 -2.9
v 2.6 5.9 2.9
v 2.6 5.9 2.8
v 2.6 5.9 -2.8
v 2.6 5.9 -2.9
v 2.7 0 2.7
v 2.7 0 -1.5
v 2.7 0 -2.7
v 2.7 0.1 2.7
v 2.7 0.1 -1.3
v 2.7 0.1 -1.5
v 2.7 0.1 -2.7
v 2.7 0.2 -1.2
v 2.7 0.2 -1.3
v 2.7 0.3 2.7
v 2.7 0.3 -1.2
v 2.7 0.3 -1.3
v 2.7 0.3 -2.7
v 2.7 0.5 3.2
v 2.7 0.5 2.9
v 2.7 0.5 -2.9
v 2.7 0.5 -3.2
v 2.7 0.6 -2.9
v 2.7 0.6 -3.1
v 2.7 0.8 2.9
v 2.7 0.9 3
v 2.7 0.9 2.9
v 2.7 1 3.2
v 2.7 1 3.1
v 2.7 1 3
v 2.7 1.7 -3.1
v 2.7 1.7 -3.2
v 2.7 1.8 -2.9
v 2.7 1.8 -3.1
v 2.7 2.5 3.1
v 2.7 2.5 2.9
v 2.7 2.6 3.2
v 2.7 2.6 3.1
v 2.7 3.6 3
v 2.7 3.6 2.9
v 2.7 3.9 3
v 2.7 3.9 2.9
v 2.7 4.3 3.2
v 2.7 4.3 3.1
v 2.7 4.7 3.1
v 2.7 4.7 3
v 2.7 4.8 3.2
v 2.7 4.8 3.1
v 2.7 4.8 3
v 2.7 4.8 2.9
v 2.7 4.9 3
v 2.7 4.9 2.9
v 2.7 5 2.9
v 2.7 5.8 -2.9
v 2.7 5.8 -3.1
v 2.7 5.9 3.2
v 2.7 5.9 2.9
v 2.7 5.9 -2.9
v 2.7 5.9 -3.2
v 2.7 6.1 2.7
v 2.7 6.1 2.6
v 2.7 6.1 -2.6
v 2.7 6.1 -2.7
v 2.7 6.3 2.6
v 2.7 6.3 -2.6
v 2.7 6.4 2.7
v 2.7 6.4 2.6
v 2.7 6.4 -2.7
v 2.9 0.5 2.6
v 2.9 0.5 1.6
v 2.9 0.5 1.5
v 2.9 0.5 -0.1
v 2.9 0.5 -0.2
v 2.9 0.5 -1.1
v 2.9 0.5 -1.4
v 2.9 0.5 -1.5
v 2.9 0.5 -2.6
v 2.9 0.6 2.6
v 2.9 0.6 1.6
v 2.9 0.6 1.5
v 2.9 0.6 -0.1
v 2.9 0.6 -0.2
v 2.9 0.6 -1.1
v 2.9 0.6 -1.4
v 2.9 0.6 -1.5
v 2.9 0.6 -2.6
v 2.9 5.8 2.6
v 2.9 5.8 2.5
v 2.9 5.8 2.4
v 2.9 5.8 1.6
v 2.9 5.8 1.5
v 2.9 5.8 -0.1
v 2.9 5.8 -0.2
v 2.9 5.8 -1.4
v 2.9 5.8 -1.5
v 2.9 5.8 -2.6
v 2.9 5.9 2.6
v 2.9 5.9 2.5
v 2.9 5.9 2.4
v 2.9 5.9 1.6
v 2.9 5.9 1.5
v 2.9 5.9 -0.1
v 2.9 5.9 -0.2
v 2.9 5.9 -1.4
v 2.9 5.9 -1.5
v 2.9 5.9 -2.6
v -2.9 0.6 2.6
v -2.9 0.6 2.5
v -2.9 0.6 2.1
v -2.9 0.6 2
v -2.9 0.6 1.9
v -2.9 0.6 1.8
v -2.9 0.6 1.1
v -2.9 0.6 1
v -2.9 0.6 0.9
v -2.9 0.6 0.8
v -2.9 0.6 0.0999999
v -2.9 0.6 0
v -2.9 0.6 -0.1
v -2.9 0.6 -0.2
v -2.9 0.6 -1.1
v -2.9 0.6 -1.2
v -2.9 0.6 -1.3
v -2.9 0.6 -1.4
v -2.9 0.6 -2.5
v -2.9 0.6 -2.6
v -2.9 0.7 2.6
v -2.9 0.7 2.5
v -2.9 0.7 2.1
v -2.9 0.7 2
v -2.9 0.7 1.9
v -2.9 0.7 1.8
v -2.9 0.7 1.1
v -2.9 0.7 1
v -2.9 0.7 0.9
v -2.9 0.7 0.8
v -2.9 0.7 0.0999999
v -2.9 0.7 0
v -2.9 0.7 -0.1
v -2.9 0.7 -0.2
v -2.9 0.7 -1.1
v -2.9 0.7 -1.2
v -2.9 0.7 -1.3
v -2.9 0.7 -1.4
v -2.9 0.7 -2.5
v -2.9 0.7 -2.6
v -2.9 5.8 2.6
v -2.9 5.8 2
v -2.9 5.8 1.9
v -2.9 5.8 1
v -2.9 5.8 0.9
v -2.9 5.8 0
v -2.9 5.8 -0.1
v -2.9 5.8 -1.2
v -2.9 5.8 -1.3
v -2.9 5.8 -2.6
v -2.9 5.9 2.6
v -2.9 5.9 2
v -2.9 5.9 1.9
v -2.9 5.9 1
v -2.9 5.9 0.9
v -2.9 5.9 0
v -2.9 5.9 -0.1
v -2.9 5.9 -1.2
v -2.9 5.9 -1.3
v -2.9 5.9 -2.6
v -2.7 0 2.7
v -2.7 0 -2.7
v -2.7 0.1 2.7
v -2.7 0.1 -2.7
v -2.7 0.3 2.7
v -2.7 0.3 -2.7
v -2.7 0.5 3.2
v -2.7 0.5 2.9
v -2.7 0.5 -2.9
v -2.7 0.5 -3.2
v -2.7 0.6 3.1
v -2.7 0.6 2.9
v -2.7 0.6 -2.9
v -2.7 0.6 -3.1
v -2.7 3.3 -2.9
v -2.7 3.7 -2.9
v -2.7 3.7 -3
v -2.7 3.7 -3.1
v -2.7 3.7 -3.2
v -2.7 3.8 -3
v -2.7 3.8 -3.1
v -2.7 3.9 -2.9
v -2.7 3.9 -3
v -2.7 4.1 -3
v -2.7 4.1 -3.1
v -2.7 4.6 -3.1
v -2.7 4.6 -3.2
v -2.7 5.6 -3.1
v -2.7 5.6 -3.2
v -2.7 5.8 3.1
v -2.7 5.8 2.9
v -2.7 5.9 3.2
v -2.7 5.9 2.9
v -2.7 5.9 -3.1
v -2.7 5.9 -3.2
v -2.7 6.1 2.7
v -2.7 6.1 2.6
v -2.7 6.1 -2.2
v -2.7 6.1 -2.4
v -2.7 6.2 -2.4
v -2.7 6.2 -2.6
v -2.7 6.3 2.6
v -2.7 6.3 -2.3
v -2.7 6.3 -2.4
v -2.7 6.3 -2.6
v -2.7 6.4 2.7
v -2.7 6.4 -2.3
v -2.7 6.4 -2.4
v -2.6 0.5 2.9
v -2.6 0.5 2.8
v -2.6 0.6 2.9
v -2.6 0.6 2.8
v -2.6 0.6 -2.8
v -2.6 0.6 -2.9
v -2.6 0.7 -2.8
v -2.6 0.7 -2.9
v -2.6 5.8 2.9
v -2.6 5.8 2.8
v -2.6 5.8 -2.8
v -2.6 5.8 -2.9
v -2.6 5.9 2.9
v -2.6 5.9 2.8
v -2.6 5.9 -2.8
v -2.6 5.9 -2.9
v -2.6 6.3 -2.4
v -2.6 6.3 -2.5
v -2.6 6.4 -2.4
v -2.6 6.4 -2.5
v -2.5 4.3 -3.1
v -2.5 4.3 -3.2
v -2.5 4.7 -3.1
v -2.5 4.7 -3.2
v -2.5 5.7 -3.1
v -2.5 5.7 -3.2
v -2.5 5.9 -3.1
v -2.5 5.9 -3.2
v -2.4 4.8 -3.1
v -2.4 4.8 -3.2
v -2.4 5 -3.1
v -2.4 5 -3.2
v -2.4 5.7 -3.1
v -2.4 5.7 -3.2
v -2.3 4.1 -3.1
v -2.3 4.1 -3.2
v -2.3 4.2 -3.1
v -2.3 4.2 -3.2
v -2.3 4.8 -3.1
v -2.3 4.8 -3.2
v -2.3 5.7 -3.1
v -2.3 5.7 -3.2
v -2.3 5.9 -3.1
v -2.3 5.9 -3.2
v -2.2 3.9 -3
v -2.2 3.9 -3.1
v -2.2 4.1 -3
v -2.2 4.1 -3.1
v -2.2 4.2 -3
v -2.2 4.6 -3
v -2.2 4.8 -3
v -2.2 4.8 -3.1
v -2.2 6.1 2.7
v -2.2 6.1 -1.8
v -2.2 6.1 -1.9
v -2.2 6.2 2.7
v -2.2 6.2 -1.9
v -2.2 6.2 -2
v -2.2 6.2 -2.1
v -2.2 6.2 -2.6
v -2.2 6.2 -2.7
v -2.2 6.3 -2
v -2.2 6.3 -2.1
v -2.2 6.3 -2.6
v -2.2 6.3 -2.7
v -2.1 4.8 -3
v -2.1 4.8 -3.1
v -2.1 4.8 -3.2
v -2.1 5 -3
v -2.1 5 -3.1
v -2.1 5.2 -3.1
v -2.1 5.2 -3.2
v -2 5 -3
v -2 5 -3.1
v -2 5.2 -3
v -2 5.2 -3.1
v -2 5.2 -3.2
v -2 5.4 -3
v -2 5.4 -3.1
v -2 5.5 -3.1
v -2 5.5 -3.2
v -1.9 5.4 -3
v -1.9 5.4 -3.1
v -1.9 5.5 -3.1
v -1.9 5.5 -3.2
v -1.9 5.6 -3
v -1.9 5.6 -3.2
v -1.8 0.5 -2.9
v -1.8 0.5 -3
v -1.8 4.3 -2.9
v -1.8 4.3 -3
v -1.8 4.5 -2.9
v -1.8 4.5 -3
v -1.8 5.2 -2.9
v -1.8 5.2 -3
v -1.8 5.4 -2.9
v -1.8 5.6 -2.9
v -1.8 5.6 -3
v -1.8 5.6 -3.2
v -1.8 5.7 -3
v -1.8 5.7 -3.1
v -1.8 5.9 -3.1
v -1.8 5.9 -3.2
v -1.7 0.6 -2.8
v -1.7 0.6 -2.9
v -1.7 0.7 -2.8
v -1.7 0.7 -2.9
v -1.7 5.8 -2.8
v -1.7 5.8 -2.9
v -1.7 5.9 -2.8
v -1.7 5.9 -2.9
v -1.7 6.2 -2
v -1.7 6.2 -2.1
v -1.7 6.3 -2
v -1.7 6.3 -2.1
v -1.6 0.2 2.7
v -1.6 0.2 -2.4
v -1.6 0.2 -2.7
v -1.6 0.3 2.7
v -1.6 0.3 -2.4
v -1.6 0.3 -2.7
v -1.6 0.5 3
v -1.6 0.5 2.9
v -1.6 2.1 3
v -1.6 2.1 2.9
v -1.6 4.1 3
v -1.6 4.1 2.9
v -1.6 4.2 2.9
v -1.6 5.9 3
v -1.6 5.9 2.9
v -1.6 6.2 -2.1
v -1.6 6.2 -2.2
v -1.6 6.3 -2.1
v -1.6 6.3 -2.2
v -1.5 0.5 2.9
v -1.5 0.5 2.8
v -1.5 0.6 2.9
v -1.5 0.6 2.8
v -1.5 5.8 2.9
v -1.5 5.8 2.8
v -1.5 5.9 2.9
v -1.5 5.9 2.8
v -1.5 6.2 -2.2
v -1.5 6.2 -2.3
v -1.5 6.3 -2.3
v -1.5 6.3 -2.5
v -1.5 6.4 -2.2
v -1.5 6.4 -2.5
v -1.4 6.2 -2.3
v -1.4 6.2 -2.4
v -1.4 6.3 -2.3
v -1.4 6.3 -2.4
v -1.3 6.2 -2.4
v -1.3 6.2 -2.5
v -1.3 6.3 -2.4
v -1.3 6.3 -2.5
v -1.3 6.3 -2.7
v -1.3 6.4 -2.5
v -1.3 6.4 -2.7
v -1.1 4.8 -3
v -1.1 4.8 -3.1
v -1.1 5.2 -3
v -1.1 5.2 -3.1
v -1.1 5.3 -3
v -1.1 5.3 -3.1
v -1.1 6.1 2.7
v -1.1 6.1 -1.2
v -1.1 6.1 -1.3
v -1.1 6.1 -1.4
v -1.1 6.1 -1.6
v -1.1 6.1 -1.9
v -1.1 6.1 -2
v -1.1 6.1 -2.2
v -1.1 6.1 -2.6
v -1.1 6.2 2.7
v -1.1 6.2 -1.6
v -1.1 6.2 -1.9
v -1.1 6.2 -2
v -1.1 6.2 -2.5
v -1.1 6.3 -2.5
v -1.1 6.3 -2.6
v -1 5.3 -3
v -1 5.3 -3.1
v -1 5.4 -3
v -1 5.4 -3.1
v -1 5.4 -3.2
v -1 5.9 -3.1
v -1 5.9 -3.2
v -0.8 5.4 -3
v -0.8 5.4 -3.1
v -0.8 5.8 -3
v -0.8 5.8 -3.1
v -0.8 5.8 -3.2
v -0.8 5.9 -3.1
v -0.8 5.9 -3.2
v -0.7 0.5 -2.9
v -0.7 0.5 -3
v -0.7 0.8 -2.9
v -0.7 0.8 -3
v -0.7 0.9 -2.9
v -0.7 5.3 -2.9
v -0.7 5.3 -3
v -0.7 5.8 -3
v -0.7 5.8 -3.1
v -0.7 5.9 -2.9
v -0.7 5.9 -3.1
v -0.6 0.6 -2.8
v -0.6 0.6 -2.9
v -0.6 0.7 -2.8
v -0.6 0.7 -2.9
v -0.6 5.8 -2.8
v -0.6 5.8 -2.9
v -0.6 5.9 -2.8
v -0.6 5.9 -2.9
v -0.6 6.2 -2.6
v -0.6 6.2 -2.7
v -0.6 6.3 -2.6
v -0.6 6.3 -2.7
v -0.5 0.2 2.7
v -0.5 0.2 -1.4
v -0.5 0.2 -2.7
v -0.5 0.3 2.7
v -0.5 0.3 -1.4
v -0.5 0.3 -2.7
v -0.5 0.5 3
v -0.5 0.5 2.9
v -0.5 2.4 3
v -0.5 2.4 2.9
v -0.5 4.8 3
v -0.5 4.8 2.9
v -0.5 5.9 3
v -0.5 5.9 2.9
v -0.4 0.5 2.9
v -0.4 0.5 2.8
v -0.4 0.6 2.9
v -0.4 0.6 2.8
v -0.4 5.8 2.9
v -0.4 5.8 2.8
v -0.4 5.9 2.9
v -0.4 5.9 2.8
v 0 6.1 2.7
v 0 6.1 -1.8
v 0 6.1 -1.9
v 0 6.1 -2.7
v 0 6.2 2.7
v 0 6.2 -1.8
v 0 6.2 -1.9
v 0 6.2 -2.7
v 0.4 0.5 -2.9
v 0.4 0.5 -3
v 0.4 1 -2.9
v 0.4 1 -3
v 0.4 1.1 -2.9
v 0.4 5.9 -2.9
v 0.4 5.9 -3
v 0.5 0.6 -2.8
v 0.5 0.6 -2.9
v 0.5 0.7 -2.8
v 0.5 0.7 -2.9
v 0.5 5.8 -2.8
v 0.5 5.8 -2.9
v 0.5 5.9 -2.8
v 0.5 5.9 -2.9
v 0.6 0.2 2.7
v 0.6 0.2 -1.9
v 0.6 0.2 -2.7
v 0.6 0.3 2.7
v 0.6 0.3 -1.9
v 0.6 0.3 -2
v 0.6 0.3 -2.7
v 0.6 0.5 3
v 0.6 0.5 2.9
v 0.6 1.1 2.9
v 0.6 1.2 3
v 0.6 1.2 2.9
v 0.6 5 3
v 0.6 5 2.9
v 0.6 5.9 3
v 0.6 5.9 2.9
v 0.7 0.5 2.9
v 0.7 0.5 2.8
v 0.7 0.6 2.9
v 0.7 0.6 2.8
v 0.7 5.8 2.9
v 0.7 5.8 2.8
v 0.7 5.9 2.9
v 0.7 5.9 2.8
v 1.1 6.1 2.7
v 1.1 6.1 -2.7
v 1.1 6.2 2.7
v 1.1 6.2 -2.7
v 1.5 0.5 -2.9
v 1.5 0.5 -3
v 1.5 1.8 -2.9
v 1.5 1.8 -3
v 1.5 5.9 -2.9
v 1.5 5.9 -3
v 1.6 0.6 -2.8
v 1.6 0.6 -2.9
v 1.6 0.7 -2.8
v 1.6 0.7 -2.9
v 1.6 5.8 -2.8
v 1.6 5.8 -2.9
v 1.6 5.9 -2.8
v 1.6 5.9 -2.9
v 1.7 0.2 2.7
v 1.7 0.2 -1.6
v 1.7 0.2 -2.7
v 1.7 0.3 2.7
v 1.7 0.3 -1.6
v 1.7 0.3 -2.7
v 1.7 0.5 3
v 1.7 0.5 2.9
v 1.7 2.2 3
v 1.7 2.2 2.9
v 1.7 2.3 2.9
v 1.7 2.9 2.9
v 1.7 3.2 3
v 1.7 3.2 2.9
v 1.7 4.8 3
v 1.7 4.8 2.9
v 1.7 5.9 3
v 1.7 5.9 2.9
v 1.8 0.5 2.9
v 1.8 0.5 2.8
v 1.8 0.6 2.9
v 1.8 0.6 2.8
v 1.8 5.8 2.9
v 1.8 5.8 2.8
v 1.8 5.9 2.9
v 1.8 5.9 2.8
v 2.2 6.1 2.7
v 2.2 6.1 -2.7
v 2.2 6.2 2.7
v 2.2 6.2 -2.7
v 2.6 0.2 2.7
v 2.6 0.2 -1.5
v 2.6 0.2 -2.7
v 2.6 0.3 2.7
v 2.6 0.3 -1.3
v 2.6 0.3 -1.5
v 2.6 0.3 -2.7
v 2.6 0.5 3
v 2.6 0.5 2.9
v 2.6 0.5 -2.9
v 2.6 0.5 -3
v 2.6 0.8 3
v 2.6 0.8 2.9
v 2.6 1.8 -2.9
v 2.6 1.8 -3
v 2.6 4.9 3
v 2.6 4.9 2.9
v 2.6 5 2.9
v 2.6 5.9 3
v 2.6 5.9 2.9
v 2.6 5.9 -2.9
v 2.6 5.9 -3
v 2.6 6.1 2.7
v 2.6 6.1 -2.7
v 2.6 6.2 2.7
v 2.6 6.2 -2.7
v 2.8 0.5 2.6
v 2.8 0.5 1.6
v 2.8 0.5 1.5
v 2.8 0.5 -0.1
v 2.8 0.5 -0.2
v 2.8 0.5 -1.1
v 2.8 0.5 -1.2
v 2.8 0.5 -1.4
v 2.8 0.5 -1.5
v 2.8 0.5 -2.6
v 2.8 0.6 2.6
v 2.8 0.6 1.6
v 2.8 0.6 1.5
v 2.8 0.6 -0.1
v 2.8 0.6 -0.2
v 2.8 0.6 -1.1
v 2.8 0.6 -1.2
v 2.8 0.6 -1.4
v 2.8 0.6 -1.5
v 2.8 0.6 -2.6
v 2.8 5.8 2.6
v 2.8 5.8 2.4
v 2.8 5.8 1.6
v 2.8 5.8 1.5
v 2.8 5.8 -0.1
v 2.8 5.8 -0.2
v 2.8 5.8 -1.4
v 2.8 5.8 -1.5
v 2.8 5.8 -2.6
v 2.8 5.9 2.6
v 2.8 5.9 2.4
v 2.8 5.9 1.6
v 2.8 5.9 1.5
v 2.8 5.9 -0.1
v 2.8 5.9 -0.2
v 2.8 5.9 -1.4
v 2.8 5.9 -1.5
v 2.8 5.9 -2.6
v 2.9 0.5 2.7
v 2.9 0.5 2.6
v 2.9 0.5 1.6
v 2.9 0.5 1.5
v 2.9 0.5 -0.1
v 2.9 0.5 -0.2
v 2.9 0.5 -1.4
v 2.9 0.5 -1.5
v 2.9 0.5 -2.6
v 2.9 0.5 -2.7
v 2.9 0.6 -2.6
v 2.9 0.6 -2.7
v 2.9 0.7 2.7
v 2.9 1 -1.4
v 2.9 1 -1.5
v 2.9 1.1 -1.5
v 2.9 1.3 -0.1
v 2.9 1.5 -0.1
v 2.9 1.5 -0.2
v 2.9 1.5 -2.6
v 2.9 1.6 -2.7
v 2.9 1.7 -2.6
v 2.9 1.7 -2.7
v 2.9 1.8 -0.2
v 2.9 2.3 2.7
v 2.9 2.4 2.7
v 2.9 2.4 2.6
v 2.9 2.4 1.5
v 2.9 2.5 2.7
v 2.9 2.5 2.6
v 2.9 2.5 1.6
v 2.9 2.5 1.5
v 2.9 2.6 1.6
v 2.9 2.6 1.5
v 2.9 2.7 2.7
v 2.9 2.7 2.6
v 2.9 2.9 2.6
v 2.9 3 2.6
v 2.9 3.1 2.7
v 2.9 3.1 2.6
v 2.9 3.2 2.7
v 2.9 3.2 2.6
v 2.9 3.8 2.7
v 2.9 3.8 2.6
v 2.9 4.7 1.6
v 2.9 4.8 1.6
v 2.9 4.8 1.5
v 2.9 4.9 1.5
v 2.9 5.3 -0.1
v 2.9 5.3 -0.2
v 2.9 5.8 2.7
v 2.9 5.8 -2.7
v 2.9 5.9 2.7
v 2.9 5.9 2.6
v 2.9 5.9 1.6
v 2.9 5.9 1.5
v 2.9 5.9 -0.1
v 2.9 5.9 -0.2
v 2.9 5.9 -1.4
v 2.9 5.9 -1.5
v 2.9 5.9 -2.6
v 2.9 5.9 -2.7
v 3 0.5 2.6
v 3 0.5 1.6
v 3 0.5 1.5
v 3 0.5 -0.1
v 3 0.5 -0.2
v 3 0.5 -1.1
v 3 0.5 -1.4
v 3 0.5 -1.5
v 3 0.5 -2.6
v 3 0.6 2.5
v 3 0.6 1.7
v 3 0.6 1.4
v 3 0.6 0
v 3 0.6 -0.3
v 3 0.6 -1.1
v 3 0.6 -1.3
v 3 0.6 -1.6
v 3 0.6 -2.6
v 3 0.7 -1.1
v 3 0.7 -1.2
v 3 0.8 0.8
v 3 0.8 0.4
v 3 0.9 1
v 3 0.9 0.8
v 3 0.9 0.4
v 3 0.9 0.2
v 3 0.9 -1.2
v 3 0.9 -1.3
v 3 1 1.1
v 3 1 1
v 3 1 -1.3
v 3 1 -1.4
v 3 1.1 1.2
v 3 1.1 1.1
v 3 1.1 0.2
v 3 1.1 0.0999999
v 3 1.1 -1.5
v 3 1.1 -1.6
v 3 1.1 -1.8
v 3 1.2 0.0999999
v 3 1.2 0
v 3 1.2 -1.8
v 3 1.2 -1.9
v 3 1.3 1.3
v 3 1.3 1.2
v 3 1.3 0
v 3 1.3 -0.1
v 3 1.3 -1.9
v 3 1.3 -2
v 3 1.4 -2
v 3 1.4 -2.2
v 3 1.5 -2.2
v 3 1.5 -2.5
v 3 1.5 -2.6
v 3 1.8 -0.2
v 3 1.8 -0.3
v 3 2 -0.3
v 3 2 -0.4
v 3 2.3 1.4
v 3 2.3 1.3
v 3 2.4 2.6
v 3 2.4 2.5
v 3 2.4 1.5
v 3 2.4 1.4
v 3 2.4 -0.3
v 3 2.4 -0.4
v 3 2.5 2.6
v 3 2.5 2.5
v 3 2.5 -0.3
v 3 2.5 -0.4
v 3 2.6 1.7
v 3 2.6 1.6
v 3 2.6 1.5
v 3 2.6 1.4
v 3 2.6 -0.4
v 3 2.6 -0.6
v 3 2.7 1.8
v 3 2.7 1.7
v 3 2.8 1.9
v 3 2.8 1.8
v 3 2.8 -0.6
v 3 2.8 -0.7
v 3 2.9 2.6
v 3 2.9 2.5
v 3 2.9 2.1
v 3 2.9 1.9
v 3 3 2.6
v 3 3 2.5
v 3 3 2.2
v 3 3 2.1
v 3 3.1 -0.7
v 3 3.1 -0.8
v 3 3.2 2.3
v 3 3.2 2.2
v 3 3.7 2.5
v 3 3.7 2.3
v 3 3.7 -0.7
v 3 3.7 -0.8
v 3 3.8 2.6
v 3 3.8 2.5
v 3 4.3 -0.6
v 3 4.3 -0.7
v 3 4.4 -0.6
v 3 4.4 -0.7
v 3 4.6 1.8
v 3 4.6 1.7
v 3 4.7 1.7
v 3 4.7 1.6
v 3 4.8 1.5
v 3 4.8 1.4
v 3 4.8 0.7
v 3 4.8 0.5
v 3 4.9 1.5
v 3 4.9 1.4
v 3 4.9 1.3
v 3 4.9 0.9
v 3 4.9 0.7
v 3 5 1.3
v 3 5 0.9
v 3 5 0.5
v 3 5 0.4
v 3 5 -0.6
v 3 5 -0.7
v 3 5.2 1.9
v 3 5.2 1.8
v 3 5.2 0.4
v 3 5.2 0.2
v 3 5.2 -0.4
v 3 5.2 -0.6
v 3 5.3 0.2
v 3 5.3 0
v 3 5.3 -0.1
v 3 5.3 -0.2
v 3 5.3 -0.3
v 3 5.3 -0.4
v 3 5.4 2.1
v 3 5.4 1.9
v 3 5.5 2.4
v 3 5.5 2.1
v 3 5.8 2.4
v 3 5.8 1.7
v 3 5.8 1.4
v 3 5.8 0
v 3 5.8 -0.3
v 3 5.8 -1.3
v 3 5.8 -1.6
v 3 5.8 -2.5
v 3 5.9 2.6
v 3 5.9 2.5
v 3 5.9 2.4
v 3 5.9 2.3
v 3 5.9 1.6
v 3 5.9 1.5
v 3 5.9 -0.1
v 3 5.9 -0.2
v 3 5.9 -1.4
v 3 5.9 -1.5
v 3 5.9 -2.6
v 3.2 0 3.2
v 3.2 0 2.8
v 3.2 0 -1.3
v 3.2 0 -3.2
v 3.2 0.1 2.8
v 3.2 0.1 2.7
v 3.2 0.1 -1.2
v 3.2 0.1 -1.3
v 3.2 0.1 -3.1
v 3.2 0.2 2.6
v 3.2 0.2 2.5
v 3.2 0.2 -2.9
v 3.2 0.2 -3
v 3.2 0.3 2.6
v 3.2 0.3 2.5
v 3.2 0.3 -1.1
v 3.2 0.3 -1.2
v 3.2 0.3 -2.9
v 3.2 0.3 -3
v 3.2 0.4 2.7
v 3.2 0.4 -1.1
v 3.2 0.4 -2.8
v 3.2 0.5 2.7
v 3.2 0.5 -1.1
v 3.2 0.5 -2.7
v 3.2 0.6 2.8
v 3.2 0.6 2.7
v 3.2 0.8 2.9
v 3.2 0.8 2.8
v 3.2 0.9 3.2
v 3.2 0.9 3.1
v 3.2 0.9 2.9
v 3.2 1.6 -2.7
v 3.2 1.6 -2.8
v 3.2 1.7 -2.8
v 3.2 1.7 -3
v 3.2 1.8 -3
v 3.2 1.8 -3.1
v 3.2 1.8 -3.2
v 3.2 2.2 3.1
v 3.2 2.2 2.8
v 3.2 2.2 2.7
v 3.2 2.3 3.2
v 3.2 2.3 3.1
v 3.2 5.9 2.7
v 3.2 5.9 2.3
v 3.2 5.9 -2.7
v 3.2 6 2.6
v 3.2 6 2.3
v 3.2 6 -2.7
v 3.2 6.1 -2.5
v 3.2 6.1 -2.6
v 3.2 6.1 -2.9
v 3.2 6.1 -3
v 3.2 6.2 -2.5
v 3.2 6.2 -2.6
v 3.2 6.2 -2.9
v 3.2 6.2 -3
v 3.2 6.3 2.6
v 3.2 6.3 2.4
v 3.2 6.3 2.3
v 3.2 6.3 -2.7
v 3.2 6.3 -2.8
v 3.2 6.3 -3.1
v 3.2 6.4 3.2
v 3.2 6.4 2.8
v 3.2 6.4 2.4
v 3.2 6.4 -3.2
v -3.2 0 3.2
v -3.2 6.4 3.2
v -3.1 0.1 3.2
v -3.1 6.3 3.2
v -3 0.2 3.2
v -3 0.3 3.2
v -3 6.1 3.2
v -3 6.2 3.2
v -2.9 0.2 3.2
v -2.9 0.3 3.2
v -2.9 6.1 3.2
v -2.9 6.2 3.2
v -2.8 0.1 3.2
v -2.8 6.3 3.2
v -2.7 0.5 3.2
v -2.7 5.9 3.2
v -2.6 0.1 3.2
v -2.6 0.4 3.2
v -2.6 6 3.2
v -2.6 6.3 3.2
v -2.5 0.2 3.2
v -2.5 0.3 3.2
v -2.5 6.1 3.2
v -2.5 6.2 3.2
v -2.4 0.2 3.2
v -2.4 0.3 3.2
v -2.4 6.1 3.2
v -2.4 6.2 3.2
v 1 5.9 3.2
v 1 6 3.2
v 1 6.2 3.2
v 1.1 6.2 3.2
v 1.1 6.3 3.2
v 1.1 6.4 3.2
v 2.4 0.2 3.2
v 2.4 0.3 3.2
v 2.4 0.4 3.2
v 2.4 0.5 3.2
v 2.5 0.1 3.2
v 2.5 0.2 3.2
v 2.5 0.3 3.2
v 2.6 0 3.2
v 2.6 0.1 3.2
v 2.7 0.5 3.2
v 2.7 1 3.2
v 2.7 2.6 3.2
v 2.7 4.3 3.2
v 2.7 4.8 3.2
v 2.7 5.9 3.2
v 2.8 1 3.2
v 2.8 2.4 3.2
v 2.8 2.6 3.2
v 2.8 4.3 3.2
v 2.8 4.8 3.2
v 2.9 2.3 3.2
v 2.9 2.4 3.2
v 3.1 0.9 3.2
v 3.1 1 3.2
v 3.1 2.3 3.2
v 3.2 0 3.2
v 3.2 0.9 3.2
v 3.2 2.3 3.2
v 3.2 6.4 3.2
v -2.6 0.5 3
v -2.6 5.9 3
v -2.5 0.6 3
v -2.5 5.8 3
v -2 2.4 3
v -2 3.5 3
v -1.9 2.2 3
v -1.9 2.4 3
v -1.9 3.5 3
v -1.9 3.7 3
v -1.8 3.7 3
v -1.8 3.9 3
v -1.7 0.6 3
v -1.7 2.1 3
v -1.7 2.2 3
v -1.7 3.9 3
v -1.7 4.1 3
v -1.7 5.8 3
v -1.6 0.5 3
v -1.6 2.1 3
v -1.6 4.1 3
v -1.6 5.9 3
v -1.5 0.5 3
v -1.5 2.1 3
v -1.5 4.4 3
v -1.5 5.9 3
v -1.4 0.6 3
v -1.4 2.1 3
v -1.4 4.4 3
v -1.4 4.5 3
v -1.4 5.8 3
v -1.3 2.1 3
v -1.3 2.2 3
v -1.3 4.5 3
v -1.3 4.6 3
v -1.1 2.2 3
v -1.1 2.3 3
v -1.1 4.6 3
v -1.1 4.7 3
v -1 2.3 3
v -1 2.4 3
v -0.9 2.4 3
v -0.9 2.5 3
v -0.9 4.7 3
v -0.9 4.8 3
v -0.8 2.4 3
v -0.8 2.5 3
v -0.6 0.6 3
v -0.6 2.4 3
v -0.6 4.8 3
v -0.6 5.8 3
v -0.5 0.5 3
v -0.5 2.4 3
v -0.5 4.8 3
v -0.5 5.9 3
v -0.4 0.5 3
v -0.4 2.4 3
v -0.4 4.8 3
v -0.4 5.9 3
v -0.3 0.6 3
v -0.3 2.3 3
v -0.3 2.4 3
v -0.3 4.7 3
v -0.3 4.8 3
v -0.3 5.8 3
v -0.2 2.1 3
v -0.2 2.3 3
v -0.0999999 1.9 3
v -0.0999999 2.1 3
v -0.0999999 4.6 3
v -0.0999999 4.7 3
v 0 1.6 3
v 0 1.9 3
v 0 4.6 3
v 0 4.8 3
v 0.1 1.4 3
v 0.1 1.6 3
v 0.1 4.8 3
v 0.1 4.9 3
v 0.3 1.3 3
v 0.3 1.4 3
v 0.3 4.9 3
v 0.3 5 3
v 0.4 1.2 3
v 0.4 1.3 3
v 0.5 0.6 3
v 0.5 1.2 3
v 0.5 5 3
v 0.5 5.8 3
v 0.6 0.5 3
v 0.6 1.2 3
v 0.6 5 3
v 0.6 5.9 3
v 0.7 0.5 3
v 0.7 1.1 3
v 0.7 4.9 3
v 0.7 5.9 3
v 0.8 0.6 3
v 0.8 1.1 3
v 0.8 4.9 3
v 0.8 5.8 3
v 0.9 4.7 3
v 0.9 4.9 3
v 1 1.1 3
v 1 1.2 3
v 1 5.9 3
v 1.1 4.6 3
v 1.1 4.7 3
v 1.1 5.3 3
v 1.1 5.8 3
v 1.1 5.9 3
v 1.2 1.2 3
v 1.2 1.4 3
v 1.2 4.5 3
v 1.2 4.6 3
v 1.2 5.1 3
v 1.2 5.3 3
v 1.3 1.4 3
v 1.3 1.6 3
v 1.3 4.3 3
v 1.3 4.5 3
v 1.3 4.9 3
v 1.3 5.1 3
v 1.4 1.6 3
v 1.4 1.8 3
v 1.4 4.1 3
v 1.4 4.3 3
v 1.5 1.8 3
v 1.5 2.1 3
v 1.5 3.7 3
v 1.5 4.1 3
v 1.5 4.8 3
v 1.5 4.9 3
v 1.6 0.6 3
v 1.6 2.1 3
v 1.6 2.2 3
v 1.6 3.2 3
v 1.6 3.7 3
v 1.6 4.8 3
v 1.7 0.5 3
v 1.7 2.2 3
v 1.7 3.2 3
v 1.7 4.8 3
v 1.7 5.9 3
v 1.8 0.5 3
v 1.8 2.4 3
v 1.8 2.8 3
v 1.8 4.8 3
v 1.8 5.9 3
v 1.9 0.6 3
v 1.9 2.4 3
v 1.9 2.8 3
v 1.9 4.8 3
v 2 4.8 3
v 2 4.9 3
v 2.2 4.9 3
v 2.2 5.1 3
v 2.3 5.1 3
v 2.3 5.2 3
v 2.4 0.5 3
v 2.4 5 3
v 2.4 5.2 3
v 2.5 0.5 3
v 2.5 0.6 3
v 2.5 0.8 3
v 2.5 4.9 3
v 2.5 5 3
v 2.6 0.5 3
v 2.6 0.8 3
v 2.6 4.9 3
v 2.6 5.9 3
v -2.7 0.5 2.9
v -2.7 0.6 2.9
v -2.7 5.8 2.9
v -2.7 5.9 2.9
v -2.6 0.5 2.9
v -2.6 5.9 2.9
v -1.6 0.5 2.9
v -1.6 2.1 2.9
v -1.6 4.1 2.9
v -1.6 4.2 2.9
v -1.6 5.9 2.9
v -1.5 0.5 2.9
v -1.5 2.1 2.9
v -1.5 4.2 2.9
v -1.5 4.4 2.9
v -1.5 5.9 2.9
v -0.5 0.5 2.9
v -0.5 2.4 2.9
v -0.5 4.8 2.9
v -0.5 5.9 2.9
v -0.4 0.5 2.9
v -0.4 2.4 2.9
v -0.4 4.8 2.9
v -0.4 5.9 2.9
v 0.6 0.5 2.9
v 0.6 1.1 2.9
v 0.6 1.2 2.9
v 0.6 5 2.9
v 0.6 5.9 2.9
v 0.7 0.5 2.9
v 0.7 1.1 2.9
v 0.7 4.9 2.9
v 0.7 5 2.9
v 0.7 5.9 2.9
v 1.7 0.5 2.9
v 1.7 2.2 2.9
v 1.7 2.3 2.9
v 1.7 2.9 2.9
v 1.7 3.2 2.9
v 1.7 4.8 2.9
v 1.7 5.9 2.9
v 1.8 0.5 2.9
v 1.8 2.3 2.9
v 1.8 2.4 2.9
v 1.8 2.8 2.9
v 1.8 2.9 2.9
v 1.8 4.8 2.9
v 1.8 5.9 2.9
v 2.6 0.5 2.9
v 2.6 0.8 2.9
v 2.6 4.9 2.9
v 2.6 5 2.9
v 2.6 5.9 2.9
v 2.7 0.5 2.9
v 2.7 0.8 2.9
v 2.7 0.9 2.9
v 2.7 2.5 2.9
v 2.7 3.6 2.9
v 2.7 3.9 2.9
v 2.7 4.8 2.9
v 2.7 4.9 2.9
v 2.7 5 2.9
v 2.7 5.9 2.9
v -2.6 0.5 2.8
v -2.6 0.6 2.8
v -2.6 5.8 2.8
v -2.6 5.9 2.8
v -1.6 0.5 2.8
v -1.6 0.6 2.8
v -1.6 5.8 2.8
v -1.6 5.9 2.8
v -1.5 0.5 2.8
v -1.5 0.6 2.8
v -1.5 5.8 2.8
v -1.5 5.9 2.8
v -0.5 0.5 2.8
v -0.5 0.6 2.8
v -0.5 5.8 2.8
v -0.5 5.9 2.8
v -0.4 0.5 2.8
v -0.4 0.6 2.8
v -0.4 5.8 2.8
v -0.4 5.9 2.8
v 0.6 0.5 2.8
v 0.6 0.6 2.8
v 0.6 5.8 2.8
v 0.6 5.9 2.8
v 0.7 0.5 2.8
v 0.7 0.6 2.8
v 0.7 5.8 2.8
v 0.7 5.9 2.8
v 1.1 5.8 2.8
v 1.1 5.9 2.8
v 1.2 5.8 2.8
v 1.2 5.9 2.8
v 1.7 0.5 2.8
v 1.7 0.6 2.8
v 1.7 5.8 2.8
v 1.7 5.9 2.8
v 1.8 0.5 2.8
v 1.8 0.6 2.8
v 1.8 5.8 2.8
v 1.8 5.9 2.8
v 2.5 0.5 2.8
v 2.6 0.5 2.8
v 2.6 0.6 2.8
v 2.6 5.8 2.8
v 2.6 5.9 2.8
v -3 0.5 2.6
v -3 5.9 2.6
v -2.9 0.5 2.6
v -2.9 5.9 2.6
v 2.9 0.5 2.6
v 2.9 2.4 2.6
v 2.9 2.5 2.6
v 2.9 2.7 2.6
v 2.9 2.9 2.6
v 2.9 3 2.6
v 2.9 3.1 2.6
v 2.9 3.2 2.6
v 2.9 3.8 2.6
v 2.9 5.9 2.6
v 3 0.5 2.6
v 3 2.4 2.6
v 3 2.5 2.6
v 3 2.9 2.6
v 3 3 2.6
v 3 3.8 2.6
v 3 5.9 2.6
v -2.9 0.6 2
v -2.9 0.7 2
v -2.9 5.8 2
v -2.9 5.9 2
v -2.8 0.6 2
v -2.8 0.7 2
v -2.8 5.8 2
v -2.8 5.9 2
v -3 0.5 1.9
v -3 5.9 1.9
v -2.9 0.5 1.9
v -2.9 5.9 1.9
v 2.8 0.5 1.6
v 2.8 0.6 1.6
v 2.8 5.8 1.6
v 2.8 5.9 1.6
v 2.9 0.5 1.6
v 2.9 0.6 1.6
v 2.9 5.8 1.6
v 2.9 5.9 1.6
v 2.9 0.5 1.5
v 2.9 2.4 1.5
v 2.9 2.5 1.5
v 2.9 2.6 1.5
v 2.9 4.8 1.5
v 2.9 4.9 1.5
v 2.9 5.9 1.5
v 3 0.5 1.5
v 3 2.4 1.5
v 3 2.6 1.5
v 3 4.8 1.5
v 3 4.9 1.5
v 3 5.9 1.5
v -2.9 0.6 1
v -2.9 0.7 1
v -2.9 5.8 1
v -2.9 5.9 1
v -2.8 0.6 1
v -2.8 0.7 1
v -2.8 5.8 1
v -2.8 5.9 1
v -3 0.5 0.9
v -3 5.9 0.9
v -2.9 0.5 0.9
v -2.9 5.9 0.9
v -2.9 0.6 0
v -2.9 0.7 0
v -2.9 5.8 0
v -2.9 5.9 0
v -2.8 0.6 0
v -2.8 0.7 0
v -2.8 5.8 0
v -2.8 5.9 0
v -3 0.5 -0.1
v -3 5.9 -0.1
v -2.9 0.5 -0.1
v -2.9 5.9 -0.1
v 2.8 0.5 -0.1
v 2.8 0.6 -0.1
v 2.8 5.8 -0.1
v 2.8 5.9 -0.1
v 2.9 0.5 -0.1
v 2.9 0.6 -0.1
v 2.9 5.8 -0.1
v 2.9 5.9 -0.1
v 2.9 0.5 -0.2
v 2.9 1.5 -0.2
v 2.9 1.8 -0.2
v 2.9 5.3 -0.2
v 2.9 5.9 -0.2
v 3 0.5 -0.2
v 3 1.8 -0.2
v 3 5.3 -0.2
v 3 5.9 -0.2
v -2.9 0.6 -1.2
v -2.9 0.7 -1.2
v -2.9 5.8 -1.2
v -2.9 5.9 -1.2
v -2.8 0.6 -1.2
v -2.8 0.7 -1.2
v -2.8 5.8 -1.2
v -2.8 5.9 -1.2
v -3 0.5 -1.3
v -3 5.9 -1.3
v -2.9 0.5 -1.3
v -2.9 5.9 -1.3
v 2.8 0.5 -1.4
v 2.8 0.6 -1.4
v 2.8 5.8 -1.4
v 2.8 5.9 -1.4
v 2.9 0.5 -1.4
v 2.9 0.6 -1.4
v 2.9 5.8 -1.4
v 2.9 5.9 -1.4
v 2.9 0.5 -1.5
v 2.9 1 -1.5
v 2.9 1.1 -1.5
v 2.9 5.9 -1.5
v 3 0.5 -1.5
v 3 1.1 -1.5
v 3 5.9 -1.5
v -2.2 6.1 -1.9
v -2.2 6.2 -1.9
v -2.1 6.1 -1.9
v -2.1 6.2 -1.9
v -2.3 6.2 -2
v -2.3 6.3 -2
v -2.2 6.2 -2
v -2.2 6.3 -2
v -2.1 6.2 -2
v -2.1 6.3 -2
v -1.7 6.2 -2
v -1.7 6.3 -2
v -2.4 6.2 -2.1
v -2.4 6.3 -2.1
v -2.3 6.2 -2.1
v -2.3 6.3 -2.1
v -2.2 6.2 -2.1
v -2.2 6.3 -2.1
v -2.1 6.2 -2.1
v -2.1 6.3 -2.1
v -1.7 6.2 -2.1
v -1.7 6.3 -2.1
v -1.6 6.2 -2.1
v -1.6 6.3 -2.1
v -2.5 6.2 -2.2
v -2.5 6.3 -2.2
v -2.4 6.2 -2.2
v -2.4 6.3 -2.2
v -2.4 6.4 -2.2
v -1.6 6.2 -2.2
v -1.6 6.3 -2.2
v -1.5 6.2 -2.2
v -1.5 6.4 -2.2
v -1.5 6.2 -2.3
v -1.5 6.3 -2.3
v -1.4 6.2 -2.3
v -1.4 6.3 -2.3
v -2.7 6.1 -2.4
v -2.7 6.2 -2.4
v -2.7 6.3 -2.4
v -2.7 6.4 -2.4
v -2.6 6.1 -2.4
v -2.6 6.2 -2.4
v -2.6 6.3 -2.4
v -2.6 6.4 -2.4
v -2.5 6.2 -2.4
v -2.5 6.3 -2.4
v -2.5 6.4 -2.4
v -2.4 6.3 -2.4
v -2.4 6.4 -2.4
v -1.4 6.2 -2.4
v -1.4 6.3 -2.4
v -1.3 6.2 -2.4
v -1.3 6.3 -2.4
v -2.6 6.3 -2.5
v -2.6 6.4 -2.5
v -2.5 6.3 -2.5
v -2.5 6.4 -2.5
v -1.5 6.3 -2.5
v -1.5 6.4 -2.5
v -1.3 6.2 -2.5
v -1.3 6.3 -2.5
v -1.3 6.4 -2.5
v -1.1 6.2 -2.5
v -1.1 6.3 -2.5
v -2.9 0.6 -2.6
v -2.9 0.7 -2.6
v -2.9 5.8 -2.6
v -2.9 5.9 -2.6
v -2.8 0.6 -2.6
v -2.8 0.7 -2.6
v -2.8 5.8 -2.6
v -2.8 5.9 -2.6
v -2.7 6.2 -2.6
v -2.7 6.3 -2.6
v -2.6 6.2 -2.6
v -2.6 6.3 -2.6
v -1.1 6.1 -2.6
v -1.1 6.3 -2.6
v -1 6.1 -2.6
v -1 6.2 -2.6
v -0.6 6.2 -2.6
v -0.6 6.3 -2.6
v 2.8 0.5 -2.6
v 2.8 0.6 -2.6
v 2.8 5.8 -2.6
v 2.8 5.9 -2.6
v 2.9 0.5 -2.6
v 2.9 0.6 -2.6
v 2.9 5.8 -2.6
v 2.9 5.9 -2.6
v -3.2 0.5 -2.7
v -3.2 5.9 -2.7
v -3.1 0.6 -2.7
v -3.1 5.8 -2.7
v -2.9 0.5 -2.7
v -2.9 0.6 -2.7
v -2.9 5.8 -2.7
v -2.9 5.9 -2.7
v -2.7 0 -2.7
v -2.7 0.1 -2.7
v -2.7 0.3 -2.7
v -2.6 0.2 -2.7
v -2.6 0.3 -2.7
v -2.2 6.2 -2.7
v -2.2 6.3 -2.7
v -2.1 6.2 -2.7
v -1.8 0 -2.7
v -1.8 0.1 -2.7
v -1.8 0.2 -2.7
v -1.7 0.2 -2.7
v -1.7 6.2 -2.7
v -1.7 6.3 -2.7
v -1.6 0.2 -2.7
v -1.6 0.3 -2.7
v -1.5 0.2 -2.7
v -1.5 0.3 -2.7
v -1.3 6.3 -2.7
v -1.3 6.4 -2.7
v -0.6 6.2 -2.7
v -0.6 6.3 -2.7
v -0.5 0.2 -2.7
v -0.5 0.3 -2.7
v -0.4 0.2 -2.7
v -0.4 0.3 -2.7
v -0.3 6.3 -2.7
v -0.3 6.4 -2.7
v -0.2 6.2 -2.7
v -0.2 6.3 -2.7
v 0 6.1 -2.7
v 0 6.2 -2.7
v 0.1 6.1 -2.7
v 0.1 6.2 -2.7
v 0.6 0.2 -2.7
v 0.6 0.3 -2.7
v 0.7 0.2 -2.7
v 0.7 0.3 -2.7
v 1.1 6.1 -2.7
v 1.1 6.2 -2.7
v 1.2 6.1 -2.7
v 1.2 6.2 -2.7
v 1.7 0.2 -2.7
v 1.7 0.3 -2.7
v 1.8 0.2 -2.7
v 1.8 0.3 -2.7
v 2.2 6.1 -2.7
v 2.2 6.2 -2.7
v 2.3 6.1 -2.7
v 2.3 6.2 -2.7
v 2.5 0.2 -2.7
v 2.6 0.1 -2.7
v 2.6 0.2 -2.7
v 2.6 0.3 -2.7
v 2.6 6.1 -2.7
v 2.6 6.2 -2.7
v 2.6 6.3 -2.7
v 2.7 0 -2.7
v 2.7 0.1 -2.7
v 2.7 0.3 -2.7
v 2.7 6.1 -2.7
v 2.7 6.4 -2.7
v 2.9 0.5 -2.7
v 2.9 0.6 -2.7
v 2.9 1.6 -2.7
v 2.9 1.7 -2.7
v 2.9 5.8 -2.7
v 2.9 5.9 -2.7
v 3.1 0.6 -2.7
v 3.1 1.6 -2.7
v 3.1 5.8 -2.7
v 3.2 0.5 -2.7
v 3.2 1.6 -2.7
v 3.2 5.9 -2.7
v -2.6 0.6 -2.9
v -2.6 0.7 -2.9
v -2.6 5.8 -2.9
v -2.6 5.9 -2.9
v -2.5 0.6 -2.9
v -2.5 0.7 -2.9
v -2.5 5.8 -2.9
v -2.5 5.9 -2.9
v -2.1 5.8 -2.9
v -2.1 5.9 -2.9
v -1.9 0.6 -2.9
v -1.9 0.7 -2.9
v -1.9 5.8 -2.9
v -1.9 5.9 -2.9
v -1.8 0.6 -2.9
v -1.8 0.7 -2.9
v -1.8 5.8 -2.9
v -1.8 5.9 -2.9
v -1.7 0.6 -2.9
v -1.7 0.7 -2.9
v -1.7 5.8 -2.9
v -1.7 5.9 -2.9
v -1.6 0.6 -2.9
v -1.6 0.7 -2.9
v -1.3 0.6 -2.9
v -1 0.6 -2.9
v -1 0.7 -2.9
v -0.8 0.7 -2.9
v -0.8 5.8 -2.9
v -0.8 5.9 -2.9
v -0.7 0.6 -2.9
v -0.7 0.7 -2.9
v -0.7 5.8 -2.9
v -0.7 5.9 -2.9
v -0.6 0.6 -2.9
v -0.6 0.7 -2.9
v -0.6 5.8 -2.9
v -0.6 5.9 -2.9
v 0.4 0.6 -2.9
v 0.4 0.7 -2.9
v 0.4 5.8 -2.9
v 0.4 5.9 -2.9
v 0.5 0.6 -2.9
v 0.5 0.7 -2.9
v 0.5 5.8 -2.9
v 0.5 5.9 -2.9
v 1.5 0.6 -2.9
v 1.5 0.7 -2.9
v 1.5 5.8 -2.9
v 1.5 5.9 -2.9
v 1.6 0.6 -2.9
v 1.6 0.7 -2.9
v 1.6 5.8 -2.9
v 1.6 5.9 -2.9
v 2.6 0.6 -2.9
v 2.6 0.7 -2.9
v 2.6 5.8 -2.9
v 2.6 5.9 -2.9
v -2.6 0.5 2.9
v -2.6 0.6 2.9
v -2.6 5.8 2.9
v -2.6 5.9 2.9
v -1.6 0.5 2.9
v -1.6 0.6 2.9
v -1.6 5.8 2.9
v -1.6 5.9 2.9
v -1.5 0.5 2.9
v -1.5 0.6 2.9
v -1.5 5.8 2.9
v -1.5 5.9 2.9
v -0.5 0.5 2.9
v -0.5 0.6 2.9
v -0.5 5.8 2.9
v -0.5 5.9 2.9
v -0.4 0.5 2.9
v -0.4 0.6 2.9
v -0.4 5.8 2.9
v -0.4 5.9 2.9
v 0.6 0.5 2.9
v 0.6 0.6 2.9
v 0.6 5.8 2.9
v 0.6 5.9 2.9
v 0.7 0.5 2.9
v 0.7 0.6 2.9
v 0.7 5.8 2.9
v 0.7 5.9 2.9
v 1.1 5.8 2.9
v 1.1 5.9 2.9
v 1.7 0.5 2.9
v 1.7 0.6 2.9
v 1.7 5.8 2.9
v 1.7 5.9 2.9
v 1.8 0.5 2.9
v 1.8 0.6 2.9
v 1.8 5.8 2.9
v 1.8 5.9 2.9
v 2.5 0.5 2.9
v 2.5 0.6 2.9
v 2.6 0.5 2.9
v 2.6 0.6 2.9
v 2.6 5.8 2.9
v 2.6 5.9 2.9
v -3.2 0.5 2.7
v -3.2 5.9 2.7
v -3.1 0.6 2.7
v -3.1 5.8 2.7
v -2.9 0.5 2.7
v -2.9 0.6 2.7
v -2.9 5.8 2.7
v -2.9 5.9 2.7
v -2.7 0 2.7
v -2.7 0.1 2.7
v -2.7 0.3 2.7
v -2.7 6.1 2.7
v -2.7 6.4 2.7
v -2.6 0.2 2.7
v -2.6 0.3 2.7
v -2.6 6.1 2.7
v -2.6 6.2 2.7
v -2.6 6.3 2.7
v -2.2 6.1 2.7
v -2.2 6.2 2.7
v -2.1 6.1 2.7
v -2.1 6.2 2.7
v -1.6 0.2 2.7
v -1.6 0.3 2.7
v -1.5 0.2 2.7
v -1.5 0.3 2.7
v -1.1 6.1 2.7
v -1.1 6.2 2.7
v -1 6.1 2.7
v -1 6.2 2.7
v -0.5 0.2 2.7
v -0.5 0.3 2.7
v -0.4 0.2 2.7
v -0.4 0.3 2.7
v 0 6.1 2.7
v 0 6.2 2.7
v 0.1 6.1 2.7
v 0.1 6.2 2.7
v 0.6 0.2 2.7
v 0.6 0.3 2.7
v 0.7 0.2 2.7
v 0.7 0.3 2.7
v 1.1 6.1 2.7
v 1.1 6.2 2.7
v 1.2 6.1 2.7
v 1.2 6.2 2.7
v 1.4 6.2 2.7
v 1.4 6.3 2.7
v 1.4 6.4 2.7
v 1.7 0.2 2.7
v 1.7 0.3 2.7
v 1.8 0.2 2.7
v 1.8 0.3 2.7
v 2.2 6.1 2.7
v 2.2 6.2 2.7
v 2.3 6.1 2.7
v 2.3 6.2 2.7
v 2.6 0.2 2.7
v 2.6 0.3 2.7
v 2.6 6.1 2.7
v 2.6 6.2 2.7
v 2.7 0 2.7
v 2.7 0.1 2.7
v 2.7 0.3 2.7
v 2.7 6.1 2.7
v 2.7 6.4 2.7
v 2.9 0.5 2.7
v 2.9 0.7 2.7
v 2.9 2.3 2.7
v 2.9 2.4 2.7
v 2.9 2.5 2.7
v 2.9 2.7 2.7
v 2.9 3.1 2.7
v 2.9 3.2 2.7
v 2.9 3.8 2.7
v 2.9 5.8 2.7
v 2.9 5.9 2.7
v 3 2.2 2.7
v 3 2.3 2.7
v 3.1 0.6 2.7
v 3.1 0.7 2.7
v 3.1 2.2 2.7
v 3.1 5.8 2.7
v 3.2 0.5 2.7
v 3.2 0.6 2.7
v 3.2 2.2 2.7
v 3.2 5.9 2.7
v -2.9 0.6 2.6
v -2.9 0.7 2.6
v -2.9 5.8 2.6
v -2.9 5.9 2.6
v -2.8 0.6 2.6
v -2.8 0.7 2.6
v -2.8 5.8 2.6
v -2.8 5.9 2.6
v 2.8 0.5 2.6
v 2.8 0.6 2.6
v 2.8 5.8 2.6
v 2.8 5.9 2.6
v 2.9 0.5 2.6
v 2.9 0.6 2.6
v 2.9 5.8 2.6
v 2.9 5.9 2.6
v -3 0.5 2
v -3 5.9 2
v -2.9 0.5 2
v -2.9 5.9 2
v -2.9 0.6 1.9
v -2.9 0.7 1.9
v -2.9 5.8 1.9
v -2.9 5.9 1.9
v -2.8 0.6 1.9
v -2.8 0.7 1.9
v -2.8 5.8 1.9
v -2.8 5.9 1.9
v 2.9 0.5 1.6
v 2.9 2.5 1.6
v 2.9 2.6 1.6
v 2.9 4.7 1.6
v 2.9 4.8 1.6
v 2.9 5.9 1.6
v 3 0.5 1.6
v 3 2.6 1.6
v 3 4.7 1.6
v 3 5.9 1.6
v 2.8 0.5 1.5
v 2.8 0.6 1.5
v 2.8 5.8 1.5
v 2.8 5.9 1.5
v 2.9 0.5 1.5
v 2.9 0.6 1.5
v 2.9 5.8 1.5
v 2.9 5.9 1.5
v -3 0.5 1
v -3 5.9 1
v -2.9 0.5 1
v -2.9 5.9 1
v -2.9 0.6 0.9
v -2.9 0.7 0.9
v -2.9 5.8 0.9
v -2.9 5.9 0.9
v -2.8 0.6 0.9
v -2.8 0.7 0.9
v -2.8 5.8 0.9
v -2.8 5.9 0.9
v -3 0.5 0
v -3 5.9 0
v -2.9 0.5 0
v -2.9 5.9 0
v -2.9 0.6 -0.1
v -2.9 0.7 -0.1
v -2.9 5.8 -0.1
v -2.9 5.9 -0.1
v -2.8 0.6 -0.1
v -2.8 0.7 -0.1
v -2.8 5.8 -0.1
v -2.8 5.9 -0.1
v 2.9 0.5 -0.1
v 2.9 1.3 -0.1
v 2.9 1.5 -0.1
v 2.9 5.3 -0.1
v 2.9 5.9 -0.1
v 3 0.5 -0.1
v 3 1.3 -0.1
v 3 5.3 -0.1
v 3 5.9 -0.1
v 2.8 0.5 -0.2
v 2.8 0.6 -0.2
v 2.8 5.8 -0.2
v 2.8 5.9 -0.2
v 2.9 0.5 -0.2
v 2.9 0.6 -0.2
v 2.9 5.8 -0.2
v 2.9 5.9 -0.2
v -3 0.5 -1.2
v -3 5.9 -1.2
v -2.9 0.5 -1.2
v -2.9 5.9 -1.2
v -2.9 0.6 -1.3
v -2.9 0.7 -1.3
v -2.9 5.8 -1.3
v -2.9 5.9 -1.3
v -2.8 0.6 -1.3
v -2.8 0.7 -1.3
v -2.8 5.8 -1.3
v -2.8 5.9 -1.3
v 2.9 0.5 -1.4
v 2.9 1 -1.4
v 2.9 5.9 -1.4
v 3 0.5 -1.4
v 3 1 -1.4
v 3 5.9 -1.4
v 2.8 0.5 -1.5
v 2.8 0.6 -1.5
v 2.8 5.8 -1.5
v 2.8 5.9 -1.5
v 2.9 0.5 -1.5
v 2.9 0.6 -1.5
v 2.9 5.8 -1.5
v 2.9 5.9 -1.5
v -3 0.5 -2.6
v -3 5.9 -2.6
v -2.9 0.5 -2.6
v -2.9 5.9 -2.6
v -2.2 6.2 -2.6
v -2.2 6.3 -2.6
v -2.1 6.2 -2.6
v -1.7 6.2 -2.6
v -1.7 6.3 -2.6
v 2.9 0.5 -2.6
v 2.9 0.6 -2.6
v 2.9 1.5 -2.6
v 2.9 1.7 -2.6
v 2.9 5.9 -2.6
v 3 0.5 -2.6
v 3 0.6 -2.6
v 3 1.5 -2.6
v 3 5.9 -2.6
v -3.2 6.3 -2.7
v -3.2 6.4 -2.7
v -3.1 6.3 -2.7
v -3.1 6.4 -2.7
v -3.2 6.1 -2.8
v -3.2 6.2 -2.8
v -3.2 6.3 -2.8
v -3.1 6.1 -2.8
v -3.1 6.2 -2.8
v -3.1 6.3 -2.8
v -3.1 6.4 -2.8
v -3 6.2 -2.8
v -3 6.3 -2.8
v -2.9 6.3 -2.8
v -2.9 6.4 -2.8
v -2.8 6.3 -2.8
v -2.8 6.4 -2.8
v -2.6 0.6 -2.8
v -2.6 0.7 -2.8
v -2.6 5.8 -2.8
v -2.6 5.9 -2.8
v -1.8 0.6 -2.8
v -1.8 0.7 -2.8
v -1.8 5.8 -2.8
v -1.8 5.9 -2.8
v -1.7 0.6 -2.8
v -1.7 0.7 -2.8
v -1.7 5.8 -2.8
v -1.7 5.9 -2.8
v -1.3 0.6 -2.8
v -1.2 0.6 -2.8
v -1.2 0.7 -2.8
v -0.8 0.7 -2.8
v -0.7 0.6 -2.8
v -0.7 0.7 -2.8
v -0.7 5.8 -2.8
v -0.7 5.9 -2.8
v -0.6 0.6 -2.8
v -0.6 0.7 -2.8
v -0.6 5.8 -2.8
v -0.6 5.9 -2.8
v 0.4 0.6 -2.8
v 0.4 0.7 -2.8
v 0.4 5.8 -2.8
v 0.4 5.9 -2.8
v 0.5 0.6 -2.8
v 0.5 0.7 -2.8
v 0.5 5.8 -2.8
v 0.5 5.9 -2.8
v 1.5 0.6 -2.8
v 1.5 0.7 -2.8
v 1.5 5.8 -2.8
v 1.5 5.9 -2.8
v 1.6 0.6 -2.8
v 1.6 0.7 -2.8
v 1.6 5.8 -2.8
v 1.6 5.9 -2.8
v 2.6 0.6 -2.8
v 2.6 0.7 -2.8
v 2.6 5.8 -2.8
v 2.6 5.9 -2.8
v -3.2 6 -2.9
v -3.2 6.1 -2.9
v -3.1 6 -2.9
v -3.1 6.1 -2.9
v -3.1 6.2 -2.9
v -3 6.1 -2.9
v -3 6.2 -2.9
v -3 6.3 -2.9
v -2.9 6.2 -2.9
v -2.9 6.3 -2.9
v -2.7 0.5 -2.9
v -2.7 0.6 -2.9
v -2.7 3.3 -2.9
v -2.7 3.7 -2.9
v -2.7 3.9 -2.9
v -2.6 0.5 -2.9
v -2.6 3.3 -2.9
v -2.6 3.4 -2.9
v -2.6 3.9 -2.9
v -1.8 0.5 -2.9
v -1.8 4.3 -2.9
v -1.8 4.5 -2.9
v -1.8 5.2 -2.9
v -1.8 5.4 -2.9
v -1.8 5.6 -2.9
v -1.7 0.5 -2.9
v -1.7 5.4 -2.9
v -1.7 5.5 -2.9
v -1.7 5.6 -2.9
v -0.7 0.5 -2.9
v -0.7 0.8 -2.9
v -0.7 0.9 -2.9
v -0.7 5.3 -2.9
v -0.7 5.9 -2.9
v -0.6 0.5 -2.9
v -0.6 0.9 -2.9
v -0.6 1 -2.9
v -0.6 5.9 -2.9
v 0.4 0.5 -2.9
v 0.4 1 -2.9
v 0.4 1.1 -2.9
v 0.4 5.9 -2.9
v 0.5 0.5 -2.9
v 0.5 1.1 -2.9
v 0.5 5.9 -2.9
v 1.5 0.5 -2.9
v 1.5 1.8 -2.9
v 1.5 5.9 -2.9
v 1.6 0.5 -2.9
v 1.6 1.8 -2.9
v 1.6 1.9 -2.9
v 1.6 5.9 -2.9
v 2.6 0.5 -2.9
v 2.6 1.8 -2.9
v 2.6 5.9 -2.9
v 2.7 0.5 -2.9
v 2.7 0.6 -2.9
v 2.7 1.8 -2.9
v 2.7 5.8 -2.9
v 2.7 5.9 -2.9
v -3.2 5.9 -3
v -3.2 6 -3
v -3.1 5.9 -3
v -3.1 6 -3
v -3.1 6.1 -3
v -3 6 -3
v -3 6.1 -3
v -3 6.2 -3
v -2.9 6.1 -3
v -2.9 6.2 -3
v -2.9 6.3 -3
v -2.8 6.2 -3
v -2.8 6.3 -3
v -2.7 3.9 -3
v -2.7 4.1 -3
v -2.6 0.5 -3
v -2.6 3.4 -3
v -2.6 3.9 -3
v -2.5 0.6 -3
v -2.5 3.4 -3
v -2.5 3.6 -3
v -2.5 3.9 -3
v -2.5 4.1 -3
v -2.4 3.6 -3
v -2.4 3.7 -3
v -2.2 3.9 -3
v -2.2 4.1 -3
v -2.2 4.2 -3
v -2.2 4.6 -3
v -2.2 4.8 -3
v -2.1 4.2 -3
v -2.1 4.6 -3
v -2.1 4.8 -3
v -2.1 5 -3
v -2 3.7 -3
v -2 3.9 -3
v -2 5 -3
v -2 5.2 -3
v -2 5.4 -3
v -1.9 0.6 -3
v -1.9 3.9 -3
v -1.9 4.3 -3
v -1.9 4.5 -3
v -1.9 5.2 -3
v -1.9 5.4 -3
v -1.9 5.6 -3
v -1.8 0.5 -3
v -1.8 4.3 -3
v -1.8 4.5 -3
v -1.8 5.2 -3
v -1.8 5.6 -3
v -1.8 5.7 -3
v -1.7 0.5 -3
v -1.7 5.5 -3
v -1.7 5.6 -3
v -1.6 0.6 -3
v -1.6 5.5 -3
v -1.6 5.6 -3
v -1.5 5.7 -3
v -1.4 5 -3
v -1.4 5.6 -3
v -1.4 5.7 -3
v -1.3 5 -3
v -1.3 5.1 -3
v -1.2 4.8 -3
v -1.2 5.1 -3
v -1.2 5.2 -3
v -1.2 5.6 -3
v -1.1 0.5 -3
v -1.1 0.6 -3
v -1.1 4.8 -3
v -1.1 5.2 -3
v -1.1 5.3 -3
v -1 0.6 -3
v -1 0.7 -3
v -1 5.2 -3
v -1 5.3 -3
v -1 5.4 -3
v -0.9 0.7 -3
v -0.9 0.8 -3
v -0.9 5.2 -3
v -0.9 5.3 -3
v -0.8 0.8 -3
v -0.8 5.3 -3
v -0.8 5.4 -3
v -0.8 5.8 -3
v -0.7 0.5 -3
v -0.7 0.8 -3
v -0.7 5.3 -3
v -0.7 5.8 -3
v -0.6 0.5 -3
v -0.6 1 -3
v -0.6 5.9 -3
v -0.5 1 -3
v -0.5 5.8 -3
v 0.3 1 -3
v 0.3 5.8 -3
v 0.4 0.5 -3
v 0.4 1 -3
v 0.4 5.9 -3
v 0.5 0.5 -3
v 0.5 1.1 -3
v 0.5 5.9 -3
v 0.6 1.1 -3
v 0.6 5.8 -3
v 0.8 1.1 -3
v 0.8 1.2 -3
v 0.9 1.2 -3
v 0.9 1.3 -3
v 1 1.3 -3
v 1 1.5 -3
v 1.1 1.5 -3
v 1.1 1.6 -3
v 1.3 1.6 -3
v 1.3 1.7 -3
v 1.4 1.7 -3
v 1.4 1.8 -3
v 1.4 5.8 -3
v 1.5 0.5 -3
v 1.5 1.8 -3
v 1.5 5.9 -3
v 1.6 0.5 -3
v 1.6 1.9 -3
v 1.6 5.9 -3
v 1.7 1.9 -3
v 1.7 5.8 -3
v 2.1 1.8 -3
v 2.1 1.9 -3
v 2.5 1.8 -3
v 2.5 5.8 -3
v 2.6 0.5 -3
v 2.6 1.8 -3
v 2.6 5.9 -3
v -3.2 5.8 -3.1
v -3.2 5.9 -3.1
v -3.1 5.8 -3.1
v -3.1 5.9 -3.1
v -3.1 6 -3.1
v -3 5.9 -3.1
v -3 6 -3.1
v -3 6.1 -3.1
v -2.9 6 -3.1
v -2.9 6.1 -3.1
v -2.9 6.2 -3.1
v -2.8 6.1 -3.1
v -2.8 6.2 -3.1
v -2.8 6.3 -3.1
v -2.8 6.4 -3.1
v -2.7 4.1 -3.1
v -2.7 4.6 -3.1
v -2.7 5.6 -3.1
v -2.7 5.9 -3.1
v -2.7 6.3 -3.1
v -2.7 6.4 -3.1
v -2.6 4.3 -3.1
v -2.6 4.6 -3.1
v -2.6 5.6 -3.1
v -2.6 5.9 -3.1
v -2.5 3.9 -3.1
v -2.5 4.1 -3.1
v -2.5 4.3 -3.1
v -2.5 4.7 -3.1
v -2.5 5.7 -3.1
v -2.5 5.9 -3.1
v -2.4 4.1 -3.1
v -2.4 4.2 -3.1
v -2.4 4.7 -3.1
v -2.4 4.8 -3.1
v -2.4 5 -3.1
v -2.4 5.7 -3.1
v -2.4 5.9 -3.1
v -2.3 4.1 -3.1
v -2.3 4.2 -3.1
v -2.3 4.8 -3.1
v -2.3 5.2 -3.1
v -2.3 5.7 -3.1
v -2.3 5.9 -3.1
v -2.2 3.9 -3.1
v -2.2 4.1 -3.1
v -2.2 4.8 -3.1
v -2.2 5.2 -3.1
v -2.2 5.7 -3.1
v -2.1 5 -3.1
v -2.1 5.2 -3.1
v -2.1 5.7 -3.1
v -2.1 5.9 -3.1
v -2 5 -3.1
v -2 5.2 -3.1
v -2 5.4 -3.1
v -2 5.5 -3.1
v -1.9 5.4 -3.1
v -1.9 5.5 -3.1
v -1.8 5.7 -3.1
v -1.8 5.9 -3.1
v -1.5 5.7 -3.1
v -1.5 5.9 -3.1
v -1.4 5.6 -3.1
v -1.4 5.7 -3.1
v -1.2 4.8 -3.1
v -1.2 5.2 -3.1
v -1.2 5.6 -3.1
v -1.1 4.8 -3.1
v -1.1 5.2 -3.1
v -1.1 5.3 -3.1
v -1.1 5.4 -3.1
v -1.1 5.9 -3.1
v -1 5.3 -3.1
v -1 5.4 -3.1
v -1 5.9 -3.1
v -0.9 5.8 -3.1
v -0.9 5.9 -3.1
v -0.8 5.4 -3.1
v -0.8 5.8 -3.1
v -0.8 5.9 -3.1
v -0.7 5.8 -3.1
v -0.7 5.9 -3.1
v -3.2 0 -3.2
v -3.2 5.7 -3.2
v -3.2 5.8 -3.2
v -3.1 0.1 -3.2
v -3.1 5.7 -3.2
v -3.1 5.8 -3.2
v -3.1 5.9 -3.2
v -3 0.2 -3.2
v -3 0.3 -3.2
v -3 5.8 -3.2
v -3 5.9 -3.2
v -3 6 -3.2
v -2.9 0.2 -3.2
v -2.9 0.3 -3.2
v -2.9 3.9 -3.2
v -2.9 5.1 -3.2
v -2.9 5.7 -3.2
v -2.9 5.9 -3.2
v -2.9 6 -3.2
v -2.9 6.1 -3.2
v -2.8 0.1 -3.2
v -2.8 3.7 -3.2
v -2.8 3.9 -3.2
v -2.8 5.1 -3.2
v -2.8 5.7 -3.2
v -2.8 6 -3.2
v -2.8 6.1 -3.2
v -2.8 6.3 -3.2
v -2.7 0.1 -3.2
v -2.7 0.4 -3.2
v -2.7 0.5 -3.2
v -2.7 3.7 -3.2
v -2.7 4.6 -3.2
v -2.7 5.3 -3.2
v -2.7 5.6 -3.2
v -2.7 5.9 -3.2
v -2.7 6 -3.2
v -2.7 6.3 -3.2
v -2.7 6.4 -3.2
v -2.6 0.2 -3.2
v -2.6 0.3 -3.2
v -2.6 4.3 -3.2
v -2.6 4.6 -3.2
v -2.6 4.8 -3.2
v -2.6 4.9 -3.2
v -2.6 5.3 -3.2
v -2.6 5.6 -3.2
v -2.6 5.9 -3.2
v -2.5 0.2 -3.2
v -2.5 0.3 -3.2
v -2.5 4.3 -3.2
v -2.5 4.7 -3.2
v -2.5 4.8 -3.2
v -2.5 4.9 -3.2
v -2.5 5 -3.2
v -2.5 5.7 -3.2
v -2.5 5.9 -3.2
v -2.5 6.1 -3.2
v -2.5 6.2 -3.2
v -2.4 4.1 -3.2
v -2.4 4.2 -3.2
v -2.4 4.7 -3.2
v -2.4 4.8 -3.2
v -2.4 5 -3.2
v -2.4 5.7 -3.2
v -2.4 5.9 -3.2
v -2.4 6.1 -3.2
v -2.4 6.2 -3.2
v -2.3 4.1 -3.2
v -2.3 4.2 -3.2
v -2.3 4.8 -3.2
v -2.3 5.7 -3.2
v -2.3 5.9 -3.2
v -2.2 4.8 -3.2
v -2.2 5.2 -3.2
v -2.1 4.8 -3.2
v -2.1 5.2 -3.2
v -2.1 5.9 -3.2
v -2 5.2 -3.2
v -2 5.5 -3.2
v -2 5.8 -3.2
v -2 5.9 -3.2
v -2 6.2 -3.2
v -1.9 5.5 -3.2
v -1.9 5.6 -3.2
v -1.9 5.8 -3.2
v -1.9 6.2 -3.2
v -1.8 5.6 -3.2
v -1.8 5.9 -3.2
v -1.7 6.3 -3.2
v -1.7 6.4 -3.2
v -1.6 0 -3.2
v -1.6 0.1 -3.2
v -1.6 6.1 -3.2
v -1.6 6.3 -3.2
v -1.5 0.1 -3.2
v -1.5 0.3 -3.2
v -1.5 5.9 -3.2
v -1.5 6.1 -3.2
v -1.3 0.3 -3.2
v -1.3 0.4 -3.2
v -1.1 0.4 -3.2
v -1.1 0.5 -3.2
v -1.1 5.4 -3.2
v -1.1 5.9 -3.2
v -1.1 6.1 -3.2
v -1 5.4 -3.2
v -1 5.9 -3.2
v -1 6.1 -3.2
v -1 6.4 -3.2
v -0.9 5.8 -3.2
v -0.9 5.9 -3.2
v -0.8 5.8 -3.2
v -0.8 5.9 -3.2
v -0.7 5.9 -3.2
v -0.7 6 -3.2
v -0.7 6.1 -3.2
v -0.6 6.1 -3.2
v -0.6 6.3 -3.2
v -0.6 6.4 -3.2
v 2.4 0.2 -3.2
v 2.4 0.3 -3.2
v 2.4 6.1 -3.2
v 2.4 6.2 -3.2
v 2.5 0.2 -3.2
v 2.5 0.3 -3.2
v 2.5 6.1 -3.2
v 2.5 6.2 -3.2
v 2.6 0.1 -3.2
v 2.6 0.4 -3.2
v 2.6 6 -3.2
v 2.6 6.3 -3.2
v 2.7 0.5 -3.2
v 2.7 1.7 -3.2
v 2.7 5.9 -3.2
v 2.8 0.1 -3.2
v 2.8 1.7 -3.2
v 2.8 6.3 -3.2
v 2.9 0.2 -3.2
v 2.9 0.3 -3.2
v 2.9 1.7 -3.2
v 2.9 1.8 -3.2
v 2.9 6.1 -3.2
v 2.9 6.2 -3.2
v 3 0.2 -3.2
v 3 0.3 -3.2
v 3 6.1 -3.2
v 3 6.2 -3.2
v 3.1 0.1 -3.2
v 3.1 1.8 -3.2
v 3.1 6.3 -3.2
v 3.2 0 -3.2
v 3.2 1.8 -3.2
v 3.2 6.4 -3.2
v -3.2 0 3.2
v 2.6 0 3.2
v 3.2 0 3.2
v -3.1 0 3.1
v -2.8 0 3.1
v -2.7 0 3.1
v 2.6 0 3.1
v 2.7 0 3.1
v -3 0 3
v -2.9 0 3
v -2.5 0 3
v -2.4 0 3
v 2.4 0 3
v 2.5 0 3
v -3 0 2.9
v -2.9 0 2.9
v -2.5 0 2.9
v -2.4 0 2.9
v 2.4 0 2.9
v 2.5 0 2.9
v 2.7 0 2.9
v 2.8 0 2.9
v -2.7 0 2.8
v 2.7 0 2.8
v 2.8 0 2.8
v 3.1 0 2.8
v 3.2 0 2.8
v -2.7 0 2.7
v 2.7 0 2.7
v 2.9 0 -1.3
v 3.1 0 -1.3
v 3.2 0 -1.3
v 2.8 0 -1.4
v 2.9 0 -1.4
v 2.7 0 -1.5
v 2.8 0 -1.5
v -2.7 0 -2.7
v -1.8 0 -2.7
v 2.7 0 -2.7
v -2.7 0 -2.8
v -1.8 0 -2.8
v 2.6 0 -2.8
v -3 0 -2.9
v -2.9 0 -2.9
v -2.6 0 -2.9
v -2.5 0 -2.9
v -1.8 0 -2.9
v -1.7 0 -2.9
v -3 0 -3
v -2.9 0 -3
v -2.6 0 -3
v -2.5 0 -3
v -3.1 0 -3.1
v -2.8 0 -3.1
v -2.7 0 -3.1
v -1.7 0 -3.1
v -1.6 0 -3.1
v 2.6 0 -3.1
v 2.8 0 -3.1
v 3.1 0 -3.1
v -3.2 0 -3.2
v -1.6 0 -3.2
v 3.2 0 -3.2
v -2.6 0.2 2.7
v -1.6 0.2 2.7
v -1.5 0.2 2.7
v -0.5 0.2 2.7
v -0.4 0.2 2.7
v 0.6 0.2 2.7
v 0.7 0.2 2.7
v 1.7 0.2 2.7
v 1.8 0.2 2.7
v 2.6 0.2 2.7
v -2.5 0.2 2.6
v -1.7 0.2 2.6
v -1.4 0.2 2.6
v -0.6 0.2 2.6
v -0.3 0.2 2.6
v 0.5 0.2 2.6
v 0.8 0.2 2.6
v 1.6 0.2 2.6
v 1.9 0.2 2.6
v 2.5 0.2 2.6
v -0.7 0.2 -1.4
v -0.6 0.2 -1.4
v -0.5 0.2 -1.4
v -0.4 0.2 -1.4
v -0.3 0.2 -1.4
v 0 0.2 -1.4
v -0.9 0.2 -1.5
v -0.7 0.2 -1.5
v 0 0.2 -1.5
v 0.2 0.2 -1.5
v 2.4 0.2 -1.5
v 2.5 0.2 -1.5
v 2.6 0.2 -1.5
v 0.2 0.2 -1.6
v 0.3 0.2 -1.6
v 1.5 0.2 -1.6
v 1.6 0.2 -1.6
v 1.7 0.2 -1.6
v 1.8 0.2 -1.6
v 1.9 0.2 -1.6
v 2 0.2 -1.6
v 2.2 0.2 -1.6
v 2.4 0.2 -1.6
v -1 0.2 -1.7
v -0.9 0.2 -1.7
v 1.3 0.2 -1.7
v 1.5 0.2 -1.7
v 2 0.2 -1.7
v 2.2 0.2 -1.7
v 0.3 0.2 -1.8
v 0.4 0.2 -1.8
v 0.4 0.2 -1.9
v 0.5 0.2 -1.9
v 0.6 0.2 -1.9
v 1.2 0.2 -1.9
v 1.3 0.2 -1.9
v 0.7 0.2 -2
v 0.8 0.2 -2
v -1.2 0.2 -2.1
v -1 0.2 -2.1
v 0.8 0.2 -2.1
v 0.9 0.2 -2.1
v 1.1 0.2 -2.1
v 1.2 0.2 -2.1
v -1.4 0.2 -2.2
v -1.2 0.2 -2.2
v 0.9 0.2 -2.2
v 1.1 0.2 -2.2
v -1.5 0.2 -2.3
v -1.4 0.2 -2.3
v -1.7 0.2 -2.4
v -1.6 0.2 -2.4
v -2.5 0.2 -2.6
v -1.7 0.2 -2.6
v -2.6 0.2 -2.7
v -1.8 0.2 -2.7
v -1.7 0.2 -2.7
v -1.6 0.2 -2.7
v -1.5 0.2 -2.7
v -0.5 0.2 -2.7
v -0.4 0.2 -2.7
v 0.6 0.2 -2.7
v 0.7 0.2 -2.7
v 1.7 0.2 -2.7
v 1.8 0.2 -2.7
v 2.5 0.2 -2.7
v 2.6 0.2 -2.7
v -2.7 0.3 2.7
v -2.6 0.3 2.7
v -1.6 0.3 2.7
v -1.5 0.3 2.7
v -0.5 0.3 2.7
v -0.4 0.3 2.7
v 0.6 0.3 2.7
v 0.7 0.3 2.7
v 1.7 0.3 2.7
v 1.8 0.3 2.7
v 2.6 0.3 2.7
v 2.7 0.3 2.7
v 2.7 0.3 -1.2
v 2.6 0.3 -1.3
v 2.7 0.3 -1.3
v -0.5 0.3 -1.4
v -0.4 0.3 -1.4
v 2.6 0.3 -1.5
v 1.7 0.3 -1.6
v 1.8 0.3 -1.6
v 0.6 0.3 -1.9
v 0.6 0.3 -2
v 0.7 0.3 -2
v -1.5 0.3 -2.3
v -1.6 0.3 -2.4
v -1.5 0.3 -2.4
v -2.7 0.3 -2.7
v -2.6 0.3 -2.7
v -1.6 0.3 -2.7
v -1.5 0.3 -2.7
v -0.5 0.3 -2.7
v -0.4 0.3 -2.7
v 0.6 0.3 -2.7
v 0.7 0.3 -2.7
v 1.7 0.3 -2.7
v 1.8 0.3 -2.7
v 2.6 0.3 -2.7
v 2.7 0.3 -2.7
v -2.6 0.6 2.9
v -1.6 0.6 2.9
v -1.5 0.6 2.9
v -0.5 0.6 2.9
v -0.4 0.6 2.9
v 0.6 0.6 2.9
v 0.7 0.6 2.9
v 1.7 0.6 2.9
v 1.8 0.6 2.9
v 2.5 0.6 2.9
v 2.6 0.6 2.9
v -2.6 0.6 2.8
v -1.6 0.6 2.8
v -1.5 0.6 2.8
v -0.5 0.6 2.8
v -0.4 0.6 2.8
v 0.6 0.6 2.8
v 0.7 0.6 2.8
v 1.7 0.6 2.8
v 1.8 0.6 2.8
v 2.6 0.6 2.8
v 2.8 0.6 2.6
v 2.9 0.6 2.6
v 2.8 0.6 1.6
v 2.9 0.6 1.6
v 2.8 0.6 1.5
v 2.9 0.6 1.5
v 2.8 0.6 -0.1
v 2.9 0.6 -0.1
v 2.8 0.6 -0.2
v 2.9 0.6 -0.2
v 2.8 0.6 -1.1
v 2.9 0.6 -1.1
v 2.8 0.6 -1.2
v 2.8 0.6 -1.4
v 2.9 0.6 -1.4
v 2.8 0.6 -1.5
v 2.9 0.6 -1.5
v 2.8 0.6 -2.6
v 2.9 0.6 -2.6
v -2.9 0.7 2.6
v -2.8 0.7 2.6
v -2.9 0.7 2.5
v -2.9 0.7 2.1
v -2.9 0.7 2
v -2.8 0.7 2
v -2.9 0.7 1.9
v -2.8 0.7 1.9
v -2.9 0.7 1.8
v -2.9 0.7 1.1
v -2.9 0.7 1
v -2.8 0.7 1
v -2.9 0.7 0.9
v -2.8 0.7 0.9
v -2.9 0.7 0.8
v -2.9 0.7 0.0999999
v -2.9 0.7 0
v -2.8 0.7 0
v -2.9 0.7 -0.1
v -2.8 0.7 -0.1
v -2.9 0.7 -0.2
v -2.9 0.7 -1.1
v -2.9 0.7 -1.2
v -2.8 0.7 -1.2
v -2.9 0.7 -1.3
v -2.8 0.7 -1.3
v -2.9 0.7 -1.4
v -2.9 0.7 -2.5
v -2.9 0.7 -2.6
v -2.8 0.7 -2.6
v -2.6 0.7 -2.8
v -1.8 0.7 -2.8
v -1.7 0.7 -2.8
v -1.2 0.7 -2.8
v -0.8 0.7 -2.8
v -0.7 0.7 -2.8
v -0.6 0.7 -2.8
v 0.4 0.7 -2.8
v 0.5 0.7 -2.8
v 1.5 0.7 -2.8
v 1.6 0.7 -2.8
v 2.6 0.7 -2.8
v -2.6 0.7 -2.9
v -2.5 0.7 -2.9
v -1.9 0.7 -2.9
v -1.8 0.7 -2.9
v -1.7 0.7 -2.9
v -1.6 0.7 -2.9
v -1 0.7 -2.9
v -0.8 0.7 -2.9
v -0.7 0.7 -2.9
v -0.6 0.7 -2.9
v 0.4 0.7 -2.9
v 0.5 0.7 -2.9
v 1.5 0.7 -2.9
v 1.6 0.7 -2.9
v 2.6 0.7 -2.9
v -2.7 3.9 -2.9
v -2.6 3.9 -2.9
v -2.7 3.9 -3
v -2.6 3.9 -3
v -2.5 3.9 -3
v -2.2 3.9 -3
v -2.5 3.9 -3.1
v -2.2 3.9 -3.1
v -2.7 4.1 -3
v -2.5 4.1 -3
v -2.7 4.1 -3.1
v -2.5 4.1 -3.1
v -2.4 4.1 -3.1
v -2.3 4.1 -3.1
v -2.4 4.1 -3.2
v -2.3 4.1 -3.2
v -2.6 4.3 -3.1
v -2.5 4.3 -3.1
v -2.6 4.3 -3.2
v -2.5 4.3 -3.2
v -2.7 4.6 -3.1
v -2.6 4.6 -3.1
v -2.7 4.6 -3.2
v -2.6 4.6 -3.2
v -2.5 4.7 -3.1
v -2.4 4.7 -3.1
v -2.5 4.7 -3.2
v -2.4 4.7 -3.2
v -2.2 4.8 -3
v -2.1 4.8 -3
v -1.2 4.8 -3
v -1.1 4.8 -3
v -2.2 4.8 -3.1
v -2.1 4.8 -3.1
v -1.2 4.8 -3.1
v -1.1 4.8 -3.1
v -2.2 4.8 -3.2
v -2.1 4.8 -3.2
v -2.1 5 -3
v -2 5 -3
v -2.1 5 -3.1
v -2 5 -3.1
v -2.1 5.2 -3.1
v -2 5.2 -3.1
v -2.1 5.2 -3.2
v -2 5.2 -3.2
v -1.1 5.3 -3
v -1 5.3 -3
v -1.1 5.3 -3.1
v -1 5.3 -3.1
v -2 5.4 -3
v -1.9 5.4 -3
v -1 5.4 -3
v -0.8 5.4 -3
v -2 5.4 -3.1
v -1.9 5.4 -3.1
v -1.1 5.4 -3.1
v -1 5.4 -3.1
v -0.8 5.4 -3.1
v -1.1 5.4 -3.2
v -1 5.4 -3.2
v -2 5.5 -3.1
v -1.9 5.5 -3.1
v -2 5.5 -3.2
v -1.9 5.5 -3.2
v -1.8 5.6 -2.9
v -1.7 5.6 -2.9
v -1.9 5.6 -3
v -1.8 5.6 -3
v -1.7 5.6 -3
v -1.4 5.6 -3
v -1.2 5.6 -3
v -1.4 5.6 -3.1
v -1.2 5.6 -3.1
v -1.9 5.6 -3.2
v -1.8 5.6 -3.2
v -1.8 5.7 -3
v -1.5 5.7 -3
v -1.4 5.7 -3
v -2.4 5.7 -3.1
v -2.3 5.7 -3.1
v -1.8 5.7 -3.1
v -1.5 5.7 -3.1
v -1.4 5.7 -3.1
v -2.4 5.7 -3.2
v -2.3 5.7 -3.2
v -0.8 5.8 -3
v -0.7 5.8 -3
v -0.9 5.8 -3.1
v -0.8 5.8 -3.1
v -0.7 5.8 -3.1
v -0.9 5.8 -3.2
v -0.8 5.8 -3.2
v -2.7 5.9 3.2
v 1 5.9 3.2
v 2.7 5.9 3.2
v -2.6 5.9 3.1
v 1 5.9 3.1
v -2.6 5.9 3
v -1.6 5.9 3
v -1.5 5.9 3
v -0.5 5.9 3
v -0.4 5.9 3
v 0.6 5.9 3
v 0.7 5.9 3
v 1 5.9 3
v 1.1 5.9 3
v 1.7 5.9 3
v 1.8 5.9 3
v 2.6 5.9 3
v -2.7 5.9 2.9
v -2.6 5.9 2.9
v -1.6 5.9 2.9
v -1.5 5.9 2.9
v -0.5 5.9 2.9
v -0.4 5.9 2.9
v 0.6 5.9 2.9
v 0.7 5.9 2.9
v 1.1 5.9 2.9
v 1.7 5.9 2.9
v 1.8 5.9 2.9
v 2.6 5.9 2.9
v 2.7 5.9 2.9
v -2.6 5.9 2.8
v -1.6 5.9 2.8
v -1.5 5.9 2.8
v -0.5 5.9 2.8
v -0.4 5.9 2.8
v 0.6 5.9 2.8
v 0.7 5.9 2.8
v 1.1 5.9 2.8
v 1.2 5.9 2.8
v 1.7 5.9 2.8
v 1.8 5.9 2.8
v 2.6 5.9 2.8
v -3.2 5.9 2.7
v -2.9 5.9 2.7
v 2.9 5.9 2.7
v 3.2 5.9 2.7
v -3.1 5.9 2.6
v -3 5.9 2.6
v -2.9 5.9 2.6
v -2.8 5.9 2.6
v 2.8 5.9 2.6
v 2.9 5.9 2.6
v 3 5.9 2.6
v 3.1 5.9 2.6
v 2.9 5.9 2.5
v 3 5.9 2.5
v 2.8 5.9 2.4
v 2.9 5.9 2.4
v 3 5.9 2.4
v 3 5.9 2.3
v 3.1 5.9 2.3
v 3.2 5.9 2.3
v -3 5.9 2
v -2.9 5.9 2
v -2.8 5.9 2
v -3 5.9 1.9
v -2.9 5.9 1.9
v -2.8 5.9 1.9
v 2.8 5.9 1.6
v 2.9 5.9 1.6
v 3 5.9 1.6
v 2.8 5.9 1.5
v 2.9 5.9 1.5
v 3 5.9 1.5
v -3 5.9 1
v -2.9 5.9 1
v -2.8 5.9 1
v -3 5.9 0.9
v -2.9 5.9 0.9
v -2.8 5.9 0.9
v -3 5.9 0
v -2.9 5.9 0
v -2.8 5.9 0
v -3 5.9 -0.1
v -2.9 5.9 -0.1
v -2.8 5.9 -0.1
v 2.8 5.9 -0.1
v 2.9 5.9 -0.1
v 3 5.9 -0.1
v 2.8 5.9 -0.2
v 2.9 5.9 -0.2
v 3 5.9 -0.2
v -3 5.9 -1.2
v -2.9 5.9 -1.2
v -2.8 5.9 -1.2
v -3 5.9 -1.3
v -2.9 5.9 -1.3
v -2.8 5.9 -1.3
v 2.8 5.9 -1.4
v 2.9 5.9 -1.4
v 3 5.9 -1.4
v 2.8 5.9 -1.5
v 2.9 5.9 -1.5
v 3 5.9 -1.5
v -3.1 5.9 -2.6
v -3 5.9 -2.6
v -2.9 5.9 -2.6
v -2.8 5.9 -2.6
v 2.8 5.9 -2.6
v 2.9 5.9 -2.6
v 3 5.9 -2.6
v 3.1 5.9 -2.6
v -3.2 5.9 -2.7
v -2.9 5.9 -2.7
v 2.9 5.9 -2.7
v 3.2 5.9 -2.7
v -2.6 5.9 -2.8
v -1.8 5.9 -2.8
v -1.7 5.9 -2.8
v -0.7 5.9 -2.8
v -0.6 5.9 -2.8
v 0.4 5.9 -2.8
v 0.5 5.9 -2.8
v 1.5 5.9 -2.8
v 1.6 5.9 -2.8
v 2.6 5.9 -2.8
v -2.6 5.9 -2.9
v -2.5 5.9 -2.9
v -2.1 5.9 -2.9
v -1.9 5.9 -2.9
v -1.8 5.9 -2.9
v -1.7 5.9 -2.9
v -0.8 5.9 -2.9
v -0.7 5.9 -2.9
v -0.6 5.9 -2.9
v 0.4 5.9 -2.9
v 0.5 5.9 -2.9
v 1.5 5.9 -2.9
v 1.6 5.9 -2.9
v 2.6 5.9 -2.9
v 2.7 5.9 -2.9
v -0.6 5.9 -3
v 0.4 5.9 -3
v 0.5 5.9 -3
v 1.5 5.9 -3
v 1.6 5.9 -3
v 2.6 5.9 -3
v -2.7 5.9 -3.1
v -2.6 5.9 -3.1
v -2.5 5.9 -3.1
v -2.4 5.9 -3.1
v -2.3 5.9 -3.1
v -2.1 5.9 -3.1
v -1.8 5.9 -3.1
v -1.5 5.9 -3.1
v -1.1 5.9 -3.1
v -1 5.9 -3.1
v -0.9 5.9 -3.1
v -0.8 5.9 -3.1
v -0.7 5.9 -3.1
v 2.6 5.9 -3.1
v -2.7 5.9 -3.2
v -2.6 5.9 -3.2
v -2.5 5.9 -3.2
v -2.4 5.9 -3.2
v -2.3 5.9 -3.2
v -2.1 5.9 -3.2
v -1.8 5.9 -3.2
v -1.5 5.9 -3.2
v -1.1 5.9 -3.2
v -1 5.9 -3.2
v -0.9 5.9 -3.2
v -0.8 5.9 -3.2
v -0.7 5.9 -3.2
v 2.7 5.9 -3.2
v -2.7 6.3 -2.4
v -2.6 6.3 -2.4
v -2.7 6.3 -2.6
v -2.6 6.3 -2.6
v -2.2 6.3 -2.6
v -1.7 6.3 -2.6
v -2.2 6.3 -2.7
v -1.7 6.3 -2.7
v -2.7 0.5 3.2
v 2.4 0.5 3.2
v 2.7 0.5 3.2
v -2.6 0.5 3.1
v 2.4 0.5 3.1
v -2.6 0.5 3
v -1.6 0.5 3
v -1.5 0.5 3
v -0.5 0.5 3
v -0.4 0.5 3
v 0.6 0.5 3
v 0.7 0.5 3
v 1.7 0.5 3
v 1.8 0.5 3
v 2.4 0.5 3
v 2.5 0.5 3
v 2.6 0.5 3
v -2.7 0.5 2.9
v -2.6 0.5 2.9
v -1.6 0.5 2.9
v -1.5 0.5 2.9
v -0.5 0.5 2.9
v -0.4 0.5 2.9
v 0.6 0.5 2.9
v 0.7 0.5 2.9
v 1.7 0.5 2.9
v 1.8 0.5 2.9
v 2.5 0.5 2.9
v 2.6 0.5 2.9
v 2.7 0.5 2.9
v -2.6 0.5 2.8
v -1.6 0.5 2.8
v -1.5 0.5 2.8
v -0.5 0.5 2.8
v -0.4 0.5 2.8
v 0.6 0.5 2.8
v 0.7 0.5 2.8
v 1.7 0.5 2.8
v 1.8 0.5 2.8
v 2.5 0.5 2.8
v 2.6 0.5 2.8
v -3.2 0.5 2.7
v -2.9 0.5 2.7
v 2.9 0.5 2.7
v 3.2 0.5 2.7
v -3.1 0.5 2.6
v -3 0.5 2.6
v -2.9 0.5 2.6
v 2.8 0.5 2.6
v 2.9 0.5 2.6
v 3 0.5 2.6
v 3.1 0.5 2.6
v -3 0.5 2
v -2.9 0.5 2
v -3 0.5 1.9
v -2.9 0.5 1.9
v 2.8 0.5 1.6
v 2.9 0.5 1.6
v 3 0.5 1.6
v 2.8 0.5 1.5
v 2.9 0.5 1.5
v 3 0.5 1.5
v -3 0.5 1
v -2.9 0.5 1
v -3 0.5 0.9
v -2.9 0.5 0.9
v -3 0.5 0
v -2.9 0.5 0
v -3 0.5 -0.1
v -2.9 0.5 -0.1
v 2.8 0.5 -0.1
v 2.9 0.5 -0.1
v 3 0.5 -0.1
v 2.8 0.5 -0.2
v 2.9 0.5 -0.2
v 3 0.5 -0.2
v 2.8 0.5 -1.1
v 2.9 0.5 -1.1
v 3 0.5 -1.1
v 3.1 0.5 -1.1
v 3.2 0.5 -1.1
v -3 0.5 -1.2
v -2.9 0.5 -1.2
v 2.8 0.5 -1.2
v -3 0.5 -1.3
v -2.9 0.5 -1.3
v 2.8 0.5 -1.4
v 2.9 0.5 -1.4
v 3 0.5 -1.4
v 2.8 0.5 -1.5
v 2.9 0.5 -1.5
v 3 0.5 -1.5
v -3.1 0.5 -2.6
v -3 0.5 -2.6
v -2.9 0.5 -2.6
v 2.8 0.5 -2.6
v 2.9 0.5 -2.6
v 3 0.5 -2.6
v 3.1 0.5 -2.6
v -3.2 0.5 -2.7
v -2.9 0.5 -2.7
v 2.9 0.5 -2.7
v 3.2 0.5 -2.7
v -2.7 0.5 -2.9
v -2.6 0.5 -2.9
v -1.8 0.5 -2.9
v -1.7 0.5 -2.9
v -0.7 0.5 -2.9
v -0.6 0.5 -2.9
v 0.4 0.5 -2.9
v 0.5 0.5 -2.9
v 1.5 0.5 -2.9
v 1.6 0.5 -2.9
v 2.6 0.5 -2.9
v 2.7 0.5 -2.9
v -2.6 0.5 -3
v -1.8 0.5 -3
v -1.7 0.5 -3
v -1.1 0.5 -3
v -0.7 0.5 -3
v -0.6 0.5 -3
v 0.4 0.5 -3
v 0.5 0.5 -3
v 1.5 0.5 -3
v 1.6 0.5 -3
v 2.6 0.5 -3
v -2.6 0.5 -3.1
v -1.1 0.5 -3.1
v 2.6 0.5 -3.1
v -2.7 0.5 -3.2
v -1.1 0.5 -3.2
v 2.7 0.5 -3.2
v -2.9 0.6 2.6
v -2.8 0.6 2.6
v -2.9 0.6 2.5
v -2.9 0.6 2.1
v -2.9 0.6 2
v -2.8 0.6 2
v -2.9 0.6 1.9
v -2.8 0.6 1.9
v -2.9 0.6 1.8
v -2.9 0.6 1.1
v -2.9 0.6 1
v -2.8 0.6 1
v -2.9 0.6 0.9
v -2.8 0.6 0.9
v -2.9 0.6 0.8
v -2.9 0.6 0.0999999
v -2.9 0.6 0
v -2.8 0.6 0
v -2.9 0.6 -0.1
v -2.8 0.6 -0.1
v -2.9 0.6 -0.2
v -2.9 0.6 -1.1
v -2.9 0.6 -1.2
v -2.8 0.6 -1.2
v -2.9 0.6 -1.3
v -2.8 0.6 -1.3
v -2.9 0.6 -1.4
v -2.9 0.6 -2.5
v -2.9 0.6 -2.6
v -2.8 0.6 -2.6
v -2.6 0.6 -2.8
v -1.8 0.6 -2.8
v -1.7 0.6 -2.8
v -1.3 0.6 -2.8
v -1.2 0.6 -2.8
v -0.7 0.6 -2.8
v -0.6 0.6 -2.8
v 0.4 0.6 -2.8
v 0.5 0.6 -2.8
v 1.5 0.6 -2.8
v 1.6 0.6 -2.8
v 2.6 0.6 -2.8
v -2.6 0.6 -2.9
v -2.5 0.6 -2.9
v -1.9 0.6 -2.9
v -1.8 0.6 -2.9
v -1.7 0.6 -2.9
v -1.6 0.6 -2.9
v -1.3 0.6 -2.9
v -1 0.6 -2.9
v -0.7 0.6 -2.9
v -0.6 0.6 -2.9
v 0.4 0.6 -2.9
v 0.5 0.6 -2.9
v 1.5 0.6 -2.9
v 1.6 0.6 -2.9
v 2.6 0.6 -2.9
v -2.4 4.8 -3.1
v -2.3 4.8 -3.1
v -2.4 4.8 -3.2
v -2.3 4.8 -3.2
v -2.2 5.2 -3.1
v -2.1 5.2 -3.1
v -2.2 5.2 -3.2
v -2.1 5.2 -3.2
v -2.7 5.6 -3.1
v -2.6 5.6 -3.1
v -2.7 5.6 -3.2
v -2.6 5.6 -3.2
v -2.5 5.7 -3.1
v -2.4 5.7 -3.1
v -2.5 5.7 -3.2
v -2.4 5.7 -3.2
v -2.6 5.8 2.9
v -1.6 5.8 2.9
v -1.5 5.8 2.9
v -0.5 5.8 2.9
v -0.4 5.8 2.9
v 0.6 5.8 2.9
v 0.7 5.8 2.9
v 1.1 5.8 2.9
v 1.7 5.8 2.9
v 1.8 5.8 2.9
v 2.6 5.8 2.9
v -2.6 5.8 2.8
v -1.6 5.8 2.8
v -1.5 5.8 2.8
v -0.5 5.8 2.8
v -0.4 5.8 2.8
v 0.6 5.8 2.8
v 0.7 5.8 2.8
v 1.1 5.8 2.8
v 1.2 5.8 2.8
v 1.7 5.8 2.8
v 1.8 5.8 2.8
v 2.6 5.8 2.8
v -2.9 5.8 2.6
v -2.8 5.8 2.6
v 2.8 5.8 2.6
v 2.9 5.8 2.6
v 2.9 5.8 2.5
v 2.8 5.8 2.4
v 2.9 5.8 2.4
v -2.9 5.8 2
v -2.8 5.8 2
v -2.9 5.8 1.9
v -2.8 5.8 1.9
v 2.8 5.8 1.6
v 2.9 5.8 1.6
v 2.8 5.8 1.5
v 2.9 5.8 1.5
v -2.9 5.8 1
v -2.8 5.8 1
v -2.9 5.8 0.9
v -2.8 5.8 0.9
v -2.9 5.8 0
v -2.8 5.8 0
v -2.9 5.8 -0.1
v -2.8 5.8 -0.1
v 2.8 5.8 -0.1
v 2.9 5.8 -0.1
v 2.8 5.8 -0.2
v 2.9 5.8 -0.2
v -2.9 5.8 -1.2
v -2.8 5.8 -1.2
v -2.9 5.8 -1.3
v -2.8 5.8 -1.3
v 2.8 5.8 -1.4
v 2.9 5.8 -1.4
v 2.8 5.8 -1.5
v 2.9 5.8 -1.5
v -2.9 5.8 -2.6
v -2.8 5.8 -2.6
v 2.8 5.8 -2.6
v 2.9 5.8 -2.6
v -2.6 5.8 -2.8
v -1.8 5.8 -2.8
v -1.7 5.8 -2.8
v -0.7 5.8 -2.8
v -0.6 5.8 -2.8
v 0.4 5.8 -2.8
v 0.5 5.8 -2.8
v 1.5 5.8 -2.8
v 1.6 5.8 -2.8
v 2.6 5.8 -2.8
v -2.6 5.8 -2.9
v -2.5 5.8 -2.9
v -2.1 5.8 -2.9
v -1.9 5.8 -2.9
v -1.8 5.8 -2.9
v -1.7 5.8 -2.9
v -0.8 5.8 -2.9
v -0.7 5.8 -2.9
v -0.6 5.8 -2.9
v 0.4 5.8 -2.9
v 0.5 5.8 -2.9
v 1.5 5.8 -2.9
v 1.6 5.8 -2.9
v 2.6 5.8 -2.9
v -3.2 5.8 -3.1
v -3.1 5.8 -3.1
v -3.2 5.8 -3.2
v -3.1 5.8 -3.2
v -3.2 5.9 -3
v -3.1 5.9 -3
v -3.2 5.9 -3.1
v -3.1 5.9 -3.1
v -3 5.9 -3.1
v -3.1 5.9 -3.2
v -3 5.9 -3.2
v -3.2 6 -2.9
v -3.1 6 -2.9
v -3.2 6 -3
v -3.1 6 -3
v -3 6 -3
v -3.1 6 -3.1
v -3 6 -3.1
v -2.9 6 -3.1
v -3 6 -3.2
v -2.9 6 -3.2
v -2.7 6.1 2.7
v -2.6 6.1 2.7
v -2.2 6.1 2.7
v -2.1 6.1 2.7
v -1.1 6.1 2.7
v -1 6.1 2.7
v 0 6.1 2.7
v 0.1 6.1 2.7
v 1.1 6.1 2.7
v 1.2 6.1 2.7
v 2.2 6.1 2.7
v 2.3 6.1 2.7
v 2.6 6.1 2.7
v 2.7 6.1 2.7
v -2.7 6.1 2.6
v 2.7 6.1 2.6
v -1.1 6.1 -1.2
v -1 6.1 -1.2
v -1.1 6.1 -1.3
v -1 6.1 -1.3
v -1.1 6.1 -1.4
v -1 6.1 -1.4
v -1.1 6.1 -1.6
v -1 6.1 -1.6
v -2.2 6.1 -1.8
v -2.1 6.1 -1.8
v 0 6.1 -1.8
v -2.2 6.1 -1.9
v -2.1 6.1 -1.9
v -1.1 6.1 -1.9
v -1 6.1 -1.9
v 0 6.1 -1.9
v -1.1 6.1 -2
v -1 6.1 -2
v -2.7 6.1 -2.2
v -2.6 6.1 -2.2
v -1.1 6.1 -2.2
v -1 6.1 -2.2
v -2.7 6.1 -2.4
v -2.6 6.1 -2.4
v -1.1 6.1 -2.6
v -1 6.1 -2.6
v 2.7 6.1 -2.6
v 0 6.1 -2.7
v 0.1 6.1 -2.7
v 1.1 6.1 -2.7
v 1.2 6.1 -2.7
v 2.2 6.1 -2.7
v 2.3 6.1 -2.7
v 2.6 6.1 -2.7
v 2.7 6.1 -2.7
v -3.2 6.1 -2.8
v -3.1 6.1 -2.8
v -3.2 6.1 -2.9
v -3.1 6.1 -2.9
v -3 6.1 -2.9
v -3.1 6.1 -3
v -3 6.1 -3
v -2.9 6.1 -3
v -3 6.1 -3.1
v -2.9 6.1 -3.1
v -2.8 6.1 -3.1
v -2.9 6.1 -3.2
v -2.8 6.1 -3.2
v -2.6 6.2 2.7
v -2.2 6.2 2.7
v -2.1 6.2 2.7
v -1.1 6.2 2.7
v -1 6.2 2.7
v 0 6.2 2.7
v 0.1 6.2 2.7
v 1.1 6.2 2.7
v 1.2 6.2 2.7
v 1.4 6.2 2.7
v 2.2 6.2 2.7
v 2.3 6.2 2.7
v 2.6 6.2 2.7
v -2.5 6.2 2.6
v -2.3 6.2 2.6
v -2 6.2 2.6
v -1.2 6.2 2.6
v -0.9 6.2 2.6
v -0.0999999 6.2 2.6
v 0.2 6.2 2.6
v 1 6.2 2.6
v 1.3 6.2 2.6
v 2.1 6.2 2.6
v 2.4 6.2 2.6
v 2.5 6.2 2.6
v -1.2 6.2 -1.6
v -1.1 6.2 -1.6
v -1 6.2 -1.6
v -0.9 6.2 -1.6
v -2.1 6.2 -1.8
v -2 6.2 -1.8
v -0.6 6.2 -1.8
v -0.3 6.2 -1.8
v -0.2 6.2 -1.8
v -0.0999999 6.2 -1.8
v 0 6.2 -1.8
v -2.4 6.2 -1.9
v -2.3 6.2 -1.9
v -2.2 6.2 -1.9
v -2.1 6.2 -1.9
v -2 6.2 -1.9
v -1.7 6.2 -1.9
v -1.2 6.2 -1.9
v -1.1 6.2 -1.9
v -0.7 6.2 -1.9
v -0.6 6.2 -1.9
v -0.3 6.2 -1.9
v -0.2 6.2 -1.9
v -0.0999999 6.2 -1.9
v 0 6.2 -1.9
v -2.5 6.2 -2
v -2.4 6.2 -2
v -2.3 6.2 -2
v -2.2 6.2 -2
v -2.1 6.2 -2
v -1.7 6.2 -2
v -1.6 6.2 -2
v -1.2 6.2 -2
v -1.1 6.2 -2
v -1 6.2 -2
v -0.9 6.2 -2
v -0.7 6.2 -2
v -0.5 6.2 -2
v -0.3 6.2 -2
v -0.2 6.2 -2
v -2.4 6.2 -2.1
v -2.3 6.2 -2.1
v -2.2 6.2 -2.1
v -2.1 6.2 -2.1
v -1.7 6.2 -2.1
v -1.6 6.2 -2.1
v -1.2 6.2 -2.1
v -0.4 6.2 -2.1
v -0.3 6.2 -2.1
v -2.6 6.2 -2.2
v -2.5 6.2 -2.2
v -2.4 6.2 -2.2
v -1.6 6.2 -2.2
v -1.5 6.2 -2.2
v -1 6.2 -2.2
v -0.9 6.2 -2.2
v -0.6 6.2 -2.2
v -0.5 6.2 -2.2
v -1.5 6.2 -2.3
v -1.4 6.2 -2.3
v -0.9 6.2 -2.3
v -0.8 6.2 -2.3
v -0.6 6.2 -2.3
v -0.4 6.2 -2.3
v -2.7 6.2 -2.4
v -2.6 6.2 -2.4
v -2.5 6.2 -2.4
v -1.4 6.2 -2.4
v -1.3 6.2 -2.4
v -0.8 6.2 -2.4
v -0.6 6.2 -2.4
v -1.3 6.2 -2.5
v -1.1 6.2 -2.5
v -0.6 6.2 -2.5
v -0.4 6.2 -2.5
v -2.7 6.2 -2.6
v -2.6 6.2 -2.6
v -2.2 6.2 -2.6
v -2.1 6.2 -2.6
v -1.7 6.2 -2.6
v -1 6.2 -2.6
v -0.6 6.2 -2.6
v -0.4 6.2 -2.6
v -0.2 6.2 -2.6
v -0.0999999 6.2 -2.6
v 0.2 6.2 -2.6
v 1 6.2 -2.6
v 1.3 6.2 -2.6
v 2.1 6.2 -2.6
v 2.4 6.2 -2.6
v 2.5 6.2 -2.6
v -2.2 6.2 -2.7
v -2.1 6.2 -2.7
v -1.7 6.2 -2.7
v -0.6 6.2 -2.7
v -0.2 6.2 -2.7
v 0 6.2 -2.7
v 0.1 6.2 -2.7
v 1.1 6.2 -2.7
v 1.2 6.2 -2.7
v 2.2 6.2 -2.7
v 2.3 6.2 -2.7
v 2.6 6.2 -2.7
v -3.1 6.2 -2.8
v -3 6.2 -2.8
v -3.1 6.2 -2.9
v -3 6.2 -2.9
v -2.9 6.2 -2.9
v -3 6.2 -3
v -2.9 6.2 -3
v -2.8 6.2 -3
v -2.9 6.2 -3.1
v -2.8 6.2 -3.1
v -2.3 6.3 -2
v -2.2 6.3 -2
v -2.1 6.3 -2
v -1.7 6.3 -2
v -2.4 6.3 -2.1
v -2.3 6.3 -2.1
v -2.2 6.3 -2.1
v -2.1 6.3 -2.1
v -1.7 6.3 -2.1
v -1.6 6.3 -2.1
v -2.5 6.3 -2.2
v -2.4 6.3 -2.2
v -1.6 6.3 -2.2
v -1.5 6.3 -2.3
v -1.4 6.3 -2.3
v -2.6 6.3 -2.4
v -2.5 6.3 -2.4
v -2.4 6.3 -2.4
v -1.4 6.3 -2.4
v -1.3 6.3 -2.4
v -2.6 6.3 -2.5
v -2.5 6.3 -2.5
v -1.5 6.3 -2.5
v -1.3 6.3 -2.5
v -1.1 6.3 -2.5
v -1.1 6.3 -2.6
v -0.6 6.3 -2.6
v -3.2 6.3 -2.7
v -3.1 6.3 -2.7
v -1.3 6.3 -2.7
v -0.6 6.3 -2.7
v -3.2 6.3 -2.8
v -3.1 6.3 -2.8
v -3 6.3 -2.8
v -2.9 6.3 -2.8
v -2.8 6.3 -2.8
v -3 6.3 -2.9
v -2.9 6.3 -2.9
v -2.8 6.3 -2.9
v -2.9 6.3 -3
v -2.8 6.3 -3
v -2.8 6.3 -3.1
v -2.7 6.3 -3.1
v -2.8 6.3 -3.2
v -2.7 6.3 -3.2
v -3.2 6.4 3.2
v 1.1 6.4 3.2
v 3.2 6.4 3.2
v -3.1 6.4 3.1
v -2.8 6.4 3.1
v -2.6 6.4 3.1
v 1.1 6.4 3.1
v -3 6.4 3
v -2.9 6.4 3
v -2.5 6.4 3
v -2.4 6.4 3
v 1.1 6.4 3
v 1.2 6.4 3
v -3 6.4 2.9
v -2.9 6.4 2.9
v -2.5 6.4 2.9
v -2.4 6.4 2.9
v 1.2 6.4 2.9
v 1.3 6.4 2.9
v -2.6 6.4 2.8
v 1.3 6.4 2.8
v 1.4 6.4 2.8
v 3.1 6.4 2.8
v 3.2 6.4 2.8
v -2.7 6.4 2.7
v 1.4 6.4 2.7
v 2.7 6.4 2.7
v 2.7 6.4 2.6
v 2.8 6.4 2.6
v 2.8 6.4 2.5
v 2.9 6.4 2.5
v 2.9 6.4 2.4
v 3.1 6.4 2.4
v 3.2 6.4 2.4
v -2.4 6.4 -2.2
v -1.5 6.4 -2.2
v -3.1 6.4 -2.3
v -2.8 6.4 -2.3
v -2.7 6.4 -2.3
v -3.2 6.4 -2.4
v -3.1 6.4 -2.4
v -2.7 6.4 -2.4
v -2.6 6.4 -2.4
v -2.5 6.4 -2.4
v -2.4 6.4 -2.4
v -2.6 6.4 -2.5
v -2.5 6.4 -2.5
v -1.5 6.4 -2.5
v -1.3 6.4 -2.5
v -3.2 6.4 -2.6
v -3.1 6.4 -2.6
v -3.2 6.4 -2.7
v -3.1 6.4 -2.7
v -2.9 6.4 -2.7
v -2.4 6.4 -2.7
v -2.2 6.4 -2.7
v -2 6.4 -2.7
v -1.9 6.4 -2.7
v -1.3 6.4 -2.7
v -0.3 6.4 -2.7
v 2.7 6.4 -2.7
v -3.1 6.4 -2.8
v -2.9 6.4 -2.8
v -2.8 6.4 -2.8
v -2.4 6.4 -2.8
v -2.2 6.4 -2.8
v -2 6.4 -2.8
v -1.9 6.4 -2.8
v -0.5 6.4 -2.8
v -0.3 6.4 -2.8
v 2.6 6.4 -2.8
v -2.5 6.4 -2.9
v -2.4 6.4 -2.9
v -2.3 6.4 -2.9
v -1.4 6.4 -2.9
v -1.1 6.4 -2.9
v 2.4 6.4 -2.9
v 2.5 6.4 -2.9
v 2.9 6.4 -2.9
v 3 6.4 -2.9
v -2.8 6.4 -3
v -2.7 6.4 -3
v -2.5 6.4 -3
v -2.4 6.4 -3
v -2.1 6.4 -3
v -2 6.4 -3
v -1.6 6.4 -3
v -1.4 6.4 -3
v 2.4 6.4 -3
v 2.5 6.4 -3
v 2.9 6.4 -3
v 3 6.4 -3
v -2.8 6.4 -3.1
v -2.7 6.4 -3.1
v -2.5 6.4 -3.1
v -2.3 6.4 -3.1
v -2.1 6.4 -3.1
v -2 6.4 -3.1
v -1.7 6.4 -3.1
v -1.6 6.4 -3.1
v -1.1 6.4 -3.1
v -1 6.4 -3.1
v -0.6 6.4 -3.1
v -0.5 6.4 -3.1
v 2.6 6.4 -3.1
v 2.8 6.4 -3.1
v 3.1 6.4 -3.1
v -2.7 6.4 -3.2
v -1.7 6.4 -3.2
v -1 6.4 -3.2
v -0.6 6.4 -3.2
v 3.2 6.4 -3.2

# faces
f 3/2/1 2/2/1 1/2/1
f 4/2/1 2/2/1 3/2/1
f 5/2/1 2/2/1 4/2/1
f 6/2/1 2/2/1 5/2/1
f 7/2/1 2/2/1 6/2/1
f 8/2/1 2/2/1 7/2/1
f 9/5/1 4/5/1 3/5/1
f 10/5/1 4/5/1 9/5/1
f 11/5/1 6/5/1 5/5/1
f 12/5/1 6/5/1 11/5/1
f 13/5/1 6/5/1 12/5/1
f 14/5/1 6/5/1 13/5/1
f 15/5/1 8/5/1 7/5/1
f 16/5/1 8/5/1 15/5/1
f 17/5/1 9/5/1 3/5/1
f 17/1/1 10/1/1 9/1/1
f 18/5/1 4/5/1 10/5/1
f 18/1/1 10/1/1 17/1/1
f 19/5/1 11/5/1 5/5/1
f 19/1/1 12/1/1 11/1/1
f 20/5/1 13/5/1 12/5/1
f 20/1/1 12/1/1 19/1/1
f 21/1/1 14/1/1 13/1/1
f 21/5/1 13/5/1 20/5/1
f 22/5/1 6/5/1 14/5/1
f 22/1/1 14/1/1 21/1/1
f 23/1/1 16/1/1 15/1/1
f 23/5/1 15/5/1 7/5/1
f 24/5/1 8/5/1 16/5/1
f 24/1/1 16/1/1 23/1/1
f 25/2/1 5/2/1 4/2/1
f 25/5/1 21/5/1 20/5/1
f 25/5/1 19/5/1 5/5/1
f 25/5/1 22/5/1 21/5/1
f 25/5/1 20/5/1 19/5/1
f 26/2/1 7/2/1 6/2/1
f 26/5/1 22/5/1 25/5/1
f 26/5/1 6/5/1 22/5/1
f 27/2/1 25/2/1 4/2/1
f 27/2/1 26/2/1 25/2/1
f 28/2/1 7/2/1 26/2/1
f 28/2/1 26/2/1 27/2/1
f 29/5/1 24/5/1 23/5/1
f 29/2/1 7/2/1 28/2/1
f 29/5/1 23/5/1 7/5/1
f 30/5/1 24/5/1 29/5/1
f 31/4/1 30/4/1 29/4/1
f 31/5/1 24/5/1 30/5/1
f 32/5/1 8/5/1 24/5/1
f 32/5/1 24/5/1 31/5/1
f 33/2/1 2/2/1 8/2/1
f 33/5/1 8/5/1 32/5/1
f 34/2/1 2/2/1 33/2/1
f 35/4/1 32/4/1 31/4/1
f 35/5/1 33/5/1 32/5/1
f 36/4/1 34/4/1 33/4/1
f 36/5/1 33/5/1 35/5/1
f 37/4/1 34/4/1 36/4/1
f 38/2/1 27/2/1 4/2/1
f 39/2/1 29/2/1 28/2/1
f 40/4/1 35/4/1 31/4/1
f 40/4/1 36/4/1 35/4/1
f 41/4/1 36/4/1 40/4/1
f 42/2/1 38/2/1 4/2/1
f 42/2/1 39/2/1 38/2/1
f 43/2/1 29/2/1 39/2/1
f 43/2/1 39/2/1 42/2/1
f 44/4/1 31/4/1 29/4/1
f 44/4/1 40/4/1 31/4/1
f 45/4/1 40/4/1 44/4/1
f 46/5/1 17/5/1 3/5/1
f 46/5/1 18/5/1 17/5/1
f 47/5/1 4/5/1 18/5/1
f 47/5/1 18/5/1 46/5/1
f 48/5/1 43/5/1 42/5/1
f 49/5/1 43/5/1 48/5/1
f 50/5/1 43/5/1 49/5/1
f 51/5/1 43/5/1 50/5/1
f 52/2/1 29/2/1 43/2/1
f 52/4/1 44/4/1 29/4/1
f 53/4/1 44/4/1 52/4/1
f 54/5/1 46/5/1 3/5/1
f 54/1/1 47/1/1 46/1/1
f 55/5/1 4/5/1 47/5/1
f 55/1/1 47/1/1 54/1/1
f 56/5/1 48/5/1 42/5/1
f 56/1/1 49/1/1 48/1/1
f 57/5/1 50/5/1 49/5/1
f 57/1/1 49/1/1 56/1/1
f 58/1/1 51/1/1 50/1/1
f 58/5/1 50/5/1 57/5/1
f 59/5/1 43/5/1 51/5/1
f 59/1/1 51/1/1 58/1/1
f 60/2/1 52/2/1 43/2/1
f 60/5/1 43/5/1 59/5/1
f 61/2/1 52/2/1 60/2/1
f 62/2/1 3/2/1 1/2/1
f 62/5/1 54/5/1 3/5/1
f 62/5/1 55/5/1 54/5/1
f 63/2/1 42/2/1 4/2/1
f 63/5/1 55/5/1 62/5/1
f 63/5/1 4/5/1 55/5/1
f 64/5/1 58/5/1 57/5/1
f 64/2/1 42/2/1 63/2/1
f 64/5/1 57/5/1 56/5/1
f 64/5/1 60/5/1 59/5/1
f 64/5/1 56/5/1 42/5/1
f 64/5/1 59/5/1 58/5/1
f 65/5/1 60/5/1 64/5/1
f 66/5/1 60/5/1 65/5/1
f 67/4/1 61/4/1 60/4/1
f 67/5/1 60/5/1 66/5/1
f 68/4/1 61/4/1 67/4/1
f 69/2/1 63/2/1 62/2/1
f 69/2/1 62/2/1 1/2/1
f 69/2/1 64/2/1 63/2/1
f 69/2/1 65/2/1 64/2/1
f 70/7/1 66/7/1 65/7/1
f 70/2/1 65/2/1 69/2/1
f 71/2/1 67/2/1 66/2/1
f 71/7/1 66/7/1 70/7/1
f 72/2/1 67/2/1 71/2/1
f 76/4/1 74/4/1 73/4/1
f 77/4/1 74/4/1 76/4/1
f 79/4/1 76/4/1 75/4/1
f 80/4/1 76/4/1 79/4/1
f 82/4/1 79/4/1 78/4/1
f 83/4/1 79/4/1 82/4/1
f 84/4/1 82/4/1 81/4/1
f 85/4/1 82/4/1 84/4/1
f 88/4/1 87/4/1 86/4/1
f 89/4/1 87/4/1 88/4/1
f 100/2/1 91/2/1 90/2/1
f 101/2/1 91/2/1 100/2/1
f 102/2/1 93/2/1 92/2/1
f 103/2/1 93/2/1 102/2/1
f 104/2/1 95/2/1 94/2/1
f 105/2/1 95/2/1 104/2/1
f 106/2/1 97/2/1 96/2/1
f 107/2/1 97/2/1 106/2/1
f 108/2/1 99/2/1 98/2/1
f 109/2/1 99/2/1 108/2/1
f 110/2/1 100/2/1 90/2/1
f 110/5/1 101/5/1 100/5/1
f 111/2/1 91/2/1 101/2/1
f 111/5/1 101/5/1 110/5/1
f 112/2/1 102/2/1 92/2/1
f 112/5/1 103/5/1 102/5/1
f 113/2/1 93/2/1 103/2/1
f 113/5/1 103/5/1 112/5/1
f 114/2/1 104/2/1 94/2/1
f 114/5/1 105/5/1 104/5/1
f 115/2/1 95/2/1 105/2/1
f 115/5/1 105/5/1 114/5/1
f 116/2/1 106/2/1 96/2/1
f 116/5/1 107/5/1 106/5/1
f 117/2/1 97/2/1 107/2/1
f 117/5/1 107/5/1 116/5/1
f 118/5/1 109/5/1 108/5/1
f 118/2/1 108/2/1 98/2/1
f 119/2/1 99/2/1 109/2/1
f 119/5/1 109/5/1 118/5/1
f 120/2/1 110/2/1 90/2/1
f 120/2/1 111/2/1 110/2/1
f 121/2/1 91/2/1 111/2/1
f 121/2/1 111/2/1 120/2/1
f 122/2/1 112/2/1 92/2/1
f 122/2/1 113/2/1 112/2/1
f 123/2/1 93/2/1 113/2/1
f 123/2/1 113/2/1 122/2/1
f 124/2/1 114/2/1 94/2/1
f 124/2/1 115/2/1 114/2/1
f 125/2/1 95/2/1 115/2/1
f 125/2/1 115/2/1 124/2/1
f 126/2/1 116/2/1 96/2/1
f 126/2/1 117/2/1 116/2/1
f 127/2/1 97/2/1 117/2/1
f 127/2/1 117/2/1 126/2/1
f 128/2/1 118/2/1 98/2/1
f 128/2/1 119/2/1 118/2/1
f 129/2/1 99/2/1 119/2/1
f 129/2/1 119/2/1 128/2/1
f 133/4/1 131/4/1 130/4/1
f 134/4/1 131/4/1 133/4/1
f 136/4/1 133/4/1 132/4/1
f 137/4/1 133/4/1 136/4/1
f 139/4/1 136/4/1 135/4/1
f 140/4/1 136/4/1 139/4/1
f 141/4/1 139/4/1 138/4/1
f 142/4/1 139/4/1 141/4/1
f 155/2/1 144/2/1 143/2/1
f 156/2/1 154/2/1 153/2/1
f 157/2/1 144/2/1 155/2/1
f 158/2/1 156/2/1 153/2/1
f 159/2/1 144/2/1 157/2/1
f 160/2/1 144/2/1 159/2/1
f 161/2/1 146/2/1 145/2/1
f 162/2/1 146/2/1 161/2/1
f 163/2/1 148/2/1 147/2/1
f 164/2/1 148/2/1 163/2/1
f 165/2/1 150/2/1 149/2/1
f 166/2/1 150/2/1 165/2/1
f 167/2/1 152/2/1 151/2/1
f 168/2/1 152/2/1 167/2/1
f 169/2/1 158/2/1 153/2/1
f 170/2/1 158/2/1 169/2/1
f 174/4/1 172/4/1 171/4/1
f 175/4/1 172/4/1 174/4/1
f 177/4/1 174/4/1 173/4/1
f 178/4/1 174/4/1 177/4/1
f 179/4/1 177/4/1 176/4/1
f 180/4/1 177/4/1 179/4/1
f 191/2/1 182/2/1 181/2/1
f 192/2/1 182/2/1 191/2/1
f 193/2/1 184/2/1 183/2/1
f 194/2/1 184/2/1 193/2/1
f 195/2/1 186/2/1 185/2/1
f 196/2/1 186/2/1 195/2/1
f 197/2/1 188/2/1 187/2/1
f 198/2/1 188/2/1 197/2/1
f 199/2/1 190/2/1 189/2/1
f 200/2/1 190/2/1 199/2/1
f 211/2/1 202/2/1 201/2/1
f 212/2/1 202/2/1 211/2/1
f 213/2/1 204/2/1 203/2/1
f 214/2/1 204/2/1 213/2/1
f 215/2/1 206/2/1 205/2/1
f 216/2/1 206/2/1 215/2/1
f 217/2/1 208/2/1 207/2/1
f 218/2/1 208/2/1 217/2/1
f 219/2/1 210/2/1 209/2/1
f 220/2/1 210/2/1 219/2/1
f 224/4/1 222/4/1 221/4/1
f 227/4/1 224/4/1 223/4/1
f 228/4/1 222/4/1 224/4/1
f 228/4/1 224/4/1 227/4/1
f 229/4/1 222/4/1 228/4/1
f 230/7/1 227/7/1 226/7/1
f 230/7/1 226/7/1 225/7/1
f 231/4/1 228/4/1 227/4/1
f 231/7/1 227/7/1 230/7/1
f 232/4/1 228/4/1 231/4/1
f 235/7/1 234/7/1 233/7/1
f 236/7/1 234/7/1 235/7/1
f 239/2/1 238/2/1 237/2/1
f 240/2/1 238/2/1 239/2/1
f 245/2/1 244/2/1 243/2/1
f 246/2/1 244/2/1 245/2/1
f 247/2/1 244/2/1 246/2/1
f 248/7/1 247/7/1 246/7/1
f 249/7/1 247/7/1 248/7/1
f 252/7/1 251/7/1 250/7/1
f 253/7/1 251/7/1 252/7/1
f 256/2/1 242/2/1 241/2/1
f 257/2/1 242/2/1 256/2/1
f 258/7/1 255/7/1 254/7/1
f 259/7/1 255/7/1 258/7/1
f 263/2/1 261/2/1 260/2/1
f 264/7/1 262/7/1 261/7/1
f 264/2/1 261/2/1 263/2/1
f 265/7/1 262/7/1 264/7/1
f 267/7/1 266/7/1 265/7/1
f 268/7/1 266/7/1 267/7/1
f 271/7/1 270/7/1 269/7/1
f 272/7/1 270/7/1 271/7/1
f 275/7/1 274/7/1 273/7/1
f 276/7/1 274/7/1 275/7/1
f 278/7/1 277/7/1 276/7/1
f 279/7/1 277/7/1 278/7/1
f 282/7/1 281/7/1 280/7/1
f 283/7/1 281/7/1 282/7/1
f 284/6/1 283/6/1 282/6/1
f 285/6/1 283/6/1 284/6/1
f 288/7/1 287/7/1 286/7/1
f 289/7/1 287/7/1 288/7/1
f 292/7/1 291/7/1 290/7/1
f 293/7/1 291/7/1 292/7/1
f 295/7/1 294/7/1 293/7/1
f 296/7/1 294/7/1 295/7/1
f 299/7/1 298/7/1 297/7/1
f 300/7/1 298/7/1 299/7/1
f 303/6/1 302/6/1 301/6/1
f 304/6/1 302/6/1 303/6/1
f 307/6/1 306/6/1 305/6/1
f 308/6/1 306/6/1 307/6/1
f 309/6/1 306/6/1 308/6/1
f 313/2/1 311/2/1 310/2/1
f 314/7/1 312/7/1 311/7/1
f 314/2/1 311/2/1 313/2/1
f 315/7/1 312/7/1 314/7/1
f 318/7/1 317/7/1 316/7/1
f 319/7/1 317/7/1 318/7/1
f 322/2/1 321/2/1 320/2/1
f 323/2/1 321/2/1 322/2/1
f 326/2/1 325/2/1 324/2/1
f 327/2/1 325/2/1 326/2/1
f 330/2/1 329/2/1 328/2/1
f 331/2/1 329/2/1 330/2/1
f 332/2/1 329/2/1 331/2/1
f 333/7/1 332/7/1 331/7/1
f 334/7/1 332/7/1 333/7/1
f 337/7/1 336/7/1 335/7/1
f 338/7/1 336/7/1 337/7/1
f 341/2/1 340/2/1 339/2/1
f 342/2/1 340/2/1 341/2/1
f 345/2/1 344/2/1 343/2/1
f 346/2/1 344/2/1 345/2/1
f 350/2/1 348/2/1 347/2/1
f 351/3/1 349/3/1 348/3/1
f 351/2/1 348/2/1 350/2/1
f 352/3/1 349/3/1 351/3/1
f 353/3/1 349/3/1 352/3/1
f 356/2/1 355/2/1 354/2/1
f 357/2/1 355/2/1 356/2/1
f 358/3/1 357/3/1 356/3/1
f 359/3/1 358/3/1 356/3/1
f 360/3/1 358/3/1 359/3/1
f 361/2/1 360/2/1 359/2/1
f 362/2/1 360/2/1 361/2/1
f 365/6/1 364/6/1 363/6/1
f 366/6/1 364/6/1 365/6/1
f 369/7/1 368/7/1 367/7/1
f 370/7/1 368/7/1 369/7/1
f 371/7/1 368/7/1 370/7/1
f 372/6/1 371/6/1 370/6/1
f 373/6/1 371/6/1 372/6/1
f 376/7/1 375/7/1 374/7/1
f 377/7/1 375/7/1 376/7/1
f 387/2/1 379/2/1 378/2/1
f 387/2/1 380/2/1 379/2/1
f 387/2/1 381/2/1 380/2/1
f 387/2/1 382/2/1 381/2/1
f 388/7/1 384/7/1 383/7/1
f 388/2/1 382/2/1 387/2/1
f 388/7/1 383/7/1 382/7/1
f 389/2/1 385/2/1 384/2/1
f 389/7/1 384/7/1 388/7/1
f 390/7/1 386/7/1 385/7/1
f 390/2/1 385/2/1 389/2/1
f 391/7/1 386/7/1 390/7/1
f 394/7/1 393/7/1 392/7/1
f 395/7/1 393/7/1 394/7/1
f 398/3/1 397/3/1 396/3/1
f 399/3/1 397/3/1 398/3/1
f 402/2/1 401/2/1 400/2/1
f 403/2/1 401/2/1 402/2/1
f 406/3/1 405/3/1 404/3/1
f 407/3/1 405/3/1 406/3/1
f 408/3/1 405/3/1 407/3/1
f 409/2/1 408/2/1 407/2/1
f 410/2/1 408/2/1 409/2/1
f 413/2/1 412/2/1 411/2/1
f 414/2/1 412/2/1 413/2/1
f 417/2/1 416/2/1 415/2/1
f 418/2/1 416/2/1 417/2/1
f 422/2/1 420/2/1 419/2/1
f 423/3/1 421/3/1 420/3/1
f 423/2/1 420/2/1 422/2/1
f 424/3/1 421/3/1 423/3/1
f 427/2/1 426/2/1 425/2/1
f 428/2/1 426/2/1 427/2/1
f 429/3/1 428/3/1 427/3/1
f 430/3/1 428/3/1 429/3/1
f 431/2/1 430/2/1 429/2/1
f 432/2/1 430/2/1 431/2/1
f 435/2/1 434/2/1 433/2/1
f 436/2/1 434/2/1 435/2/1
f 439/3/1 438/3/1 437/3/1
f 440/3/1 438/3/1 439/3/1
f 443/2/1 442/2/1 441/2/1
f 444/2/1 442/2/1 443/2/1
f 447/3/1 446/3/1 445/3/1
f 448/3/1 446/3/1 447/3/1
f 449/2/1 448/2/1 447/2/1
f 450/2/1 448/2/1 449/2/1
f 453/2/1 452/2/1 451/2/1
f 454/2/1 452/2/1 453/2/1
f 457/2/1 456/2/1 455/2/1
f 458/2/1 456/2/1 457/2/1
f 462/2/1 460/2/1 459/2/1
f 463/3/1 461/3/1 460/3/1
f 463/2/1 460/2/1 462/2/1
f 464/3/1 461/3/1 463/3/1
f 467/2/1 466/2/1 465/2/1
f 468/2/1 466/2/1 467/2/1
f 469/3/1 468/3/1 467/3/1
f 470/3/1 468/3/1 469/3/1
f 471/2/1 470/2/1 469/2/1
f 472/2/1 471/2/1 469/2/1
f 473/2/1 471/2/1 472/2/1
f 476/2/1 475/2/1 474/2/1
f 477/2/1 475/2/1 476/2/1
f 480/3/1 479/3/1 478/3/1
f 481/3/1 479/3/1 480/3/1
f 484/2/1 483/2/1 482/2/1
f 485/2/1 483/2/1 484/2/1
f 488/3/1 487/3/1 486/3/1
f 489/3/1 487/3/1 488/3/1
f 490/3/1 487/3/1 489/3/1
f 491/2/1 490/2/1 489/2/1
f 492/2/1 490/2/1 491/2/1
f 495/2/1 494/2/1 493/2/1
f 496/2/1 494/2/1 495/2/1
f 499/3/1 498/3/1 497/3/1
f 500/3/1 498/3/1 499/3/1
f 504/2/1 502/2/1 501/2/1
f 505/3/1 503/3/1 502/3/1
f 505/2/1 502/2/1 504/2/1
f 506/3/1 503/3/1 505/3/1
f 509/2/1 508/2/1 507/2/1
f 510/2/1 509/2/1 507/2/1
f 511/2/1 509/2/1 510/2/1
f 512/3/1 511/3/1 510/3/1
f 513/3/1 511/3/1 512/3/1
f 514/2/1 513/2/1 512/2/1
f 515/2/1 514/2/1 512/2/1
f 516/2/1 514/2/1 515/2/1
f 517/3/1 516/3/1 515/3/1
f 518/3/1 516/3/1 517/3/1
f 521/2/1 520/2/1 519/2/1
f 522/2/1 520/2/1 521/2/1
f 525/3/1 524/3/1 523/3/1
f 526/3/1 524/3/1 525/3/1
f 529/4/1 528/4/1 527/4/1
f 530/4/1 528/4/1 529/4/1
f 535/3/1 532/3/1 531/3/1
f 536/3/1 532/3/1 535/3/1
f 537/2/1 534/2/1 533/2/1
f 538/2/1 534/2/1 537/2/1
f 542/2/1 540/2/1 539/2/1
f 543/2/1 540/2/1 542/2/1
f 544/4/1 541/4/1 540/4/1
f 544/2/1 540/2/1 543/2/1
f 545/4/1 541/4/1 544/4/1
f 546/5/1 543/5/1 542/5/1
f 547/3/1 544/3/1 543/3/1
f 547/5/1 543/5/1 546/5/1
f 547/3/1 545/3/1 544/3/1
f 548/5/1 546/5/1 542/5/1
f 549/3/1 547/3/1 546/3/1
f 549/5/1 546/5/1 548/5/1
f 550/3/1 545/3/1 547/3/1
f 550/3/1 547/3/1 549/3/1
f 551/3/1 545/3/1 550/3/1
f 556/4/1 555/4/1 554/4/1
f 557/4/1 555/4/1 556/4/1
f 558/3/1 553/3/1 552/3/1
f 559/3/1 558/3/1 552/3/1
f 560/3/1 558/3/1 559/3/1
f 561/3/1 559/3/1 552/3/1
f 562/3/1 559/3/1 561/3/1
f 563/5/1 560/5/1 559/5/1
f 563/3/1 559/3/1 562/3/1
f 564/4/1 555/4/1 557/4/1
f 564/3/1 557/3/1 556/3/1
f 565/4/1 555/4/1 564/4/1
f 566/3/1 564/3/1 556/3/1
f 567/2/1 565/2/1 564/2/1
f 567/3/1 564/3/1 566/3/1
f 568/5/1 563/5/1 562/5/1
f 568/2/1 562/2/1 561/2/1
f 569/5/1 560/5/1 563/5/1
f 569/5/1 563/5/1 568/5/1
f 570/2/1 568/2/1 561/2/1
f 571/3/1 569/3/1 568/3/1
f 571/2/1 568/2/1 570/2/1
f 572/3/1 571/3/1 570/3/1
f 572/3/1 569/3/1 571/3/1
f 573/3/1 569/3/1 572/3/1
f 574/3/1 572/3/1 570/3/1
f 574/5/1 573/5/1 572/5/1
f 575/5/1 573/5/1 574/5/1
f 576/3/1 574/3/1 570/3/1
f 576/3/1 575/3/1 574/3/1
f 577/3/1 575/3/1 576/3/1
f 578/2/1 577/2/1 576/2/1
f 578/3/1 575/3/1 577/3/1
f 579/3/1 575/3/1 578/3/1
f 580/2/1 578/2/1 576/2/1
f 581/5/1 579/5/1 578/5/1
f 581/2/1 578/2/1 580/2/1
f 582/3/1 575/3/1 579/3/1
f 582/5/1 579/5/1 581/5/1
f 583/3/1 575/3/1 582/3/1
f 584/3/1 581/3/1 580/3/1
f 584/3/1 582/3/1 581/3/1
f 584/5/1 583/5/1 582/5/1
f 585/5/1 583/5/1 584/5/1
f 586/3/1 585/3/1 584/3/1
f 587/5/1 567/5/1 566/5/1
f 588/2/1 565/2/1 567/2/1
f 588/5/1 567/5/1 587/5/1
f 589/3/1 586/3/1 584/3/1
f 589/3/1 584/3/1 580/3/1
f 590/3/1 586/3/1 589/3/1
f 591/2/1 588/2/1 587/2/1
f 592/2/1 565/2/1 588/2/1
f 592/2/1 588/2/1 591/2/1
f 597/3/1 594/3/1 593/3/1
f 597/5/1 595/5/1 594/5/1
f 598/2/1 596/2/1 595/2/1
f 598/5/1 595/5/1 597/5/1
f 599/3/1 597/3/1 593/3/1
f 600/2/1 598/2/1 597/2/1
f 600/3/1 597/3/1 599/3/1
f 601/2/1 596/2/1 598/2/1
f 601/2/1 598/2/1 600/2/1
f 611/2/1 603/2/1 602/2/1
f 612/2/1 603/2/1 611/2/1
f 613/2/1 605/2/1 604/2/1
f 614/2/1 605/2/1 613/2/1
f 615/2/1 607/2/1 606/2/1
f 616/4/1 608/4/1 607/4/1
f 616/2/1 607/2/1 615/2/1
f 617/4/1 608/4/1 616/4/1
f 618/4/1 610/4/1 609/4/1
f 619/4/1 610/4/1 618/4/1
f 630/4/1 621/4/1 620/4/1
f 631/3/1 622/3/1 621/3/1
f 631/4/1 621/4/1 630/4/1
f 632/2/1 623/2/1 622/2/1
f 632/3/1 622/3/1 631/3/1
f 633/2/1 623/2/1 632/2/1
f 634/2/1 625/2/1 624/2/1
f 635/2/1 625/2/1 634/2/1
f 636/2/1 627/2/1 626/2/1
f 637/2/1 627/2/1 636/2/1
f 638/2/1 629/2/1 628/2/1
f 639/2/1 629/2/1 638/2/1
f 640/2/2 641/2/2 660/2/2
f 641/5/2 642/5/2 661/5/2
f 660/2/2 641/2/2 661/2/2
f 642/2/2 643/2/2 662/2/2
f 661/5/2 642/5/2 662/5/2
f 662/2/2 643/2/2 663/2/2
f 644/2/2 645/2/2 664/2/2
f 645/5/2 646/5/2 665/5/2
f 664/2/2 645/2/2 665/2/2
f 646/2/2 647/2/2 666/2/2
f 665/5/2 646/5/2 666/5/2
f 666/2/2 647/2/2 667/2/2
f 648/2/2 649/2/2 668/2/2
f 649/5/2 650/5/2 669/5/2
f 668/2/2 649/2/2 669/2/2
f 650/2/2 651/2/2 670/2/2
f 669/5/2 650/5/2 670/5/2
f 670/2/2 651/2/2 671/2/2
f 652/2/2 653/2/2 672/2/2
f 653/5/2 654/5/2 673/5/2
f 672/2/2 653/2/2 673/2/2
f 654/2/2 655/2/2 674/2/2
f 673/5/2 654/5/2 674/5/2
f 674/2/2 655/2/2 675/2/2
f 656/2/2 657/2/2 676/2/2
f 657/5/2 658/5/2 677/5/2
f 676/2/2 657/2/2 677/2/2
f 658/2/2 659/2/2 678/2/2
f 677/5/2 658/5/2 678/5/2
f 678/2/2 659/2/2 679/2/2
f 680/2/2 681/2/2 690/2/2
f 690/2/2 681/2/2 691/2/2
f 682/2/2 683/2/2 692/2/2
f 692/2/2 683/2/2 693/2/2
f 684/2/2 685/2/2 694/2/2
f 694/2/2 685/2/2 695/2/2
f 686/2/2 687/2/2 696/2/2
f 696/2/2 687/2/2 697/2/2
f 688/2/2 689/2/2 698/2/2
f 698/2/2 689/2/2 699/2/2
f 700/2/2 701/2/2 702/2/2
f 702/2/2 701/2/2 703/2/2
f 702/5/2 703/5/2 704/5/2
f 704/5/2 703/5/2 705/5/2
f 706/2/2 707/2/2 710/2/2
f 710/2/2 707/2/2 711/2/2
f 708/2/2 709/2/2 712/2/2
f 712/2/2 709/2/2 713/2/2
f 712/5/2 713/5/2 714/5/2
f 714/5/2 713/5/2 715/5/2
f 715/5/2 713/5/2 716/5/2
f 713/2/2 709/2/2 717/2/2
f 716/5/2 713/5/2 717/5/2
f 717/2/2 709/2/2 718/2/2
f 715/7/2 716/7/2 719/7/2
f 716/5/2 717/5/2 719/5/2
f 717/7/2 718/7/2 720/7/2
f 719/5/2 717/5/2 720/5/2
f 715/7/2 719/7/2 721/7/2
f 719/7/2 720/7/2 721/7/2
f 721/7/2 720/7/2 722/7/2
f 722/7/2 720/7/2 723/7/2
f 720/7/2 718/7/2 724/7/2
f 723/7/2 720/7/2 724/7/2
f 724/7/2 718/7/2 725/7/2
f 725/7/2 718/7/2 726/7/2
f 710/5/2 711/5/2 729/5/2
f 706/2/2 710/2/2 729/2/2
f 729/5/2 711/5/2 730/5/2
f 706/2/2 729/2/2 731/2/2
f 729/2/2 730/2/2 731/2/2
f 731/2/2 730/2/2 732/2/2
f 727/7/2 728/7/2 733/7/2
f 733/7/2 728/7/2 734/7/2
f 736/5/2 737/5/2 739/5/2
f 737/5/2 738/5/2 739/5/2
f 735/2/2 736/2/2 741/2/2
f 739/5/2 740/5/2 741/5/2
f 736/5/2 739/5/2 741/5/2
f 741/5/2 740/5/2 742/5/2
f 742/5/2 740/5/2 743/5/2
f 743/5/2 740/5/2 744/5/2
f 735/2/2 741/2/2 745/2/2
f 741/2/2 742/2/2 745/2/2
f 742/7/2 743/7/2 746/7/2
f 745/2/2 742/2/2 746/2/2
f 746/7/2 743/7/2 747/7/2
f 748/2/2 749/2/2 750/2/2
f 750/2/2 749/2/2 751/2/2
f 752/2/2 753/2/2 754/2/2
f 754/2/2 753/2/2 755/2/2
f 756/2/2 757/2/2 760/2/2
f 760/2/2 757/2/2 761/2/2
f 758/7/2 759/7/2 762/7/2
f 762/7/2 759/7/2 763/7/2
f 764/7/2 765/7/2 766/7/2
f 766/7/2 765/7/2 767/7/2
f 768/7/2 769/7/2 770/7/2
f 770/7/2 769/7/2 771/7/2
f 772/7/2 773/7/2 774/7/2
f 774/7/2 773/7/2 775/7/2
f 776/6/2 777/6/2 778/6/2
f 778/6/2 777/6/2 779/6/2
f 778/7/2 779/7/2 780/7/2
f 780/7/2 779/7/2 781/7/2
f 782/7/2 783/7/2 784/7/2
f 784/7/2 783/7/2 785/7/2
f 784/6/2 785/6/2 786/6/2
f 786/6/2 785/6/2 787/6/2
f 788/7/2 789/7/2 790/7/2
f 790/7/2 789/7/2 791/7/2
f 792/7/2 793/7/2 794/7/2
f 794/7/2 793/7/2 795/7/2
f 794/6/2 795/6/2 796/6/2
f 796/6/2 795/6/2 797/6/2
f 797/6/2 795/6/2 798/6/2
f 798/6/2 795/6/2 799/6/2
f 800/2/2 801/2/2 803/2/2
f 801/2/2 802/2/2 803/2/2
f 803/2/2 802/2/2 804/2/2
f 805/7/2 806/7/2 809/7/2
f 809/7/2 806/7/2 810/7/2
f 807/7/2 808/7/2 811/7/2
f 811/7/2 808/7/2 812/7/2
f 813/7/2 814/7/2 816/7/2
f 814/6/2 815/6/2 817/6/2
f 816/7/2 814/7/2 817/7/2
f 817/6/2 815/6/2 818/6/2
f 818/6/2 815/6/2 819/6/2
f 820/6/2 821/6/2 822/6/2
f 822/6/2 821/6/2 823/6/2
f 822/7/2 823/7/2 825/7/2
f 823/6/2 824/6/2 826/6/2
f 825/7/2 823/7/2 826/7/2
f 826/6/2 824/6/2 827/6/2
f 827/6/2 824/6/2 828/6/2
f 829/7/2 830/7/2 831/7/2
f 829/7/2 831/7/2 833/7/2
f 831/7/2 832/7/2 833/7/2
f 833/7/2 832/7/2 834/7/2
f 835/2/2 836/2/2 837/2/2
f 837/2/2 836/2/2 838/2/2
f 837/7/2 838/7/2 839/7/2
f 839/7/2 838/7/2 840/7/2
f 839/2/2 840/2/2 841/2/2
f 841/2/2 840/2/2 842/2/2
f 841/7/2 842/7/2 843/7/2
f 843/7/2 842/7/2 844/7/2
f 844/7/2 842/7/2 845/7/2
f 845/7/2 846/7/2 847/7/2
f 847/7/2 846/7/2 848/7/2
f 848/7/2 846/7/2 849/7/2
f 849/7/2 846/7/2 850/7/2
f 851/2/2 852/2/2 853/2/2
f 853/2/2 852/2/2 854/2/2
f 855/2/2 856/2/2 857/2/2
f 857/2/2 856/2/2 858/2/2
f 859/7/2 860/7/2 861/7/2
f 861/7/2 860/7/2 862/7/2
f 863/2/2 864/2/2 866/2/2
f 864/3/2 865/3/2 867/3/2
f 866/2/2 864/2/2 867/2/2
f 867/3/2 865/3/2 868/3/2
f 869/2/2 870/2/2 871/2/2
f 871/2/2 870/2/2 872/2/2
f 871/3/2 872/3/2 873/3/2
f 873/3/2 872/3/2 874/3/2
f 873/2/2 874/2/2 875/2/2
f 873/2/2 875/2/2 876/2/2
f 876/2/2 875/2/2 877/2/2
f 878/7/2 879/7/2 880/7/2
f 880/7/2 879/7/2 881/7/2
f 882/2/2 883/2/2 884/2/2
f 884/2/2 883/2/2 885/2/2
f 886/2/2 887/2/2 888/2/2
f 888/2/2 887/2/2 889/2/2
f 890/7/2 891/7/2 892/7/2
f 890/7/2 892/7/2 894/7/2
f 892/7/2 893/7/2 894/7/2
f 894/7/2 893/7/2 895/7/2
f 896/7/2 897/7/2 898/7/2
f 898/7/2 897/7/2 899/7/2
f 900/7/2 901/7/2 902/7/2
f 902/7/2 901/7/2 903/7/2
f 903/7/2 904/7/2 905/7/2
f 905/7/2 904/7/2 906/7/2
f 907/7/2 908/7/2 909/7/2
f 909/7/2 908/7/2 910/7/2
f 909/6/2 910/6/2 911/6/2
f 911/6/2 910/6/2 912/6/2
f 913/2/2 914/2/2 922/2/2
f 914/2/2 915/2/2 922/2/2
f 915/2/2 916/2/2 922/2/2
f 916/2/2 917/2/2 922/2/2
f 917/7/2 918/7/2 923/7/2
f 922/2/2 917/2/2 923/2/2
f 918/2/2 919/2/2 924/2/2
f 923/7/2 918/7/2 924/7/2
f 920/7/2 921/7/2 925/7/2
f 924/2/2 919/2/2 925/2/2
f 919/7/2 920/7/2 925/7/2
f 925/7/2 921/7/2 926/7/2
f 926/7/2 921/7/2 927/7/2
f 927/7/2 921/7/2 928/7/2
f 929/7/2 930/7/2 931/7/2
f 931/7/2 930/7/2 932/7/2
f 932/7/2 933/7/2 934/7/2
f 934/7/2 933/7/2 935/7/2
f 936/7/2 937/7/2 938/7/2
f 938/7/2 937/7/2 939/7/2
f 939/7/2 940/7/2 941/7/2
f 941/7/2 940/7/2 942/7/2
f 943/3/2 944/3/2 945/3/2
f 945/3/2 944/3/2 946/3/2
f 945/2/2 946/2/2 947/2/2
f 947/2/2 946/2/2 948/2/2
f 948/2/2 946/2/2 949/2/2
f 948/7/2 949/7/2 950/7/2
f 948/7/2 950/7/2 952/7/2
f 950/7/2 951/7/2 952/7/2
f 952/7/2 951/7/2 953/7/2
f 954/3/2 955/3/2 956/3/2
f 956/3/2 955/3/2 957/3/2
f 958/2/2 959/2/2 960/2/2
f 960/2/2 959/2/2 961/2/2
f 962/7/2 963/7/2 964/7/2
f 964/7/2 963/7/2 965/7/2
f 966/2/2 967/2/2 969/2/2
f 967/3/2 968/3/2 970/3/2
f 969/2/2 967/2/2 970/2/2
f 970/3/2 968/3/2 971/3/2
f 972/2/2 973/2/2 974/2/2
f 974/2/2 973/2/2 975/2/2
f 974/3/2 975/3/2 976/3/2
f 976/3/2 975/3/2 977/3/2
f 976/2/2 977/2/2 978/2/2
f 978/2/2 977/2/2 979/2/2
f 980/2/2 981/2/2 982/2/2
f 982/2/2 981/2/2 983/2/2
f 984/2/2 985/2/2 986/2/2
f 986/2/2 985/2/2 987/2/2
f 988/2/2 989/2/2 992/2/2
f 989/7/2 990/7/2 993/7/2
f 992/2/2 989/2/2 993/2/2
f 990/2/2 991/2/2 994/2/2
f 993/7/2 990/7/2 994/7/2
f 994/2/2 991/2/2 995/2/2
f 996/3/2 997/3/2 998/3/2
f 998/3/2 997/3/2 999/3/2
f 998/2/2 999/2/2 1000/2/2
f 1000/2/2 999/2/2 1001/2/2
f 1001/2/2 999/2/2 1002/2/2
f 1003/3/2 1004/3/2 1005/3/2
f 1005/3/2 1004/3/2 1006/3/2
f 1007/2/2 1008/2/2 1009/2/2
f 1009/2/2 1008/2/2 1010/2/2
f 1011/2/2 1012/2/2 1014/2/2
f 1012/3/2 1013/3/2 1015/3/2
f 1014/2/2 1012/2/2 1015/2/2
f 1015/3/2 1013/3/2 1016/3/2
f 1016/3/2 1013/3/2 1017/3/2
f 1018/2/2 1019/2/2 1020/2/2
f 1018/2/2 1020/2/2 1021/2/2
f 1021/2/2 1020/2/2 1022/2/2
f 1021/3/2 1022/3/2 1023/3/2
f 1023/3/2 1022/3/2 1024/3/2
f 1023/2/2 1024/2/2 1025/2/2
f 1025/2/2 1024/2/2 1026/2/2
f 1027/2/2 1028/2/2 1029/2/2
f 1029/2/2 1028/2/2 1030/2/2
f 1031/2/2 1032/2/2 1033/2/2
f 1033/2/2 1032/2/2 1034/2/2
f 1035/2/2 1036/2/2 1037/2/2
f 1037/2/2 1036/2/2 1038/2/2
f 1039/3/2 1040/3/2 1041/3/2
f 1041/3/2 1040/3/2 1042/3/2
f 1041/2/2 1042/2/2 1043/2/2
f 1043/2/2 1042/2/2 1044/2/2
f 1045/3/2 1046/3/2 1047/3/2
f 1047/3/2 1046/3/2 1048/3/2
f 1049/2/2 1050/2/2 1051/2/2
f 1051/2/2 1050/2/2 1052/2/2
f 1053/2/2 1054/2/2 1056/2/2
f 1054/3/2 1055/3/2 1057/3/2
f 1056/2/2 1054/2/2 1057/2/2
f 1057/3/2 1055/3/2 1058/3/2
f 1059/2/2 1060/2/2 1061/2/2
f 1061/2/2 1060/2/2 1062/2/2
f 1061/3/2 1062/3/2 1063/3/2
f 1061/3/2 1063/3/2 1064/3/2
f 1061/3/2 1064/3/2 1065/3/2
f 1065/3/2 1064/3/2 1066/3/2
f 1065/2/2 1066/2/2 1067/2/2
f 1067/2/2 1066/2/2 1068/2/2
f 1067/3/2 1068/3/2 1069/3/2
f 1069/3/2 1068/3/2 1070/3/2
f 1071/2/2 1072/2/2 1073/2/2
f 1073/2/2 1072/2/2 1074/2/2
f 1075/3/2 1076/3/2 1077/3/2
f 1077/3/2 1076/3/2 1078/3/2
f 1079/2/2 1080/2/2 1081/2/2
f 1081/2/2 1080/2/2 1082/2/2
f 1083/2/2 1084/2/2 1086/2/2
f 1086/2/2 1084/2/2 1087/2/2
f 1084/4/2 1085/4/2 1088/4/2
f 1087/2/2 1084/2/2 1088/2/2
f 1088/4/2 1085/4/2 1089/4/2
f 1090/3/2 1091/3/2 1094/3/2
f 1094/3/2 1091/3/2 1095/3/2
f 1092/3/2 1093/3/2 1096/3/2
f 1096/3/2 1093/3/2 1097/3/2
f 1094/2/2 1095/2/2 1098/2/2
f 1098/2/2 1095/2/2 1099/2/2
f 1098/3/2 1099/3/2 1100/3/2
f 1098/3/2 1100/3/2 1101/3/2
f 1101/3/2 1100/3/2 1102/3/2
f 1096/2/2 1097/2/2 1103/2/2
f 1103/2/2 1097/2/2 1104/2/2
f 1105/2/2 1106/2/2 1107/2/2
f 1107/2/2 1106/2/2 1108/2/2
f 1109/2/2 1110/2/2 1119/2/2
f 1119/2/2 1110/2/2 1120/2/2
f 1111/2/2 1112/2/2 1121/2/2
f 1121/2/2 1112/2/2 1122/2/2
f 1113/2/2 1114/2/2 1123/2/2
f 1114/2/2 1115/2/2 1123/2/2
f 1123/2/2 1115/2/2 1124/2/2
f 1115/3/2 1116/3/2 1125/3/2
f 1124/2/2 1115/2/2 1125/2/2
f 1125/3/2 1116/3/2 1126/3/2
f 1117/3/2 1118/3/2 1127/3/2
f 1127/3/2 1118/3/2 1128/3/2
f 1129/2/2 1130/2/2 1138/2/2
f 1130/2/2 1131/2/2 1138/2/2
f 1138/2/2 1131/2/2 1139/2/2
f 1139/2/2 1131/2/2 1140/2/2
f 1132/2/2 1133/2/2 1141/2/2
f 1141/2/2 1133/2/2 1142/2/2
f 1134/2/2 1135/2/2 1143/2/2
f 1143/2/2 1135/2/2 1144/2/2
f 1136/2/2 1137/2/2 1145/2/2
f 1145/2/2 1137/2/2 1146/2/2
f 1155/4/2 1156/4/2 1157/4/2
f 1157/4/2 1156/4/2 1158/4/2
f 1147/2/2 1148/2/2 1159/2/2
f 1153/4/2 1154/4/2 1160/4/2
f 1160/4/2 1154/4/2 1161/4/2
f 1160/2/2 1161/2/2 1162/2/2
f 1151/2/2 1152/2/2 1163/2/2
f 1163/2/2 1152/2/2 1164/2/2
f 1164/2/2 1152/2/2 1165/2/2
f 1157/4/2 1158/4/2 1166/4/2
f 1166/4/2 1158/4/2 1167/4/2
f 1166/4/2 1167/4/2 1168/4/2
f 1168/4/2 1167/4/2 1169/4/2
f 1164/4/2 1165/4/2 1170/4/2
f 1159/2/2 1148/2/2 1171/2/2
f 1171/2/2 1148/2/2 1172/2/2
f 1172/2/2 1148/2/2 1173/2/2
f 1149/2/2 1150/2/2 1174/2/2
f 1172/4/2 1173/4/2 1175/4/2
f 1175/4/2 1173/4/2 1176/4/2
f 1149/2/2 1174/2/2 1177/2/2
f 1177/2/2 1174/2/2 1178/2/2
f 1177/4/2 1178/4/2 1179/4/2
f 1179/4/2 1178/4/2 1180/4/2
f 1175/3/2 1176/3/2 1181/3/2
f 1181/3/2 1176/3/2 1182/3/2
f 1181/4/2 1182/4/2 1183/4/2
f 1181/4/2 1183/4/2 1184/4/2
f 1181/4/2 1184/4/2 1185/4/2
f 1185/4/2 1184/4/2 1186/4/2
f 1185/3/2 1186/3/2 1187/3/2
f 1187/3/2 1186/3/2 1188/3/2
f 1187/2/2 1188/2/2 1189/2/2
f 1189/2/2 1188/2/2 1190/2/2
f 1179/4/2 1180/4/2 1191/4/2
f 1191/4/2 1180/4/2 1192/4/2
f 1192/4/2 1180/4/2 1193/4/2
f 1192/2/2 1193/2/2 1194/2/2
f 1164/4/2 1170/4/2 1195/4/2
f 1195/4/2 1170/4/2 1196/4/2
f 1189/4/2 1190/4/2 1197/4/2
f 1168/2/2 1169/2/2 1198/2/2
f 1197/4/2 1190/4/2 1199/4/2
f 1199/4/2 1190/4/2 1200/4/2
f 1192/2/2 1194/2/2 1201/2/2
f 1201/2/2 1194/2/2 1202/2/2
f 1195/2/2 1196/2/2 1203/2/2
f 1203/2/2 1196/2/2 1204/2/2
f 1160/2/2 1162/2/2 1205/2/2
f 1205/2/2 1162/2/2 1206/2/2
f 1168/2/2 1198/2/2 1207/2/2
f 1207/2/2 1198/2/2 1208/2/2
f 1209/2/2 1210/2/2 1218/2/2
f 1218/2/2 1210/2/2 1219/2/2
f 1211/2/2 1212/2/2 1220/2/2
f 1220/2/2 1212/2/2 1221/2/2
f 1213/2/2 1214/2/2 1222/2/2
f 1214/4/2 1215/4/2 1223/4/2
f 1222/2/2 1214/2/2 1223/2/2
f 1223/4/2 1215/4/2 1224/4/2
f 1216/4/2 1217/4/2 1225/4/2
f 1225/4/2 1217/4/2 1226/4/2
f 1222/5/2 1223/5/2 1227/5/2
f 1223/3/2 1224/3/2 1227/3/2
f 1227/3/2 1224/3/2 1228/3/2
f 1220/5/2 1221/5/2 1229/5/2
f 1229/5/2 1221/5/2 1230/5/2
f 1220/5/2 1229/5/2 1231/5/2
f 1229/3/2 1230/3/2 1232/3/2
f 1231/5/2 1229/5/2 1232/5/2
f 1230/5/2 1221/5/2 1233/5/2
f 1232/3/2 1230/3/2 1233/3/2
f 1233/5/2 1221/5/2 1234/5/2
f 1228/3/2 1224/3/2 1235/3/2
f 1227/5/2 1228/5/2 1235/5/2
f 1224/4/2 1215/4/2 1236/4/2
f 1235/3/2 1224/3/2 1236/3/2
f 1220/5/2 1231/5/2 1237/5/2
f 1233/3/2 1234/3/2 1238/3/2
f 1237/5/2 1231/5/2 1238/5/2
f 1231/3/2 1232/3/2 1238/3/2
f 1232/3/2 1233/3/2 1238/3/2
f 1235/5/2 1236/5/2 1239/5/2
f 1236/4/2 1215/4/2 1239/4/2
f 1239/4/2 1215/4/2 1240/4/2
f 1220/5/2 1237/5/2 1241/5/2
f 1237/3/2 1238/3/2 1242/3/2
f 1241/5/2 1237/5/2 1242/5/2
f 1234/5/2 1221/5/2 1243/5/2
f 1242/3/2 1238/3/2 1243/3/2
f 1238/3/2 1234/3/2 1243/3/2
f 1243/5/2 1221/5/2 1244/5/2
f 1216/4/2 1225/4/2 1245/4/2
f 1225/3/2 1226/3/2 1246/3/2
f 1245/4/2 1225/4/2 1246/4/2
f 1246/3/2 1226/3/2 1247/3/2
f 1241/3/2 1242/3/2 1248/3/2
f 1244/5/2 1221/5/2 1248/5/2
f 1243/3/2 1244/3/2 1248/3/2
f 1242/3/2 1243/3/2 1248/3/2
f 1221/2/2 1212/2/2 1249/2/2
f 1248/5/2 1221/5/2 1249/5/2
f 1247/3/2 1226/3/2 1250/3/2
f 1246/5/2 1247/5/2 1250/5/2
f 1250/3/2 1226/3/2 1251/3/2
f 1220/5/2 1241/5/2 1252/5/2
f 1241/3/2 1248/3/2 1253/3/2
f 1252/5/2 1241/5/2 1253/5/2
f 1248/3/2 1249/3/2 1253/3/2
f 1249/2/2 1212/2/2 1254/2/2
f 1253/3/2 1249/3/2 1254/3/2
f 1254/2/2 1212/2/2 1255/2/2
f 1250/5/2 1251/5/2 1256/5/2
f 1251/3/2 1226/3/2 1256/3/2
f 1256/3/2 1226/3/2 1257/3/2
f 1256/5/2 1257/5/2 1258/5/2
f 1257/3/2 1226/3/2 1258/3/2
f 1258/3/2 1226/3/2 1259/3/2
f 1258/5/2 1259/5/2 1260/5/2
f 1259/3/2 1226/3/2 1260/3/2
f 1260/3/2 1226/3/2 1261/3/2
f 1261/3/2 1226/3/2 1262/3/2
f 1213/2/2 1222/2/2 1263/2/2
f 1227/5/2 1235/5/2 1264/5/2
f 1263/2/2 1222/2/2 1264/2/2
f 1222/5/2 1227/5/2 1264/5/2
f 1235/5/2 1239/5/2 1264/5/2
f 1263/4/2 1264/4/2 1265/4/2
f 1264/5/2 1239/5/2 1265/5/2
f 1265/5/2 1239/5/2 1266/5/2
f 1220/5/2 1252/5/2 1267/5/2
f 1211/2/2 1220/2/2 1267/2/2
f 1252/3/2 1253/3/2 1268/3/2
f 1267/5/2 1252/5/2 1268/5/2
f 1253/3/2 1254/3/2 1268/3/2
f 1209/2/2 1218/2/2 1269/2/2
f 1218/5/2 1219/5/2 1270/5/2
f 1269/2/2 1218/2/2 1270/2/2
f 1211/2/2 1267/2/2 1271/2/2
f 1267/3/2 1268/3/2 1272/3/2
f 1271/2/2 1267/2/2 1272/2/2
f 1265/3/2 1266/3/2 1273/3/2
f 1263/4/2 1265/4/2 1273/4/2
f 1266/5/2 1239/5/2 1274/5/2
f 1273/3/2 1266/3/2 1274/3/2
f 1269/3/2 1270/3/2 1275/3/2
f 1270/5/2 1219/5/2 1276/5/2
f 1275/3/2 1270/3/2 1276/3/2
f 1263/4/2 1273/4/2 1277/4/2
f 1273/5/2 1274/5/2 1277/5/2
f 1274/5/2 1239/5/2 1278/5/2
f 1277/5/2 1274/5/2 1278/5/2
f 1219/2/2 1210/2/2 1279/2/2
f 1276/5/2 1219/5/2 1279/5/2
f 1279/2/2 1210/2/2 1280/2/2
f 1271/3/2 1272/3/2 1281/3/2
f 1272/3/2 1268/3/2 1282/3/2
f 1281/3/2 1272/3/2 1282/3/2
f 1278/5/2 1239/5/2 1283/5/2
f 1277/3/2 1278/3/2 1283/3/2
f 1283/5/2 1239/5/2 1284/5/2
f 1276/5/2 1279/5/2 1285/5/2
f 1279/4/2 1280/4/2 1286/4/2
f 1285/5/2 1279/5/2 1286/5/2
f 1276/5/2 1285/5/2 1287/5/2
f 1285/3/2 1286/3/2 1288/3/2
f 1287/5/2 1285/5/2 1288/5/2
f 1284/5/2 1239/5/2 1289/5/2
f 1283/3/2 1284/3/2 1289/3/2
f 1289/5/2 1239/5/2 1290/5/2
f 1275/4/2 1276/4/2 1291/4/2
f 1276/5/2 1287/5/2 1292/5/2
f 1291/4/2 1276/4/2 1292/4/2
f 1292/5/2 1287/5/2 1293/5/2
f 1287/3/2 1288/3/2 1294/3/2
f 1293/5/2 1287/5/2 1294/5/2
f 1291/3/2 1292/3/2 1295/3/2
f 1292/5/2 1293/5/2 1296/5/2
f 1295/3/2 1292/3/2 1296/3/2
f 1296/5/2 1293/5/2 1297/5/2
f 1293/3/2 1294/3/2 1298/3/2
f 1297/5/2 1293/5/2 1298/5/2
f 1290/5/2 1239/5/2 1299/5/2
f 1289/3/2 1290/3/2 1299/3/2
f 1299/5/2 1239/5/2 1300/5/2
f 1296/5/2 1297/5/2 1301/5/2
f 1297/3/2 1298/3/2 1302/3/2
f 1301/5/2 1297/5/2 1302/5/2
f 1296/5/2 1301/5/2 1303/5/2
f 1295/2/2 1296/2/2 1303/2/2
f 1301/3/2 1302/3/2 1304/3/2
f 1303/5/2 1301/5/2 1304/5/2
f 1289/3/2 1299/3/2 1305/3/2
f 1299/3/2 1300/3/2 1305/3/2
f 1300/5/2 1239/5/2 1306/5/2
f 1305/3/2 1300/3/2 1306/3/2
f 1295/2/2 1303/2/2 1307/2/2
f 1303/3/2 1304/3/2 1308/3/2
f 1307/2/2 1303/2/2 1308/2/2
f 1283/3/2 1289/3/2 1309/3/2
f 1289/3/2 1305/3/2 1309/3/2
f 1305/5/2 1306/5/2 1310/5/2
f 1309/3/2 1305/3/2 1310/3/2
f 1283/3/2 1309/3/2 1311/3/2
f 1309/5/2 1310/5/2 1311/5/2
f 1310/5/2 1306/5/2 1312/5/2
f 1311/5/2 1310/5/2 1312/5/2
f 1298/3/2 1294/3/2 1313/3/2
f 1288/3/2 1286/3/2 1313/3/2
f 1308/3/2 1304/3/2 1313/3/2
f 1302/3/2 1298/3/2 1313/3/2
f 1294/3/2 1288/3/2 1313/3/2
f 1304/3/2 1302/3/2 1313/3/2
f 1286/4/2 1280/4/2 1314/4/2
f 1313/3/2 1286/3/2 1314/3/2
f 1313/5/2 1314/5/2 1315/5/2
f 1314/4/2 1280/4/2 1315/4/2
f 1315/4/2 1280/4/2 1316/4/2
f 1281/4/2 1282/4/2 1317/4/2
f 1282/3/2 1268/3/2 1318/3/2
f 1317/4/2 1282/4/2 1318/4/2
f 1268/3/2 1254/3/2 1319/3/2
f 1318/3/2 1268/3/2 1319/3/2
f 1319/3/2 1254/3/2 1320/3/2
f 1317/3/2 1318/3/2 1321/3/2
f 1318/3/2 1319/3/2 1321/3/2
f 1321/3/2 1319/3/2 1322/3/2
f 1322/3/2 1319/3/2 1323/3/2
f 1323/3/2 1319/3/2 1324/3/2
f 1319/5/2 1320/5/2 1325/5/2
f 1324/3/2 1319/3/2 1325/3/2
f 1323/3/2 1324/3/2 1326/3/2
f 1322/5/2 1323/5/2 1326/5/2
f 1324/5/2 1325/5/2 1327/5/2
f 1326/3/2 1324/3/2 1327/3/2
f 1320/3/2 1254/3/2 1328/3/2
f 1327/5/2 1325/5/2 1328/5/2
f 1325/5/2 1320/5/2 1328/5/2
f 1328/3/2 1254/3/2 1329/3/2
f 1311/3/2 1312/3/2 1330/3/2
f 1283/3/2 1311/3/2 1330/3/2
f 1312/5/2 1306/5/2 1331/5/2
f 1330/3/2 1312/3/2 1331/3/2
f 1308/3/2 1313/3/2 1332/3/2
f 1313/5/2 1315/5/2 1333/5/2
f 1332/3/2 1313/3/2 1333/3/2
f 1326/5/2 1327/5/2 1334/5/2
f 1329/3/2 1254/3/2 1334/3/2
f 1328/5/2 1329/5/2 1334/5/2
f 1327/5/2 1328/5/2 1334/5/2
f 1334/3/2 1254/3/2 1335/3/2
f 1283/3/2 1330/3/2 1336/3/2
f 1277/3/2 1283/3/2 1336/3/2
f 1330/5/2 1331/5/2 1337/5/2
f 1336/3/2 1330/3/2 1337/3/2
f 1335/3/2 1254/3/2 1338/3/2
f 1334/5/2 1335/5/2 1338/5/2
f 1254/4/2 1255/4/2 1339/4/2
f 1338/3/2 1254/3/2 1339/3/2
f 1339/4/2 1255/4/2 1340/4/2
f 1263/4/2 1277/4/2 1341/4/2
f 1277/3/2 1336/3/2 1342/3/2
f 1341/4/2 1277/4/2 1342/4/2
f 1336/5/2 1337/5/2 1343/5/2
f 1342/3/2 1336/3/2 1343/3/2
f 1308/3/2 1332/3/2 1344/3/2
f 1332/5/2 1333/5/2 1345/5/2
f 1344/3/2 1332/3/2 1345/3/2
f 1308/3/2 1344/3/2 1346/3/2
f 1344/5/2 1345/5/2 1347/5/2
f 1346/3/2 1344/3/2 1347/3/2
f 1308/3/2 1346/3/2 1348/3/2
f 1346/5/2 1347/5/2 1348/5/2
f 1315/2/2 1316/2/2 1349/2/2
f 1348/5/2 1347/5/2 1349/5/2
f 1333/5/2 1315/5/2 1349/5/2
f 1347/5/2 1345/5/2 1349/5/2
f 1345/5/2 1333/5/2 1349/5/2
f 1334/5/2 1338/5/2 1350/5/2
f 1338/5/2 1339/5/2 1350/5/2
f 1322/5/2 1326/5/2 1350/5/2
f 1326/5/2 1334/5/2 1350/5/2
f 1321/2/2 1322/2/2 1350/2/2
f 1339/2/2 1340/2/2 1351/2/2
f 1350/5/2 1339/5/2 1351/5/2
f 1342/5/2 1343/5/2 1352/5/2
f 1341/2/2 1342/2/2 1352/2/2
f 1239/2/2 1240/2/2 1353/2/2
f 1352/5/2 1343/5/2 1353/5/2
f 1331/5/2 1306/5/2 1353/5/2
f 1337/5/2 1331/5/2 1353/5/2
f 1343/5/2 1337/5/2 1353/5/2
f 1306/5/2 1239/5/2 1353/5/2
f 1245/2/2 1246/2/2 1354/2/2
f 1260/5/2 1261/5/2 1354/5/2
f 1246/5/2 1250/5/2 1354/5/2
f 1250/5/2 1256/5/2 1354/5/2
f 1256/5/2 1258/5/2 1354/5/2
f 1258/5/2 1260/5/2 1354/5/2
f 1261/2/2 1262/2/2 1355/2/2
f 1354/5/2 1261/5/2 1355/5/2
f 1307/4/2 1308/4/2 1356/4/2
f 1308/3/2 1348/3/2 1357/3/2
f 1356/4/2 1308/4/2 1357/4/2
f 1348/2/2 1349/2/2 1358/2/2
f 1357/3/2 1348/3/2 1358/3/2
f 1358/2/2 1349/2/2 1359/2/2
f 1349/2/2 1316/2/2 1360/2/2
f 1359/2/2 1349/2/2 1360/2/2
f 1321/2/2 1350/2/2 1361/2/2
f 1350/2/2 1351/2/2 1361/2/2
f 1351/2/2 1340/2/2 1362/2/2
f 1361/2/2 1351/2/2 1362/2/2
f 1341/2/2 1352/2/2 1363/2/2
f 1352/2/2 1353/2/2 1363/2/2
f 1353/2/2 1240/2/2 1364/2/2
f 1363/2/2 1353/2/2 1364/2/2
f 1245/2/2 1354/2/2 1365/2/2
f 1354/2/2 1355/2/2 1365/2/2
f 1355/2/2 1262/2/2 1366/2/2
f 1365/2/2 1355/2/2 1366/2/2
f 1367/3/2 1368/3/2 1371/3/2
f 1368/2/2 1369/2/2 1371/2/2
f 1371/2/2 1369/2/2 1372/2/2
f 1372/2/2 1369/2/2 1373/2/2
f 1369/4/2 1370/4/2 1374/4/2
f 1373/2/2 1369/2/2 1374/2/2
f 1374/4/2 1370/4/2 1375/4/2
f 1372/5/2 1373/5/2 1376/5/2
f 1376/5/2 1373/5/2 1377/5/2
f 1373/3/2 1374/3/2 1378/3/2
f 1374/3/2 1375/3/2 1378/3/2
f 1378/3/2 1375/3/2 1379/3/2
f 1376/1/2 1377/1/2 1380/1/2
f 1372/5/2 1376/5/2 1380/5/2
f 1377/5/2 1373/5/2 1381/5/2
f 1380/1/2 1377/1/2 1381/1/2
f 1381/5/2 1373/5/2 1382/5/2
f 1373/3/2 1378/3/2 1383/3/2
f 1382/5/2 1373/5/2 1383/5/2
f 1378/4/2 1379/4/2 1384/4/2
f 1383/3/2 1378/3/2 1384/3/2
f 1379/3/2 1375/3/2 1385/3/2
f 1384/4/2 1379/4/2 1385/4/2
f 1371/3/2 1372/3/2 1386/3/2
f 1372/5/2 1380/5/2 1386/5/2
f 1381/5/2 1382/5/2 1386/5/2
f 1380/5/2 1381/5/2 1386/5/2
f 1384/3/2 1385/3/2 1387/3/2
f 1386/5/2 1382/5/2 1387/5/2
f 1383/3/2 1384/3/2 1387/3/2
f 1382/3/2 1383/3/2 1387/3/2
f 1387/3/2 1385/3/2 1388/3/2
f 1371/3/2 1386/3/2 1389/3/2
f 1386/2/2 1387/2/2 1389/2/2
f 1387/4/2 1388/4/2 1390/4/2
f 1389/2/2 1387/2/2 1390/2/2
f 1390/4/2 1388/4/2 1391/4/2
f 1367/3/2 1371/3/2 1392/3/2
f 1371/3/2 1389/3/2 1392/3/2
f 1392/3/2 1389/3/2 1393/3/2
f 1367/3/2 1392/3/2 1394/3/2
f 1392/2/2 1393/2/2 1395/2/2
f 1394/3/2 1392/3/2 1395/3/2
f 1367/3/2 1394/3/2 1396/3/2
f 1396/3/2 1394/3/2 1397/3/2
f 1394/5/2 1395/5/2 1398/5/2
f 1397/3/2 1394/3/2 1398/3/2
f 1391/4/2 1388/4/2 1399/4/2
f 1388/3/2 1385/3/2 1400/3/2
f 1399/4/2 1388/4/2 1400/4/2
f 1399/2/2 1400/2/2 1401/2/2
f 1400/3/2 1385/3/2 1401/3/2
f 1385/3/2 1375/3/2 1402/3/2
f 1401/3/2 1385/3/2 1402/3/2
f 1401/5/2 1402/5/2 1403/5/2
f 1402/3/2 1375/3/2 1403/3/2
f 1375/4/2 1370/4/2 1404/4/2
f 1403/3/2 1375/3/2 1404/3/2
f 1404/4/2 1370/4/2 1405/4/2
f 1397/5/2 1398/5/2 1406/5/2
f 1396/2/2 1397/2/2 1406/2/2
f 1398/5/2 1395/5/2 1407/5/2
f 1406/5/2 1398/5/2 1407/5/2
f 1395/2/2 1393/2/2 1407/2/2
f 1407/2/2 1393/2/2 1408/2/2
f 1396/2/2 1406/2/2 1409/2/2
f 1406/3/2 1407/3/2 1410/3/2
f 1409/2/2 1406/2/2 1410/2/2
f 1407/4/2 1408/4/2 1411/4/2
f 1399/2/2 1401/2/2 1413/2/2
f 1411/4/2 1412/4/2 1414/4/2
f 1412/2/2 1413/2/2 1415/2/2
f 1414/4/2 1412/4/2 1415/4/2
f 1413/2/2 1401/2/2 1416/2/2
f 1415/2/2 1413/2/2 1416/2/2
f 1415/5/2 1416/5/2 1417/5/2
f 1417/5/2 1416/5/2 1418/5/2
f 1401/5/2 1403/5/2 1419/5/2
f 1403/5/2 1404/5/2 1419/5/2
f 1419/5/2 1404/5/2 1420/5/2
f 1417/1/2 1418/1/2 1421/1/2
f 1415/5/2 1417/5/2 1421/5/2
f 1418/5/2 1416/5/2 1422/5/2
f 1421/1/2 1418/1/2 1422/1/2
f 1419/1/2 1420/1/2 1423/1/2
f 1401/5/2 1419/5/2 1423/5/2
f 1420/5/2 1404/5/2 1424/5/2
f 1423/1/2 1420/1/2 1424/1/2
f 1411/4/2 1414/4/2 1425/4/2
f 1414/3/2 1415/3/2 1425/3/2
f 1425/3/2 1415/3/2 1426/3/2
f 1415/5/2 1421/5/2 1427/5/2
f 1426/3/2 1415/3/2 1427/3/2
f 1421/5/2 1422/5/2 1427/5/2
f 1416/2/2 1401/2/2 1428/2/2
f 1427/5/2 1422/5/2 1428/5/2
f 1422/5/2 1416/5/2 1428/5/2
f 1401/5/2 1423/5/2 1429/5/2
f 1428/2/2 1401/2/2 1429/2/2
f 1423/5/2 1424/5/2 1429/5/2
f 1424/5/2 1404/5/2 1430/5/2
f 1429/5/2 1424/5/2 1430/5/2
f 1404/2/2 1405/2/2 1430/2/2
f 1409/3/2 1410/3/2 1431/3/2
f 1425/4/2 1426/4/2 1432/4/2
f 1431/3/2 1410/3/2 1432/3/2
f 1407/4/2 1411/4/2 1432/4/2
f 1410/3/2 1407/3/2 1432/3/2
f 1411/4/2 1425/4/2 1432/4/2
f 1429/2/2 1430/2/2 1433/2/2
f 1432/4/2 1426/4/2 1433/4/2
f 1428/2/2 1429/2/2 1433/2/2
f 1427/2/2 1428/2/2 1433/2/2
f 1426/2/2 1427/2/2 1433/2/2
f 1430/2/2 1405/2/2 1434/2/2
f 1433/2/2 1430/2/2 1434/2/2
f 1437/2/3 1436/2/3 1435/2/3
f 1438/2/3 1436/2/3 1437/2/3
f 1439/5/3 1438/5/3 1437/5/3
f 1440/5/3 1438/5/3 1439/5/3
f 1441/5/3 1438/5/3 1440/5/3
f 1442/5/3 1438/5/3 1441/5/3
f 1443/5/3 1439/5/3 1437/5/3
f 1443/1/3 1440/1/3 1439/1/3
f 1444/5/3 1441/5/3 1440/5/3
f 1444/1/3 1440/1/3 1443/1/3
f 1445/1/3 1442/1/3 1441/1/3
f 1445/5/3 1441/5/3 1444/5/3
f 1446/5/3 1438/5/3 1442/5/3
f 1446/1/3 1442/1/3 1445/1/3
f 1447/2/3 1437/2/3 1435/2/3
f 1447/5/3 1445/5/3 1444/5/3
f 1447/5/3 1446/5/3 1445/5/3
f 1447/5/3 1443/5/3 1437/5/3
f 1447/5/3 1444/5/3 1443/5/3
f 1448/5/3 1438/5/3 1446/5/3
f 1448/5/3 1446/5/3 1447/5/3
f 1448/2/3 1436/2/3 1438/2/3
f 1449/2/3 1448/2/3 1447/2/3
f 1450/2/3 1448/2/3 1449/2/3
f 1451/2/3 1447/2/3 1435/2/3
f 1451/2/3 1449/2/3 1447/2/3
f 1452/2/3 1449/2/3 1451/2/3
f 1453/2/3 1448/2/3 1450/2/3
f 1454/2/3 1436/2/3 1448/2/3
f 1454/2/3 1448/2/3 1453/2/3
f 1455/5/3 1452/5/3 1451/5/3
f 1456/5/3 1452/5/3 1455/5/3
f 1457/5/3 1454/5/3 1453/5/3
f 1458/5/3 1454/5/3 1457/5/3
f 1459/5/3 1455/5/3 1451/5/3
f 1459/1/3 1456/1/3 1455/1/3
f 1460/5/3 1452/5/3 1456/5/3
f 1460/1/3 1456/1/3 1459/1/3
f 1461/1/3 1458/1/3 1457/1/3
f 1461/5/3 1457/5/3 1453/5/3
f 1462/5/3 1454/5/3 1458/5/3
f 1462/1/3 1458/1/3 1461/1/3
f 1463/2/3 1453/2/3 1450/2/3
f 1464/5/3 1461/5/3 1453/5/3
f 1464/2/3 1453/2/3 1463/2/3
f 1464/5/3 1462/5/3 1461/5/3
f 1465/5/3 1454/5/3 1462/5/3
f 1465/5/3 1462/5/3 1464/5/3
f 1466/3/3 1464/3/3 1463/3/3
f 1466/5/3 1454/5/3 1465/5/3
f 1466/3/3 1465/3/3 1464/3/3
f 1467/2/3 1436/2/3 1454/2/3
f 1467/5/3 1454/5/3 1466/5/3
f 1468/2/3 1436/2/3 1467/2/3
f 1469/5/3 1460/5/3 1459/5/3
f 1469/5/3 1459/5/3 1451/5/3
f 1470/5/3 1452/5/3 1460/5/3
f 1470/5/3 1460/5/3 1469/5/3
f 1471/2/3 1449/2/3 1452/2/3
f 1471/5/3 1452/5/3 1470/5/3
f 1472/2/3 1449/2/3 1471/2/3
f 1473/2/3 1451/2/3 1435/2/3
f 1473/5/3 1469/5/3 1451/5/3
f 1474/1/3 1470/1/3 1469/1/3
f 1474/5/3 1469/5/3 1473/5/3
f 1475/3/3 1472/3/3 1471/3/3
f 1475/1/3 1470/1/3 1474/1/3
f 1475/3/3 1471/3/3 1470/3/3
f 1476/2/3 1473/2/3 1435/2/3
f 1477/3/3 1474/3/3 1473/3/3
f 1477/2/3 1473/2/3 1476/2/3
f 1477/3/3 1475/3/3 1474/3/3
f 1478/3/3 1472/3/3 1475/3/3
f 1478/3/3 1475/3/3 1477/3/3
f 1478/3/3 1477/3/3 1476/3/3
f 1483/3/3 1467/3/3 1466/3/3
f 1483/3/3 1466/3/3 1463/3/3
f 1483/3/3 1468/3/3 1467/3/3
f 1484/2/3 1480/2/3 1479/2/3
f 1484/3/3 1479/3/3 1478/3/3
f 1485/2/3 1480/2/3 1484/2/3
f 1486/3/3 1481/3/3 1480/3/3
f 1486/2/3 1480/2/3 1485/2/3
f 1487/2/3 1482/2/3 1481/2/3
f 1487/3/3 1481/3/3 1486/3/3
f 1488/3/3 1483/3/3 1482/3/3
f 1488/2/3 1482/2/3 1487/2/3
f 1489/5/3 1485/5/3 1484/5/3
f 1490/3/3 1486/3/3 1485/3/3
f 1490/5/3 1485/5/3 1489/5/3
f 1490/3/3 1487/3/3 1486/3/3
f 1490/3/3 1488/3/3 1487/3/3
f 1491/3/3 1484/3/3 1478/3/3
f 1492/5/3 1489/5/3 1484/5/3
f 1492/3/3 1484/3/3 1491/3/3
f 1493/3/3 1490/3/3 1489/3/3
f 1493/5/3 1489/5/3 1492/5/3
f 1494/3/3 1491/3/3 1478/3/3
f 1494/3/3 1478/3/3 1476/3/3
f 1495/2/3 1493/2/3 1492/2/3
f 1495/3/3 1491/3/3 1494/3/3
f 1495/2/3 1492/2/3 1491/2/3
f 1496/3/3 1490/3/3 1493/3/3
f 1496/2/3 1493/2/3 1495/2/3
f 1497/3/3 1483/3/3 1488/3/3
f 1497/3/3 1490/3/3 1496/3/3
f 1497/3/3 1488/3/3 1490/3/3
f 1497/3/3 1468/3/3 1483/3/3
f 1500/2/3 1499/2/3 1498/2/3
f 1501/2/3 1499/2/3 1500/2/3
f 1502/5/3 1501/5/3 1500/5/3
f 1503/5/3 1501/5/3 1502/5/3
f 1504/5/3 1502/5/3 1500/5/3
f 1505/3/3 1503/3/3 1502/3/3
f 1505/5/3 1502/5/3 1504/5/3
f 1506/5/3 1501/5/3 1503/5/3
f 1506/3/3 1503/3/3 1505/3/3
f 1507/5/3 1501/5/3 1506/5/3
f 1508/3/3 1505/3/3 1504/3/3
f 1508/5/3 1501/5/3 1507/5/3
f 1508/3/3 1507/3/3 1506/3/3
f 1508/3/3 1506/3/3 1505/3/3
f 1509/5/3 1501/5/3 1508/5/3
f 1510/2/3 1500/2/3 1498/2/3
f 1510/5/3 1504/5/3 1500/5/3
f 1511/5/3 1504/5/3 1510/5/3
f 1512/3/3 1509/3/3 1508/3/3
f 1512/5/3 1504/5/3 1511/5/3
f 1512/3/3 1508/3/3 1504/3/3
f 1513/5/3 1501/5/3 1509/5/3
f 1513/3/3 1509/3/3 1512/3/3
f 1514/5/3 1501/5/3 1513/5/3
f 1515/2/3 1499/2/3 1501/2/3
f 1515/5/3 1501/5/3 1514/5/3
f 1516/2/3 1511/2/3 1510/2/3
f 1516/2/3 1510/2/3 1498/2/3
f 1517/3/3 1512/3/3 1511/3/3
f 1517/2/3 1511/2/3 1516/2/3
f 1517/3/3 1514/3/3 1513/3/3
f 1517/3/3 1513/3/3 1512/3/3
f 1518/2/3 1515/2/3 1514/2/3
f 1518/3/3 1514/3/3 1517/3/3
f 1519/2/3 1499/2/3 1515/2/3
f 1519/2/3 1515/2/3 1518/2/3
f 1524/2/3 1521/2/3 1520/2/3
f 1525/3/3 1522/3/3 1521/3/3
f 1525/2/3 1521/2/3 1524/2/3
f 1526/2/3 1523/2/3 1522/2/3
f 1526/3/3 1522/3/3 1525/3/3
f 1527/2/3 1523/2/3 1526/2/3
f 1528/2/3 1523/2/3 1527/2/3
f 1529/5/3 1525/5/3 1524/5/3
f 1529/3/3 1526/3/3 1525/3/3
f 1529/3/3 1527/3/3 1526/3/3
f 1530/3/3 1527/3/3 1529/3/3
f 1531/5/3 1528/5/3 1527/5/3
f 1531/3/3 1527/3/3 1530/3/3
f 1532/5/3 1528/5/3 1531/5/3
f 1533/5/3 1530/5/3 1529/5/3
f 1533/3/3 1531/3/3 1530/3/3
f 1533/3/3 1532/3/3 1531/3/3
f 1534/3/3 1532/3/3 1533/3/3
f 1535/5/3 1528/5/3 1532/5/3
f 1535/3/3 1532/3/3 1534/3/3
f 1536/5/3 1528/5/3 1535/5/3
f 1537/5/3 1534/5/3 1533/5/3
f 1537/3/3 1535/3/3 1534/3/3
f 1537/3/3 1536/3/3 1535/3/3
f 1538/3/3 1536/3/3 1537/3/3
f 1539/5/3 1538/5/3 1537/5/3
f 1539/3/3 1536/3/3 1538/3/3
f 1540/3/3 1536/3/3 1539/3/3
f 1541/5/3 1528/5/3 1536/5/3
f 1541/3/3 1536/3/3 1540/3/3
f 1542/5/3 1528/5/3 1541/5/3
f 1543/5/3 1540/5/3 1539/5/3
f 1543/5/3 1539/5/3 1537/5/3
f 1544/3/3 1542/3/3 1541/3/3
f 1544/5/3 1540/5/3 1543/5/3
f 1544/3/3 1541/3/3 1540/3/3
f 1545/2/3 1524/2/3 1520/2/3
f 1545/5/3 1529/5/3 1524/5/3
f 1545/5/3 1533/5/3 1529/5/3
f 1545/5/3 1543/5/3 1537/5/3
f 1545/5/3 1537/5/3 1533/5/3
f 1546/3/3 1544/3/3 1543/3/3
f 1546/5/3 1543/5/3 1545/5/3
f 1547/3/3 1542/3/3 1544/3/3
f 1547/3/3 1544/3/3 1546/3/3
f 1547/5/3 1528/5/3 1542/5/3
f 1548/2/3 1523/2/3 1528/2/3
f 1548/5/3 1528/5/3 1547/5/3
f 1549/2/3 1546/2/3 1545/2/3
f 1549/2/3 1545/2/3 1520/2/3
f 1550/3/3 1547/3/3 1546/3/3
f 1550/2/3 1546/2/3 1549/2/3
f 1551/2/3 1548/2/3 1547/2/3
f 1551/3/3 1547/3/3 1550/3/3
f 1552/2/3 1523/2/3 1548/2/3
f 1552/2/3 1548/2/3 1551/2/3
f 1557/2/3 1554/2/3 1553/2/3
f 1558/2/3 1554/2/3 1557/2/3
f 1559/3/3 1555/3/3 1554/3/3
f 1559/2/3 1554/2/3 1558/2/3
f 1560/3/3 1555/3/3 1559/3/3
f 1561/2/3 1556/2/3 1555/2/3
f 1561/3/3 1555/3/3 1560/3/3
f 1562/2/3 1556/2/3 1561/2/3
f 1563/5/3 1558/5/3 1557/5/3
f 1564/3/3 1560/3/3 1559/3/3
f 1564/5/3 1558/5/3 1563/5/3
f 1564/3/3 1559/3/3 1558/3/3
f 1565/5/3 1563/5/3 1557/5/3
f 1566/3/3 1564/3/3 1563/3/3
f 1566/5/3 1563/5/3 1565/5/3
f 1567/3/3 1560/3/3 1564/3/3
f 1567/3/3 1564/3/3 1566/3/3
f 1568/5/3 1562/5/3 1561/5/3
f 1568/3/3 1560/3/3 1567/3/3
f 1568/5/3 1561/5/3 1560/5/3
f 1569/5/3 1565/5/3 1557/5/3
f 1570/3/3 1566/3/3 1565/3/3
f 1570/5/3 1565/5/3 1569/5/3
f 1570/3/3 1567/3/3 1566/3/3
f 1571/5/3 1568/5/3 1567/5/3
f 1571/3/3 1567/3/3 1570/3/3
f 1572/5/3 1562/5/3 1568/5/3
f 1572/5/3 1568/5/3 1571/5/3
f 1573/5/3 1569/5/3 1557/5/3
f 1574/3/3 1570/3/3 1569/3/3
f 1574/5/3 1569/5/3 1573/5/3
f 1574/3/3 1571/3/3 1570/3/3
f 1574/3/3 1572/3/3 1571/3/3
f 1575/5/3 1562/5/3 1572/5/3
f 1575/3/3 1572/3/3 1574/3/3
f 1576/5/3 1562/5/3 1575/5/3
f 1577/5/3 1573/5/3 1557/5/3
f 1578/3/3 1574/3/3 1573/3/3
f 1578/5/3 1573/5/3 1577/5/3
f 1578/3/3 1575/3/3 1574/3/3
f 1578/3/3 1576/3/3 1575/3/3
f 1579/5/3 1562/5/3 1576/5/3
f 1579/3/3 1576/3/3 1578/3/3
f 1580/5/3 1562/5/3 1579/5/3
f 1581/5/3 1577/5/3 1557/5/3
f 1582/3/3 1578/3/3 1577/3/3
f 1582/5/3 1577/5/3 1581/5/3
f 1582/3/3 1579/3/3 1578/3/3
f 1582/3/3 1580/3/3 1579/3/3
f 1583/2/3 1557/2/3 1553/2/3
f 1583/5/3 1581/5/3 1557/5/3
f 1584/3/3 1582/3/3 1581/3/3
f 1584/5/3 1581/5/3 1583/5/3
f 1585/5/3 1562/5/3 1580/5/3
f 1585/3/3 1582/3/3 1584/3/3
f 1585/3/3 1580/3/3 1582/3/3
f 1586/2/3 1556/2/3 1562/2/3
f 1586/5/3 1562/5/3 1585/5/3
f 1587/2/3 1584/2/3 1583/2/3
f 1587/2/3 1583/2/3 1553/2/3
f 1588/3/3 1585/3/3 1584/3/3
f 1588/2/3 1584/2/3 1587/2/3
f 1589/2/3 1586/2/3 1585/2/3
f 1589/3/3 1585/3/3 1588/3/3
f 1590/2/3 1556/2/3 1586/2/3
f 1590/2/3 1586/2/3 1589/2/3
f 1595/2/3 1592/2/3 1591/2/3
f 1596/3/3 1593/3/3 1592/3/3
f 1596/2/3 1592/2/3 1595/2/3
f 1597/2/3 1594/2/3 1593/2/3
f 1597/3/3 1593/3/3 1596/3/3
f 1598/2/3 1594/2/3 1597/2/3
f 1599/3/3 1597/3/3 1596/3/3
f 1600/5/3 1598/5/3 1597/5/3
f 1600/3/3 1597/3/3 1599/3/3
f 1601/5/3 1596/5/3 1595/5/3
f 1601/3/3 1599/3/3 1596/3/3
f 1602/3/3 1599/3/3 1601/3/3
f 1603/2/3 1594/2/3 1598/2/3
f 1604/3/3 1599/3/3 1602/3/3
f 1605/5/3 1600/5/3 1599/5/3
f 1605/3/3 1599/3/3 1604/3/3
f 1606/5/3 1598/5/3 1600/5/3
f 1606/5/3 1600/5/3 1605/5/3
f 1607/2/3 1603/2/3 1598/2/3
f 1607/5/3 1598/5/3 1606/5/3
f 1608/2/3 1603/2/3 1607/2/3
f 1609/3/3 1604/3/3 1602/3/3
f 1609/5/3 1602/5/3 1601/5/3
f 1610/3/3 1604/3/3 1609/3/3
f 1611/3/3 1604/3/3 1610/3/3
f 1612/5/3 1605/5/3 1604/5/3
f 1612/3/3 1604/3/3 1611/3/3
f 1612/5/3 1606/5/3 1605/5/3
f 1613/5/3 1606/5/3 1612/5/3
f 1614/3/3 1608/3/3 1607/3/3
f 1614/5/3 1606/5/3 1613/5/3
f 1614/3/3 1607/3/3 1606/3/3
f 1615/3/3 1611/3/3 1610/3/3
f 1615/5/3 1610/5/3 1609/5/3
f 1616/3/3 1611/3/3 1615/3/3
f 1617/3/3 1611/3/3 1616/3/3
f 1618/5/3 1613/5/3 1612/5/3
f 1618/3/3 1611/3/3 1617/3/3
f 1618/5/3 1612/5/3 1611/5/3
f 1619/5/3 1613/5/3 1618/5/3
f 1620/3/3 1614/3/3 1613/3/3
f 1620/5/3 1613/5/3 1619/5/3
f 1621/3/3 1617/3/3 1616/3/3
f 1621/5/3 1616/5/3 1615/5/3
f 1622/3/3 1617/3/3 1621/3/3
f 1623/3/3 1617/3/3 1622/3/3
f 1624/5/3 1619/5/3 1618/5/3
f 1624/3/3 1617/3/3 1623/3/3
f 1624/5/3 1618/5/3 1617/5/3
f 1625/3/3 1623/3/3 1622/3/3
f 1625/5/3 1622/5/3 1621/5/3
f 1626/3/3 1623/3/3 1625/3/3
f 1627/3/3 1623/3/3 1626/3/3
f 1628/5/3 1624/5/3 1623/5/3
f 1628/3/3 1623/3/3 1627/3/3
f 1629/5/3 1619/5/3 1624/5/3
f 1629/5/3 1624/5/3 1628/5/3
f 1630/3/3 1620/3/3 1619/3/3
f 1630/5/3 1619/5/3 1629/5/3
f 1631/2/3 1595/2/3 1591/2/3
f 1631/5/3 1601/5/3 1595/5/3
f 1631/5/3 1609/5/3 1601/5/3
f 1631/5/3 1626/5/3 1625/5/3
f 1631/5/3 1625/5/3 1621/5/3
f 1631/5/3 1621/5/3 1615/5/3
f 1631/5/3 1615/5/3 1609/5/3
f 1632/3/3 1627/3/3 1626/3/3
f 1632/5/3 1626/5/3 1631/5/3
f 1633/3/3 1627/3/3 1632/3/3
f 1634/3/3 1627/3/3 1633/3/3
f 1635/5/3 1628/5/3 1627/5/3
f 1635/3/3 1627/3/3 1634/3/3
f 1635/5/3 1629/5/3 1628/5/3
f 1636/3/3 1630/3/3 1629/3/3
f 1636/5/3 1629/5/3 1635/5/3
f 1637/2/3 1633/2/3 1632/2/3
f 1637/2/3 1631/2/3 1591/2/3
f 1637/2/3 1632/2/3 1631/2/3
f 1638/3/3 1634/3/3 1633/3/3
f 1638/2/3 1633/2/3 1637/2/3
f 1639/2/3 1635/2/3 1634/2/3
f 1639/3/3 1634/3/3 1638/3/3
f 1639/2/3 1636/2/3 1635/2/3
f 1640/3/3 1630/3/3 1636/3/3
f 1640/2/3 1636/2/3 1639/2/3
f 1641/3/3 1608/3/3 1614/3/3
f 1641/3/3 1630/3/3 1640/3/3
f 1641/3/3 1620/3/3 1630/3/3
f 1641/3/3 1614/3/3 1620/3/3
f 1647/2/3 1643/2/3 1642/2/3
f 1648/3/3 1644/3/3 1643/3/3
f 1648/2/3 1643/2/3 1647/2/3
f 1649/2/3 1645/2/3 1644/2/3
f 1649/3/3 1644/3/3 1648/3/3
f 1650/3/3 1646/3/3 1645/3/3
f 1650/2/3 1645/2/3 1649/2/3
f 1651/5/3 1649/5/3 1648/5/3
f 1651/3/3 1646/3/3 1650/3/3
f 1651/5/3 1650/5/3 1649/5/3
f 1651/5/3 1648/5/3 1647/5/3
f 1652/3/3 1646/3/3 1651/3/3
f 1653/5/3 1652/5/3 1651/5/3
f 1653/3/3 1646/3/3 1652/3/3
f 1654/3/3 1646/3/3 1653/3/3
f 1655/5/3 1654/5/3 1653/5/3
f 1655/3/3 1646/3/3 1654/3/3
f 1656/3/3 1646/3/3 1655/3/3
f 1657/2/3 1647/2/3 1642/2/3
f 1658/5/3 1655/5/3 1653/5/3
f 1658/5/3 1656/5/3 1655/5/3
f 1659/3/3 1646/3/3 1656/3/3
f 1659/5/3 1656/5/3 1658/5/3
f 1660/2/3 1647/2/3 1657/2/3
f 1661/5/3 1658/5/3 1653/5/3
f 1661/2/3 1647/2/3 1660/2/3
f 1661/5/3 1651/5/3 1647/5/3
f 1661/5/3 1653/5/3 1651/5/3
f 1662/5/3 1658/5/3 1661/5/3
f 1663/5/3 1658/5/3 1662/5/3
f 1664/3/3 1659/3/3 1658/3/3
f 1664/5/3 1658/5/3 1663/5/3
f 1665/3/3 1661/3/3 1660/3/3
f 1665/3/3 1662/3/3 1661/3/3
f 1666/2/3 1663/2/3 1662/2/3
f 1666/3/3 1662/3/3 1665/3/3
f 1667/3/3 1664/3/3 1663/3/3
f 1667/2/3 1663/2/3 1666/2/3
f 1668/3/3 1646/3/3 1659/3/3
f 1668/3/3 1664/3/3 1667/3/3
f 1668/3/3 1659/3/3 1664/3/3
f 1673/2/3 1670/2/3 1669/2/3
f 1673/2/3 1672/2/3 1671/2/3
f 1673/2/3 1671/2/3 1670/2/3
f 1674/2/3 1672/2/3 1673/2/3
f 1680/2/3 1676/2/3 1675/2/3
f 1681/3/3 1677/3/3 1676/3/3
f 1681/2/3 1676/2/3 1680/2/3
f 1681/3/3 1678/3/3 1677/3/3
f 1682/2/3 1679/2/3 1678/2/3
f 1682/3/3 1678/3/3 1681/3/3
f 1683/2/3 1679/2/3 1682/2/3
f 1684/2/3 1679/2/3 1683/2/3
f 1689/2/3 1686/2/3 1685/2/3
f 1690/3/3 1687/3/3 1686/3/3
f 1690/2/3 1686/2/3 1689/2/3
f 1691/2/3 1688/2/3 1687/2/3
f 1691/3/3 1687/3/3 1690/3/3
f 1692/2/3 1688/2/3 1691/2/3
f 1698/2/3 1694/2/3 1693/2/3
f 1699/3/3 1695/3/3 1694/3/3
f 1699/2/3 1694/2/3 1698/2/3
f 1699/3/3 1696/3/3 1695/3/3
f 1700/3/3 1696/3/3 1699/3/3
f 1701/2/3 1697/2/3 1696/2/3
f 1701/3/3 1696/3/3 1700/3/3
f 1702/2/3 1697/2/3 1701/2/3
f 1710/2/3 1704/2/3 1703/2/3
f 1710/2/3 1705/2/3 1704/2/3
f 1711/3/3 1706/3/3 1705/3/3
f 1711/2/3 1705/2/3 1710/2/3
f 1712/3/3 1706/3/3 1711/3/3
f 1713/3/3 1706/3/3 1712/3/3
f 1714/2/3 1708/2/3 1707/2/3
f 1714/3/3 1706/3/3 1713/3/3
f 1714/2/3 1707/2/3 1706/2/3
f 1715/3/3 1709/3/3 1708/3/3
f 1715/2/3 1708/2/3 1714/2/3
f 1716/3/3 1709/3/3 1715/3/3
f 1722/3/3 1718/3/3 1717/3/3
f 1723/2/3 1719/2/3 1718/2/3
f 1723/3/3 1718/3/3 1722/3/3
f 1723/2/3 1720/2/3 1719/2/3
f 1724/2/3 1720/2/3 1723/2/3
f 1725/2/3 1720/2/3 1724/2/3
f 1726/2/3 1720/2/3 1725/2/3
f 1727/2/3 1720/2/3 1726/2/3
f 1728/2/3 1720/2/3 1727/2/3
f 1729/2/3 1720/2/3 1728/2/3
f 1730/3/3 1721/3/3 1720/3/3
f 1730/2/3 1720/2/3 1729/2/3
f 1731/3/3 1721/3/3 1730/3/3
f 1736/2/3 1733/2/3 1732/2/3
f 1737/2/3 1733/2/3 1736/2/3
f 1738/2/3 1735/2/3 1734/2/3
f 1739/2/3 1735/2/3 1738/2/3
f 1744/2/3 1741/2/3 1740/2/3
f 1745/2/3 1741/2/3 1744/2/3
f 1746/2/3 1743/2/3 1742/2/3
f 1747/2/3 1743/2/3 1746/2/3
f 1752/2/3 1749/2/3 1748/2/3
f 1753/2/3 1749/2/3 1752/2/3
f 1754/2/3 1751/2/3 1750/2/3
f 1755/2/3 1751/2/3 1754/2/3
f 1760/2/3 1759/2/3 1758/2/3
f 1761/2/3 1759/2/3 1760/2/3
f 1762/2/3 1761/2/3 1760/2/3
f 1763/2/3 1761/2/3 1762/2/3
f 1764/2/3 1757/2/3 1756/2/3
f 1765/2/3 1757/2/3 1764/2/3
f 1766/3/3 1763/3/3 1762/3/3
f 1767/3/3 1763/3/3 1766/3/3
f 1772/2/3 1769/2/3 1768/2/3
f 1773/2/3 1769/2/3 1772/2/3
f 1774/2/3 1769/2/3 1773/2/3
f 1775/3/3 1771/3/3 1770/3/3
f 1776/3/3 1771/3/3 1775/3/3
f 1779/2/3 1778/2/3 1777/2/3
f 1780/2/3 1778/2/3 1779/2/3
f 1791/2/3 1782/2/3 1781/2/3
f 1792/3/3 1783/3/3 1782/3/3
f 1792/2/3 1782/2/3 1791/2/3
f 1793/4/3 1784/4/3 1783/4/3
f 1793/3/3 1783/3/3 1792/3/3
f 1793/4/3 1785/4/3 1784/4/3
f 1794/3/3 1786/3/3 1785/3/3
f 1794/4/3 1785/4/3 1793/4/3
f 1795/2/3 1789/2/3 1788/2/3
f 1795/3/3 1786/3/3 1794/3/3
f 1795/2/3 1787/2/3 1786/2/3
f 1795/2/3 1788/2/3 1787/2/3
f 1796/4/3 1790/4/3 1789/4/3
f 1796/2/3 1789/2/3 1795/2/3
f 1797/4/3 1790/4/3 1796/4/3
f 1802/2/3 1799/2/3 1798/2/3
f 1803/2/3 1799/2/3 1802/2/3
f 1804/2/3 1801/2/3 1800/2/3
f 1805/2/3 1801/2/3 1804/2/3
f 1808/2/3 1807/2/3 1806/2/3
f 1809/2/3 1807/2/3 1808/2/3
f 1814/2/3 1811/2/3 1810/2/3
f 1815/2/3 1811/2/3 1814/2/3
f 1816/2/3 1813/2/3 1812/2/3
f 1817/2/3 1813/2/3 1816/2/3
f 1825/2/3 1819/2/3 1818/2/3
f 1826/3/3 1820/3/3 1819/3/3
f 1826/2/3 1819/2/3 1825/2/3
f 1826/3/3 1821/3/3 1820/3/3
f 1827/4/3 1822/4/3 1821/4/3
f 1827/3/3 1821/3/3 1826/3/3
f 1828/3/3 1823/3/3 1822/3/3
f 1828/4/3 1822/4/3 1827/4/3
f 1829/2/3 1824/2/3 1823/2/3
f 1829/3/3 1823/3/3 1828/3/3
f 1830/2/3 1824/2/3 1829/2/3
f 1835/2/3 1832/2/3 1831/2/3
f 1836/2/3 1832/2/3 1835/2/3
f 1837/2/3 1834/2/3 1833/2/3
f 1838/2/3 1834/2/3 1837/2/3
f 1841/2/3 1840/2/3 1839/2/3
f 1842/2/3 1840/2/3 1841/2/3
f 1847/2/3 1844/2/3 1843/2/3
f 1848/2/3 1844/2/3 1847/2/3
f 1849/2/3 1846/2/3 1845/2/3
f 1850/2/3 1846/2/3 1849/2/3
f 1853/2/3 1852/2/3 1851/2/3
f 1854/2/3 1852/2/3 1853/2/3
f 1859/2/3 1856/2/3 1855/2/3
f 1860/2/3 1856/2/3 1859/2/3
f 1861/2/3 1858/2/3 1857/2/3
f 1862/2/3 1858/2/3 1861/2/3
f 1868/2/3 1864/2/3 1863/2/3
f 1868/2/3 1865/2/3 1864/2/3
f 1869/4/3 1866/4/3 1865/4/3
f 1869/2/3 1865/2/3 1868/2/3
f 1870/2/3 1867/2/3 1866/2/3
f 1870/4/3 1866/4/3 1869/4/3
f 1871/2/3 1867/2/3 1870/2/3
f 1876/2/3 1873/2/3 1872/2/3
f 1877/2/3 1873/2/3 1876/2/3
f 1878/2/3 1875/2/3 1874/2/3
f 1879/2/3 1875/2/3 1878/2/3
f 1882/2/3 1881/2/3 1880/2/3
f 1883/2/3 1881/2/3 1882/2/3
f 1888/4/3 1885/4/3 1884/4/3
f 1889/4/3 1885/4/3 1888/4/3
f 1890/2/3 1887/2/3 1886/2/3
f 1891/2/3 1887/2/3 1890/2/3
f 1896/4/3 1893/4/3 1892/4/3
f 1896/4/3 1894/4/3 1893/4/3
f 1897/2/3 1895/2/3 1894/2/3
f 1897/4/3 1894/4/3 1896/4/3
f 1898/2/3 1895/2/3 1897/2/3
f 1901/7/3 1900/7/3 1899/7/3
f 1902/7/3 1900/7/3 1901/7/3
f 1905/7/3 1904/7/3 1903/7/3
f 1906/7/3 1904/7/3 1905/7/3
f 1909/7/3 1908/7/3 1907/7/3
f 1910/7/3 1908/7/3 1909/7/3
f 1913/7/3 1912/7/3 1911/7/3
f 1914/7/3 1912/7/3 1913/7/3
f 1917/7/3 1916/7/3 1915/7/3
f 1918/7/3 1916/7/3 1917/7/3
f 1921/7/3 1920/7/3 1919/7/3
f 1922/7/3 1920/7/3 1921/7/3
f 1925/7/3 1924/7/3 1923/7/3
f 1926/7/3 1924/7/3 1925/7/3
f 1929/7/3 1927/7/3 1926/7/3
f 1930/7/3 1929/7/3 1928/7/3
f 1931/7/3 1927/7/3 1929/7/3
f 1931/7/3 1929/7/3 1930/7/3
f 1934/7/3 1933/7/3 1932/7/3
f 1935/7/3 1933/7/3 1934/7/3
f 1940/7/3 1937/7/3 1936/7/3
f 1941/7/3 1937/7/3 1940/7/3
f 1942/7/3 1939/7/3 1938/7/3
f 1943/7/3 1939/7/3 1942/7/3
f 1944/7/3 1942/7/3 1941/7/3
f 1945/7/3 1942/7/3 1944/7/3
f 1947/7/3 1946/7/3 1945/7/3
f 1948/7/3 1946/7/3 1947/7/3
f 1951/7/3 1950/7/3 1949/7/3
f 1952/7/3 1950/7/3 1951/7/3
f 1955/7/3 1954/7/3 1953/7/3
f 1956/7/3 1954/7/3 1955/7/3
f 1960/7/3 1958/7/3 1957/7/3
f 1961/7/3 1958/7/3 1960/7/3
f 1962/7/3 1960/7/3 1959/7/3
f 1963/7/3 1960/7/3 1962/7/3
f 1968/2/3 1965/2/3 1964/2/3
f 1969/2/3 1965/2/3 1968/2/3
f 1970/2/3 1967/2/3 1966/2/3
f 1971/2/3 1967/2/3 1970/2/3
f 1974/7/3 1973/7/3 1972/7/3
f 1975/7/3 1973/7/3 1974/7/3
f 1978/7/3 1977/7/3 1976/7/3
f 1979/7/3 1977/7/3 1978/7/3
f 1980/7/3 1977/7/3 1979/7/3
f 1981/7/3 1977/7/3 1980/7/3
f 1986/4/3 1983/4/3 1982/4/3
f 1987/4/3 1983/4/3 1986/4/3
f 1988/2/3 1985/2/3 1984/2/3
f 1989/2/3 1985/2/3 1988/2/3
f 1992/2/3 1991/2/3 1990/2/3
f 1993/2/3 1991/2/3 1992/2/3
f 1994/2/3 1992/2/3 1990/2/3
f 1995/5/3 1993/5/3 1992/5/3
f 1995/2/3 1992/2/3 1994/2/3
f 1996/2/3 1991/2/3 1993/2/3
f 1996/5/3 1993/5/3 1995/5/3
f 1997/2/3 1991/2/3 1996/2/3
f 2001/5/3 2000/5/3 1999/5/3
f 2002/5/3 2000/5/3 2001/5/3
f 2005/5/3 2004/5/3 2003/5/3
f 2006/2/3 1999/2/3 1998/2/3
f 2007/5/3 2001/5/3 1999/5/3
f 2007/2/3 1999/2/3 2006/2/3
f 2008/5/3 2001/5/3 2007/5/3
f 2009/3/3 2008/3/3 2007/3/3
f 2010/5/3 2004/5/3 2005/5/3
f 2011/5/3 2004/5/3 2010/5/3
f 2012/3/3 2009/3/3 2007/3/3
f 2014/3/3 2012/3/3 2007/3/3
f 2014/3/3 2013/3/3 2012/3/3
f 2015/3/3 2013/3/3 2014/3/3
f 2019/7/3 2017/7/3 2016/7/3
f 2020/3/3 2014/3/3 2007/3/3
f 2022/3/3 2020/3/3 2007/3/3
f 2022/3/3 2021/3/3 2020/3/3
f 2023/3/3 2021/3/3 2022/3/3
f 2024/7/3 2019/7/3 2018/7/3
f 2024/7/3 2017/7/3 2019/7/3
f 2025/7/3 2017/7/3 2024/7/3
f 2026/7/3 2024/7/3 2018/7/3
f 2027/2/3 2025/2/3 2024/2/3
f 2027/7/3 2024/7/3 2026/7/3
f 2029/5/3 2027/5/3 2026/5/3
f 2030/5/3 2029/5/3 2028/5/3
f 2031/5/3 2027/5/3 2029/5/3
f 2031/5/3 2029/5/3 2030/5/3
f 2032/3/3 2022/3/3 2007/3/3
f 2034/3/3 2032/3/3 2007/3/3
f 2034/3/3 2033/3/3 2032/3/3
f 2035/3/3 2033/3/3 2034/3/3
f 2037/5/3 2027/5/3 2031/5/3
f 2038/5/3 2037/5/3 2036/5/3
f 2039/5/3 2027/5/3 2037/5/3
f 2039/5/3 2037/5/3 2038/5/3
f 2040/3/3 2034/3/3 2007/3/3
f 2042/3/3 2040/3/3 2007/3/3
f 2042/3/3 2041/3/3 2040/3/3
f 2043/3/3 2041/3/3 2042/3/3
f 2045/5/3 2027/5/3 2039/5/3
f 2046/5/3 2045/5/3 2044/5/3
f 2047/5/3 2027/5/3 2045/5/3
f 2047/5/3 2045/5/3 2046/5/3
f 2048/3/3 2042/3/3 2007/3/3
f 2049/4/3 2007/4/3 2006/4/3
f 2049/3/3 2048/3/3 2007/3/3
f 2050/3/3 2048/3/3 2049/3/3
f 2053/5/3 2027/5/3 2047/5/3
f 2054/2/3 2025/2/3 2027/2/3
f 2054/5/3 2027/5/3 2053/5/3
f 2055/4/3 2051/4/3 2050/4/3
f 2055/4/3 2050/4/3 2049/4/3
f 2055/4/3 2049/4/3 2006/4/3
f 2056/4/3 2051/4/3 2055/4/3
f 2057/4/3 2051/4/3 2056/4/3
f 2058/2/3 2054/2/3 2053/2/3
f 2058/2/3 2053/2/3 2052/2/3
f 2059/2/3 2025/2/3 2054/2/3
f 2059/2/3 2054/2/3 2058/2/3
f 2066/4/3 2061/4/3 2060/4/3
f 2066/3/3 2062/3/3 2061/3/3
f 2067/5/3 2064/5/3 2063/5/3
f 2067/3/3 2062/3/3 2066/3/3
f 2067/5/3 2063/5/3 2062/5/3
f 2068/2/3 2065/2/3 2064/2/3
f 2068/5/3 2064/5/3 2067/5/3
f 2069/4/3 2067/4/3 2066/4/3
f 2069/4/3 2066/4/3 2060/4/3
f 2070/2/3 2068/2/3 2067/2/3
f 2070/4/3 2067/4/3 2069/4/3
f 2071/2/3 2065/2/3 2068/2/3
f 2071/2/3 2068/2/3 2070/2/3
f 2076/2/3 2073/2/3 2072/2/3
f 2077/2/3 2073/2/3 2076/2/3
f 2078/7/3 2075/7/3 2074/7/3
f 2079/7/3 2075/7/3 2078/7/3
f 2080/2/3 2079/2/3 2078/2/3
f 2081/2/3 2079/2/3 2080/2/3
f 2082/5/3 2077/5/3 2076/5/3
f 2083/5/3 2077/5/3 2082/5/3
f 2084/7/3 2081/7/3 2080/7/3
f 2085/7/3 2081/7/3 2084/7/3
f 2086/2/3 2083/2/3 2082/2/3
f 2087/2/3 2083/2/3 2086/2/3
f 2088/2/3 2085/2/3 2084/2/3
f 2089/2/3 2085/2/3 2088/2/3
f 2094/2/3 2091/2/3 2090/2/3
f 2095/2/3 2091/2/3 2094/2/3
f 2096/5/3 2095/5/3 2094/5/3
f 2097/5/3 2095/5/3 2096/5/3
f 2098/5/3 2095/5/3 2097/5/3
f 2099/3/3 2098/3/3 2097/3/3
f 2100/2/3 2093/2/3 2092/2/3
f 2101/2/3 2093/2/3 2100/2/3
f 2102/3/3 2099/3/3 2097/3/3
f 2103/3/3 2099/3/3 2102/3/3
f 2104/7/3 2101/7/3 2100/7/3
f 2105/7/3 2101/7/3 2104/7/3
f 2110/3/3 2107/3/3 2106/3/3
f 2111/3/3 2107/3/3 2110/3/3
f 2112/2/3 2109/2/3 2108/2/3
f 2113/2/3 2109/2/3 2112/2/3
f 2118/3/3 2115/3/3 2114/3/3
f 2119/3/3 2115/3/3 2118/3/3
f 2120/2/3 2117/2/3 2116/2/3
f 2121/2/3 2117/2/3 2120/2/3
f 2126/3/3 2123/3/3 2122/3/3
f 2127/3/3 2123/3/3 2126/3/3
f 2128/2/3 2125/2/3 2124/2/3
f 2129/2/3 2125/2/3 2128/2/3
f 2130/2/4 2131/2/4 2134/2/4
f 2134/2/4 2131/2/4 2135/2/4
f 2132/2/4 2133/2/4 2136/2/4
f 2136/2/4 2133/2/4 2137/2/4
f 2138/2/4 2139/2/4 2142/2/4
f 2142/2/4 2139/2/4 2143/2/4
f 2140/2/4 2141/2/4 2144/2/4
f 2144/2/4 2141/2/4 2145/2/4
f 2146/2/4 2147/2/4 2150/2/4
f 2150/2/4 2147/2/4 2151/2/4
f 2148/2/4 2149/2/4 2152/2/4
f 2152/2/4 2149/2/4 2153/2/4
f 2156/2/4 2157/2/4 2158/2/4
f 2158/2/4 2157/2/4 2159/2/4
f 2154/2/4 2155/2/4 2160/2/4
f 2160/2/4 2155/2/4 2161/2/4
f 2158/3/4 2159/3/4 2162/3/4
f 2162/3/4 2159/3/4 2163/3/4
f 2164/2/4 2165/2/4 2168/2/4
f 2168/2/4 2165/2/4 2169/2/4
f 2168/3/4 2169/3/4 2170/3/4
f 2170/3/4 2169/3/4 2171/3/4
f 2166/3/4 2167/3/4 2172/3/4
f 2172/3/4 2167/3/4 2173/3/4
f 2174/2/4 2175/2/4 2176/2/4
f 2176/2/4 2175/2/4 2177/2/4
f 2174/2/4 2176/2/4 2178/2/4
f 2176/5/4 2177/5/4 2179/5/4
f 2178/2/4 2176/2/4 2179/2/4
f 2177/2/4 2175/2/4 2180/2/4
f 2179/5/4 2177/5/4 2180/5/4
f 2180/2/4 2175/2/4 2181/2/4
f 2183/5/4 2184/5/4 2187/5/4
f 2187/5/4 2184/5/4 2188/5/4
f 2185/2/4 2186/2/4 2189/2/4
f 2189/2/4 2186/2/4 2190/2/4
f 2190/2/4 2186/2/4 2191/2/4
f 2190/5/4 2191/5/4 2193/5/4
f 2192/5/4 2193/5/4 2194/5/4
f 2193/5/4 2191/5/4 2195/5/4
f 2194/5/4 2193/5/4 2195/5/4
f 2183/5/4 2187/5/4 2196/5/4
f 2183/5/4 2196/5/4 2198/5/4
f 2196/5/4 2197/5/4 2198/5/4
f 2198/5/4 2197/5/4 2199/5/4
f 2195/5/4 2191/5/4 2201/5/4
f 2200/5/4 2201/5/4 2202/5/4
f 2201/5/4 2191/5/4 2203/5/4
f 2202/5/4 2201/5/4 2203/5/4
f 2183/5/4 2198/5/4 2204/5/4
f 2183/5/4 2204/5/4 2206/5/4
f 2204/5/4 2205/5/4 2206/5/4
f 2206/5/4 2205/5/4 2207/5/4
f 2203/5/4 2191/5/4 2209/5/4
f 2208/5/4 2209/5/4 2210/5/4
f 2209/5/4 2191/5/4 2211/5/4
f 2210/5/4 2209/5/4 2211/5/4
f 2183/5/4 2206/5/4 2212/5/4
f 2183/5/4 2212/5/4 2214/5/4
f 2212/5/4 2213/5/4 2214/5/4
f 2214/5/4 2213/5/4 2215/5/4
f 2211/5/4 2191/5/4 2217/5/4
f 2216/5/4 2217/5/4 2218/5/4
f 2217/5/4 2191/5/4 2219/5/4
f 2218/5/4 2217/5/4 2219/5/4
f 2219/5/4 2191/5/4 2220/5/4
f 2191/2/4 2186/2/4 2221/2/4
f 2220/5/4 2191/5/4 2221/5/4
f 2221/2/4 2186/2/4 2222/2/4
f 2183/5/4 2214/5/4 2223/5/4
f 2183/5/4 2223/5/4 2225/5/4
f 2223/5/4 2224/5/4 2225/5/4
f 2225/5/4 2224/5/4 2226/5/4
f 2220/3/4 2221/3/4 2228/3/4
f 2221/3/4 2222/3/4 2228/3/4
f 2227/3/4 2228/3/4 2229/3/4
f 2228/3/4 2222/3/4 2230/3/4
f 2229/3/4 2228/3/4 2230/3/4
f 2183/5/4 2225/5/4 2231/5/4
f 2230/3/4 2222/3/4 2234/3/4
f 2182/2/4 2183/2/4 2235/2/4
f 2231/5/4 2232/5/4 2236/5/4
f 2235/2/4 2183/2/4 2236/2/4
f 2183/5/4 2231/5/4 2236/5/4
f 2236/5/4 2232/5/4 2237/5/4
f 2233/3/4 2234/3/4 2238/3/4
f 2234/3/4 2222/3/4 2239/3/4
f 2238/3/4 2234/3/4 2239/3/4
f 2241/5/4 2242/5/4 2251/5/4
f 2242/3/4 2243/3/4 2252/3/4
f 2251/5/4 2242/5/4 2252/5/4
f 2243/3/4 2244/3/4 2252/3/4
f 2248/3/4 2249/3/4 2252/3/4
f 2247/3/4 2248/3/4 2252/3/4
f 2246/3/4 2247/3/4 2252/3/4
f 2245/3/4 2246/3/4 2252/3/4
f 2244/3/4 2245/3/4 2252/3/4
f 2240/3/4 2241/3/4 2253/3/4
f 2241/5/4 2251/5/4 2254/5/4
f 2253/3/4 2241/3/4 2254/3/4
f 2251/3/4 2252/3/4 2255/3/4
f 2254/5/4 2251/5/4 2255/5/4
f 2252/3/4 2249/3/4 2256/3/4
f 2255/3/4 2252/3/4 2256/3/4
f 2249/4/4 2250/4/4 2256/4/4
f 2240/3/4 2253/3/4 2257/3/4
f 2254/2/4 2255/2/4 2258/2/4
f 2257/3/4 2253/3/4 2258/3/4
f 2253/2/4 2254/2/4 2258/2/4
f 2255/4/4 2256/4/4 2259/4/4
f 2258/2/4 2255/2/4 2259/2/4
f 2256/4/4 2250/4/4 2260/4/4
f 2259/4/4 2256/4/4 2260/4/4
f 2261/2/4 2262/2/4 2265/2/4
f 2265/2/4 2262/2/4 2266/2/4
f 2263/2/4 2264/2/4 2267/2/4
f 2267/2/4 2264/2/4 2268/2/4
f 2269/2/4 2270/2/4 2273/2/4
f 2273/2/4 2270/2/4 2274/2/4
f 2271/4/4 2272/4/4 2275/4/4
f 2275/4/4 2272/4/4 2276/4/4
f 2277/2/4 2278/2/4 2279/2/4
f 2279/2/4 2278/2/4 2280/2/4
f 2281/2/4 2282/2/4 2285/2/4
f 2285/2/4 2282/2/4 2286/2/4
f 2283/2/4 2284/2/4 2287/2/4
f 2287/2/4 2284/2/4 2288/2/4
f 2289/2/4 2290/2/4 2295/2/4
f 2290/2/4 2291/2/4 2295/2/4
f 2291/4/4 2292/4/4 2296/4/4
f 2295/2/4 2291/2/4 2296/2/4
f 2293/2/4 2294/2/4 2297/2/4
f 2296/4/4 2292/4/4 2297/4/4
f 2292/2/4 2293/2/4 2297/2/4
f 2297/2/4 2294/2/4 2298/2/4
f 2299/2/4 2300/2/4 2303/2/4
f 2303/2/4 2300/2/4 2304/2/4
f 2301/2/4 2302/2/4 2305/2/4
f 2305/2/4 2302/2/4 2306/2/4
f 2307/2/4 2308/2/4 2309/2/4
f 2309/2/4 2308/2/4 2310/2/4
f 2311/2/4 2312/2/4 2315/2/4
f 2315/2/4 2312/2/4 2316/2/4
f 2313/2/4 2314/2/4 2317/2/4
f 2317/2/4 2314/2/4 2318/2/4
f 2319/2/4 2320/2/4 2321/2/4
f 2321/2/4 2320/2/4 2322/2/4
f 2323/2/4 2324/2/4 2327/2/4
f 2327/2/4 2324/2/4 2328/2/4
f 2325/2/4 2326/2/4 2329/2/4
f 2329/2/4 2326/2/4 2330/2/4
f 2331/2/4 2332/2/4 2336/2/4
f 2332/4/4 2333/4/4 2337/4/4
f 2336/2/4 2332/2/4 2337/2/4
f 2333/4/4 2334/4/4 2337/4/4
f 2334/2/4 2335/2/4 2338/2/4
f 2337/4/4 2334/4/4 2338/4/4
f 2338/2/4 2335/2/4 2339/2/4
f 2340/2/4 2341/2/4 2344/2/4
f 2344/2/4 2341/2/4 2345/2/4
f 2342/2/4 2343/2/4 2346/2/4
f 2346/2/4 2343/2/4 2347/2/4
f 2348/2/4 2349/2/4 2350/2/4
f 2350/2/4 2349/2/4 2351/2/4
f 2352/2/4 2353/2/4 2356/2/4
f 2356/2/4 2353/2/4 2357/2/4
f 2354/2/4 2355/2/4 2358/2/4
f 2358/2/4 2355/2/4 2359/2/4
f 2360/4/4 2361/4/4 2363/4/4
f 2361/2/4 2362/2/4 2364/2/4
f 2363/4/4 2361/4/4 2364/4/4
f 2364/2/4 2362/2/4 2365/2/4
f 2366/4/4 2367/4/4 2370/4/4
f 2370/4/4 2367/4/4 2371/4/4
f 2368/2/4 2369/2/4 2372/2/4
f 2372/2/4 2369/2/4 2373/2/4
f 2374/2/4 2375/2/4 2376/2/4
f 2376/2/4 2375/2/4 2377/2/4
f 2378/7/4 2379/7/4 2380/7/4
f 2380/7/4 2379/7/4 2381/7/4
f 2381/7/4 2379/7/4 2382/7/4
f 2383/4/4 2384/4/4 2388/4/4
f 2384/3/4 2385/3/4 2389/3/4
f 2388/4/4 2384/4/4 2389/4/4
f 2386/2/4 2387/2/4 2390/2/4
f 2389/3/4 2385/3/4 2390/3/4
f 2385/2/4 2386/2/4 2390/2/4
f 2390/2/4 2387/2/4 2391/2/4
f 2392/2/4 2393/2/4 2394/2/4
f 2394/2/4 2393/2/4 2395/2/4
f 2396/2/4 2397/2/4 2399/2/4
f 2397/4/4 2398/4/4 2400/4/4
f 2399/2/4 2397/2/4 2400/2/4
f 2400/4/4 2398/4/4 2401/4/4
f 2401/4/4 2402/4/4 2403/4/4
f 2400/4/4 2401/4/4 2403/4/4
f 2403/4/4 2402/4/4 2404/4/4
f 2404/4/4 2402/4/4 2405/4/4
f 2405/4/4 2402/4/4 2406/4/4
f 2405/7/4 2406/7/4 2407/7/4
f 2407/7/4 2406/7/4 2408/7/4
f 2409/2/4 2410/2/4 2413/2/4
f 2413/2/4 2410/2/4 2414/2/4
f 2411/2/4 2412/2/4 2415/2/4
f 2415/2/4 2412/2/4 2416/2/4
f 2417/2/4 2418/2/4 2421/2/4
f 2421/2/4 2418/2/4 2422/2/4
f 2422/2/4 2418/2/4 2423/2/4
f 2422/3/4 2423/3/4 2424/3/4
f 2422/3/4 2424/3/4 2425/3/4
f 2425/3/4 2424/3/4 2426/3/4
f 2419/2/4 2420/2/4 2427/2/4
f 2427/2/4 2420/2/4 2428/2/4
f 2429/3/4 2430/3/4 2433/3/4
f 2433/3/4 2430/3/4 2434/3/4
f 2431/2/4 2432/2/4 2435/2/4
f 2435/2/4 2432/2/4 2436/2/4
f 2437/3/4 2438/3/4 2441/3/4
f 2441/3/4 2438/3/4 2442/3/4
f 2439/2/4 2440/2/4 2443/2/4
f 2443/2/4 2440/2/4 2444/2/4
f 2445/3/4 2446/3/4 2449/3/4
f 2449/3/4 2446/3/4 2450/3/4
f 2447/2/4 2448/2/4 2451/2/4
f 2451/2/4 2448/2/4 2452/2/4
f 2453/4/4 2454/4/4 2455/4/4
f 2455/4/4 2454/4/4 2456/4/4
f 2456/4/4 2457/4/4 2458/4/4
f 2458/4/4 2457/4/4 2459/4/4
f 2459/4/4 2460/4/4 2461/4/4
f 2461/4/4 2460/4/4 2462/4/4
f 2463/2/4 2464/2/4 2468/2/4
f 2464/2/4 2465/2/4 2468/2/4
f 2466/7/4 2467/7/4 2469/7/4
f 2468/2/4 2465/2/4 2469/2/4
f 2465/7/4 2466/7/4 2469/7/4
f 2469/7/4 2467/7/4 2470/7/4
f 2470/7/4 2467/7/4 2471/7/4
f 2472/2/4 2473/2/4 2478/2/4
f 2473/2/4 2474/2/4 2478/2/4
f 2475/2/4 2476/2/4 2478/2/4
f 2474/2/4 2475/2/4 2478/2/4
f 2476/7/4 2477/7/4 2479/7/4
f 2478/2/4 2476/2/4 2479/2/4
f 2479/7/4 2477/7/4 2480/7/4
f 2480/7/4 2477/7/4 2481/7/4
f 2482/3/4 2483/3/4 2487/3/4
f 2483/3/4 2484/3/4 2487/3/4
f 2484/2/4 2485/2/4 2488/2/4
f 2487/3/4 2484/3/4 2488/3/4
f 2485/2/4 2486/2/4 2488/2/4
f 2488/2/4 2486/2/4 2489/2/4
f 2489/2/4 2486/2/4 2490/2/4
f 2491/3/4 2492/3/4 2495/3/4
f 2492/3/4 2493/3/4 2495/3/4
f 2493/2/4 2494/2/4 2496/2/4
f 2495/3/4 2493/3/4 2496/3/4
f 2496/2/4 2494/2/4 2497/2/4
f 2498/3/4 2499/3/4 2501/3/4
f 2499/2/4 2500/2/4 2502/2/4
f 2501/3/4 2499/3/4 2502/3/4
f 2502/2/4 2500/2/4 2503/2/4
f 2503/2/4 2500/2/4 2504/2/4
f 2505/4/4 2506/4/4 2508/4/4
f 2508/4/4 2506/4/4 2509/4/4
f 2506/2/4 2507/2/4 2510/2/4
f 2509/4/4 2506/4/4 2510/4/4
f 2510/2/4 2507/2/4 2511/2/4
f 2511/2/4 2507/2/4 2512/2/4
f 2513/4/4 2514/4/4 2515/4/4
f 2515/4/4 2514/4/4 2516/4/4
f 2516/4/4 2517/4/4 2518/4/4
f 2518/4/4 2517/4/4 2519/4/4
f 2519/4/4 2520/4/4 2521/4/4
f 2521/4/4 2520/4/4 2522/4/4
f 2522/4/4 2523/4/4 2524/4/4
f 2524/4/4 2523/4/4 2525/4/4
f 2526/7/4 2527/7/4 2530/7/4
f 2528/2/4 2529/2/4 2531/2/4
f 2529/7/4 2530/7/4 2532/7/4
f 2531/2/4 2529/2/4 2532/2/4
f 2532/7/4 2530/7/4 2533/7/4
f 2530/7/4 2527/7/4 2534/7/4
f 2533/7/4 2530/7/4 2534/7/4
f 2534/7/4 2527/7/4 2535/7/4
f 2532/5/4 2533/5/4 2536/5/4
f 2531/5/4 2532/5/4 2536/5/4
f 2533/7/4 2534/7/4 2536/7/4
f 2536/7/4 2534/7/4 2537/7/4
f 2537/7/4 2534/7/4 2538/7/4
f 2538/7/4 2539/7/4 2543/7/4
f 2539/7/4 2540/7/4 2543/7/4
f 2540/6/4 2541/6/4 2543/6/4
f 2541/7/4 2542/7/4 2544/7/4
f 2543/6/4 2541/6/4 2544/6/4
f 2544/7/4 2542/7/4 2545/7/4
f 2538/7/4 2543/7/4 2547/7/4
f 2545/7/4 2546/7/4 2547/7/4
f 2544/7/4 2545/7/4 2547/7/4
f 2543/7/4 2544/7/4 2547/7/4
f 2537/7/4 2538/7/4 2547/7/4
f 2536/5/4 2537/5/4 2547/5/4
f 2547/7/4 2546/7/4 2548/7/4
f 2548/7/4 2546/7/4 2549/7/4
f 2528/2/4 2531/2/4 2552/2/4
f 2531/5/4 2536/5/4 2552/5/4
f 2536/5/4 2547/5/4 2552/5/4
f 2547/5/4 2548/5/4 2552/5/4
f 2550/7/4 2551/7/4 2553/7/4
f 2552/5/4 2548/5/4 2553/5/4
f 2549/7/4 2550/7/4 2553/7/4
f 2548/7/4 2549/7/4 2553/7/4
f 2553/7/4 2551/7/4 2554/7/4
f 2554/7/4 2551/7/4 2555/7/4
f 2555/7/4 2551/7/4 2556/7/4
f 2556/7/4 2551/7/4 2557/7/4
f 2528/2/4 2552/2/4 2559/2/4
f 2552/2/4 2553/2/4 2559/2/4
f 2553/2/4 2554/2/4 2559/2/4
f 2554/7/4 2555/7/4 2560/7/4
f 2559/2/4 2554/2/4 2560/2/4
f 2555/2/4 2556/2/4 2561/2/4
f 2560/7/4 2555/7/4 2561/7/4
f 2557/7/4 2558/7/4 2562/7/4
f 2561/2/4 2556/2/4 2562/2/4
f 2556/7/4 2557/7/4 2562/7/4
f 2562/7/4 2558/7/4 2563/7/4
f 2563/7/4 2564/7/4 2567/7/4
f 2565/2/4 2566/2/4 2568/2/4
f 2566/7/4 2567/7/4 2569/7/4
f 2568/2/4 2566/2/4 2569/2/4
f 2567/7/4 2564/7/4 2570/7/4
f 2569/7/4 2567/7/4 2570/7/4
f 2570/7/4 2564/7/4 2571/7/4
f 2568/5/4 2569/5/4 2572/5/4
f 2569/5/4 2570/5/4 2572/5/4
f 2570/7/4 2571/7/4 2573/7/4
f 2572/5/4 2570/5/4 2573/5/4
f 2573/7/4 2571/7/4 2574/7/4
f 2568/5/4 2572/5/4 2575/5/4
f 2572/6/4 2573/6/4 2575/6/4
f 2575/6/4 2573/6/4 2576/6/4
f 2568/5/4 2575/5/4 2577/5/4
f 2575/5/4 2576/5/4 2577/5/4
f 2576/6/4 2573/6/4 2578/6/4
f 2577/5/4 2576/5/4 2578/5/4
f 2578/6/4 2573/6/4 2579/6/4
f 2579/6/4 2573/6/4 2580/6/4
f 2565/2/4 2568/2/4 2581/2/4
f 2568/5/4 2577/5/4 2582/5/4
f 2581/2/4 2568/2/4 2582/2/4
f 2582/5/4 2577/5/4 2583/5/4
f 2581/3/4 2582/3/4 2586/3/4
f 2584/5/4 2585/5/4 2586/5/4
f 2583/5/4 2584/5/4 2586/5/4
f 2582/5/4 2583/5/4 2586/5/4
f 2586/5/4 2585/5/4 2587/5/4
f 2587/5/4 2585/5/4 2588/5/4
f 2588/5/4 2585/5/4 2589/5/4
f 2586/3/4 2587/3/4 2591/3/4
f 2587/5/4 2588/5/4 2591/5/4
f 2591/5/4 2588/5/4 2592/5/4
f 2589/7/4 2590/7/4 2593/7/4
f 2592/5/4 2588/5/4 2593/5/4
f 2588/7/4 2589/7/4 2593/7/4
f 2593/7/4 2590/7/4 2594/7/4
f 2591/3/4 2592/3/4 2595/3/4
f 2592/5/4 2593/5/4 2595/5/4
f 2593/5/4 2594/5/4 2595/5/4
f 2594/7/4 2590/7/4 2596/7/4
f 2595/5/4 2594/5/4 2596/5/4
f 2596/7/4 2590/7/4 2597/7/4
f 2586/3/4 2591/3/4 2599/3/4
f 2581/3/4 2586/3/4 2599/3/4
f 2591/3/4 2595/3/4 2599/3/4
f 2595/2/4 2596/2/4 2600/2/4
f 2599/3/4 2595/3/4 2600/3/4
f 2596/7/4 2597/7/4 2601/7/4
f 2600/2/4 2596/2/4 2601/2/4
f 2597/7/4 2598/7/4 2601/7/4
f 2601/7/4 2598/7/4 2602/7/4
f 2603/3/4 2604/3/4 2606/3/4
f 2604/2/4 2605/2/4 2606/2/4
f 2606/2/4 2605/2/4 2607/2/4
f 2603/3/4 2606/3/4 2608/3/4
f 2606/5/4 2607/5/4 2608/5/4
f 2607/2/4 2605/2/4 2609/2/4
f 2608/5/4 2607/5/4 2609/5/4
f 2603/3/4 2608/3/4 2610/3/4
f 2608/2/4 2609/2/4 2611/2/4
f 2610/3/4 2608/3/4 2611/3/4
f 2609/2/4 2605/2/4 2612/2/4
f 2611/2/4 2609/2/4 2612/2/4
f 2613/3/4 2614/3/4 2616/3/4
f 2614/2/4 2615/2/4 2616/2/4
f 2616/2/4 2615/2/4 2617/2/4
f 2613/3/4 2616/3/4 2618/3/4
f 2616/5/4 2617/5/4 2618/5/4
f 2618/5/4 2617/5/4 2619/5/4
f 2618/3/4 2619/3/4 2620/3/4
f 2619/5/4 2617/5/4 2620/5/4
f 2620/5/4 2617/5/4 2621/5/4
f 2620/3/4 2621/3/4 2622/3/4
f 2621/5/4 2617/5/4 2622/5/4
f 2622/5/4 2617/5/4 2623/5/4
f 2622/3/4 2623/3/4 2624/3/4
f 2623/5/4 2617/5/4 2624/5/4
f 2624/5/4 2617/5/4 2625/5/4
f 2624/3/4 2625/3/4 2626/3/4
f 2625/5/4 2617/5/4 2626/5/4
f 2626/5/4 2617/5/4 2627/5/4
f 2626/3/4 2627/3/4 2628/3/4
f 2627/5/4 2617/5/4 2628/5/4
f 2628/5/4 2617/5/4 2629/5/4
f 2617/2/4 2615/2/4 2630/2/4
f 2629/5/4 2617/5/4 2630/5/4
f 2628/3/4 2629/3/4 2631/3/4
f 2613/3/4 2618/3/4 2631/3/4
f 2618/3/4 2620/3/4 2631/3/4
f 2626/3/4 2628/3/4 2631/3/4
f 2624/3/4 2626/3/4 2631/3/4
f 2622/3/4 2624/3/4 2631/3/4
f 2620/3/4 2622/3/4 2631/3/4
f 2629/2/4 2630/2/4 2632/2/4
f 2631/3/4 2629/3/4 2632/3/4
f 2630/2/4 2615/2/4 2633/2/4
f 2632/2/4 2630/2/4 2633/2/4
f 2634/3/4 2635/3/4 2637/3/4
f 2635/2/4 2636/2/4 2637/2/4
f 2637/2/4 2636/2/4 2638/2/4
f 2634/3/4 2637/3/4 2639/3/4
f 2637/5/4 2638/5/4 2640/5/4
f 2639/3/4 2637/3/4 2640/3/4
f 2634/3/4 2639/3/4 2641/3/4
f 2639/5/4 2640/5/4 2641/5/4
f 2638/2/4 2636/2/4 2642/2/4
f 2641/5/4 2640/5/4 2642/5/4
f 2640/5/4 2638/5/4 2642/5/4
f 2634/3/4 2641/3/4 2643/3/4
f 2641/2/4 2642/2/4 2644/2/4
f 2643/3/4 2641/3/4 2644/3/4
f 2642/2/4 2636/2/4 2645/2/4
f 2644/2/4 2642/2/4 2645/2/4
f 2646/4/4 2647/4/4 2648/4/4
f 2648/4/4 2647/4/4 2649/4/4
f 2649/4/4 2650/4/4 2651/4/4
f 2651/4/4 2650/4/4 2652/4/4
f 2652/4/4 2653/4/4 2654/4/4
f 2654/4/4 2653/4/4 2655/4/4
f 2655/4/4 2656/4/4 2657/4/4
f 2657/4/4 2656/4/4 2658/4/4
f 2659/4/4 2660/4/4 2665/4/4
f 2665/4/4 2660/4/4 2666/4/4
f 2661/7/4 2662/7/4 2667/7/4
f 2667/7/4 2662/7/4 2668/7/4
f 2663/7/4 2664/7/4 2669/7/4
f 2669/7/4 2664/7/4 2670/7/4
f 2661/7/4 2667/7/4 2672/7/4
f 2672/7/4 2667/7/4 2673/7/4
f 2671/7/4 2672/7/4 2677/7/4
f 2672/7/4 2673/7/4 2677/7/4
f 2673/7/4 2674/7/4 2677/7/4
f 2677/7/4 2674/7/4 2678/7/4
f 2678/7/4 2674/7/4 2679/7/4
f 2675/7/4 2676/7/4 2682/7/4
f 2682/7/4 2676/7/4 2683/7/4
f 2671/7/4 2677/7/4 2684/7/4
f 2680/7/4 2681/7/4 2686/7/4
f 2681/7/4 2682/7/4 2686/7/4
f 2686/7/4 2682/7/4 2687/7/4
f 2687/7/4 2682/7/4 2688/7/4
f 2671/7/4 2684/7/4 2690/7/4
f 2684/6/4 2685/6/4 2691/6/4
f 2690/7/4 2684/7/4 2691/7/4
f 2685/6/4 2686/6/4 2691/6/4
f 2686/6/4 2687/6/4 2691/6/4
f 2691/6/4 2687/6/4 2692/6/4
f 2688/7/4 2689/7/4 2693/7/4
f 2692/6/4 2687/6/4 2693/6/4
f 2687/7/4 2688/7/4 2693/7/4
f 2693/7/4 2689/7/4 2694/7/4
f 2693/6/4 2694/6/4 2696/6/4
f 2694/7/4 2689/7/4 2697/7/4
f 2696/6/4 2694/6/4 2697/6/4
f 2697/7/4 2689/7/4 2698/7/4
f 2695/6/4 2696/6/4 2699/6/4
f 2699/6/4 2696/6/4 2700/6/4
f 2701/7/4 2702/7/4 2703/7/4
f 2703/7/4 2702/7/4 2704/7/4
f 2705/7/4 2706/7/4 2707/7/4
f 2707/7/4 2706/7/4 2708/7/4
f 2707/6/4 2708/6/4 2710/6/4
f 2709/6/4 2710/6/4 2713/6/4
f 2711/7/4 2712/7/4 2714/7/4
f 2712/6/4 2713/6/4 2715/6/4
f 2714/7/4 2712/7/4 2715/7/4
f 2715/6/4 2713/6/4 2716/6/4
f 2716/6/4 2713/6/4 2717/6/4
f 2710/6/4 2708/6/4 2718/6/4
f 2717/6/4 2713/6/4 2718/6/4
f 2713/6/4 2710/6/4 2718/6/4
f 2716/7/4 2717/7/4 2719/7/4
f 2719/7/4 2717/7/4 2720/7/4
f 2720/7/4 2721/7/4 2722/7/4
f 2722/7/4 2721/7/4 2723/7/4
f 2720/7/4 2722/7/4 2724/7/4
f 2724/7/4 2722/7/4 2725/7/4
f 2725/7/4 2726/7/4 2727/7/4
f 2727/7/4 2726/7/4 2728/7/4
f 2729/2/4 2730/2/4 2732/2/4
f 2730/4/4 2731/4/4 2733/4/4
f 2732/2/4 2730/2/4 2733/2/4
f 2733/4/4 2731/4/4 2734/4/4
f 2732/5/4 2733/5/4 2736/5/4
f 2733/5/4 2734/5/4 2736/5/4
f 2736/5/4 2734/5/4 2737/5/4
f 2734/4/4 2735/4/4 2738/4/4
f 2737/5/4 2734/5/4 2738/5/4
f 2738/4/4 2735/4/4 2739/4/4
f 2736/1/4 2737/1/4 2741/1/4
f 2732/5/4 2736/5/4 2741/5/4
f 2738/5/4 2739/5/4 2742/5/4
f 2741/1/4 2737/1/4 2742/1/4
f 2737/5/4 2738/5/4 2742/5/4
f 2742/5/4 2739/5/4 2743/5/4
f 2743/5/4 2739/5/4 2744/5/4
f 2744/5/4 2739/5/4 2745/5/4
f 2739/4/4 2740/4/4 2746/4/4
f 2745/5/4 2739/5/4 2746/5/4
f 2746/4/4 2740/4/4 2747/4/4
f 2729/2/4 2732/2/4 2749/2/4
f 2732/5/4 2741/5/4 2749/5/4
f 2741/5/4 2742/5/4 2749/5/4
f 2742/5/4 2743/5/4 2749/5/4
f 2749/5/4 2743/5/4 2750/5/4
f 2743/7/4 2744/7/4 2751/7/4
f 2750/5/4 2743/5/4 2751/5/4
f 2744/5/4 2745/5/4 2752/5/4
f 2751/7/4 2744/7/4 2752/7/4
f 2747/4/4 2748/4/4 2753/4/4
f 2752/5/4 2745/5/4 2753/5/4
f 2746/4/4 2747/4/4 2753/4/4
f 2745/4/4 2746/4/4 2753/4/4
f 2753/4/4 2748/4/4 2754/4/4
f 2754/4/4 2748/4/4 2755/4/4
f 2729/2/4 2749/2/4 2757/2/4
f 2749/2/4 2750/2/4 2757/2/4
f 2757/2/4 2750/2/4 2758/2/4
f 2758/2/4 2750/2/4 2759/2/4
f 2751/7/4 2752/7/4 2760/7/4
f 2759/2/4 2750/2/4 2760/2/4
f 2750/7/4 2751/7/4 2760/7/4
f 2752/7/4 2753/7/4 2760/7/4
f 2753/7/4 2754/7/4 2760/7/4
f 2760/7/4 2754/7/4 2761/7/4
f 2761/7/4 2754/7/4 2762/7/4
f 2762/7/4 2754/7/4 2763/7/4
f 2763/7/4 2754/7/4 2764/7/4
f 2755/4/4 2756/4/4 2765/4/4
f 2764/7/4 2754/7/4 2765/7/4
f 2754/4/4 2755/4/4 2765/4/4
f 2765/4/4 2756/4/4 2766/4/4
f 2757/5/4 2758/5/4 2768/5/4
f 2768/5/4 2758/5/4 2769/5/4
f 2761/6/4 2762/6/4 2771/6/4
f 2771/6/4 2762/6/4 2772/6/4
f 2772/6/4 2762/6/4 2773/6/4
f 2762/7/4 2763/7/4 2774/7/4
f 2773/6/4 2762/6/4 2774/6/4
f 2774/7/4 2763/7/4 2775/7/4
f 2766/7/4 2767/7/4 2776/7/4
f 2765/7/4 2766/7/4 2776/7/4
f 2764/7/4 2765/7/4 2776/7/4
f 2757/5/4 2768/5/4 2777/5/4
f 2768/1/4 2769/1/4 2777/1/4
f 2769/5/4 2758/5/4 2778/5/4
f 2777/1/4 2769/1/4 2778/1/4
f 2771/7/4 2772/7/4 2779/7/4
f 2770/7/4 2771/7/4 2779/7/4
f 2779/7/4 2772/7/4 2780/7/4
f 2772/6/4 2773/6/4 2781/6/4
f 2780/7/4 2772/7/4 2781/7/4
f 2774/7/4 2775/7/4 2782/7/4
f 2781/6/4 2773/6/4 2782/6/4
f 2773/7/4 2774/7/4 2782/7/4
f 2775/7/4 2776/7/4 2782/7/4
f 2782/7/4 2776/7/4 2783/7/4
f 2783/7/4 2776/7/4 2784/7/4
f 2776/7/4 2767/7/4 2785/7/4
f 2784/7/4 2776/7/4 2785/7/4
f 2785/7/4 2767/7/4 2786/7/4
f 2786/7/4 2767/7/4 2787/7/4
f 2780/6/4 2781/6/4 2790/6/4
f 2781/6/4 2782/6/4 2790/6/4
f 2782/6/4 2783/6/4 2790/6/4
f 2790/6/4 2783/6/4 2791/6/4
f 2783/7/4 2784/7/4 2792/7/4
f 2791/6/4 2783/6/4 2792/6/4
f 2792/7/4 2784/7/4 2793/7/4
f 2785/7/4 2786/7/4 2794/7/4
f 2786/8/4 2787/8/4 2795/8/4
f 2794/7/4 2786/7/4 2795/7/4
f 2787/7/4 2767/7/4 2796/7/4
f 2795/8/4 2787/8/4 2796/8/4
f 2788/7/4 2789/7/4 2797/7/4
f 2790/6/4 2791/6/4 2798/6/4
f 2797/7/4 2789/7/4 2798/7/4
f 2789/6/4 2790/6/4 2798/6/4
f 2798/6/4 2791/6/4 2799/6/4
f 2794/7/4 2795/7/4 2800/7/4
f 2795/7/4 2796/7/4 2800/7/4
f 2793/7/4 2794/7/4 2800/7/4
f 2800/7/4 2796/7/4 2801/7/4
f 2802/6/4 2803/6/4 2804/6/4
f 2804/6/4 2803/6/4 2805/6/4
f 2801/7/4 2796/7/4 2806/7/4
f 2805/6/4 2806/6/4 2807/6/4
f 2807/6/4 2806/6/4 2808/6/4
f 2808/6/4 2806/6/4 2809/6/4
f 2806/7/4 2796/7/4 2810/7/4
f 2809/6/4 2806/6/4 2810/6/4
f 2796/7/4 2767/7/4 2811/7/4
f 2810/7/4 2796/7/4 2811/7/4
f 2808/7/4 2809/7/4 2812/7/4
f 2812/7/4 2809/7/4 2813/7/4
f 2809/6/4 2810/6/4 2814/6/4
f 2813/7/4 2809/7/4 2814/7/4
f 2810/6/4 2811/6/4 2814/6/4
f 2811/7/4 2767/7/4 2815/7/4
f 2814/6/4 2811/6/4 2815/6/4
f 2813/7/4 2814/7/4 2816/7/4
f 2814/7/4 2815/7/4 2816/7/4
f 2816/7/4 2815/7/4 2817/7/4
f 2815/7/4 2767/7/4 2818/7/4
f 2817/7/4 2815/7/4 2818/7/4
f 2818/7/4 2767/7/4 2819/7/4
f 2729/2/4 2757/2/4 2820/2/4
f 2757/5/4 2777/5/4 2821/5/4
f 2820/2/4 2757/2/4 2821/2/4
f 2777/5/4 2778/5/4 2821/5/4
f 2817/7/4 2818/7/4 2822/7/4
f 2818/6/4 2819/6/4 2823/6/4
f 2822/7/4 2818/7/4 2823/7/4
f 2821/5/4 2778/5/4 2824/5/4
f 2820/4/4 2821/4/4 2824/4/4
f 2778/5/4 2758/5/4 2825/5/4
f 2824/5/4 2778/5/4 2825/5/4
f 2817/7/4 2822/7/4 2826/7/4
f 2822/6/4 2823/6/4 2827/6/4
f 2826/7/4 2822/7/4 2827/7/4
f 2825/5/4 2758/5/4 2828/5/4
f 2824/3/4 2825/3/4 2828/3/4
f 2758/2/4 2759/2/4 2829/2/4
f 2828/5/4 2758/5/4 2829/5/4
f 2828/3/4 2829/3/4 2830/3/4
f 2829/2/4 2759/2/4 2830/2/4
f 2830/2/4 2759/2/4 2831/2/4
f 2826/6/4 2827/6/4 2833/6/4
f 2827/6/4 2823/6/4 2834/6/4
f 2833/6/4 2827/6/4 2834/6/4
f 2832/7/4 2833/7/4 2835/7/4
f 2833/7/4 2834/7/4 2835/7/4
f 2835/7/4 2834/7/4 2836/7/4
f 2834/6/4 2823/6/4 2837/6/4
f 2836/7/4 2834/7/4 2837/7/4
f 2823/6/4 2819/6/4 2838/6/4
f 2837/6/4 2823/6/4 2838/6/4
f 2836/7/4 2837/7/4 2840/7/4
f 2837/7/4 2838/7/4 2840/7/4
f 2839/7/4 2840/7/4 2841/7/4
f 2840/7/4 2838/7/4 2842/7/4
f 2841/7/4 2840/7/4 2842/7/4
f 2842/7/4 2838/7/4 2843/7/4
f 2843/7/4 2838/7/4 2844/7/4
f 2844/7/4 2838/7/4 2845/7/4
f 2844/5/4 2845/5/4 2846/5/4
f 2845/7/4 2838/7/4 2846/7/4
f 2846/7/4 2838/7/4 2847/7/4
f 2847/7/4 2838/7/4 2848/7/4
f 2824/3/4 2828/3/4 2849/3/4
f 2828/3/4 2830/3/4 2849/3/4
f 2849/3/4 2830/3/4 2850/3/4
f 2844/5/4 2846/5/4 2851/5/4
f 2846/5/4 2847/5/4 2851/5/4
f 2851/5/4 2847/5/4 2852/5/4
f 2849/4/4 2850/4/4 2853/4/4
f 2824/3/4 2849/3/4 2853/3/4
f 2850/3/4 2830/3/4 2854/3/4
f 2853/4/4 2850/4/4 2854/4/4
f 2851/1/4 2852/1/4 2855/1/4
f 2844/5/4 2851/5/4 2855/5/4
f 2852/5/4 2847/5/4 2856/5/4
f 2855/1/4 2852/1/4 2856/1/4
f 2820/4/4 2824/4/4 2857/4/4
f 2824/3/4 2853/3/4 2857/3/4
f 2853/3/4 2854/3/4 2857/3/4
f 2830/4/4 2831/4/4 2858/4/4
f 2857/3/4 2854/3/4 2858/3/4
f 2854/3/4 2830/3/4 2858/3/4
f 2843/2/4 2844/2/4 2859/2/4
f 2855/5/4 2856/5/4 2859/5/4
f 2844/5/4 2855/5/4 2859/5/4
f 2856/5/4 2847/5/4 2860/5/4
f 2859/5/4 2856/5/4 2860/5/4
f 2847/2/4 2848/2/4 2860/2/4
f 2857/4/4 2858/4/4 2861/4/4
f 2858/4/4 2831/4/4 2861/4/4
f 2843/2/4 2859/2/4 2863/2/4
f 2859/2/4 2860/2/4 2863/2/4
f 2861/4/4 2862/4/4 2864/4/4
f 2820/4/4 2857/4/4 2864/4/4
f 2857/4/4 2861/4/4 2864/4/4
f 2862/2/4 2863/2/4 2865/2/4
f 2864/4/4 2862/4/4 2865/4/4
f 2863/2/4 2860/2/4 2866/2/4
f 2865/2/4 2863/2/4 2866/2/4
f 2860/2/4 2848/2/4 2866/2/4
f 2864/3/4 2865/3/4 2867/3/4
f 2867/3/4 2865/3/4 2868/3/4
f 2865/5/4 2866/5/4 2869/5/4
f 2868/3/4 2865/3/4 2869/3/4
f 2869/5/4 2866/5/4 2870/5/4
f 2870/5/4 2866/5/4 2871/5/4
f 2871/5/4 2866/5/4 2872/5/4
f 2867/4/4 2868/4/4 2873/4/4
f 2864/3/4 2867/3/4 2873/3/4
f 2868/3/4 2869/3/4 2874/3/4
f 2873/4/4 2868/4/4 2874/4/4
f 2869/3/4 2870/3/4 2874/3/4
f 2871/1/4 2872/1/4 2875/1/4
f 2870/5/4 2871/5/4 2875/5/4
f 2872/5/4 2866/5/4 2876/5/4
f 2875/1/4 2872/1/4 2876/1/4
f 2820/4/4 2864/4/4 2877/4/4
f 2864/3/4 2873/3/4 2877/3/4
f 2873/3/4 2874/3/4 2877/3/4
f 2870/5/4 2875/5/4 2878/5/4
f 2877/3/4 2874/3/4 2878/3/4
f 2874/3/4 2870/3/4 2878/3/4
f 2875/5/4 2876/5/4 2878/5/4
f 2876/5/4 2866/5/4 2879/5/4
f 2878/5/4 2876/5/4 2879/5/4
f 2866/2/4 2848/2/4 2879/2/4
f 2877/4/4 2878/4/4 2880/4/4
f 2820/4/4 2877/4/4 2880/4/4
f 2878/2/4 2879/2/4 2881/2/4
f 2880/4/4 2878/4/4 2881/4/4
f 2879/2/4 2848/2/4 2882/2/4
f 2881/2/4 2879/2/4 2882/2/4
f 2886/2/5 2884/2/5 2883/2/5
f 2887/2/5 2884/2/5 2886/2/5
f 2888/2/5 2884/2/5 2887/2/5
f 2889/3/5 2885/3/5 2884/3/5
f 2889/2/5 2884/2/5 2888/2/5
f 2890/3/5 2885/3/5 2889/3/5
f 2891/5/5 2887/5/5 2886/5/5
f 2892/5/5 2887/5/5 2891/5/5
f 2893/5/5 2889/5/5 2888/5/5
f 2893/5/5 2890/5/5 2889/5/5
f 2894/5/5 2890/5/5 2893/5/5
f 2895/5/5 2890/5/5 2894/5/5
f 2896/5/5 2890/5/5 2895/5/5
f 2897/1/5 2892/1/5 2891/1/5
f 2897/5/5 2891/5/5 2886/5/5
f 2898/5/5 2887/5/5 2892/5/5
f 2898/1/5 2892/1/5 2897/1/5
f 2899/5/5 2893/5/5 2888/5/5
f 2899/1/5 2894/1/5 2893/1/5
f 2900/5/5 2895/5/5 2894/5/5
f 2900/1/5 2894/1/5 2899/1/5
f 2901/1/5 2896/1/5 2895/1/5
f 2901/5/5 2895/5/5 2900/5/5
f 2902/5/5 2890/5/5 2896/5/5
f 2902/1/5 2896/1/5 2901/1/5
f 2903/3/5 2885/3/5 2890/3/5
f 2903/5/5 2890/5/5 2902/5/5
f 2904/3/5 2885/3/5 2903/3/5
f 2905/2/5 2888/2/5 2887/2/5
f 2905/5/5 2902/5/5 2901/5/5
f 2905/5/5 2901/5/5 2900/5/5
f 2905/5/5 2903/5/5 2902/5/5
f 2905/5/5 2899/5/5 2888/5/5
f 2905/5/5 2900/5/5 2899/5/5
f 2906/2/5 2904/2/5 2903/2/5
f 2906/5/5 2903/5/5 2905/5/5
f 2907/3/5 2885/3/5 2904/3/5
f 2907/2/5 2904/2/5 2906/2/5
f 2908/3/5 2885/3/5 2907/3/5
f 2909/3/5 2885/3/5 2908/3/5
f 2910/2/5 2906/2/5 2905/2/5
f 2910/2/5 2905/2/5 2887/2/5
f 2910/2/5 2907/2/5 2906/2/5
f 2911/2/5 2907/2/5 2910/2/5
f 2912/5/5 2908/5/5 2907/5/5
f 2913/2/5 2909/2/5 2908/2/5
f 2913/5/5 2908/5/5 2912/5/5
f 2914/2/5 2909/2/5 2913/2/5
f 2915/5/5 2912/5/5 2907/5/5
f 2915/2/5 2907/2/5 2911/2/5
f 2916/3/5 2913/3/5 2912/3/5
f 2916/5/5 2912/5/5 2915/5/5
f 2917/2/5 2915/2/5 2911/2/5
f 2918/3/5 2916/3/5 2915/3/5
f 2918/2/5 2915/2/5 2917/2/5
f 2919/2/5 2910/2/5 2887/2/5
f 2921/4/5 2918/4/5 2917/4/5
f 2922/2/5 2920/2/5 2919/2/5
f 2922/2/5 2919/2/5 2887/2/5
f 2923/4/5 2921/4/5 2920/4/5
f 2923/2/5 2920/2/5 2922/2/5
f 2924/4/5 2921/4/5 2923/4/5
f 2925/5/5 2897/5/5 2886/5/5
f 2925/5/5 2898/5/5 2897/5/5
f 2926/5/5 2887/5/5 2898/5/5
f 2926/5/5 2898/5/5 2925/5/5
f 2927/5/5 2923/5/5 2922/5/5
f 2928/5/5 2923/5/5 2927/5/5
f 2929/3/5 2924/3/5 2923/3/5
f 2929/5/5 2923/5/5 2928/5/5
f 2930/3/5 2924/3/5 2929/3/5
f 2931/5/5 2925/5/5 2886/5/5
f 2931/1/5 2926/1/5 2925/1/5
f 2932/5/5 2887/5/5 2926/5/5
f 2932/1/5 2926/1/5 2931/1/5
f 2933/1/5 2928/1/5 2927/1/5
f 2933/5/5 2927/5/5 2922/5/5
f 2934/5/5 2930/5/5 2929/5/5
f 2934/1/5 2928/1/5 2933/1/5
f 2934/5/5 2929/5/5 2928/5/5
f 2935/2/5 2886/2/5 2883/2/5
f 2935/5/5 2931/5/5 2886/5/5
f 2935/5/5 2932/5/5 2931/5/5
f 2936/5/5 2887/5/5 2932/5/5
f 2936/5/5 2932/5/5 2935/5/5
f 2936/2/5 2922/2/5 2887/2/5
f 2937/5/5 2933/5/5 2922/5/5
f 2937/2/5 2922/2/5 2936/2/5
f 2937/5/5 2934/5/5 2933/5/5
f 2938/5/5 2930/5/5 2934/5/5
f 2938/5/5 2934/5/5 2937/5/5
f 2938/3/5 2924/3/5 2930/3/5
f 2939/3/5 2924/3/5 2938/3/5
f 2940/4/5 2921/4/5 2924/4/5
f 2940/3/5 2924/3/5 2939/3/5
f 2941/3/5 2916/3/5 2918/3/5
f 2941/4/5 2921/4/5 2940/4/5
f 2941/4/5 2918/4/5 2921/4/5
f 2942/4/5 2914/4/5 2913/4/5
f 2942/3/5 2916/3/5 2941/3/5
f 2942/3/5 2913/3/5 2916/3/5
f 2943/2/5 2937/2/5 2936/2/5
f 2943/2/5 2939/2/5 2938/2/5
f 2943/2/5 2935/2/5 2883/2/5
f 2943/2/5 2936/2/5 2935/2/5
f 2943/2/5 2938/2/5 2937/2/5
f 2944/4/5 2942/4/5 2941/4/5
f 2944/2/5 2939/2/5 2943/2/5
f 2944/4/5 2941/4/5 2940/4/5
f 2944/4/5 2940/4/5 2939/4/5
f 2945/4/5 2914/4/5 2942/4/5
f 2945/4/5 2942/4/5 2944/4/5
f 2956/2/5 2947/2/5 2946/2/5
f 2957/2/5 2947/2/5 2956/2/5
f 2958/2/5 2949/2/5 2948/2/5
f 2959/2/5 2949/2/5 2958/2/5
f 2960/2/5 2951/2/5 2950/2/5
f 2961/2/5 2951/2/5 2960/2/5
f 2962/2/5 2953/2/5 2952/2/5
f 2963/2/5 2953/2/5 2962/2/5
f 2964/2/5 2955/2/5 2954/2/5
f 2965/2/5 2955/2/5 2964/2/5
f 2966/5/5 2959/5/5 2958/5/5
f 2967/2/5 2949/2/5 2959/2/5
f 2967/5/5 2959/5/5 2966/5/5
f 2968/2/5 2949/2/5 2967/2/5
f 2969/2/5 2960/2/5 2950/2/5
f 2970/5/5 2961/5/5 2960/5/5
f 2970/2/5 2960/2/5 2969/2/5
f 2971/5/5 2961/5/5 2970/5/5
f 2972/5/5 2966/5/5 2958/5/5
f 2973/3/5 2968/3/5 2967/3/5
f 2973/5/5 2966/5/5 2972/5/5
f 2973/3/5 2967/3/5 2966/3/5
f 2974/5/5 2961/5/5 2971/5/5
f 2974/3/5 2971/3/5 2970/3/5
f 2974/3/5 2970/3/5 2969/3/5
f 2975/5/5 2961/5/5 2974/5/5
f 2976/5/5 2965/5/5 2964/5/5
f 2977/2/5 2955/2/5 2965/2/5
f 2977/5/5 2965/5/5 2976/5/5
f 2978/2/5 2955/2/5 2977/2/5
f 2979/5/5 2961/5/5 2975/5/5
f 2979/3/5 2975/3/5 2974/3/5
f 2980/5/5 2961/5/5 2979/5/5
f 2981/5/5 2963/5/5 2962/5/5
f 2982/2/5 2953/2/5 2963/2/5
f 2982/5/5 2963/5/5 2981/5/5
f 2983/2/5 2953/2/5 2982/2/5
f 2984/2/5 2964/2/5 2954/2/5
f 2985/5/5 2976/5/5 2964/5/5
f 2985/2/5 2964/2/5 2984/2/5
f 2986/5/5 2976/5/5 2985/5/5
f 2987/5/5 2976/5/5 2986/5/5
f 2988/3/5 2977/3/5 2976/3/5
f 2988/5/5 2976/5/5 2987/5/5
f 2989/5/5 2972/5/5 2958/5/5
f 2990/3/5 2973/3/5 2972/3/5
f 2990/5/5 2972/5/5 2989/5/5
f 2991/5/5 2981/5/5 2962/5/5
f 2992/3/5 2983/3/5 2982/3/5
f 2992/5/5 2981/5/5 2991/5/5
f 2992/3/5 2982/3/5 2981/3/5
f 2993/5/5 2987/5/5 2986/5/5
f 2993/3/5 2985/3/5 2984/3/5
f 2993/3/5 2986/3/5 2985/3/5
f 2994/3/5 2988/3/5 2987/3/5
f 2994/5/5 2987/5/5 2993/5/5
f 2995/5/5 2961/5/5 2980/5/5
f 2995/3/5 2980/3/5 2979/3/5
f 2996/5/5 2961/5/5 2995/5/5
f 2997/3/5 2996/3/5 2995/3/5
f 2997/5/5 2961/5/5 2996/5/5
f 2998/2/5 2951/2/5 2961/2/5
f 2998/5/5 2961/5/5 2997/5/5
f 2999/2/5 2951/2/5 2998/2/5
f 3000/5/5 2991/5/5 2962/5/5
f 3001/3/5 2992/3/5 2991/3/5
f 3001/5/5 2991/5/5 3000/5/5
f 3002/2/5 2962/2/5 2952/2/5
f 3003/5/5 3000/5/5 2962/5/5
f 3003/2/5 2962/2/5 3002/2/5
f 3004/5/5 2989/5/5 2958/5/5
f 3005/3/5 2990/3/5 2989/3/5
f 3005/5/5 2989/5/5 3004/5/5
f 3006/5/5 3000/5/5 3003/5/5
f 3006/3/5 3003/3/5 3002/3/5
f 3007/5/5 3000/5/5 3006/5/5
f 3008/5/5 3000/5/5 3007/5/5
f 3009/3/5 3001/3/5 3000/3/5
f 3009/5/5 3000/5/5 3008/5/5
f 3010/2/5 2958/2/5 2948/2/5
f 3010/5/5 3004/5/5 2958/5/5
f 3011/3/5 3005/3/5 3004/3/5
f 3011/5/5 3004/5/5 3010/5/5
f 3012/5/5 3008/5/5 3007/5/5
f 3012/3/5 3007/3/5 3006/3/5
f 3013/3/5 3009/3/5 3008/3/5
f 3013/5/5 3008/5/5 3012/5/5
f 3014/2/5 3010/2/5 2948/2/5
f 3015/3/5 3011/3/5 3010/3/5
f 3015/2/5 3010/2/5 3014/2/5
f 3016/2/5 2947/2/5 2957/2/5
f 3016/5/5 2957/5/5 2956/5/5
f 3017/2/5 2947/2/5 3016/2/5
f 3018/2/5 2956/2/5 2946/2/5
f 3018/5/5 3016/5/5 2956/5/5
f 3019/3/5 3017/3/5 3016/3/5
f 3019/5/5 3016/5/5 3018/5/5
f 3020/2/5 3018/2/5 2946/2/5
f 3020/2/5 3019/2/5 3018/2/5
f 3021/2/5 3019/2/5 3020/2/5
f 3022/3/5 3017/3/5 3019/3/5
f 3022/2/5 3019/2/5 3021/2/5
f 3023/3/5 3017/3/5 3022/3/5
f 3024/3/5 3015/3/5 3014/3/5
f 3025/3/5 2973/3/5 2990/3/5
f 3025/3/5 3015/3/5 3024/3/5
f 3025/3/5 3011/3/5 3015/3/5
f 3025/3/5 2968/3/5 2973/3/5
f 3025/3/5 2990/3/5 3005/3/5
f 3025/3/5 3005/3/5 3011/3/5
f 3026/3/5 2997/3/5 2995/3/5
f 3026/3/5 2999/3/5 2998/3/5
f 3026/3/5 2974/3/5 2969/3/5
f 3026/3/5 2979/3/5 2974/3/5
f 3026/3/5 2995/3/5 2979/3/5
f 3026/3/5 2998/3/5 2997/3/5
f 3027/3/5 2999/3/5 3026/3/5
f 3028/3/5 3006/3/5 3002/3/5
f 3028/3/5 3013/3/5 3012/3/5
f 3028/3/5 3012/3/5 3006/3/5
f 3029/3/5 3001/3/5 3009/3/5
f 3029/3/5 3013/3/5 3028/3/5
f 3029/3/5 2992/3/5 3001/3/5
f 3029/3/5 3009/3/5 3013/3/5
f 3029/3/5 2983/3/5 2992/3/5
f 3030/3/5 2993/3/5 2984/3/5
f 3030/3/5 2994/3/5 2993/3/5
f 3031/3/5 2977/3/5 2988/3/5
f 3031/3/5 2994/3/5 3030/3/5
f 3031/3/5 2988/3/5 2994/3/5
f 3031/4/5 2978/4/5 2977/4/5
f 3032/4/5 2978/4/5 3031/4/5
f 3045/2/5 3044/2/5 3043/2/5
f 3046/2/5 3045/2/5 3043/2/5
f 3047/2/5 3045/2/5 3046/2/5
f 3048/2/5 3038/2/5 3037/2/5
f 3049/2/5 3038/2/5 3048/2/5
f 3050/4/5 3047/4/5 3046/4/5
f 3051/2/5 3042/2/5 3041/2/5
f 3052/2/5 3042/2/5 3051/2/5
f 3053/2/5 3040/2/5 3039/2/5
f 3054/2/5 3040/2/5 3053/2/5
f 3055/2/5 3040/2/5 3054/2/5
f 3056/2/5 3036/2/5 3035/2/5
f 3057/2/5 3056/2/5 3035/2/5
f 3058/2/5 3056/2/5 3057/2/5
f 3059/2/5 3034/2/5 3033/2/5
f 3060/2/5 3034/2/5 3059/2/5
f 3061/3/5 3058/3/5 3057/3/5
f 3062/3/5 3058/3/5 3061/3/5
f 3063/3/5 3049/3/5 3048/3/5
f 3064/3/5 3049/3/5 3063/3/5
f 3065/3/5 3055/3/5 3054/3/5
f 3066/3/5 3055/3/5 3065/3/5
f 3067/3/5 3052/3/5 3051/3/5
f 3068/3/5 3052/3/5 3067/3/5
f 3069/4/5 3047/4/5 3050/4/5
f 3070/4/5 3047/4/5 3069/4/5
f 3082/5/5 3072/5/5 3071/5/5
f 3083/5/5 3072/5/5 3082/5/5
f 3084/5/5 3074/5/5 3073/5/5
f 3085/5/5 3074/5/5 3084/5/5
f 3086/5/5 3076/5/5 3075/5/5
f 3087/5/5 3076/5/5 3086/5/5
f 3088/5/5 3078/5/5 3077/5/5
f 3089/5/5 3078/5/5 3088/5/5
f 3090/5/5 3081/5/5 3080/5/5
f 3090/5/5 3080/5/5 3079/5/5
f 3091/5/5 3081/5/5 3090/5/5
f 3094/5/5 3093/5/5 3092/5/5
f 3095/5/5 3093/5/5 3094/5/5
f 3098/5/5 3097/5/5 3096/5/5
f 3099/5/5 3097/5/5 3098/5/5
f 3102/5/5 3101/5/5 3100/5/5
f 3103/5/5 3101/5/5 3102/5/5
f 3104/3/5 3103/3/5 3102/3/5
f 3105/3/5 3103/3/5 3104/3/5
f 3106/3/5 3103/3/5 3105/3/5
f 3109/3/5 3108/3/5 3107/3/5
f 3110/3/5 3108/3/5 3109/3/5
f 3113/5/5 3112/5/5 3111/5/5
f 3114/5/5 3112/5/5 3113/5/5
f 3115/5/5 3112/5/5 3114/5/5
f 3116/5/5 3112/5/5 3115/5/5
f 3119/5/5 3118/5/5 3117/5/5
f 3120/5/5 3118/5/5 3119/5/5
f 3121/5/5 3118/5/5 3120/5/5
f 3122/5/5 3118/5/5 3121/5/5
f 3125/5/5 3124/5/5 3123/5/5
f 3126/5/5 3124/5/5 3125/5/5
f 3127/5/5 3124/5/5 3126/5/5
f 3128/5/5 3124/5/5 3127/5/5
f 3131/5/5 3130/5/5 3129/5/5
f 3132/5/5 3130/5/5 3131/5/5
f 3133/5/5 3130/5/5 3132/5/5
f 3134/5/5 3130/5/5 3133/5/5
f 3137/5/5 3136/5/5 3135/5/5
f 3138/5/5 3136/5/5 3137/5/5
f 3139/5/5 3136/5/5 3138/5/5
f 3140/5/5 3136/5/5 3139/5/5
f 3153/5/5 3142/5/5 3141/5/5
f 3154/5/5 3142/5/5 3153/5/5
f 3155/5/5 3142/5/5 3154/5/5
f 3156/5/5 3142/5/5 3155/5/5
f 3157/5/5 3144/5/5 3143/5/5
f 3157/5/5 3145/5/5 3144/5/5
f 3158/5/5 3145/5/5 3157/5/5
f 3159/5/5 3145/5/5 3158/5/5
f 3160/3/5 3146/3/5 3145/3/5
f 3160/5/5 3145/5/5 3159/5/5
f 3161/3/5 3146/3/5 3160/3/5
f 3162/3/5 3148/3/5 3147/3/5
f 3163/3/5 3148/3/5 3162/3/5
f 3164/3/5 3150/3/5 3149/3/5
f 3165/3/5 3150/3/5 3164/3/5
f 3166/3/5 3152/3/5 3151/3/5
f 3167/3/5 3152/3/5 3166/3/5
f 3170/7/5 3169/7/5 3168/7/5
f 3171/7/5 3169/7/5 3170/7/5
f 3174/7/5 3173/7/5 3172/7/5
f 3175/7/5 3173/7/5 3174/7/5
f 3178/7/5 3177/7/5 3176/7/5
f 3179/7/5 3177/7/5 3178/7/5
f 3182/7/5 3181/7/5 3180/7/5
f 3183/7/5 3181/7/5 3182/7/5
f 3186/7/5 3185/7/5 3184/7/5
f 3187/7/5 3185/7/5 3186/7/5
f 3190/6/5 3189/6/5 3188/6/5
f 3191/6/5 3189/6/5 3190/6/5
f 3194/6/5 3193/6/5 3192/6/5
f 3195/6/5 3193/6/5 3194/6/5
f 3200/7/5 3197/7/5 3196/7/5
f 3201/7/5 3197/7/5 3200/7/5
f 3202/7/5 3199/7/5 3198/7/5
f 3203/7/5 3199/7/5 3202/7/5
f 3204/6/5 3201/6/5 3200/6/5
f 3205/6/5 3201/6/5 3204/6/5
f 3208/6/5 3207/6/5 3206/6/5
f 3209/6/5 3207/6/5 3208/6/5
f 3212/6/5 3211/6/5 3210/6/5
f 3213/6/5 3211/6/5 3212/6/5
f 3216/7/5 3215/7/5 3214/7/5
f 3217/7/5 3215/7/5 3216/7/5
f 3222/7/5 3219/7/5 3218/7/5
f 3223/7/5 3219/7/5 3222/7/5
f 3225/7/5 3221/7/5 3220/7/5
f 3226/7/5 3221/7/5 3225/7/5
f 3227/7/5 3225/7/5 3224/7/5
f 3228/7/5 3225/7/5 3227/7/5
f 3231/7/5 3230/7/5 3229/7/5
f 3232/7/5 3230/7/5 3231/7/5
f 3236/7/5 3234/7/5 3233/7/5
f 3237/7/5 3234/7/5 3236/7/5
f 3240/6/5 3239/6/5 3238/6/5
f 3241/6/5 3239/6/5 3240/6/5
f 3242/7/5 3236/7/5 3235/7/5
f 3243/7/5 3236/7/5 3242/7/5
f 3249/7/5 3245/7/5 3244/7/5
f 3250/6/5 3246/6/5 3245/6/5
f 3250/7/5 3245/7/5 3249/7/5
f 3251/6/5 3246/6/5 3250/6/5
f 3252/7/5 3248/7/5 3247/7/5
f 3253/7/5 3248/7/5 3252/7/5
f 3257/7/5 3255/7/5 3254/7/5
f 3258/7/5 3255/7/5 3257/7/5
f 3259/7/5 3257/7/5 3256/7/5
f 3260/7/5 3257/7/5 3259/7/5
f 3264/2/5 3262/2/5 3261/2/5
f 3265/3/5 3263/3/5 3262/3/5
f 3265/2/5 3262/2/5 3264/2/5
f 3266/2/5 3264/2/5 3261/2/5
f 3266/5/5 3265/5/5 3264/5/5
f 3267/5/5 3265/5/5 3266/5/5
f 3268/5/5 3265/5/5 3267/5/5
f 3269/5/5 3265/5/5 3268/5/5
f 3270/5/5 3265/5/5 3269/5/5
f 3271/5/5 3265/5/5 3270/5/5
f 3272/5/5 3265/5/5 3271/5/5
f 3273/3/5 3263/3/5 3265/3/5
f 3273/5/5 3265/5/5 3272/5/5
f 3274/3/5 3263/3/5 3273/3/5
f 3275/3/5 3263/3/5 3274/3/5
f 3276/3/5 3263/3/5 3275/3/5
f 3277/3/5 3263/3/5 3276/3/5
f 3278/2/5 3266/2/5 3261/2/5
f 3279/2/5 3266/2/5 3278/2/5
f 3280/5/5 3268/5/5 3267/5/5
f 3281/5/5 3268/5/5 3280/5/5
f 3282/5/5 3270/5/5 3269/5/5
f 3283/5/5 3270/5/5 3282/5/5
f 3284/5/5 3272/5/5 3271/5/5
f 3285/5/5 3272/5/5 3284/5/5
f 3287/3/5 3276/3/5 3275/3/5
f 3288/3/5 3276/3/5 3287/3/5
f 3289/3/5 3263/3/5 3277/3/5
f 3290/3/5 3263/3/5 3289/3/5
f 3291/2/5 3280/2/5 3279/2/5
f 3292/2/5 3280/2/5 3291/2/5
f 3293/2/5 3282/2/5 3281/2/5
f 3294/2/5 3282/2/5 3293/2/5
f 3295/2/5 3284/2/5 3283/2/5
f 3296/2/5 3284/2/5 3295/2/5
f 3297/2/5 3286/2/5 3285/2/5
f 3298/3/5 3287/3/5 3286/3/5
f 3298/2/5 3286/2/5 3297/2/5
f 3299/3/5 3287/3/5 3298/3/5
f 3300/3/5 3287/3/5 3299/3/5
f 3301/3/5 3289/3/5 3288/3/5
f 3302/3/5 3289/3/5 3301/3/5
f 3307/2/5 3304/2/5 3303/2/5
f 3308/2/5 3304/2/5 3307/2/5
f 3309/2/5 3304/2/5 3308/2/5
f 3312/4/5 3306/4/5 3305/4/5
f 3313/4/5 3306/4/5 3312/4/5
f 3314/4/5 3306/4/5 3313/4/5
f 3315/3/5 3312/3/5 3311/3/5
f 3316/3/5 3314/3/5 3313/3/5
f 3317/3/5 3315/3/5 3311/3/5
f 3318/3/5 3315/3/5 3317/3/5
f 3319/3/5 3314/3/5 3316/3/5
f 3320/3/5 3314/3/5 3319/3/5
f 3321/4/5 3306/4/5 3314/4/5
f 3321/3/5 3314/3/5 3320/3/5
f 3322/4/5 3306/4/5 3321/4/5
f 3323/5/5 3308/5/5 3307/5/5
f 3324/2/5 3310/2/5 3309/2/5
f 3325/2/5 3310/2/5 3324/2/5
f 3326/5/5 3323/5/5 3307/5/5
f 3326/5/5 3324/5/5 3323/5/5
f 3327/5/5 3324/5/5 3326/5/5
f 3329/2/5 3318/2/5 3317/2/5
f 3330/2/5 3318/2/5 3329/2/5
f 3331/5/5 3321/5/5 3320/5/5
f 3333/5/5 3331/5/5 3330/5/5
f 3334/5/5 3321/5/5 3331/5/5
f 3334/5/5 3331/5/5 3333/5/5
f 3335/5/5 3326/5/5 3307/5/5
f 3336/2/5 3328/2/5 3327/2/5
f 3337/2/5 3328/2/5 3336/2/5
f 3338/5/5 3335/5/5 3307/5/5
f 3338/5/5 3336/5/5 3335/5/5
f 3339/5/5 3336/5/5 3338/5/5
f 3341/5/5 3338/5/5 3307/5/5
f 3342/2/5 3340/2/5 3339/2/5
f 3343/2/5 3340/2/5 3342/2/5
f 3344/5/5 3341/5/5 3307/5/5
f 3344/5/5 3342/5/5 3341/5/5
f 3345/5/5 3342/5/5 3344/5/5
f 3347/2/5 3333/2/5 3332/2/5
f 3348/2/5 3333/2/5 3347/2/5
f 3349/5/5 3321/5/5 3334/5/5
f 3351/5/5 3349/5/5 3348/5/5
f 3352/5/5 3321/5/5 3349/5/5
f 3352/5/5 3349/5/5 3351/5/5
f 3353/5/5 3344/5/5 3307/5/5
f 3354/2/5 3346/2/5 3345/2/5
f 3355/2/5 3346/2/5 3354/2/5
f 3356/5/5 3353/5/5 3307/5/5
f 3356/5/5 3354/5/5 3353/5/5
f 3357/5/5 3354/5/5 3356/5/5
f 3359/2/5 3351/2/5 3350/2/5
f 3360/2/5 3351/2/5 3359/2/5
f 3361/5/5 3321/5/5 3352/5/5
f 3363/5/5 3361/5/5 3360/5/5
f 3364/5/5 3321/5/5 3361/5/5
f 3364/5/5 3361/5/5 3363/5/5
f 3365/2/5 3307/2/5 3303/2/5
f 3365/5/5 3356/5/5 3307/5/5
f 3366/5/5 3356/5/5 3365/5/5
f 3367/2/5 3358/2/5 3357/2/5
f 3368/2/5 3358/2/5 3367/2/5
f 3369/2/5 3363/2/5 3362/2/5
f 3370/2/5 3363/2/5 3369/2/5
f 3371/5/5 3321/5/5 3364/5/5
f 3372/2/5 3322/2/5 3321/2/5
f 3372/5/5 3321/5/5 3371/5/5
f 3373/2/5 3366/2/5 3365/2/5
f 3373/2/5 3365/2/5 3303/2/5
f 3373/2/5 3367/2/5 3366/2/5
f 3374/2/5 3367/2/5 3373/2/5
f 3375/2/5 3372/2/5 3371/2/5
f 3375/2/5 3371/2/5 3370/2/5
f 3376/2/5 3322/2/5 3372/2/5
f 3376/2/5 3372/2/5 3375/2/5
f 3387/2/5 3378/2/5 3377/2/5
f 3388/2/5 3378/2/5 3387/2/5
f 3389/2/5 3378/2/5 3388/2/5
f 3390/2/5 3378/2/5 3389/2/5
f 3391/2/5 3378/2/5 3390/2/5
f 3392/2/5 3380/2/5 3379/2/5
f 3393/2/5 3380/2/5 3392/2/5
f 3394/2/5 3380/2/5 3393/2/5
f 3395/2/5 3382/2/5 3381/2/5
f 3396/2/5 3382/2/5 3395/2/5
f 3397/2/5 3384/2/5 3383/2/5
f 3398/2/5 3384/2/5 3397/2/5
f 3399/2/5 3386/2/5 3385/2/5
f 3400/2/5 3386/2/5 3399/2/5
f 3402/5/5 3395/5/5 3394/5/5
f 3403/5/5 3397/5/5 3396/5/5
f 3404/5/5 3397/5/5 3403/5/5
f 3405/5/5 3399/5/5 3398/5/5
f 3406/5/5 3399/5/5 3405/5/5
f 3407/2/5 3401/2/5 3400/2/5
f 3420/5/5 3406/5/5 3405/5/5
f 3420/5/5 3404/5/5 3403/5/5
f 3420/5/5 3402/5/5 3394/5/5
f 3420/5/5 3403/5/5 3402/5/5
f 3420/5/5 3405/5/5 3404/5/5
f 3420/5/5 3407/5/5 3406/5/5
f 3421/2/5 3401/2/5 3407/2/5
f 3421/5/5 3407/5/5 3420/5/5
f 3422/7/5 3409/7/5 3408/7/5
f 3423/7/5 3409/7/5 3422/7/5
f 3424/7/5 3411/7/5 3410/7/5
f 3425/7/5 3411/7/5 3424/7/5
f 3426/7/5 3413/7/5 3412/7/5
f 3427/7/5 3413/7/5 3426/7/5
f 3428/7/5 3415/7/5 3414/7/5
f 3429/6/5 3416/6/5 3415/6/5
f 3429/7/5 3415/7/5 3428/7/5
f 3430/6/5 3416/6/5 3429/6/5
f 3431/7/5 3418/7/5 3417/7/5
f 3432/7/5 3418/7/5 3431/7/5
f 3433/7/5 3420/7/5 3419/7/5
f 3434/2/5 3421/2/5 3420/2/5
f 3434/7/5 3420/7/5 3433/7/5
f 3435/2/5 3401/2/5 3421/2/5
f 3435/2/5 3421/2/5 3434/2/5
f 3438/7/5 3437/7/5 3436/7/5
f 3439/7/5 3437/7/5 3438/7/5
f 3442/7/5 3441/7/5 3440/7/5
f 3443/7/5 3441/7/5 3442/7/5
f 3444/2/6 3445/2/6 3447/2/6
f 3445/3/6 3446/3/6 3448/3/6
f 3447/2/6 3445/2/6 3448/2/6
f 3444/2/6 3447/2/6 3449/2/6
f 3447/5/6 3448/5/6 3449/5/6
f 3449/5/6 3448/5/6 3450/5/6
f 3450/5/6 3448/5/6 3451/5/6
f 3451/5/6 3448/5/6 3452/5/6
f 3452/5/6 3448/5/6 3453/5/6
f 3453/5/6 3448/5/6 3454/5/6
f 3454/5/6 3448/5/6 3455/5/6
f 3455/5/6 3448/5/6 3456/5/6
f 3456/5/6 3448/5/6 3457/5/6
f 3448/3/6 3446/3/6 3458/3/6
f 3457/5/6 3448/5/6 3458/5/6
f 3458/3/6 3446/3/6 3459/3/6
f 3459/3/6 3446/3/6 3460/3/6
f 3444/2/6 3449/2/6 3461/2/6
f 3461/2/6 3449/2/6 3462/2/6
f 3450/5/6 3451/5/6 3463/5/6
f 3463/5/6 3451/5/6 3464/5/6
f 3452/5/6 3453/5/6 3465/5/6
f 3465/5/6 3453/5/6 3466/5/6
f 3454/5/6 3455/5/6 3467/5/6
f 3467/5/6 3455/5/6 3468/5/6
f 3456/5/6 3457/5/6 3469/5/6
f 3469/5/6 3457/5/6 3470/5/6
f 3460/3/6 3446/3/6 3472/3/6
f 3472/3/6 3446/3/6 3473/3/6
f 3462/2/6 3463/2/6 3474/2/6
f 3474/2/6 3463/2/6 3475/2/6
f 3464/2/6 3465/2/6 3476/2/6
f 3476/2/6 3465/2/6 3477/2/6
f 3466/2/6 3467/2/6 3478/2/6
f 3478/2/6 3467/2/6 3479/2/6
f 3468/2/6 3469/2/6 3480/2/6
f 3480/2/6 3469/2/6 3481/2/6
f 3470/2/6 3471/2/6 3482/2/6
f 3471/3/6 3472/3/6 3483/3/6
f 3482/2/6 3471/2/6 3483/2/6
f 3483/3/6 3472/3/6 3484/3/6
f 3485/2/6 3486/2/6 3489/2/6
f 3489/2/6 3486/2/6 3490/2/6
f 3490/2/6 3486/2/6 3491/2/6
f 3487/2/6 3488/2/6 3493/2/6
f 3493/2/6 3488/2/6 3494/2/6
f 3494/2/6 3488/2/6 3495/2/6
f 3489/5/6 3490/5/6 3496/5/6
f 3489/5/6 3496/5/6 3498/5/6
f 3496/5/6 3497/5/6 3498/5/6
f 3498/5/6 3497/5/6 3499/5/6
f 3492/2/6 3493/2/6 3500/2/6
f 3500/2/6 3493/2/6 3501/2/6
f 3494/5/6 3495/5/6 3502/5/6
f 3501/5/6 3502/5/6 3504/5/6
f 3502/5/6 3495/5/6 3505/5/6
f 3504/5/6 3502/5/6 3505/5/6
f 3489/5/6 3498/5/6 3506/5/6
f 3489/5/6 3506/5/6 3508/5/6
f 3506/5/6 3507/5/6 3508/5/6
f 3508/5/6 3507/5/6 3509/5/6
f 3489/5/6 3508/5/6 3510/5/6
f 3489/5/6 3510/5/6 3512/5/6
f 3510/5/6 3511/5/6 3512/5/6
f 3512/5/6 3511/5/6 3513/5/6
f 3503/2/6 3504/2/6 3514/2/6
f 3514/2/6 3504/2/6 3515/2/6
f 3505/5/6 3495/5/6 3516/5/6
f 3515/5/6 3516/5/6 3518/5/6
f 3516/5/6 3495/5/6 3519/5/6
f 3518/5/6 3516/5/6 3519/5/6
f 3517/2/6 3518/2/6 3520/2/6
f 3520/2/6 3518/2/6 3521/2/6
f 3519/5/6 3495/5/6 3522/5/6
f 3495/2/6 3488/2/6 3523/2/6
f 3522/5/6 3495/5/6 3523/5/6
f 3523/2/6 3488/2/6 3524/2/6
f 3489/5/6 3512/5/6 3525/5/6
f 3520/3/6 3521/3/6 3527/3/6
f 3525/5/6 3526/5/6 3528/5/6
f 3489/5/6 3525/5/6 3528/5/6
f 3528/5/6 3526/5/6 3529/5/6
f 3527/3/6 3521/3/6 3530/3/6
f 3530/3/6 3521/3/6 3531/3/6
f 3522/3/6 3523/3/6 3532/3/6
f 3531/3/6 3532/3/6 3534/3/6
f 3532/3/6 3523/3/6 3535/3/6
f 3534/3/6 3532/3/6 3535/3/6
f 3485/2/6 3489/2/6 3536/2/6
f 3489/5/6 3528/5/6 3536/5/6
f 3536/5/6 3528/5/6 3537/5/6
f 3533/3/6 3534/3/6 3539/3/6
f 3539/3/6 3534/3/6 3540/3/6
f 3535/3/6 3523/3/6 3541/3/6
f 3523/4/6 3524/4/6 3542/4/6
f 3541/3/6 3523/3/6 3542/3/6
f 3537/2/6 3538/2/6 3543/2/6
f 3485/2/6 3536/2/6 3543/2/6
f 3536/2/6 3537/2/6 3543/2/6
f 3543/2/6 3538/2/6 3544/2/6
f 3541/4/6 3542/4/6 3545/4/6
f 3540/4/6 3541/4/6 3545/4/6
f 3542/4/6 3524/4/6 3546/4/6
f 3545/4/6 3542/4/6 3546/4/6
f 3547/2/6 3548/2/6 3559/2/6
f 3549/5/6 3550/5/6 3560/5/6
f 3560/5/6 3550/5/6 3561/5/6
f 3551/3/6 3552/3/6 3563/3/6
f 3563/3/6 3552/3/6 3564/3/6
f 3553/3/6 3554/3/6 3565/3/6
f 3565/3/6 3554/3/6 3566/3/6
f 3555/3/6 3556/3/6 3567/3/6
f 3567/3/6 3556/3/6 3568/3/6
f 3557/4/6 3558/4/6 3569/4/6
f 3547/2/6 3559/2/6 3570/2/6
f 3561/5/6 3562/5/6 3570/5/6
f 3559/5/6 3560/5/6 3570/5/6
f 3560/5/6 3561/5/6 3570/5/6
f 3567/3/6 3568/3/6 3571/3/6
f 3570/5/6 3562/5/6 3571/5/6
f 3568/3/6 3569/3/6 3571/3/6
f 3563/3/6 3564/3/6 3571/3/6
f 3564/3/6 3565/3/6 3571/3/6
f 3565/3/6 3566/3/6 3571/3/6
f 3562/3/6 3563/3/6 3571/3/6
f 3566/3/6 3567/3/6 3571/3/6
f 3569/4/6 3558/4/6 3572/4/6
f 3571/3/6 3569/3/6 3572/3/6
f 3547/2/6 3570/2/6 3573/2/6
f 3570/2/6 3571/2/6 3573/2/6
f 3571/4/6 3572/4/6 3574/4/6
f 3573/2/6 3571/2/6 3574/2/6
f 3572/4/6 3558/4/6 3575/4/6
f 3574/4/6 3572/4/6 3575/4/6
f 3576/2/6 3577/2/6 3578/2/6
f 3578/2/6 3577/2/6 3579/2/6
f 3579/2/6 3577/2/6 3580/2/6
f 3580/2/6 3577/2/6 3581/2/6
f 3582/2/6 3583/2/6 3584/2/6
f 3584/2/6 3583/2/6 3585/2/6
f 3585/2/6 3583/2/6 3586/2/6
f 3586/2/6 3583/2/6 3587/2/6
f 3588/2/6 3589/2/6 3590/2/6
f 3590/2/6 3589/2/6 3591/2/6
f 3591/2/6 3589/2/6 3592/2/6
f 3592/2/6 3589/2/6 3593/2/6
f 3594/2/6 3595/2/6 3596/2/6
f 3596/2/6 3595/2/6 3597/2/6
f 3597/2/6 3595/2/6 3598/2/6
f 3598/2/6 3595/2/6 3599/2/6
f 3600/2/6 3601/2/6 3602/2/6
f 3602/2/6 3601/2/6 3603/2/6
f 3603/2/6 3601/2/6 3604/2/6
f 3604/2/6 3601/2/6 3605/2/6
f 3606/2/6 3607/2/6 3618/2/6
f 3618/2/6 3607/2/6 3619/2/6
f 3619/2/6 3607/2/6 3620/2/6
f 3620/2/6 3607/2/6 3621/2/6
f 3608/2/6 3609/2/6 3622/2/6
f 3622/2/6 3609/2/6 3623/2/6
f 3609/3/6 3610/3/6 3624/3/6
f 3623/2/6 3609/2/6 3624/2/6
f 3610/3/6 3611/3/6 3624/3/6
f 3624/3/6 3611/3/6 3625/3/6
f 3625/3/6 3611/3/6 3626/3/6
f 3612/3/6 3613/3/6 3627/3/6
f 3627/3/6 3613/3/6 3628/3/6
f 3614/3/6 3615/3/6 3629/3/6
f 3629/3/6 3615/3/6 3630/3/6
f 3616/3/6 3617/3/6 3631/3/6
f 3631/3/6 3617/3/6 3632/3/6
f 3633/6/6 3634/6/6 3635/6/6
f 3635/6/6 3634/6/6 3636/6/6
f 3637/6/6 3638/6/6 3639/6/6
f 3639/6/6 3638/6/6 3640/6/6
f 3641/7/6 3642/7/6 3643/7/6
f 3643/7/6 3642/7/6 3644/7/6
f 3645/7/6 3646/7/6 3647/7/6
f 3647/7/6 3646/7/6 3648/7/6
f 3649/5/6 3650/5/6 3660/5/6
f 3660/5/6 3650/5/6 3661/5/6
f 3651/5/6 3652/5/6 3662/5/6
f 3662/5/6 3652/5/6 3663/5/6
f 3653/5/6 3654/5/6 3664/5/6
f 3664/5/6 3654/5/6 3665/5/6
f 3655/5/6 3656/5/6 3666/5/6
f 3656/3/6 3657/3/6 3667/3/6
f 3666/5/6 3656/5/6 3667/5/6
f 3667/3/6 3657/3/6 3668/3/6
f 3668/3/6 3657/3/6 3669/3/6
f 3658/3/6 3659/3/6 3670/3/6
f 3670/3/6 3659/3/6 3671/3/6
f 3674/3/6 3675/3/6 3676/3/6
f 3674/3/6 3676/3/6 3677/3/6
f 3677/3/6 3676/3/6 3678/3/6
f 3672/5/6 3673/5/6 3679/5/6
f 3679/5/6 3673/5/6 3680/5/6
f 3677/5/6 3678/5/6 3683/5/6
f 3683/5/6 3678/5/6 3684/5/6
f 3681/5/6 3682/5/6 3687/5/6
f 3687/5/6 3682/5/6 3688/5/6
f 3689/5/6 3690/5/6 3691/5/6
f 3691/5/6 3690/5/6 3692/5/6
f 3685/5/6 3686/5/6 3695/5/6
f 3695/5/6 3686/5/6 3696/5/6
f 3693/5/6 3694/5/6 3699/5/6
f 3699/5/6 3694/5/6 3700/5/6
f 3697/5/6 3698/5/6 3703/5/6
f 3703/5/6 3698/5/6 3704/5/6
f 3701/5/6 3702/5/6 3707/5/6
f 3707/5/6 3702/5/6 3708/5/6
f 3705/5/6 3706/5/6 3709/5/6
f 3709/5/6 3706/5/6 3710/5/6
f 3711/5/6 3712/5/6 3721/5/6
f 3721/5/6 3712/5/6 3722/5/6
f 3722/5/6 3712/5/6 3723/5/6
f 3723/5/6 3712/5/6 3724/5/6
f 3724/5/6 3712/5/6 3725/5/6
f 3713/5/6 3714/5/6 3726/5/6
f 3726/5/6 3714/5/6 3727/5/6
f 3727/5/6 3714/5/6 3728/5/6
f 3715/5/6 3716/5/6 3729/5/6
f 3729/5/6 3716/5/6 3730/5/6
f 3717/5/6 3718/5/6 3731/5/6
f 3731/5/6 3718/5/6 3732/5/6
f 3719/5/6 3720/5/6 3733/5/6
f 3733/5/6 3720/5/6 3734/5/6
f 3735/4/6 3736/4/6 3737/4/6
f 3737/4/6 3736/4/6 3738/4/6
f 3739/4/6 3740/4/6 3741/4/6
f 3741/4/6 3740/4/6 3742/4/6
f 3742/4/6 3743/4/6 3744/4/6
f 3744/4/6 3743/4/6 3745/4/6
f 3746/4/6 3747/4/6 3748/4/6
f 3748/4/6 3747/4/6 3749/4/6
f 3749/4/6 3750/4/6 3751/4/6
f 3751/4/6 3750/4/6 3752/4/6
f 3752/4/6 3753/4/6 3754/4/6
f 3754/4/6 3753/4/6 3755/4/6
f 3756/2/6 3757/2/6 3770/2/6
f 3768/2/6 3769/2/6 3771/2/6
f 3760/2/6 3761/2/6 3772/2/6
f 3772/2/6 3761/2/6 3773/2/6
f 3772/7/6 3773/7/6 3774/7/6
f 3774/7/6 3773/7/6 3775/7/6
f 3774/2/6 3775/2/6 3776/2/6
f 3776/2/6 3775/2/6 3777/2/6
f 3776/7/6 3777/7/6 3778/7/6
f 3778/7/6 3777/7/6 3779/7/6
f 3758/2/6 3759/2/6 3780/2/6
f 3780/2/6 3759/2/6 3781/2/6
f 3762/2/6 3763/2/6 3782/2/6
f 3780/7/6 3781/7/6 3783/7/6
f 3783/7/6 3781/7/6 3784/7/6
f 3778/7/6 3779/7/6 3785/7/6
f 3785/7/6 3779/7/6 3786/7/6
f 3782/2/6 3763/2/6 3787/2/6
f 3785/2/6 3786/2/6 3788/2/6
f 3788/2/6 3786/2/6 3789/2/6
f 3770/2/6 3757/2/6 3790/2/6
f 3790/2/6 3757/2/6 3791/2/6
f 3788/2/6 3789/2/6 3792/2/6
f 3792/2/6 3789/2/6 3793/2/6
f 3790/7/6 3791/7/6 3794/7/6
f 3794/7/6 3791/7/6 3795/7/6
f 3792/7/6 3793/7/6 3796/7/6
f 3796/7/6 3793/7/6 3797/7/6
f 3768/2/6 3771/2/6 3798/2/6
f 3787/2/6 3763/2/6 3799/2/6
f 3799/2/6 3763/2/6 3800/2/6
f 3764/2/6 3765/2/6 3801/2/6
f 3801/2/6 3765/2/6 3802/2/6
f 3766/2/6 3767/2/6 3803/2/6
f 3803/2/6 3767/2/6 3804/2/6
f 3768/2/6 3798/2/6 3805/2/6
f 3805/2/6 3798/2/6 3806/2/6
f 3807/4/6 3808/4/6 3809/4/6
f 3809/4/6 3808/4/6 3810/4/6
f 3810/4/6 3811/4/6 3812/4/6
f 3812/4/6 3811/4/6 3813/4/6
f 3813/4/6 3814/4/6 3815/4/6
f 3815/4/6 3814/4/6 3816/4/6
f 3816/4/6 3817/4/6 3818/4/6
f 3818/4/6 3817/4/6 3819/4/6
f 3820/2/6 3821/2/6 3833/2/6
f 3833/2/6 3821/2/6 3834/2/6
f 3822/2/6 3823/2/6 3835/2/6
f 3835/2/6 3823/2/6 3836/2/6
f 3824/2/6 3825/2/6 3837/2/6
f 3837/2/6 3825/2/6 3838/2/6
f 3826/2/6 3827/2/6 3839/2/6
f 3839/2/6 3827/2/6 3840/2/6
f 3828/2/6 3829/2/6 3841/2/6
f 3829/2/6 3830/2/6 3841/2/6
f 3841/2/6 3830/2/6 3842/2/6
f 3831/2/6 3832/2/6 3843/2/6
f 3843/2/6 3832/2/6 3844/2/6
f 3836/2/6 3823/2/6 3845/2/6
f 3835/5/6 3836/5/6 3845/5/6
f 3845/2/6 3823/2/6 3846/2/6
f 3824/2/6 3837/2/6 3847/2/6
f 3837/5/6 3838/5/6 3848/5/6
f 3847/2/6 3837/2/6 3848/2/6
f 3822/2/6 3835/2/6 3849/2/6
f 3835/5/6 3845/5/6 3850/5/6
f 3849/2/6 3835/2/6 3850/2/6
f 3848/5/6 3838/5/6 3851/5/6
f 3851/5/6 3838/5/6 3852/5/6
f 3852/5/6 3838/5/6 3853/5/6
f 3838/2/6 3825/2/6 3854/2/6
f 3853/5/6 3838/5/6 3854/5/6
f 3854/2/6 3825/2/6 3855/2/6
f 3833/5/6 3834/5/6 3856/5/6
f 3834/2/6 3821/2/6 3857/2/6
f 3856/5/6 3834/5/6 3857/5/6
f 3857/2/6 3821/2/6 3858/2/6
f 3849/7/6 3850/7/6 3859/7/6
f 3850/5/6 3845/5/6 3860/5/6
f 3859/7/6 3850/7/6 3860/7/6
f 3860/5/6 3845/5/6 3861/5/6
f 3845/7/6 3846/7/6 3862/7/6
f 3861/5/6 3845/5/6 3862/5/6
f 3862/7/6 3846/7/6 3863/7/6
f 3848/5/6 3851/5/6 3864/5/6
f 3851/7/6 3852/7/6 3865/7/6
f 3864/5/6 3851/5/6 3865/5/6
f 3852/5/6 3853/5/6 3866/5/6
f 3865/7/6 3852/7/6 3866/7/6
f 3853/7/6 3854/7/6 3867/7/6
f 3866/5/6 3853/5/6 3867/5/6
f 3854/7/6 3855/7/6 3867/7/6
f 3867/7/6 3855/7/6 3868/7/6
f 3868/7/6 3855/7/6 3869/7/6
f 3833/5/6 3856/5/6 3870/5/6
f 3820/2/6 3833/2/6 3870/2/6
f 3858/7/6 3859/7/6 3871/7/6
f 3870/5/6 3856/5/6 3871/5/6
f 3860/7/6 3861/7/6 3871/7/6
f 3857/7/6 3858/7/6 3871/7/6
f 3856/7/6 3857/7/6 3871/7/6
f 3859/7/6 3860/7/6 3871/7/6
f 3871/7/6 3861/7/6 3872/7/6
f 3872/7/6 3861/7/6 3873/7/6
f 3873/7/6 3861/7/6 3874/7/6
f 3861/5/6 3862/5/6 3875/5/6
f 3874/7/6 3861/7/6 3875/7/6
f 3875/5/6 3862/5/6 3876/5/6
f 3862/2/6 3863/2/6 3877/2/6
f 3876/5/6 3862/5/6 3877/5/6
f 3877/2/6 3863/2/6 3878/2/6
f 3847/7/6 3848/7/6 3879/7/6
f 3848/5/6 3864/5/6 3880/5/6
f 3879/7/6 3848/7/6 3880/7/6
f 3864/7/6 3865/7/6 3881/7/6
f 3880/5/6 3864/5/6 3881/5/6
f 3866/7/6 3867/7/6 3881/7/6
f 3865/7/6 3866/7/6 3881/7/6
f 3881/7/6 3867/7/6 3882/7/6
f 3882/7/6 3867/7/6 3883/7/6
f 3867/5/6 3868/5/6 3884/5/6
f 3883/7/6 3867/7/6 3884/7/6
f 3870/7/6 3871/7/6 3885/7/6
f 3871/7/6 3872/7/6 3885/7/6
f 3885/7/6 3872/7/6 3886/7/6
f 3873/7/6 3874/7/6 3887/7/6
f 3887/7/6 3874/7/6 3888/7/6
f 3875/7/6 3876/7/6 3889/7/6
f 3876/5/6 3877/5/6 3890/5/6
f 3889/7/6 3876/7/6 3890/7/6
f 3877/7/6 3878/7/6 3891/7/6
f 3890/5/6 3877/5/6 3891/5/6
f 3882/7/6 3883/7/6 3892/7/6
f 3883/5/6 3884/5/6 3893/5/6
f 3892/7/6 3883/7/6 3893/7/6
f 3820/2/6 3870/2/6 3894/2/6
f 3870/7/6 3885/7/6 3895/7/6
f 3894/2/6 3870/2/6 3895/2/6
f 3895/7/6 3885/7/6 3896/7/6
f 3890/7/6 3891/7/6 3897/7/6
f 3897/7/6 3891/7/6 3898/7/6
f 3879/2/6 3880/2/6 3899/2/6
f 3881/5/6 3882/5/6 3900/5/6
f 3899/2/6 3880/2/6 3900/2/6
f 3880/5/6 3881/5/6 3900/5/6
f 3900/5/6 3882/5/6 3901/5/6
f 3882/7/6 3892/7/6 3902/7/6
f 3901/5/6 3882/5/6 3902/5/6
f 3898/7/6 3891/7/6 3903/7/6
f 3903/7/6 3891/7/6 3904/7/6
f 3900/5/6 3901/5/6 3905/5/6
f 3899/7/6 3900/7/6 3905/7/6
f 3905/5/6 3901/5/6 3906/5/6
f 3901/7/6 3902/7/6 3907/7/6
f 3906/5/6 3901/5/6 3907/5/6
f 3902/7/6 3892/7/6 3908/7/6
f 3907/7/6 3902/7/6 3908/7/6
f 3892/5/6 3893/5/6 3908/5/6
f 3894/7/6 3895/7/6 3910/7/6
f 3910/7/6 3895/7/6 3911/7/6
f 3904/7/6 3891/7/6 3912/7/6
f 3912/7/6 3891/7/6 3913/7/6
f 3906/5/6 3907/5/6 3914/5/6
f 3905/7/6 3906/7/6 3914/7/6
f 3907/5/6 3908/5/6 3914/5/6
f 3914/5/6 3908/5/6 3915/5/6
f 3913/7/6 3891/7/6 3916/7/6
f 3891/7/6 3878/7/6 3917/7/6
f 3916/7/6 3891/7/6 3917/7/6
f 3915/5/6 3908/5/6 3918/5/6
f 3914/7/6 3915/7/6 3918/7/6
f 3908/5/6 3893/5/6 3919/5/6
f 3918/5/6 3908/5/6 3919/5/6
f 3909/7/6 3910/7/6 3920/7/6
f 3920/7/6 3910/7/6 3921/7/6
f 3899/7/6 3905/7/6 3925/7/6
f 3918/7/6 3919/7/6 3925/7/6
f 3905/7/6 3914/7/6 3925/7/6
f 3914/7/6 3918/7/6 3925/7/6
f 3925/7/6 3919/7/6 3926/7/6
f 3919/5/6 3893/5/6 3927/5/6
f 3926/7/6 3919/7/6 3927/7/6
f 3893/5/6 3884/5/6 3928/5/6
f 3927/5/6 3893/5/6 3928/5/6
f 3884/5/6 3868/5/6 3928/5/6
f 3868/2/6 3869/2/6 3929/2/6
f 3928/5/6 3868/5/6 3929/5/6
f 3839/5/6 3840/5/6 3930/5/6
f 3826/2/6 3839/2/6 3930/2/6
f 3840/2/6 3827/2/6 3931/2/6
f 3930/5/6 3840/5/6 3931/5/6
f 3828/2/6 3841/2/6 3932/2/6
f 3841/5/6 3842/5/6 3932/5/6
f 3842/2/6 3830/2/6 3933/2/6
f 3932/5/6 3842/5/6 3933/5/6
f 3843/5/6 3844/5/6 3934/5/6
f 3831/2/6 3843/2/6 3934/2/6
f 3844/2/6 3832/2/6 3935/2/6
f 3934/5/6 3844/5/6 3935/5/6
f 3922/7/6 3923/7/6 3936/7/6
f 3923/2/6 3924/2/6 3937/2/6
f 3936/7/6 3923/7/6 3937/7/6
f 3937/2/6 3924/2/6 3938/2/6
f 3927/7/6 3928/7/6 3939/7/6
f 3926/7/6 3927/7/6 3939/7/6
f 3928/2/6 3929/2/6 3940/2/6
f 3939/7/6 3928/7/6 3940/7/6
f 3929/2/6 3869/2/6 3941/2/6
f 3940/2/6 3929/2/6 3941/2/6
f 3826/2/6 3930/2/6 3942/2/6
f 3930/2/6 3931/2/6 3942/2/6
f 3931/2/6 3827/2/6 3943/2/6
f 3942/2/6 3931/2/6 3943/2/6
f 3828/2/6 3932/2/6 3944/2/6
f 3932/2/6 3933/2/6 3944/2/6
f 3933/2/6 3830/2/6 3945/2/6
f 3944/2/6 3933/2/6 3945/2/6
f 3831/2/6 3934/2/6 3946/2/6
f 3934/2/6 3935/2/6 3946/2/6
f 3935/2/6 3832/2/6 3947/2/6
f 3946/2/6 3935/2/6 3947/2/6
f 3948/4/6 3949/4/6 3950/4/6
f 3950/4/6 3949/4/6 3951/4/6
f 3951/4/6 3952/4/6 3953/4/6
f 3953/4/6 3952/4/6 3954/4/6
f 3954/4/6 3955/4/6 3956/4/6
f 3956/4/6 3955/4/6 3957/4/6
f 3958/7/6 3959/7/6 3963/7/6
f 3963/7/6 3959/7/6 3964/7/6
f 3960/7/6 3961/7/6 3965/7/6
f 3965/7/6 3961/7/6 3966/7/6
f 3963/7/6 3964/7/6 3969/7/6
f 3966/7/6 3967/7/6 3969/7/6
f 3965/7/6 3966/7/6 3969/7/6
f 3964/7/6 3965/7/6 3969/7/6
f 3962/7/6 3963/7/6 3969/7/6
f 3969/7/6 3967/7/6 3970/7/6
f 3968/7/6 3969/7/6 3974/7/6
f 3974/7/6 3969/7/6 3975/7/6
f 3971/7/6 3972/7/6 3976/7/6
f 3973/7/6 3974/7/6 3978/7/6
f 3978/7/6 3974/7/6 3979/7/6
f 3976/7/6 3977/7/6 3980/7/6
f 3971/7/6 3976/7/6 3980/7/6
f 3980/7/6 3977/7/6 3981/7/6
f 3981/7/6 3982/7/6 3983/7/6
f 3981/7/6 3983/7/6 3987/7/6
f 3983/7/6 3984/7/6 3987/7/6
f 3987/7/6 3984/7/6 3988/7/6
f 3985/4/6 3986/4/6 3989/4/6
f 3989/4/6 3986/4/6 3990/4/6
f 3991/4/6 3992/4/6 3994/4/6
f 3992/7/6 3993/7/6 3995/7/6
f 3994/4/6 3992/4/6 3995/4/6
f 3995/7/6 3993/7/6 3996/7/6
f 3995/4/6 3996/4/6 3997/4/6
f 3997/4/6 3996/4/6 3998/4/6
f 3999/4/6 4000/4/6 4001/4/6
f 4001/4/6 4000/4/6 4002/4/6
f 4003/2/6 4004/2/6 4006/2/6
f 4006/2/6 4004/2/6 4007/2/6
f 4007/2/6 4004/2/6 4008/2/6
f 4004/3/6 4005/3/6 4009/3/6
f 4008/2/6 4004/2/6 4009/2/6
f 4006/5/6 4007/5/6 4010/5/6
f 4010/5/6 4007/5/6 4011/5/6
f 4008/5/6 4009/5/6 4012/5/6
f 4012/5/6 4009/5/6 4013/5/6
f 4009/3/6 4005/3/6 4014/3/6
f 4013/5/6 4009/5/6 4014/5/6
f 4014/3/6 4005/3/6 4015/3/6
f 4006/5/6 4010/5/6 4016/5/6
f 4010/1/6 4011/1/6 4016/1/6
f 4011/5/6 4007/5/6 4017/5/6
f 4016/1/6 4011/1/6 4017/1/6
f 4012/1/6 4013/1/6 4018/1/6
f 4008/5/6 4012/5/6 4018/5/6
f 4014/5/6 4015/5/6 4019/5/6
f 4018/1/6 4013/1/6 4019/1/6
f 4013/5/6 4014/5/6 4019/5/6
f 4015/3/6 4005/3/6 4020/3/6
f 4019/5/6 4015/5/6 4020/5/6
f 4020/3/6 4005/3/6 4021/3/6
f 4007/2/6 4008/2/6 4022/2/6
f 4018/5/6 4019/5/6 4022/5/6
f 4020/5/6 4021/5/6 4022/5/6
f 4019/5/6 4020/5/6 4022/5/6
f 4008/5/6 4018/5/6 4022/5/6
f 4021/3/6 4005/3/6 4023/3/6
f 4022/5/6 4021/5/6 4023/5/6
f 4023/3/6 4005/3/6 4024/3/6
f 4024/3/6 4005/3/6 4025/3/6
f 4025/3/6 4005/3/6 4026/3/6
f 4007/2/6 4022/2/6 4027/2/6
f 4022/2/6 4023/2/6 4027/2/6
f 4023/2/6 4024/2/6 4027/2/6
f 4024/3/6 4025/3/6 4028/3/6
f 4027/2/6 4024/2/6 4028/2/6
f 4028/3/6 4025/3/6 4029/3/6
f 4029/3/6 4025/3/6 4030/3/6
f 4030/3/6 4025/3/6 4031/3/6
f 4030/2/6 4031/2/6 4032/2/6
f 4031/3/6 4025/3/6 4032/3/6
f 4032/3/6 4025/3/6 4033/3/6
f 4032/5/6 4033/5/6 4034/5/6
f 4033/3/6 4025/3/6 4034/3/6
f 4025/4/6 4026/4/6 4035/4/6
f 4034/3/6 4025/3/6 4035/3/6
f 4035/4/6 4026/4/6 4036/4/6
f 4003/2/6 4006/2/6 4039/2/6
f 4006/5/6 4016/5/6 4039/5/6
f 4016/5/6 4017/5/6 4039/5/6
f 4017/5/6 4007/5/6 4040/5/6
f 4039/5/6 4017/5/6 4040/5/6
f 4007/2/6 4027/2/6 4040/2/6
f 4040/2/6 4027/2/6 4041/2/6
f 4003/2/6 4039/2/6 4042/2/6
f 4039/7/6 4040/7/6 4043/7/6
f 4042/2/6 4039/2/6 4043/2/6
f 4040/7/6 4041/7/6 4043/7/6
f 4043/7/6 4041/7/6 4044/7/6
f 4037/7/6 4038/7/6 4047/7/6
f 4044/7/6 4045/7/6 4048/7/6
f 4043/7/6 4044/7/6 4048/7/6
f 4042/7/6 4043/7/6 4048/7/6
f 4046/7/6 4047/7/6 4049/7/6
f 4047/7/6 4038/7/6 4050/7/6
f 4049/7/6 4047/7/6 4050/7/6
f 4042/7/6 4048/7/6 4052/7/6
f 4050/7/6 4051/7/6 4052/7/6
f 4049/7/6 4050/7/6 4052/7/6
f 4048/7/6 4049/7/6 4052/7/6
f 4052/7/6 4051/7/6 4053/7/6
f 4052/2/6 4053/2/6 4054/2/6
f 4053/7/6 4051/7/6 4055/7/6
f 4054/2/6 4053/2/6 4055/2/6
f 4055/7/6 4051/7/6 4056/7/6
f 4056/7/6 4051/7/6 4057/7/6
f 4057/7/6 4051/7/6 4058/7/6
f 4058/7/6 4051/7/6 4059/7/6
f 4059/7/6 4051/7/6 4060/7/6
f 4060/7/6 4051/7/6 4061/7/6
f 4030/2/6 4032/2/6 4063/2/6
f 4055/4/6 4056/4/6 4064/4/6
f 4056/7/6 4057/7/6 4065/7/6
f 4064/4/6 4056/4/6 4065/4/6
f 4065/7/6 4057/7/6 4066/7/6
f 4057/2/6 4058/2/6 4067/2/6
f 4066/7/6 4057/7/6 4067/7/6
f 4058/7/6 4059/7/6 4068/7/6
f 4067/2/6 4058/2/6 4068/2/6
f 4059/2/6 4060/2/6 4069/2/6
f 4068/7/6 4059/7/6 4069/7/6
f 4061/7/6 4062/7/6 4070/7/6
f 4069/2/6 4060/2/6 4070/2/6
f 4060/7/6 4061/7/6 4070/7/6
f 4070/7/6 4062/7/6 4071/7/6
f 4062/2/6 4063/2/6 4072/2/6
f 4071/7/6 4062/7/6 4072/7/6
f 4072/2/6 4063/2/6 4073/2/6
f 4068/7/6 4069/7/6 4074/7/6
f 4070/7/6 4071/7/6 4074/7/6
f 4066/7/6 4067/7/6 4074/7/6
f 4069/7/6 4070/7/6 4074/7/6
f 4067/7/6 4068/7/6 4074/7/6
f 4074/7/6 4071/7/6 4075/7/6
f 4075/7/6 4071/7/6 4076/7/6
f 4076/7/6 4071/7/6 4077/7/6
f 4077/7/6 4071/7/6 4078/7/6
f 4072/5/6 4073/5/6 4079/5/6
f 4071/5/6 4072/5/6 4079/5/6
f 4079/5/6 4073/5/6 4080/5/6
f 4032/5/6 4034/5/6 4081/5/6
f 4034/5/6 4035/5/6 4081/5/6
f 4081/5/6 4035/5/6 4082/5/6
f 4066/7/6 4074/7/6 4083/7/6
f 4083/7/6 4074/7/6 4084/7/6
f 4074/1/6 4075/1/6 4085/1/6
f 4084/7/6 4074/7/6 4085/7/6
f 4075/5/6 4076/5/6 4086/5/6
f 4085/1/6 4075/1/6 4086/1/6
f 4076/7/6 4077/7/6 4087/7/6
f 4087/7/6 4077/7/6 4088/7/6
f 4088/7/6 4077/7/6 4089/7/6
f 4077/6/6 4078/6/6 4090/6/6
f 4089/7/6 4077/7/6 4090/7/6
f 4079/1/6 4080/1/6 4091/1/6
f 4071/5/6 4079/5/6 4091/5/6
f 4080/5/6 4073/5/6 4092/5/6
f 4091/1/6 4080/1/6 4092/1/6
f 4032/5/6 4081/5/6 4093/5/6
f 4081/1/6 4082/1/6 4093/1/6
f 4082/5/6 4035/5/6 4094/5/6
f 4093/1/6 4082/1/6 4094/1/6
f 4083/4/6 4084/4/6 4095/4/6
f 4084/7/6 4085/7/6 4096/7/6
f 4095/4/6 4084/4/6 4096/4/6
f 4085/5/6 4086/5/6 4097/5/6
f 4096/7/6 4085/7/6 4097/7/6
f 4086/5/6 4076/5/6 4098/5/6
f 4097/5/6 4086/5/6 4098/5/6
f 4076/7/6 4087/7/6 4098/7/6
f 4087/5/6 4088/5/6 4099/5/6
f 4098/7/6 4087/7/6 4099/7/6
f 4088/7/6 4089/7/6 4100/7/6
f 4099/5/6 4088/5/6 4100/5/6
f 4100/7/6 4089/7/6 4101/7/6
f 4089/6/6 4090/6/6 4102/6/6
f 4101/7/6 4089/7/6 4102/7/6
f 4090/6/6 4078/6/6 4103/6/6
f 4102/6/6 4090/6/6 4103/6/6
f 4078/7/6 4071/7/6 4103/7/6
f 4103/7/6 4071/7/6 4104/7/6
f 4104/7/6 4071/7/6 4105/7/6
f 4071/5/6 4091/5/6 4106/5/6
f 4105/7/6 4071/7/6 4106/7/6
f 4091/5/6 4092/5/6 4106/5/6
f 4073/2/6 4063/2/6 4107/2/6
f 4106/5/6 4092/5/6 4107/5/6
f 4092/5/6 4073/5/6 4107/5/6
f 4063/2/6 4032/2/6 4108/2/6
f 4107/2/6 4063/2/6 4108/2/6
f 4032/5/6 4093/5/6 4108/5/6
f 4093/5/6 4094/5/6 4108/5/6
f 4035/2/6 4036/2/6 4109/2/6
f 4108/5/6 4094/5/6 4109/5/6
f 4094/5/6 4035/5/6 4109/5/6
f 4099/7/6 4100/7/6 4110/7/6
f 4098/7/6 4099/7/6 4110/7/6
f 4097/7/6 4098/7/6 4110/7/6
f 4096/7/6 4097/7/6 4110/7/6
f 4100/7/6 4101/7/6 4110/7/6
f 4101/6/6 4102/6/6 4111/6/6
f 4110/7/6 4101/7/6 4111/7/6
f 4103/6/6 4104/6/6 4111/6/6
f 4102/6/6 4103/6/6 4111/6/6
f 4104/7/6 4105/7/6 4112/7/6
f 4111/6/6 4104/6/6 4112/6/6
f 4107/2/6 4108/2/6 4113/2/6
f 4112/7/6 4105/7/6 4113/7/6
f 4105/2/6 4106/2/6 4113/2/6
f 4106/2/6 4107/2/6 4113/2/6
f 4108/2/6 4109/2/6 4113/2/6
f 4109/2/6 4036/2/6 4114/2/6
f 4113/2/6 4109/2/6 4114/2/6
